{
  "tmp/robo-sumo-ants-v0/20260603_113517": {
    "train_R_eps_avg": {
      "path": "reports/selfplay_fixed_ant/curves/20260603_113517__train_R_eps_avg.svg",
      "points": [
        [
          0,
          73.1666488647461
        ],
        [
          1,
          68.5480728149414
        ],
        [
          2,
          356.80120849609375
        ],
        [
          3,
          139.10549926757812
        ],
        [
          4,
          355.73907470703125
        ],
        [
          5,
          534.2824096679688
        ],
        [
          6,
          433.65087890625
        ],
        [
          7,
          365.2723693847656
        ],
        [
          8,
          410.14129638671875
        ],
        [
          9,
          354.3963317871094
        ],
        [
          10,
          313.61187744140625
        ],
        [
          11,
          463.15460205078125
        ],
        [
          12,
          -168.7698974609375
        ],
        [
          13,
          590.19580078125
        ],
        [
          14,
          562.0903930664062
        ],
        [
          15,
          451.0299072265625
        ],
        [
          16,
          -146.3746795654297
        ],
        [
          17,
          734.9183349609375
        ],
        [
          18,
          144.4415283203125
        ],
        [
          19,
          451.76361083984375
        ],
        [
          20,
          169.6178741455078
        ],
        [
          21,
          485.4950866699219
        ],
        [
          22,
          1053.0460205078125
        ],
        [
          23,
          785.0673217773438
        ],
        [
          24,
          72.56855773925781
        ],
        [
          25,
          148.68331909179688
        ],
        [
          26,
          397.39239501953125
        ],
        [
          27,
          562.9168701171875
        ],
        [
          28,
          425.5364685058594
        ],
        [
          29,
          796.4138793945312
        ],
        [
          30,
          222.9478302001953
        ],
        [
          31,
          209.8758544921875
        ],
        [
          32,
          674.048583984375
        ],
        [
          33,
          154.25662231445312
        ],
        [
          34,
          308.2221374511719
        ],
        [
          35,
          265.82061767578125
        ],
        [
          36,
          181.0183563232422
        ],
        [
          37,
          435.6562805175781
        ],
        [
          38,
          297.9747009277344
        ],
        [
          39,
          713.9133911132812
        ],
        [
          40,
          667.32421875
        ],
        [
          41,
          361.6821594238281
        ],
        [
          42,
          326.2725830078125
        ],
        [
          43,
          813.214111328125
        ],
        [
          44,
          505.4316711425781
        ],
        [
          45,
          413.30535888671875
        ],
        [
          46,
          162.25003051757812
        ],
        [
          47,
          240.60043334960938
        ],
        [
          48,
          398.1377868652344
        ],
        [
          49,
          434.8623352050781
        ],
        [
          50,
          311.0960693359375
        ],
        [
          51,
          341.9573974609375
        ],
        [
          52,
          692.987060546875
        ],
        [
          53,
          162.08766174316406
        ],
        [
          54,
          634.0388793945312
        ],
        [
          55,
          291.17352294921875
        ],
        [
          56,
          484.6278076171875
        ],
        [
          57,
          414.3438415527344
        ],
        [
          58,
          539.2914428710938
        ],
        [
          59,
          673.1874389648438
        ],
        [
          60,
          589.6842651367188
        ],
        [
          61,
          216.90811157226562
        ],
        [
          62,
          357.7275390625
        ],
        [
          63,
          182.41287231445312
        ],
        [
          64,
          363.3927001953125
        ],
        [
          65,
          38.22819137573242
        ],
        [
          66,
          492.8705749511719
        ],
        [
          67,
          527.8143310546875
        ],
        [
          68,
          30.613431930541992
        ],
        [
          69,
          136.18734741210938
        ],
        [
          70,
          242.95718383789062
        ],
        [
          71,
          238.25662231445312
        ],
        [
          72,
          585.6721801757812
        ],
        [
          73,
          286.83245849609375
        ],
        [
          74,
          240.48011779785156
        ],
        [
          75,
          868.0572509765625
        ],
        [
          76,
          257.1505126953125
        ],
        [
          77,
          585.9705200195312
        ],
        [
          78,
          361.1592712402344
        ],
        [
          79,
          101.26338195800781
        ],
        [
          80,
          411.0699462890625
        ],
        [
          81,
          397.2427673339844
        ],
        [
          82,
          117.26811981201172
        ],
        [
          83,
          222.60406494140625
        ],
        [
          84,
          315.0144348144531
        ],
        [
          85,
          237.310791015625
        ],
        [
          86,
          297.0757141113281
        ],
        [
          87,
          305.5848388671875
        ],
        [
          88,
          132.51449584960938
        ],
        [
          89,
          453.74346923828125
        ],
        [
          90,
          251.73683166503906
        ],
        [
          91,
          238.3328857421875
        ],
        [
          92,
          313.0510559082031
        ],
        [
          93,
          201.2967529296875
        ],
        [
          94,
          53.61907196044922
        ],
        [
          95,
          517.9324340820312
        ],
        [
          96,
          128.1931610107422
        ],
        [
          97,
          287.7026062011719
        ],
        [
          98,
          551.66796875
        ],
        [
          99,
          221.1953887939453
        ],
        [
          100,
          445.4849548339844
        ],
        [
          101,
          103.68962860107422
        ],
        [
          102,
          672.8517456054688
        ],
        [
          103,
          202.18629455566406
        ],
        [
          104,
          143.42323303222656
        ],
        [
          105,
          417.8550720214844
        ],
        [
          106,
          290.4468078613281
        ],
        [
          107,
          64.16034698486328
        ],
        [
          108,
          371.8384094238281
        ],
        [
          109,
          263.4776916503906
        ],
        [
          110,
          328.6656188964844
        ],
        [
          111,
          323.1112060546875
        ],
        [
          112,
          448.494384765625
        ],
        [
          113,
          142.54690551757812
        ],
        [
          114,
          576.2625732421875
        ],
        [
          115,
          433.1462097167969
        ],
        [
          116,
          233.28726196289062
        ],
        [
          117,
          490.3782653808594
        ],
        [
          118,
          231.02420043945312
        ],
        [
          119,
          267.13177490234375
        ],
        [
          120,
          279.873291015625
        ],
        [
          121,
          412.36016845703125
        ],
        [
          122,
          182.70960998535156
        ],
        [
          123,
          219.17437744140625
        ],
        [
          124,
          274.7459411621094
        ],
        [
          125,
          297.38421630859375
        ],
        [
          126,
          449.65777587890625
        ],
        [
          127,
          212.15150451660156
        ],
        [
          128,
          231.3716583251953
        ],
        [
          129,
          130.87796020507812
        ],
        [
          130,
          528.1403198242188
        ],
        [
          131,
          726.5487670898438
        ],
        [
          132,
          512.1932373046875
        ],
        [
          133,
          126.9949951171875
        ],
        [
          134,
          212.865478515625
        ],
        [
          135,
          344.29827880859375
        ],
        [
          136,
          11.81911563873291
        ],
        [
          137,
          354.4015808105469
        ],
        [
          138,
          335.5948486328125
        ],
        [
          139,
          247.83023071289062
        ],
        [
          140,
          282.7391662597656
        ],
        [
          141,
          435.1763916015625
        ],
        [
          142,
          495.13226318359375
        ],
        [
          143,
          371.1896667480469
        ],
        [
          144,
          378.64971923828125
        ],
        [
          145,
          319.10009765625
        ],
        [
          146,
          178.1150360107422
        ],
        [
          147,
          266.79779052734375
        ],
        [
          148,
          173.4091033935547
        ],
        [
          149,
          452.5278625488281
        ],
        [
          150,
          441.36572265625
        ],
        [
          151,
          139.96389770507812
        ],
        [
          152,
          200.62417602539062
        ],
        [
          153,
          210.89198303222656
        ],
        [
          154,
          54.15473556518555
        ],
        [
          155,
          72.30032348632812
        ],
        [
          156,
          306.9249572753906
        ],
        [
          157,
          78.81102752685547
        ],
        [
          158,
          461.4624938964844
        ],
        [
          159,
          333.4222717285156
        ],
        [
          160,
          -17.15668487548828
        ],
        [
          161,
          304.84979248046875
        ],
        [
          162,
          219.13731384277344
        ],
        [
          163,
          243.20782470703125
        ],
        [
          164,
          533.6658935546875
        ],
        [
          165,
          154.02020263671875
        ],
        [
          166,
          48.99320602416992
        ],
        [
          167,
          224.66134643554688
        ],
        [
          168,
          129.78982543945312
        ],
        [
          169,
          429.20477294921875
        ],
        [
          170,
          232.7037353515625
        ],
        [
          171,
          102.67761993408203
        ],
        [
          172,
          380.7388610839844
        ],
        [
          173,
          267.0810852050781
        ],
        [
          174,
          258.1341857910156
        ],
        [
          175,
          268.7955322265625
        ],
        [
          176,
          120.52613830566406
        ],
        [
          177,
          373.7616882324219
        ],
        [
          178,
          381.8095397949219
        ],
        [
          179,
          139.2568359375
        ],
        [
          180,
          308.3918151855469
        ],
        [
          181,
          447.0733337402344
        ],
        [
          182,
          21.775482177734375
        ],
        [
          183,
          411.63848876953125
        ],
        [
          184,
          429.6750793457031
        ],
        [
          185,
          507.9924011230469
        ],
        [
          186,
          405.96710205078125
        ],
        [
          187,
          232.35206604003906
        ],
        [
          188,
          365.93243408203125
        ],
        [
          189,
          350.8638000488281
        ],
        [
          190,
          154.37918090820312
        ],
        [
          191,
          261.6753234863281
        ],
        [
          192,
          438.79656982421875
        ],
        [
          193,
          209.8972930908203
        ],
        [
          194,
          92.15432739257812
        ],
        [
          195,
          592.67822265625
        ],
        [
          196,
          288.5145263671875
        ],
        [
          197,
          390.259033203125
        ],
        [
          198,
          432.4881896972656
        ],
        [
          199,
          299.02337646484375
        ],
        [
          200,
          330.9121398925781
        ],
        [
          201,
          342.4226379394531
        ],
        [
          202,
          132.72755432128906
        ],
        [
          203,
          308.3893737792969
        ],
        [
          204,
          444.2450866699219
        ],
        [
          205,
          231.56790161132812
        ],
        [
          206,
          119.9863052368164
        ],
        [
          207,
          481.14385986328125
        ],
        [
          208,
          398.6807861328125
        ],
        [
          209,
          610.6080932617188
        ],
        [
          210,
          208.37802124023438
        ],
        [
          211,
          116.43778991699219
        ],
        [
          212,
          266.5227355957031
        ],
        [
          213,
          393.01129150390625
        ],
        [
          214,
          324.5674743652344
        ],
        [
          215,
          518.0219116210938
        ],
        [
          216,
          291.8394775390625
        ],
        [
          217,
          271.7948913574219
        ],
        [
          218,
          288.5484619140625
        ],
        [
          219,
          203.40145874023438
        ],
        [
          220,
          484.3086853027344
        ],
        [
          221,
          94.90670776367188
        ],
        [
          222,
          522.0769653320312
        ],
        [
          223,
          361.4447326660156
        ],
        [
          224,
          280.5351257324219
        ],
        [
          225,
          580.8367919921875
        ],
        [
          226,
          244.17051696777344
        ],
        [
          227,
          375.58831787109375
        ],
        [
          228,
          347.8697814941406
        ],
        [
          229,
          384.6051025390625
        ],
        [
          230,
          378.0532531738281
        ],
        [
          231,
          452.06842041015625
        ],
        [
          232,
          363.5333251953125
        ],
        [
          233,
          495.052001953125
        ],
        [
          234,
          446.0082092285156
        ],
        [
          235,
          282.8011779785156
        ],
        [
          236,
          401.0298156738281
        ],
        [
          237,
          263.0265197753906
        ],
        [
          238,
          160.9155731201172
        ],
        [
          239,
          442.7381896972656
        ],
        [
          240,
          265.927734375
        ],
        [
          241,
          664.8856811523438
        ],
        [
          242,
          291.8371276855469
        ],
        [
          243,
          414.32574462890625
        ],
        [
          244,
          423.83154296875
        ],
        [
          245,
          456.6190185546875
        ],
        [
          246,
          300.1915283203125
        ],
        [
          247,
          256.3358459472656
        ],
        [
          248,
          416.1799621582031
        ],
        [
          249,
          307.5810546875
        ],
        [
          250,
          433.2225341796875
        ],
        [
          251,
          105.47103118896484
        ],
        [
          252,
          286.4848327636719
        ],
        [
          253,
          442.0712890625
        ],
        [
          254,
          306.3110046386719
        ],
        [
          255,
          419.3992614746094
        ],
        [
          256,
          523.3851318359375
        ],
        [
          257,
          415.1097412109375
        ],
        [
          258,
          243.89845275878906
        ],
        [
          259,
          293.702880859375
        ],
        [
          260,
          347.9700927734375
        ],
        [
          261,
          660.13916015625
        ],
        [
          262,
          483.4910888671875
        ],
        [
          263,
          343.29168701171875
        ],
        [
          264,
          167.87022399902344
        ],
        [
          265,
          521.6802368164062
        ],
        [
          266,
          316.1492919921875
        ],
        [
          267,
          313.2359924316406
        ],
        [
          268,
          110.28575134277344
        ],
        [
          269,
          415.05438232421875
        ],
        [
          270,
          271.5064392089844
        ],
        [
          271,
          330.317626953125
        ],
        [
          272,
          411.7213134765625
        ],
        [
          273,
          455.9205017089844
        ],
        [
          274,
          282.0537109375
        ],
        [
          275,
          253.29673767089844
        ],
        [
          276,
          471.46673583984375
        ],
        [
          277,
          508.96392822265625
        ],
        [
          278,
          108.90931701660156
        ],
        [
          279,
          341.5212707519531
        ],
        [
          280,
          331.5757141113281
        ],
        [
          281,
          471.6492614746094
        ],
        [
          282,
          353.8177795410156
        ],
        [
          283,
          321.7255554199219
        ],
        [
          284,
          356.3678283691406
        ],
        [
          285,
          441.64300537109375
        ],
        [
          286,
          209.47726440429688
        ],
        [
          287,
          330.2166748046875
        ],
        [
          288,
          333.11981201171875
        ],
        [
          289,
          322.4227600097656
        ],
        [
          290,
          226.6609649658203
        ],
        [
          291,
          563.1210327148438
        ],
        [
          292,
          490.774658203125
        ],
        [
          293,
          496.96405029296875
        ],
        [
          294,
          282.9320983886719
        ],
        [
          295,
          422.96307373046875
        ],
        [
          296,
          401.40264892578125
        ],
        [
          297,
          338.8359375
        ],
        [
          298,
          13.644700050354004
        ],
        [
          299,
          299.4404602050781
        ],
        [
          300,
          293.8343811035156
        ],
        [
          301,
          433.46728515625
        ],
        [
          302,
          180.51361083984375
        ],
        [
          303,
          545.9788208007812
        ],
        [
          304,
          434.1407165527344
        ],
        [
          305,
          501.575927734375
        ],
        [
          306,
          570.11572265625
        ],
        [
          307,
          699.4209594726562
        ],
        [
          308,
          679.6015625
        ],
        [
          309,
          484.9179382324219
        ],
        [
          310,
          571.9986572265625
        ],
        [
          311,
          216.0746307373047
        ],
        [
          312,
          431.957275390625
        ],
        [
          313,
          592.5733032226562
        ],
        [
          314,
          448.34368896484375
        ],
        [
          315,
          282.49932861328125
        ],
        [
          316,
          696.8614501953125
        ],
        [
          317,
          313.7667541503906
        ],
        [
          318,
          412.8004150390625
        ],
        [
          319,
          542.3297729492188
        ],
        [
          320,
          341.4288635253906
        ],
        [
          321,
          173.3385467529297
        ],
        [
          322,
          325.0963439941406
        ],
        [
          323,
          342.9382019042969
        ],
        [
          324,
          683.572021484375
        ],
        [
          325,
          391.3506164550781
        ],
        [
          326,
          426.3153076171875
        ],
        [
          327,
          376.627197265625
        ],
        [
          328,
          299.9833068847656
        ],
        [
          329,
          425.93994140625
        ],
        [
          330,
          608.613037109375
        ],
        [
          331,
          372.5741882324219
        ],
        [
          332,
          629.020751953125
        ],
        [
          333,
          600.8099975585938
        ],
        [
          334,
          507.9737854003906
        ],
        [
          335,
          576.3803100585938
        ],
        [
          336,
          443.4566345214844
        ],
        [
          337,
          578.2501220703125
        ],
        [
          338,
          279.371826171875
        ],
        [
          339,
          446.5112609863281
        ],
        [
          340,
          327.52362060546875
        ],
        [
          341,
          446.2409973144531
        ],
        [
          342,
          512.4592895507812
        ],
        [
          343,
          413.6783447265625
        ],
        [
          344,
          833.3988037109375
        ],
        [
          345,
          717.7953491210938
        ],
        [
          346,
          26.838838577270508
        ],
        [
          347,
          420.30426025390625
        ],
        [
          348,
          582.2308349609375
        ],
        [
          349,
          324.8254089355469
        ],
        [
          350,
          144.51075744628906
        ],
        [
          351,
          410.9480895996094
        ],
        [
          352,
          479.3808898925781
        ],
        [
          353,
          139.39356994628906
        ],
        [
          354,
          520.4459838867188
        ],
        [
          355,
          496.0566101074219
        ],
        [
          356,
          576.53515625
        ],
        [
          357,
          474.2543029785156
        ],
        [
          358,
          668.2646484375
        ],
        [
          359,
          448.5283508300781
        ],
        [
          360,
          457.17803955078125
        ],
        [
          361,
          123.80996704101562
        ],
        [
          362,
          381.6542663574219
        ],
        [
          363,
          399.52374267578125
        ],
        [
          364,
          498.64837646484375
        ],
        [
          365,
          392.35357666015625
        ],
        [
          366,
          612.0128173828125
        ],
        [
          367,
          377.2174072265625
        ],
        [
          368,
          413.4649963378906
        ],
        [
          369,
          448.5537414550781
        ],
        [
          370,
          299.860107421875
        ],
        [
          371,
          475.1456298828125
        ],
        [
          372,
          509.37896728515625
        ],
        [
          373,
          596.1390380859375
        ],
        [
          374,
          604.7700805664062
        ],
        [
          375,
          457.25250244140625
        ],
        [
          376,
          446.97442626953125
        ],
        [
          377,
          728.957763671875
        ],
        [
          378,
          371.78076171875
        ],
        [
          379,
          296.8216857910156
        ],
        [
          380,
          216.876220703125
        ],
        [
          381,
          903.2095336914062
        ],
        [
          382,
          456.8095397949219
        ],
        [
          383,
          568.7266235351562
        ],
        [
          384,
          701.4884643554688
        ],
        [
          385,
          533.9513549804688
        ],
        [
          386,
          518.4058227539062
        ],
        [
          387,
          374.8240051269531
        ],
        [
          388,
          514.9312744140625
        ],
        [
          389,
          250.55650329589844
        ],
        [
          390,
          152.30657958984375
        ],
        [
          391,
          323.5561828613281
        ],
        [
          392,
          420.939697265625
        ],
        [
          393,
          344.4196472167969
        ],
        [
          394,
          555.5147705078125
        ],
        [
          395,
          304.1425476074219
        ],
        [
          396,
          135.64918518066406
        ],
        [
          397,
          564.716796875
        ],
        [
          398,
          341.9158020019531
        ],
        [
          399,
          777.1500854492188
        ],
        [
          400,
          424.40399169921875
        ],
        [
          401,
          651.3732299804688
        ],
        [
          402,
          193.39170837402344
        ],
        [
          403,
          323.9655456542969
        ],
        [
          404,
          442.1372985839844
        ],
        [
          405,
          159.69845581054688
        ],
        [
          406,
          154.495849609375
        ],
        [
          407,
          285.87060546875
        ],
        [
          408,
          381.57269287109375
        ],
        [
          409,
          298.423583984375
        ],
        [
          410,
          432.7462158203125
        ],
        [
          411,
          411.44171142578125
        ],
        [
          412,
          198.6608123779297
        ],
        [
          413,
          453.9576110839844
        ],
        [
          414,
          328.46673583984375
        ],
        [
          415,
          760.9076538085938
        ],
        [
          416,
          323.3497009277344
        ],
        [
          417,
          206.229736328125
        ],
        [
          418,
          411.64459228515625
        ],
        [
          419,
          528.27880859375
        ],
        [
          420,
          545.041748046875
        ],
        [
          421,
          391.32159423828125
        ],
        [
          422,
          386.0495300292969
        ],
        [
          423,
          583.4264526367188
        ],
        [
          424,
          522.166015625
        ],
        [
          425,
          329.80059814453125
        ],
        [
          426,
          431.02679443359375
        ],
        [
          427,
          489.5329895019531
        ],
        [
          428,
          186.47349548339844
        ],
        [
          429,
          443.75103759765625
        ],
        [
          430,
          494.3711853027344
        ],
        [
          431,
          150.5316925048828
        ],
        [
          432,
          16.111909866333008
        ],
        [
          433,
          173.83615112304688
        ],
        [
          434,
          559.7684936523438
        ],
        [
          435,
          519.04638671875
        ],
        [
          436,
          606.4131469726562
        ],
        [
          437,
          345.71148681640625
        ],
        [
          438,
          367.5853271484375
        ],
        [
          439,
          603.1376953125
        ],
        [
          440,
          605.7539672851562
        ],
        [
          441,
          302.80029296875
        ],
        [
          442,
          325.4445495605469
        ],
        [
          443,
          464.4174499511719
        ],
        [
          444,
          413.9881591796875
        ],
        [
          445,
          371.9124450683594
        ],
        [
          446,
          410.1920471191406
        ],
        [
          447,
          142.8772735595703
        ],
        [
          448,
          487.3584899902344
        ],
        [
          449,
          272.7207946777344
        ],
        [
          450,
          300.5851745605469
        ],
        [
          451,
          560.0132446289062
        ],
        [
          452,
          409.53533935546875
        ],
        [
          453,
          496.9494323730469
        ],
        [
          454,
          359.8125915527344
        ],
        [
          455,
          477.69110107421875
        ],
        [
          456,
          679.4111938476562
        ],
        [
          457,
          96.37174987792969
        ],
        [
          458,
          361.8525390625
        ],
        [
          459,
          664.3482666015625
        ],
        [
          460,
          490.3169250488281
        ],
        [
          461,
          504.66705322265625
        ],
        [
          462,
          381.9513854980469
        ],
        [
          463,
          51.964385986328125
        ],
        [
          464,
          714.7923583984375
        ],
        [
          465,
          464.9854431152344
        ],
        [
          466,
          278.2430114746094
        ],
        [
          467,
          299.97442626953125
        ],
        [
          468,
          666.0568237304688
        ],
        [
          469,
          317.5821838378906
        ],
        [
          470,
          665.4577026367188
        ],
        [
          471,
          330.012939453125
        ],
        [
          472,
          603.4097290039062
        ],
        [
          473,
          410.3782043457031
        ],
        [
          474,
          56.819732666015625
        ],
        [
          475,
          384.73773193359375
        ],
        [
          476,
          399.5016174316406
        ],
        [
          477,
          370.2721862792969
        ],
        [
          478,
          391.8562316894531
        ],
        [
          479,
          485.67596435546875
        ],
        [
          480,
          575.3409423828125
        ],
        [
          481,
          442.625732421875
        ],
        [
          482,
          350.9167785644531
        ],
        [
          483,
          463.3677062988281
        ],
        [
          484,
          557.2146606445312
        ],
        [
          485,
          288.6979064941406
        ],
        [
          486,
          374.87152099609375
        ],
        [
          487,
          271.2969055175781
        ],
        [
          488,
          609.9513549804688
        ],
        [
          489,
          225.68734741210938
        ],
        [
          490,
          423.33978271484375
        ],
        [
          491,
          326.7860412597656
        ],
        [
          492,
          189.5020294189453
        ],
        [
          493,
          368.2618713378906
        ],
        [
          494,
          333.56597900390625
        ],
        [
          495,
          634.69873046875
        ],
        [
          496,
          721.6768188476562
        ],
        [
          497,
          364.8783874511719
        ],
        [
          498,
          325.45550537109375
        ],
        [
          499,
          532.8885498046875
        ],
        [
          500,
          295.3148193359375
        ],
        [
          501,
          274.7735900878906
        ],
        [
          502,
          383.34552001953125
        ],
        [
          503,
          434.93896484375
        ],
        [
          504,
          481.1485900878906
        ],
        [
          505,
          248.67930603027344
        ],
        [
          506,
          214.85244750976562
        ],
        [
          507,
          183.7086181640625
        ],
        [
          508,
          307.73077392578125
        ],
        [
          509,
          353.2082824707031
        ],
        [
          510,
          532.5726928710938
        ],
        [
          511,
          295.2613220214844
        ],
        [
          512,
          336.1461181640625
        ],
        [
          513,
          634.9391479492188
        ],
        [
          514,
          -54.95415496826172
        ],
        [
          515,
          435.15869140625
        ],
        [
          516,
          265.7189636230469
        ],
        [
          517,
          98.65879821777344
        ],
        [
          518,
          487.6996154785156
        ],
        [
          519,
          160.75308227539062
        ],
        [
          520,
          414.10223388671875
        ],
        [
          521,
          425.5780944824219
        ],
        [
          522,
          436.1922302246094
        ],
        [
          523,
          8.750406265258789
        ],
        [
          524,
          391.2578125
        ],
        [
          525,
          454.9033203125
        ],
        [
          526,
          111.7755126953125
        ],
        [
          527,
          290.2619934082031
        ],
        [
          528,
          453.3519287109375
        ],
        [
          529,
          680.90625
        ],
        [
          530,
          517.4473876953125
        ],
        [
          531,
          507.503173828125
        ],
        [
          532,
          287.7334289550781
        ],
        [
          533,
          93.96900177001953
        ],
        [
          534,
          361.5638732910156
        ],
        [
          535,
          450.3623962402344
        ],
        [
          536,
          654.316162109375
        ],
        [
          537,
          414.02215576171875
        ],
        [
          538,
          476.42303466796875
        ],
        [
          539,
          180.78201293945312
        ],
        [
          540,
          330.1390075683594
        ],
        [
          541,
          195.06158447265625
        ],
        [
          542,
          318.5986328125
        ],
        [
          543,
          301.80377197265625
        ],
        [
          544,
          210.1519775390625
        ],
        [
          545,
          479.7011413574219
        ],
        [
          546,
          79.51329803466797
        ],
        [
          547,
          803.7743530273438
        ],
        [
          548,
          170.7904510498047
        ],
        [
          549,
          441.1231384277344
        ],
        [
          550,
          60.92930221557617
        ],
        [
          551,
          458.0882873535156
        ],
        [
          552,
          601.31787109375
        ],
        [
          553,
          620.1981201171875
        ],
        [
          554,
          405.9010314941406
        ],
        [
          555,
          325.7990417480469
        ],
        [
          556,
          626.0967407226562
        ],
        [
          557,
          452.52325439453125
        ],
        [
          558,
          310.48809814453125
        ],
        [
          559,
          254.29315185546875
        ],
        [
          560,
          374.0405578613281
        ],
        [
          561,
          339.3644714355469
        ],
        [
          562,
          414.5127868652344
        ],
        [
          563,
          441.0231628417969
        ],
        [
          564,
          86.81566619873047
        ],
        [
          565,
          404.0108642578125
        ],
        [
          566,
          622.8702392578125
        ],
        [
          567,
          676.8099975585938
        ],
        [
          568,
          655.5751953125
        ],
        [
          569,
          585.4161987304688
        ],
        [
          570,
          484.8666687011719
        ],
        [
          571,
          161.24099731445312
        ],
        [
          572,
          575.661865234375
        ],
        [
          573,
          301.8092346191406
        ],
        [
          574,
          264.77581787109375
        ],
        [
          575,
          562.8707885742188
        ],
        [
          576,
          374.36346435546875
        ],
        [
          577,
          -0.9322494864463806
        ],
        [
          578,
          752.2696533203125
        ],
        [
          579,
          700.7183837890625
        ],
        [
          580,
          349.4705810546875
        ],
        [
          581,
          374.4988098144531
        ],
        [
          582,
          497.197998046875
        ],
        [
          583,
          552.8616943359375
        ],
        [
          584,
          352.20220947265625
        ],
        [
          585,
          488.4217834472656
        ],
        [
          586,
          322.4123840332031
        ],
        [
          587,
          15.960960388183594
        ],
        [
          588,
          26.56386375427246
        ],
        [
          589,
          336.8670959472656
        ],
        [
          590,
          133.35841369628906
        ],
        [
          591,
          610.6563110351562
        ],
        [
          592,
          273.40252685546875
        ],
        [
          593,
          83.24369812011719
        ],
        [
          594,
          229.91549682617188
        ],
        [
          595,
          364.0269470214844
        ],
        [
          596,
          377.7118835449219
        ],
        [
          597,
          666.2069702148438
        ],
        [
          598,
          332.41864013671875
        ],
        [
          599,
          458.4560546875
        ],
        [
          600,
          646.8687744140625
        ],
        [
          601,
          479.6410827636719
        ],
        [
          602,
          341.1246643066406
        ],
        [
          603,
          299.2928161621094
        ],
        [
          604,
          362.80322265625
        ],
        [
          605,
          169.30014038085938
        ],
        [
          606,
          588.5873413085938
        ],
        [
          607,
          467.6016845703125
        ],
        [
          608,
          435.5007629394531
        ],
        [
          609,
          551.24072265625
        ],
        [
          610,
          132.3588104248047
        ],
        [
          611,
          359.70269775390625
        ],
        [
          612,
          175.2274627685547
        ],
        [
          613,
          578.7682495117188
        ],
        [
          614,
          294.7150573730469
        ],
        [
          615,
          258.95635986328125
        ],
        [
          616,
          393.9163513183594
        ],
        [
          617,
          138.6836395263672
        ],
        [
          618,
          257.0173645019531
        ],
        [
          619,
          493.17120361328125
        ],
        [
          620,
          88.04833984375
        ],
        [
          621,
          265.9166259765625
        ],
        [
          622,
          300.4391174316406
        ],
        [
          623,
          274.9521179199219
        ],
        [
          624,
          278.913330078125
        ],
        [
          625,
          27.386960983276367
        ],
        [
          626,
          -208.55120849609375
        ],
        [
          627,
          701.9564819335938
        ],
        [
          628,
          124.62177276611328
        ],
        [
          629,
          410.4837341308594
        ],
        [
          630,
          181.5432891845703
        ],
        [
          631,
          388.6258239746094
        ],
        [
          632,
          141.69723510742188
        ],
        [
          633,
          229.24107360839844
        ],
        [
          634,
          251.34046936035156
        ],
        [
          635,
          447.6878662109375
        ],
        [
          636,
          144.74526977539062
        ],
        [
          637,
          500.8512268066406
        ],
        [
          638,
          495.6826171875
        ],
        [
          639,
          26.491348266601562
        ],
        [
          640,
          234.9575653076172
        ],
        [
          641,
          456.7915954589844
        ],
        [
          642,
          167.55029296875
        ],
        [
          643,
          588.9699096679688
        ],
        [
          644,
          17.013946533203125
        ],
        [
          645,
          -77.85877990722656
        ],
        [
          646,
          232.4088592529297
        ],
        [
          647,
          423.9703063964844
        ],
        [
          648,
          724.866943359375
        ],
        [
          649,
          130.4198760986328
        ],
        [
          650,
          351.0260314941406
        ],
        [
          651,
          396.9425048828125
        ],
        [
          652,
          481.4105529785156
        ],
        [
          653,
          614.5194091796875
        ],
        [
          654,
          295.8880310058594
        ],
        [
          655,
          571.1919555664062
        ],
        [
          656,
          310.5140686035156
        ],
        [
          657,
          147.8468780517578
        ],
        [
          658,
          428.8699035644531
        ],
        [
          659,
          334.2917785644531
        ],
        [
          660,
          406.8786926269531
        ],
        [
          661,
          103.2750244140625
        ],
        [
          662,
          54.55330276489258
        ],
        [
          663,
          436.225830078125
        ],
        [
          664,
          243.6851348876953
        ],
        [
          665,
          157.86619567871094
        ],
        [
          666,
          391.83319091796875
        ],
        [
          667,
          514.8800048828125
        ],
        [
          668,
          182.88482666015625
        ],
        [
          669,
          424.8696594238281
        ],
        [
          670,
          52.119972229003906
        ],
        [
          671,
          507.7463684082031
        ],
        [
          672,
          251.53411865234375
        ],
        [
          673,
          452.1986083984375
        ],
        [
          674,
          111.6157455444336
        ],
        [
          675,
          484.4856262207031
        ],
        [
          676,
          618.6036376953125
        ],
        [
          677,
          329.879150390625
        ],
        [
          678,
          -40.61103820800781
        ],
        [
          679,
          352.8454284667969
        ],
        [
          680,
          -31.06617546081543
        ],
        [
          681,
          386.8400573730469
        ],
        [
          682,
          403.7138671875
        ],
        [
          683,
          196.00790405273438
        ],
        [
          684,
          713.55078125
        ],
        [
          685,
          63.753135681152344
        ],
        [
          686,
          186.8135223388672
        ],
        [
          687,
          253.56719970703125
        ],
        [
          688,
          257.3382263183594
        ],
        [
          689,
          -2.2796387672424316
        ],
        [
          690,
          227.06336975097656
        ],
        [
          691,
          290.1214294433594
        ],
        [
          692,
          290.080078125
        ],
        [
          693,
          352.9012451171875
        ],
        [
          694,
          353.4163513183594
        ],
        [
          695,
          496.2896423339844
        ],
        [
          696,
          470.2371826171875
        ],
        [
          697,
          503.9613342285156
        ],
        [
          698,
          321.9273376464844
        ],
        [
          699,
          439.4236145019531
        ],
        [
          700,
          359.69879150390625
        ],
        [
          701,
          122.28662872314453
        ],
        [
          702,
          875.7464599609375
        ],
        [
          703,
          489.5225524902344
        ],
        [
          704,
          -42.37956619262695
        ],
        [
          705,
          -153.6580047607422
        ],
        [
          706,
          393.24560546875
        ],
        [
          707,
          257.10845947265625
        ],
        [
          708,
          -140.41209411621094
        ],
        [
          709,
          583.4334106445312
        ],
        [
          710,
          394.2336730957031
        ],
        [
          711,
          390.015625
        ],
        [
          712,
          357.1159973144531
        ],
        [
          713,
          164.89649963378906
        ],
        [
          714,
          639.3704223632812
        ],
        [
          715,
          580.0748901367188
        ],
        [
          716,
          198.34426879882812
        ],
        [
          717,
          122.42172241210938
        ],
        [
          718,
          510.4724426269531
        ],
        [
          719,
          355.5532531738281
        ],
        [
          720,
          361.9831237792969
        ],
        [
          721,
          251.73764038085938
        ],
        [
          722,
          29.968128204345703
        ],
        [
          723,
          339.166748046875
        ],
        [
          724,
          185.05538940429688
        ],
        [
          725,
          150.00396728515625
        ],
        [
          726,
          204.01646423339844
        ],
        [
          727,
          664.4641723632812
        ],
        [
          728,
          -53.907386779785156
        ],
        [
          729,
          426.14263916015625
        ],
        [
          730,
          381.352294921875
        ],
        [
          731,
          470.1391906738281
        ],
        [
          732,
          259.4242248535156
        ],
        [
          733,
          106.64264678955078
        ],
        [
          734,
          173.68902587890625
        ],
        [
          735,
          199.69949340820312
        ],
        [
          736,
          417.1114807128906
        ],
        [
          737,
          313.1546936035156
        ],
        [
          738,
          510.84521484375
        ],
        [
          739,
          136.00350952148438
        ],
        [
          740,
          418.8769226074219
        ],
        [
          741,
          274.03253173828125
        ],
        [
          742,
          77.69756317138672
        ],
        [
          743,
          355.71441650390625
        ],
        [
          744,
          220.37448120117188
        ],
        [
          745,
          410.80828857421875
        ],
        [
          746,
          859.2997436523438
        ],
        [
          747,
          -162.2301483154297
        ],
        [
          748,
          766.4283447265625
        ],
        [
          749,
          527.1889038085938
        ],
        [
          750,
          461.9429626464844
        ],
        [
          751,
          284.41583251953125
        ],
        [
          752,
          273.07745361328125
        ],
        [
          753,
          517.2954711914062
        ],
        [
          754,
          295.02789306640625
        ],
        [
          755,
          391.4560546875
        ],
        [
          756,
          210.19212341308594
        ],
        [
          757,
          690.0328369140625
        ],
        [
          758,
          58.999916076660156
        ],
        [
          759,
          378.127685546875
        ],
        [
          760,
          578.2647705078125
        ],
        [
          761,
          203.918701171875
        ],
        [
          762,
          405.6070861816406
        ],
        [
          763,
          354.2056579589844
        ],
        [
          764,
          245.0173797607422
        ],
        [
          765,
          3.5713133811950684
        ],
        [
          766,
          302.5134582519531
        ],
        [
          767,
          305.4812316894531
        ],
        [
          768,
          60.61491775512695
        ],
        [
          769,
          345.1808166503906
        ],
        [
          770,
          321.8266906738281
        ],
        [
          771,
          362.50567626953125
        ],
        [
          772,
          354.363525390625
        ],
        [
          773,
          378.6151123046875
        ],
        [
          774,
          214.75015258789062
        ],
        [
          775,
          277.5660095214844
        ],
        [
          776,
          404.21923828125
        ],
        [
          777,
          70.78304290771484
        ],
        [
          778,
          242.83908081054688
        ],
        [
          779,
          381.65704345703125
        ],
        [
          780,
          357.0575866699219
        ],
        [
          781,
          186.70388793945312
        ],
        [
          782,
          492.61553955078125
        ],
        [
          783,
          357.60400390625
        ],
        [
          784,
          -205.4300537109375
        ],
        [
          785,
          807.4195556640625
        ],
        [
          786,
          632.6906127929688
        ],
        [
          787,
          308.4017028808594
        ],
        [
          788,
          632.3994140625
        ],
        [
          789,
          201.42152404785156
        ],
        [
          790,
          249.68553161621094
        ],
        [
          791,
          108.89801025390625
        ],
        [
          792,
          227.72718811035156
        ],
        [
          793,
          354.0239562988281
        ],
        [
          794,
          103.28811645507812
        ],
        [
          795,
          451.15264892578125
        ],
        [
          796,
          701.5502319335938
        ],
        [
          797,
          280.2727966308594
        ],
        [
          798,
          473.55706787109375
        ],
        [
          799,
          81.81608581542969
        ],
        [
          800,
          -16.798763275146484
        ],
        [
          801,
          384.4427185058594
        ],
        [
          802,
          93.53077697753906
        ],
        [
          803,
          451.9149475097656
        ],
        [
          804,
          346.701416015625
        ],
        [
          805,
          303.51129150390625
        ],
        [
          806,
          -203.75279235839844
        ],
        [
          807,
          187.46421813964844
        ],
        [
          808,
          126.34954833984375
        ],
        [
          809,
          363.4925842285156
        ],
        [
          810,
          -204.77565002441406
        ],
        [
          811,
          423.0052490234375
        ],
        [
          812,
          401.5547790527344
        ],
        [
          813,
          72.95796203613281
        ],
        [
          814,
          489.0331115722656
        ],
        [
          815,
          208.7146759033203
        ],
        [
          816,
          202.43270874023438
        ],
        [
          817,
          304.4090576171875
        ],
        [
          818,
          309.3135070800781
        ],
        [
          819,
          81.1669921875
        ],
        [
          820,
          306.17218017578125
        ],
        [
          821,
          395.0292663574219
        ],
        [
          822,
          325.2068786621094
        ],
        [
          823,
          273.25335693359375
        ],
        [
          824,
          429.43896484375
        ],
        [
          825,
          -109.56021118164062
        ],
        [
          826,
          -6.501732349395752
        ],
        [
          827,
          415.01983642578125
        ],
        [
          828,
          139.75682067871094
        ],
        [
          829,
          419.980224609375
        ],
        [
          830,
          344.69207763671875
        ],
        [
          831,
          122.90908813476562
        ],
        [
          832,
          151.30252075195312
        ],
        [
          833,
          398.64715576171875
        ],
        [
          834,
          517.278076171875
        ],
        [
          835,
          381.9942626953125
        ],
        [
          836,
          205.87185668945312
        ],
        [
          837,
          211.59918212890625
        ],
        [
          838,
          241.6250762939453
        ],
        [
          839,
          130.34803771972656
        ],
        [
          840,
          477.16351318359375
        ],
        [
          841,
          593.1580200195312
        ],
        [
          842,
          167.00921630859375
        ],
        [
          843,
          -40.69992446899414
        ],
        [
          844,
          420.6351013183594
        ],
        [
          845,
          103.63975524902344
        ],
        [
          846,
          80.7751235961914
        ],
        [
          847,
          433.9535827636719
        ],
        [
          848,
          79.49927520751953
        ],
        [
          849,
          230.1414794921875
        ],
        [
          850,
          365.2266845703125
        ],
        [
          851,
          83.69602966308594
        ],
        [
          852,
          39.22157669067383
        ],
        [
          853,
          68.48745727539062
        ],
        [
          854,
          120.6456069946289
        ],
        [
          855,
          685.8059692382812
        ],
        [
          856,
          92.86178588867188
        ],
        [
          857,
          -163.18692016601562
        ],
        [
          858,
          459.2388916015625
        ],
        [
          859,
          541.7791748046875
        ],
        [
          860,
          228.7382354736328
        ],
        [
          861,
          -208.9013671875
        ],
        [
          862,
          377.5423889160156
        ],
        [
          863,
          340.80078125
        ],
        [
          864,
          238.23779296875
        ],
        [
          865,
          346.5794982910156
        ],
        [
          866,
          255.497802734375
        ],
        [
          867,
          557.377197265625
        ],
        [
          868,
          -123.74220275878906
        ],
        [
          869,
          297.742431640625
        ],
        [
          870,
          331.818603515625
        ],
        [
          871,
          392.93072509765625
        ],
        [
          872,
          -106.92203521728516
        ],
        [
          873,
          254.10394287109375
        ],
        [
          874,
          -134.80926513671875
        ],
        [
          875,
          135.4774932861328
        ],
        [
          876,
          604.5755004882812
        ],
        [
          877,
          546.5569458007812
        ],
        [
          878,
          278.51007080078125
        ],
        [
          879,
          236.0780487060547
        ],
        [
          880,
          540.8397827148438
        ],
        [
          881,
          44.10494613647461
        ],
        [
          882,
          545.0914306640625
        ],
        [
          883,
          469.7798767089844
        ],
        [
          884,
          370.27532958984375
        ],
        [
          885,
          181.08328247070312
        ],
        [
          886,
          254.00804138183594
        ],
        [
          887,
          378.58856201171875
        ],
        [
          888,
          150.39944458007812
        ],
        [
          889,
          458.6268615722656
        ],
        [
          890,
          7.181273460388184
        ],
        [
          891,
          -604.9297485351562
        ],
        [
          892,
          165.12188720703125
        ],
        [
          893,
          -110.25310516357422
        ],
        [
          894,
          715.926513671875
        ],
        [
          895,
          60.82490539550781
        ],
        [
          896,
          433.8851623535156
        ],
        [
          897,
          715.5565795898438
        ],
        [
          898,
          246.85101318359375
        ],
        [
          899,
          300.3686218261719
        ],
        [
          900,
          265.81134033203125
        ],
        [
          901,
          19.359867095947266
        ],
        [
          902,
          219.01747131347656
        ],
        [
          903,
          411.0306091308594
        ],
        [
          904,
          -17.533084869384766
        ],
        [
          905,
          319.0987243652344
        ],
        [
          906,
          172.32943725585938
        ],
        [
          907,
          80.18661499023438
        ],
        [
          908,
          441.2452697753906
        ],
        [
          909,
          97.31715393066406
        ],
        [
          910,
          356.8650207519531
        ],
        [
          911,
          114.8659896850586
        ],
        [
          912,
          -18.839834213256836
        ],
        [
          913,
          375.9662780761719
        ],
        [
          914,
          234.58583068847656
        ],
        [
          915,
          664.3953247070312
        ],
        [
          916,
          420.18475341796875
        ],
        [
          917,
          490.1852111816406
        ],
        [
          918,
          261.4842834472656
        ],
        [
          919,
          479.3983154296875
        ],
        [
          920,
          181.38291931152344
        ],
        [
          921,
          104.84473419189453
        ],
        [
          922,
          -23.02162742614746
        ],
        [
          923,
          79.33097839355469
        ],
        [
          924,
          219.1871795654297
        ],
        [
          925,
          515.7227172851562
        ],
        [
          926,
          616.605712890625
        ],
        [
          927,
          20.49370002746582
        ],
        [
          928,
          482.6227111816406
        ],
        [
          929,
          519.69287109375
        ],
        [
          930,
          795.6937866210938
        ],
        [
          931,
          232.5164031982422
        ],
        [
          932,
          135.7467041015625
        ],
        [
          933,
          89.98579406738281
        ],
        [
          934,
          160.63369750976562
        ],
        [
          935,
          236.59326171875
        ],
        [
          936,
          97.49169921875
        ],
        [
          937,
          173.37466430664062
        ],
        [
          938,
          -41.34709548950195
        ],
        [
          939,
          377.493408203125
        ],
        [
          940,
          505.7467956542969
        ],
        [
          941,
          216.17295837402344
        ],
        [
          942,
          156.94117736816406
        ],
        [
          943,
          161.17091369628906
        ],
        [
          944,
          828.6304931640625
        ],
        [
          945,
          529.1276245117188
        ],
        [
          946,
          349.85626220703125
        ],
        [
          947,
          -174.07296752929688
        ],
        [
          948,
          52.69917297363281
        ],
        [
          949,
          420.37786865234375
        ],
        [
          950,
          28.21436309814453
        ],
        [
          951,
          250.80807495117188
        ],
        [
          952,
          153.81910705566406
        ],
        [
          953,
          -103.39379119873047
        ],
        [
          954,
          257.3365478515625
        ],
        [
          955,
          84.97901916503906
        ],
        [
          956,
          449.46929931640625
        ],
        [
          957,
          182.03121948242188
        ],
        [
          958,
          711.6985473632812
        ],
        [
          959,
          422.4055480957031
        ],
        [
          960,
          816.412841796875
        ],
        [
          961,
          -355.5254821777344
        ],
        [
          962,
          102.35264587402344
        ],
        [
          963,
          360.67181396484375
        ],
        [
          964,
          210.42098999023438
        ],
        [
          965,
          266.2073059082031
        ],
        [
          966,
          -292.406005859375
        ],
        [
          967,
          239.1265411376953
        ],
        [
          968,
          417.40081787109375
        ],
        [
          969,
          517.7001342773438
        ],
        [
          970,
          215.45407104492188
        ],
        [
          971,
          92.8323974609375
        ],
        [
          972,
          36.57666015625
        ],
        [
          973,
          -158.6436767578125
        ],
        [
          974,
          155.04115295410156
        ],
        [
          975,
          785.5845336914062
        ],
        [
          976,
          226.8790283203125
        ],
        [
          977,
          252.43551635742188
        ],
        [
          978,
          445.12750244140625
        ],
        [
          979,
          50.36152267456055
        ],
        [
          980,
          13.473896026611328
        ],
        [
          981,
          270.1576232910156
        ],
        [
          982,
          114.02793884277344
        ],
        [
          983,
          338.5302429199219
        ],
        [
          984,
          -83.53255462646484
        ],
        [
          985,
          382.2279968261719
        ],
        [
          986,
          -66.92073822021484
        ],
        [
          987,
          538.2446899414062
        ],
        [
          988,
          289.6361389160156
        ],
        [
          989,
          622.6993408203125
        ],
        [
          990,
          25.58435821533203
        ],
        [
          991,
          424.8118896484375
        ],
        [
          992,
          366.9137268066406
        ],
        [
          993,
          -184.44622802734375
        ],
        [
          994,
          412.162841796875
        ],
        [
          995,
          113.0993423461914
        ],
        [
          996,
          474.88983154296875
        ],
        [
          997,
          33.611446380615234
        ],
        [
          998,
          157.50399780273438
        ],
        [
          999,
          -21.097761154174805
        ]
      ],
      "last": -21.097761154174805
    },
    "eval_R_eps_avg": {
      "path": "reports/selfplay_fixed_ant/curves/20260603_113517__eval_R_eps_avg.svg",
      "points": [
        [
          0,
          122.96013641357422
        ],
        [
          1,
          -428.19317626953125
        ],
        [
          2,
          -186.2259063720703
        ],
        [
          3,
          -637.2479858398438
        ],
        [
          4,
          453.6177673339844
        ],
        [
          5,
          10.006566047668457
        ],
        [
          6,
          244.28475952148438
        ],
        [
          7,
          -1379.6505126953125
        ],
        [
          8,
          224.50289916992188
        ],
        [
          9,
          109.71926879882812
        ],
        [
          10,
          386.3094482421875
        ],
        [
          11,
          -166.63197326660156
        ],
        [
          12,
          -109.75857543945312
        ],
        [
          13,
          210.39048767089844
        ],
        [
          14,
          251.9442596435547
        ],
        [
          15,
          -218.50558471679688
        ],
        [
          16,
          32.7931022644043
        ],
        [
          17,
          -108.89179229736328
        ],
        [
          18,
          91.1058578491211
        ],
        [
          19,
          629.4359741210938
        ],
        [
          20,
          530.3638305664062
        ],
        [
          21,
          307.0158996582031
        ],
        [
          22,
          66.1727523803711
        ],
        [
          23,
          282.7828369140625
        ],
        [
          24,
          187.50436401367188
        ],
        [
          25,
          477.9564514160156
        ],
        [
          26,
          951.9739379882812
        ],
        [
          27,
          522.9841918945312
        ],
        [
          28,
          412.4870910644531
        ],
        [
          29,
          -157.77227783203125
        ],
        [
          30,
          96.18372344970703
        ],
        [
          31,
          165.75038146972656
        ],
        [
          32,
          735.8447875976562
        ],
        [
          33,
          26.965333938598633
        ],
        [
          34,
          301.74420166015625
        ],
        [
          35,
          310.54974365234375
        ],
        [
          36,
          817.4869995117188
        ],
        [
          37,
          674.6806030273438
        ],
        [
          38,
          622.1956176757812
        ],
        [
          39,
          255.1406707763672
        ],
        [
          40,
          528.7967529296875
        ],
        [
          41,
          616.4493408203125
        ],
        [
          42,
          689.1657104492188
        ],
        [
          43,
          732.1543579101562
        ],
        [
          44,
          384.6728210449219
        ],
        [
          45,
          161.82347106933594
        ],
        [
          46,
          968.9456176757812
        ],
        [
          47,
          902.3092041015625
        ],
        [
          48,
          348.1854553222656
        ],
        [
          49,
          773.318359375
        ],
        [
          50,
          477.5684814453125
        ],
        [
          51,
          587.921875
        ],
        [
          52,
          611.3494262695312
        ],
        [
          53,
          725.2423095703125
        ],
        [
          54,
          762.6265869140625
        ],
        [
          55,
          572.7644653320312
        ],
        [
          56,
          793.5264892578125
        ],
        [
          57,
          603.5525512695312
        ],
        [
          58,
          1277.156982421875
        ],
        [
          59,
          201.20497131347656
        ],
        [
          60,
          663.453857421875
        ],
        [
          61,
          421.3463439941406
        ],
        [
          62,
          1330.4521484375
        ],
        [
          63,
          770.874755859375
        ],
        [
          64,
          -0.7605218291282654
        ],
        [
          65,
          517.1226806640625
        ],
        [
          66,
          305.3850402832031
        ],
        [
          67,
          228.15272521972656
        ],
        [
          68,
          469.1890563964844
        ],
        [
          69,
          870.7307739257812
        ],
        [
          70,
          345.7984619140625
        ],
        [
          71,
          699.357666015625
        ],
        [
          72,
          124.15161895751953
        ],
        [
          73,
          198.93577575683594
        ],
        [
          74,
          297.723388671875
        ],
        [
          75,
          524.5972900390625
        ],
        [
          76,
          408.5625915527344
        ],
        [
          77,
          564.2896118164062
        ],
        [
          78,
          1086.0899658203125
        ],
        [
          79,
          320.40667724609375
        ],
        [
          80,
          728.2529296875
        ],
        [
          81,
          239.1118621826172
        ],
        [
          82,
          97.06139373779297
        ],
        [
          83,
          395.6584777832031
        ],
        [
          84,
          115.51960754394531
        ],
        [
          85,
          467.1580810546875
        ],
        [
          86,
          234.34829711914062
        ],
        [
          87,
          -23.227325439453125
        ],
        [
          88,
          438.3466491699219
        ],
        [
          89,
          419.2492370605469
        ],
        [
          90,
          173.09263610839844
        ],
        [
          91,
          41.14892578125
        ],
        [
          92,
          818.3532104492188
        ],
        [
          93,
          399.3428039550781
        ],
        [
          94,
          571.003173828125
        ],
        [
          95,
          444.965087890625
        ],
        [
          96,
          979.2315673828125
        ],
        [
          97,
          313.57159423828125
        ],
        [
          98,
          253.10427856445312
        ],
        [
          99,
          128.8591766357422
        ],
        [
          100,
          838.0240478515625
        ],
        [
          101,
          196.8942413330078
        ],
        [
          102,
          618.8561401367188
        ],
        [
          103,
          136.29531860351562
        ],
        [
          104,
          413.5123596191406
        ],
        [
          105,
          296.4469299316406
        ],
        [
          106,
          601.0963134765625
        ],
        [
          107,
          849.7305297851562
        ],
        [
          108,
          481.017333984375
        ],
        [
          109,
          225.32281494140625
        ],
        [
          110,
          1318.3675537109375
        ],
        [
          111,
          321.0727844238281
        ],
        [
          112,
          1076.278076171875
        ],
        [
          113,
          708.9806518554688
        ],
        [
          114,
          199.99392700195312
        ],
        [
          115,
          2.9367337226867676
        ],
        [
          116,
          899.4256591796875
        ],
        [
          117,
          621.7821044921875
        ],
        [
          118,
          216.42318725585938
        ],
        [
          119,
          419.2093811035156
        ],
        [
          120,
          765.4619140625
        ],
        [
          121,
          575.3515014648438
        ],
        [
          122,
          632.1793212890625
        ],
        [
          123,
          559.6109008789062
        ],
        [
          124,
          582.0927124023438
        ],
        [
          125,
          398.4791564941406
        ],
        [
          126,
          385.9864501953125
        ],
        [
          127,
          243.99879455566406
        ],
        [
          128,
          355.647216796875
        ],
        [
          129,
          1126.970458984375
        ],
        [
          130,
          770.771484375
        ],
        [
          131,
          127.13729095458984
        ],
        [
          132,
          586.2864379882812
        ],
        [
          133,
          59.19490051269531
        ],
        [
          134,
          223.80682373046875
        ],
        [
          135,
          211.38380432128906
        ],
        [
          136,
          211.44851684570312
        ],
        [
          137,
          -135.6243438720703
        ],
        [
          138,
          339.9195251464844
        ],
        [
          139,
          348.3306884765625
        ],
        [
          140,
          254.7650146484375
        ],
        [
          141,
          541.5658569335938
        ],
        [
          142,
          -87.67733764648438
        ],
        [
          143,
          217.52552795410156
        ],
        [
          144,
          678.4617919921875
        ],
        [
          145,
          445.6382751464844
        ],
        [
          146,
          788.678955078125
        ],
        [
          147,
          160.59555053710938
        ],
        [
          148,
          397.5190124511719
        ],
        [
          149,
          122.24585723876953
        ],
        [
          150,
          -4.039315700531006
        ],
        [
          151,
          100.68856811523438
        ],
        [
          152,
          254.56805419921875
        ],
        [
          153,
          100.2286376953125
        ],
        [
          154,
          1189.9749755859375
        ],
        [
          155,
          635.6122436523438
        ],
        [
          156,
          250.56854248046875
        ],
        [
          157,
          721.8267211914062
        ],
        [
          158,
          863.243408203125
        ],
        [
          159,
          572.0714111328125
        ],
        [
          160,
          406.9449157714844
        ],
        [
          161,
          696.7861328125
        ],
        [
          162,
          226.95188903808594
        ],
        [
          163,
          193.8915557861328
        ],
        [
          164,
          67.45404052734375
        ],
        [
          165,
          472.0596923828125
        ],
        [
          166,
          464.2052001953125
        ],
        [
          167,
          246.08387756347656
        ],
        [
          168,
          617.9920043945312
        ],
        [
          169,
          468.4317321777344
        ],
        [
          170,
          347.6334228515625
        ],
        [
          171,
          337.9586181640625
        ],
        [
          172,
          636.0477905273438
        ],
        [
          173,
          311.354736328125
        ],
        [
          174,
          395.7894287109375
        ],
        [
          175,
          581.5315551757812
        ],
        [
          176,
          170.17147827148438
        ],
        [
          177,
          328.607177734375
        ],
        [
          178,
          1060.2183837890625
        ],
        [
          179,
          367.0750427246094
        ],
        [
          180,
          819.2810668945312
        ],
        [
          181,
          375.36175537109375
        ],
        [
          182,
          594.2193603515625
        ],
        [
          183,
          16.097408294677734
        ],
        [
          184,
          648.7141723632812
        ],
        [
          185,
          305.0884094238281
        ],
        [
          186,
          586.5454711914062
        ],
        [
          187,
          621.3312377929688
        ],
        [
          188,
          346.8546447753906
        ],
        [
          189,
          251.9696807861328
        ],
        [
          190,
          106.46845245361328
        ],
        [
          191,
          350.8337097167969
        ],
        [
          192,
          672.7711181640625
        ],
        [
          193,
          11.143149375915527
        ],
        [
          194,
          1078.5233154296875
        ],
        [
          195,
          207.6959686279297
        ],
        [
          196,
          485.0787658691406
        ],
        [
          197,
          546.7625732421875
        ],
        [
          198,
          652.6979370117188
        ],
        [
          199,
          447.44134521484375
        ],
        [
          200,
          263.7848815917969
        ],
        [
          201,
          251.6605987548828
        ],
        [
          202,
          389.04217529296875
        ],
        [
          203,
          349.8467102050781
        ],
        [
          204,
          325.3114013671875
        ],
        [
          205,
          407.50628662109375
        ],
        [
          206,
          59.90916442871094
        ],
        [
          207,
          478.3317565917969
        ],
        [
          208,
          204.11532592773438
        ],
        [
          209,
          400.01995849609375
        ],
        [
          210,
          205.74620056152344
        ],
        [
          211,
          -186.50405883789062
        ],
        [
          212,
          587.8524169921875
        ],
        [
          213,
          533.4010009765625
        ],
        [
          214,
          533.6331176757812
        ],
        [
          215,
          291.226806640625
        ],
        [
          216,
          80.14315795898438
        ],
        [
          217,
          390.900634765625
        ],
        [
          218,
          598.5443115234375
        ],
        [
          219,
          235.58729553222656
        ],
        [
          220,
          249.15811157226562
        ],
        [
          221,
          1073.649658203125
        ],
        [
          222,
          -71.20111846923828
        ],
        [
          223,
          1102.4149169921875
        ],
        [
          224,
          524.0098266601562
        ],
        [
          225,
          -62.973052978515625
        ],
        [
          226,
          186.5869140625
        ],
        [
          227,
          461.4184875488281
        ],
        [
          228,
          540.1974487304688
        ],
        [
          229,
          163.757080078125
        ],
        [
          230,
          192.3846435546875
        ],
        [
          231,
          242.1714630126953
        ],
        [
          232,
          145.4900360107422
        ],
        [
          233,
          475.5122375488281
        ],
        [
          234,
          159.10830688476562
        ],
        [
          235,
          803.3153076171875
        ],
        [
          236,
          -36.16367721557617
        ],
        [
          237,
          606.7756958007812
        ],
        [
          238,
          286.91973876953125
        ],
        [
          239,
          692.3159790039062
        ],
        [
          240,
          775.49951171875
        ],
        [
          241,
          468.149658203125
        ],
        [
          242,
          137.00970458984375
        ],
        [
          243,
          265.02001953125
        ],
        [
          244,
          848.1929931640625
        ],
        [
          245,
          -38.63983154296875
        ],
        [
          246,
          8.743036270141602
        ],
        [
          247,
          440.7215270996094
        ],
        [
          248,
          -40.49616622924805
        ],
        [
          249,
          954.9970092773438
        ],
        [
          250,
          930.873291015625
        ],
        [
          251,
          522.9539794921875
        ],
        [
          252,
          121.52027893066406
        ],
        [
          253,
          325.9664001464844
        ],
        [
          254,
          616.8987426757812
        ],
        [
          255,
          255.993408203125
        ],
        [
          256,
          359.9964599609375
        ],
        [
          257,
          401.6354064941406
        ],
        [
          258,
          228.5282440185547
        ],
        [
          259,
          82.34297180175781
        ],
        [
          260,
          103.12765502929688
        ],
        [
          261,
          734.2864379882812
        ],
        [
          262,
          742.7449951171875
        ],
        [
          263,
          872.1646118164062
        ],
        [
          264,
          68.67935943603516
        ],
        [
          265,
          757.2030029296875
        ],
        [
          266,
          426.1725158691406
        ],
        [
          267,
          680.8782348632812
        ],
        [
          268,
          921.8070678710938
        ],
        [
          269,
          1172.60595703125
        ],
        [
          270,
          715.4613037109375
        ],
        [
          271,
          588.4793090820312
        ],
        [
          272,
          930.6578369140625
        ],
        [
          273,
          166.2611541748047
        ],
        [
          274,
          139.1605224609375
        ],
        [
          275,
          1098.9949951171875
        ],
        [
          276,
          694.4453125
        ],
        [
          277,
          803.5938110351562
        ],
        [
          278,
          304.95245361328125
        ],
        [
          279,
          161.89341735839844
        ],
        [
          280,
          466.5509338378906
        ],
        [
          281,
          796.214599609375
        ],
        [
          282,
          888.397705078125
        ],
        [
          283,
          134.0706329345703
        ],
        [
          284,
          305.50164794921875
        ],
        [
          285,
          655.1271362304688
        ],
        [
          286,
          888.0956420898438
        ],
        [
          287,
          569.6294555664062
        ],
        [
          288,
          368.02972412109375
        ],
        [
          289,
          631.7119750976562
        ],
        [
          290,
          429.58380126953125
        ],
        [
          291,
          224.74778747558594
        ],
        [
          292,
          749.677001953125
        ],
        [
          293,
          767.50537109375
        ],
        [
          294,
          731.3653564453125
        ],
        [
          295,
          1269.25439453125
        ],
        [
          296,
          659.2312622070312
        ],
        [
          297,
          44.412940979003906
        ],
        [
          298,
          168.52854919433594
        ],
        [
          299,
          669.9885864257812
        ],
        [
          300,
          677.2783203125
        ],
        [
          301,
          329.5501403808594
        ],
        [
          302,
          1158.69580078125
        ],
        [
          303,
          424.9813232421875
        ],
        [
          304,
          976.5651245117188
        ],
        [
          305,
          565.7134399414062
        ],
        [
          306,
          685.2825927734375
        ],
        [
          307,
          720.769287109375
        ],
        [
          308,
          961.353515625
        ],
        [
          309,
          436.79925537109375
        ],
        [
          310,
          545.7222290039062
        ],
        [
          311,
          451.9184265136719
        ],
        [
          312,
          650.2117919921875
        ],
        [
          313,
          797.82080078125
        ],
        [
          314,
          904.9180908203125
        ],
        [
          315,
          1450.4541015625
        ],
        [
          316,
          529.8629150390625
        ],
        [
          317,
          708.8086547851562
        ],
        [
          318,
          392.8270568847656
        ],
        [
          319,
          1615.5040283203125
        ],
        [
          320,
          533.84716796875
        ],
        [
          321,
          326.9315185546875
        ],
        [
          322,
          580.8110961914062
        ],
        [
          323,
          593.640625
        ],
        [
          324,
          304.21099853515625
        ],
        [
          325,
          614.835205078125
        ],
        [
          326,
          484.0873718261719
        ],
        [
          327,
          425.4791259765625
        ],
        [
          328,
          1046.1263427734375
        ],
        [
          329,
          370.8724670410156
        ],
        [
          330,
          850.7844848632812
        ],
        [
          331,
          1263.2396240234375
        ],
        [
          332,
          735.821044921875
        ],
        [
          333,
          1088.07958984375
        ],
        [
          334,
          656.3449096679688
        ],
        [
          335,
          1003.933349609375
        ],
        [
          336,
          516.4955444335938
        ],
        [
          337,
          159.23153686523438
        ],
        [
          338,
          672.4765014648438
        ],
        [
          339,
          810.676025390625
        ],
        [
          340,
          424.6333923339844
        ],
        [
          341,
          235.51296997070312
        ],
        [
          342,
          1036.3349609375
        ],
        [
          343,
          222.07540893554688
        ],
        [
          344,
          904.1514282226562
        ],
        [
          345,
          817.6690673828125
        ],
        [
          346,
          345.15869140625
        ],
        [
          347,
          762.6494750976562
        ],
        [
          348,
          566.8397216796875
        ],
        [
          349,
          719.5231323242188
        ],
        [
          350,
          1599.325439453125
        ],
        [
          351,
          511.045166015625
        ],
        [
          352,
          374.2853088378906
        ],
        [
          353,
          880.6053466796875
        ],
        [
          354,
          900.6001586914062
        ],
        [
          355,
          310.4047546386719
        ],
        [
          356,
          308.5640869140625
        ],
        [
          357,
          154.76402282714844
        ],
        [
          358,
          936.6486206054688
        ],
        [
          359,
          914.0031127929688
        ],
        [
          360,
          769.1683959960938
        ],
        [
          361,
          661.4949340820312
        ],
        [
          362,
          338.82415771484375
        ],
        [
          363,
          1014.7430419921875
        ],
        [
          364,
          389.1945495605469
        ],
        [
          365,
          410.5634765625
        ],
        [
          366,
          1319.8450927734375
        ],
        [
          367,
          808.3228149414062
        ],
        [
          368,
          529.0197143554688
        ],
        [
          369,
          481.59906005859375
        ],
        [
          370,
          429.67559814453125
        ],
        [
          371,
          829.6483154296875
        ],
        [
          372,
          352.9377746582031
        ],
        [
          373,
          232.59303283691406
        ],
        [
          374,
          930.7469482421875
        ],
        [
          375,
          1102.8531494140625
        ],
        [
          376,
          925.757080078125
        ],
        [
          377,
          546.2536010742188
        ],
        [
          378,
          953.1072387695312
        ],
        [
          379,
          527.6734008789062
        ],
        [
          380,
          -47.244544982910156
        ],
        [
          381,
          425.4137268066406
        ],
        [
          382,
          477.2841796875
        ],
        [
          383,
          487.34210205078125
        ],
        [
          384,
          713.3466186523438
        ],
        [
          385,
          195.1498565673828
        ],
        [
          386,
          175.05947875976562
        ],
        [
          387,
          33.01647186279297
        ],
        [
          388,
          356.60943603515625
        ],
        [
          389,
          651.1884155273438
        ],
        [
          390,
          664.5117797851562
        ],
        [
          391,
          626.0406494140625
        ],
        [
          392,
          737.410400390625
        ],
        [
          393,
          1029.8507080078125
        ],
        [
          394,
          172.40835571289062
        ],
        [
          395,
          374.975341796875
        ],
        [
          396,
          433.49273681640625
        ],
        [
          397,
          340.74652099609375
        ],
        [
          398,
          759.3372802734375
        ],
        [
          399,
          710.1212158203125
        ],
        [
          400,
          337.41571044921875
        ],
        [
          401,
          663.73583984375
        ],
        [
          402,
          436.97015380859375
        ],
        [
          403,
          710.1461791992188
        ],
        [
          404,
          885.5910034179688
        ],
        [
          405,
          886.7015991210938
        ],
        [
          406,
          403.0810241699219
        ],
        [
          407,
          241.62680053710938
        ],
        [
          408,
          511.829833984375
        ],
        [
          409,
          563.897216796875
        ],
        [
          410,
          530.6121826171875
        ],
        [
          411,
          98.16331481933594
        ],
        [
          412,
          739.077392578125
        ],
        [
          413,
          597.8787841796875
        ],
        [
          414,
          140.96458435058594
        ],
        [
          415,
          338.7322692871094
        ],
        [
          416,
          -43.51569366455078
        ],
        [
          417,
          417.8958435058594
        ],
        [
          418,
          462.05755615234375
        ],
        [
          419,
          1170.62744140625
        ],
        [
          420,
          773.9512329101562
        ],
        [
          421,
          222.20848083496094
        ],
        [
          422,
          651.0108642578125
        ],
        [
          423,
          1019.0025634765625
        ],
        [
          424,
          618.7403564453125
        ],
        [
          425,
          393.3493347167969
        ],
        [
          426,
          389.4228210449219
        ],
        [
          427,
          484.15008544921875
        ],
        [
          428,
          821.3042602539062
        ],
        [
          429,
          480.5985107421875
        ],
        [
          430,
          -71.05899810791016
        ],
        [
          431,
          731.1421508789062
        ],
        [
          432,
          634.5816040039062
        ],
        [
          433,
          475.7178039550781
        ],
        [
          434,
          640.5948486328125
        ],
        [
          435,
          106.38275146484375
        ],
        [
          436,
          -63.245052337646484
        ],
        [
          437,
          1179.8411865234375
        ],
        [
          438,
          205.98199462890625
        ],
        [
          439,
          46.81766128540039
        ],
        [
          440,
          486.6726379394531
        ],
        [
          441,
          434.05224609375
        ],
        [
          442,
          565.8333740234375
        ],
        [
          443,
          102.61132049560547
        ],
        [
          444,
          343.03460693359375
        ],
        [
          445,
          249.88031005859375
        ],
        [
          446,
          775.0057373046875
        ],
        [
          447,
          177.8887939453125
        ],
        [
          448,
          617.9656982421875
        ],
        [
          449,
          260.3793029785156
        ],
        [
          450,
          197.72450256347656
        ],
        [
          451,
          478.89117431640625
        ],
        [
          452,
          700.98779296875
        ],
        [
          453,
          441.2877502441406
        ],
        [
          454,
          436.4935302734375
        ],
        [
          455,
          776.25146484375
        ],
        [
          456,
          714.4306640625
        ],
        [
          457,
          575.1922607421875
        ],
        [
          458,
          365.2863464355469
        ],
        [
          459,
          1023.17724609375
        ],
        [
          460,
          901.4638671875
        ],
        [
          461,
          405.36956787109375
        ],
        [
          462,
          444.1095886230469
        ],
        [
          463,
          -96.08267974853516
        ],
        [
          464,
          501.9200134277344
        ],
        [
          465,
          957.14453125
        ],
        [
          466,
          739.7011108398438
        ],
        [
          467,
          -880.8919677734375
        ],
        [
          468,
          651.06787109375
        ],
        [
          469,
          776.9603271484375
        ],
        [
          470,
          240.56224060058594
        ],
        [
          471,
          -33.19715881347656
        ],
        [
          472,
          832.0504760742188
        ],
        [
          473,
          567.1312866210938
        ],
        [
          474,
          990.6384887695312
        ],
        [
          475,
          1338.7135009765625
        ],
        [
          476,
          246.29396057128906
        ],
        [
          477,
          225.95843505859375
        ],
        [
          478,
          1139.4949951171875
        ],
        [
          479,
          357.54510498046875
        ],
        [
          480,
          1298.87939453125
        ],
        [
          481,
          839.4743041992188
        ],
        [
          482,
          404.4334411621094
        ],
        [
          483,
          596.67333984375
        ],
        [
          484,
          19.363948822021484
        ],
        [
          485,
          1163.39306640625
        ],
        [
          486,
          500.5572509765625
        ],
        [
          487,
          458.5510559082031
        ],
        [
          488,
          -383.5344543457031
        ],
        [
          489,
          825.481689453125
        ],
        [
          490,
          626.0330200195312
        ],
        [
          491,
          77.21623229980469
        ],
        [
          492,
          1404.463134765625
        ],
        [
          493,
          327.966552734375
        ],
        [
          494,
          216.7979278564453
        ],
        [
          495,
          775.959228515625
        ],
        [
          496,
          420.1213684082031
        ],
        [
          497,
          -314.6400451660156
        ],
        [
          498,
          555.4822998046875
        ],
        [
          499,
          920.8896484375
        ],
        [
          500,
          62.42390441894531
        ],
        [
          501,
          812.9030151367188
        ],
        [
          502,
          826.124267578125
        ],
        [
          503,
          177.36109924316406
        ],
        [
          504,
          142.39517211914062
        ],
        [
          505,
          372.294189453125
        ],
        [
          506,
          50.36509323120117
        ],
        [
          507,
          1503.9910888671875
        ],
        [
          508,
          984.706298828125
        ],
        [
          509,
          802.7128295898438
        ],
        [
          510,
          749.206298828125
        ],
        [
          511,
          413.8360900878906
        ],
        [
          512,
          399.5066223144531
        ],
        [
          513,
          -113.93444061279297
        ],
        [
          514,
          761.06103515625
        ],
        [
          515,
          -11.127994537353516
        ],
        [
          516,
          894.6668090820312
        ],
        [
          517,
          753.41943359375
        ],
        [
          518,
          767.1967163085938
        ],
        [
          519,
          685.3223266601562
        ],
        [
          520,
          813.8634643554688
        ],
        [
          521,
          1184.9132080078125
        ],
        [
          522,
          457.41241455078125
        ],
        [
          523,
          14.89577865600586
        ],
        [
          524,
          1046.248779296875
        ],
        [
          525,
          278.21990966796875
        ],
        [
          526,
          677.4641723632812
        ],
        [
          527,
          581.8513793945312
        ],
        [
          528,
          653.2874145507812
        ],
        [
          529,
          890.908203125
        ],
        [
          530,
          -33.51420974731445
        ],
        [
          531,
          1163.516357421875
        ],
        [
          532,
          286.3714904785156
        ],
        [
          533,
          965.6858520507812
        ],
        [
          534,
          1018.2278442382812
        ],
        [
          535,
          281.9312744140625
        ],
        [
          536,
          345.0699462890625
        ],
        [
          537,
          1005.8341674804688
        ],
        [
          538,
          283.5276794433594
        ],
        [
          539,
          236.9030303955078
        ],
        [
          540,
          513.7041015625
        ],
        [
          541,
          66.3773193359375
        ],
        [
          542,
          629.174560546875
        ],
        [
          543,
          190.6938018798828
        ],
        [
          544,
          815.093994140625
        ],
        [
          545,
          537.8592529296875
        ],
        [
          546,
          152.57159423828125
        ],
        [
          547,
          582.1406860351562
        ],
        [
          548,
          1067.634765625
        ],
        [
          549,
          764.4829711914062
        ],
        [
          550,
          1011.5306396484375
        ],
        [
          551,
          893.9694213867188
        ],
        [
          552,
          236.77313232421875
        ],
        [
          553,
          914.3259887695312
        ],
        [
          554,
          520.08544921875
        ],
        [
          555,
          1415.631103515625
        ],
        [
          556,
          497.3456726074219
        ],
        [
          557,
          668.362060546875
        ],
        [
          558,
          366.48468017578125
        ],
        [
          559,
          640.9597778320312
        ],
        [
          560,
          469.9327697753906
        ],
        [
          561,
          775.1176147460938
        ],
        [
          562,
          -139.09320068359375
        ],
        [
          563,
          5.054779052734375
        ],
        [
          564,
          775.6450805664062
        ],
        [
          565,
          606.0762329101562
        ],
        [
          566,
          563.5120239257812
        ],
        [
          567,
          686.151611328125
        ],
        [
          568,
          512.428466796875
        ],
        [
          569,
          -99.96903991699219
        ],
        [
          570,
          35.711849212646484
        ],
        [
          571,
          815.2696533203125
        ],
        [
          572,
          681.8709106445312
        ],
        [
          573,
          -48.955379486083984
        ],
        [
          574,
          771.6967163085938
        ],
        [
          575,
          87.78705596923828
        ],
        [
          576,
          1124.2945556640625
        ],
        [
          577,
          987.0775756835938
        ],
        [
          578,
          651.91455078125
        ],
        [
          579,
          261.28057861328125
        ],
        [
          580,
          -971.9901733398438
        ],
        [
          581,
          229.18380737304688
        ],
        [
          582,
          413.2960510253906
        ],
        [
          583,
          -287.6079406738281
        ],
        [
          584,
          498.1408996582031
        ],
        [
          585,
          672.1702880859375
        ],
        [
          586,
          1023.7757568359375
        ],
        [
          587,
          158.8565216064453
        ],
        [
          588,
          421.957763671875
        ],
        [
          589,
          463.9483947753906
        ],
        [
          590,
          -354.51300048828125
        ],
        [
          591,
          87.95442962646484
        ],
        [
          592,
          275.8193054199219
        ],
        [
          593,
          1055.0333251953125
        ],
        [
          594,
          276.36614990234375
        ],
        [
          595,
          846.2700805664062
        ],
        [
          596,
          11.731682777404785
        ],
        [
          597,
          -636.8987426757812
        ],
        [
          598,
          -736.701416015625
        ],
        [
          599,
          618.3373413085938
        ],
        [
          600,
          603.2327270507812
        ],
        [
          601,
          201.09249877929688
        ],
        [
          602,
          445.5357360839844
        ],
        [
          603,
          487.3566589355469
        ],
        [
          604,
          131.68516540527344
        ],
        [
          605,
          762.7459106445312
        ],
        [
          606,
          180.86302185058594
        ],
        [
          607,
          848.6404418945312
        ],
        [
          608,
          151.3101043701172
        ],
        [
          609,
          -599.1986694335938
        ],
        [
          610,
          631.260009765625
        ],
        [
          611,
          687.8797607421875
        ],
        [
          612,
          613.0484008789062
        ],
        [
          613,
          19.776641845703125
        ],
        [
          614,
          76.71475219726562
        ],
        [
          615,
          554.9610595703125
        ],
        [
          616,
          -154.39039611816406
        ],
        [
          617,
          145.72732543945312
        ],
        [
          618,
          384.8504333496094
        ],
        [
          619,
          370.9499206542969
        ],
        [
          620,
          471.6958312988281
        ],
        [
          621,
          -145.71873474121094
        ],
        [
          622,
          945.4610595703125
        ],
        [
          623,
          -31.301380157470703
        ],
        [
          624,
          1081.9505615234375
        ],
        [
          625,
          647.7412109375
        ],
        [
          626,
          797.5280151367188
        ],
        [
          627,
          746.615478515625
        ],
        [
          628,
          747.0684814453125
        ],
        [
          629,
          -181.84613037109375
        ],
        [
          630,
          591.0921630859375
        ],
        [
          631,
          599.26953125
        ],
        [
          632,
          254.51876831054688
        ],
        [
          633,
          -66.82864379882812
        ],
        [
          634,
          144.4877166748047
        ],
        [
          635,
          514.918212890625
        ],
        [
          636,
          603.6040649414062
        ],
        [
          637,
          353.226318359375
        ],
        [
          638,
          -31.768817901611328
        ],
        [
          639,
          -39.23440933227539
        ],
        [
          640,
          894.1981811523438
        ],
        [
          641,
          971.0010986328125
        ],
        [
          642,
          325.5830993652344
        ],
        [
          643,
          1207.663330078125
        ],
        [
          644,
          124.09815979003906
        ],
        [
          645,
          744.9971313476562
        ],
        [
          646,
          1212.58447265625
        ],
        [
          647,
          703.7791748046875
        ],
        [
          648,
          762.5614013671875
        ],
        [
          649,
          593.3948974609375
        ],
        [
          650,
          1253.1990966796875
        ],
        [
          651,
          606.3384399414062
        ],
        [
          652,
          354.2049865722656
        ],
        [
          653,
          505.3455505371094
        ],
        [
          654,
          562.8619995117188
        ],
        [
          655,
          -873.00537109375
        ],
        [
          656,
          -321.1418151855469
        ],
        [
          657,
          746.8052978515625
        ],
        [
          658,
          280.3550720214844
        ],
        [
          659,
          -851.997802734375
        ],
        [
          660,
          1378.427978515625
        ],
        [
          661,
          25.837034225463867
        ],
        [
          662,
          -162.3478240966797
        ],
        [
          663,
          -721.5906982421875
        ],
        [
          664,
          -265.54931640625
        ],
        [
          665,
          125.74441528320312
        ],
        [
          666,
          408.9136657714844
        ],
        [
          667,
          829.515869140625
        ],
        [
          668,
          98.5802001953125
        ],
        [
          669,
          831.4447021484375
        ],
        [
          670,
          683.2396850585938
        ],
        [
          671,
          -320.9617919921875
        ],
        [
          672,
          152.47027587890625
        ],
        [
          673,
          -221.77252197265625
        ],
        [
          674,
          272.9627380371094
        ],
        [
          675,
          -224.95135498046875
        ],
        [
          676,
          -138.52247619628906
        ],
        [
          677,
          358.1690673828125
        ],
        [
          678,
          759.75439453125
        ],
        [
          679,
          877.3624267578125
        ],
        [
          680,
          491.7586364746094
        ],
        [
          681,
          27.33207130432129
        ],
        [
          682,
          82.45420837402344
        ],
        [
          683,
          1159.467041015625
        ],
        [
          684,
          1053.0804443359375
        ],
        [
          685,
          484.536865234375
        ],
        [
          686,
          500.52593994140625
        ],
        [
          687,
          49.975311279296875
        ],
        [
          688,
          359.6380920410156
        ],
        [
          689,
          629.6424560546875
        ],
        [
          690,
          55.689674377441406
        ],
        [
          691,
          -495.9509582519531
        ],
        [
          692,
          364.5641784667969
        ],
        [
          693,
          -246.10845947265625
        ],
        [
          694,
          -317.5401306152344
        ],
        [
          695,
          -685.6725463867188
        ],
        [
          696,
          487.2086181640625
        ],
        [
          697,
          -338.8127746582031
        ],
        [
          698,
          90.02068328857422
        ],
        [
          699,
          1558.0489501953125
        ],
        [
          700,
          748.130615234375
        ],
        [
          701,
          1232.1331787109375
        ],
        [
          702,
          713.8453979492188
        ],
        [
          703,
          -45.270057678222656
        ],
        [
          704,
          179.88597106933594
        ],
        [
          705,
          513.755615234375
        ],
        [
          706,
          388.8395690917969
        ],
        [
          707,
          931.505859375
        ],
        [
          708,
          789.1729736328125
        ],
        [
          709,
          -93.43782043457031
        ],
        [
          710,
          656.7869262695312
        ],
        [
          711,
          797.900146484375
        ],
        [
          712,
          814.6471557617188
        ],
        [
          713,
          231.04164123535156
        ],
        [
          714,
          1030.3978271484375
        ],
        [
          715,
          1286.98095703125
        ],
        [
          716,
          -87.35261535644531
        ],
        [
          717,
          -248.33071899414062
        ],
        [
          718,
          -273.36907958984375
        ],
        [
          719,
          852.254150390625
        ],
        [
          720,
          -289.1459045410156
        ],
        [
          721,
          -337.7582092285156
        ],
        [
          722,
          399.3710632324219
        ],
        [
          723,
          518.78662109375
        ],
        [
          724,
          -176.15328979492188
        ],
        [
          725,
          1177.3267822265625
        ],
        [
          726,
          1752.9595947265625
        ],
        [
          727,
          -811.907470703125
        ],
        [
          728,
          749.8902587890625
        ],
        [
          729,
          10.43899917602539
        ],
        [
          730,
          212.33157348632812
        ],
        [
          731,
          164.14376831054688
        ],
        [
          732,
          80.35286712646484
        ],
        [
          733,
          424.44403076171875
        ],
        [
          734,
          846.62744140625
        ],
        [
          735,
          -922.1896362304688
        ],
        [
          736,
          501.04345703125
        ],
        [
          737,
          -19.333900451660156
        ],
        [
          738,
          -85.3818588256836
        ],
        [
          739,
          244.24317932128906
        ],
        [
          740,
          -503.3045959472656
        ],
        [
          741,
          -9.540006637573242
        ],
        [
          742,
          480.88946533203125
        ],
        [
          743,
          37.67500305175781
        ],
        [
          744,
          -656.380615234375
        ],
        [
          745,
          493.461181640625
        ],
        [
          746,
          361.62493896484375
        ],
        [
          747,
          1293.3399658203125
        ],
        [
          748,
          -1374.4892578125
        ],
        [
          749,
          -681.155029296875
        ],
        [
          750,
          1254.8717041015625
        ],
        [
          751,
          -189.21817016601562
        ],
        [
          752,
          -960.494384765625
        ],
        [
          753,
          875.373046875
        ],
        [
          754,
          420.92059326171875
        ],
        [
          755,
          150.09005737304688
        ],
        [
          756,
          982.9816284179688
        ],
        [
          757,
          -397.101806640625
        ],
        [
          758,
          685.8328857421875
        ],
        [
          759,
          -370.23358154296875
        ],
        [
          760,
          1356.9569091796875
        ],
        [
          761,
          78.61766052246094
        ],
        [
          762,
          102.90129089355469
        ],
        [
          763,
          645.8839111328125
        ],
        [
          764,
          496.9800720214844
        ],
        [
          765,
          697.52734375
        ],
        [
          766,
          -61.95835876464844
        ],
        [
          767,
          309.8705139160156
        ],
        [
          768,
          -799.5643310546875
        ],
        [
          769,
          794.4591064453125
        ],
        [
          770,
          390.7053527832031
        ],
        [
          771,
          -537.8689575195312
        ],
        [
          772,
          423.9049987792969
        ],
        [
          773,
          832.4190063476562
        ],
        [
          774,
          382.2173156738281
        ],
        [
          775,
          -566.520751953125
        ],
        [
          776,
          371.28302001953125
        ],
        [
          777,
          386.72576904296875
        ],
        [
          778,
          -316.4199523925781
        ],
        [
          779,
          136.70631408691406
        ],
        [
          780,
          320.6143493652344
        ],
        [
          781,
          521.0975341796875
        ],
        [
          782,
          808.2694702148438
        ],
        [
          783,
          694.5947875976562
        ],
        [
          784,
          931.8334350585938
        ],
        [
          785,
          -1040.6497802734375
        ],
        [
          786,
          -1070.5872802734375
        ],
        [
          787,
          -148.16769409179688
        ],
        [
          788,
          160.25181579589844
        ],
        [
          789,
          -905.8421020507812
        ],
        [
          790,
          -423.7929382324219
        ],
        [
          791,
          -38.019439697265625
        ],
        [
          792,
          86.79621124267578
        ],
        [
          793,
          497.5387268066406
        ],
        [
          794,
          -708.0844116210938
        ],
        [
          795,
          592.9178466796875
        ],
        [
          796,
          1230.2054443359375
        ],
        [
          797,
          82.39543151855469
        ],
        [
          798,
          915.6355590820312
        ],
        [
          799,
          123.38671112060547
        ],
        [
          800,
          234.31024169921875
        ],
        [
          801,
          -317.4815673828125
        ],
        [
          802,
          142.8533477783203
        ],
        [
          803,
          -648.2689819335938
        ],
        [
          804,
          701.6610107421875
        ],
        [
          805,
          906.2295532226562
        ],
        [
          806,
          1222.353515625
        ],
        [
          807,
          -603.4739990234375
        ],
        [
          808,
          740.6407470703125
        ],
        [
          809,
          -1129.2064208984375
        ],
        [
          810,
          678.1708984375
        ],
        [
          811,
          -1033.858642578125
        ],
        [
          812,
          268.9671936035156
        ],
        [
          813,
          315.955078125
        ],
        [
          814,
          -810.4619750976562
        ],
        [
          815,
          834.8378295898438
        ],
        [
          816,
          -124.41935729980469
        ],
        [
          817,
          1743.825927734375
        ],
        [
          818,
          -367.4249267578125
        ],
        [
          819,
          682.047119140625
        ],
        [
          820,
          -615.2103271484375
        ],
        [
          821,
          -595.9300537109375
        ],
        [
          822,
          229.26722717285156
        ],
        [
          823,
          -433.18798828125
        ],
        [
          824,
          1381.33544921875
        ],
        [
          825,
          81.79039764404297
        ],
        [
          826,
          165.81129455566406
        ],
        [
          827,
          -333.54150390625
        ],
        [
          828,
          341.8214416503906
        ],
        [
          829,
          -108.92462921142578
        ],
        [
          830,
          -49.35406494140625
        ],
        [
          831,
          562.353271484375
        ],
        [
          832,
          1306.332763671875
        ],
        [
          833,
          343.48321533203125
        ],
        [
          834,
          636.285400390625
        ],
        [
          835,
          -498.3282775878906
        ],
        [
          836,
          511.9058532714844
        ],
        [
          837,
          476.4671630859375
        ],
        [
          838,
          -332.49444580078125
        ],
        [
          839,
          -111.73023986816406
        ],
        [
          840,
          119.15298461914062
        ],
        [
          841,
          -1101.9312744140625
        ],
        [
          842,
          589.9444580078125
        ],
        [
          843,
          1281.43505859375
        ],
        [
          844,
          432.059326171875
        ],
        [
          845,
          906.1329345703125
        ],
        [
          846,
          -1309.391845703125
        ],
        [
          847,
          271.7195129394531
        ],
        [
          848,
          -88.824462890625
        ],
        [
          849,
          -475.15972900390625
        ],
        [
          850,
          676.314697265625
        ],
        [
          851,
          658.2825317382812
        ],
        [
          852,
          -177.03367614746094
        ],
        [
          853,
          -146.67626953125
        ],
        [
          854,
          -77.60456085205078
        ],
        [
          855,
          104.81087493896484
        ],
        [
          856,
          522.80908203125
        ],
        [
          857,
          -120.88106536865234
        ],
        [
          858,
          1284.2054443359375
        ],
        [
          859,
          -349.62677001953125
        ],
        [
          860,
          1330.2984619140625
        ],
        [
          861,
          101.971923828125
        ],
        [
          862,
          554.2050170898438
        ],
        [
          863,
          844.7680053710938
        ],
        [
          864,
          1347.99658203125
        ],
        [
          865,
          813.7868041992188
        ],
        [
          866,
          -177.13475036621094
        ],
        [
          867,
          847.3364868164062
        ],
        [
          868,
          676.6607055664062
        ],
        [
          869,
          -367.2322082519531
        ],
        [
          870,
          80.44631958007812
        ],
        [
          871,
          -139.0286102294922
        ],
        [
          872,
          -514.0885009765625
        ],
        [
          873,
          552.5302734375
        ],
        [
          874,
          -1191.40283203125
        ],
        [
          875,
          330.5703125
        ],
        [
          876,
          511.95318603515625
        ],
        [
          877,
          48.77395248413086
        ],
        [
          878,
          1302.68212890625
        ],
        [
          879,
          505.31500244140625
        ],
        [
          880,
          1334.5118408203125
        ],
        [
          881,
          852.1607055664062
        ],
        [
          882,
          64.30570983886719
        ],
        [
          883,
          508.7733154296875
        ],
        [
          884,
          970.425537109375
        ],
        [
          885,
          480.3682556152344
        ],
        [
          886,
          -191.09274291992188
        ],
        [
          887,
          -509.5459289550781
        ],
        [
          888,
          292.5318908691406
        ],
        [
          889,
          327.93743896484375
        ],
        [
          890,
          74.33700561523438
        ],
        [
          891,
          722.1914672851562
        ],
        [
          892,
          283.6888427734375
        ],
        [
          893,
          638.489501953125
        ],
        [
          894,
          1467.2041015625
        ],
        [
          895,
          -181.63101196289062
        ],
        [
          896,
          686.665771484375
        ],
        [
          897,
          348.9710998535156
        ],
        [
          898,
          340.5532531738281
        ],
        [
          899,
          299.64013671875
        ],
        [
          900,
          1444.5008544921875
        ],
        [
          901,
          -359.57293701171875
        ],
        [
          902,
          894.7214965820312
        ],
        [
          903,
          503.6469421386719
        ],
        [
          904,
          1070.9892578125
        ],
        [
          905,
          -184.76986694335938
        ],
        [
          906,
          -766.2774658203125
        ],
        [
          907,
          57.31757354736328
        ],
        [
          908,
          -711.3222045898438
        ],
        [
          909,
          1426.4122314453125
        ],
        [
          910,
          872.3109741210938
        ],
        [
          911,
          -403.41473388671875
        ],
        [
          912,
          488.7691650390625
        ],
        [
          913,
          -505.7979736328125
        ],
        [
          914,
          59.058902740478516
        ],
        [
          915,
          -177.45448303222656
        ],
        [
          916,
          31.325281143188477
        ],
        [
          917,
          485.5430908203125
        ],
        [
          918,
          341.8095397949219
        ],
        [
          919,
          311.5988464355469
        ],
        [
          920,
          395.5256652832031
        ],
        [
          921,
          -418.0447082519531
        ],
        [
          922,
          681.1583251953125
        ],
        [
          923,
          676.6716918945312
        ],
        [
          924,
          485.2550048828125
        ],
        [
          925,
          496.0396728515625
        ],
        [
          926,
          822.406982421875
        ],
        [
          927,
          657.337890625
        ],
        [
          928,
          301.45452880859375
        ],
        [
          929,
          974.88330078125
        ],
        [
          930,
          -1303.3856201171875
        ],
        [
          931,
          289.58819580078125
        ],
        [
          932,
          528.8519897460938
        ],
        [
          933,
          982.6923217773438
        ],
        [
          934,
          659.6319580078125
        ],
        [
          935,
          514.4235229492188
        ],
        [
          936,
          -911.2938842773438
        ],
        [
          937,
          1386.8333740234375
        ],
        [
          938,
          1382.992919921875
        ],
        [
          939,
          667.2896728515625
        ],
        [
          940,
          961.6890258789062
        ],
        [
          941,
          39.439117431640625
        ],
        [
          942,
          21.31903648376465
        ],
        [
          943,
          -797.70068359375
        ],
        [
          944,
          -243.34654235839844
        ],
        [
          945,
          18.19928550720215
        ],
        [
          946,
          -201.4653778076172
        ],
        [
          947,
          976.140380859375
        ],
        [
          948,
          -174.20452880859375
        ],
        [
          949,
          -227.87698364257812
        ],
        [
          950,
          34.367218017578125
        ],
        [
          951,
          -449.52874755859375
        ],
        [
          952,
          1454.3067626953125
        ],
        [
          953,
          -444.3365783691406
        ],
        [
          954,
          -815.484130859375
        ],
        [
          955,
          -249.96759033203125
        ],
        [
          956,
          975.210693359375
        ],
        [
          957,
          -595.128173828125
        ],
        [
          958,
          29.847402572631836
        ],
        [
          959,
          441.85955810546875
        ],
        [
          960,
          -807.0836181640625
        ],
        [
          961,
          302.2796325683594
        ],
        [
          962,
          33.13692855834961
        ],
        [
          963,
          236.09434509277344
        ],
        [
          964,
          504.9679260253906
        ],
        [
          965,
          307.2170715332031
        ],
        [
          966,
          297.9786376953125
        ],
        [
          967,
          503.0826416015625
        ],
        [
          968,
          502.4305725097656
        ],
        [
          969,
          294.7918701171875
        ],
        [
          970,
          504.3406677246094
        ],
        [
          971,
          1321.6021728515625
        ],
        [
          972,
          -478.2936096191406
        ],
        [
          973,
          -199.8380584716797
        ],
        [
          974,
          -471.483642578125
        ],
        [
          975,
          498.7310791015625
        ],
        [
          976,
          661.48486328125
        ],
        [
          977,
          493.3385009765625
        ],
        [
          978,
          7.768848896026611
        ],
        [
          979,
          285.2949523925781
        ],
        [
          980,
          291.70318603515625
        ],
        [
          981,
          16.38959503173828
        ],
        [
          982,
          996.5630493164062
        ],
        [
          983,
          297.3495788574219
        ],
        [
          984,
          -382.4665832519531
        ],
        [
          985,
          1484.5679931640625
        ],
        [
          986,
          990.4619140625
        ],
        [
          987,
          291.1689758300781
        ],
        [
          988,
          9.987552642822266
        ],
        [
          989,
          664.5987548828125
        ],
        [
          990,
          852.8985595703125
        ],
        [
          991,
          222.57373046875
        ],
        [
          992,
          -988.7168579101562
        ],
        [
          993,
          500.3980407714844
        ],
        [
          994,
          -495.369384765625
        ],
        [
          995,
          667.770263671875
        ],
        [
          996,
          500.7842712402344
        ],
        [
          997,
          1.653112769126892
        ],
        [
          998,
          -284.3963623046875
        ],
        [
          999,
          0.5104915499687195
        ]
      ],
      "last": 0.5104915499687195
    },
    "eval_win_rate": {
      "path": "reports/selfplay_fixed_ant/curves/20260603_113517__eval_win_rate.svg",
      "points": [
        [
          0,
          0.0
        ],
        [
          1,
          0.0
        ],
        [
          2,
          0.0
        ],
        [
          3,
          0.0
        ],
        [
          4,
          0.0
        ],
        [
          5,
          0.0
        ],
        [
          6,
          0.25
        ],
        [
          7,
          0.0
        ],
        [
          8,
          0.0
        ],
        [
          9,
          0.0
        ],
        [
          10,
          0.0
        ],
        [
          11,
          0.0
        ],
        [
          12,
          0.0
        ],
        [
          13,
          0.0
        ],
        [
          14,
          0.0
        ],
        [
          15,
          0.1666666716337204
        ],
        [
          16,
          0.3333333432674408
        ],
        [
          17,
          0.0
        ],
        [
          18,
          0.3333333432674408
        ],
        [
          19,
          0.0
        ],
        [
          20,
          0.0
        ],
        [
          21,
          0.0
        ],
        [
          22,
          0.0
        ],
        [
          23,
          0.0
        ],
        [
          24,
          0.25
        ],
        [
          25,
          0.0
        ],
        [
          26,
          0.0
        ],
        [
          27,
          0.0
        ],
        [
          28,
          0.0
        ],
        [
          29,
          0.0
        ],
        [
          30,
          0.0
        ],
        [
          31,
          0.0
        ],
        [
          32,
          0.0
        ],
        [
          33,
          0.25
        ],
        [
          34,
          0.0
        ],
        [
          35,
          0.25
        ],
        [
          36,
          0.0
        ],
        [
          37,
          0.0
        ],
        [
          38,
          0.0
        ],
        [
          39,
          0.0
        ],
        [
          40,
          0.0
        ],
        [
          41,
          0.0
        ],
        [
          42,
          0.0
        ],
        [
          43,
          0.0
        ],
        [
          44,
          0.0
        ],
        [
          45,
          0.0
        ],
        [
          46,
          0.0
        ],
        [
          47,
          0.5
        ],
        [
          48,
          0.0
        ],
        [
          49,
          0.25
        ],
        [
          50,
          0.4000000059604645
        ],
        [
          51,
          0.4000000059604645
        ],
        [
          52,
          0.0
        ],
        [
          53,
          0.25
        ],
        [
          54,
          0.20000000298023224
        ],
        [
          55,
          0.25
        ],
        [
          56,
          0.0
        ],
        [
          57,
          0.5
        ],
        [
          58,
          0.25
        ],
        [
          59,
          0.1428571492433548
        ],
        [
          60,
          0.0
        ],
        [
          61,
          0.20000000298023224
        ],
        [
          62,
          0.0
        ],
        [
          63,
          0.3333333432674408
        ],
        [
          64,
          0.2857142984867096
        ],
        [
          65,
          0.0
        ],
        [
          66,
          0.5
        ],
        [
          67,
          0.4285714328289032
        ],
        [
          68,
          0.0
        ],
        [
          69,
          0.2857142984867096
        ],
        [
          70,
          0.4000000059604645
        ],
        [
          71,
          0.25
        ],
        [
          72,
          0.1428571492433548
        ],
        [
          73,
          0.5
        ],
        [
          74,
          0.5714285969734192
        ],
        [
          75,
          0.6000000238418579
        ],
        [
          76,
          0.6000000238418579
        ],
        [
          77,
          0.4000000059604645
        ],
        [
          78,
          0.0
        ],
        [
          79,
          0.25
        ],
        [
          80,
          0.4000000059604645
        ],
        [
          81,
          0.5714285969734192
        ],
        [
          82,
          0.25
        ],
        [
          83,
          0.1666666716337204
        ],
        [
          84,
          0.2857142984867096
        ],
        [
          85,
          0.75
        ],
        [
          86,
          0.2857142984867096
        ],
        [
          87,
          0.2857142984867096
        ],
        [
          88,
          0.8571428656578064
        ],
        [
          89,
          0.6666666865348816
        ],
        [
          90,
          0.0
        ],
        [
          91,
          0.3333333432674408
        ],
        [
          92,
          0.5714285969734192
        ],
        [
          93,
          0.20000000298023224
        ],
        [
          94,
          0.4000000059604645
        ],
        [
          95,
          0.5714285969734192
        ],
        [
          96,
          0.6666666865348816
        ],
        [
          97,
          0.5
        ],
        [
          98,
          0.375
        ],
        [
          99,
          0.3333333432674408
        ],
        [
          100,
          0.5
        ],
        [
          101,
          0.1428571492433548
        ],
        [
          102,
          0.25
        ],
        [
          103,
          0.1428571492433548
        ],
        [
          104,
          0.20000000298023224
        ],
        [
          105,
          0.25
        ],
        [
          106,
          0.25
        ],
        [
          107,
          0.5
        ],
        [
          108,
          0.4285714328289032
        ],
        [
          109,
          0.0
        ],
        [
          110,
          0.5
        ],
        [
          111,
          0.5714285969734192
        ],
        [
          112,
          0.6666666865348816
        ],
        [
          113,
          0.4285714328289032
        ],
        [
          114,
          0.5
        ],
        [
          115,
          0.25
        ],
        [
          116,
          0.4000000059604645
        ],
        [
          117,
          0.0
        ],
        [
          118,
          0.375
        ],
        [
          119,
          0.6666666865348816
        ],
        [
          120,
          0.4000000059604645
        ],
        [
          121,
          0.6000000238418579
        ],
        [
          122,
          0.7142857313156128
        ],
        [
          123,
          0.4000000059604645
        ],
        [
          124,
          0.5
        ],
        [
          125,
          0.20000000298023224
        ],
        [
          126,
          0.2857142984867096
        ],
        [
          127,
          0.5714285969734192
        ],
        [
          128,
          0.1428571492433548
        ],
        [
          129,
          0.3333333432674408
        ],
        [
          130,
          0.25
        ],
        [
          131,
          0.2222222238779068
        ],
        [
          132,
          0.625
        ],
        [
          133,
          0.25
        ],
        [
          134,
          0.25
        ],
        [
          135,
          0.1666666716337204
        ],
        [
          136,
          0.3333333432674408
        ],
        [
          137,
          0.0
        ],
        [
          138,
          0.4285714328289032
        ],
        [
          139,
          0.2857142984867096
        ],
        [
          140,
          0.4285714328289032
        ],
        [
          141,
          0.5
        ],
        [
          142,
          0.0
        ],
        [
          143,
          0.125
        ],
        [
          144,
          0.625
        ],
        [
          145,
          0.1111111119389534
        ],
        [
          146,
          0.5
        ],
        [
          147,
          0.25
        ],
        [
          148,
          0.5714285969734192
        ],
        [
          149,
          0.4285714328289032
        ],
        [
          150,
          0.25
        ],
        [
          151,
          0.1428571492433548
        ],
        [
          152,
          0.25
        ],
        [
          153,
          0.2857142984867096
        ],
        [
          154,
          0.6000000238418579
        ],
        [
          155,
          0.3333333432674408
        ],
        [
          156,
          0.3333333432674408
        ],
        [
          157,
          0.5714285969734192
        ],
        [
          158,
          0.5
        ],
        [
          159,
          0.5
        ],
        [
          160,
          0.7777777910232544
        ],
        [
          161,
          0.6000000238418579
        ],
        [
          162,
          0.25
        ],
        [
          163,
          0.1666666716337204
        ],
        [
          164,
          0.375
        ],
        [
          165,
          0.4285714328289032
        ],
        [
          166,
          0.3333333432674408
        ],
        [
          167,
          0.2857142984867096
        ],
        [
          168,
          0.6000000238418579
        ],
        [
          169,
          0.5
        ],
        [
          170,
          0.375
        ],
        [
          171,
          0.5
        ],
        [
          172,
          0.6000000238418579
        ],
        [
          173,
          0.4444444477558136
        ],
        [
          174,
          0.6666666865348816
        ],
        [
          175,
          0.5714285969734192
        ],
        [
          176,
          0.1428571492433548
        ],
        [
          177,
          0.2857142984867096
        ],
        [
          178,
          1.0
        ],
        [
          179,
          0.6666666865348816
        ],
        [
          180,
          0.8571428656578064
        ],
        [
          181,
          0.6000000238418579
        ],
        [
          182,
          0.800000011920929
        ],
        [
          183,
          0.2857142984867096
        ],
        [
          184,
          0.8571428656578064
        ],
        [
          185,
          0.625
        ],
        [
          186,
          0.75
        ],
        [
          187,
          0.6666666865348816
        ],
        [
          188,
          0.4444444477558136
        ],
        [
          189,
          0.1666666716337204
        ],
        [
          190,
          0.5
        ],
        [
          191,
          0.5
        ],
        [
          192,
          0.8333333134651184
        ],
        [
          193,
          0.25
        ],
        [
          194,
          0.8571428656578064
        ],
        [
          195,
          0.5555555820465088
        ],
        [
          196,
          0.5
        ],
        [
          197,
          0.75
        ],
        [
          198,
          0.5
        ],
        [
          199,
          0.75
        ],
        [
          200,
          0.1666666716337204
        ],
        [
          201,
          0.0
        ],
        [
          202,
          0.3333333432674408
        ],
        [
          203,
          0.4545454680919647
        ],
        [
          204,
          0.5
        ],
        [
          205,
          0.6666666865348816
        ],
        [
          206,
          0.0
        ],
        [
          207,
          0.5
        ],
        [
          208,
          0.4285714328289032
        ],
        [
          209,
          0.6666666865348816
        ],
        [
          210,
          0.4000000059604645
        ],
        [
          211,
          0.1111111119389534
        ],
        [
          212,
          0.6666666865348816
        ],
        [
          213,
          0.3333333432674408
        ],
        [
          214,
          0.5
        ],
        [
          215,
          0.0
        ],
        [
          216,
          0.3333333432674408
        ],
        [
          217,
          0.4000000059604645
        ],
        [
          218,
          0.625
        ],
        [
          219,
          0.5
        ],
        [
          220,
          0.4444444477558136
        ],
        [
          221,
          0.8333333134651184
        ],
        [
          222,
          0.3333333432674408
        ],
        [
          223,
          0.7142857313156128
        ],
        [
          224,
          0.5
        ],
        [
          225,
          0.1666666716337204
        ],
        [
          226,
          0.25
        ],
        [
          227,
          0.5
        ],
        [
          228,
          0.5
        ],
        [
          229,
          0.2857142984867096
        ],
        [
          230,
          0.3333333432674408
        ],
        [
          231,
          0.125
        ],
        [
          232,
          0.4285714328289032
        ],
        [
          233,
          0.5
        ],
        [
          234,
          0.375
        ],
        [
          235,
          0.8571428656578064
        ],
        [
          236,
          0.1428571492433548
        ],
        [
          237,
          0.75
        ],
        [
          238,
          0.25
        ],
        [
          239,
          0.7142857313156128
        ],
        [
          240,
          0.6666666865348816
        ],
        [
          241,
          0.25
        ],
        [
          242,
          0.2857142984867096
        ],
        [
          243,
          0.3333333432674408
        ],
        [
          244,
          0.875
        ],
        [
          245,
          0.0
        ],
        [
          246,
          0.25
        ],
        [
          247,
          0.5714285969734192
        ],
        [
          248,
          0.20000000298023224
        ],
        [
          249,
          0.6666666865348816
        ],
        [
          250,
          0.8333333134651184
        ],
        [
          251,
          0.5
        ],
        [
          252,
          0.375
        ],
        [
          253,
          0.6000000238418579
        ],
        [
          254,
          0.625
        ],
        [
          255,
          0.2857142984867096
        ],
        [
          256,
          0.25
        ],
        [
          257,
          0.4285714328289032
        ],
        [
          258,
          0.5
        ],
        [
          259,
          0.125
        ],
        [
          260,
          0.2857142984867096
        ],
        [
          261,
          0.6000000238418579
        ],
        [
          262,
          0.7142857313156128
        ],
        [
          263,
          0.6000000238418579
        ],
        [
          264,
          0.1666666716337204
        ],
        [
          265,
          0.6000000238418579
        ],
        [
          266,
          0.3333333432674408
        ],
        [
          267,
          0.3333333432674408
        ],
        [
          268,
          0.6000000238418579
        ],
        [
          269,
          0.7142857313156128
        ],
        [
          270,
          0.625
        ],
        [
          271,
          0.625
        ],
        [
          272,
          0.75
        ],
        [
          273,
          0.375
        ],
        [
          274,
          0.3333333432674408
        ],
        [
          275,
          0.8333333134651184
        ],
        [
          276,
          0.5
        ],
        [
          277,
          0.5
        ],
        [
          278,
          0.3333333432674408
        ],
        [
          279,
          0.25
        ],
        [
          280,
          0.25
        ],
        [
          281,
          0.8888888955116272
        ],
        [
          282,
          0.5714285969734192
        ],
        [
          283,
          0.4000000059604645
        ],
        [
          284,
          0.375
        ],
        [
          285,
          0.5714285969734192
        ],
        [
          286,
          0.7142857313156128
        ],
        [
          287,
          0.5714285969734192
        ],
        [
          288,
          0.25
        ],
        [
          289,
          0.5714285969734192
        ],
        [
          290,
          0.5714285969734192
        ],
        [
          291,
          0.25
        ],
        [
          292,
          0.7142857313156128
        ],
        [
          293,
          0.5714285969734192
        ],
        [
          294,
          0.6000000238418579
        ],
        [
          295,
          0.6666666865348816
        ],
        [
          296,
          0.5714285969734192
        ],
        [
          297,
          0.1428571492433548
        ],
        [
          298,
          0.2857142984867096
        ],
        [
          299,
          0.7142857313156128
        ],
        [
          300,
          0.5714285969734192
        ],
        [
          301,
          0.5714285969734192
        ],
        [
          302,
          0.800000011920929
        ],
        [
          303,
          0.2857142984867096
        ],
        [
          304,
          0.6000000238418579
        ],
        [
          305,
          0.3333333432674408
        ],
        [
          306,
          0.5
        ],
        [
          307,
          0.4000000059604645
        ],
        [
          308,
          0.8571428656578064
        ],
        [
          309,
          0.5
        ],
        [
          310,
          0.5714285969734192
        ],
        [
          311,
          0.3333333432674408
        ],
        [
          312,
          0.625
        ],
        [
          313,
          0.6666666865348816
        ],
        [
          314,
          0.6666666865348816
        ],
        [
          315,
          1.0
        ],
        [
          316,
          0.5555555820465088
        ],
        [
          317,
          0.6000000238418579
        ],
        [
          318,
          0.4285714328289032
        ],
        [
          319,
          1.0
        ],
        [
          320,
          0.4000000059604645
        ],
        [
          321,
          0.5
        ],
        [
          322,
          0.5
        ],
        [
          323,
          0.3333333432674408
        ],
        [
          324,
          0.1666666716337204
        ],
        [
          325,
          0.7142857313156128
        ],
        [
          326,
          0.5555555820465088
        ],
        [
          327,
          0.5555555820465088
        ],
        [
          328,
          0.7142857313156128
        ],
        [
          329,
          0.3333333432674408
        ],
        [
          330,
          0.6666666865348816
        ],
        [
          331,
          0.800000011920929
        ],
        [
          332,
          0.75
        ],
        [
          333,
          1.0
        ],
        [
          334,
          0.5
        ],
        [
          335,
          0.7142857313156128
        ],
        [
          336,
          0.625
        ],
        [
          337,
          0.4444444477558136
        ],
        [
          338,
          0.7777777910232544
        ],
        [
          339,
          0.7142857313156128
        ],
        [
          340,
          0.3333333432674408
        ],
        [
          341,
          0.375
        ],
        [
          342,
          0.8571428656578064
        ],
        [
          343,
          0.3333333432674408
        ],
        [
          344,
          0.6666666865348816
        ],
        [
          345,
          0.7142857313156128
        ],
        [
          346,
          0.5
        ],
        [
          347,
          0.6666666865348816
        ],
        [
          348,
          0.4000000059604645
        ],
        [
          349,
          0.75
        ],
        [
          350,
          0.800000011920929
        ],
        [
          351,
          0.625
        ],
        [
          352,
          0.4285714328289032
        ],
        [
          353,
          0.8571428656578064
        ],
        [
          354,
          0.8571428656578064
        ],
        [
          355,
          0.2857142984867096
        ],
        [
          356,
          0.5
        ],
        [
          357,
          0.5
        ],
        [
          358,
          0.8333333134651184
        ],
        [
          359,
          0.75
        ],
        [
          360,
          0.5
        ],
        [
          361,
          0.625
        ],
        [
          362,
          0.4285714328289032
        ],
        [
          363,
          0.7142857313156128
        ],
        [
          364,
          0.4285714328289032
        ],
        [
          365,
          0.3333333432674408
        ],
        [
          366,
          0.8333333134651184
        ],
        [
          367,
          0.6666666865348816
        ],
        [
          368,
          0.4285714328289032
        ],
        [
          369,
          0.5555555820465088
        ],
        [
          370,
          0.5555555820465088
        ],
        [
          371,
          0.7142857313156128
        ],
        [
          372,
          0.6000000238418579
        ],
        [
          373,
          0.4285714328289032
        ],
        [
          374,
          0.7142857313156128
        ],
        [
          375,
          0.7142857313156128
        ],
        [
          376,
          0.6666666865348816
        ],
        [
          377,
          0.5
        ],
        [
          378,
          0.6666666865348816
        ],
        [
          379,
          0.699999988079071
        ],
        [
          380,
          0.1428571492433548
        ],
        [
          381,
          0.5
        ],
        [
          382,
          0.5
        ],
        [
          383,
          0.5714285969734192
        ],
        [
          384,
          0.5
        ],
        [
          385,
          0.4285714328289032
        ],
        [
          386,
          0.5
        ],
        [
          387,
          0.1428571492433548
        ],
        [
          388,
          0.5
        ],
        [
          389,
          0.625
        ],
        [
          390,
          0.5714285969734192
        ],
        [
          391,
          0.7777777910232544
        ],
        [
          392,
          0.7142857313156128
        ],
        [
          393,
          0.6666666865348816
        ],
        [
          394,
          0.4444444477558136
        ],
        [
          395,
          0.625
        ],
        [
          396,
          0.5714285969734192
        ],
        [
          397,
          0.5714285969734192
        ],
        [
          398,
          0.7142857313156128
        ],
        [
          399,
          0.4000000059604645
        ],
        [
          400,
          0.4285714328289032
        ],
        [
          401,
          0.5
        ],
        [
          402,
          0.4285714328289032
        ],
        [
          403,
          0.5
        ],
        [
          404,
          0.6000000238418579
        ],
        [
          405,
          0.7142857313156128
        ],
        [
          406,
          0.5
        ],
        [
          407,
          0.5
        ],
        [
          408,
          0.5
        ],
        [
          409,
          0.625
        ],
        [
          410,
          0.5714285969734192
        ],
        [
          411,
          0.375
        ],
        [
          412,
          0.5
        ],
        [
          413,
          0.625
        ],
        [
          414,
          0.4285714328289032
        ],
        [
          415,
          0.3333333432674408
        ],
        [
          416,
          0.25
        ],
        [
          417,
          0.5714285969734192
        ],
        [
          418,
          0.5
        ],
        [
          419,
          0.800000011920929
        ],
        [
          420,
          0.75
        ],
        [
          421,
          0.4444444477558136
        ],
        [
          422,
          0.6666666865348816
        ],
        [
          423,
          0.8571428656578064
        ],
        [
          424,
          0.5
        ],
        [
          425,
          0.625
        ],
        [
          426,
          0.5
        ],
        [
          427,
          0.5714285969734192
        ],
        [
          428,
          0.7142857313156128
        ],
        [
          429,
          0.6666666865348816
        ],
        [
          430,
          0.1666666716337204
        ],
        [
          431,
          0.625
        ],
        [
          432,
          0.625
        ],
        [
          433,
          0.5
        ],
        [
          434,
          0.625
        ],
        [
          435,
          0.3333333432674408
        ],
        [
          436,
          0.3333333432674408
        ],
        [
          437,
          0.8571428656578064
        ],
        [
          438,
          0.4444444477558136
        ],
        [
          439,
          0.4444444477558136
        ],
        [
          440,
          0.5714285969734192
        ],
        [
          441,
          0.5
        ],
        [
          442,
          0.7142857313156128
        ],
        [
          443,
          0.4000000059604645
        ],
        [
          444,
          0.5
        ],
        [
          445,
          0.5
        ],
        [
          446,
          0.6666666865348816
        ],
        [
          447,
          0.375
        ],
        [
          448,
          0.5
        ],
        [
          449,
          0.4285714328289032
        ],
        [
          450,
          0.4444444477558136
        ],
        [
          451,
          0.5
        ],
        [
          452,
          0.625
        ],
        [
          453,
          0.5555555820465088
        ],
        [
          454,
          0.5714285969734192
        ],
        [
          455,
          0.7142857313156128
        ],
        [
          456,
          0.7142857313156128
        ],
        [
          457,
          0.5714285969734192
        ],
        [
          458,
          0.4285714328289032
        ],
        [
          459,
          0.7142857313156128
        ],
        [
          460,
          0.7142857313156128
        ],
        [
          461,
          0.5
        ],
        [
          462,
          0.5714285969734192
        ],
        [
          463,
          0.2857142984867096
        ],
        [
          464,
          0.5714285969734192
        ],
        [
          465,
          0.75
        ],
        [
          466,
          0.625
        ],
        [
          467,
          0.0
        ],
        [
          468,
          0.625
        ],
        [
          469,
          0.7142857313156128
        ],
        [
          470,
          0.20000000298023224
        ],
        [
          471,
          0.2857142984867096
        ],
        [
          472,
          0.6666666865348816
        ],
        [
          473,
          0.5714285969734192
        ],
        [
          474,
          0.7142857313156128
        ],
        [
          475,
          0.8571428656578064
        ],
        [
          476,
          0.5
        ],
        [
          477,
          0.375
        ],
        [
          478,
          0.8571428656578064
        ],
        [
          479,
          0.5
        ],
        [
          480,
          1.0
        ],
        [
          481,
          0.75
        ],
        [
          482,
          0.4285714328289032
        ],
        [
          483,
          0.6666666865348816
        ],
        [
          484,
          0.3333333432674408
        ],
        [
          485,
          0.8571428656578064
        ],
        [
          486,
          0.5
        ],
        [
          487,
          0.5
        ],
        [
          488,
          0.25
        ],
        [
          489,
          0.7777777910232544
        ],
        [
          490,
          0.6000000238418579
        ],
        [
          491,
          0.375
        ],
        [
          492,
          0.800000011920929
        ],
        [
          493,
          0.5
        ],
        [
          494,
          0.4285714328289032
        ],
        [
          495,
          0.6666666865348816
        ],
        [
          496,
          0.5
        ],
        [
          497,
          0.1428571492433548
        ],
        [
          498,
          0.5
        ],
        [
          499,
          0.6666666865348816
        ],
        [
          500,
          0.2857142984867096
        ],
        [
          501,
          0.75
        ],
        [
          502,
          0.7777777910232544
        ],
        [
          503,
          0.4444444477558136
        ],
        [
          504,
          0.4285714328289032
        ],
        [
          505,
          0.5555555820465088
        ],
        [
          506,
          0.2857142984867096
        ],
        [
          507,
          1.0
        ],
        [
          508,
          0.7142857313156128
        ],
        [
          509,
          0.7142857313156128
        ],
        [
          510,
          0.7142857313156128
        ],
        [
          511,
          0.5555555820465088
        ],
        [
          512,
          0.625
        ],
        [
          513,
          0.3333333432674408
        ],
        [
          514,
          0.75
        ],
        [
          515,
          0.375
        ],
        [
          516,
          0.75
        ],
        [
          517,
          0.6666666865348816
        ],
        [
          518,
          0.7142857313156128
        ],
        [
          519,
          0.6666666865348816
        ],
        [
          520,
          0.75
        ],
        [
          521,
          0.8888888955116272
        ],
        [
          522,
          0.4285714328289032
        ],
        [
          523,
          0.2857142984867096
        ],
        [
          524,
          0.8333333134651184
        ],
        [
          525,
          0.5714285969734192
        ],
        [
          526,
          0.6666666865348816
        ],
        [
          527,
          0.625
        ],
        [
          528,
          0.7142857313156128
        ],
        [
          529,
          0.7142857313156128
        ],
        [
          530,
          0.2857142984867096
        ],
        [
          531,
          0.8999999761581421
        ],
        [
          532,
          0.3333333432674408
        ],
        [
          533,
          0.6666666865348816
        ],
        [
          534,
          0.875
        ],
        [
          535,
          0.5
        ],
        [
          536,
          0.5
        ],
        [
          537,
          0.75
        ],
        [
          538,
          0.5
        ],
        [
          539,
          0.5
        ],
        [
          540,
          0.6666666865348816
        ],
        [
          541,
          0.375
        ],
        [
          542,
          0.5714285969734192
        ],
        [
          543,
          0.4444444477558136
        ],
        [
          544,
          0.7142857313156128
        ],
        [
          545,
          0.6666666865348816
        ],
        [
          546,
          0.4545454680919647
        ],
        [
          547,
          0.625
        ],
        [
          548,
          0.8999999761581421
        ],
        [
          549,
          0.7777777910232544
        ],
        [
          550,
          0.8333333134651184
        ],
        [
          551,
          0.7142857313156128
        ],
        [
          552,
          0.4000000059604645
        ],
        [
          553,
          0.7142857313156128
        ],
        [
          554,
          0.625
        ],
        [
          555,
          1.0
        ],
        [
          556,
          0.625
        ],
        [
          557,
          0.6666666865348816
        ],
        [
          558,
          0.5555555820465088
        ],
        [
          559,
          0.75
        ],
        [
          560,
          0.625
        ],
        [
          561,
          0.7142857313156128
        ],
        [
          562,
          0.375
        ],
        [
          563,
          0.375
        ],
        [
          564,
          0.6666666865348816
        ],
        [
          565,
          0.625
        ],
        [
          566,
          0.6666666865348816
        ],
        [
          567,
          0.7142857313156128
        ],
        [
          568,
          0.625
        ],
        [
          569,
          0.4285714328289032
        ],
        [
          570,
          0.4285714328289032
        ],
        [
          571,
          0.7142857313156128
        ],
        [
          572,
          0.625
        ],
        [
          573,
          0.375
        ],
        [
          574,
          0.75
        ],
        [
          575,
          0.4444444477558136
        ],
        [
          576,
          0.875
        ],
        [
          577,
          0.8571428656578064
        ],
        [
          578,
          0.6666666865348816
        ],
        [
          579,
          0.4000000059604645
        ],
        [
          580,
          0.0
        ],
        [
          581,
          0.5
        ],
        [
          582,
          0.6000000238418579
        ],
        [
          583,
          0.2857142984867096
        ],
        [
          584,
          0.625
        ],
        [
          585,
          0.625
        ],
        [
          586,
          0.7142857313156128
        ],
        [
          587,
          0.5
        ],
        [
          588,
          0.5714285969734192
        ],
        [
          589,
          0.5714285969734192
        ],
        [
          590,
          0.30000001192092896
        ],
        [
          591,
          0.5
        ],
        [
          592,
          0.5714285969734192
        ],
        [
          593,
          0.875
        ],
        [
          594,
          0.4000000059604645
        ],
        [
          595,
          0.7142857313156128
        ],
        [
          596,
          0.4285714328289032
        ],
        [
          597,
          0.2222222238779068
        ],
        [
          598,
          0.125
        ],
        [
          599,
          0.6666666865348816
        ],
        [
          600,
          0.625
        ],
        [
          601,
          0.5
        ],
        [
          602,
          0.5714285969734192
        ],
        [
          603,
          0.625
        ],
        [
          604,
          0.4285714328289032
        ],
        [
          605,
          0.75
        ],
        [
          606,
          0.5
        ],
        [
          607,
          0.75
        ],
        [
          608,
          0.5
        ],
        [
          609,
          0.20000000298023224
        ],
        [
          610,
          0.6666666865348816
        ],
        [
          611,
          0.7142857313156128
        ],
        [
          612,
          0.625
        ],
        [
          613,
          0.4000000059604645
        ],
        [
          614,
          0.4444444477558136
        ],
        [
          615,
          0.699999988079071
        ],
        [
          616,
          0.3333333432674408
        ],
        [
          617,
          0.5
        ],
        [
          618,
          0.5714285969734192
        ],
        [
          619,
          0.5555555820465088
        ],
        [
          620,
          0.625
        ],
        [
          621,
          0.375
        ],
        [
          622,
          0.7777777910232544
        ],
        [
          623,
          0.4285714328289032
        ],
        [
          624,
          0.875
        ],
        [
          625,
          0.6666666865348816
        ],
        [
          626,
          0.7142857313156128
        ],
        [
          627,
          0.7142857313156128
        ],
        [
          628,
          0.7142857313156128
        ],
        [
          629,
          0.375
        ],
        [
          630,
          0.625
        ],
        [
          631,
          0.6666666865348816
        ],
        [
          632,
          0.4285714328289032
        ],
        [
          633,
          0.4444444477558136
        ],
        [
          634,
          0.5
        ],
        [
          635,
          0.625
        ],
        [
          636,
          0.6000000238418579
        ],
        [
          637,
          0.5714285969734192
        ],
        [
          638,
          0.4000000059604645
        ],
        [
          639,
          0.375
        ],
        [
          640,
          0.75
        ],
        [
          641,
          0.75
        ],
        [
          642,
          0.5714285969734192
        ],
        [
          643,
          0.875
        ],
        [
          644,
          0.5
        ],
        [
          645,
          0.7142857313156128
        ],
        [
          646,
          0.75
        ],
        [
          647,
          0.6666666865348816
        ],
        [
          648,
          0.7142857313156128
        ],
        [
          649,
          0.5714285969734192
        ],
        [
          650,
          0.8571428656578064
        ],
        [
          651,
          0.6666666865348816
        ],
        [
          652,
          0.5555555820465088
        ],
        [
          653,
          0.625
        ],
        [
          654,
          0.625
        ],
        [
          655,
          0.1428571492433548
        ],
        [
          656,
          0.3333333432674408
        ],
        [
          657,
          0.7142857313156128
        ],
        [
          658,
          0.5
        ],
        [
          659,
          0.1428571492433548
        ],
        [
          660,
          0.8888888955116272
        ],
        [
          661,
          0.4285714328289032
        ],
        [
          662,
          0.375
        ],
        [
          663,
          0.1666666716337204
        ],
        [
          664,
          0.4000000059604645
        ],
        [
          665,
          0.5
        ],
        [
          666,
          0.5555555820465088
        ],
        [
          667,
          0.7142857313156128
        ],
        [
          668,
          0.4285714328289032
        ],
        [
          669,
          0.7142857313156128
        ],
        [
          670,
          0.6666666865348816
        ],
        [
          671,
          0.2857142984867096
        ],
        [
          672,
          0.5
        ],
        [
          673,
          0.3333333432674408
        ],
        [
          674,
          0.5
        ],
        [
          675,
          0.375
        ],
        [
          676,
          0.375
        ],
        [
          677,
          0.5
        ],
        [
          678,
          0.699999988079071
        ],
        [
          679,
          0.7142857313156128
        ],
        [
          680,
          0.625
        ],
        [
          681,
          0.4285714328289032
        ],
        [
          682,
          0.4285714328289032
        ],
        [
          683,
          0.8333333134651184
        ],
        [
          684,
          0.8333333134651184
        ],
        [
          685,
          0.5714285969734192
        ],
        [
          686,
          0.625
        ],
        [
          687,
          0.4444444477558136
        ],
        [
          688,
          0.5555555820465088
        ],
        [
          689,
          0.6666666865348816
        ],
        [
          690,
          0.4285714328289032
        ],
        [
          691,
          0.25
        ],
        [
          692,
          0.5714285969734192
        ],
        [
          693,
          0.375
        ],
        [
          694,
          0.2857142984867096
        ],
        [
          695,
          0.2857142984867096
        ],
        [
          696,
          0.625
        ],
        [
          697,
          0.2857142984867096
        ],
        [
          698,
          0.4285714328289032
        ],
        [
          699,
          1.0
        ],
        [
          700,
          0.6666666865348816
        ],
        [
          701,
          0.875
        ],
        [
          702,
          0.7142857313156128
        ],
        [
          703,
          0.4285714328289032
        ],
        [
          704,
          0.5
        ],
        [
          705,
          0.6000000238418579
        ],
        [
          706,
          0.5714285969734192
        ],
        [
          707,
          0.7142857313156128
        ],
        [
          708,
          0.7142857313156128
        ],
        [
          709,
          0.4444444477558136
        ],
        [
          710,
          0.6666666865348816
        ],
        [
          711,
          0.7142857313156128
        ],
        [
          712,
          0.7142857313156128
        ],
        [
          713,
          0.5
        ],
        [
          714,
          0.7777777910232544
        ],
        [
          715,
          0.8333333134651184
        ],
        [
          716,
          0.4444444477558136
        ],
        [
          717,
          0.4285714328289032
        ],
        [
          718,
          0.4285714328289032
        ],
        [
          719,
          0.75
        ],
        [
          720,
          0.375
        ],
        [
          721,
          0.3333333432674408
        ],
        [
          722,
          0.5714285969734192
        ],
        [
          723,
          0.625
        ],
        [
          724,
          0.375
        ],
        [
          725,
          0.8333333134651184
        ],
        [
          726,
          1.0
        ],
        [
          727,
          0.1428571492433548
        ],
        [
          728,
          0.7142857313156128
        ],
        [
          729,
          0.4285714328289032
        ],
        [
          730,
          0.5
        ],
        [
          731,
          0.5
        ],
        [
          732,
          0.5
        ],
        [
          733,
          0.5714285969734192
        ],
        [
          734,
          0.75
        ],
        [
          735,
          0.1428571492433548
        ],
        [
          736,
          0.625
        ],
        [
          737,
          0.4285714328289032
        ],
        [
          738,
          0.4444444477558136
        ],
        [
          739,
          0.5555555820465088
        ],
        [
          740,
          0.2857142984867096
        ],
        [
          741,
          0.4285714328289032
        ],
        [
          742,
          0.6000000238418579
        ],
        [
          743,
          0.4285714328289032
        ],
        [
          744,
          0.25
        ],
        [
          745,
          0.625
        ],
        [
          746,
          0.5714285969734192
        ],
        [
          747,
          0.875
        ],
        [
          748,
          0.0
        ],
        [
          749,
          0.25
        ],
        [
          750,
          0.8571428656578064
        ],
        [
          751,
          0.3333333432674408
        ],
        [
          752,
          0.1428571492433548
        ],
        [
          753,
          0.7142857313156128
        ],
        [
          754,
          0.5555555820465088
        ],
        [
          755,
          0.5
        ],
        [
          756,
          0.75
        ],
        [
          757,
          0.3333333432674408
        ],
        [
          758,
          0.6666666865348816
        ],
        [
          759,
          0.3333333432674408
        ],
        [
          760,
          0.875
        ],
        [
          761,
          0.5
        ],
        [
          762,
          0.5
        ],
        [
          763,
          0.6666666865348816
        ],
        [
          764,
          0.625
        ],
        [
          765,
          0.6666666865348816
        ],
        [
          766,
          0.4285714328289032
        ],
        [
          767,
          0.5714285969734192
        ],
        [
          768,
          0.20000000298023224
        ],
        [
          769,
          0.7142857313156128
        ],
        [
          770,
          0.5714285969734192
        ],
        [
          771,
          0.2857142984867096
        ],
        [
          772,
          0.5714285969734192
        ],
        [
          773,
          0.7142857313156128
        ],
        [
          774,
          0.5714285969734192
        ],
        [
          775,
          0.2857142984867096
        ],
        [
          776,
          0.5714285969734192
        ],
        [
          777,
          0.5714285969734192
        ],
        [
          778,
          0.375
        ],
        [
          779,
          0.5555555820465088
        ],
        [
          780,
          0.5714285969734192
        ],
        [
          781,
          0.625
        ],
        [
          782,
          0.7142857313156128
        ],
        [
          783,
          0.6666666865348816
        ],
        [
          784,
          0.75
        ],
        [
          785,
          0.1428571492433548
        ],
        [
          786,
          0.1428571492433548
        ],
        [
          787,
          0.4285714328289032
        ],
        [
          788,
          0.5
        ],
        [
          789,
          0.1666666716337204
        ],
        [
          790,
          0.3333333432674408
        ],
        [
          791,
          0.4285714328289032
        ],
        [
          792,
          0.5
        ],
        [
          793,
          0.6000000238418579
        ],
        [
          794,
          0.25
        ],
        [
          795,
          0.625
        ],
        [
          796,
          0.8333333134651184
        ],
        [
          797,
          0.5
        ],
        [
          798,
          0.75
        ],
        [
          799,
          0.5
        ],
        [
          800,
          0.5
        ],
        [
          801,
          0.375
        ],
        [
          802,
          0.5
        ],
        [
          803,
          0.20000000298023224
        ],
        [
          804,
          0.6666666865348816
        ],
        [
          805,
          0.7142857313156128
        ],
        [
          806,
          0.8333333134651184
        ],
        [
          807,
          0.2857142984867096
        ],
        [
          808,
          0.6666666865348816
        ],
        [
          809,
          0.1428571492433548
        ],
        [
          810,
          0.6666666865348816
        ],
        [
          811,
          0.1428571492433548
        ],
        [
          812,
          0.5555555820465088
        ],
        [
          813,
          0.5714285969734192
        ],
        [
          814,
          0.20000000298023224
        ],
        [
          815,
          0.7142857313156128
        ],
        [
          816,
          0.4285714328289032
        ],
        [
          817,
          1.0
        ],
        [
          818,
          0.3333333432674408
        ],
        [
          819,
          0.6666666865348816
        ],
        [
          820,
          0.2857142984867096
        ],
        [
          821,
          0.25
        ],
        [
          822,
          0.5
        ],
        [
          823,
          0.3333333432674408
        ],
        [
          824,
          0.8571428656578064
        ],
        [
          825,
          0.5
        ],
        [
          826,
          0.5
        ],
        [
          827,
          0.375
        ],
        [
          828,
          0.5714285969734192
        ],
        [
          829,
          0.4285714328289032
        ],
        [
          830,
          0.4285714328289032
        ],
        [
          831,
          0.6000000238418579
        ],
        [
          832,
          0.8571428656578064
        ],
        [
          833,
          0.5714285969734192
        ],
        [
          834,
          0.6666666865348816
        ],
        [
          835,
          0.3333333432674408
        ],
        [
          836,
          0.625
        ],
        [
          837,
          0.625
        ],
        [
          838,
          0.375
        ],
        [
          839,
          0.4285714328289032
        ],
        [
          840,
          0.5
        ],
        [
          841,
          0.1428571492433548
        ],
        [
          842,
          0.6666666865348816
        ],
        [
          843,
          0.8571428656578064
        ],
        [
          844,
          0.5714285969734192
        ],
        [
          845,
          0.75
        ],
        [
          846,
          0.1111111119389534
        ],
        [
          847,
          0.5555555820465088
        ],
        [
          848,
          0.4444444477558136
        ],
        [
          849,
          0.3333333432674408
        ],
        [
          850,
          0.6666666865348816
        ],
        [
          851,
          0.6666666865348816
        ],
        [
          852,
          0.4285714328289032
        ],
        [
          853,
          0.4285714328289032
        ],
        [
          854,
          0.4444444477558136
        ],
        [
          855,
          0.5
        ],
        [
          856,
          0.625
        ],
        [
          857,
          0.4444444477558136
        ],
        [
          858,
          0.8571428656578064
        ],
        [
          859,
          0.375
        ],
        [
          860,
          0.8571428656578064
        ],
        [
          861,
          0.5
        ],
        [
          862,
          0.6000000238418579
        ],
        [
          863,
          0.7142857313156128
        ],
        [
          864,
          0.875
        ],
        [
          865,
          0.7142857313156128
        ],
        [
          866,
          0.4285714328289032
        ],
        [
          867,
          0.7142857313156128
        ],
        [
          868,
          0.6666666865348816
        ],
        [
          869,
          0.375
        ],
        [
          870,
          0.5
        ],
        [
          871,
          0.4444444477558136
        ],
        [
          872,
          0.3333333432674408
        ],
        [
          873,
          0.625
        ],
        [
          874,
          0.1428571492433548
        ],
        [
          875,
          0.5714285969734192
        ],
        [
          876,
          0.625
        ],
        [
          877,
          0.5
        ],
        [
          878,
          0.8333333134651184
        ],
        [
          879,
          0.625
        ],
        [
          880,
          0.8571428656578064
        ],
        [
          881,
          0.7142857313156128
        ],
        [
          882,
          0.5
        ],
        [
          883,
          0.625
        ],
        [
          884,
          0.75
        ],
        [
          885,
          0.625
        ],
        [
          886,
          0.4285714328289032
        ],
        [
          887,
          0.3333333432674408
        ],
        [
          888,
          0.5555555820465088
        ],
        [
          889,
          0.5714285969734192
        ],
        [
          890,
          0.5
        ],
        [
          891,
          0.6666666865348816
        ],
        [
          892,
          0.5555555820465088
        ],
        [
          893,
          0.6666666865348816
        ],
        [
          894,
          0.875
        ],
        [
          895,
          0.4285714328289032
        ],
        [
          896,
          0.6666666865348816
        ],
        [
          897,
          0.5714285969734192
        ],
        [
          898,
          0.5714285969734192
        ],
        [
          899,
          0.5714285969734192
        ],
        [
          900,
          0.875
        ],
        [
          901,
          0.4444444477558136
        ],
        [
          902,
          0.7142857313156128
        ],
        [
          903,
          0.625
        ],
        [
          904,
          0.7777777910232544
        ],
        [
          905,
          0.4285714328289032
        ],
        [
          906,
          0.2857142984867096
        ],
        [
          907,
          0.5
        ],
        [
          908,
          0.2857142984867096
        ],
        [
          909,
          0.875
        ],
        [
          910,
          0.7142857313156128
        ],
        [
          911,
          0.375
        ],
        [
          912,
          0.625
        ],
        [
          913,
          0.3333333432674408
        ],
        [
          914,
          0.5
        ],
        [
          915,
          0.4444444477558136
        ],
        [
          916,
          0.5
        ],
        [
          917,
          0.625
        ],
        [
          918,
          0.5714285969734192
        ],
        [
          919,
          0.5714285969734192
        ],
        [
          920,
          0.6000000238418579
        ],
        [
          921,
          0.375
        ],
        [
          922,
          0.6666666865348816
        ],
        [
          923,
          0.6666666865348816
        ],
        [
          924,
          0.625
        ],
        [
          925,
          0.625
        ],
        [
          926,
          0.7142857313156128
        ],
        [
          927,
          0.6666666865348816
        ],
        [
          928,
          0.5714285969734192
        ],
        [
          929,
          0.75
        ],
        [
          930,
          0.1428571492433548
        ],
        [
          931,
          0.5714285969734192
        ],
        [
          932,
          0.625
        ],
        [
          933,
          0.75
        ],
        [
          934,
          0.6666666865348816
        ],
        [
          935,
          0.625
        ],
        [
          936,
          0.25
        ],
        [
          937,
          0.8571428656578064
        ],
        [
          938,
          0.8571428656578064
        ],
        [
          939,
          0.6666666865348816
        ],
        [
          940,
          0.75
        ],
        [
          941,
          0.5
        ],
        [
          942,
          0.5
        ],
        [
          943,
          0.2857142984867096
        ],
        [
          944,
          0.4285714328289032
        ],
        [
          945,
          0.5
        ],
        [
          946,
          0.4444444477558136
        ],
        [
          947,
          0.75
        ],
        [
          948,
          0.4444444477558136
        ],
        [
          949,
          0.4285714328289032
        ],
        [
          950,
          0.5
        ],
        [
          951,
          0.375
        ],
        [
          952,
          0.875
        ],
        [
          953,
          0.375
        ],
        [
          954,
          0.2857142984867096
        ],
        [
          955,
          0.4285714328289032
        ],
        [
          956,
          0.75
        ],
        [
          957,
          0.3333333432674408
        ],
        [
          958,
          0.5
        ],
        [
          959,
          0.6000000238418579
        ],
        [
          960,
          0.2857142984867096
        ],
        [
          961,
          0.5714285969734192
        ],
        [
          962,
          0.5
        ],
        [
          963,
          0.5555555820465088
        ],
        [
          964,
          0.625
        ],
        [
          965,
          0.5714285969734192
        ],
        [
          966,
          0.5714285969734192
        ],
        [
          967,
          0.625
        ],
        [
          968,
          0.625
        ],
        [
          969,
          0.5714285969734192
        ],
        [
          970,
          0.625
        ],
        [
          971,
          0.8333333134651184
        ],
        [
          972,
          0.375
        ],
        [
          973,
          0.4444444477558136
        ],
        [
          974,
          0.375
        ],
        [
          975,
          0.625
        ],
        [
          976,
          0.6666666865348816
        ],
        [
          977,
          0.625
        ],
        [
          978,
          0.5
        ],
        [
          979,
          0.5714285969734192
        ],
        [
          980,
          0.5714285969734192
        ],
        [
          981,
          0.5
        ],
        [
          982,
          0.75
        ],
        [
          983,
          0.5714285969734192
        ],
        [
          984,
          0.4000000059604645
        ],
        [
          985,
          0.875
        ],
        [
          986,
          0.75
        ],
        [
          987,
          0.5714285969734192
        ],
        [
          988,
          0.5
        ],
        [
          989,
          0.6666666865348816
        ],
        [
          990,
          0.7142857313156128
        ],
        [
          991,
          0.5555555820465088
        ],
        [
          992,
          0.25
        ],
        [
          993,
          0.625
        ],
        [
          994,
          0.375
        ],
        [
          995,
          0.6666666865348816
        ],
        [
          996,
          0.625
        ],
        [
          997,
          0.5
        ],
        [
          998,
          0.4285714328289032
        ],
        [
          999,
          0.5
        ]
      ],
      "last": 0.5
    },
    "episode_length": {
      "path": "reports/selfplay_fixed_ant/curves/20260603_113517__episode_length.svg",
      "points": [
        [
          0,
          500.0
        ],
        [
          1,
          500.0
        ],
        [
          2,
          500.0
        ],
        [
          3,
          381.3333435058594
        ],
        [
          4,
          500.0
        ],
        [
          5,
          500.0
        ],
        [
          6,
          275.25
        ],
        [
          7,
          500.0
        ],
        [
          8,
          500.0
        ],
        [
          9,
          500.0
        ],
        [
          10,
          468.3333435058594
        ],
        [
          11,
          420.0
        ],
        [
          12,
          383.0
        ],
        [
          13,
          328.0
        ],
        [
          14,
          292.75
        ],
        [
          15,
          234.1666717529297
        ],
        [
          16,
          333.6666564941406
        ],
        [
          17,
          331.75
        ],
        [
          18,
          354.6666564941406
        ],
        [
          19,
          404.3333435058594
        ],
        [
          20,
          500.0
        ],
        [
          21,
          387.3333435058594
        ],
        [
          22,
          398.3333435058594
        ],
        [
          23,
          500.0
        ],
        [
          24,
          268.25
        ],
        [
          25,
          500.0
        ],
        [
          26,
          500.0
        ],
        [
          27,
          500.0
        ],
        [
          28,
          397.0
        ],
        [
          29,
          382.0
        ],
        [
          30,
          380.6666564941406
        ],
        [
          31,
          324.5
        ],
        [
          32,
          440.3333435058594
        ],
        [
          33,
          173.5
        ],
        [
          34,
          330.75
        ],
        [
          35,
          266.5
        ],
        [
          36,
          308.75
        ],
        [
          37,
          348.75
        ],
        [
          38,
          371.3333435058594
        ],
        [
          39,
          272.25
        ],
        [
          40,
          317.75
        ],
        [
          41,
          310.5
        ],
        [
          42,
          390.0
        ],
        [
          43,
          250.75
        ],
        [
          44,
          296.0
        ],
        [
          45,
          234.60000610351562
        ],
        [
          46,
          394.6666564941406
        ],
        [
          47,
          257.75
        ],
        [
          48,
          235.1999969482422
        ],
        [
          49,
          348.0
        ],
        [
          50,
          201.1999969482422
        ],
        [
          51,
          209.39999389648438
        ],
        [
          52,
          394.6666564941406
        ],
        [
          53,
          254.25
        ],
        [
          54,
          288.79998779296875
        ],
        [
          55,
          341.75
        ],
        [
          56,
          253.8000030517578
        ],
        [
          57,
          199.5
        ],
        [
          58,
          329.75
        ],
        [
          59,
          190.2857208251953
        ],
        [
          60,
          271.20001220703125
        ],
        [
          61,
          200.0
        ],
        [
          62,
          361.3333435058594
        ],
        [
          63,
          185.6666717529297
        ],
        [
          64,
          150.7142791748047
        ],
        [
          65,
          321.0
        ],
        [
          66,
          186.5
        ],
        [
          67,
          165.14285278320312
        ],
        [
          68,
          345.0
        ],
        [
          69,
          171.85714721679688
        ],
        [
          70,
          218.60000610351562
        ],
        [
          71,
          282.25
        ],
        [
          72,
          171.42857360839844
        ],
        [
          73,
          183.5
        ],
        [
          74,
          146.2857208251953
        ],
        [
          75,
          225.1999969482422
        ],
        [
          76,
          205.60000610351562
        ],
        [
          77,
          242.8000030517578
        ],
        [
          78,
          287.5
        ],
        [
          79,
          318.75
        ],
        [
          80,
          209.1999969482422
        ],
        [
          81,
          148.42857360839844
        ],
        [
          82,
          150.625
        ],
        [
          83,
          190.8333282470703
        ],
        [
          84,
          143.14285278320312
        ],
        [
          85,
          287.5
        ],
        [
          86,
          165.57142639160156
        ],
        [
          87,
          143.14285278320312
        ],
        [
          88,
          168.14285278320312
        ],
        [
          89,
          196.6666717529297
        ],
        [
          90,
          257.20001220703125
        ],
        [
          91,
          112.0
        ],
        [
          92,
          181.14285278320312
        ],
        [
          93,
          212.8000030517578
        ],
        [
          94,
          232.0
        ],
        [
          95,
          187.57142639160156
        ],
        [
          96,
          206.0
        ],
        [
          97,
          203.0
        ],
        [
          98,
          133.75
        ],
        [
          99,
          181.6666717529297
        ],
        [
          100,
          202.6666717529297
        ],
        [
          101,
          153.0
        ],
        [
          102,
          290.5
        ],
        [
          103,
          149.0
        ],
        [
          104,
          220.60000610351562
        ],
        [
          105,
          261.5
        ],
        [
          106,
          254.25
        ],
        [
          107,
          278.75
        ],
        [
          108,
          189.0
        ],
        [
          109,
          206.1999969482422
        ],
        [
          110,
          271.0
        ],
        [
          111,
          158.0
        ],
        [
          112,
          175.3333282470703
        ],
        [
          113,
          154.14285278320312
        ],
        [
          114,
          130.25
        ],
        [
          115,
          137.75
        ],
        [
          116,
          205.8000030517578
        ],
        [
          117,
          323.25
        ],
        [
          118,
          154.75
        ],
        [
          119,
          173.3333282470703
        ],
        [
          120,
          207.1999969482422
        ],
        [
          121,
          209.60000610351562
        ],
        [
          122,
          164.14285278320312
        ],
        [
          123,
          219.1999969482422
        ],
        [
          124,
          211.8333282470703
        ],
        [
          125,
          235.60000610351562
        ],
        [
          126,
          152.14285278320312
        ],
        [
          127,
          145.7142791748047
        ],
        [
          128,
          170.85714721679688
        ],
        [
          129,
          359.0
        ],
        [
          130,
          258.25
        ],
        [
          131,
          120.44444274902344
        ],
        [
          132,
          140.875
        ],
        [
          133,
          126.0
        ],
        [
          134,
          261.25
        ],
        [
          135,
          188.3333282470703
        ],
        [
          136,
          170.6666717529297
        ],
        [
          137,
          135.5
        ],
        [
          138,
          162.57142639160156
        ],
        [
          139,
          144.42857360839844
        ],
        [
          140,
          150.0
        ],
        [
          141,
          132.375
        ],
        [
          142,
          157.14285278320312
        ],
        [
          143,
          146.25
        ],
        [
          144,
          150.0
        ],
        [
          145,
          153.11111450195312
        ],
        [
          146,
          167.3333282470703
        ],
        [
          147,
          130.0
        ],
        [
          148,
          153.0
        ],
        [
          149,
          143.14285278320312
        ],
        [
          150,
          130.75
        ],
        [
          151,
          197.57142639160156
        ],
        [
          152,
          129.0
        ],
        [
          153,
          176.14285278320312
        ],
        [
          154,
          210.8000030517578
        ],
        [
          155,
          218.5
        ],
        [
          156,
          173.5
        ],
        [
          157,
          149.14285278320312
        ],
        [
          158,
          328.5
        ],
        [
          159,
          178.5
        ],
        [
          160,
          114.77777862548828
        ],
        [
          161,
          235.8000030517578
        ],
        [
          162,
          266.0
        ],
        [
          163,
          169.3333282470703
        ],
        [
          164,
          136.125
        ],
        [
          165,
          166.85714721679688
        ],
        [
          166,
          179.6666717529297
        ],
        [
          167,
          157.7142791748047
        ],
        [
          168,
          211.0
        ],
        [
          169,
          198.1666717529297
        ],
        [
          170,
          146.875
        ],
        [
          171,
          149.375
        ],
        [
          172,
          223.8000030517578
        ],
        [
          173,
          136.0
        ],
        [
          174,
          125.0
        ],
        [
          175,
          148.0
        ],
        [
          176,
          186.0
        ],
        [
          177,
          152.14285278320312
        ],
        [
          178,
          213.0
        ],
        [
          179,
          117.33333587646484
        ],
        [
          180,
          153.2857208251953
        ],
        [
          181,
          218.39999389648438
        ],
        [
          182,
          206.0
        ],
        [
          183,
          143.14285278320312
        ],
        [
          184,
          147.42857360839844
        ],
        [
          185,
          132.75
        ],
        [
          186,
          141.125
        ],
        [
          187,
          181.0
        ],
        [
          188,
          122.44444274902344
        ],
        [
          189,
          170.6666717529297
        ],
        [
          190,
          109.5999984741211
        ],
        [
          191,
          178.3333282470703
        ],
        [
          192,
          197.5
        ],
        [
          193,
          136.75
        ],
        [
          194,
          173.85714721679688
        ],
        [
          195,
          120.77777862548828
        ],
        [
          196,
          202.0
        ],
        [
          197,
          128.125
        ],
        [
          198,
          158.25
        ],
        [
          199,
          136.375
        ],
        [
          200,
          188.8333282470703
        ],
        [
          201,
          274.0
        ],
        [
          202,
          174.5
        ],
        [
          203,
          102.0
        ],
        [
          204,
          183.8333282470703
        ],
        [
          205,
          172.3333282470703
        ],
        [
          206,
          155.875
        ],
        [
          207,
          128.625
        ],
        [
          208,
          161.14285278320312
        ],
        [
          209,
          111.66666412353516
        ],
        [
          210,
          216.8000030517578
        ],
        [
          211,
          113.66666412353516
        ],
        [
          212,
          195.8333282470703
        ],
        [
          213,
          181.0
        ],
        [
          214,
          129.375
        ],
        [
          215,
          211.39999389648438
        ],
        [
          216,
          128.11111450195312
        ],
        [
          217,
          214.0
        ],
        [
          218,
          144.375
        ],
        [
          219,
          151.375
        ],
        [
          220,
          161.3333282470703
        ],
        [
          221,
          186.1666717529297
        ],
        [
          222,
          119.33333587646484
        ],
        [
          223,
          167.57142639160156
        ],
        [
          224,
          182.1666717529297
        ],
        [
          225,
          166.6666717529297
        ],
        [
          226,
          262.0
        ],
        [
          227,
          235.8333282470703
        ],
        [
          228,
          271.25
        ],
        [
          229,
          167.7142791748047
        ],
        [
          230,
          177.8333282470703
        ],
        [
          231,
          138.625
        ],
        [
          232,
          142.85714721679688
        ],
        [
          233,
          182.1666717529297
        ],
        [
          234,
          165.625
        ],
        [
          235,
          143.57142639160156
        ],
        [
          236,
          149.85714721679688
        ],
        [
          237,
          136.875
        ],
        [
          238,
          277.0
        ],
        [
          239,
          143.85714721679688
        ],
        [
          240,
          192.8333282470703
        ],
        [
          241,
          286.0
        ],
        [
          242,
          154.7142791748047
        ],
        [
          243,
          178.1666717529297
        ],
        [
          244,
          171.25
        ],
        [
          245,
          158.42857360839844
        ],
        [
          246,
          137.0
        ],
        [
          247,
          151.42857360839844
        ],
        [
          248,
          206.1999969482422
        ],
        [
          249,
          194.8333282470703
        ],
        [
          250,
          168.1666717529297
        ],
        [
          251,
          173.6666717529297
        ],
        [
          252,
          145.125
        ],
        [
          253,
          112.30000305175781
        ],
        [
          254,
          128.125
        ],
        [
          255,
          148.85714721679688
        ],
        [
          256,
          140.875
        ],
        [
          257,
          184.42857360839844
        ],
        [
          258,
          195.6666717529297
        ],
        [
          259,
          150.125
        ],
        [
          260,
          197.85714721679688
        ],
        [
          261,
          217.0
        ],
        [
          262,
          164.14285278320312
        ],
        [
          263,
          217.39999389648438
        ],
        [
          264,
          193.3333282470703
        ],
        [
          265,
          240.60000610351562
        ],
        [
          266,
          167.6666717529297
        ],
        [
          267,
          218.1666717529297
        ],
        [
          268,
          233.0
        ],
        [
          269,
          156.42857360839844
        ],
        [
          270,
          148.375
        ],
        [
          271,
          138.5
        ],
        [
          272,
          152.625
        ],
        [
          273,
          134.5
        ],
        [
          274,
          182.6666717529297
        ],
        [
          275,
          171.3333282470703
        ],
        [
          276,
          253.5
        ],
        [
          277,
          285.5
        ],
        [
          278,
          174.1666717529297
        ],
        [
          279,
          144.5
        ],
        [
          280,
          273.25
        ],
        [
          281,
          111.44444274902344
        ],
        [
          282,
          197.14285278320312
        ],
        [
          283,
          107.69999694824219
        ],
        [
          284,
          150.625
        ],
        [
          285,
          153.85714721679688
        ],
        [
          286,
          145.42857360839844
        ],
        [
          287,
          146.14285278320312
        ],
        [
          288,
          268.0
        ],
        [
          289,
          153.42857360839844
        ],
        [
          290,
          145.85714721679688
        ],
        [
          291,
          257.5
        ],
        [
          292,
          152.2857208251953
        ],
        [
          293,
          154.57142639160156
        ],
        [
          294,
          226.60000610351562
        ],
        [
          295,
          199.6666717529297
        ],
        [
          296,
          145.57142639160156
        ],
        [
          297,
          167.2857208251953
        ],
        [
          298,
          143.2857208251953
        ],
        [
          299,
          162.85714721679688
        ],
        [
          300,
          143.42857360839844
        ],
        [
          301,
          152.42857360839844
        ],
        [
          302,
          228.39999389648438
        ],
        [
          303,
          145.0
        ],
        [
          304,
          225.8000030517578
        ],
        [
          305,
          197.3333282470703
        ],
        [
          306,
          176.1666717529297
        ],
        [
          307,
          221.39999389648438
        ],
        [
          308,
          152.57142639160156
        ],
        [
          309,
          170.1666717529297
        ],
        [
          310,
          163.7142791748047
        ],
        [
          311,
          169.1666717529297
        ],
        [
          312,
          145.625
        ],
        [
          313,
          199.5
        ],
        [
          314,
          174.8333282470703
        ],
        [
          315,
          190.8333282470703
        ],
        [
          316,
          127.33333587646484
        ],
        [
          317,
          219.60000610351562
        ],
        [
          318,
          142.85714721679688
        ],
        [
          319,
          222.8000030517578
        ],
        [
          320,
          201.0
        ],
        [
          321,
          189.3333282470703
        ],
        [
          322,
          169.6666717529297
        ],
        [
          323,
          169.5
        ],
        [
          324,
          168.6666717529297
        ],
        [
          325,
          149.85714721679688
        ],
        [
          326,
          125.77777862548828
        ],
        [
          327,
          125.55555725097656
        ],
        [
          328,
          164.42857360839844
        ],
        [
          329,
          175.6666717529297
        ],
        [
          330,
          169.3333282470703
        ],
        [
          331,
          220.39999389648438
        ],
        [
          332,
          136.25
        ],
        [
          333,
          125.25
        ],
        [
          334,
          175.1666717529297
        ],
        [
          335,
          151.42857360839844
        ],
        [
          336,
          126.875
        ],
        [
          337,
          132.88888549804688
        ],
        [
          338,
          119.22222137451172
        ],
        [
          339,
          154.7142791748047
        ],
        [
          340,
          190.0
        ],
        [
          341,
          125.75
        ],
        [
          342,
          158.2857208251953
        ],
        [
          343,
          190.1666717529297
        ],
        [
          344,
          171.3333282470703
        ],
        [
          345,
          166.42857360839844
        ],
        [
          346,
          132.375
        ],
        [
          347,
          166.8333282470703
        ],
        [
          348,
          204.39999389648438
        ],
        [
          349,
          140.375
        ],
        [
          350,
          226.0
        ],
        [
          351,
          128.5
        ],
        [
          352,
          167.14285278320312
        ],
        [
          353,
          152.14285278320312
        ],
        [
          354,
          154.2857208251953
        ],
        [
          355,
          160.57142639160156
        ],
        [
          356,
          106.5999984741211
        ],
        [
          357,
          117.80000305175781
        ],
        [
          358,
          169.8333282470703
        ],
        [
          359,
          144.5
        ],
        [
          360,
          171.3333282470703
        ],
        [
          361,
          129.0
        ],
        [
          362,
          172.42857360839844
        ],
        [
          363,
          155.85714721679688
        ],
        [
          364,
          148.57142639160156
        ],
        [
          365,
          195.0
        ],
        [
          366,
          211.8333282470703
        ],
        [
          367,
          192.0
        ],
        [
          368,
          159.42857360839844
        ],
        [
          369,
          140.22222900390625
        ],
        [
          370,
          112.44444274902344
        ],
        [
          371,
          154.85714721679688
        ],
        [
          372,
          102.5
        ],
        [
          373,
          151.14285278320312
        ],
        [
          374,
          164.57142639160156
        ],
        [
          375,
          171.57142639160156
        ],
        [
          376,
          179.3333282470703
        ],
        [
          377,
          133.75
        ],
        [
          378,
          214.3333282470703
        ],
        [
          379,
          106.30000305175781
        ],
        [
          380,
          164.85714721679688
        ],
        [
          381,
          147.375
        ],
        [
          382,
          189.1666717529297
        ],
        [
          383,
          151.42857360839844
        ],
        [
          384,
          296.25
        ],
        [
          385,
          171.57142639160156
        ],
        [
          386,
          157.875
        ],
        [
          387,
          156.85714721679688
        ],
        [
          388,
          170.1666717529297
        ],
        [
          389,
          136.75
        ],
        [
          390,
          156.0
        ],
        [
          391,
          122.44444274902344
        ],
        [
          392,
          157.57142639160156
        ],
        [
          393,
          170.8333282470703
        ],
        [
          394,
          119.66666412353516
        ],
        [
          395,
          132.625
        ],
        [
          396,
          152.85714721679688
        ],
        [
          397,
          146.85714721679688
        ],
        [
          398,
          145.0
        ],
        [
          399,
          205.1999969482422
        ],
        [
          400,
          173.0
        ],
        [
          401,
          170.1666717529297
        ],
        [
          402,
          152.7142791748047
        ],
        [
          403,
          192.1666717529297
        ],
        [
          404,
          211.60000610351562
        ],
        [
          405,
          161.2857208251953
        ],
        [
          406,
          172.0
        ],
        [
          407,
          176.0
        ],
        [
          408,
          172.3333282470703
        ],
        [
          409,
          125.625
        ],
        [
          410,
          155.14285278320312
        ],
        [
          411,
          125.375
        ],
        [
          412,
          166.8333282470703
        ],
        [
          413,
          134.875
        ],
        [
          414,
          144.85714721679688
        ],
        [
          415,
          178.3333282470703
        ],
        [
          416,
          128.375
        ],
        [
          417,
          157.42857360839844
        ],
        [
          418,
          132.375
        ],
        [
          419,
          215.1999969482422
        ],
        [
          420,
          140.875
        ],
        [
          421,
          131.11111450195312
        ],
        [
          422,
          169.5
        ],
        [
          423,
          155.7142791748047
        ],
        [
          424,
          178.1666717529297
        ],
        [
          425,
          139.25
        ],
        [
          426,
          170.1666717529297
        ],
        [
          427,
          160.14285278320312
        ],
        [
          428,
          164.42857360839844
        ],
        [
          429,
          182.1666717529297
        ],
        [
          430,
          168.0
        ],
        [
          431,
          137.0
        ],
        [
          432,
          140.875
        ],
        [
          433,
          136.375
        ],
        [
          434,
          135.375
        ],
        [
          435,
          184.1666717529297
        ],
        [
          436,
          126.33333587646484
        ],
        [
          437,
          160.14285278320312
        ],
        [
          438,
          123.66666412353516
        ],
        [
          439,
          111.77777862548828
        ],
        [
          440,
          143.2857208251953
        ],
        [
          441,
          170.8333282470703
        ],
        [
          442,
          148.7142791748047
        ],
        [
          443,
          117.80000305175781
        ],
        [
          444,
          141.75
        ],
        [
          445,
          140.375
        ],
        [
          446,
          171.5
        ],
        [
          447,
          127.25
        ],
        [
          448,
          170.875
        ],
        [
          449,
          161.85714721679688
        ],
        [
          450,
          125.33333587646484
        ],
        [
          451,
          134.875
        ],
        [
          452,
          130.875
        ],
        [
          453,
          114.55555725097656
        ],
        [
          454,
          150.2857208251953
        ],
        [
          455,
          154.7142791748047
        ],
        [
          456,
          158.57142639160156
        ],
        [
          457,
          146.0
        ],
        [
          458,
          166.2857208251953
        ],
        [
          459,
          153.2857208251953
        ],
        [
          460,
          154.7142791748047
        ],
        [
          461,
          151.25
        ],
        [
          462,
          146.42857360839844
        ],
        [
          463,
          162.57142639160156
        ],
        [
          464,
          150.2857208251953
        ],
        [
          465,
          155.875
        ],
        [
          466,
          128.125
        ],
        [
          467,
          147.75
        ],
        [
          468,
          135.5
        ],
        [
          469,
          163.0
        ],
        [
          470,
          212.60000610351562
        ],
        [
          471,
          161.2857208251953
        ],
        [
          472,
          174.0
        ],
        [
          473,
          146.85714721679688
        ],
        [
          474,
          149.42857360839844
        ],
        [
          475,
          161.0
        ],
        [
          476,
          133.75
        ],
        [
          477,
          142.875
        ],
        [
          478,
          161.42857360839844
        ],
        [
          479,
          189.6666717529297
        ],
        [
          480,
          173.5
        ],
        [
          481,
          159.125
        ],
        [
          482,
          157.0
        ],
        [
          483,
          176.3333282470703
        ],
        [
          484,
          173.3333282470703
        ],
        [
          485,
          153.14285278320312
        ],
        [
          486,
          127.375
        ],
        [
          487,
          191.8333282470703
        ],
        [
          488,
          134.125
        ],
        [
          489,
          131.77777099609375
        ],
        [
          490,
          212.0
        ],
        [
          491,
          145.25
        ],
        [
          492,
          225.39999389648438
        ],
        [
          493,
          146.875
        ],
        [
          494,
          148.85714721679688
        ],
        [
          495,
          133.77777099609375
        ],
        [
          496,
          196.8333282470703
        ],
        [
          497,
          153.57142639160156
        ],
        [
          498,
          142.25
        ],
        [
          499,
          171.5
        ],
        [
          500,
          163.2857208251953
        ],
        [
          501,
          138.0
        ],
        [
          502,
          111.22222137451172
        ],
        [
          503,
          121.55555725097656
        ],
        [
          504,
          146.7142791748047
        ],
        [
          505,
          127.66666412353516
        ],
        [
          506,
          148.0
        ],
        [
          507,
          201.8000030517578
        ],
        [
          508,
          155.85714721679688
        ],
        [
          509,
          151.2857208251953
        ],
        [
          510,
          142.85714721679688
        ],
        [
          511,
          121.11111450195312
        ],
        [
          512,
          149.375
        ],
        [
          513,
          174.6666717529297
        ],
        [
          514,
          127.125
        ],
        [
          515,
          125.25
        ],
        [
          516,
          136.125
        ],
        [
          517,
          121.22222137451172
        ],
        [
          518,
          147.0
        ],
        [
          519,
          113.22222137451172
        ],
        [
          520,
          133.5
        ],
        [
          521,
          138.3333282470703
        ],
        [
          522,
          156.2857208251953
        ],
        [
          523,
          156.2857208251953
        ],
        [
          524,
          169.6666717529297
        ],
        [
          525,
          158.85714721679688
        ],
        [
          526,
          118.88888549804688
        ],
        [
          527,
          125.0
        ],
        [
          528,
          150.14285278320312
        ],
        [
          529,
          143.14285278320312
        ],
        [
          530,
          152.14285278320312
        ],
        [
          531,
          117.80000305175781
        ],
        [
          532,
          168.3333282470703
        ],
        [
          533,
          198.6666717529297
        ],
        [
          534,
          126.25
        ],
        [
          535,
          133.0
        ],
        [
          536,
          177.6666717529297
        ],
        [
          537,
          139.125
        ],
        [
          538,
          126.25
        ],
        [
          539,
          127.375
        ],
        [
          540,
          170.1666717529297
        ],
        [
          541,
          140.75
        ],
        [
          542,
          155.57142639160156
        ],
        [
          543,
          118.66666412353516
        ],
        [
          544,
          150.14285278320312
        ],
        [
          545,
          113.55555725097656
        ],
        [
          546,
          101.90908813476562
        ],
        [
          547,
          147.0
        ],
        [
          548,
          112.30000305175781
        ],
        [
          549,
          115.11111450195312
        ],
        [
          550,
          169.6666717529297
        ],
        [
          551,
          149.14285278320312
        ],
        [
          552,
          208.1999969482422
        ],
        [
          553,
          144.2857208251953
        ],
        [
          554,
          135.5
        ],
        [
          555,
          149.14285278320312
        ],
        [
          556,
          142.25
        ],
        [
          557,
          189.3333282470703
        ],
        [
          558,
          133.3333282470703
        ],
        [
          559,
          130.75
        ],
        [
          560,
          141.0
        ],
        [
          561,
          152.0
        ],
        [
          562,
          125.75
        ],
        [
          563,
          150.875
        ],
        [
          564,
          169.5
        ],
        [
          565,
          141.25
        ],
        [
          566,
          128.44444274902344
        ],
        [
          567,
          167.7142791748047
        ],
        [
          568,
          136.75
        ],
        [
          569,
          158.14285278320312
        ],
        [
          570,
          151.7142791748047
        ],
        [
          571,
          143.14285278320312
        ],
        [
          572,
          129.75
        ],
        [
          573,
          131.0
        ],
        [
          574,
          129.0
        ],
        [
          575,
          116.11111450195312
        ],
        [
          576,
          130.0
        ],
        [
          577,
          147.7142791748047
        ],
        [
          578,
          189.3333282470703
        ],
        [
          579,
          220.8000030517578
        ],
        [
          580,
          179.5
        ],
        [
          581,
          174.0
        ],
        [
          582,
          201.8000030517578
        ],
        [
          583,
          155.0
        ],
        [
          584,
          143.0
        ],
        [
          585,
          130.25
        ],
        [
          586,
          167.42857360839844
        ],
        [
          587,
          132.0
        ],
        [
          588,
          145.14285278320312
        ],
        [
          589,
          154.0
        ],
        [
          590,
          109.0
        ],
        [
          591,
          133.5
        ],
        [
          592,
          151.14285278320312
        ],
        [
          593,
          136.875
        ],
        [
          594,
          228.0
        ],
        [
          595,
          151.14285278320312
        ],
        [
          596,
          149.14285278320312
        ],
        [
          597,
          116.0
        ],
        [
          598,
          134.875
        ],
        [
          599,
          177.5
        ],
        [
          600,
          137.125
        ],
        [
          601,
          146.125
        ],
        [
          602,
          155.7142791748047
        ],
        [
          603,
          134.5
        ],
        [
          604,
          148.85714721679688
        ],
        [
          605,
          127.375
        ],
        [
          606,
          129.875
        ],
        [
          607,
          137.0
        ],
        [
          608,
          137.125
        ],
        [
          609,
          109.69999694824219
        ],
        [
          610,
          120.88888549804688
        ],
        [
          611,
          147.57142639160156
        ],
        [
          612,
          134.625
        ],
        [
          613,
          209.39999389648438
        ],
        [
          614,
          120.44444274902344
        ],
        [
          615,
          106.0999984741211
        ],
        [
          616,
          178.8333282470703
        ],
        [
          617,
          125.5
        ],
        [
          618,
          166.57142639160156
        ],
        [
          619,
          117.11111450195312
        ],
        [
          620,
          136.0
        ],
        [
          621,
          144.875
        ],
        [
          622,
          134.77777099609375
        ],
        [
          623,
          145.57142639160156
        ],
        [
          624,
          153.625
        ],
        [
          625,
          169.8333282470703
        ],
        [
          626,
          150.14285278320312
        ],
        [
          627,
          144.7142791748047
        ],
        [
          628,
          163.2857208251953
        ],
        [
          629,
          126.875
        ],
        [
          630,
          126.5
        ],
        [
          631,
          130.3333282470703
        ],
        [
          632,
          166.42857360839844
        ],
        [
          633,
          121.22222137451172
        ],
        [
          634,
          180.6666717529297
        ],
        [
          635,
          137.625
        ],
        [
          636,
          219.1999969482422
        ],
        [
          637,
          147.0
        ],
        [
          638,
          201.60000610351562
        ],
        [
          639,
          147.875
        ],
        [
          640,
          130.625
        ],
        [
          641,
          133.375
        ],
        [
          642,
          146.42857360839844
        ],
        [
          643,
          146.5
        ],
        [
          644,
          131.75
        ],
        [
          645,
          159.57142639160156
        ],
        [
          646,
          266.75
        ],
        [
          647,
          176.6666717529297
        ],
        [
          648,
          162.0
        ],
        [
          649,
          171.0
        ],
        [
          650,
          147.14285278320312
        ],
        [
          651,
          112.66666412353516
        ],
        [
          652,
          123.66666412353516
        ],
        [
          653,
          138.0
        ],
        [
          654,
          132.25
        ],
        [
          655,
          148.2857208251953
        ],
        [
          656,
          182.8333282470703
        ],
        [
          657,
          146.14285278320312
        ],
        [
          658,
          173.0
        ],
        [
          659,
          155.14285278320312
        ],
        [
          660,
          125.55555725097656
        ],
        [
          661,
          158.2857208251953
        ],
        [
          662,
          127.25
        ],
        [
          663,
          177.3333282470703
        ],
        [
          664,
          106.19999694824219
        ],
        [
          665,
          168.0
        ],
        [
          666,
          121.11111450195312
        ],
        [
          667,
          154.42857360839844
        ],
        [
          668,
          159.2857208251953
        ],
        [
          669,
          169.7142791748047
        ],
        [
          670,
          181.5
        ],
        [
          671,
          167.2857208251953
        ],
        [
          672,
          125.5
        ],
        [
          673,
          123.0
        ],
        [
          674,
          170.5
        ],
        [
          675,
          128.25
        ],
        [
          676,
          135.125
        ],
        [
          677,
          173.6666717529297
        ],
        [
          678,
          111.9000015258789
        ],
        [
          679,
          155.2857208251953
        ],
        [
          680,
          144.875
        ],
        [
          681,
          150.2857208251953
        ],
        [
          682,
          157.0
        ],
        [
          683,
          178.8333282470703
        ],
        [
          684,
          173.1666717529297
        ],
        [
          685,
          151.42857360839844
        ],
        [
          686,
          134.0
        ],
        [
          687,
          121.0
        ],
        [
          688,
          114.22222137451172
        ],
        [
          689,
          187.3333282470703
        ],
        [
          690,
          152.85714721679688
        ],
        [
          691,
          143.125
        ],
        [
          692,
          145.7142791748047
        ],
        [
          693,
          136.5
        ],
        [
          694,
          171.14285278320312
        ],
        [
          695,
          151.85714721679688
        ],
        [
          696,
          137.0
        ],
        [
          697,
          166.0
        ],
        [
          698,
          162.7142791748047
        ],
        [
          699,
          152.85714721679688
        ],
        [
          700,
          181.8333282470703
        ],
        [
          701,
          133.0
        ],
        [
          702,
          165.0
        ],
        [
          703,
          145.57142639160156
        ],
        [
          704,
          134.75
        ],
        [
          705,
          235.8000030517578
        ],
        [
          706,
          143.7142791748047
        ],
        [
          707,
          153.14285278320312
        ],
        [
          708,
          144.42857360839844
        ],
        [
          709,
          119.55555725097656
        ],
        [
          710,
          187.3333282470703
        ],
        [
          711,
          143.7142791748047
        ],
        [
          712,
          143.7142791748047
        ],
        [
          713,
          129.75
        ],
        [
          714,
          119.11111450195312
        ],
        [
          715,
          181.3333282470703
        ],
        [
          716,
          148.55555725097656
        ],
        [
          717,
          170.57142639160156
        ],
        [
          718,
          151.42857360839844
        ],
        [
          719,
          132.0
        ],
        [
          720,
          135.25
        ],
        [
          721,
          171.1666717529297
        ],
        [
          722,
          146.57142639160156
        ],
        [
          723,
          132.125
        ],
        [
          724,
          150.25
        ],
        [
          725,
          169.3333282470703
        ],
        [
          726,
          160.42857360839844
        ],
        [
          727,
          158.57142639160156
        ],
        [
          728,
          152.42857360839844
        ],
        [
          729,
          150.14285278320312
        ],
        [
          730,
          167.5
        ],
        [
          731,
          131.5
        ],
        [
          732,
          135.375
        ],
        [
          733,
          159.2857208251953
        ],
        [
          734,
          140.75
        ],
        [
          735,
          151.42857360839844
        ],
        [
          736,
          142.25
        ],
        [
          737,
          152.57142639160156
        ],
        [
          738,
          117.33333587646484
        ],
        [
          739,
          121.66666412353516
        ],
        [
          740,
          165.7142791748047
        ],
        [
          741,
          143.0
        ],
        [
          742,
          200.1999969482422
        ],
        [
          743,
          156.0
        ],
        [
          744,
          138.125
        ],
        [
          745,
          133.625
        ],
        [
          746,
          145.42857360839844
        ],
        [
          747,
          143.625
        ],
        [
          748,
          145.7142791748047
        ],
        [
          749,
          133.375
        ],
        [
          750,
          150.2857208251953
        ],
        [
          751,
          199.6666717529297
        ],
        [
          752,
          158.2857208251953
        ],
        [
          753,
          156.85714721679688
        ],
        [
          754,
          160.6666717529297
        ],
        [
          755,
          149.0
        ],
        [
          756,
          132.375
        ],
        [
          757,
          190.6666717529297
        ],
        [
          758,
          176.6666717529297
        ],
        [
          759,
          169.1666717529297
        ],
        [
          760,
          133.0
        ],
        [
          761,
          132.75
        ],
        [
          762,
          127.75
        ],
        [
          763,
          181.3333282470703
        ],
        [
          764,
          136.875
        ],
        [
          765,
          180.8333282470703
        ],
        [
          766,
          153.57142639160156
        ],
        [
          767,
          152.85714721679688
        ],
        [
          768,
          202.8000030517578
        ],
        [
          769,
          170.14285278320312
        ],
        [
          770,
          149.85714721679688
        ],
        [
          771,
          150.85714721679688
        ],
        [
          772,
          164.14285278320312
        ],
        [
          773,
          144.2857208251953
        ],
        [
          774,
          147.0
        ],
        [
          775,
          154.7142791748047
        ],
        [
          776,
          148.14285278320312
        ],
        [
          777,
          150.2857208251953
        ],
        [
          778,
          126.25
        ],
        [
          779,
          118.66666412353516
        ],
        [
          780,
          152.42857360839844
        ],
        [
          781,
          129.125
        ],
        [
          782,
          161.57142639160156
        ],
        [
          783,
          175.5
        ],
        [
          784,
          127.375
        ],
        [
          785,
          151.14285278320312
        ],
        [
          786,
          148.42857360839844
        ],
        [
          787,
          146.2857208251953
        ],
        [
          788,
          146.0
        ],
        [
          789,
          219.5
        ],
        [
          790,
          168.6666717529297
        ],
        [
          791,
          146.14285278320312
        ],
        [
          792,
          171.1666717529297
        ],
        [
          793,
          203.39999389648438
        ],
        [
          794,
          141.5
        ],
        [
          795,
          133.25
        ],
        [
          796,
          179.8333282470703
        ],
        [
          797,
          146.375
        ],
        [
          798,
          151.125
        ],
        [
          799,
          144.875
        ],
        [
          800,
          190.8333282470703
        ],
        [
          801,
          126.5
        ],
        [
          802,
          176.3333282470703
        ],
        [
          803,
          241.39999389648438
        ],
        [
          804,
          194.5
        ],
        [
          805,
          156.14285278320312
        ],
        [
          806,
          172.3333282470703
        ],
        [
          807,
          179.2857208251953
        ],
        [
          808,
          188.1666717529297
        ],
        [
          809,
          158.2857208251953
        ],
        [
          810,
          134.22222900390625
        ],
        [
          811,
          150.85714721679688
        ],
        [
          812,
          121.0
        ],
        [
          813,
          157.42857360839844
        ],
        [
          814,
          233.60000610351562
        ],
        [
          815,
          145.42857360839844
        ],
        [
          816,
          148.42857360839844
        ],
        [
          817,
          143.7142791748047
        ],
        [
          818,
          181.0
        ],
        [
          819,
          173.6666717529297
        ],
        [
          820,
          155.85714721679688
        ],
        [
          821,
          272.0
        ],
        [
          822,
          200.1666717529297
        ],
        [
          823,
          170.8333282470703
        ],
        [
          824,
          174.14285278320312
        ],
        [
          825,
          182.8333282470703
        ],
        [
          826,
          178.6666717529297
        ],
        [
          827,
          138.625
        ],
        [
          828,
          163.14285278320312
        ],
        [
          829,
          161.0
        ],
        [
          830,
          158.14285278320312
        ],
        [
          831,
          209.8000030517578
        ],
        [
          832,
          148.42857360839844
        ],
        [
          833,
          170.42857360839844
        ],
        [
          834,
          167.0
        ],
        [
          835,
          118.22222137451172
        ],
        [
          836,
          126.75
        ],
        [
          837,
          134.375
        ],
        [
          838,
          161.625
        ],
        [
          839,
          148.0
        ],
        [
          840,
          144.0
        ],
        [
          841,
          154.0
        ],
        [
          842,
          171.6666717529297
        ],
        [
          843,
          176.42857360839844
        ],
        [
          844,
          153.7142791748047
        ],
        [
          845,
          130.875
        ],
        [
          846,
          122.77777862548828
        ],
        [
          847,
          127.44444274902344
        ],
        [
          848,
          125.11111450195312
        ],
        [
          849,
          173.0
        ],
        [
          850,
          167.6666717529297
        ],
        [
          851,
          178.8333282470703
        ],
        [
          852,
          148.42857360839844
        ],
        [
          853,
          152.2857208251953
        ],
        [
          854,
          127.66666412353516
        ],
        [
          855,
          110.5
        ],
        [
          856,
          129.625
        ],
        [
          857,
          124.55555725097656
        ],
        [
          858,
          146.2857208251953
        ],
        [
          859,
          132.625
        ],
        [
          860,
          159.14285278320312
        ],
        [
          861,
          139.125
        ],
        [
          862,
          200.0
        ],
        [
          863,
          151.42857360839844
        ],
        [
          864,
          125.375
        ],
        [
          865,
          155.85714721679688
        ],
        [
          866,
          159.2857208251953
        ],
        [
          867,
          157.57142639160156
        ],
        [
          868,
          172.5
        ],
        [
          869,
          128.75
        ],
        [
          870,
          189.8333282470703
        ],
        [
          871,
          128.88888549804688
        ],
        [
          872,
          145.11111450195312
        ],
        [
          873,
          139.25
        ],
        [
          874,
          144.2857208251953
        ],
        [
          875,
          151.7142791748047
        ],
        [
          876,
          127.625
        ],
        [
          877,
          125.125
        ],
        [
          878,
          184.0
        ],
        [
          879,
          137.875
        ],
        [
          880,
          153.7142791748047
        ],
        [
          881,
          149.85714721679688
        ],
        [
          882,
          167.0
        ],
        [
          883,
          139.625
        ],
        [
          884,
          132.5
        ],
        [
          885,
          130.75
        ],
        [
          886,
          158.85714721679688
        ],
        [
          887,
          187.3333282470703
        ],
        [
          888,
          125.44444274902344
        ],
        [
          889,
          143.0
        ],
        [
          890,
          169.5
        ],
        [
          891,
          206.8333282470703
        ],
        [
          892,
          129.0
        ],
        [
          893,
          121.0
        ],
        [
          894,
          142.5
        ],
        [
          895,
          168.2857208251953
        ],
        [
          896,
          228.6666717529297
        ],
        [
          897,
          148.7142791748047
        ],
        [
          898,
          151.14285278320312
        ],
        [
          899,
          149.57142639160156
        ],
        [
          900,
          127.125
        ],
        [
          901,
          134.55555725097656
        ],
        [
          902,
          164.14285278320312
        ],
        [
          903,
          131.875
        ],
        [
          904,
          133.44444274902344
        ],
        [
          905,
          155.85714721679688
        ],
        [
          906,
          148.42857360839844
        ],
        [
          907,
          141.625
        ],
        [
          908,
          156.0
        ],
        [
          909,
          139.75
        ],
        [
          910,
          157.7142791748047
        ],
        [
          911,
          133.625
        ],
        [
          912,
          146.5
        ],
        [
          913,
          170.1666717529297
        ],
        [
          914,
          187.3333282470703
        ],
        [
          915,
          113.88888549804688
        ],
        [
          916,
          133.0
        ],
        [
          917,
          132.5
        ],
        [
          918,
          153.57142639160156
        ],
        [
          919,
          162.0
        ],
        [
          920,
          102.0
        ],
        [
          921,
          148.125
        ],
        [
          922,
          172.0
        ],
        [
          923,
          174.5
        ],
        [
          924,
          135.25
        ],
        [
          925,
          148.125
        ],
        [
          926,
          151.7142791748047
        ],
        [
          927,
          189.1666717529297
        ],
        [
          928,
          151.14285278320312
        ],
        [
          929,
          139.875
        ],
        [
          930,
          169.7142791748047
        ],
        [
          931,
          145.2857208251953
        ],
        [
          932,
          129.25
        ],
        [
          933,
          132.875
        ],
        [
          934,
          115.22222137451172
        ],
        [
          935,
          137.25
        ],
        [
          936,
          136.0
        ],
        [
          937,
          158.14285278320312
        ],
        [
          938,
          144.14285278320312
        ],
        [
          939,
          124.22222137451172
        ],
        [
          940,
          129.125
        ],
        [
          941,
          125.25
        ],
        [
          942,
          137.875
        ],
        [
          943,
          143.42857360839844
        ],
        [
          944,
          154.57142639160156
        ],
        [
          945,
          137.0
        ],
        [
          946,
          112.22222137451172
        ],
        [
          947,
          155.375
        ],
        [
          948,
          125.55555725097656
        ],
        [
          949,
          166.57142639160156
        ],
        [
          950,
          167.8333282470703
        ],
        [
          951,
          135.5
        ],
        [
          952,
          139.25
        ],
        [
          953,
          127.875
        ],
        [
          954,
          150.85714721679688
        ],
        [
          955,
          152.57142639160156
        ],
        [
          956,
          138.0
        ],
        [
          957,
          188.5
        ],
        [
          958,
          137.0
        ],
        [
          959,
          201.39999389648438
        ],
        [
          960,
          174.0
        ],
        [
          961,
          155.0
        ],
        [
          962,
          193.1666717529297
        ],
        [
          963,
          130.88888549804688
        ],
        [
          964,
          156.0
        ],
        [
          965,
          165.42857360839844
        ],
        [
          966,
          166.85714721679688
        ],
        [
          967,
          126.375
        ],
        [
          968,
          134.0
        ],
        [
          969,
          163.2857208251953
        ],
        [
          970,
          126.5
        ],
        [
          971,
          212.5
        ],
        [
          972,
          138.625
        ],
        [
          973,
          133.22222900390625
        ],
        [
          974,
          148.625
        ],
        [
          975,
          133.125
        ],
        [
          976,
          113.66666412353516
        ],
        [
          977,
          134.375
        ],
        [
          978,
          128.625
        ],
        [
          979,
          143.2857208251953
        ],
        [
          980,
          146.0
        ],
        [
          981,
          205.5
        ],
        [
          982,
          143.25
        ],
        [
          983,
          165.14285278320312
        ],
        [
          984,
          217.39999389648438
        ],
        [
          985,
          130.0
        ],
        [
          986,
          140.625
        ],
        [
          987,
          159.7142791748047
        ],
        [
          988,
          192.0
        ],
        [
          989,
          182.5
        ],
        [
          990,
          144.57142639160156
        ],
        [
          991,
          119.33333587646484
        ],
        [
          992,
          136.75
        ],
        [
          993,
          135.5
        ],
        [
          994,
          125.5
        ],
        [
          995,
          175.8333282470703
        ],
        [
          996,
          127.0
        ],
        [
          997,
          125.125
        ],
        [
          998,
          156.0
        ],
        [
          999,
          134.25
        ]
      ],
      "last": 134.25
    }
  }
}
