[20260603 19:48:33 @logger.py:85] Hardware info: x86_64
[20260603 19:48:33 @logger.py:86] Device info: 15002
[20260603 19:48:33 @logger.py:87] Platform info: Linux-6.17.0-29-generic-x86_64-with-glibc2.39
[20260603 19:48:33 @logger.py:88] System info: Linux
[20260603 19:48:33 @logger.py:89] Current Python version: 3.11.15
[20260603 19:48:33 @train.py:133] CRITICAL The current environment is robo-sumo-devants-v0.
[20260603 19:48:33 @train.py:134] Running directory: ./tmp/robo-sumo-devants-v0/formal-parallel-20260603_1950-tp-fixed-20260603_194833
[20260603 19:48:33 @train.py:135] Type of current running: Training
[20260603 19:48:33 @logger.py:113] Log file set to ./tmp/robo-sumo-devants-v0/formal-parallel-20260603_1950-tp-fixed-20260603_194833/log/robo-sumo-devants-v0-20260603_194833.log
Config file is saved at ./tmp/robo-sumo-devants-v0/formal-parallel-20260603_1950-tp-fixed-20260603_194833/config.yml
[20260603 19:48:33 @multi_evo_agent_runner.py:483] loading agent_0 model from checkpoint: tmp/robo-sumo-devants-v0/base-rtg-fixed-epoch100-20260603_183245/models/best.p
[20260603 19:48:33 @multi_evo_agent_runner.py:483] loading agent_1 model from checkpoint: tmp/robo-sumo-devants-v0/base-rtg-fixed-epoch100-20260603_183245/models/best.p
[20260603 19:48:33 @base_runner.py:68] Checkpoint tmp/robo-sumo-devants-v0/base-rtg-fixed-epoch100-20260603_183245/models/best.p copied successfully to ./tmp/robo-sumo-devants-v0/formal-parallel-20260603_1950-tp-fixed-20260603_194833/models/agent_0/epoch_0000.p
[20260603 19:48:33 @base_runner.py:68] Checkpoint tmp/robo-sumo-devants-v0/base-rtg-fixed-epoch100-20260603_183245/models/best.p copied successfully to ./tmp/robo-sumo-devants-v0/formal-parallel-20260603_1950-tp-fixed-20260603_194833/models/agent_1/epoch_0000.p
[20260603 19:48:33 @multi_evo_agent_runner.py:79] #------------------------ Iteration 0 --------------------------#
[20260603 19:48:45 @multi_evo_agent_runner.py:85] Sampling 50000 steps by 12 slaves, spending 12.42 s.
[20260603 19:49:40 @multi_evo_agent_runner.py:94] Policy update, spending: 54.25 s.
[20260603 19:49:42 @multi_evo_agent_runner.py:99] Evaluation time: 2.57 s.
[20260603 19:49:42 @multi_evo_agent_runner.py:105] Total time:       1.16 min
[20260603 19:49:42 @multi_evo_agent_runner.py:115] Agent_0 gets eval reward: 271.04.
[20260603 19:49:42 @multi_evo_agent_runner.py:116] Agent_0 gets win rate: 0.21.
[20260603 19:49:42 @multi_evo_agent_runner.py:115] Agent_1 gets eval reward: 80.90.
[20260603 19:49:42 @multi_evo_agent_runner.py:116] Agent_1 gets win rate: 0.27.
[20260603 19:49:42 @multi_evo_agent_runner.py:510] CRITICAL save best checkpoint with agent_0's rewards 271.04!
[20260603 19:49:42 @multi_evo_agent_runner.py:510] CRITICAL save best checkpoint with agent_1's rewards 80.90!
[20260603 19:49:43 @multi_evo_agent_runner.py:79] #------------------------ Iteration 1 --------------------------#
[20260603 19:49:57 @multi_evo_agent_runner.py:85] Sampling 50000 steps by 12 slaves, spending 14.71 s.
[20260603 19:50:36 @multi_evo_agent_runner.py:94] Policy update, spending: 38.42 s.
[20260603 19:50:38 @multi_evo_agent_runner.py:99] Evaluation time: 1.92 s.
[20260603 19:50:38 @multi_evo_agent_runner.py:105] Total time:       2.08 min
[20260603 19:50:38 @multi_evo_agent_runner.py:115] Agent_0 gets eval reward: 1000.68.
[20260603 19:50:38 @multi_evo_agent_runner.py:116] Agent_0 gets win rate: 0.23.
[20260603 19:50:38 @multi_evo_agent_runner.py:115] Agent_1 gets eval reward: -0.72.
[20260603 19:50:38 @multi_evo_agent_runner.py:116] Agent_1 gets win rate: 0.20.
[20260603 19:50:38 @multi_evo_agent_runner.py:510] CRITICAL save best checkpoint with agent_0's rewards 1000.68!
[20260603 19:50:38 @multi_evo_agent_runner.py:79] #------------------------ Iteration 2 --------------------------#
[20260603 19:50:53 @multi_evo_agent_runner.py:85] Sampling 50000 steps by 12 slaves, spending 15.42 s.
[20260603 19:51:27 @multi_evo_agent_runner.py:94] Policy update, spending: 34.15 s.
[20260603 19:51:29 @multi_evo_agent_runner.py:99] Evaluation time: 2.01 s.
[20260603 19:51:29 @multi_evo_agent_runner.py:105] Total time:       2.94 min
[20260603 19:51:29 @multi_evo_agent_runner.py:115] Agent_0 gets eval reward: 1419.93.
[20260603 19:51:29 @multi_evo_agent_runner.py:116] Agent_0 gets win rate: 0.00.
[20260603 19:51:29 @multi_evo_agent_runner.py:115] Agent_1 gets eval reward: 183.82.
[20260603 19:51:29 @multi_evo_agent_runner.py:116] Agent_1 gets win rate: 0.29.
[20260603 19:51:29 @multi_evo_agent_runner.py:510] CRITICAL save best checkpoint with agent_0's rewards 1419.93!
[20260603 19:51:29 @multi_evo_agent_runner.py:510] CRITICAL save best checkpoint with agent_1's rewards 183.82!
[20260603 19:51:29 @multi_evo_agent_runner.py:79] #------------------------ Iteration 3 --------------------------#
[20260603 19:51:45 @multi_evo_agent_runner.py:85] Sampling 50000 steps by 12 slaves, spending 15.29 s.
[20260603 19:52:19 @multi_evo_agent_runner.py:94] Policy update, spending: 34.66 s.
[20260603 19:52:22 @multi_evo_agent_runner.py:99] Evaluation time: 2.12 s.
[20260603 19:52:22 @multi_evo_agent_runner.py:105] Total time:       3.81 min
[20260603 19:52:22 @multi_evo_agent_runner.py:115] Agent_0 gets eval reward: 727.54.
[20260603 19:52:22 @multi_evo_agent_runner.py:116] Agent_0 gets win rate: 0.18.
[20260603 19:52:22 @multi_evo_agent_runner.py:115] Agent_1 gets eval reward: 113.27.
[20260603 19:52:22 @multi_evo_agent_runner.py:116] Agent_1 gets win rate: 0.14.
[20260603 19:52:22 @multi_evo_agent_runner.py:510] CRITICAL save best checkpoint with agent_0's rewards 727.54!
[20260603 19:52:22 @multi_evo_agent_runner.py:79] #------------------------ Iteration 4 --------------------------#
[20260603 19:52:35 @multi_evo_agent_runner.py:85] Sampling 50000 steps by 12 slaves, spending 13.28 s.
[20260603 19:53:30 @multi_evo_agent_runner.py:94] Policy update, spending: 54.80 s.
[20260603 19:53:32 @multi_evo_agent_runner.py:99] Evaluation time: 1.97 s.
[20260603 19:53:32 @multi_evo_agent_runner.py:105] Total time:       4.98 min
[20260603 19:53:32 @multi_evo_agent_runner.py:115] Agent_0 gets eval reward: 207.91.
[20260603 19:53:32 @multi_evo_agent_runner.py:116] Agent_0 gets win rate: 0.35.
[20260603 19:53:32 @multi_evo_agent_runner.py:115] Agent_1 gets eval reward: 453.17.
[20260603 19:53:32 @multi_evo_agent_runner.py:116] Agent_1 gets win rate: 0.06.
[20260603 19:53:32 @multi_evo_agent_runner.py:510] CRITICAL save best checkpoint with agent_0's rewards 207.91!
[20260603 19:53:32 @multi_evo_agent_runner.py:510] CRITICAL save best checkpoint with agent_1's rewards 453.17!
[20260603 19:53:32 @multi_evo_agent_runner.py:79] #------------------------ Iteration 5 --------------------------#
[20260603 19:53:44 @multi_evo_agent_runner.py:85] Sampling 50000 steps by 12 slaves, spending 12.13 s.
[20260603 19:54:20 @multi_evo_agent_runner.py:94] Policy update, spending: 35.99 s.
[20260603 19:54:22 @multi_evo_agent_runner.py:99] Evaluation time: 2.01 s.
[20260603 19:54:22 @multi_evo_agent_runner.py:105] Total time:       5.82 min
[20260603 19:54:22 @multi_evo_agent_runner.py:115] Agent_0 gets eval reward: 1252.27.
[20260603 19:54:22 @multi_evo_agent_runner.py:116] Agent_0 gets win rate: 0.29.
[20260603 19:54:22 @multi_evo_agent_runner.py:115] Agent_1 gets eval reward: -178.19.
[20260603 19:54:22 @multi_evo_agent_runner.py:116] Agent_1 gets win rate: 0.19.
[20260603 19:54:22 @multi_evo_agent_runner.py:510] CRITICAL save best checkpoint with agent_0's rewards 1252.27!
[20260603 19:54:22 @multi_evo_agent_runner.py:510] CRITICAL save best checkpoint with agent_1's rewards -178.19!
[20260603 19:54:22 @multi_evo_agent_runner.py:79] #------------------------ Iteration 6 --------------------------#
[20260603 19:54:35 @multi_evo_agent_runner.py:85] Sampling 50000 steps by 12 slaves, spending 13.13 s.
[20260603 19:55:13 @multi_evo_agent_runner.py:94] Policy update, spending: 37.25 s.
[20260603 19:55:14 @multi_evo_agent_runner.py:99] Evaluation time: 1.80 s.
[20260603 19:55:14 @multi_evo_agent_runner.py:105] Total time:       6.69 min
[20260603 19:55:15 @multi_evo_agent_runner.py:115] Agent_0 gets eval reward: 1535.04.
[20260603 19:55:15 @multi_evo_agent_runner.py:116] Agent_0 gets win rate: 0.19.
[20260603 19:55:15 @multi_evo_agent_runner.py:115] Agent_1 gets eval reward: 485.10.
[20260603 19:55:15 @multi_evo_agent_runner.py:116] Agent_1 gets win rate: 0.22.
[20260603 19:55:15 @multi_evo_agent_runner.py:510] CRITICAL save best checkpoint with agent_0's rewards 1535.04!
[20260603 19:55:15 @multi_evo_agent_runner.py:510] CRITICAL save best checkpoint with agent_1's rewards 485.10!
[20260603 19:55:15 @multi_evo_agent_runner.py:79] #------------------------ Iteration 7 --------------------------#
[20260603 19:55:27 @multi_evo_agent_runner.py:85] Sampling 50000 steps by 12 slaves, spending 12.49 s.
[20260603 19:56:03 @multi_evo_agent_runner.py:94] Policy update, spending: 36.37 s.
[20260603 19:56:05 @multi_evo_agent_runner.py:99] Evaluation time: 1.74 s.
[20260603 19:56:05 @multi_evo_agent_runner.py:105] Total time:       7.54 min
[20260603 19:56:05 @multi_evo_agent_runner.py:115] Agent_0 gets eval reward: 522.96.
[20260603 19:56:05 @multi_evo_agent_runner.py:116] Agent_0 gets win rate: 0.17.
[20260603 19:56:05 @multi_evo_agent_runner.py:115] Agent_1 gets eval reward: 353.49.
[20260603 19:56:05 @multi_evo_agent_runner.py:116] Agent_1 gets win rate: 0.14.
[20260603 19:56:05 @multi_evo_agent_runner.py:79] #------------------------ Iteration 8 --------------------------#
[20260603 19:56:17 @multi_evo_agent_runner.py:85] Sampling 50000 steps by 12 slaves, spending 11.83 s.
[20260603 19:56:54 @multi_evo_agent_runner.py:94] Policy update, spending: 36.83 s.
[20260603 19:56:56 @multi_evo_agent_runner.py:99] Evaluation time: 2.01 s.
[20260603 19:56:56 @multi_evo_agent_runner.py:105] Total time:       8.38 min
[20260603 19:56:56 @multi_evo_agent_runner.py:115] Agent_0 gets eval reward: 534.46.
[20260603 19:56:56 @multi_evo_agent_runner.py:116] Agent_0 gets win rate: 0.04.
[20260603 19:56:56 @multi_evo_agent_runner.py:115] Agent_1 gets eval reward: 418.64.
[20260603 19:56:56 @multi_evo_agent_runner.py:116] Agent_1 gets win rate: 0.16.
[20260603 19:56:56 @multi_evo_agent_runner.py:79] #------------------------ Iteration 9 --------------------------#
[20260603 19:57:09 @multi_evo_agent_runner.py:85] Sampling 50000 steps by 12 slaves, spending 13.18 s.
[20260603 19:57:48 @multi_evo_agent_runner.py:94] Policy update, spending: 38.42 s.
[20260603 19:57:50 @multi_evo_agent_runner.py:99] Evaluation time: 1.73 s.
[20260603 19:57:50 @multi_evo_agent_runner.py:105] Total time:       9.28 min
[20260603 19:57:50 @multi_evo_agent_runner.py:115] Agent_0 gets eval reward: 948.51.
[20260603 19:57:50 @multi_evo_agent_runner.py:116] Agent_0 gets win rate: 0.12.
[20260603 19:57:50 @multi_evo_agent_runner.py:115] Agent_1 gets eval reward: 209.58.
[20260603 19:57:50 @multi_evo_agent_runner.py:116] Agent_1 gets win rate: 0.20.
[20260603 19:57:50 @multi_evo_agent_runner.py:79] #------------------------ Iteration 10 --------------------------#
[20260603 19:58:03 @multi_evo_agent_runner.py:85] Sampling 50000 steps by 12 slaves, spending 13.70 s.
[20260603 19:58:42 @multi_evo_agent_runner.py:94] Policy update, spending: 38.44 s.
[20260603 19:58:44 @multi_evo_agent_runner.py:99] Evaluation time: 2.25 s.
[20260603 19:58:44 @multi_evo_agent_runner.py:105] Total time:      10.19 min
[20260603 19:58:44 @multi_evo_agent_runner.py:115] Agent_0 gets eval reward: 637.91.
[20260603 19:58:44 @multi_evo_agent_runner.py:116] Agent_0 gets win rate: 0.26.
[20260603 19:58:44 @multi_evo_agent_runner.py:115] Agent_1 gets eval reward: 257.44.
[20260603 19:58:44 @multi_evo_agent_runner.py:116] Agent_1 gets win rate: 0.15.
[20260603 19:58:44 @multi_evo_agent_runner.py:510] CRITICAL save best checkpoint with agent_0's rewards 637.91!
[20260603 19:58:44 @multi_evo_agent_runner.py:79] #------------------------ Iteration 11 --------------------------#
[20260603 19:58:57 @multi_evo_agent_runner.py:85] Sampling 50000 steps by 12 slaves, spending 12.74 s.
[20260603 19:59:35 @multi_evo_agent_runner.py:94] Policy update, spending: 38.11 s.
[20260603 19:59:37 @multi_evo_agent_runner.py:99] Evaluation time: 1.97 s.
[20260603 19:59:37 @multi_evo_agent_runner.py:105] Total time:      11.07 min
[20260603 19:59:37 @multi_evo_agent_runner.py:115] Agent_0 gets eval reward: 789.27.
[20260603 19:59:37 @multi_evo_agent_runner.py:116] Agent_0 gets win rate: 0.30.
[20260603 19:59:37 @multi_evo_agent_runner.py:115] Agent_1 gets eval reward: 70.79.
[20260603 19:59:37 @multi_evo_agent_runner.py:116] Agent_1 gets win rate: 0.30.
[20260603 19:59:37 @multi_evo_agent_runner.py:510] CRITICAL save best checkpoint with agent_0's rewards 789.27!
[20260603 19:59:37 @multi_evo_agent_runner.py:510] CRITICAL save best checkpoint with agent_1's rewards 70.79!
[20260603 19:59:37 @multi_evo_agent_runner.py:79] #------------------------ Iteration 12 --------------------------#
[20260603 19:59:49 @multi_evo_agent_runner.py:85] Sampling 50000 steps by 12 slaves, spending 12.20 s.
[20260603 20:00:29 @multi_evo_agent_runner.py:94] Policy update, spending: 39.04 s.
[20260603 20:00:30 @multi_evo_agent_runner.py:99] Evaluation time: 1.95 s.
[20260603 20:00:30 @multi_evo_agent_runner.py:105] Total time:      11.96 min
[20260603 20:00:31 @multi_evo_agent_runner.py:115] Agent_0 gets eval reward: 885.87.
[20260603 20:00:31 @multi_evo_agent_runner.py:116] Agent_0 gets win rate: 0.51.
[20260603 20:00:31 @multi_evo_agent_runner.py:115] Agent_1 gets eval reward: 255.23.
[20260603 20:00:31 @multi_evo_agent_runner.py:116] Agent_1 gets win rate: 0.14.
[20260603 20:00:31 @multi_evo_agent_runner.py:510] CRITICAL save best checkpoint with agent_0's rewards 885.87!
[20260603 20:00:31 @multi_evo_agent_runner.py:510] CRITICAL save best checkpoint with agent_1's rewards 255.23!
[20260603 20:00:31 @multi_evo_agent_runner.py:79] #------------------------ Iteration 13 --------------------------#
[20260603 20:00:43 @multi_evo_agent_runner.py:85] Sampling 50000 steps by 12 slaves, spending 12.42 s.
[20260603 20:01:22 @multi_evo_agent_runner.py:94] Policy update, spending: 38.72 s.
[20260603 20:01:23 @multi_evo_agent_runner.py:99] Evaluation time: 1.72 s.
[20260603 20:01:23 @multi_evo_agent_runner.py:105] Total time:      12.84 min
[20260603 20:01:24 @multi_evo_agent_runner.py:115] Agent_0 gets eval reward: 1002.62.
[20260603 20:01:24 @multi_evo_agent_runner.py:116] Agent_0 gets win rate: 0.04.
[20260603 20:01:24 @multi_evo_agent_runner.py:115] Agent_1 gets eval reward: 353.84.
[20260603 20:01:24 @multi_evo_agent_runner.py:116] Agent_1 gets win rate: 0.13.
[20260603 20:01:24 @multi_evo_agent_runner.py:510] CRITICAL save best checkpoint with agent_0's rewards 1002.62!
[20260603 20:01:24 @multi_evo_agent_runner.py:510] CRITICAL save best checkpoint with agent_1's rewards 353.84!
[20260603 20:01:24 @multi_evo_agent_runner.py:79] #------------------------ Iteration 14 --------------------------#
[20260603 20:01:35 @multi_evo_agent_runner.py:85] Sampling 50000 steps by 12 slaves, spending 11.79 s.
[20260603 20:02:13 @multi_evo_agent_runner.py:94] Policy update, spending: 37.11 s.
[20260603 20:02:14 @multi_evo_agent_runner.py:99] Evaluation time: 1.86 s.
[20260603 20:02:14 @multi_evo_agent_runner.py:105] Total time:      13.69 min
[20260603 20:02:15 @multi_evo_agent_runner.py:115] Agent_0 gets eval reward: 1089.66.
[20260603 20:02:15 @multi_evo_agent_runner.py:116] Agent_0 gets win rate: 0.08.
[20260603 20:02:15 @multi_evo_agent_runner.py:115] Agent_1 gets eval reward: 274.83.
[20260603 20:02:15 @multi_evo_agent_runner.py:116] Agent_1 gets win rate: 0.27.
[20260603 20:02:15 @multi_evo_agent_runner.py:510] CRITICAL save best checkpoint with agent_0's rewards 1089.66!
[20260603 20:02:15 @multi_evo_agent_runner.py:510] CRITICAL save best checkpoint with agent_1's rewards 274.83!
[20260603 20:02:15 @multi_evo_agent_runner.py:79] #------------------------ Iteration 15 --------------------------#
[20260603 20:02:27 @multi_evo_agent_runner.py:85] Sampling 50000 steps by 12 slaves, spending 12.60 s.
[20260603 20:03:04 @multi_evo_agent_runner.py:94] Policy update, spending: 37.28 s.
[20260603 20:03:06 @multi_evo_agent_runner.py:99] Evaluation time: 1.76 s.
[20260603 20:03:06 @multi_evo_agent_runner.py:105] Total time:      14.55 min
[20260603 20:03:06 @multi_evo_agent_runner.py:115] Agent_0 gets eval reward: 351.39.
[20260603 20:03:06 @multi_evo_agent_runner.py:116] Agent_0 gets win rate: 0.63.
[20260603 20:03:06 @multi_evo_agent_runner.py:115] Agent_1 gets eval reward: 3.89.
[20260603 20:03:06 @multi_evo_agent_runner.py:116] Agent_1 gets win rate: 0.22.
[20260603 20:03:06 @multi_evo_agent_runner.py:510] CRITICAL save best checkpoint with agent_0's rewards 351.39!
[20260603 20:03:06 @multi_evo_agent_runner.py:79] #------------------------ Iteration 16 --------------------------#
[20260603 20:03:18 @multi_evo_agent_runner.py:85] Sampling 50000 steps by 12 slaves, spending 11.85 s.
[20260603 20:03:56 @multi_evo_agent_runner.py:94] Policy update, spending: 37.45 s.
[20260603 20:03:58 @multi_evo_agent_runner.py:99] Evaluation time: 2.10 s.
[20260603 20:03:58 @multi_evo_agent_runner.py:105] Total time:      15.41 min
[20260603 20:03:58 @multi_evo_agent_runner.py:115] Agent_0 gets eval reward: 654.67.
[20260603 20:03:58 @multi_evo_agent_runner.py:116] Agent_0 gets win rate: 0.37.
[20260603 20:03:58 @multi_evo_agent_runner.py:115] Agent_1 gets eval reward: -142.53.
[20260603 20:03:58 @multi_evo_agent_runner.py:116] Agent_1 gets win rate: 0.24.
[20260603 20:03:58 @multi_evo_agent_runner.py:510] CRITICAL save best checkpoint with agent_0's rewards 654.67!
[20260603 20:03:58 @multi_evo_agent_runner.py:79] #------------------------ Iteration 17 --------------------------#
[20260603 20:04:10 @multi_evo_agent_runner.py:85] Sampling 50000 steps by 12 slaves, spending 12.13 s.
[20260603 20:04:46 @multi_evo_agent_runner.py:94] Policy update, spending: 35.82 s.
[20260603 20:04:48 @multi_evo_agent_runner.py:99] Evaluation time: 1.93 s.
[20260603 20:04:48 @multi_evo_agent_runner.py:105] Total time:      16.25 min
[20260603 20:04:48 @multi_evo_agent_runner.py:115] Agent_0 gets eval reward: 770.65.
[20260603 20:04:48 @multi_evo_agent_runner.py:116] Agent_0 gets win rate: 0.43.
[20260603 20:04:48 @multi_evo_agent_runner.py:115] Agent_1 gets eval reward: 385.66.
[20260603 20:04:48 @multi_evo_agent_runner.py:116] Agent_1 gets win rate: 0.14.
[20260603 20:04:48 @multi_evo_agent_runner.py:510] CRITICAL save best checkpoint with agent_0's rewards 770.65!
[20260603 20:04:48 @multi_evo_agent_runner.py:510] CRITICAL save best checkpoint with agent_1's rewards 385.66!
[20260603 20:04:48 @multi_evo_agent_runner.py:79] #------------------------ Iteration 18 --------------------------#
[20260603 20:05:00 @multi_evo_agent_runner.py:85] Sampling 50000 steps by 12 slaves, spending 11.68 s.
[20260603 20:05:42 @multi_evo_agent_runner.py:94] Policy update, spending: 42.12 s.
[20260603 20:05:44 @multi_evo_agent_runner.py:99] Evaluation time: 1.91 s.
[20260603 20:05:44 @multi_evo_agent_runner.py:105] Total time:      17.18 min
[20260603 20:05:44 @multi_evo_agent_runner.py:115] Agent_0 gets eval reward: 734.79.
[20260603 20:05:44 @multi_evo_agent_runner.py:116] Agent_0 gets win rate: 0.47.
[20260603 20:05:44 @multi_evo_agent_runner.py:115] Agent_1 gets eval reward: -14.98.
[20260603 20:05:44 @multi_evo_agent_runner.py:116] Agent_1 gets win rate: 0.34.
[20260603 20:05:44 @multi_evo_agent_runner.py:510] CRITICAL save best checkpoint with agent_0's rewards 734.79!
[20260603 20:05:44 @multi_evo_agent_runner.py:510] CRITICAL save best checkpoint with agent_1's rewards -14.98!
[20260603 20:05:44 @multi_evo_agent_runner.py:79] #------------------------ Iteration 19 --------------------------#
[20260603 20:05:56 @multi_evo_agent_runner.py:85] Sampling 50000 steps by 12 slaves, spending 12.48 s.
[20260603 20:06:34 @multi_evo_agent_runner.py:94] Policy update, spending: 37.51 s.
[20260603 20:06:36 @multi_evo_agent_runner.py:99] Evaluation time: 2.50 s.
[20260603 20:06:36 @multi_evo_agent_runner.py:105] Total time:      18.06 min
[20260603 20:06:36 @multi_evo_agent_runner.py:115] Agent_0 gets eval reward: 1001.01.
[20260603 20:06:36 @multi_evo_agent_runner.py:116] Agent_0 gets win rate: 0.17.
[20260603 20:06:36 @multi_evo_agent_runner.py:115] Agent_1 gets eval reward: 202.39.
[20260603 20:06:36 @multi_evo_agent_runner.py:116] Agent_1 gets win rate: 0.62.
[20260603 20:06:36 @multi_evo_agent_runner.py:510] CRITICAL save best checkpoint with agent_0's rewards 1001.01!
[20260603 20:06:36 @multi_evo_agent_runner.py:510] CRITICAL save best checkpoint with agent_1's rewards 202.39!
[20260603 20:06:37 @multi_evo_agent_runner.py:79] #------------------------ Iteration 20 --------------------------#
[20260603 20:06:49 @multi_evo_agent_runner.py:85] Sampling 50000 steps by 12 slaves, spending 12.78 s.
[20260603 20:07:30 @multi_evo_agent_runner.py:94] Policy update, spending: 40.34 s.
[20260603 20:07:32 @multi_evo_agent_runner.py:99] Evaluation time: 2.28 s.
[20260603 20:07:32 @multi_evo_agent_runner.py:105] Total time:      18.98 min
[20260603 20:07:32 @multi_evo_agent_runner.py:115] Agent_0 gets eval reward: 1105.03.
[20260603 20:07:32 @multi_evo_agent_runner.py:116] Agent_0 gets win rate: 0.58.
[20260603 20:07:32 @multi_evo_agent_runner.py:115] Agent_1 gets eval reward: 339.85.
[20260603 20:07:32 @multi_evo_agent_runner.py:116] Agent_1 gets win rate: 0.06.
[20260603 20:07:32 @multi_evo_agent_runner.py:510] CRITICAL save best checkpoint with agent_0's rewards 1105.03!
[20260603 20:07:32 @multi_evo_agent_runner.py:510] CRITICAL save best checkpoint with agent_1's rewards 339.85!
[20260603 20:07:32 @multi_evo_agent_runner.py:79] #------------------------ Iteration 21 --------------------------#
[20260603 20:07:44 @multi_evo_agent_runner.py:85] Sampling 50000 steps by 12 slaves, spending 11.64 s.
[20260603 20:08:25 @multi_evo_agent_runner.py:94] Policy update, spending: 41.40 s.
[20260603 20:08:27 @multi_evo_agent_runner.py:99] Evaluation time: 1.98 s.
[20260603 20:08:27 @multi_evo_agent_runner.py:105] Total time:      19.90 min
[20260603 20:08:27 @multi_evo_agent_runner.py:115] Agent_0 gets eval reward: 939.41.
[20260603 20:08:27 @multi_evo_agent_runner.py:116] Agent_0 gets win rate: 0.43.
[20260603 20:08:27 @multi_evo_agent_runner.py:115] Agent_1 gets eval reward: 144.74.
[20260603 20:08:27 @multi_evo_agent_runner.py:116] Agent_1 gets win rate: 0.47.
[20260603 20:08:27 @multi_evo_agent_runner.py:510] CRITICAL save best checkpoint with agent_1's rewards 144.74!
[20260603 20:08:27 @multi_evo_agent_runner.py:79] #------------------------ Iteration 22 --------------------------#
[20260603 20:08:39 @multi_evo_agent_runner.py:85] Sampling 50000 steps by 12 slaves, spending 11.65 s.
[20260603 20:09:15 @multi_evo_agent_runner.py:94] Policy update, spending: 36.44 s.
[20260603 20:09:18 @multi_evo_agent_runner.py:99] Evaluation time: 2.53 s.
[20260603 20:09:18 @multi_evo_agent_runner.py:105] Total time:      20.75 min
[20260603 20:09:18 @multi_evo_agent_runner.py:115] Agent_0 gets eval reward: 534.05.
[20260603 20:09:18 @multi_evo_agent_runner.py:116] Agent_0 gets win rate: 0.58.
[20260603 20:09:18 @multi_evo_agent_runner.py:115] Agent_1 gets eval reward: 532.84.
[20260603 20:09:18 @multi_evo_agent_runner.py:116] Agent_1 gets win rate: 0.13.
[20260603 20:09:18 @multi_evo_agent_runner.py:510] CRITICAL save best checkpoint with agent_0's rewards 534.05!
[20260603 20:09:18 @multi_evo_agent_runner.py:510] CRITICAL save best checkpoint with agent_1's rewards 532.84!
[20260603 20:09:18 @multi_evo_agent_runner.py:79] #------------------------ Iteration 23 --------------------------#
[20260603 20:09:31 @multi_evo_agent_runner.py:85] Sampling 50000 steps by 12 slaves, spending 12.48 s.
[20260603 20:10:07 @multi_evo_agent_runner.py:94] Policy update, spending: 36.35 s.
[20260603 20:10:09 @multi_evo_agent_runner.py:99] Evaluation time: 2.35 s.
[20260603 20:10:09 @multi_evo_agent_runner.py:105] Total time:      21.61 min
[20260603 20:10:09 @multi_evo_agent_runner.py:115] Agent_0 gets eval reward: 397.50.
[20260603 20:10:09 @multi_evo_agent_runner.py:116] Agent_0 gets win rate: 0.49.
[20260603 20:10:09 @multi_evo_agent_runner.py:115] Agent_1 gets eval reward: 216.12.
[20260603 20:10:09 @multi_evo_agent_runner.py:116] Agent_1 gets win rate: 0.43.
[20260603 20:10:09 @multi_evo_agent_runner.py:510] CRITICAL save best checkpoint with agent_1's rewards 216.12!
[20260603 20:10:09 @multi_evo_agent_runner.py:79] #------------------------ Iteration 24 --------------------------#
[20260603 20:10:23 @multi_evo_agent_runner.py:85] Sampling 50000 steps by 12 slaves, spending 13.28 s.
[20260603 20:11:08 @multi_evo_agent_runner.py:94] Policy update, spending: 45.25 s.
[20260603 20:11:10 @multi_evo_agent_runner.py:99] Evaluation time: 2.02 s.
[20260603 20:11:10 @multi_evo_agent_runner.py:105] Total time:      22.62 min
[20260603 20:11:10 @multi_evo_agent_runner.py:115] Agent_0 gets eval reward: 463.45.
[20260603 20:11:10 @multi_evo_agent_runner.py:116] Agent_0 gets win rate: 0.37.
[20260603 20:11:10 @multi_evo_agent_runner.py:115] Agent_1 gets eval reward: 631.81.
[20260603 20:11:10 @multi_evo_agent_runner.py:116] Agent_1 gets win rate: 0.37.
[20260603 20:11:10 @multi_evo_agent_runner.py:510] CRITICAL save best checkpoint with agent_1's rewards 631.81!
[20260603 20:11:10 @multi_evo_agent_runner.py:79] #------------------------ Iteration 25 --------------------------#
[20260603 20:11:25 @multi_evo_agent_runner.py:85] Sampling 50000 steps by 12 slaves, spending 14.73 s.
[20260603 20:12:11 @multi_evo_agent_runner.py:94] Policy update, spending: 45.61 s.
[20260603 20:12:13 @multi_evo_agent_runner.py:99] Evaluation time: 2.75 s.
[20260603 20:12:13 @multi_evo_agent_runner.py:105] Total time:      23.67 min
[20260603 20:12:13 @multi_evo_agent_runner.py:115] Agent_0 gets eval reward: 691.79.
[20260603 20:12:13 @multi_evo_agent_runner.py:116] Agent_0 gets win rate: 0.53.
[20260603 20:12:13 @multi_evo_agent_runner.py:115] Agent_1 gets eval reward: 514.00.
[20260603 20:12:13 @multi_evo_agent_runner.py:116] Agent_1 gets win rate: 0.40.
[20260603 20:12:14 @multi_evo_agent_runner.py:510] CRITICAL save best checkpoint with agent_0's rewards 691.79!
[20260603 20:12:14 @multi_evo_agent_runner.py:510] CRITICAL save best checkpoint with agent_1's rewards 514.00!
[20260603 20:12:14 @multi_evo_agent_runner.py:79] #------------------------ Iteration 26 --------------------------#
[20260603 20:12:28 @multi_evo_agent_runner.py:85] Sampling 50000 steps by 12 slaves, spending 13.98 s.
[20260603 20:13:08 @multi_evo_agent_runner.py:94] Policy update, spending: 40.09 s.
[20260603 20:13:10 @multi_evo_agent_runner.py:99] Evaluation time: 2.61 s.
[20260603 20:13:10 @multi_evo_agent_runner.py:105] Total time:      24.62 min
[20260603 20:13:10 @multi_evo_agent_runner.py:115] Agent_0 gets eval reward: 526.78.
[20260603 20:13:10 @multi_evo_agent_runner.py:116] Agent_0 gets win rate: 0.52.
[20260603 20:13:10 @multi_evo_agent_runner.py:115] Agent_1 gets eval reward: 302.13.
[20260603 20:13:10 @multi_evo_agent_runner.py:116] Agent_1 gets win rate: 0.44.
[20260603 20:13:10 @multi_evo_agent_runner.py:510] CRITICAL save best checkpoint with agent_1's rewards 302.13!
[20260603 20:13:10 @multi_evo_agent_runner.py:79] #------------------------ Iteration 27 --------------------------#
[20260603 20:13:25 @multi_evo_agent_runner.py:85] Sampling 50000 steps by 12 slaves, spending 14.60 s.
[20260603 20:14:03 @multi_evo_agent_runner.py:94] Policy update, spending: 37.72 s.
[20260603 20:14:05 @multi_evo_agent_runner.py:99] Evaluation time: 2.29 s.
[20260603 20:14:05 @multi_evo_agent_runner.py:105] Total time:      25.53 min
[20260603 20:14:05 @multi_evo_agent_runner.py:115] Agent_0 gets eval reward: 661.81.
[20260603 20:14:05 @multi_evo_agent_runner.py:116] Agent_0 gets win rate: 0.47.
[20260603 20:14:05 @multi_evo_agent_runner.py:115] Agent_1 gets eval reward: 244.62.
[20260603 20:14:05 @multi_evo_agent_runner.py:116] Agent_1 gets win rate: 0.42.
[20260603 20:14:05 @multi_evo_agent_runner.py:79] #------------------------ Iteration 28 --------------------------#
[20260603 20:14:17 @multi_evo_agent_runner.py:85] Sampling 50000 steps by 12 slaves, spending 11.91 s.
[20260603 20:15:02 @multi_evo_agent_runner.py:94] Policy update, spending: 44.90 s.
[20260603 20:15:05 @multi_evo_agent_runner.py:99] Evaluation time: 2.69 s.
[20260603 20:15:05 @multi_evo_agent_runner.py:105] Total time:      26.53 min
[20260603 20:15:05 @multi_evo_agent_runner.py:115] Agent_0 gets eval reward: 794.44.
[20260603 20:15:05 @multi_evo_agent_runner.py:116] Agent_0 gets win rate: 0.56.
[20260603 20:15:05 @multi_evo_agent_runner.py:115] Agent_1 gets eval reward: 312.41.
[20260603 20:15:05 @multi_evo_agent_runner.py:116] Agent_1 gets win rate: 0.36.
[20260603 20:15:05 @multi_evo_agent_runner.py:510] CRITICAL save best checkpoint with agent_0's rewards 794.44!
[20260603 20:15:05 @multi_evo_agent_runner.py:510] CRITICAL save best checkpoint with agent_1's rewards 312.41!
[20260603 20:15:05 @multi_evo_agent_runner.py:79] #------------------------ Iteration 29 --------------------------#
[20260603 20:15:18 @multi_evo_agent_runner.py:85] Sampling 50000 steps by 12 slaves, spending 13.31 s.
[20260603 20:16:11 @multi_evo_agent_runner.py:94] Policy update, spending: 52.68 s.
[20260603 20:16:13 @multi_evo_agent_runner.py:99] Evaluation time: 2.19 s.
[20260603 20:16:13 @multi_evo_agent_runner.py:105] Total time:      27.67 min
[20260603 20:16:13 @multi_evo_agent_runner.py:115] Agent_0 gets eval reward: 878.01.
[20260603 20:16:13 @multi_evo_agent_runner.py:116] Agent_0 gets win rate: 0.56.
[20260603 20:16:13 @multi_evo_agent_runner.py:115] Agent_1 gets eval reward: 278.47.
[20260603 20:16:13 @multi_evo_agent_runner.py:116] Agent_1 gets win rate: 0.36.
[20260603 20:16:13 @multi_evo_agent_runner.py:510] CRITICAL save best checkpoint with agent_0's rewards 878.01!
[20260603 20:16:13 @multi_evo_agent_runner.py:79] #------------------------ Iteration 30 --------------------------#
[20260603 20:16:28 @multi_evo_agent_runner.py:85] Sampling 50000 steps by 12 slaves, spending 14.57 s.
[20260603 20:17:25 @multi_evo_agent_runner.py:94] Policy update, spending: 57.27 s.
[20260603 20:17:27 @multi_evo_agent_runner.py:99] Evaluation time: 1.82 s.
[20260603 20:17:27 @multi_evo_agent_runner.py:105] Total time:      28.90 min
[20260603 20:17:27 @multi_evo_agent_runner.py:115] Agent_0 gets eval reward: 635.11.
[20260603 20:17:27 @multi_evo_agent_runner.py:116] Agent_0 gets win rate: 0.39.
[20260603 20:17:27 @multi_evo_agent_runner.py:115] Agent_1 gets eval reward: 417.32.
[20260603 20:17:27 @multi_evo_agent_runner.py:116] Agent_1 gets win rate: 0.49.
[20260603 20:17:27 @multi_evo_agent_runner.py:510] CRITICAL save best checkpoint with agent_1's rewards 417.32!
[20260603 20:17:27 @multi_evo_agent_runner.py:79] #------------------------ Iteration 31 --------------------------#
[20260603 20:17:43 @multi_evo_agent_runner.py:85] Sampling 50000 steps by 12 slaves, spending 15.73 s.
[20260603 20:18:22 @multi_evo_agent_runner.py:94] Policy update, spending: 39.61 s.
[20260603 20:18:25 @multi_evo_agent_runner.py:99] Evaluation time: 2.85 s.
[20260603 20:18:25 @multi_evo_agent_runner.py:105] Total time:      29.87 min
[20260603 20:18:25 @multi_evo_agent_runner.py:115] Agent_0 gets eval reward: 986.69.
[20260603 20:18:25 @multi_evo_agent_runner.py:116] Agent_0 gets win rate: 0.46.
[20260603 20:18:25 @multi_evo_agent_runner.py:115] Agent_1 gets eval reward: 326.31.
[20260603 20:18:25 @multi_evo_agent_runner.py:116] Agent_1 gets win rate: 0.48.
[20260603 20:18:25 @multi_evo_agent_runner.py:510] CRITICAL save best checkpoint with agent_0's rewards 986.69!
[20260603 20:18:26 @multi_evo_agent_runner.py:79] #------------------------ Iteration 32 --------------------------#
[20260603 20:18:38 @multi_evo_agent_runner.py:85] Sampling 50000 steps by 12 slaves, spending 12.57 s.
[20260603 20:19:16 @multi_evo_agent_runner.py:94] Policy update, spending: 38.17 s.
[20260603 20:19:19 @multi_evo_agent_runner.py:99] Evaluation time: 2.18 s.
[20260603 20:19:19 @multi_evo_agent_runner.py:105] Total time:      30.76 min
[20260603 20:19:19 @multi_evo_agent_runner.py:115] Agent_0 gets eval reward: 784.71.
[20260603 20:19:19 @multi_evo_agent_runner.py:116] Agent_0 gets win rate: 0.50.
[20260603 20:19:19 @multi_evo_agent_runner.py:115] Agent_1 gets eval reward: 209.09.
[20260603 20:19:19 @multi_evo_agent_runner.py:116] Agent_1 gets win rate: 0.38.
[20260603 20:19:19 @multi_evo_agent_runner.py:510] CRITICAL save best checkpoint with agent_0's rewards 784.71!
[20260603 20:19:19 @multi_evo_agent_runner.py:79] #------------------------ Iteration 33 --------------------------#
[20260603 20:19:31 @multi_evo_agent_runner.py:85] Sampling 50000 steps by 12 slaves, spending 12.05 s.
[20260603 20:20:09 @multi_evo_agent_runner.py:94] Policy update, spending: 38.18 s.
[20260603 20:20:11 @multi_evo_agent_runner.py:99] Evaluation time: 2.29 s.
[20260603 20:20:11 @multi_evo_agent_runner.py:105] Total time:      31.64 min
[20260603 20:20:11 @multi_evo_agent_runner.py:115] Agent_0 gets eval reward: 870.79.
[20260603 20:20:11 @multi_evo_agent_runner.py:116] Agent_0 gets win rate: 0.60.
[20260603 20:20:11 @multi_evo_agent_runner.py:115] Agent_1 gets eval reward: 496.72.
[20260603 20:20:11 @multi_evo_agent_runner.py:116] Agent_1 gets win rate: 0.24.
[20260603 20:20:11 @multi_evo_agent_runner.py:510] CRITICAL save best checkpoint with agent_0's rewards 870.79!
[20260603 20:20:11 @multi_evo_agent_runner.py:510] CRITICAL save best checkpoint with agent_1's rewards 496.72!
[20260603 20:20:11 @multi_evo_agent_runner.py:79] #------------------------ Iteration 34 --------------------------#
[20260603 20:20:24 @multi_evo_agent_runner.py:85] Sampling 50000 steps by 12 slaves, spending 12.18 s.
[20260603 20:21:04 @multi_evo_agent_runner.py:94] Policy update, spending: 40.04 s.
[20260603 20:21:06 @multi_evo_agent_runner.py:99] Evaluation time: 2.20 s.
[20260603 20:21:06 @multi_evo_agent_runner.py:105] Total time:      32.55 min
[20260603 20:21:06 @multi_evo_agent_runner.py:115] Agent_0 gets eval reward: 751.74.
[20260603 20:21:06 @multi_evo_agent_runner.py:116] Agent_0 gets win rate: 0.44.
[20260603 20:21:06 @multi_evo_agent_runner.py:115] Agent_1 gets eval reward: 338.31.
[20260603 20:21:06 @multi_evo_agent_runner.py:116] Agent_1 gets win rate: 0.51.
[20260603 20:21:06 @multi_evo_agent_runner.py:510] CRITICAL save best checkpoint with agent_1's rewards 338.31!
[20260603 20:21:06 @multi_evo_agent_runner.py:79] #------------------------ Iteration 35 --------------------------#
[20260603 20:21:19 @multi_evo_agent_runner.py:85] Sampling 50000 steps by 12 slaves, spending 12.56 s.
[20260603 20:21:57 @multi_evo_agent_runner.py:94] Policy update, spending: 38.57 s.
[20260603 20:21:59 @multi_evo_agent_runner.py:99] Evaluation time: 1.87 s.
[20260603 20:21:59 @multi_evo_agent_runner.py:105] Total time:      33.43 min
[20260603 20:21:59 @multi_evo_agent_runner.py:115] Agent_0 gets eval reward: 885.60.
[20260603 20:21:59 @multi_evo_agent_runner.py:116] Agent_0 gets win rate: 0.40.
[20260603 20:21:59 @multi_evo_agent_runner.py:115] Agent_1 gets eval reward: 937.57.
[20260603 20:21:59 @multi_evo_agent_runner.py:116] Agent_1 gets win rate: 0.47.
[20260603 20:21:59 @multi_evo_agent_runner.py:510] CRITICAL save best checkpoint with agent_0's rewards 885.60!
[20260603 20:21:59 @multi_evo_agent_runner.py:510] CRITICAL save best checkpoint with agent_1's rewards 937.57!
[20260603 20:21:59 @multi_evo_agent_runner.py:79] #------------------------ Iteration 36 --------------------------#
[20260603 20:22:12 @multi_evo_agent_runner.py:85] Sampling 50000 steps by 12 slaves, spending 13.32 s.
[20260603 20:22:51 @multi_evo_agent_runner.py:94] Policy update, spending: 38.13 s.
[20260603 20:22:53 @multi_evo_agent_runner.py:99] Evaluation time: 2.16 s.
[20260603 20:22:53 @multi_evo_agent_runner.py:105] Total time:      34.33 min
[20260603 20:22:53 @multi_evo_agent_runner.py:115] Agent_0 gets eval reward: 660.51.
[20260603 20:22:53 @multi_evo_agent_runner.py:116] Agent_0 gets win rate: 0.71.
[20260603 20:22:53 @multi_evo_agent_runner.py:115] Agent_1 gets eval reward: 203.97.
[20260603 20:22:53 @multi_evo_agent_runner.py:116] Agent_1 gets win rate: 0.28.
[20260603 20:22:53 @multi_evo_agent_runner.py:510] CRITICAL save best checkpoint with agent_0's rewards 660.51!
[20260603 20:22:53 @multi_evo_agent_runner.py:79] #------------------------ Iteration 37 --------------------------#
[20260603 20:23:05 @multi_evo_agent_runner.py:85] Sampling 50000 steps by 12 slaves, spending 11.80 s.
[20260603 20:23:52 @multi_evo_agent_runner.py:94] Policy update, spending: 47.01 s.
[20260603 20:23:54 @multi_evo_agent_runner.py:99] Evaluation time: 2.46 s.
[20260603 20:23:54 @multi_evo_agent_runner.py:105] Total time:      35.35 min
[20260603 20:23:54 @multi_evo_agent_runner.py:115] Agent_0 gets eval reward: 575.59.
[20260603 20:23:54 @multi_evo_agent_runner.py:116] Agent_0 gets win rate: 0.73.
[20260603 20:23:54 @multi_evo_agent_runner.py:115] Agent_1 gets eval reward: 144.25.
[20260603 20:23:54 @multi_evo_agent_runner.py:116] Agent_1 gets win rate: 0.27.
[20260603 20:23:54 @multi_evo_agent_runner.py:510] CRITICAL save best checkpoint with agent_0's rewards 575.59!
[20260603 20:23:54 @multi_evo_agent_runner.py:79] #------------------------ Iteration 38 --------------------------#
[20260603 20:24:09 @multi_evo_agent_runner.py:85] Sampling 50000 steps by 12 slaves, spending 14.57 s.
[20260603 20:24:52 @multi_evo_agent_runner.py:94] Policy update, spending: 43.34 s.
[20260603 20:24:55 @multi_evo_agent_runner.py:99] Evaluation time: 2.98 s.
[20260603 20:24:55 @multi_evo_agent_runner.py:105] Total time:      36.37 min
[20260603 20:24:55 @multi_evo_agent_runner.py:115] Agent_0 gets eval reward: 1093.86.
[20260603 20:24:55 @multi_evo_agent_runner.py:116] Agent_0 gets win rate: 0.56.
[20260603 20:24:55 @multi_evo_agent_runner.py:115] Agent_1 gets eval reward: 675.05.
[20260603 20:24:55 @multi_evo_agent_runner.py:116] Agent_1 gets win rate: 0.42.
[20260603 20:24:55 @multi_evo_agent_runner.py:510] CRITICAL save best checkpoint with agent_0's rewards 1093.86!
[20260603 20:24:56 @multi_evo_agent_runner.py:79] #------------------------ Iteration 39 --------------------------#
[20260603 20:25:09 @multi_evo_agent_runner.py:85] Sampling 50000 steps by 12 slaves, spending 13.42 s.
[20260603 20:26:05 @multi_evo_agent_runner.py:94] Policy update, spending: 56.48 s.
[20260603 20:26:07 @multi_evo_agent_runner.py:99] Evaluation time: 1.97 s.
[20260603 20:26:07 @multi_evo_agent_runner.py:105] Total time:      37.57 min
[20260603 20:26:08 @multi_evo_agent_runner.py:115] Agent_0 gets eval reward: 734.92.
[20260603 20:26:08 @multi_evo_agent_runner.py:116] Agent_0 gets win rate: 0.72.
[20260603 20:26:08 @multi_evo_agent_runner.py:115] Agent_1 gets eval reward: 262.88.
[20260603 20:26:08 @multi_evo_agent_runner.py:116] Agent_1 gets win rate: 0.28.
[20260603 20:26:08 @multi_evo_agent_runner.py:510] CRITICAL save best checkpoint with agent_0's rewards 734.92!
[20260603 20:26:08 @multi_evo_agent_runner.py:79] #------------------------ Iteration 40 --------------------------#
[20260603 20:26:24 @multi_evo_agent_runner.py:85] Sampling 50000 steps by 12 slaves, spending 15.92 s.
[20260603 20:27:19 @multi_evo_agent_runner.py:94] Policy update, spending: 55.15 s.
[20260603 20:27:21 @multi_evo_agent_runner.py:99] Evaluation time: 2.03 s.
[20260603 20:27:21 @multi_evo_agent_runner.py:105] Total time:      38.80 min
[20260603 20:27:21 @multi_evo_agent_runner.py:115] Agent_0 gets eval reward: 483.59.
[20260603 20:27:21 @multi_evo_agent_runner.py:116] Agent_0 gets win rate: 0.56.
[20260603 20:27:21 @multi_evo_agent_runner.py:115] Agent_1 gets eval reward: 237.19.
[20260603 20:27:21 @multi_evo_agent_runner.py:116] Agent_1 gets win rate: 0.44.
[20260603 20:27:21 @multi_evo_agent_runner.py:79] #------------------------ Iteration 41 --------------------------#
[20260603 20:27:36 @multi_evo_agent_runner.py:85] Sampling 50000 steps by 12 slaves, spending 14.78 s.
[20260603 20:28:16 @multi_evo_agent_runner.py:94] Policy update, spending: 40.61 s.
[20260603 20:28:18 @multi_evo_agent_runner.py:99] Evaluation time: 1.77 s.
[20260603 20:28:18 @multi_evo_agent_runner.py:105] Total time:      39.75 min
[20260603 20:28:18 @multi_evo_agent_runner.py:115] Agent_0 gets eval reward: 1143.82.
[20260603 20:28:18 @multi_evo_agent_runner.py:116] Agent_0 gets win rate: 0.67.
[20260603 20:28:18 @multi_evo_agent_runner.py:115] Agent_1 gets eval reward: 470.74.
[20260603 20:28:18 @multi_evo_agent_runner.py:116] Agent_1 gets win rate: 0.29.
[20260603 20:28:18 @multi_evo_agent_runner.py:510] CRITICAL save best checkpoint with agent_0's rewards 1143.82!
[20260603 20:28:18 @multi_evo_agent_runner.py:79] #------------------------ Iteration 42 --------------------------#
[20260603 20:28:34 @multi_evo_agent_runner.py:85] Sampling 50000 steps by 12 slaves, spending 15.62 s.
[20260603 20:29:30 @multi_evo_agent_runner.py:94] Policy update, spending: 56.53 s.
[20260603 20:29:33 @multi_evo_agent_runner.py:99] Evaluation time: 2.06 s.
[20260603 20:29:33 @multi_evo_agent_runner.py:105] Total time:      40.99 min
[20260603 20:29:33 @multi_evo_agent_runner.py:115] Agent_0 gets eval reward: 979.80.
[20260603 20:29:33 @multi_evo_agent_runner.py:116] Agent_0 gets win rate: 0.53.
[20260603 20:29:33 @multi_evo_agent_runner.py:115] Agent_1 gets eval reward: 778.49.
[20260603 20:29:33 @multi_evo_agent_runner.py:116] Agent_1 gets win rate: 0.22.
[20260603 20:29:33 @multi_evo_agent_runner.py:79] #------------------------ Iteration 43 --------------------------#
[20260603 20:29:49 @multi_evo_agent_runner.py:85] Sampling 50000 steps by 12 slaves, spending 16.50 s.
[20260603 20:30:40 @multi_evo_agent_runner.py:94] Policy update, spending: 50.51 s.
[20260603 20:30:42 @multi_evo_agent_runner.py:99] Evaluation time: 1.95 s.
[20260603 20:30:42 @multi_evo_agent_runner.py:105] Total time:      42.14 min
[20260603 20:30:42 @multi_evo_agent_runner.py:115] Agent_0 gets eval reward: 580.03.
[20260603 20:30:42 @multi_evo_agent_runner.py:116] Agent_0 gets win rate: 0.57.
[20260603 20:30:42 @multi_evo_agent_runner.py:115] Agent_1 gets eval reward: 287.09.
[20260603 20:30:42 @multi_evo_agent_runner.py:116] Agent_1 gets win rate: 0.32.
[20260603 20:30:42 @multi_evo_agent_runner.py:79] #------------------------ Iteration 44 --------------------------#
[20260603 20:30:57 @multi_evo_agent_runner.py:85] Sampling 50000 steps by 12 slaves, spending 14.84 s.
[20260603 20:31:51 @multi_evo_agent_runner.py:94] Policy update, spending: 54.75 s.
[20260603 20:31:54 @multi_evo_agent_runner.py:99] Evaluation time: 2.14 s.
[20260603 20:31:54 @multi_evo_agent_runner.py:105] Total time:      43.34 min
[20260603 20:31:54 @multi_evo_agent_runner.py:115] Agent_0 gets eval reward: 1031.89.
[20260603 20:31:54 @multi_evo_agent_runner.py:116] Agent_0 gets win rate: 0.74.
[20260603 20:31:54 @multi_evo_agent_runner.py:115] Agent_1 gets eval reward: 260.86.
[20260603 20:31:54 @multi_evo_agent_runner.py:116] Agent_1 gets win rate: 0.26.
[20260603 20:31:54 @multi_evo_agent_runner.py:510] CRITICAL save best checkpoint with agent_0's rewards 1031.89!
[20260603 20:31:54 @multi_evo_agent_runner.py:79] #------------------------ Iteration 45 --------------------------#
[20260603 20:32:08 @multi_evo_agent_runner.py:85] Sampling 50000 steps by 12 slaves, spending 14.21 s.
[20260603 20:32:47 @multi_evo_agent_runner.py:94] Policy update, spending: 39.09 s.
[20260603 20:32:49 @multi_evo_agent_runner.py:99] Evaluation time: 1.74 s.
[20260603 20:32:49 @multi_evo_agent_runner.py:105] Total time:      44.26 min
[20260603 20:32:49 @multi_evo_agent_runner.py:115] Agent_0 gets eval reward: 547.58.
[20260603 20:32:49 @multi_evo_agent_runner.py:116] Agent_0 gets win rate: 0.60.
[20260603 20:32:49 @multi_evo_agent_runner.py:115] Agent_1 gets eval reward: 248.85.
[20260603 20:32:49 @multi_evo_agent_runner.py:116] Agent_1 gets win rate: 0.40.
[20260603 20:32:49 @multi_evo_agent_runner.py:79] #------------------------ Iteration 46 --------------------------#
[20260603 20:33:04 @multi_evo_agent_runner.py:85] Sampling 50000 steps by 12 slaves, spending 14.80 s.
[20260603 20:33:37 @multi_evo_agent_runner.py:94] Policy update, spending: 33.61 s.
[20260603 20:33:39 @multi_evo_agent_runner.py:99] Evaluation time: 1.83 s.
[20260603 20:33:39 @multi_evo_agent_runner.py:105] Total time:      45.10 min
[20260603 20:33:39 @multi_evo_agent_runner.py:115] Agent_0 gets eval reward: 691.92.
[20260603 20:33:39 @multi_evo_agent_runner.py:116] Agent_0 gets win rate: 0.61.
[20260603 20:33:39 @multi_evo_agent_runner.py:115] Agent_1 gets eval reward: 266.80.
[20260603 20:33:39 @multi_evo_agent_runner.py:116] Agent_1 gets win rate: 0.36.
[20260603 20:33:39 @multi_evo_agent_runner.py:79] #------------------------ Iteration 47 --------------------------#
[20260603 20:33:54 @multi_evo_agent_runner.py:85] Sampling 50000 steps by 12 slaves, spending 14.38 s.
[20260603 20:34:29 @multi_evo_agent_runner.py:94] Policy update, spending: 34.85 s.
[20260603 20:34:31 @multi_evo_agent_runner.py:99] Evaluation time: 2.01 s.
[20260603 20:34:31 @multi_evo_agent_runner.py:105] Total time:      45.96 min
[20260603 20:34:31 @multi_evo_agent_runner.py:115] Agent_0 gets eval reward: 960.30.
[20260603 20:34:31 @multi_evo_agent_runner.py:116] Agent_0 gets win rate: 0.63.
[20260603 20:34:31 @multi_evo_agent_runner.py:115] Agent_1 gets eval reward: 243.98.
[20260603 20:34:31 @multi_evo_agent_runner.py:116] Agent_1 gets win rate: 0.31.
[20260603 20:34:31 @multi_evo_agent_runner.py:79] #------------------------ Iteration 48 --------------------------#
[20260603 20:34:46 @multi_evo_agent_runner.py:85] Sampling 50000 steps by 12 slaves, spending 15.41 s.
[20260603 20:35:32 @multi_evo_agent_runner.py:94] Policy update, spending: 45.33 s.
[20260603 20:35:34 @multi_evo_agent_runner.py:99] Evaluation time: 2.25 s.
[20260603 20:35:34 @multi_evo_agent_runner.py:105] Total time:      47.01 min
[20260603 20:35:34 @multi_evo_agent_runner.py:115] Agent_0 gets eval reward: 682.50.
[20260603 20:35:34 @multi_evo_agent_runner.py:116] Agent_0 gets win rate: 0.68.
[20260603 20:35:34 @multi_evo_agent_runner.py:115] Agent_1 gets eval reward: 587.32.
[20260603 20:35:34 @multi_evo_agent_runner.py:116] Agent_1 gets win rate: 0.26.
[20260603 20:35:34 @multi_evo_agent_runner.py:79] #------------------------ Iteration 49 --------------------------#
[20260603 20:35:50 @multi_evo_agent_runner.py:85] Sampling 50000 steps by 12 slaves, spending 16.21 s.
[20260603 20:36:41 @multi_evo_agent_runner.py:94] Policy update, spending: 51.06 s.
[20260603 20:36:44 @multi_evo_agent_runner.py:99] Evaluation time: 2.62 s.
[20260603 20:36:44 @multi_evo_agent_runner.py:105] Total time:      48.18 min
[20260603 20:36:44 @multi_evo_agent_runner.py:115] Agent_0 gets eval reward: 866.94.
[20260603 20:36:44 @multi_evo_agent_runner.py:116] Agent_0 gets win rate: 0.49.
[20260603 20:36:44 @multi_evo_agent_runner.py:115] Agent_1 gets eval reward: 755.58.
[20260603 20:36:44 @multi_evo_agent_runner.py:116] Agent_1 gets win rate: 0.42.
[20260603 20:36:44 @multi_evo_agent_runner.py:79] #------------------------ Iteration 50 --------------------------#
[20260603 20:36:57 @multi_evo_agent_runner.py:85] Sampling 50000 steps by 12 slaves, spending 13.27 s.
[20260603 20:37:45 @multi_evo_agent_runner.py:94] Policy update, spending: 47.63 s.
[20260603 20:37:47 @multi_evo_agent_runner.py:99] Evaluation time: 2.34 s.
[20260603 20:37:47 @multi_evo_agent_runner.py:105] Total time:      49.24 min
[20260603 20:37:48 @multi_evo_agent_runner.py:115] Agent_0 gets eval reward: 689.15.
[20260603 20:37:48 @multi_evo_agent_runner.py:116] Agent_0 gets win rate: 0.59.
[20260603 20:37:48 @multi_evo_agent_runner.py:115] Agent_1 gets eval reward: 647.01.
[20260603 20:37:48 @multi_evo_agent_runner.py:116] Agent_1 gets win rate: 0.31.
[20260603 20:37:48 @multi_evo_agent_runner.py:79] #------------------------ Iteration 51 --------------------------#
[20260603 20:38:02 @multi_evo_agent_runner.py:85] Sampling 50000 steps by 12 slaves, spending 14.59 s.
[20260603 20:38:44 @multi_evo_agent_runner.py:94] Policy update, spending: 41.78 s.
[20260603 20:38:47 @multi_evo_agent_runner.py:99] Evaluation time: 2.53 s.
[20260603 20:38:47 @multi_evo_agent_runner.py:105] Total time:      50.23 min
[20260603 20:38:47 @multi_evo_agent_runner.py:115] Agent_0 gets eval reward: 619.28.
[20260603 20:38:47 @multi_evo_agent_runner.py:116] Agent_0 gets win rate: 0.59.
[20260603 20:38:47 @multi_evo_agent_runner.py:115] Agent_1 gets eval reward: 458.18.
[20260603 20:38:47 @multi_evo_agent_runner.py:116] Agent_1 gets win rate: 0.40.
[20260603 20:38:47 @multi_evo_agent_runner.py:79] #------------------------ Iteration 52 --------------------------#
[20260603 20:39:01 @multi_evo_agent_runner.py:85] Sampling 50000 steps by 12 slaves, spending 13.54 s.
[20260603 20:39:48 @multi_evo_agent_runner.py:94] Policy update, spending: 47.92 s.
[20260603 20:39:51 @multi_evo_agent_runner.py:99] Evaluation time: 2.30 s.
[20260603 20:39:51 @multi_evo_agent_runner.py:105] Total time:      51.30 min
[20260603 20:39:51 @multi_evo_agent_runner.py:115] Agent_0 gets eval reward: 933.13.
[20260603 20:39:51 @multi_evo_agent_runner.py:116] Agent_0 gets win rate: 0.65.
[20260603 20:39:51 @multi_evo_agent_runner.py:115] Agent_1 gets eval reward: 442.24.
[20260603 20:39:51 @multi_evo_agent_runner.py:116] Agent_1 gets win rate: 0.35.
[20260603 20:39:51 @multi_evo_agent_runner.py:79] #------------------------ Iteration 53 --------------------------#
[20260603 20:40:04 @multi_evo_agent_runner.py:85] Sampling 50000 steps by 12 slaves, spending 12.83 s.
[20260603 20:40:52 @multi_evo_agent_runner.py:94] Policy update, spending: 48.30 s.
[20260603 20:40:54 @multi_evo_agent_runner.py:99] Evaluation time: 2.04 s.
[20260603 20:40:54 @multi_evo_agent_runner.py:105] Total time:      52.35 min
[20260603 20:40:54 @multi_evo_agent_runner.py:115] Agent_0 gets eval reward: 790.98.
[20260603 20:40:54 @multi_evo_agent_runner.py:116] Agent_0 gets win rate: 0.71.
[20260603 20:40:54 @multi_evo_agent_runner.py:115] Agent_1 gets eval reward: 307.25.
[20260603 20:40:54 @multi_evo_agent_runner.py:116] Agent_1 gets win rate: 0.27.
[20260603 20:40:54 @multi_evo_agent_runner.py:79] #------------------------ Iteration 54 --------------------------#
[20260603 20:41:09 @multi_evo_agent_runner.py:85] Sampling 50000 steps by 12 slaves, spending 15.07 s.
[20260603 20:41:51 @multi_evo_agent_runner.py:94] Policy update, spending: 41.29 s.
[20260603 20:41:53 @multi_evo_agent_runner.py:99] Evaluation time: 2.21 s.
[20260603 20:41:53 @multi_evo_agent_runner.py:105] Total time:      53.33 min
[20260603 20:41:53 @multi_evo_agent_runner.py:115] Agent_0 gets eval reward: 754.20.
[20260603 20:41:53 @multi_evo_agent_runner.py:116] Agent_0 gets win rate: 0.59.
[20260603 20:41:53 @multi_evo_agent_runner.py:115] Agent_1 gets eval reward: 288.32.
[20260603 20:41:53 @multi_evo_agent_runner.py:116] Agent_1 gets win rate: 0.38.
[20260603 20:41:53 @multi_evo_agent_runner.py:79] #------------------------ Iteration 55 --------------------------#
[20260603 20:42:09 @multi_evo_agent_runner.py:85] Sampling 50000 steps by 12 slaves, spending 16.04 s.
[20260603 20:43:02 @multi_evo_agent_runner.py:94] Policy update, spending: 52.59 s.
[20260603 20:43:04 @multi_evo_agent_runner.py:99] Evaluation time: 2.05 s.
[20260603 20:43:04 @multi_evo_agent_runner.py:105] Total time:      54.51 min
[20260603 20:43:04 @multi_evo_agent_runner.py:115] Agent_0 gets eval reward: 646.04.
[20260603 20:43:04 @multi_evo_agent_runner.py:116] Agent_0 gets win rate: 0.47.
[20260603 20:43:04 @multi_evo_agent_runner.py:115] Agent_1 gets eval reward: 471.10.
[20260603 20:43:04 @multi_evo_agent_runner.py:116] Agent_1 gets win rate: 0.49.
[20260603 20:43:04 @multi_evo_agent_runner.py:510] CRITICAL save best checkpoint with agent_1's rewards 471.10!
[20260603 20:43:04 @multi_evo_agent_runner.py:79] #------------------------ Iteration 56 --------------------------#
[20260603 20:43:20 @multi_evo_agent_runner.py:85] Sampling 50000 steps by 12 slaves, spending 15.92 s.
[20260603 20:44:10 @multi_evo_agent_runner.py:94] Policy update, spending: 50.12 s.
[20260603 20:44:13 @multi_evo_agent_runner.py:99] Evaluation time: 2.48 s.
[20260603 20:44:13 @multi_evo_agent_runner.py:105] Total time:      55.66 min
[20260603 20:44:13 @multi_evo_agent_runner.py:115] Agent_0 gets eval reward: 542.69.
[20260603 20:44:13 @multi_evo_agent_runner.py:116] Agent_0 gets win rate: 0.50.
[20260603 20:44:13 @multi_evo_agent_runner.py:115] Agent_1 gets eval reward: 433.70.
[20260603 20:44:13 @multi_evo_agent_runner.py:116] Agent_1 gets win rate: 0.50.
[20260603 20:44:13 @multi_evo_agent_runner.py:510] CRITICAL save best checkpoint with agent_1's rewards 433.70!
[20260603 20:44:13 @multi_evo_agent_runner.py:79] #------------------------ Iteration 57 --------------------------#
[20260603 20:44:27 @multi_evo_agent_runner.py:85] Sampling 50000 steps by 12 slaves, spending 14.59 s.
[20260603 20:45:10 @multi_evo_agent_runner.py:94] Policy update, spending: 42.43 s.
[20260603 20:45:12 @multi_evo_agent_runner.py:99] Evaluation time: 2.58 s.
[20260603 20:45:12 @multi_evo_agent_runner.py:105] Total time:      56.66 min
[20260603 20:45:13 @multi_evo_agent_runner.py:115] Agent_0 gets eval reward: 1366.83.
[20260603 20:45:13 @multi_evo_agent_runner.py:116] Agent_0 gets win rate: 0.56.
[20260603 20:45:13 @multi_evo_agent_runner.py:115] Agent_1 gets eval reward: 546.14.
[20260603 20:45:13 @multi_evo_agent_runner.py:116] Agent_1 gets win rate: 0.36.
[20260603 20:45:13 @multi_evo_agent_runner.py:510] CRITICAL save best checkpoint with agent_0's rewards 1366.83!
[20260603 20:45:13 @multi_evo_agent_runner.py:510] CRITICAL save best checkpoint with agent_1's rewards 546.14!
[20260603 20:45:13 @multi_evo_agent_runner.py:79] #------------------------ Iteration 58 --------------------------#
[20260603 20:45:27 @multi_evo_agent_runner.py:85] Sampling 50000 steps by 12 slaves, spending 13.86 s.
[20260603 20:46:03 @multi_evo_agent_runner.py:94] Policy update, spending: 36.75 s.
[20260603 20:46:06 @multi_evo_agent_runner.py:99] Evaluation time: 2.28 s.
[20260603 20:46:06 @multi_evo_agent_runner.py:105] Total time:      57.54 min
[20260603 20:46:06 @multi_evo_agent_runner.py:115] Agent_0 gets eval reward: 685.14.
[20260603 20:46:06 @multi_evo_agent_runner.py:116] Agent_0 gets win rate: 0.50.
[20260603 20:46:06 @multi_evo_agent_runner.py:115] Agent_1 gets eval reward: 553.91.
[20260603 20:46:06 @multi_evo_agent_runner.py:116] Agent_1 gets win rate: 0.43.
[20260603 20:46:06 @multi_evo_agent_runner.py:510] CRITICAL save best checkpoint with agent_1's rewards 553.91!
[20260603 20:46:06 @multi_evo_agent_runner.py:79] #------------------------ Iteration 59 --------------------------#
[20260603 20:46:18 @multi_evo_agent_runner.py:85] Sampling 50000 steps by 12 slaves, spending 12.14 s.
[20260603 20:47:13 @multi_evo_agent_runner.py:94] Policy update, spending: 55.36 s.
[20260603 20:47:15 @multi_evo_agent_runner.py:99] Evaluation time: 2.07 s.
[20260603 20:47:15 @multi_evo_agent_runner.py:105] Total time:      58.71 min
[20260603 20:47:15 @multi_evo_agent_runner.py:115] Agent_0 gets eval reward: 710.88.
[20260603 20:47:15 @multi_evo_agent_runner.py:116] Agent_0 gets win rate: 0.45.
[20260603 20:47:15 @multi_evo_agent_runner.py:115] Agent_1 gets eval reward: 524.94.
[20260603 20:47:15 @multi_evo_agent_runner.py:116] Agent_1 gets win rate: 0.49.
[20260603 20:47:15 @multi_evo_agent_runner.py:510] CRITICAL save best checkpoint with agent_1's rewards 524.94!
[20260603 20:47:16 @multi_evo_agent_runner.py:79] #------------------------ Iteration 60 --------------------------#
[20260603 20:47:31 @multi_evo_agent_runner.py:85] Sampling 50000 steps by 12 slaves, spending 15.90 s.
[20260603 20:48:26 @multi_evo_agent_runner.py:94] Policy update, spending: 54.17 s.
[20260603 20:48:28 @multi_evo_agent_runner.py:99] Evaluation time: 2.24 s.
[20260603 20:48:28 @multi_evo_agent_runner.py:105] Total time:      59.91 min
[20260603 20:48:28 @multi_evo_agent_runner.py:115] Agent_0 gets eval reward: 784.80.
[20260603 20:48:28 @multi_evo_agent_runner.py:116] Agent_0 gets win rate: 0.46.
[20260603 20:48:28 @multi_evo_agent_runner.py:115] Agent_1 gets eval reward: 310.24.
[20260603 20:48:28 @multi_evo_agent_runner.py:116] Agent_1 gets win rate: 0.45.
[20260603 20:48:28 @multi_evo_agent_runner.py:79] #------------------------ Iteration 61 --------------------------#
[20260603 20:48:44 @multi_evo_agent_runner.py:85] Sampling 50000 steps by 12 slaves, spending 15.75 s.
[20260603 20:49:34 @multi_evo_agent_runner.py:94] Policy update, spending: 50.09 s.
[20260603 20:49:36 @multi_evo_agent_runner.py:99] Evaluation time: 2.11 s.
[20260603 20:49:36 @multi_evo_agent_runner.py:105] Total time:      61.05 min
[20260603 20:49:36 @multi_evo_agent_runner.py:115] Agent_0 gets eval reward: 684.82.
[20260603 20:49:36 @multi_evo_agent_runner.py:116] Agent_0 gets win rate: 0.61.
[20260603 20:49:36 @multi_evo_agent_runner.py:115] Agent_1 gets eval reward: 247.90.
[20260603 20:49:36 @multi_evo_agent_runner.py:116] Agent_1 gets win rate: 0.39.
[20260603 20:49:36 @multi_evo_agent_runner.py:510] CRITICAL save best checkpoint with agent_0's rewards 684.82!
[20260603 20:49:36 @multi_evo_agent_runner.py:79] #------------------------ Iteration 62 --------------------------#
[20260603 20:49:52 @multi_evo_agent_runner.py:85] Sampling 50000 steps by 12 slaves, spending 15.48 s.
[20260603 20:50:46 @multi_evo_agent_runner.py:94] Policy update, spending: 54.23 s.
[20260603 20:50:48 @multi_evo_agent_runner.py:99] Evaluation time: 2.19 s.
[20260603 20:50:48 @multi_evo_agent_runner.py:105] Total time:      62.25 min
[20260603 20:50:48 @multi_evo_agent_runner.py:115] Agent_0 gets eval reward: 342.78.
[20260603 20:50:48 @multi_evo_agent_runner.py:116] Agent_0 gets win rate: 0.57.
[20260603 20:50:48 @multi_evo_agent_runner.py:115] Agent_1 gets eval reward: 402.31.
[20260603 20:50:48 @multi_evo_agent_runner.py:116] Agent_1 gets win rate: 0.39.
[20260603 20:50:48 @multi_evo_agent_runner.py:79] #------------------------ Iteration 63 --------------------------#
[20260603 20:51:04 @multi_evo_agent_runner.py:85] Sampling 50000 steps by 12 slaves, spending 15.33 s.
[20260603 20:51:54 @multi_evo_agent_runner.py:94] Policy update, spending: 50.34 s.
[20260603 20:51:56 @multi_evo_agent_runner.py:99] Evaluation time: 2.09 s.
[20260603 20:51:56 @multi_evo_agent_runner.py:105] Total time:      63.39 min
[20260603 20:51:56 @multi_evo_agent_runner.py:115] Agent_0 gets eval reward: 550.34.
[20260603 20:51:56 @multi_evo_agent_runner.py:116] Agent_0 gets win rate: 0.54.
[20260603 20:51:56 @multi_evo_agent_runner.py:115] Agent_1 gets eval reward: 304.79.
[20260603 20:51:56 @multi_evo_agent_runner.py:116] Agent_1 gets win rate: 0.41.
[20260603 20:51:56 @multi_evo_agent_runner.py:79] #------------------------ Iteration 64 --------------------------#
[20260603 20:52:11 @multi_evo_agent_runner.py:85] Sampling 50000 steps by 12 slaves, spending 14.69 s.
[20260603 20:53:07 @multi_evo_agent_runner.py:94] Policy update, spending: 55.82 s.
[20260603 20:53:09 @multi_evo_agent_runner.py:99] Evaluation time: 1.96 s.
[20260603 20:53:09 @multi_evo_agent_runner.py:105] Total time:      64.60 min
[20260603 20:53:09 @multi_evo_agent_runner.py:115] Agent_0 gets eval reward: 928.44.
[20260603 20:53:09 @multi_evo_agent_runner.py:116] Agent_0 gets win rate: 0.70.
[20260603 20:53:09 @multi_evo_agent_runner.py:115] Agent_1 gets eval reward: 161.03.
[20260603 20:53:09 @multi_evo_agent_runner.py:116] Agent_1 gets win rate: 0.28.
[20260603 20:53:09 @multi_evo_agent_runner.py:510] CRITICAL save best checkpoint with agent_0's rewards 928.44!
[20260603 20:53:09 @multi_evo_agent_runner.py:79] #------------------------ Iteration 65 --------------------------#
[20260603 20:53:25 @multi_evo_agent_runner.py:85] Sampling 50000 steps by 12 slaves, spending 16.12 s.
[20260603 20:54:15 @multi_evo_agent_runner.py:94] Policy update, spending: 50.06 s.
[20260603 20:54:18 @multi_evo_agent_runner.py:99] Evaluation time: 2.42 s.
[20260603 20:54:18 @multi_evo_agent_runner.py:105] Total time:      65.74 min
[20260603 20:54:18 @multi_evo_agent_runner.py:115] Agent_0 gets eval reward: 647.93.
[20260603 20:54:18 @multi_evo_agent_runner.py:116] Agent_0 gets win rate: 0.44.
[20260603 20:54:18 @multi_evo_agent_runner.py:115] Agent_1 gets eval reward: 548.57.
[20260603 20:54:18 @multi_evo_agent_runner.py:116] Agent_1 gets win rate: 0.54.
[20260603 20:54:18 @multi_evo_agent_runner.py:510] CRITICAL save best checkpoint with agent_1's rewards 548.57!
[20260603 20:54:18 @multi_evo_agent_runner.py:79] #------------------------ Iteration 66 --------------------------#
[20260603 20:54:34 @multi_evo_agent_runner.py:85] Sampling 50000 steps by 12 slaves, spending 16.13 s.
[20260603 20:55:21 @multi_evo_agent_runner.py:94] Policy update, spending: 46.92 s.
[20260603 20:55:24 @multi_evo_agent_runner.py:99] Evaluation time: 2.93 s.
[20260603 20:55:24 @multi_evo_agent_runner.py:105] Total time:      66.85 min
[20260603 20:55:24 @multi_evo_agent_runner.py:115] Agent_0 gets eval reward: 479.74.
[20260603 20:55:24 @multi_evo_agent_runner.py:116] Agent_0 gets win rate: 0.50.
[20260603 20:55:24 @multi_evo_agent_runner.py:115] Agent_1 gets eval reward: 345.53.
[20260603 20:55:24 @multi_evo_agent_runner.py:116] Agent_1 gets win rate: 0.47.
[20260603 20:55:24 @multi_evo_agent_runner.py:79] #------------------------ Iteration 67 --------------------------#
[20260603 20:55:38 @multi_evo_agent_runner.py:85] Sampling 50000 steps by 12 slaves, spending 13.73 s.
[20260603 20:56:15 @multi_evo_agent_runner.py:94] Policy update, spending: 37.08 s.
[20260603 20:56:17 @multi_evo_agent_runner.py:99] Evaluation time: 2.45 s.
[20260603 20:56:17 @multi_evo_agent_runner.py:105] Total time:      67.74 min
[20260603 20:56:17 @multi_evo_agent_runner.py:115] Agent_0 gets eval reward: 593.56.
[20260603 20:56:17 @multi_evo_agent_runner.py:116] Agent_0 gets win rate: 0.63.
[20260603 20:56:17 @multi_evo_agent_runner.py:115] Agent_1 gets eval reward: 434.28.
[20260603 20:56:17 @multi_evo_agent_runner.py:116] Agent_1 gets win rate: 0.35.
[20260603 20:56:17 @multi_evo_agent_runner.py:79] #------------------------ Iteration 68 --------------------------#
[20260603 20:56:31 @multi_evo_agent_runner.py:85] Sampling 50000 steps by 12 slaves, spending 13.66 s.
[20260603 20:57:10 @multi_evo_agent_runner.py:94] Policy update, spending: 39.25 s.
[20260603 20:57:13 @multi_evo_agent_runner.py:99] Evaluation time: 2.25 s.
[20260603 20:57:13 @multi_evo_agent_runner.py:105] Total time:      68.66 min
[20260603 20:57:13 @multi_evo_agent_runner.py:115] Agent_0 gets eval reward: 732.53.
[20260603 20:57:13 @multi_evo_agent_runner.py:116] Agent_0 gets win rate: 0.61.
[20260603 20:57:13 @multi_evo_agent_runner.py:115] Agent_1 gets eval reward: 215.54.
[20260603 20:57:13 @multi_evo_agent_runner.py:116] Agent_1 gets win rate: 0.39.
[20260603 20:57:13 @multi_evo_agent_runner.py:79] #------------------------ Iteration 69 --------------------------#
[20260603 20:57:26 @multi_evo_agent_runner.py:85] Sampling 50000 steps by 12 slaves, spending 13.02 s.
[20260603 20:58:15 @multi_evo_agent_runner.py:94] Policy update, spending: 48.67 s.
[20260603 20:58:17 @multi_evo_agent_runner.py:99] Evaluation time: 2.51 s.
[20260603 20:58:17 @multi_evo_agent_runner.py:105] Total time:      69.73 min
[20260603 20:58:17 @multi_evo_agent_runner.py:115] Agent_0 gets eval reward: 962.68.
[20260603 20:58:17 @multi_evo_agent_runner.py:116] Agent_0 gets win rate: 0.77.
[20260603 20:58:17 @multi_evo_agent_runner.py:115] Agent_1 gets eval reward: 363.05.
[20260603 20:58:17 @multi_evo_agent_runner.py:116] Agent_1 gets win rate: 0.23.
[20260603 20:58:17 @multi_evo_agent_runner.py:510] CRITICAL save best checkpoint with agent_0's rewards 962.68!
[20260603 20:58:17 @multi_evo_agent_runner.py:79] #------------------------ Iteration 70 --------------------------#
[20260603 20:58:32 @multi_evo_agent_runner.py:85] Sampling 50000 steps by 12 slaves, spending 14.52 s.
[20260603 20:59:10 @multi_evo_agent_runner.py:94] Policy update, spending: 37.78 s.
[20260603 20:59:12 @multi_evo_agent_runner.py:99] Evaluation time: 2.67 s.
[20260603 20:59:12 @multi_evo_agent_runner.py:105] Total time:      70.66 min
[20260603 20:59:12 @multi_evo_agent_runner.py:115] Agent_0 gets eval reward: 773.79.
[20260603 20:59:12 @multi_evo_agent_runner.py:116] Agent_0 gets win rate: 0.64.
[20260603 20:59:12 @multi_evo_agent_runner.py:115] Agent_1 gets eval reward: 345.11.
[20260603 20:59:12 @multi_evo_agent_runner.py:116] Agent_1 gets win rate: 0.29.
[20260603 20:59:12 @multi_evo_agent_runner.py:79] #------------------------ Iteration 71 --------------------------#
[20260603 20:59:26 @multi_evo_agent_runner.py:85] Sampling 50000 steps by 12 slaves, spending 13.72 s.
[20260603 21:00:12 @multi_evo_agent_runner.py:94] Policy update, spending: 45.70 s.
[20260603 21:00:14 @multi_evo_agent_runner.py:99] Evaluation time: 2.35 s.
[20260603 21:00:14 @multi_evo_agent_runner.py:105] Total time:      71.69 min
[20260603 21:00:14 @multi_evo_agent_runner.py:115] Agent_0 gets eval reward: 656.45.
[20260603 21:00:14 @multi_evo_agent_runner.py:116] Agent_0 gets win rate: 0.52.
[20260603 21:00:14 @multi_evo_agent_runner.py:115] Agent_1 gets eval reward: 321.81.
[20260603 21:00:14 @multi_evo_agent_runner.py:116] Agent_1 gets win rate: 0.45.
[20260603 21:00:15 @multi_evo_agent_runner.py:79] #------------------------ Iteration 72 --------------------------#
[20260603 21:00:28 @multi_evo_agent_runner.py:85] Sampling 50000 steps by 12 slaves, spending 13.73 s.
[20260603 21:01:06 @multi_evo_agent_runner.py:94] Policy update, spending: 37.75 s.
[20260603 21:01:08 @multi_evo_agent_runner.py:99] Evaluation time: 2.32 s.
[20260603 21:01:08 @multi_evo_agent_runner.py:105] Total time:      72.59 min
[20260603 21:01:08 @multi_evo_agent_runner.py:115] Agent_0 gets eval reward: 854.58.
[20260603 21:01:08 @multi_evo_agent_runner.py:116] Agent_0 gets win rate: 0.51.
[20260603 21:01:08 @multi_evo_agent_runner.py:115] Agent_1 gets eval reward: 320.59.
[20260603 21:01:08 @multi_evo_agent_runner.py:116] Agent_1 gets win rate: 0.46.
[20260603 21:01:09 @multi_evo_agent_runner.py:79] #------------------------ Iteration 73 --------------------------#
[20260603 21:01:23 @multi_evo_agent_runner.py:85] Sampling 50000 steps by 12 slaves, spending 14.34 s.
[20260603 21:01:59 @multi_evo_agent_runner.py:94] Policy update, spending: 35.83 s.
[20260603 21:02:01 @multi_evo_agent_runner.py:99] Evaluation time: 2.57 s.
[20260603 21:02:01 @multi_evo_agent_runner.py:105] Total time:      73.47 min
[20260603 21:02:01 @multi_evo_agent_runner.py:115] Agent_0 gets eval reward: 462.00.
[20260603 21:02:01 @multi_evo_agent_runner.py:116] Agent_0 gets win rate: 0.46.
[20260603 21:02:01 @multi_evo_agent_runner.py:115] Agent_1 gets eval reward: 344.10.
[20260603 21:02:01 @multi_evo_agent_runner.py:116] Agent_1 gets win rate: 0.52.
[20260603 21:02:01 @multi_evo_agent_runner.py:79] #------------------------ Iteration 74 --------------------------#
[20260603 21:02:15 @multi_evo_agent_runner.py:85] Sampling 50000 steps by 12 slaves, spending 13.79 s.
[20260603 21:02:59 @multi_evo_agent_runner.py:94] Policy update, spending: 44.19 s.
[20260603 21:03:02 @multi_evo_agent_runner.py:99] Evaluation time: 2.70 s.
[20260603 21:03:02 @multi_evo_agent_runner.py:105] Total time:      74.49 min
[20260603 21:03:02 @multi_evo_agent_runner.py:115] Agent_0 gets eval reward: 791.08.
[20260603 21:03:02 @multi_evo_agent_runner.py:116] Agent_0 gets win rate: 0.67.
[20260603 21:03:02 @multi_evo_agent_runner.py:115] Agent_1 gets eval reward: 457.14.
[20260603 21:03:02 @multi_evo_agent_runner.py:116] Agent_1 gets win rate: 0.31.
[20260603 21:03:02 @multi_evo_agent_runner.py:79] #------------------------ Iteration 75 --------------------------#
[20260603 21:03:15 @multi_evo_agent_runner.py:85] Sampling 50000 steps by 12 slaves, spending 12.89 s.
[20260603 21:04:08 @multi_evo_agent_runner.py:94] Policy update, spending: 52.62 s.
[20260603 21:04:10 @multi_evo_agent_runner.py:99] Evaluation time: 2.02 s.
[20260603 21:04:10 @multi_evo_agent_runner.py:105] Total time:      75.62 min
[20260603 21:04:10 @multi_evo_agent_runner.py:115] Agent_0 gets eval reward: 693.41.
[20260603 21:04:10 @multi_evo_agent_runner.py:116] Agent_0 gets win rate: 0.55.
[20260603 21:04:10 @multi_evo_agent_runner.py:115] Agent_1 gets eval reward: 341.83.
[20260603 21:04:10 @multi_evo_agent_runner.py:116] Agent_1 gets win rate: 0.45.
[20260603 21:04:10 @multi_evo_agent_runner.py:79] #------------------------ Iteration 76 --------------------------#
[20260603 21:04:25 @multi_evo_agent_runner.py:85] Sampling 50000 steps by 12 slaves, spending 14.96 s.
[20260603 21:05:13 @multi_evo_agent_runner.py:94] Policy update, spending: 48.21 s.
[20260603 21:05:15 @multi_evo_agent_runner.py:99] Evaluation time: 2.03 s.
[20260603 21:05:15 @multi_evo_agent_runner.py:105] Total time:      76.71 min
[20260603 21:05:15 @multi_evo_agent_runner.py:115] Agent_0 gets eval reward: 671.09.
[20260603 21:05:15 @multi_evo_agent_runner.py:116] Agent_0 gets win rate: 0.47.
[20260603 21:05:15 @multi_evo_agent_runner.py:115] Agent_1 gets eval reward: 382.56.
[20260603 21:05:15 @multi_evo_agent_runner.py:116] Agent_1 gets win rate: 0.52.
[20260603 21:05:16 @multi_evo_agent_runner.py:79] #------------------------ Iteration 77 --------------------------#
[20260603 21:05:31 @multi_evo_agent_runner.py:85] Sampling 50000 steps by 12 slaves, spending 15.45 s.
[20260603 21:06:20 @multi_evo_agent_runner.py:94] Policy update, spending: 49.42 s.
[20260603 21:06:22 @multi_evo_agent_runner.py:99] Evaluation time: 1.70 s.
[20260603 21:06:22 @multi_evo_agent_runner.py:105] Total time:      77.82 min
[20260603 21:06:22 @multi_evo_agent_runner.py:115] Agent_0 gets eval reward: 1166.27.
[20260603 21:06:22 @multi_evo_agent_runner.py:116] Agent_0 gets win rate: 0.36.
[20260603 21:06:22 @multi_evo_agent_runner.py:115] Agent_1 gets eval reward: 688.78.
[20260603 21:06:22 @multi_evo_agent_runner.py:116] Agent_1 gets win rate: 0.58.
[20260603 21:06:22 @multi_evo_agent_runner.py:510] CRITICAL save best checkpoint with agent_0's rewards 1166.27!
[20260603 21:06:22 @multi_evo_agent_runner.py:510] CRITICAL save best checkpoint with agent_1's rewards 688.78!
[20260603 21:06:22 @multi_evo_agent_runner.py:79] #------------------------ Iteration 78 --------------------------#
[20260603 21:06:38 @multi_evo_agent_runner.py:85] Sampling 50000 steps by 12 slaves, spending 15.91 s.
[20260603 21:07:30 @multi_evo_agent_runner.py:94] Policy update, spending: 51.94 s.
[20260603 21:07:33 @multi_evo_agent_runner.py:99] Evaluation time: 2.32 s.
[20260603 21:07:33 @multi_evo_agent_runner.py:105] Total time:      78.99 min
[20260603 21:07:33 @multi_evo_agent_runner.py:115] Agent_0 gets eval reward: 539.42.
[20260603 21:07:33 @multi_evo_agent_runner.py:116] Agent_0 gets win rate: 0.55.
[20260603 21:07:33 @multi_evo_agent_runner.py:115] Agent_1 gets eval reward: 253.39.
[20260603 21:07:33 @multi_evo_agent_runner.py:116] Agent_1 gets win rate: 0.45.
[20260603 21:07:33 @multi_evo_agent_runner.py:510] CRITICAL save best checkpoint with agent_0's rewards 539.42!
[20260603 21:07:33 @multi_evo_agent_runner.py:79] #------------------------ Iteration 79 --------------------------#
[20260603 21:07:48 @multi_evo_agent_runner.py:85] Sampling 50000 steps by 12 slaves, spending 15.60 s.
[20260603 21:08:36 @multi_evo_agent_runner.py:94] Policy update, spending: 47.69 s.
[20260603 21:08:39 @multi_evo_agent_runner.py:99] Evaluation time: 2.55 s.
[20260603 21:08:39 @multi_evo_agent_runner.py:105] Total time:      80.09 min
[20260603 21:08:39 @multi_evo_agent_runner.py:115] Agent_0 gets eval reward: 660.11.
[20260603 21:08:39 @multi_evo_agent_runner.py:116] Agent_0 gets win rate: 0.55.
[20260603 21:08:39 @multi_evo_agent_runner.py:115] Agent_1 gets eval reward: 213.06.
[20260603 21:08:39 @multi_evo_agent_runner.py:116] Agent_1 gets win rate: 0.42.
[20260603 21:08:39 @multi_evo_agent_runner.py:510] CRITICAL save best checkpoint with agent_0's rewards 660.11!
[20260603 21:08:39 @multi_evo_agent_runner.py:79] #------------------------ Iteration 80 --------------------------#
[20260603 21:08:54 @multi_evo_agent_runner.py:85] Sampling 50000 steps by 12 slaves, spending 14.99 s.
[20260603 21:09:43 @multi_evo_agent_runner.py:94] Policy update, spending: 49.69 s.
[20260603 21:09:46 @multi_evo_agent_runner.py:99] Evaluation time: 2.43 s.
[20260603 21:09:46 @multi_evo_agent_runner.py:105] Total time:      81.21 min
[20260603 21:09:46 @multi_evo_agent_runner.py:115] Agent_0 gets eval reward: 701.24.
[20260603 21:09:46 @multi_evo_agent_runner.py:116] Agent_0 gets win rate: 0.57.
[20260603 21:09:46 @multi_evo_agent_runner.py:115] Agent_1 gets eval reward: 307.45.
[20260603 21:09:46 @multi_evo_agent_runner.py:116] Agent_1 gets win rate: 0.41.
[20260603 21:09:46 @multi_evo_agent_runner.py:510] CRITICAL save best checkpoint with agent_0's rewards 701.24!
[20260603 21:09:46 @multi_evo_agent_runner.py:79] #------------------------ Iteration 81 --------------------------#
[20260603 21:10:01 @multi_evo_agent_runner.py:85] Sampling 50000 steps by 12 slaves, spending 15.18 s.
[20260603 21:10:56 @multi_evo_agent_runner.py:94] Policy update, spending: 54.74 s.
[20260603 21:10:58 @multi_evo_agent_runner.py:99] Evaluation time: 2.10 s.
[20260603 21:10:58 @multi_evo_agent_runner.py:105] Total time:      82.42 min
[20260603 21:10:58 @multi_evo_agent_runner.py:115] Agent_0 gets eval reward: 518.55.
[20260603 21:10:58 @multi_evo_agent_runner.py:116] Agent_0 gets win rate: 0.57.
[20260603 21:10:58 @multi_evo_agent_runner.py:115] Agent_1 gets eval reward: 222.71.
[20260603 21:10:58 @multi_evo_agent_runner.py:116] Agent_1 gets win rate: 0.41.
[20260603 21:10:58 @multi_evo_agent_runner.py:79] #------------------------ Iteration 82 --------------------------#
[20260603 21:11:12 @multi_evo_agent_runner.py:85] Sampling 50000 steps by 12 slaves, spending 14.14 s.
[20260603 21:11:48 @multi_evo_agent_runner.py:94] Policy update, spending: 35.19 s.
[20260603 21:11:49 @multi_evo_agent_runner.py:99] Evaluation time: 1.81 s.
[20260603 21:11:49 @multi_evo_agent_runner.py:105] Total time:      83.27 min
[20260603 21:11:50 @multi_evo_agent_runner.py:115] Agent_0 gets eval reward: 543.59.
[20260603 21:11:50 @multi_evo_agent_runner.py:116] Agent_0 gets win rate: 0.53.
[20260603 21:11:50 @multi_evo_agent_runner.py:115] Agent_1 gets eval reward: 364.28.
[20260603 21:11:50 @multi_evo_agent_runner.py:116] Agent_1 gets win rate: 0.47.
[20260603 21:11:50 @multi_evo_agent_runner.py:79] #------------------------ Iteration 83 --------------------------#
[20260603 21:12:05 @multi_evo_agent_runner.py:85] Sampling 50000 steps by 12 slaves, spending 15.35 s.
[20260603 21:12:48 @multi_evo_agent_runner.py:94] Policy update, spending: 43.33 s.
[20260603 21:12:51 @multi_evo_agent_runner.py:99] Evaluation time: 2.23 s.
[20260603 21:12:51 @multi_evo_agent_runner.py:105] Total time:      84.29 min
[20260603 21:12:51 @multi_evo_agent_runner.py:115] Agent_0 gets eval reward: 757.02.
[20260603 21:12:51 @multi_evo_agent_runner.py:116] Agent_0 gets win rate: 0.30.
[20260603 21:12:51 @multi_evo_agent_runner.py:115] Agent_1 gets eval reward: 688.66.
[20260603 21:12:51 @multi_evo_agent_runner.py:116] Agent_1 gets win rate: 0.65.
[20260603 21:12:51 @multi_evo_agent_runner.py:510] CRITICAL save best checkpoint with agent_0's rewards 757.02!
[20260603 21:12:51 @multi_evo_agent_runner.py:510] CRITICAL save best checkpoint with agent_1's rewards 688.66!
[20260603 21:12:51 @multi_evo_agent_runner.py:79] #------------------------ Iteration 84 --------------------------#
[20260603 21:13:06 @multi_evo_agent_runner.py:85] Sampling 50000 steps by 12 slaves, spending 15.20 s.
[20260603 21:13:53 @multi_evo_agent_runner.py:94] Policy update, spending: 47.28 s.
[20260603 21:13:56 @multi_evo_agent_runner.py:99] Evaluation time: 2.48 s.
[20260603 21:13:56 @multi_evo_agent_runner.py:105] Total time:      85.38 min
[20260603 21:13:56 @multi_evo_agent_runner.py:115] Agent_0 gets eval reward: 548.22.
[20260603 21:13:56 @multi_evo_agent_runner.py:116] Agent_0 gets win rate: 0.50.
[20260603 21:13:56 @multi_evo_agent_runner.py:115] Agent_1 gets eval reward: 449.76.
[20260603 21:13:56 @multi_evo_agent_runner.py:116] Agent_1 gets win rate: 0.49.
[20260603 21:13:56 @multi_evo_agent_runner.py:510] CRITICAL save best checkpoint with agent_0's rewards 548.22!
[20260603 21:13:56 @multi_evo_agent_runner.py:79] #------------------------ Iteration 85 --------------------------#
[20260603 21:14:12 @multi_evo_agent_runner.py:85] Sampling 50000 steps by 12 slaves, spending 15.95 s.
[20260603 21:15:06 @multi_evo_agent_runner.py:94] Policy update, spending: 54.07 s.
[20260603 21:15:08 @multi_evo_agent_runner.py:99] Evaluation time: 2.27 s.
[20260603 21:15:08 @multi_evo_agent_runner.py:105] Total time:      86.59 min
[20260603 21:15:08 @multi_evo_agent_runner.py:115] Agent_0 gets eval reward: 659.56.
[20260603 21:15:08 @multi_evo_agent_runner.py:116] Agent_0 gets win rate: 0.45.
[20260603 21:15:08 @multi_evo_agent_runner.py:115] Agent_1 gets eval reward: 390.80.
[20260603 21:15:08 @multi_evo_agent_runner.py:116] Agent_1 gets win rate: 0.52.
[20260603 21:15:08 @multi_evo_agent_runner.py:510] CRITICAL save best checkpoint with agent_0's rewards 659.56!
[20260603 21:15:08 @multi_evo_agent_runner.py:79] #------------------------ Iteration 86 --------------------------#
[20260603 21:15:24 @multi_evo_agent_runner.py:85] Sampling 50000 steps by 12 slaves, spending 15.15 s.
[20260603 21:16:03 @multi_evo_agent_runner.py:94] Policy update, spending: 38.97 s.
[20260603 21:16:05 @multi_evo_agent_runner.py:99] Evaluation time: 2.18 s.
[20260603 21:16:05 @multi_evo_agent_runner.py:105] Total time:      87.53 min
[20260603 21:16:05 @multi_evo_agent_runner.py:115] Agent_0 gets eval reward: 574.39.
[20260603 21:16:05 @multi_evo_agent_runner.py:116] Agent_0 gets win rate: 0.46.
[20260603 21:16:05 @multi_evo_agent_runner.py:115] Agent_1 gets eval reward: 337.69.
[20260603 21:16:05 @multi_evo_agent_runner.py:116] Agent_1 gets win rate: 0.54.
[20260603 21:16:05 @multi_evo_agent_runner.py:510] CRITICAL save best checkpoint with agent_0's rewards 574.39!
[20260603 21:16:05 @multi_evo_agent_runner.py:79] #------------------------ Iteration 87 --------------------------#
[20260603 21:16:17 @multi_evo_agent_runner.py:85] Sampling 50000 steps by 12 slaves, spending 12.35 s.
[20260603 21:16:53 @multi_evo_agent_runner.py:94] Policy update, spending: 35.98 s.
[20260603 21:16:56 @multi_evo_agent_runner.py:99] Evaluation time: 2.48 s.
[20260603 21:16:56 @multi_evo_agent_runner.py:105] Total time:      88.38 min
[20260603 21:16:56 @multi_evo_agent_runner.py:115] Agent_0 gets eval reward: 770.83.
[20260603 21:16:56 @multi_evo_agent_runner.py:116] Agent_0 gets win rate: 0.58.
[20260603 21:16:56 @multi_evo_agent_runner.py:115] Agent_1 gets eval reward: 396.17.
[20260603 21:16:56 @multi_evo_agent_runner.py:116] Agent_1 gets win rate: 0.40.
[20260603 21:16:56 @multi_evo_agent_runner.py:510] CRITICAL save best checkpoint with agent_0's rewards 770.83!
[20260603 21:16:56 @multi_evo_agent_runner.py:79] #------------------------ Iteration 88 --------------------------#
[20260603 21:17:08 @multi_evo_agent_runner.py:85] Sampling 50000 steps by 12 slaves, spending 12.50 s.
[20260603 21:17:53 @multi_evo_agent_runner.py:94] Policy update, spending: 45.05 s.
[20260603 21:17:56 @multi_evo_agent_runner.py:99] Evaluation time: 2.50 s.
[20260603 21:17:56 @multi_evo_agent_runner.py:105] Total time:      89.38 min
[20260603 21:17:56 @multi_evo_agent_runner.py:115] Agent_0 gets eval reward: 896.87.
[20260603 21:17:56 @multi_evo_agent_runner.py:116] Agent_0 gets win rate: 0.39.
[20260603 21:17:56 @multi_evo_agent_runner.py:115] Agent_1 gets eval reward: 652.34.
[20260603 21:17:56 @multi_evo_agent_runner.py:116] Agent_1 gets win rate: 0.61.
[20260603 21:17:56 @multi_evo_agent_runner.py:510] CRITICAL save best checkpoint with agent_0's rewards 896.87!
[20260603 21:17:56 @multi_evo_agent_runner.py:79] #------------------------ Iteration 89 --------------------------#
[20260603 21:18:10 @multi_evo_agent_runner.py:85] Sampling 50000 steps by 12 slaves, spending 14.21 s.
[20260603 21:19:05 @multi_evo_agent_runner.py:94] Policy update, spending: 54.59 s.
[20260603 21:19:07 @multi_evo_agent_runner.py:99] Evaluation time: 1.94 s.
[20260603 21:19:07 @multi_evo_agent_runner.py:105] Total time:      90.57 min
[20260603 21:19:07 @multi_evo_agent_runner.py:115] Agent_0 gets eval reward: 670.34.
[20260603 21:19:07 @multi_evo_agent_runner.py:116] Agent_0 gets win rate: 0.59.
[20260603 21:19:07 @multi_evo_agent_runner.py:115] Agent_1 gets eval reward: 406.58.
[20260603 21:19:07 @multi_evo_agent_runner.py:116] Agent_1 gets win rate: 0.41.
[20260603 21:19:07 @multi_evo_agent_runner.py:510] CRITICAL save best checkpoint with agent_0's rewards 670.34!
[20260603 21:19:07 @multi_evo_agent_runner.py:79] #------------------------ Iteration 90 --------------------------#
[20260603 21:19:23 @multi_evo_agent_runner.py:85] Sampling 50000 steps by 12 slaves, spending 15.74 s.
[20260603 21:20:14 @multi_evo_agent_runner.py:94] Policy update, spending: 50.68 s.
[20260603 21:20:17 @multi_evo_agent_runner.py:99] Evaluation time: 2.93 s.
[20260603 21:20:17 @multi_evo_agent_runner.py:105] Total time:      91.73 min
[20260603 21:20:17 @multi_evo_agent_runner.py:115] Agent_0 gets eval reward: 534.58.
[20260603 21:20:17 @multi_evo_agent_runner.py:116] Agent_0 gets win rate: 0.48.
[20260603 21:20:17 @multi_evo_agent_runner.py:115] Agent_1 gets eval reward: 394.80.
[20260603 21:20:17 @multi_evo_agent_runner.py:116] Agent_1 gets win rate: 0.48.
[20260603 21:20:17 @multi_evo_agent_runner.py:79] #------------------------ Iteration 91 --------------------------#
[20260603 21:20:30 @multi_evo_agent_runner.py:85] Sampling 50000 steps by 12 slaves, spending 13.72 s.
[20260603 21:21:22 @multi_evo_agent_runner.py:94] Policy update, spending: 51.38 s.
[20260603 21:21:24 @multi_evo_agent_runner.py:99] Evaluation time: 2.11 s.
[20260603 21:21:24 @multi_evo_agent_runner.py:105] Total time:      92.85 min
[20260603 21:21:24 @multi_evo_agent_runner.py:115] Agent_0 gets eval reward: 967.11.
[20260603 21:21:24 @multi_evo_agent_runner.py:116] Agent_0 gets win rate: 0.44.
[20260603 21:21:24 @multi_evo_agent_runner.py:115] Agent_1 gets eval reward: 490.87.
[20260603 21:21:24 @multi_evo_agent_runner.py:116] Agent_1 gets win rate: 0.54.
[20260603 21:21:24 @multi_evo_agent_runner.py:510] CRITICAL save best checkpoint with agent_0's rewards 967.11!
[20260603 21:21:24 @multi_evo_agent_runner.py:79] #------------------------ Iteration 92 --------------------------#
[20260603 21:21:40 @multi_evo_agent_runner.py:85] Sampling 50000 steps by 12 slaves, spending 15.72 s.
[20260603 21:22:32 @multi_evo_agent_runner.py:94] Policy update, spending: 52.31 s.
[20260603 21:22:34 @multi_evo_agent_runner.py:99] Evaluation time: 2.18 s.
[20260603 21:22:34 @multi_evo_agent_runner.py:105] Total time:      94.02 min
[20260603 21:22:34 @multi_evo_agent_runner.py:115] Agent_0 gets eval reward: 690.71.
[20260603 21:22:35 @multi_evo_agent_runner.py:116] Agent_0 gets win rate: 0.66.
[20260603 21:22:35 @multi_evo_agent_runner.py:115] Agent_1 gets eval reward: 110.48.
[20260603 21:22:35 @multi_evo_agent_runner.py:116] Agent_1 gets win rate: 0.34.
[20260603 21:22:35 @multi_evo_agent_runner.py:510] CRITICAL save best checkpoint with agent_0's rewards 690.71!
[20260603 21:22:35 @multi_evo_agent_runner.py:79] #------------------------ Iteration 93 --------------------------#
[20260603 21:22:49 @multi_evo_agent_runner.py:85] Sampling 50000 steps by 12 slaves, spending 14.55 s.
[20260603 21:23:39 @multi_evo_agent_runner.py:94] Policy update, spending: 49.43 s.
[20260603 21:23:41 @multi_evo_agent_runner.py:99] Evaluation time: 2.17 s.
[20260603 21:23:41 @multi_evo_agent_runner.py:105] Total time:      95.13 min
[20260603 21:23:41 @multi_evo_agent_runner.py:115] Agent_0 gets eval reward: 429.46.
[20260603 21:23:41 @multi_evo_agent_runner.py:116] Agent_0 gets win rate: 0.52.
[20260603 21:23:41 @multi_evo_agent_runner.py:115] Agent_1 gets eval reward: 234.94.
[20260603 21:23:41 @multi_evo_agent_runner.py:116] Agent_1 gets win rate: 0.48.
[20260603 21:23:41 @multi_evo_agent_runner.py:79] #------------------------ Iteration 94 --------------------------#
[20260603 21:23:55 @multi_evo_agent_runner.py:85] Sampling 50000 steps by 12 slaves, spending 14.31 s.
[20260603 21:24:43 @multi_evo_agent_runner.py:94] Policy update, spending: 47.43 s.
[20260603 21:24:45 @multi_evo_agent_runner.py:99] Evaluation time: 2.19 s.
[20260603 21:24:45 @multi_evo_agent_runner.py:105] Total time:      96.20 min
[20260603 21:24:45 @multi_evo_agent_runner.py:115] Agent_0 gets eval reward: 844.55.
[20260603 21:24:45 @multi_evo_agent_runner.py:116] Agent_0 gets win rate: 0.50.
[20260603 21:24:45 @multi_evo_agent_runner.py:115] Agent_1 gets eval reward: 425.56.
[20260603 21:24:45 @multi_evo_agent_runner.py:116] Agent_1 gets win rate: 0.41.
[20260603 21:24:45 @multi_evo_agent_runner.py:510] CRITICAL save best checkpoint with agent_0's rewards 844.55!
[20260603 21:24:45 @multi_evo_agent_runner.py:79] #------------------------ Iteration 95 --------------------------#
[20260603 21:25:00 @multi_evo_agent_runner.py:85] Sampling 50000 steps by 12 slaves, spending 14.65 s.
[20260603 21:25:56 @multi_evo_agent_runner.py:94] Policy update, spending: 56.09 s.
[20260603 21:25:58 @multi_evo_agent_runner.py:99] Evaluation time: 2.20 s.
[20260603 21:25:58 @multi_evo_agent_runner.py:105] Total time:      97.42 min
[20260603 21:25:58 @multi_evo_agent_runner.py:115] Agent_0 gets eval reward: 751.41.
[20260603 21:25:58 @multi_evo_agent_runner.py:116] Agent_0 gets win rate: 0.46.
[20260603 21:25:58 @multi_evo_agent_runner.py:115] Agent_1 gets eval reward: 382.12.
[20260603 21:25:58 @multi_evo_agent_runner.py:116] Agent_1 gets win rate: 0.52.
[20260603 21:25:58 @multi_evo_agent_runner.py:79] #------------------------ Iteration 96 --------------------------#
[20260603 21:26:14 @multi_evo_agent_runner.py:85] Sampling 50000 steps by 12 slaves, spending 15.81 s.
[20260603 21:27:03 @multi_evo_agent_runner.py:94] Policy update, spending: 49.17 s.
[20260603 21:27:06 @multi_evo_agent_runner.py:99] Evaluation time: 3.10 s.
[20260603 21:27:06 @multi_evo_agent_runner.py:105] Total time:      98.56 min
[20260603 21:27:06 @multi_evo_agent_runner.py:115] Agent_0 gets eval reward: 905.18.
[20260603 21:27:06 @multi_evo_agent_runner.py:116] Agent_0 gets win rate: 0.60.
[20260603 21:27:06 @multi_evo_agent_runner.py:115] Agent_1 gets eval reward: 250.78.
[20260603 21:27:06 @multi_evo_agent_runner.py:116] Agent_1 gets win rate: 0.28.
[20260603 21:27:07 @multi_evo_agent_runner.py:510] CRITICAL save best checkpoint with agent_0's rewards 905.18!
[20260603 21:27:07 @multi_evo_agent_runner.py:79] #------------------------ Iteration 97 --------------------------#
[20260603 21:27:20 @multi_evo_agent_runner.py:85] Sampling 50000 steps by 12 slaves, spending 13.23 s.
[20260603 21:28:00 @multi_evo_agent_runner.py:94] Policy update, spending: 39.97 s.
[20260603 21:28:02 @multi_evo_agent_runner.py:99] Evaluation time: 2.25 s.
[20260603 21:28:02 @multi_evo_agent_runner.py:105] Total time:      99.49 min
[20260603 21:28:02 @multi_evo_agent_runner.py:115] Agent_0 gets eval reward: 512.24.
[20260603 21:28:02 @multi_evo_agent_runner.py:116] Agent_0 gets win rate: 0.48.
[20260603 21:28:02 @multi_evo_agent_runner.py:115] Agent_1 gets eval reward: 397.15.
[20260603 21:28:02 @multi_evo_agent_runner.py:116] Agent_1 gets win rate: 0.52.
[20260603 21:28:02 @multi_evo_agent_runner.py:79] #------------------------ Iteration 98 --------------------------#
[20260603 21:28:15 @multi_evo_agent_runner.py:85] Sampling 50000 steps by 12 slaves, spending 12.78 s.
[20260603 21:29:05 @multi_evo_agent_runner.py:94] Policy update, spending: 50.08 s.
[20260603 21:29:07 @multi_evo_agent_runner.py:99] Evaluation time: 1.79 s.
[20260603 21:29:07 @multi_evo_agent_runner.py:105] Total time:     100.57 min
[20260603 21:29:07 @multi_evo_agent_runner.py:115] Agent_0 gets eval reward: 791.41.
[20260603 21:29:07 @multi_evo_agent_runner.py:116] Agent_0 gets win rate: 0.52.
[20260603 21:29:07 @multi_evo_agent_runner.py:115] Agent_1 gets eval reward: 224.14.
[20260603 21:29:07 @multi_evo_agent_runner.py:116] Agent_1 gets win rate: 0.46.
[20260603 21:29:07 @multi_evo_agent_runner.py:79] #------------------------ Iteration 99 --------------------------#
[20260603 21:29:22 @multi_evo_agent_runner.py:85] Sampling 50000 steps by 12 slaves, spending 14.76 s.
[20260603 21:30:15 @multi_evo_agent_runner.py:94] Policy update, spending: 53.49 s.
[20260603 21:30:17 @multi_evo_agent_runner.py:99] Evaluation time: 1.78 s.
[20260603 21:30:17 @multi_evo_agent_runner.py:105] Total time:     101.74 min
[20260603 21:30:17 @multi_evo_agent_runner.py:115] Agent_0 gets eval reward: 727.74.
[20260603 21:30:17 @multi_evo_agent_runner.py:116] Agent_0 gets win rate: 0.46.
[20260603 21:30:17 @multi_evo_agent_runner.py:115] Agent_1 gets eval reward: 638.79.
[20260603 21:30:17 @multi_evo_agent_runner.py:116] Agent_1 gets win rate: 0.54.
[20260603 21:30:17 @multi_evo_agent_runner.py:79] #------------------------ Iteration 100 --------------------------#
[20260603 21:30:32 @multi_evo_agent_runner.py:85] Sampling 50000 steps by 12 slaves, spending 14.67 s.
[20260603 21:31:23 @multi_evo_agent_runner.py:94] Policy update, spending: 51.16 s.
[20260603 21:31:25 @multi_evo_agent_runner.py:99] Evaluation time: 2.32 s.
[20260603 21:31:25 @multi_evo_agent_runner.py:105] Total time:     102.88 min
[20260603 21:31:26 @multi_evo_agent_runner.py:115] Agent_0 gets eval reward: 761.54.
[20260603 21:31:26 @multi_evo_agent_runner.py:116] Agent_0 gets win rate: 0.70.
[20260603 21:31:26 @multi_evo_agent_runner.py:115] Agent_1 gets eval reward: 197.52.
[20260603 21:31:26 @multi_evo_agent_runner.py:116] Agent_1 gets win rate: 0.28.
[20260603 21:31:26 @multi_evo_agent_runner.py:510] CRITICAL save best checkpoint with agent_0's rewards 761.54!
[20260603 21:31:26 @multi_evo_agent_runner.py:79] #------------------------ Iteration 101 --------------------------#
[20260603 21:31:41 @multi_evo_agent_runner.py:85] Sampling 50000 steps by 12 slaves, spending 15.77 s.
[20260603 21:32:35 @multi_evo_agent_runner.py:94] Policy update, spending: 53.86 s.
[20260603 21:32:37 @multi_evo_agent_runner.py:99] Evaluation time: 2.07 s.
[20260603 21:32:37 @multi_evo_agent_runner.py:105] Total time:     104.07 min
[20260603 21:32:37 @multi_evo_agent_runner.py:115] Agent_0 gets eval reward: 666.68.
[20260603 21:32:37 @multi_evo_agent_runner.py:116] Agent_0 gets win rate: 0.48.
[20260603 21:32:37 @multi_evo_agent_runner.py:115] Agent_1 gets eval reward: 313.43.
[20260603 21:32:37 @multi_evo_agent_runner.py:116] Agent_1 gets win rate: 0.50.
[20260603 21:32:38 @multi_evo_agent_runner.py:79] #------------------------ Iteration 102 --------------------------#
[20260603 21:32:53 @multi_evo_agent_runner.py:85] Sampling 50000 steps by 12 slaves, spending 15.48 s.
[20260603 21:33:34 @multi_evo_agent_runner.py:94] Policy update, spending: 40.58 s.
[20260603 21:33:35 @multi_evo_agent_runner.py:99] Evaluation time: 1.78 s.
[20260603 21:33:35 @multi_evo_agent_runner.py:105] Total time:     105.04 min
[20260603 21:33:35 @multi_evo_agent_runner.py:115] Agent_0 gets eval reward: 737.48.
[20260603 21:33:35 @multi_evo_agent_runner.py:116] Agent_0 gets win rate: 0.74.
[20260603 21:33:35 @multi_evo_agent_runner.py:115] Agent_1 gets eval reward: 166.99.
[20260603 21:33:35 @multi_evo_agent_runner.py:116] Agent_1 gets win rate: 0.26.
[20260603 21:33:35 @multi_evo_agent_runner.py:510] CRITICAL save best checkpoint with agent_0's rewards 737.48!
[20260603 21:33:36 @multi_evo_agent_runner.py:79] #------------------------ Iteration 103 --------------------------#
[20260603 21:33:50 @multi_evo_agent_runner.py:85] Sampling 50000 steps by 12 slaves, spending 14.72 s.
[20260603 21:34:34 @multi_evo_agent_runner.py:94] Policy update, spending: 44.18 s.
[20260603 21:34:37 @multi_evo_agent_runner.py:99] Evaluation time: 2.08 s.
[20260603 21:34:37 @multi_evo_agent_runner.py:105] Total time:     106.06 min
[20260603 21:34:37 @multi_evo_agent_runner.py:115] Agent_0 gets eval reward: 1206.10.
[20260603 21:34:37 @multi_evo_agent_runner.py:116] Agent_0 gets win rate: 0.43.
[20260603 21:34:37 @multi_evo_agent_runner.py:115] Agent_1 gets eval reward: 731.62.
[20260603 21:34:37 @multi_evo_agent_runner.py:116] Agent_1 gets win rate: 0.49.
[20260603 21:34:37 @multi_evo_agent_runner.py:510] CRITICAL save best checkpoint with agent_0's rewards 1206.10!
[20260603 21:34:37 @multi_evo_agent_runner.py:510] CRITICAL save best checkpoint with agent_1's rewards 731.62!
[20260603 21:34:37 @multi_evo_agent_runner.py:79] #------------------------ Iteration 104 --------------------------#
[20260603 21:34:51 @multi_evo_agent_runner.py:85] Sampling 50000 steps by 12 slaves, spending 14.46 s.
[20260603 21:35:29 @multi_evo_agent_runner.py:94] Policy update, spending: 38.31 s.
[20260603 21:35:31 @multi_evo_agent_runner.py:99] Evaluation time: 1.76 s.
[20260603 21:35:31 @multi_evo_agent_runner.py:105] Total time:     106.97 min
[20260603 21:35:31 @multi_evo_agent_runner.py:115] Agent_0 gets eval reward: 509.70.
[20260603 21:35:31 @multi_evo_agent_runner.py:116] Agent_0 gets win rate: 0.55.
[20260603 21:35:31 @multi_evo_agent_runner.py:115] Agent_1 gets eval reward: 267.24.
[20260603 21:35:31 @multi_evo_agent_runner.py:116] Agent_1 gets win rate: 0.44.
[20260603 21:35:31 @multi_evo_agent_runner.py:510] CRITICAL save best checkpoint with agent_0's rewards 509.70!
[20260603 21:35:31 @multi_evo_agent_runner.py:79] #------------------------ Iteration 105 --------------------------#
[20260603 21:35:47 @multi_evo_agent_runner.py:85] Sampling 50000 steps by 12 slaves, spending 15.83 s.
[20260603 21:36:30 @multi_evo_agent_runner.py:94] Policy update, spending: 42.75 s.
[20260603 21:36:32 @multi_evo_agent_runner.py:99] Evaluation time: 1.92 s.
[20260603 21:36:32 @multi_evo_agent_runner.py:105] Total time:     107.98 min
[20260603 21:36:32 @multi_evo_agent_runner.py:115] Agent_0 gets eval reward: 526.35.
[20260603 21:36:32 @multi_evo_agent_runner.py:116] Agent_0 gets win rate: 0.58.
[20260603 21:36:32 @multi_evo_agent_runner.py:115] Agent_1 gets eval reward: 119.44.
[20260603 21:36:32 @multi_evo_agent_runner.py:116] Agent_1 gets win rate: 0.41.
[20260603 21:36:32 @multi_evo_agent_runner.py:510] CRITICAL save best checkpoint with agent_0's rewards 526.35!
[20260603 21:36:32 @multi_evo_agent_runner.py:79] #------------------------ Iteration 106 --------------------------#
[20260603 21:36:48 @multi_evo_agent_runner.py:85] Sampling 50000 steps by 12 slaves, spending 15.87 s.
[20260603 21:37:30 @multi_evo_agent_runner.py:94] Policy update, spending: 42.11 s.
[20260603 21:37:32 @multi_evo_agent_runner.py:99] Evaluation time: 2.19 s.
[20260603 21:37:32 @multi_evo_agent_runner.py:105] Total time:     108.99 min
[20260603 21:37:32 @multi_evo_agent_runner.py:115] Agent_0 gets eval reward: 717.36.
[20260603 21:37:32 @multi_evo_agent_runner.py:116] Agent_0 gets win rate: 0.58.
[20260603 21:37:32 @multi_evo_agent_runner.py:115] Agent_1 gets eval reward: 208.80.
[20260603 21:37:32 @multi_evo_agent_runner.py:116] Agent_1 gets win rate: 0.40.
[20260603 21:37:32 @multi_evo_agent_runner.py:510] CRITICAL save best checkpoint with agent_0's rewards 717.36!
[20260603 21:37:33 @multi_evo_agent_runner.py:79] #------------------------ Iteration 107 --------------------------#
[20260603 21:37:47 @multi_evo_agent_runner.py:85] Sampling 50000 steps by 12 slaves, spending 14.91 s.
[20260603 21:38:22 @multi_evo_agent_runner.py:94] Policy update, spending: 34.64 s.
[20260603 21:38:24 @multi_evo_agent_runner.py:99] Evaluation time: 1.77 s.
[20260603 21:38:24 @multi_evo_agent_runner.py:105] Total time:     109.85 min
[20260603 21:38:24 @multi_evo_agent_runner.py:115] Agent_0 gets eval reward: 706.73.
[20260603 21:38:24 @multi_evo_agent_runner.py:116] Agent_0 gets win rate: 0.53.
[20260603 21:38:24 @multi_evo_agent_runner.py:115] Agent_1 gets eval reward: 241.72.
[20260603 21:38:24 @multi_evo_agent_runner.py:116] Agent_1 gets win rate: 0.49.
[20260603 21:38:24 @multi_evo_agent_runner.py:510] CRITICAL save best checkpoint with agent_1's rewards 241.72!
[20260603 21:38:24 @multi_evo_agent_runner.py:79] #------------------------ Iteration 108 --------------------------#
[20260603 21:38:40 @multi_evo_agent_runner.py:85] Sampling 50000 steps by 12 slaves, spending 16.30 s.
[20260603 21:39:31 @multi_evo_agent_runner.py:94] Policy update, spending: 50.31 s.
[20260603 21:39:33 @multi_evo_agent_runner.py:99] Evaluation time: 2.10 s.
[20260603 21:39:33 @multi_evo_agent_runner.py:105] Total time:     111.00 min
[20260603 21:39:33 @multi_evo_agent_runner.py:115] Agent_0 gets eval reward: 361.83.
[20260603 21:39:33 @multi_evo_agent_runner.py:116] Agent_0 gets win rate: 0.64.
[20260603 21:39:33 @multi_evo_agent_runner.py:115] Agent_1 gets eval reward: 79.80.
[20260603 21:39:33 @multi_evo_agent_runner.py:116] Agent_1 gets win rate: 0.34.
[20260603 21:39:33 @multi_evo_agent_runner.py:510] CRITICAL save best checkpoint with agent_0's rewards 361.83!
[20260603 21:39:33 @multi_evo_agent_runner.py:79] #------------------------ Iteration 109 --------------------------#
[20260603 21:39:48 @multi_evo_agent_runner.py:85] Sampling 50000 steps by 12 slaves, spending 14.85 s.
[20260603 21:40:34 @multi_evo_agent_runner.py:94] Policy update, spending: 46.14 s.
[20260603 21:40:36 @multi_evo_agent_runner.py:99] Evaluation time: 1.94 s.
[20260603 21:40:36 @multi_evo_agent_runner.py:105] Total time:     112.05 min
[20260603 21:40:36 @multi_evo_agent_runner.py:115] Agent_0 gets eval reward: 802.18.
[20260603 21:40:36 @multi_evo_agent_runner.py:116] Agent_0 gets win rate: 0.63.
[20260603 21:40:36 @multi_evo_agent_runner.py:115] Agent_1 gets eval reward: 489.65.
[20260603 21:40:36 @multi_evo_agent_runner.py:116] Agent_1 gets win rate: 0.37.
[20260603 21:40:36 @multi_evo_agent_runner.py:510] CRITICAL save best checkpoint with agent_0's rewards 802.18!
[20260603 21:40:36 @multi_evo_agent_runner.py:510] CRITICAL save best checkpoint with agent_1's rewards 489.65!
[20260603 21:40:36 @multi_evo_agent_runner.py:79] #------------------------ Iteration 110 --------------------------#
[20260603 21:40:52 @multi_evo_agent_runner.py:85] Sampling 50000 steps by 12 slaves, spending 15.65 s.
[20260603 21:41:39 @multi_evo_agent_runner.py:94] Policy update, spending: 47.57 s.
[20260603 21:41:41 @multi_evo_agent_runner.py:99] Evaluation time: 1.79 s.
[20260603 21:41:41 @multi_evo_agent_runner.py:105] Total time:     113.13 min
[20260603 21:41:41 @multi_evo_agent_runner.py:115] Agent_0 gets eval reward: 848.32.
[20260603 21:41:41 @multi_evo_agent_runner.py:116] Agent_0 gets win rate: 0.56.
[20260603 21:41:41 @multi_evo_agent_runner.py:115] Agent_1 gets eval reward: 233.18.
[20260603 21:41:41 @multi_evo_agent_runner.py:116] Agent_1 gets win rate: 0.44.
[20260603 21:41:41 @multi_evo_agent_runner.py:510] CRITICAL save best checkpoint with agent_0's rewards 848.32!
[20260603 21:41:41 @multi_evo_agent_runner.py:510] CRITICAL save best checkpoint with agent_1's rewards 233.18!
[20260603 21:41:41 @multi_evo_agent_runner.py:79] #------------------------ Iteration 111 --------------------------#
[20260603 21:41:57 @multi_evo_agent_runner.py:85] Sampling 50000 steps by 12 slaves, spending 15.86 s.
[20260603 21:42:38 @multi_evo_agent_runner.py:94] Policy update, spending: 40.69 s.
[20260603 21:42:40 @multi_evo_agent_runner.py:99] Evaluation time: 1.84 s.
[20260603 21:42:40 @multi_evo_agent_runner.py:105] Total time:     114.11 min
[20260603 21:42:40 @multi_evo_agent_runner.py:115] Agent_0 gets eval reward: 822.49.
[20260603 21:42:40 @multi_evo_agent_runner.py:116] Agent_0 gets win rate: 0.45.
[20260603 21:42:40 @multi_evo_agent_runner.py:115] Agent_1 gets eval reward: 473.32.
[20260603 21:42:40 @multi_evo_agent_runner.py:116] Agent_1 gets win rate: 0.49.
[20260603 21:42:40 @multi_evo_agent_runner.py:510] CRITICAL save best checkpoint with agent_1's rewards 473.32!
[20260603 21:42:40 @multi_evo_agent_runner.py:79] #------------------------ Iteration 112 --------------------------#
[20260603 21:42:55 @multi_evo_agent_runner.py:85] Sampling 50000 steps by 12 slaves, spending 15.57 s.
[20260603 21:43:49 @multi_evo_agent_runner.py:94] Policy update, spending: 53.63 s.
[20260603 21:43:51 @multi_evo_agent_runner.py:99] Evaluation time: 2.11 s.
[20260603 21:43:51 @multi_evo_agent_runner.py:105] Total time:     115.30 min
[20260603 21:43:51 @multi_evo_agent_runner.py:115] Agent_0 gets eval reward: 789.21.
[20260603 21:43:51 @multi_evo_agent_runner.py:116] Agent_0 gets win rate: 0.42.
[20260603 21:43:51 @multi_evo_agent_runner.py:115] Agent_1 gets eval reward: 591.37.
[20260603 21:43:51 @multi_evo_agent_runner.py:116] Agent_1 gets win rate: 0.57.
[20260603 21:43:51 @multi_evo_agent_runner.py:510] CRITICAL save best checkpoint with agent_1's rewards 591.37!
[20260603 21:43:51 @multi_evo_agent_runner.py:79] #------------------------ Iteration 113 --------------------------#
[20260603 21:44:08 @multi_evo_agent_runner.py:85] Sampling 50000 steps by 12 slaves, spending 16.61 s.
[20260603 21:44:47 @multi_evo_agent_runner.py:94] Policy update, spending: 39.09 s.
[20260603 21:44:49 @multi_evo_agent_runner.py:99] Evaluation time: 2.25 s.
[20260603 21:44:49 @multi_evo_agent_runner.py:105] Total time:     116.27 min
[20260603 21:44:50 @multi_evo_agent_runner.py:115] Agent_0 gets eval reward: 720.45.
[20260603 21:44:50 @multi_evo_agent_runner.py:116] Agent_0 gets win rate: 0.67.
[20260603 21:44:50 @multi_evo_agent_runner.py:115] Agent_1 gets eval reward: 49.24.
[20260603 21:44:50 @multi_evo_agent_runner.py:116] Agent_1 gets win rate: 0.33.
[20260603 21:44:50 @multi_evo_agent_runner.py:510] CRITICAL save best checkpoint with agent_0's rewards 720.45!
[20260603 21:44:50 @multi_evo_agent_runner.py:79] #------------------------ Iteration 114 --------------------------#
[20260603 21:45:04 @multi_evo_agent_runner.py:85] Sampling 50000 steps by 12 slaves, spending 14.40 s.
[20260603 21:45:48 @multi_evo_agent_runner.py:94] Policy update, spending: 43.64 s.
[20260603 21:45:50 @multi_evo_agent_runner.py:99] Evaluation time: 2.51 s.
[20260603 21:45:50 @multi_evo_agent_runner.py:105] Total time:     117.29 min
[20260603 21:45:50 @multi_evo_agent_runner.py:115] Agent_0 gets eval reward: 841.71.
[20260603 21:45:50 @multi_evo_agent_runner.py:116] Agent_0 gets win rate: 0.43.
[20260603 21:45:50 @multi_evo_agent_runner.py:115] Agent_1 gets eval reward: 537.75.
[20260603 21:45:50 @multi_evo_agent_runner.py:116] Agent_1 gets win rate: 0.52.
[20260603 21:45:50 @multi_evo_agent_runner.py:510] CRITICAL save best checkpoint with agent_0's rewards 841.71!
[20260603 21:45:50 @multi_evo_agent_runner.py:79] #------------------------ Iteration 115 --------------------------#
[20260603 21:46:05 @multi_evo_agent_runner.py:85] Sampling 50000 steps by 12 slaves, spending 14.38 s.
[20260603 21:46:47 @multi_evo_agent_runner.py:94] Policy update, spending: 41.97 s.
[20260603 21:46:49 @multi_evo_agent_runner.py:99] Evaluation time: 2.36 s.
[20260603 21:46:49 @multi_evo_agent_runner.py:105] Total time:     118.27 min
[20260603 21:46:49 @multi_evo_agent_runner.py:115] Agent_0 gets eval reward: 763.02.
[20260603 21:46:49 @multi_evo_agent_runner.py:116] Agent_0 gets win rate: 0.34.
[20260603 21:46:49 @multi_evo_agent_runner.py:115] Agent_1 gets eval reward: 654.70.
[20260603 21:46:49 @multi_evo_agent_runner.py:116] Agent_1 gets win rate: 0.62.
[20260603 21:46:49 @multi_evo_agent_runner.py:510] CRITICAL save best checkpoint with agent_1's rewards 654.70!
[20260603 21:46:49 @multi_evo_agent_runner.py:79] #------------------------ Iteration 116 --------------------------#
[20260603 21:47:04 @multi_evo_agent_runner.py:85] Sampling 50000 steps by 12 slaves, spending 14.64 s.
[20260603 21:47:56 @multi_evo_agent_runner.py:94] Policy update, spending: 52.27 s.
[20260603 21:47:58 @multi_evo_agent_runner.py:99] Evaluation time: 1.87 s.
[20260603 21:47:58 @multi_evo_agent_runner.py:105] Total time:     119.42 min
[20260603 21:47:58 @multi_evo_agent_runner.py:115] Agent_0 gets eval reward: 995.07.
[20260603 21:47:58 @multi_evo_agent_runner.py:116] Agent_0 gets win rate: 0.64.
[20260603 21:47:58 @multi_evo_agent_runner.py:115] Agent_1 gets eval reward: 265.45.
[20260603 21:47:58 @multi_evo_agent_runner.py:116] Agent_1 gets win rate: 0.34.
[20260603 21:47:58 @multi_evo_agent_runner.py:510] CRITICAL save best checkpoint with agent_0's rewards 995.07!
[20260603 21:47:58 @multi_evo_agent_runner.py:79] #------------------------ Iteration 117 --------------------------#
[20260603 21:48:14 @multi_evo_agent_runner.py:85] Sampling 50000 steps by 12 slaves, spending 15.28 s.
[20260603 21:49:07 @multi_evo_agent_runner.py:94] Policy update, spending: 53.30 s.
[20260603 21:49:09 @multi_evo_agent_runner.py:99] Evaluation time: 1.98 s.
[20260603 21:49:09 @multi_evo_agent_runner.py:105] Total time:     120.60 min
[20260603 21:49:09 @multi_evo_agent_runner.py:115] Agent_0 gets eval reward: 907.10.
[20260603 21:49:09 @multi_evo_agent_runner.py:116] Agent_0 gets win rate: 0.69.
[20260603 21:49:09 @multi_evo_agent_runner.py:115] Agent_1 gets eval reward: 272.42.
[20260603 21:49:09 @multi_evo_agent_runner.py:116] Agent_1 gets win rate: 0.31.
[20260603 21:49:09 @multi_evo_agent_runner.py:510] CRITICAL save best checkpoint with agent_0's rewards 907.10!
[20260603 21:49:09 @multi_evo_agent_runner.py:79] #------------------------ Iteration 118 --------------------------#
[20260603 21:49:25 @multi_evo_agent_runner.py:85] Sampling 50000 steps by 12 slaves, spending 15.60 s.
[20260603 21:50:10 @multi_evo_agent_runner.py:94] Policy update, spending: 44.99 s.
[20260603 21:50:12 @multi_evo_agent_runner.py:99] Evaluation time: 2.44 s.
[20260603 21:50:12 @multi_evo_agent_runner.py:105] Total time:     121.65 min
[20260603 21:50:12 @multi_evo_agent_runner.py:115] Agent_0 gets eval reward: 712.15.
[20260603 21:50:12 @multi_evo_agent_runner.py:116] Agent_0 gets win rate: 0.61.
[20260603 21:50:12 @multi_evo_agent_runner.py:115] Agent_1 gets eval reward: 292.03.
[20260603 21:50:12 @multi_evo_agent_runner.py:116] Agent_1 gets win rate: 0.39.
[20260603 21:50:12 @multi_evo_agent_runner.py:79] #------------------------ Iteration 119 --------------------------#
[20260603 21:50:28 @multi_evo_agent_runner.py:85] Sampling 50000 steps by 12 slaves, spending 15.51 s.
[20260603 21:51:03 @multi_evo_agent_runner.py:94] Policy update, spending: 35.44 s.
[20260603 21:51:06 @multi_evo_agent_runner.py:99] Evaluation time: 2.25 s.
[20260603 21:51:06 @multi_evo_agent_runner.py:105] Total time:     122.55 min
[20260603 21:51:06 @multi_evo_agent_runner.py:115] Agent_0 gets eval reward: 598.52.
[20260603 21:51:06 @multi_evo_agent_runner.py:116] Agent_0 gets win rate: 0.48.
[20260603 21:51:06 @multi_evo_agent_runner.py:115] Agent_1 gets eval reward: 391.04.
[20260603 21:51:06 @multi_evo_agent_runner.py:116] Agent_1 gets win rate: 0.50.
[20260603 21:51:06 @multi_evo_agent_runner.py:79] #------------------------ Iteration 120 --------------------------#
[20260603 21:51:18 @multi_evo_agent_runner.py:85] Sampling 50000 steps by 12 slaves, spending 12.54 s.
[20260603 21:52:13 @multi_evo_agent_runner.py:94] Policy update, spending: 54.74 s.
[20260603 21:52:15 @multi_evo_agent_runner.py:99] Evaluation time: 2.31 s.
[20260603 21:52:15 @multi_evo_agent_runner.py:105] Total time:     123.71 min
[20260603 21:52:16 @multi_evo_agent_runner.py:115] Agent_0 gets eval reward: 549.21.
[20260603 21:52:16 @multi_evo_agent_runner.py:116] Agent_0 gets win rate: 0.58.
[20260603 21:52:16 @multi_evo_agent_runner.py:115] Agent_1 gets eval reward: 421.11.
[20260603 21:52:16 @multi_evo_agent_runner.py:116] Agent_1 gets win rate: 0.42.
[20260603 21:52:16 @multi_evo_agent_runner.py:79] #------------------------ Iteration 121 --------------------------#
[20260603 21:52:30 @multi_evo_agent_runner.py:85] Sampling 50000 steps by 12 slaves, spending 14.52 s.
[20260603 21:53:18 @multi_evo_agent_runner.py:94] Policy update, spending: 48.23 s.
[20260603 21:53:20 @multi_evo_agent_runner.py:99] Evaluation time: 2.06 s.
[20260603 21:53:20 @multi_evo_agent_runner.py:105] Total time:     124.79 min
[20260603 21:53:21 @multi_evo_agent_runner.py:115] Agent_0 gets eval reward: 689.41.
[20260603 21:53:21 @multi_evo_agent_runner.py:116] Agent_0 gets win rate: 0.52.
[20260603 21:53:21 @multi_evo_agent_runner.py:115] Agent_1 gets eval reward: 507.93.
[20260603 21:53:21 @multi_evo_agent_runner.py:116] Agent_1 gets win rate: 0.46.
[20260603 21:53:21 @multi_evo_agent_runner.py:79] #------------------------ Iteration 122 --------------------------#
[20260603 21:53:37 @multi_evo_agent_runner.py:85] Sampling 50000 steps by 12 slaves, spending 16.16 s.
[20260603 21:54:29 @multi_evo_agent_runner.py:94] Policy update, spending: 51.79 s.
[20260603 21:54:31 @multi_evo_agent_runner.py:99] Evaluation time: 2.14 s.
[20260603 21:54:31 @multi_evo_agent_runner.py:105] Total time:     125.96 min
[20260603 21:54:31 @multi_evo_agent_runner.py:115] Agent_0 gets eval reward: 954.78.
[20260603 21:54:31 @multi_evo_agent_runner.py:116] Agent_0 gets win rate: 0.67.
[20260603 21:54:31 @multi_evo_agent_runner.py:115] Agent_1 gets eval reward: 379.22.
[20260603 21:54:31 @multi_evo_agent_runner.py:116] Agent_1 gets win rate: 0.28.
[20260603 21:54:31 @multi_evo_agent_runner.py:510] CRITICAL save best checkpoint with agent_0's rewards 954.78!
[20260603 21:54:31 @multi_evo_agent_runner.py:79] #------------------------ Iteration 123 --------------------------#
[20260603 21:54:45 @multi_evo_agent_runner.py:85] Sampling 50000 steps by 12 slaves, spending 14.17 s.
[20260603 21:55:23 @multi_evo_agent_runner.py:94] Policy update, spending: 37.90 s.
[20260603 21:55:25 @multi_evo_agent_runner.py:99] Evaluation time: 2.05 s.
[20260603 21:55:25 @multi_evo_agent_runner.py:105] Total time:     126.87 min
[20260603 21:55:25 @multi_evo_agent_runner.py:115] Agent_0 gets eval reward: 877.50.
[20260603 21:55:25 @multi_evo_agent_runner.py:116] Agent_0 gets win rate: 0.69.
[20260603 21:55:25 @multi_evo_agent_runner.py:115] Agent_1 gets eval reward: 242.43.
[20260603 21:55:25 @multi_evo_agent_runner.py:116] Agent_1 gets win rate: 0.29.
[20260603 21:55:25 @multi_evo_agent_runner.py:510] CRITICAL save best checkpoint with agent_0's rewards 877.50!
[20260603 21:55:25 @multi_evo_agent_runner.py:79] #------------------------ Iteration 124 --------------------------#
[20260603 21:55:41 @multi_evo_agent_runner.py:85] Sampling 50000 steps by 12 slaves, spending 15.80 s.
[20260603 21:56:34 @multi_evo_agent_runner.py:94] Policy update, spending: 53.11 s.
[20260603 21:56:36 @multi_evo_agent_runner.py:99] Evaluation time: 2.00 s.
[20260603 21:56:36 @multi_evo_agent_runner.py:105] Total time:     128.06 min
[20260603 21:56:36 @multi_evo_agent_runner.py:115] Agent_0 gets eval reward: 932.79.
[20260603 21:56:36 @multi_evo_agent_runner.py:116] Agent_0 gets win rate: 0.61.
[20260603 21:56:36 @multi_evo_agent_runner.py:115] Agent_1 gets eval reward: 358.63.
[20260603 21:56:36 @multi_evo_agent_runner.py:116] Agent_1 gets win rate: 0.39.
[20260603 21:56:36 @multi_evo_agent_runner.py:510] CRITICAL save best checkpoint with agent_0's rewards 932.79!
[20260603 21:56:36 @multi_evo_agent_runner.py:79] #------------------------ Iteration 125 --------------------------#
[20260603 21:56:52 @multi_evo_agent_runner.py:85] Sampling 50000 steps by 12 slaves, spending 15.59 s.
[20260603 21:57:50 @multi_evo_agent_runner.py:94] Policy update, spending: 58.17 s.
[20260603 21:57:52 @multi_evo_agent_runner.py:99] Evaluation time: 2.02 s.
[20260603 21:57:52 @multi_evo_agent_runner.py:105] Total time:     129.32 min
[20260603 21:57:52 @multi_evo_agent_runner.py:115] Agent_0 gets eval reward: 701.38.
[20260603 21:57:52 @multi_evo_agent_runner.py:116] Agent_0 gets win rate: 0.53.
[20260603 21:57:52 @multi_evo_agent_runner.py:115] Agent_1 gets eval reward: 410.66.
[20260603 21:57:52 @multi_evo_agent_runner.py:116] Agent_1 gets win rate: 0.45.
[20260603 21:57:52 @multi_evo_agent_runner.py:79] #------------------------ Iteration 126 --------------------------#
[20260603 21:58:07 @multi_evo_agent_runner.py:85] Sampling 50000 steps by 12 slaves, spending 14.66 s.
[20260603 21:58:56 @multi_evo_agent_runner.py:94] Policy update, spending: 49.22 s.
[20260603 21:58:58 @multi_evo_agent_runner.py:99] Evaluation time: 2.11 s.
[20260603 21:58:58 @multi_evo_agent_runner.py:105] Total time:     130.42 min
[20260603 21:58:59 @multi_evo_agent_runner.py:115] Agent_0 gets eval reward: 732.49.
[20260603 21:58:59 @multi_evo_agent_runner.py:116] Agent_0 gets win rate: 0.55.
[20260603 21:58:59 @multi_evo_agent_runner.py:115] Agent_1 gets eval reward: 451.85.
[20260603 21:58:59 @multi_evo_agent_runner.py:116] Agent_1 gets win rate: 0.45.
[20260603 21:58:59 @multi_evo_agent_runner.py:79] #------------------------ Iteration 127 --------------------------#
[20260603 21:59:15 @multi_evo_agent_runner.py:85] Sampling 50000 steps by 12 slaves, spending 16.07 s.
[20260603 22:00:04 @multi_evo_agent_runner.py:94] Policy update, spending: 49.03 s.
[20260603 22:00:06 @multi_evo_agent_runner.py:99] Evaluation time: 1.99 s.
[20260603 22:00:06 @multi_evo_agent_runner.py:105] Total time:     131.55 min
[20260603 22:00:06 @multi_evo_agent_runner.py:115] Agent_0 gets eval reward: 648.02.
[20260603 22:00:06 @multi_evo_agent_runner.py:116] Agent_0 gets win rate: 0.55.
[20260603 22:00:06 @multi_evo_agent_runner.py:115] Agent_1 gets eval reward: 234.59.
[20260603 22:00:06 @multi_evo_agent_runner.py:116] Agent_1 gets win rate: 0.45.
[20260603 22:00:06 @multi_evo_agent_runner.py:79] #------------------------ Iteration 128 --------------------------#
[20260603 22:00:21 @multi_evo_agent_runner.py:85] Sampling 50000 steps by 12 slaves, spending 15.47 s.
[20260603 22:01:16 @multi_evo_agent_runner.py:94] Policy update, spending: 55.01 s.
[20260603 22:01:18 @multi_evo_agent_runner.py:99] Evaluation time: 1.98 s.
[20260603 22:01:18 @multi_evo_agent_runner.py:105] Total time:     132.76 min
[20260603 22:01:18 @multi_evo_agent_runner.py:115] Agent_0 gets eval reward: 759.23.
[20260603 22:01:18 @multi_evo_agent_runner.py:116] Agent_0 gets win rate: 0.62.
[20260603 22:01:18 @multi_evo_agent_runner.py:115] Agent_1 gets eval reward: 304.85.
[20260603 22:01:18 @multi_evo_agent_runner.py:116] Agent_1 gets win rate: 0.31.
[20260603 22:01:18 @multi_evo_agent_runner.py:510] CRITICAL save best checkpoint with agent_0's rewards 759.23!
[20260603 22:01:19 @multi_evo_agent_runner.py:79] #------------------------ Iteration 129 --------------------------#
[20260603 22:01:35 @multi_evo_agent_runner.py:85] Sampling 50000 steps by 12 slaves, spending 16.39 s.
[20260603 22:02:20 @multi_evo_agent_runner.py:94] Policy update, spending: 45.42 s.
[20260603 22:02:23 @multi_evo_agent_runner.py:99] Evaluation time: 2.35 s.
[20260603 22:02:23 @multi_evo_agent_runner.py:105] Total time:     133.83 min
[20260603 22:02:23 @multi_evo_agent_runner.py:115] Agent_0 gets eval reward: 957.61.
[20260603 22:02:23 @multi_evo_agent_runner.py:116] Agent_0 gets win rate: 0.58.
[20260603 22:02:23 @multi_evo_agent_runner.py:115] Agent_1 gets eval reward: 257.76.
[20260603 22:02:23 @multi_evo_agent_runner.py:116] Agent_1 gets win rate: 0.40.
[20260603 22:02:23 @multi_evo_agent_runner.py:510] CRITICAL save best checkpoint with agent_0's rewards 957.61!
[20260603 22:02:23 @multi_evo_agent_runner.py:79] #------------------------ Iteration 130 --------------------------#
[20260603 22:02:38 @multi_evo_agent_runner.py:85] Sampling 50000 steps by 12 slaves, spending 14.70 s.
[20260603 22:03:18 @multi_evo_agent_runner.py:94] Policy update, spending: 40.32 s.
[20260603 22:03:20 @multi_evo_agent_runner.py:99] Evaluation time: 2.10 s.
[20260603 22:03:20 @multi_evo_agent_runner.py:105] Total time:     134.79 min
[20260603 22:03:20 @multi_evo_agent_runner.py:115] Agent_0 gets eval reward: 620.43.
[20260603 22:03:20 @multi_evo_agent_runner.py:116] Agent_0 gets win rate: 0.64.
[20260603 22:03:20 @multi_evo_agent_runner.py:115] Agent_1 gets eval reward: 42.39.
[20260603 22:03:20 @multi_evo_agent_runner.py:116] Agent_1 gets win rate: 0.36.
[20260603 22:03:20 @multi_evo_agent_runner.py:510] CRITICAL save best checkpoint with agent_0's rewards 620.43!
[20260603 22:03:20 @multi_evo_agent_runner.py:79] #------------------------ Iteration 131 --------------------------#
[20260603 22:03:34 @multi_evo_agent_runner.py:85] Sampling 50000 steps by 12 slaves, spending 14.06 s.
[20260603 22:04:29 @multi_evo_agent_runner.py:94] Policy update, spending: 54.73 s.
[20260603 22:04:31 @multi_evo_agent_runner.py:99] Evaluation time: 2.13 s.
[20260603 22:04:31 @multi_evo_agent_runner.py:105] Total time:     135.97 min
[20260603 22:04:31 @multi_evo_agent_runner.py:115] Agent_0 gets eval reward: 403.91.
[20260603 22:04:31 @multi_evo_agent_runner.py:116] Agent_0 gets win rate: 0.68.
[20260603 22:04:31 @multi_evo_agent_runner.py:115] Agent_1 gets eval reward: 388.33.
[20260603 22:04:31 @multi_evo_agent_runner.py:116] Agent_1 gets win rate: 0.25.
[20260603 22:04:31 @multi_evo_agent_runner.py:510] CRITICAL save best checkpoint with agent_0's rewards 403.91!
[20260603 22:04:32 @multi_evo_agent_runner.py:79] #------------------------ Iteration 132 --------------------------#
[20260603 22:04:47 @multi_evo_agent_runner.py:85] Sampling 50000 steps by 12 slaves, spending 15.21 s.
[20260603 22:05:36 @multi_evo_agent_runner.py:94] Policy update, spending: 48.79 s.
[20260603 22:05:39 @multi_evo_agent_runner.py:99] Evaluation time: 2.93 s.
[20260603 22:05:39 @multi_evo_agent_runner.py:105] Total time:     137.09 min
[20260603 22:05:39 @multi_evo_agent_runner.py:115] Agent_0 gets eval reward: 811.37.
[20260603 22:05:39 @multi_evo_agent_runner.py:116] Agent_0 gets win rate: 0.44.
[20260603 22:05:39 @multi_evo_agent_runner.py:115] Agent_1 gets eval reward: 415.83.
[20260603 22:05:39 @multi_evo_agent_runner.py:116] Agent_1 gets win rate: 0.53.
[20260603 22:05:39 @multi_evo_agent_runner.py:510] CRITICAL save best checkpoint with agent_0's rewards 811.37!
[20260603 22:05:39 @multi_evo_agent_runner.py:79] #------------------------ Iteration 133 --------------------------#
[20260603 22:05:53 @multi_evo_agent_runner.py:85] Sampling 50000 steps by 12 slaves, spending 13.89 s.
[20260603 22:06:39 @multi_evo_agent_runner.py:94] Policy update, spending: 45.93 s.
[20260603 22:06:41 @multi_evo_agent_runner.py:99] Evaluation time: 1.98 s.
[20260603 22:06:41 @multi_evo_agent_runner.py:105] Total time:     138.13 min
[20260603 22:06:41 @multi_evo_agent_runner.py:115] Agent_0 gets eval reward: 687.46.
[20260603 22:06:41 @multi_evo_agent_runner.py:116] Agent_0 gets win rate: 0.59.
[20260603 22:06:41 @multi_evo_agent_runner.py:115] Agent_1 gets eval reward: 88.54.
[20260603 22:06:41 @multi_evo_agent_runner.py:116] Agent_1 gets win rate: 0.39.
[20260603 22:06:41 @multi_evo_agent_runner.py:510] CRITICAL save best checkpoint with agent_0's rewards 687.46!
[20260603 22:06:41 @multi_evo_agent_runner.py:79] #------------------------ Iteration 134 --------------------------#
[20260603 22:06:56 @multi_evo_agent_runner.py:85] Sampling 50000 steps by 12 slaves, spending 14.60 s.
[20260603 22:07:33 @multi_evo_agent_runner.py:94] Policy update, spending: 37.78 s.
[20260603 22:07:36 @multi_evo_agent_runner.py:99] Evaluation time: 2.67 s.
[20260603 22:07:36 @multi_evo_agent_runner.py:105] Total time:     139.05 min
[20260603 22:07:36 @multi_evo_agent_runner.py:115] Agent_0 gets eval reward: 951.11.
[20260603 22:07:36 @multi_evo_agent_runner.py:116] Agent_0 gets win rate: 0.56.
[20260603 22:07:36 @multi_evo_agent_runner.py:115] Agent_1 gets eval reward: 266.39.
[20260603 22:07:36 @multi_evo_agent_runner.py:116] Agent_1 gets win rate: 0.44.
[20260603 22:07:36 @multi_evo_agent_runner.py:510] CRITICAL save best checkpoint with agent_0's rewards 951.11!
[20260603 22:07:36 @multi_evo_agent_runner.py:79] #------------------------ Iteration 135 --------------------------#
[20260603 22:07:49 @multi_evo_agent_runner.py:85] Sampling 50000 steps by 12 slaves, spending 13.20 s.
[20260603 22:08:27 @multi_evo_agent_runner.py:94] Policy update, spending: 37.90 s.
[20260603 22:08:29 @multi_evo_agent_runner.py:99] Evaluation time: 1.91 s.
[20260603 22:08:29 @multi_evo_agent_runner.py:105] Total time:     139.94 min
[20260603 22:08:29 @multi_evo_agent_runner.py:115] Agent_0 gets eval reward: 788.70.
[20260603 22:08:29 @multi_evo_agent_runner.py:116] Agent_0 gets win rate: 0.56.
[20260603 22:08:29 @multi_evo_agent_runner.py:115] Agent_1 gets eval reward: 475.68.
[20260603 22:08:29 @multi_evo_agent_runner.py:116] Agent_1 gets win rate: 0.44.
[20260603 22:08:29 @multi_evo_agent_runner.py:510] CRITICAL save best checkpoint with agent_0's rewards 788.70!
[20260603 22:08:29 @multi_evo_agent_runner.py:79] #------------------------ Iteration 136 --------------------------#
[20260603 22:08:41 @multi_evo_agent_runner.py:85] Sampling 50000 steps by 12 slaves, spending 11.51 s.
[20260603 22:09:18 @multi_evo_agent_runner.py:94] Policy update, spending: 36.69 s.
[20260603 22:09:20 @multi_evo_agent_runner.py:99] Evaluation time: 2.34 s.
[20260603 22:09:20 @multi_evo_agent_runner.py:105] Total time:     140.78 min
[20260603 22:09:20 @multi_evo_agent_runner.py:115] Agent_0 gets eval reward: 707.25.
[20260603 22:09:20 @multi_evo_agent_runner.py:116] Agent_0 gets win rate: 0.47.
[20260603 22:09:20 @multi_evo_agent_runner.py:115] Agent_1 gets eval reward: 313.76.
[20260603 22:09:20 @multi_evo_agent_runner.py:116] Agent_1 gets win rate: 0.53.
[20260603 22:09:20 @multi_evo_agent_runner.py:79] #------------------------ Iteration 137 --------------------------#
[20260603 22:09:33 @multi_evo_agent_runner.py:85] Sampling 50000 steps by 12 slaves, spending 12.98 s.
[20260603 22:10:17 @multi_evo_agent_runner.py:94] Policy update, spending: 43.77 s.
[20260603 22:10:19 @multi_evo_agent_runner.py:99] Evaluation time: 1.73 s.
[20260603 22:10:19 @multi_evo_agent_runner.py:105] Total time:     141.76 min
[20260603 22:10:19 @multi_evo_agent_runner.py:115] Agent_0 gets eval reward: 621.17.
[20260603 22:10:19 @multi_evo_agent_runner.py:116] Agent_0 gets win rate: 0.55.
[20260603 22:10:19 @multi_evo_agent_runner.py:115] Agent_1 gets eval reward: 187.47.
[20260603 22:10:19 @multi_evo_agent_runner.py:116] Agent_1 gets win rate: 0.47.
[20260603 22:10:19 @multi_evo_agent_runner.py:79] #------------------------ Iteration 138 --------------------------#
[20260603 22:10:34 @multi_evo_agent_runner.py:85] Sampling 50000 steps by 12 slaves, spending 14.99 s.
[20260603 22:11:25 @multi_evo_agent_runner.py:94] Policy update, spending: 51.36 s.
[20260603 22:11:27 @multi_evo_agent_runner.py:99] Evaluation time: 1.53 s.
[20260603 22:11:27 @multi_evo_agent_runner.py:105] Total time:     142.89 min
[20260603 22:11:27 @multi_evo_agent_runner.py:115] Agent_0 gets eval reward: 841.13.
[20260603 22:11:27 @multi_evo_agent_runner.py:116] Agent_0 gets win rate: 0.49.
[20260603 22:11:27 @multi_evo_agent_runner.py:115] Agent_1 gets eval reward: 285.29.
[20260603 22:11:27 @multi_evo_agent_runner.py:116] Agent_1 gets win rate: 0.45.
[20260603 22:11:27 @multi_evo_agent_runner.py:510] CRITICAL save best checkpoint with agent_0's rewards 841.13!
[20260603 22:11:27 @multi_evo_agent_runner.py:79] #------------------------ Iteration 139 --------------------------#
[20260603 22:11:43 @multi_evo_agent_runner.py:85] Sampling 50000 steps by 12 slaves, spending 15.89 s.
[20260603 22:12:36 @multi_evo_agent_runner.py:94] Policy update, spending: 53.56 s.
[20260603 22:12:38 @multi_evo_agent_runner.py:99] Evaluation time: 1.94 s.
[20260603 22:12:38 @multi_evo_agent_runner.py:105] Total time:     144.09 min
[20260603 22:12:38 @multi_evo_agent_runner.py:115] Agent_0 gets eval reward: 921.71.
[20260603 22:12:38 @multi_evo_agent_runner.py:116] Agent_0 gets win rate: 0.50.
[20260603 22:12:38 @multi_evo_agent_runner.py:115] Agent_1 gets eval reward: 339.88.
[20260603 22:12:38 @multi_evo_agent_runner.py:116] Agent_1 gets win rate: 0.46.
[20260603 22:12:38 @multi_evo_agent_runner.py:510] CRITICAL save best checkpoint with agent_0's rewards 921.71!
[20260603 22:12:39 @multi_evo_agent_runner.py:79] #------------------------ Iteration 140 --------------------------#
[20260603 22:12:54 @multi_evo_agent_runner.py:85] Sampling 50000 steps by 12 slaves, spending 15.61 s.
[20260603 22:13:46 @multi_evo_agent_runner.py:94] Policy update, spending: 52.08 s.
[20260603 22:13:48 @multi_evo_agent_runner.py:99] Evaluation time: 1.71 s.
[20260603 22:13:48 @multi_evo_agent_runner.py:105] Total time:     145.25 min
[20260603 22:13:48 @multi_evo_agent_runner.py:115] Agent_0 gets eval reward: 884.69.
[20260603 22:13:48 @multi_evo_agent_runner.py:116] Agent_0 gets win rate: 0.64.
[20260603 22:13:48 @multi_evo_agent_runner.py:115] Agent_1 gets eval reward: 247.84.
[20260603 22:13:48 @multi_evo_agent_runner.py:116] Agent_1 gets win rate: 0.36.
[20260603 22:13:48 @multi_evo_agent_runner.py:510] CRITICAL save best checkpoint with agent_0's rewards 884.69!
[20260603 22:13:48 @multi_evo_agent_runner.py:79] #------------------------ Iteration 141 --------------------------#
[20260603 22:14:04 @multi_evo_agent_runner.py:85] Sampling 50000 steps by 12 slaves, spending 15.96 s.
[20260603 22:14:54 @multi_evo_agent_runner.py:94] Policy update, spending: 49.93 s.
[20260603 22:14:56 @multi_evo_agent_runner.py:99] Evaluation time: 2.12 s.
[20260603 22:14:56 @multi_evo_agent_runner.py:105] Total time:     146.39 min
[20260603 22:14:56 @multi_evo_agent_runner.py:115] Agent_0 gets eval reward: 453.59.
[20260603 22:14:56 @multi_evo_agent_runner.py:116] Agent_0 gets win rate: 0.44.
[20260603 22:14:56 @multi_evo_agent_runner.py:115] Agent_1 gets eval reward: 379.37.
[20260603 22:14:56 @multi_evo_agent_runner.py:116] Agent_1 gets win rate: 0.56.
[20260603 22:14:56 @multi_evo_agent_runner.py:79] #------------------------ Iteration 142 --------------------------#
[20260603 22:15:12 @multi_evo_agent_runner.py:85] Sampling 50000 steps by 12 slaves, spending 15.56 s.
[20260603 22:15:50 @multi_evo_agent_runner.py:94] Policy update, spending: 38.09 s.
[20260603 22:15:52 @multi_evo_agent_runner.py:99] Evaluation time: 2.38 s.
[20260603 22:15:52 @multi_evo_agent_runner.py:105] Total time:     147.33 min
[20260603 22:15:53 @multi_evo_agent_runner.py:115] Agent_0 gets eval reward: 616.97.
[20260603 22:15:53 @multi_evo_agent_runner.py:116] Agent_0 gets win rate: 0.56.
[20260603 22:15:53 @multi_evo_agent_runner.py:115] Agent_1 gets eval reward: 310.10.
[20260603 22:15:53 @multi_evo_agent_runner.py:116] Agent_1 gets win rate: 0.40.
[20260603 22:15:53 @multi_evo_agent_runner.py:79] #------------------------ Iteration 143 --------------------------#
[20260603 22:16:05 @multi_evo_agent_runner.py:85] Sampling 50000 steps by 12 slaves, spending 12.33 s.
[20260603 22:16:58 @multi_evo_agent_runner.py:94] Policy update, spending: 53.04 s.
[20260603 22:17:01 @multi_evo_agent_runner.py:99] Evaluation time: 2.49 s.
[20260603 22:17:01 @multi_evo_agent_runner.py:105] Total time:     148.46 min
[20260603 22:17:01 @multi_evo_agent_runner.py:115] Agent_0 gets eval reward: 842.43.
[20260603 22:17:01 @multi_evo_agent_runner.py:116] Agent_0 gets win rate: 0.61.
[20260603 22:17:01 @multi_evo_agent_runner.py:115] Agent_1 gets eval reward: 256.17.
[20260603 22:17:01 @multi_evo_agent_runner.py:116] Agent_1 gets win rate: 0.31.
[20260603 22:17:01 @multi_evo_agent_runner.py:79] #------------------------ Iteration 144 --------------------------#
[20260603 22:17:16 @multi_evo_agent_runner.py:85] Sampling 50000 steps by 12 slaves, spending 15.25 s.
[20260603 22:18:12 @multi_evo_agent_runner.py:94] Policy update, spending: 55.96 s.
[20260603 22:18:14 @multi_evo_agent_runner.py:99] Evaluation time: 2.23 s.
[20260603 22:18:14 @multi_evo_agent_runner.py:105] Total time:     149.69 min
[20260603 22:18:15 @multi_evo_agent_runner.py:115] Agent_0 gets eval reward: 1178.27.
[20260603 22:18:15 @multi_evo_agent_runner.py:116] Agent_0 gets win rate: 0.60.
[20260603 22:18:15 @multi_evo_agent_runner.py:115] Agent_1 gets eval reward: 514.66.
[20260603 22:18:15 @multi_evo_agent_runner.py:116] Agent_1 gets win rate: 0.33.
[20260603 22:18:15 @multi_evo_agent_runner.py:510] CRITICAL save best checkpoint with agent_0's rewards 1178.27!
[20260603 22:18:15 @multi_evo_agent_runner.py:79] #------------------------ Iteration 145 --------------------------#
[20260603 22:18:30 @multi_evo_agent_runner.py:85] Sampling 50000 steps by 12 slaves, spending 15.61 s.
[20260603 22:19:23 @multi_evo_agent_runner.py:94] Policy update, spending: 53.03 s.
[20260603 22:19:25 @multi_evo_agent_runner.py:99] Evaluation time: 1.95 s.
[20260603 22:19:25 @multi_evo_agent_runner.py:105] Total time:     150.87 min
[20260603 22:19:25 @multi_evo_agent_runner.py:115] Agent_0 gets eval reward: 644.19.
[20260603 22:19:25 @multi_evo_agent_runner.py:116] Agent_0 gets win rate: 0.71.
[20260603 22:19:25 @multi_evo_agent_runner.py:115] Agent_1 gets eval reward: 121.62.
[20260603 22:19:25 @multi_evo_agent_runner.py:116] Agent_1 gets win rate: 0.24.
[20260603 22:19:25 @multi_evo_agent_runner.py:510] CRITICAL save best checkpoint with agent_0's rewards 644.19!
[20260603 22:19:26 @multi_evo_agent_runner.py:79] #------------------------ Iteration 146 --------------------------#
[20260603 22:19:40 @multi_evo_agent_runner.py:85] Sampling 50000 steps by 12 slaves, spending 14.13 s.
[20260603 22:20:37 @multi_evo_agent_runner.py:94] Policy update, spending: 57.20 s.
[20260603 22:20:39 @multi_evo_agent_runner.py:99] Evaluation time: 2.02 s.
[20260603 22:20:39 @multi_evo_agent_runner.py:105] Total time:     152.10 min
[20260603 22:20:39 @multi_evo_agent_runner.py:115] Agent_0 gets eval reward: 714.02.
[20260603 22:20:39 @multi_evo_agent_runner.py:116] Agent_0 gets win rate: 0.54.
[20260603 22:20:39 @multi_evo_agent_runner.py:115] Agent_1 gets eval reward: 545.03.
[20260603 22:20:39 @multi_evo_agent_runner.py:116] Agent_1 gets win rate: 0.43.
[20260603 22:20:39 @multi_evo_agent_runner.py:510] CRITICAL save best checkpoint with agent_0's rewards 714.02!
[20260603 22:20:39 @multi_evo_agent_runner.py:79] #------------------------ Iteration 147 --------------------------#
[20260603 22:20:55 @multi_evo_agent_runner.py:85] Sampling 50000 steps by 12 slaves, spending 15.52 s.
[20260603 22:21:48 @multi_evo_agent_runner.py:94] Policy update, spending: 53.65 s.
[20260603 22:21:50 @multi_evo_agent_runner.py:99] Evaluation time: 2.03 s.
[20260603 22:21:50 @multi_evo_agent_runner.py:105] Total time:     153.29 min
[20260603 22:21:50 @multi_evo_agent_runner.py:115] Agent_0 gets eval reward: 986.16.
[20260603 22:21:50 @multi_evo_agent_runner.py:116] Agent_0 gets win rate: 0.62.
[20260603 22:21:50 @multi_evo_agent_runner.py:115] Agent_1 gets eval reward: 157.18.
[20260603 22:21:50 @multi_evo_agent_runner.py:116] Agent_1 gets win rate: 0.35.
[20260603 22:21:50 @multi_evo_agent_runner.py:510] CRITICAL save best checkpoint with agent_0's rewards 986.16!
[20260603 22:21:51 @multi_evo_agent_runner.py:79] #------------------------ Iteration 148 --------------------------#
[20260603 22:22:06 @multi_evo_agent_runner.py:85] Sampling 50000 steps by 12 slaves, spending 15.85 s.
[20260603 22:22:51 @multi_evo_agent_runner.py:94] Policy update, spending: 44.60 s.
[20260603 22:22:54 @multi_evo_agent_runner.py:99] Evaluation time: 2.56 s.
[20260603 22:22:54 @multi_evo_agent_runner.py:105] Total time:     154.34 min
[20260603 22:22:54 @multi_evo_agent_runner.py:115] Agent_0 gets eval reward: 900.98.
[20260603 22:22:54 @multi_evo_agent_runner.py:116] Agent_0 gets win rate: 0.57.
[20260603 22:22:54 @multi_evo_agent_runner.py:115] Agent_1 gets eval reward: 426.10.
[20260603 22:22:54 @multi_evo_agent_runner.py:116] Agent_1 gets win rate: 0.39.
[20260603 22:22:54 @multi_evo_agent_runner.py:79] #------------------------ Iteration 149 --------------------------#
[20260603 22:23:08 @multi_evo_agent_runner.py:85] Sampling 50000 steps by 12 slaves, spending 13.69 s.
[20260603 22:23:58 @multi_evo_agent_runner.py:94] Policy update, spending: 50.89 s.
[20260603 22:24:01 @multi_evo_agent_runner.py:99] Evaluation time: 2.32 s.
[20260603 22:24:01 @multi_evo_agent_runner.py:105] Total time:     155.46 min
[20260603 22:24:01 @multi_evo_agent_runner.py:115] Agent_0 gets eval reward: 813.17.
[20260603 22:24:01 @multi_evo_agent_runner.py:116] Agent_0 gets win rate: 0.59.
[20260603 22:24:01 @multi_evo_agent_runner.py:115] Agent_1 gets eval reward: 160.44.
[20260603 22:24:01 @multi_evo_agent_runner.py:116] Agent_1 gets win rate: 0.41.
[20260603 22:24:01 @multi_evo_agent_runner.py:79] #------------------------ Iteration 150 --------------------------#
[20260603 22:24:16 @multi_evo_agent_runner.py:85] Sampling 50000 steps by 12 slaves, spending 14.75 s.
[20260603 22:24:58 @multi_evo_agent_runner.py:94] Policy update, spending: 42.50 s.
[20260603 22:25:00 @multi_evo_agent_runner.py:99] Evaluation time: 2.25 s.
[20260603 22:25:00 @multi_evo_agent_runner.py:105] Total time:     156.46 min
[20260603 22:25:01 @multi_evo_agent_runner.py:115] Agent_0 gets eval reward: 1149.53.
[20260603 22:25:01 @multi_evo_agent_runner.py:116] Agent_0 gets win rate: 0.83.
[20260603 22:25:01 @multi_evo_agent_runner.py:115] Agent_1 gets eval reward: 167.48.
[20260603 22:25:01 @multi_evo_agent_runner.py:116] Agent_1 gets win rate: 0.17.
[20260603 22:25:01 @multi_evo_agent_runner.py:510] CRITICAL save best checkpoint with agent_0's rewards 1149.53!
[20260603 22:25:01 @multi_evo_agent_runner.py:79] #------------------------ Iteration 151 --------------------------#
[20260603 22:25:15 @multi_evo_agent_runner.py:85] Sampling 50000 steps by 12 slaves, spending 14.09 s.
[20260603 22:25:57 @multi_evo_agent_runner.py:94] Policy update, spending: 41.82 s.
[20260603 22:25:59 @multi_evo_agent_runner.py:99] Evaluation time: 2.69 s.
[20260603 22:25:59 @multi_evo_agent_runner.py:105] Total time:     157.44 min
[20260603 22:25:59 @multi_evo_agent_runner.py:115] Agent_0 gets eval reward: 714.60.
[20260603 22:25:59 @multi_evo_agent_runner.py:116] Agent_0 gets win rate: 0.56.
[20260603 22:25:59 @multi_evo_agent_runner.py:115] Agent_1 gets eval reward: 271.26.
[20260603 22:25:59 @multi_evo_agent_runner.py:116] Agent_1 gets win rate: 0.40.
[20260603 22:25:59 @multi_evo_agent_runner.py:79] #------------------------ Iteration 152 --------------------------#
[20260603 22:26:13 @multi_evo_agent_runner.py:85] Sampling 50000 steps by 12 slaves, spending 13.19 s.
[20260603 22:26:59 @multi_evo_agent_runner.py:94] Policy update, spending: 45.95 s.
[20260603 22:27:01 @multi_evo_agent_runner.py:99] Evaluation time: 2.47 s.
[20260603 22:27:01 @multi_evo_agent_runner.py:105] Total time:     158.47 min
[20260603 22:27:01 @multi_evo_agent_runner.py:115] Agent_0 gets eval reward: 619.67.
[20260603 22:27:01 @multi_evo_agent_runner.py:116] Agent_0 gets win rate: 0.67.
[20260603 22:27:01 @multi_evo_agent_runner.py:115] Agent_1 gets eval reward: 38.66.
[20260603 22:27:01 @multi_evo_agent_runner.py:116] Agent_1 gets win rate: 0.31.
[20260603 22:27:01 @multi_evo_agent_runner.py:79] #------------------------ Iteration 153 --------------------------#
[20260603 22:27:15 @multi_evo_agent_runner.py:85] Sampling 50000 steps by 12 slaves, spending 13.88 s.
[20260603 22:28:09 @multi_evo_agent_runner.py:94] Policy update, spending: 53.53 s.
[20260603 22:28:11 @multi_evo_agent_runner.py:99] Evaluation time: 2.10 s.
[20260603 22:28:11 @multi_evo_agent_runner.py:105] Total time:     159.63 min
[20260603 22:28:11 @multi_evo_agent_runner.py:115] Agent_0 gets eval reward: 777.84.
[20260603 22:28:11 @multi_evo_agent_runner.py:116] Agent_0 gets win rate: 0.57.
[20260603 22:28:11 @multi_evo_agent_runner.py:115] Agent_1 gets eval reward: 418.81.
[20260603 22:28:11 @multi_evo_agent_runner.py:116] Agent_1 gets win rate: 0.35.
[20260603 22:28:11 @multi_evo_agent_runner.py:79] #------------------------ Iteration 154 --------------------------#
[20260603 22:28:25 @multi_evo_agent_runner.py:85] Sampling 50000 steps by 12 slaves, spending 14.42 s.
[20260603 22:29:15 @multi_evo_agent_runner.py:94] Policy update, spending: 49.72 s.
[20260603 22:29:17 @multi_evo_agent_runner.py:99] Evaluation time: 2.12 s.
[20260603 22:29:17 @multi_evo_agent_runner.py:105] Total time:     160.74 min
[20260603 22:29:17 @multi_evo_agent_runner.py:115] Agent_0 gets eval reward: 810.92.
[20260603 22:29:17 @multi_evo_agent_runner.py:116] Agent_0 gets win rate: 0.73.
[20260603 22:29:17 @multi_evo_agent_runner.py:115] Agent_1 gets eval reward: 250.03.
[20260603 22:29:17 @multi_evo_agent_runner.py:116] Agent_1 gets win rate: 0.25.
[20260603 22:29:17 @multi_evo_agent_runner.py:79] #------------------------ Iteration 155 --------------------------#
[20260603 22:29:33 @multi_evo_agent_runner.py:85] Sampling 50000 steps by 12 slaves, spending 15.43 s.
[20260603 22:30:13 @multi_evo_agent_runner.py:94] Policy update, spending: 40.60 s.
[20260603 22:30:15 @multi_evo_agent_runner.py:99] Evaluation time: 1.92 s.
[20260603 22:30:15 @multi_evo_agent_runner.py:105] Total time:     161.70 min
[20260603 22:30:15 @multi_evo_agent_runner.py:115] Agent_0 gets eval reward: 794.73.
[20260603 22:30:15 @multi_evo_agent_runner.py:116] Agent_0 gets win rate: 0.60.
[20260603 22:30:15 @multi_evo_agent_runner.py:115] Agent_1 gets eval reward: 406.93.
[20260603 22:30:15 @multi_evo_agent_runner.py:116] Agent_1 gets win rate: 0.36.
[20260603 22:30:15 @multi_evo_agent_runner.py:79] #------------------------ Iteration 156 --------------------------#
[20260603 22:30:31 @multi_evo_agent_runner.py:85] Sampling 50000 steps by 12 slaves, spending 15.39 s.
[20260603 22:31:14 @multi_evo_agent_runner.py:94] Policy update, spending: 43.45 s.
[20260603 22:31:16 @multi_evo_agent_runner.py:99] Evaluation time: 2.05 s.
[20260603 22:31:16 @multi_evo_agent_runner.py:105] Total time:     162.72 min
[20260603 22:31:16 @multi_evo_agent_runner.py:115] Agent_0 gets eval reward: 917.46.
[20260603 22:31:16 @multi_evo_agent_runner.py:116] Agent_0 gets win rate: 0.58.
[20260603 22:31:16 @multi_evo_agent_runner.py:115] Agent_1 gets eval reward: 262.72.
[20260603 22:31:16 @multi_evo_agent_runner.py:116] Agent_1 gets win rate: 0.42.
[20260603 22:31:17 @multi_evo_agent_runner.py:79] #------------------------ Iteration 157 --------------------------#
[20260603 22:31:33 @multi_evo_agent_runner.py:85] Sampling 50000 steps by 12 slaves, spending 16.09 s.
[20260603 22:32:20 @multi_evo_agent_runner.py:94] Policy update, spending: 47.81 s.
[20260603 22:32:23 @multi_evo_agent_runner.py:99] Evaluation time: 2.31 s.
[20260603 22:32:23 @multi_evo_agent_runner.py:105] Total time:     163.83 min
[20260603 22:32:23 @multi_evo_agent_runner.py:115] Agent_0 gets eval reward: 865.60.
[20260603 22:32:23 @multi_evo_agent_runner.py:116] Agent_0 gets win rate: 0.68.
[20260603 22:32:23 @multi_evo_agent_runner.py:115] Agent_1 gets eval reward: 125.63.
[20260603 22:32:23 @multi_evo_agent_runner.py:116] Agent_1 gets win rate: 0.32.
[20260603 22:32:23 @multi_evo_agent_runner.py:79] #------------------------ Iteration 158 --------------------------#
[20260603 22:32:39 @multi_evo_agent_runner.py:85] Sampling 50000 steps by 12 slaves, spending 15.87 s.
[20260603 22:33:28 @multi_evo_agent_runner.py:94] Policy update, spending: 49.53 s.
[20260603 22:33:30 @multi_evo_agent_runner.py:99] Evaluation time: 2.09 s.
[20260603 22:33:30 @multi_evo_agent_runner.py:105] Total time:     164.96 min
[20260603 22:33:31 @multi_evo_agent_runner.py:115] Agent_0 gets eval reward: 395.55.
[20260603 22:33:31 @multi_evo_agent_runner.py:116] Agent_0 gets win rate: 0.68.
[20260603 22:33:31 @multi_evo_agent_runner.py:115] Agent_1 gets eval reward: 6.25.
[20260603 22:33:31 @multi_evo_agent_runner.py:116] Agent_1 gets win rate: 0.32.
[20260603 22:33:31 @multi_evo_agent_runner.py:79] #------------------------ Iteration 159 --------------------------#
[20260603 22:33:47 @multi_evo_agent_runner.py:85] Sampling 50000 steps by 12 slaves, spending 15.90 s.
[20260603 22:34:43 @multi_evo_agent_runner.py:94] Policy update, spending: 56.33 s.
[20260603 22:34:45 @multi_evo_agent_runner.py:99] Evaluation time: 2.22 s.
[20260603 22:34:45 @multi_evo_agent_runner.py:105] Total time:     166.20 min
[20260603 22:34:45 @multi_evo_agent_runner.py:115] Agent_0 gets eval reward: 680.22.
[20260603 22:34:45 @multi_evo_agent_runner.py:116] Agent_0 gets win rate: 0.75.
[20260603 22:34:45 @multi_evo_agent_runner.py:115] Agent_1 gets eval reward: -71.38.
[20260603 22:34:45 @multi_evo_agent_runner.py:116] Agent_1 gets win rate: 0.20.
[20260603 22:34:45 @multi_evo_agent_runner.py:79] #------------------------ Iteration 160 --------------------------#
[20260603 22:35:00 @multi_evo_agent_runner.py:85] Sampling 50000 steps by 12 slaves, spending 15.00 s.
[20260603 22:35:58 @multi_evo_agent_runner.py:94] Policy update, spending: 58.02 s.
[20260603 22:36:00 @multi_evo_agent_runner.py:99] Evaluation time: 1.98 s.
[20260603 22:36:00 @multi_evo_agent_runner.py:105] Total time:     167.45 min
[20260603 22:36:00 @multi_evo_agent_runner.py:115] Agent_0 gets eval reward: 772.52.
[20260603 22:36:00 @multi_evo_agent_runner.py:116] Agent_0 gets win rate: 0.72.
[20260603 22:36:00 @multi_evo_agent_runner.py:115] Agent_1 gets eval reward: 352.31.
[20260603 22:36:00 @multi_evo_agent_runner.py:116] Agent_1 gets win rate: 0.24.
[20260603 22:36:00 @multi_evo_agent_runner.py:79] #------------------------ Iteration 161 --------------------------#
[20260603 22:36:15 @multi_evo_agent_runner.py:85] Sampling 50000 steps by 12 slaves, spending 14.58 s.
[20260603 22:37:07 @multi_evo_agent_runner.py:94] Policy update, spending: 51.53 s.
[20260603 22:37:09 @multi_evo_agent_runner.py:99] Evaluation time: 2.16 s.
[20260603 22:37:09 @multi_evo_agent_runner.py:105] Total time:     168.60 min
[20260603 22:37:09 @multi_evo_agent_runner.py:115] Agent_0 gets eval reward: 846.35.
[20260603 22:37:09 @multi_evo_agent_runner.py:116] Agent_0 gets win rate: 0.81.
[20260603 22:37:09 @multi_evo_agent_runner.py:115] Agent_1 gets eval reward: -147.47.
[20260603 22:37:09 @multi_evo_agent_runner.py:116] Agent_1 gets win rate: 0.19.
[20260603 22:37:09 @multi_evo_agent_runner.py:79] #------------------------ Iteration 162 --------------------------#
[20260603 22:37:25 @multi_evo_agent_runner.py:85] Sampling 50000 steps by 12 slaves, spending 15.66 s.
[20260603 22:38:16 @multi_evo_agent_runner.py:94] Policy update, spending: 51.65 s.
[20260603 22:38:18 @multi_evo_agent_runner.py:99] Evaluation time: 1.81 s.
[20260603 22:38:18 @multi_evo_agent_runner.py:105] Total time:     169.75 min
[20260603 22:38:18 @multi_evo_agent_runner.py:115] Agent_0 gets eval reward: 1055.79.
[20260603 22:38:18 @multi_evo_agent_runner.py:116] Agent_0 gets win rate: 0.62.
[20260603 22:38:18 @multi_evo_agent_runner.py:115] Agent_1 gets eval reward: 245.01.
[20260603 22:38:18 @multi_evo_agent_runner.py:116] Agent_1 gets win rate: 0.33.
[20260603 22:38:18 @multi_evo_agent_runner.py:79] #------------------------ Iteration 163 --------------------------#
[20260603 22:38:33 @multi_evo_agent_runner.py:85] Sampling 50000 steps by 12 slaves, spending 14.36 s.
[20260603 22:39:19 @multi_evo_agent_runner.py:94] Policy update, spending: 46.12 s.
[20260603 22:39:20 @multi_evo_agent_runner.py:99] Evaluation time: 1.73 s.
[20260603 22:39:20 @multi_evo_agent_runner.py:105] Total time:     170.79 min
[20260603 22:39:21 @multi_evo_agent_runner.py:115] Agent_0 gets eval reward: 809.45.
[20260603 22:39:21 @multi_evo_agent_runner.py:116] Agent_0 gets win rate: 0.62.
[20260603 22:39:21 @multi_evo_agent_runner.py:115] Agent_1 gets eval reward: 260.09.
[20260603 22:39:21 @multi_evo_agent_runner.py:116] Agent_1 gets win rate: 0.34.
[20260603 22:39:21 @multi_evo_agent_runner.py:79] #------------------------ Iteration 164 --------------------------#
[20260603 22:39:36 @multi_evo_agent_runner.py:85] Sampling 50000 steps by 12 slaves, spending 15.79 s.
[20260603 22:40:24 @multi_evo_agent_runner.py:94] Policy update, spending: 47.26 s.
[20260603 22:40:26 @multi_evo_agent_runner.py:99] Evaluation time: 2.31 s.
[20260603 22:40:26 @multi_evo_agent_runner.py:105] Total time:     171.88 min
[20260603 22:40:26 @multi_evo_agent_runner.py:115] Agent_0 gets eval reward: 732.91.
[20260603 22:40:26 @multi_evo_agent_runner.py:116] Agent_0 gets win rate: 0.57.
[20260603 22:40:26 @multi_evo_agent_runner.py:115] Agent_1 gets eval reward: 286.55.
[20260603 22:40:26 @multi_evo_agent_runner.py:116] Agent_1 gets win rate: 0.36.
[20260603 22:40:26 @multi_evo_agent_runner.py:79] #------------------------ Iteration 165 --------------------------#
[20260603 22:40:41 @multi_evo_agent_runner.py:85] Sampling 50000 steps by 12 slaves, spending 14.77 s.
[20260603 22:41:33 @multi_evo_agent_runner.py:94] Policy update, spending: 51.62 s.
[20260603 22:41:35 @multi_evo_agent_runner.py:99] Evaluation time: 2.07 s.
[20260603 22:41:35 @multi_evo_agent_runner.py:105] Total time:     173.03 min
[20260603 22:41:35 @multi_evo_agent_runner.py:115] Agent_0 gets eval reward: 1147.03.
[20260603 22:41:35 @multi_evo_agent_runner.py:116] Agent_0 gets win rate: 0.60.
[20260603 22:41:35 @multi_evo_agent_runner.py:115] Agent_1 gets eval reward: 225.95.
[20260603 22:41:35 @multi_evo_agent_runner.py:116] Agent_1 gets win rate: 0.29.
[20260603 22:41:35 @multi_evo_agent_runner.py:79] #------------------------ Iteration 166 --------------------------#
[20260603 22:41:49 @multi_evo_agent_runner.py:85] Sampling 50000 steps by 12 slaves, spending 14.64 s.
[20260603 22:42:48 @multi_evo_agent_runner.py:94] Policy update, spending: 58.24 s.
[20260603 22:42:50 @multi_evo_agent_runner.py:99] Evaluation time: 2.14 s.
[20260603 22:42:50 @multi_evo_agent_runner.py:105] Total time:     174.28 min
[20260603 22:42:50 @multi_evo_agent_runner.py:115] Agent_0 gets eval reward: 760.45.
[20260603 22:42:50 @multi_evo_agent_runner.py:116] Agent_0 gets win rate: 0.55.
[20260603 22:42:50 @multi_evo_agent_runner.py:115] Agent_1 gets eval reward: 256.25.
[20260603 22:42:50 @multi_evo_agent_runner.py:116] Agent_1 gets win rate: 0.42.
[20260603 22:42:50 @multi_evo_agent_runner.py:79] #------------------------ Iteration 167 --------------------------#
[20260603 22:43:06 @multi_evo_agent_runner.py:85] Sampling 50000 steps by 12 slaves, spending 15.47 s.
[20260603 22:43:53 @multi_evo_agent_runner.py:94] Policy update, spending: 47.21 s.
[20260603 22:43:55 @multi_evo_agent_runner.py:99] Evaluation time: 2.71 s.
[20260603 22:43:55 @multi_evo_agent_runner.py:105] Total time:     175.37 min
[20260603 22:43:56 @multi_evo_agent_runner.py:115] Agent_0 gets eval reward: 810.72.
[20260603 22:43:56 @multi_evo_agent_runner.py:116] Agent_0 gets win rate: 0.63.
[20260603 22:43:56 @multi_evo_agent_runner.py:115] Agent_1 gets eval reward: 76.59.
[20260603 22:43:56 @multi_evo_agent_runner.py:116] Agent_1 gets win rate: 0.33.
[20260603 22:43:56 @multi_evo_agent_runner.py:79] #------------------------ Iteration 168 --------------------------#
[20260603 22:44:11 @multi_evo_agent_runner.py:85] Sampling 50000 steps by 12 slaves, spending 14.76 s.
[20260603 22:44:53 @multi_evo_agent_runner.py:94] Policy update, spending: 42.31 s.
[20260603 22:44:55 @multi_evo_agent_runner.py:99] Evaluation time: 2.27 s.
[20260603 22:44:55 @multi_evo_agent_runner.py:105] Total time:     176.37 min
[20260603 22:44:55 @multi_evo_agent_runner.py:115] Agent_0 gets eval reward: 820.05.
[20260603 22:44:55 @multi_evo_agent_runner.py:116] Agent_0 gets win rate: 0.75.
[20260603 22:44:55 @multi_evo_agent_runner.py:115] Agent_1 gets eval reward: 104.22.
[20260603 22:44:55 @multi_evo_agent_runner.py:116] Agent_1 gets win rate: 0.25.
[20260603 22:44:55 @multi_evo_agent_runner.py:79] #------------------------ Iteration 169 --------------------------#
[20260603 22:45:09 @multi_evo_agent_runner.py:85] Sampling 50000 steps by 12 slaves, spending 13.38 s.
[20260603 22:45:51 @multi_evo_agent_runner.py:94] Policy update, spending: 42.61 s.
[20260603 22:45:54 @multi_evo_agent_runner.py:99] Evaluation time: 2.38 s.
[20260603 22:45:54 @multi_evo_agent_runner.py:105] Total time:     177.35 min
[20260603 22:45:54 @multi_evo_agent_runner.py:115] Agent_0 gets eval reward: 912.99.
[20260603 22:45:54 @multi_evo_agent_runner.py:116] Agent_0 gets win rate: 0.62.
[20260603 22:45:54 @multi_evo_agent_runner.py:115] Agent_1 gets eval reward: 221.38.
[20260603 22:45:54 @multi_evo_agent_runner.py:116] Agent_1 gets win rate: 0.36.
[20260603 22:45:54 @multi_evo_agent_runner.py:79] #------------------------ Iteration 170 --------------------------#
[20260603 22:46:08 @multi_evo_agent_runner.py:85] Sampling 50000 steps by 12 slaves, spending 13.57 s.
[20260603 22:46:47 @multi_evo_agent_runner.py:94] Policy update, spending: 39.29 s.
[20260603 22:46:49 @multi_evo_agent_runner.py:99] Evaluation time: 2.20 s.
[20260603 22:46:49 @multi_evo_agent_runner.py:105] Total time:     178.27 min
[20260603 22:46:49 @multi_evo_agent_runner.py:115] Agent_0 gets eval reward: 989.34.
[20260603 22:46:49 @multi_evo_agent_runner.py:116] Agent_0 gets win rate: 0.50.
[20260603 22:46:49 @multi_evo_agent_runner.py:115] Agent_1 gets eval reward: 511.82.
[20260603 22:46:49 @multi_evo_agent_runner.py:116] Agent_1 gets win rate: 0.46.
[20260603 22:46:49 @multi_evo_agent_runner.py:79] #------------------------ Iteration 171 --------------------------#
[20260603 22:47:03 @multi_evo_agent_runner.py:85] Sampling 50000 steps by 12 slaves, spending 14.25 s.
[20260603 22:47:44 @multi_evo_agent_runner.py:94] Policy update, spending: 40.28 s.
[20260603 22:47:46 @multi_evo_agent_runner.py:99] Evaluation time: 2.53 s.
[20260603 22:47:46 @multi_evo_agent_runner.py:105] Total time:     179.22 min
[20260603 22:47:46 @multi_evo_agent_runner.py:115] Agent_0 gets eval reward: 988.77.
[20260603 22:47:46 @multi_evo_agent_runner.py:116] Agent_0 gets win rate: 0.62.
[20260603 22:47:46 @multi_evo_agent_runner.py:115] Agent_1 gets eval reward: 457.92.
[20260603 22:47:46 @multi_evo_agent_runner.py:116] Agent_1 gets win rate: 0.35.
[20260603 22:47:47 @multi_evo_agent_runner.py:79] #------------------------ Iteration 172 --------------------------#
[20260603 22:48:01 @multi_evo_agent_runner.py:85] Sampling 50000 steps by 12 slaves, spending 14.55 s.
[20260603 22:48:40 @multi_evo_agent_runner.py:94] Policy update, spending: 39.13 s.
[20260603 22:48:42 @multi_evo_agent_runner.py:99] Evaluation time: 2.22 s.
[20260603 22:48:42 @multi_evo_agent_runner.py:105] Total time:     180.16 min
[20260603 22:48:43 @multi_evo_agent_runner.py:115] Agent_0 gets eval reward: 1029.10.
[20260603 22:48:43 @multi_evo_agent_runner.py:116] Agent_0 gets win rate: 0.71.
[20260603 22:48:43 @multi_evo_agent_runner.py:115] Agent_1 gets eval reward: 382.31.
[20260603 22:48:43 @multi_evo_agent_runner.py:116] Agent_1 gets win rate: 0.27.
[20260603 22:48:43 @multi_evo_agent_runner.py:79] #------------------------ Iteration 173 --------------------------#
[20260603 22:48:54 @multi_evo_agent_runner.py:85] Sampling 50000 steps by 12 slaves, spending 11.53 s.
[20260603 22:49:41 @multi_evo_agent_runner.py:94] Policy update, spending: 47.30 s.
[20260603 22:49:44 @multi_evo_agent_runner.py:99] Evaluation time: 2.53 s.
[20260603 22:49:44 @multi_evo_agent_runner.py:105] Total time:     181.18 min
[20260603 22:49:44 @multi_evo_agent_runner.py:115] Agent_0 gets eval reward: 1280.28.
[20260603 22:49:44 @multi_evo_agent_runner.py:116] Agent_0 gets win rate: 0.78.
[20260603 22:49:44 @multi_evo_agent_runner.py:115] Agent_1 gets eval reward: 417.90.
[20260603 22:49:44 @multi_evo_agent_runner.py:116] Agent_1 gets win rate: 0.15.
[20260603 22:49:44 @multi_evo_agent_runner.py:510] CRITICAL save best checkpoint with agent_0's rewards 1280.28!
[20260603 22:49:44 @multi_evo_agent_runner.py:79] #------------------------ Iteration 174 --------------------------#
[20260603 22:49:59 @multi_evo_agent_runner.py:85] Sampling 50000 steps by 12 slaves, spending 14.44 s.
[20260603 22:50:43 @multi_evo_agent_runner.py:94] Policy update, spending: 44.35 s.
[20260603 22:50:46 @multi_evo_agent_runner.py:99] Evaluation time: 2.69 s.
[20260603 22:50:46 @multi_evo_agent_runner.py:105] Total time:     182.21 min
[20260603 22:50:46 @multi_evo_agent_runner.py:115] Agent_0 gets eval reward: 738.17.
[20260603 22:50:46 @multi_evo_agent_runner.py:116] Agent_0 gets win rate: 0.69.
[20260603 22:50:46 @multi_evo_agent_runner.py:115] Agent_1 gets eval reward: 268.31.
[20260603 22:50:46 @multi_evo_agent_runner.py:116] Agent_1 gets win rate: 0.24.
[20260603 22:50:46 @multi_evo_agent_runner.py:79] #------------------------ Iteration 175 --------------------------#
[20260603 22:50:59 @multi_evo_agent_runner.py:85] Sampling 50000 steps by 12 slaves, spending 13.17 s.
[20260603 22:51:52 @multi_evo_agent_runner.py:94] Policy update, spending: 52.68 s.
[20260603 22:51:54 @multi_evo_agent_runner.py:99] Evaluation time: 2.06 s.
[20260603 22:51:54 @multi_evo_agent_runner.py:105] Total time:     183.35 min
[20260603 22:51:54 @multi_evo_agent_runner.py:115] Agent_0 gets eval reward: 833.50.
[20260603 22:51:54 @multi_evo_agent_runner.py:116] Agent_0 gets win rate: 0.73.
[20260603 22:51:54 @multi_evo_agent_runner.py:115] Agent_1 gets eval reward: 135.26.
[20260603 22:51:54 @multi_evo_agent_runner.py:116] Agent_1 gets win rate: 0.22.
[20260603 22:51:54 @multi_evo_agent_runner.py:79] #------------------------ Iteration 176 --------------------------#
[20260603 22:52:09 @multi_evo_agent_runner.py:85] Sampling 50000 steps by 12 slaves, spending 14.82 s.
[20260603 22:53:06 @multi_evo_agent_runner.py:94] Policy update, spending: 57.34 s.
[20260603 22:53:08 @multi_evo_agent_runner.py:99] Evaluation time: 1.90 s.
[20260603 22:53:08 @multi_evo_agent_runner.py:105] Total time:     184.59 min
[20260603 22:53:08 @multi_evo_agent_runner.py:115] Agent_0 gets eval reward: 722.74.
[20260603 22:53:08 @multi_evo_agent_runner.py:116] Agent_0 gets win rate: 0.63.
[20260603 22:53:08 @multi_evo_agent_runner.py:115] Agent_1 gets eval reward: 204.90.
[20260603 22:53:08 @multi_evo_agent_runner.py:116] Agent_1 gets win rate: 0.37.
[20260603 22:53:08 @multi_evo_agent_runner.py:79] #------------------------ Iteration 177 --------------------------#
[20260603 22:53:24 @multi_evo_agent_runner.py:85] Sampling 50000 steps by 12 slaves, spending 15.35 s.
[20260603 22:54:18 @multi_evo_agent_runner.py:94] Policy update, spending: 53.89 s.
[20260603 22:54:20 @multi_evo_agent_runner.py:99] Evaluation time: 1.97 s.
[20260603 22:54:20 @multi_evo_agent_runner.py:105] Total time:     185.78 min
[20260603 22:54:20 @multi_evo_agent_runner.py:115] Agent_0 gets eval reward: 767.84.
[20260603 22:54:20 @multi_evo_agent_runner.py:116] Agent_0 gets win rate: 0.56.
[20260603 22:54:20 @multi_evo_agent_runner.py:115] Agent_1 gets eval reward: 387.56.
[20260603 22:54:20 @multi_evo_agent_runner.py:116] Agent_1 gets win rate: 0.38.
[20260603 22:54:20 @multi_evo_agent_runner.py:79] #------------------------ Iteration 178 --------------------------#
[20260603 22:54:36 @multi_evo_agent_runner.py:85] Sampling 50000 steps by 12 slaves, spending 16.01 s.
[20260603 22:55:35 @multi_evo_agent_runner.py:94] Policy update, spending: 59.04 s.
[20260603 22:55:37 @multi_evo_agent_runner.py:99] Evaluation time: 1.85 s.
[20260603 22:55:37 @multi_evo_agent_runner.py:105] Total time:     187.06 min
[20260603 22:55:37 @multi_evo_agent_runner.py:115] Agent_0 gets eval reward: 803.46.
[20260603 22:55:37 @multi_evo_agent_runner.py:116] Agent_0 gets win rate: 0.70.
[20260603 22:55:37 @multi_evo_agent_runner.py:115] Agent_1 gets eval reward: 69.38.
[20260603 22:55:37 @multi_evo_agent_runner.py:116] Agent_1 gets win rate: 0.30.
[20260603 22:55:37 @multi_evo_agent_runner.py:79] #------------------------ Iteration 179 --------------------------#
[20260603 22:55:53 @multi_evo_agent_runner.py:85] Sampling 50000 steps by 12 slaves, spending 15.56 s.
[20260603 22:56:43 @multi_evo_agent_runner.py:94] Policy update, spending: 50.85 s.
[20260603 22:56:46 @multi_evo_agent_runner.py:99] Evaluation time: 2.40 s.
[20260603 22:56:46 @multi_evo_agent_runner.py:105] Total time:     188.21 min
[20260603 22:56:46 @multi_evo_agent_runner.py:115] Agent_0 gets eval reward: 1005.21.
[20260603 22:56:46 @multi_evo_agent_runner.py:116] Agent_0 gets win rate: 0.67.
[20260603 22:56:46 @multi_evo_agent_runner.py:115] Agent_1 gets eval reward: 277.77.
[20260603 22:56:46 @multi_evo_agent_runner.py:116] Agent_1 gets win rate: 0.28.
[20260603 22:56:46 @multi_evo_agent_runner.py:79] #------------------------ Iteration 180 --------------------------#
[20260603 22:57:01 @multi_evo_agent_runner.py:85] Sampling 50000 steps by 12 slaves, spending 14.85 s.
[20260603 22:57:56 @multi_evo_agent_runner.py:94] Policy update, spending: 55.18 s.
[20260603 22:57:58 @multi_evo_agent_runner.py:99] Evaluation time: 1.66 s.
[20260603 22:57:58 @multi_evo_agent_runner.py:105] Total time:     189.41 min
[20260603 22:57:58 @multi_evo_agent_runner.py:115] Agent_0 gets eval reward: 850.25.
[20260603 22:57:58 @multi_evo_agent_runner.py:116] Agent_0 gets win rate: 0.52.
[20260603 22:57:58 @multi_evo_agent_runner.py:115] Agent_1 gets eval reward: 269.94.
[20260603 22:57:58 @multi_evo_agent_runner.py:116] Agent_1 gets win rate: 0.43.
[20260603 22:57:58 @multi_evo_agent_runner.py:79] #------------------------ Iteration 181 --------------------------#
[20260603 22:58:13 @multi_evo_agent_runner.py:85] Sampling 50000 steps by 12 slaves, spending 14.81 s.
[20260603 22:59:03 @multi_evo_agent_runner.py:94] Policy update, spending: 50.45 s.
[20260603 22:59:05 @multi_evo_agent_runner.py:99] Evaluation time: 2.09 s.
[20260603 22:59:05 @multi_evo_agent_runner.py:105] Total time:     190.54 min
[20260603 22:59:05 @multi_evo_agent_runner.py:115] Agent_0 gets eval reward: 889.68.
[20260603 22:59:05 @multi_evo_agent_runner.py:116] Agent_0 gets win rate: 0.74.
[20260603 22:59:05 @multi_evo_agent_runner.py:115] Agent_1 gets eval reward: 134.48.
[20260603 22:59:05 @multi_evo_agent_runner.py:116] Agent_1 gets win rate: 0.26.
[20260603 22:59:06 @multi_evo_agent_runner.py:79] #------------------------ Iteration 182 --------------------------#
[20260603 22:59:21 @multi_evo_agent_runner.py:85] Sampling 50000 steps by 12 slaves, spending 15.59 s.
[20260603 23:00:13 @multi_evo_agent_runner.py:94] Policy update, spending: 52.15 s.
[20260603 23:00:15 @multi_evo_agent_runner.py:99] Evaluation time: 2.09 s.
[20260603 23:00:15 @multi_evo_agent_runner.py:105] Total time:     191.71 min
[20260603 23:00:15 @multi_evo_agent_runner.py:115] Agent_0 gets eval reward: 336.53.
[20260603 23:00:15 @multi_evo_agent_runner.py:116] Agent_0 gets win rate: 0.51.
[20260603 23:00:15 @multi_evo_agent_runner.py:115] Agent_1 gets eval reward: 367.89.
[20260603 23:00:15 @multi_evo_agent_runner.py:116] Agent_1 gets win rate: 0.47.
[20260603 23:00:16 @multi_evo_agent_runner.py:79] #------------------------ Iteration 183 --------------------------#
[20260603 23:00:32 @multi_evo_agent_runner.py:85] Sampling 50000 steps by 12 slaves, spending 15.98 s.
[20260603 23:01:23 @multi_evo_agent_runner.py:94] Policy update, spending: 51.23 s.
[20260603 23:01:25 @multi_evo_agent_runner.py:99] Evaluation time: 2.25 s.
[20260603 23:01:25 @multi_evo_agent_runner.py:105] Total time:     192.87 min
[20260603 23:01:25 @multi_evo_agent_runner.py:115] Agent_0 gets eval reward: 720.91.
[20260603 23:01:25 @multi_evo_agent_runner.py:116] Agent_0 gets win rate: 0.67.
[20260603 23:01:25 @multi_evo_agent_runner.py:115] Agent_1 gets eval reward: 46.71.
[20260603 23:01:25 @multi_evo_agent_runner.py:116] Agent_1 gets win rate: 0.32.
[20260603 23:01:25 @multi_evo_agent_runner.py:79] #------------------------ Iteration 184 --------------------------#
[20260603 23:01:40 @multi_evo_agent_runner.py:85] Sampling 50000 steps by 12 slaves, spending 14.81 s.
[20260603 23:02:19 @multi_evo_agent_runner.py:94] Policy update, spending: 38.70 s.
[20260603 23:02:20 @multi_evo_agent_runner.py:99] Evaluation time: 1.75 s.
[20260603 23:02:20 @multi_evo_agent_runner.py:105] Total time:     193.79 min
[20260603 23:02:21 @multi_evo_agent_runner.py:115] Agent_0 gets eval reward: 925.89.
[20260603 23:02:21 @multi_evo_agent_runner.py:116] Agent_0 gets win rate: 0.70.
[20260603 23:02:21 @multi_evo_agent_runner.py:115] Agent_1 gets eval reward: 86.42.
[20260603 23:02:21 @multi_evo_agent_runner.py:116] Agent_1 gets win rate: 0.30.
[20260603 23:02:21 @multi_evo_agent_runner.py:79] #------------------------ Iteration 185 --------------------------#
[20260603 23:02:36 @multi_evo_agent_runner.py:85] Sampling 50000 steps by 12 slaves, spending 15.16 s.
[20260603 23:03:15 @multi_evo_agent_runner.py:94] Policy update, spending: 39.43 s.
[20260603 23:03:17 @multi_evo_agent_runner.py:99] Evaluation time: 2.09 s.
[20260603 23:03:17 @multi_evo_agent_runner.py:105] Total time:     194.74 min
[20260603 23:03:17 @multi_evo_agent_runner.py:115] Agent_0 gets eval reward: 817.14.
[20260603 23:03:17 @multi_evo_agent_runner.py:116] Agent_0 gets win rate: 0.58.
[20260603 23:03:17 @multi_evo_agent_runner.py:115] Agent_1 gets eval reward: 70.82.
[20260603 23:03:17 @multi_evo_agent_runner.py:116] Agent_1 gets win rate: 0.37.
[20260603 23:03:17 @multi_evo_agent_runner.py:79] #------------------------ Iteration 186 --------------------------#
[20260603 23:03:34 @multi_evo_agent_runner.py:85] Sampling 50000 steps by 12 slaves, spending 16.10 s.
[20260603 23:04:27 @multi_evo_agent_runner.py:94] Policy update, spending: 53.06 s.
[20260603 23:04:29 @multi_evo_agent_runner.py:99] Evaluation time: 2.36 s.
[20260603 23:04:29 @multi_evo_agent_runner.py:105] Total time:     195.93 min
[20260603 23:04:29 @multi_evo_agent_runner.py:115] Agent_0 gets eval reward: 1029.80.
[20260603 23:04:29 @multi_evo_agent_runner.py:116] Agent_0 gets win rate: 0.58.
[20260603 23:04:29 @multi_evo_agent_runner.py:115] Agent_1 gets eval reward: 387.02.
[20260603 23:04:29 @multi_evo_agent_runner.py:116] Agent_1 gets win rate: 0.33.
[20260603 23:04:29 @multi_evo_agent_runner.py:79] #------------------------ Iteration 187 --------------------------#
[20260603 23:04:45 @multi_evo_agent_runner.py:85] Sampling 50000 steps by 12 slaves, spending 16.21 s.
[20260603 23:05:39 @multi_evo_agent_runner.py:94] Policy update, spending: 53.10 s.
[20260603 23:05:40 @multi_evo_agent_runner.py:99] Evaluation time: 1.95 s.
[20260603 23:05:40 @multi_evo_agent_runner.py:105] Total time:     197.13 min
[20260603 23:05:41 @multi_evo_agent_runner.py:115] Agent_0 gets eval reward: 1081.68.
[20260603 23:05:41 @multi_evo_agent_runner.py:116] Agent_0 gets win rate: 0.61.
[20260603 23:05:41 @multi_evo_agent_runner.py:115] Agent_1 gets eval reward: 462.86.
[20260603 23:05:41 @multi_evo_agent_runner.py:116] Agent_1 gets win rate: 0.35.
[20260603 23:05:41 @multi_evo_agent_runner.py:79] #------------------------ Iteration 188 --------------------------#
[20260603 23:05:56 @multi_evo_agent_runner.py:85] Sampling 50000 steps by 12 slaves, spending 15.76 s.
[20260603 23:06:46 @multi_evo_agent_runner.py:94] Policy update, spending: 50.00 s.
[20260603 23:06:49 @multi_evo_agent_runner.py:99] Evaluation time: 2.88 s.
[20260603 23:06:49 @multi_evo_agent_runner.py:105] Total time:     198.27 min
[20260603 23:06:50 @multi_evo_agent_runner.py:115] Agent_0 gets eval reward: 365.94.
[20260603 23:06:50 @multi_evo_agent_runner.py:116] Agent_0 gets win rate: 0.54.
[20260603 23:06:50 @multi_evo_agent_runner.py:115] Agent_1 gets eval reward: 390.65.
[20260603 23:06:50 @multi_evo_agent_runner.py:116] Agent_1 gets win rate: 0.35.
[20260603 23:06:50 @multi_evo_agent_runner.py:79] #------------------------ Iteration 189 --------------------------#
[20260603 23:07:04 @multi_evo_agent_runner.py:85] Sampling 50000 steps by 12 slaves, spending 14.35 s.
[20260603 23:07:44 @multi_evo_agent_runner.py:94] Policy update, spending: 39.77 s.
[20260603 23:07:46 @multi_evo_agent_runner.py:99] Evaluation time: 2.35 s.
[20260603 23:07:46 @multi_evo_agent_runner.py:105] Total time:     199.22 min
[20260603 23:07:46 @multi_evo_agent_runner.py:115] Agent_0 gets eval reward: 699.47.
[20260603 23:07:46 @multi_evo_agent_runner.py:116] Agent_0 gets win rate: 0.75.
[20260603 23:07:46 @multi_evo_agent_runner.py:115] Agent_1 gets eval reward: 48.81.
[20260603 23:07:46 @multi_evo_agent_runner.py:116] Agent_1 gets win rate: 0.20.
[20260603 23:07:46 @multi_evo_agent_runner.py:79] #------------------------ Iteration 190 --------------------------#
[20260603 23:08:00 @multi_evo_agent_runner.py:85] Sampling 50000 steps by 12 slaves, spending 13.83 s.
[20260603 23:08:37 @multi_evo_agent_runner.py:94] Policy update, spending: 37.09 s.
[20260603 23:08:40 @multi_evo_agent_runner.py:99] Evaluation time: 2.32 s.
[20260603 23:08:40 @multi_evo_agent_runner.py:105] Total time:     200.11 min
[20260603 23:08:40 @multi_evo_agent_runner.py:115] Agent_0 gets eval reward: 969.66.
[20260603 23:08:40 @multi_evo_agent_runner.py:116] Agent_0 gets win rate: 0.68.
[20260603 23:08:40 @multi_evo_agent_runner.py:115] Agent_1 gets eval reward: 301.75.
[20260603 23:08:40 @multi_evo_agent_runner.py:116] Agent_1 gets win rate: 0.30.
[20260603 23:08:40 @multi_evo_agent_runner.py:79] #------------------------ Iteration 191 --------------------------#
[20260603 23:08:52 @multi_evo_agent_runner.py:85] Sampling 50000 steps by 12 slaves, spending 12.72 s.
[20260603 23:09:37 @multi_evo_agent_runner.py:94] Policy update, spending: 44.89 s.
[20260603 23:09:40 @multi_evo_agent_runner.py:99] Evaluation time: 2.21 s.
[20260603 23:09:40 @multi_evo_agent_runner.py:105] Total time:     201.11 min
[20260603 23:09:40 @multi_evo_agent_runner.py:115] Agent_0 gets eval reward: 645.01.
[20260603 23:09:40 @multi_evo_agent_runner.py:116] Agent_0 gets win rate: 0.61.
[20260603 23:09:40 @multi_evo_agent_runner.py:115] Agent_1 gets eval reward: 298.95.
[20260603 23:09:40 @multi_evo_agent_runner.py:116] Agent_1 gets win rate: 0.32.
[20260603 23:09:40 @multi_evo_agent_runner.py:79] #------------------------ Iteration 192 --------------------------#
[20260603 23:09:53 @multi_evo_agent_runner.py:85] Sampling 50000 steps by 12 slaves, spending 13.34 s.
[20260603 23:10:44 @multi_evo_agent_runner.py:94] Policy update, spending: 50.98 s.
[20260603 23:10:46 @multi_evo_agent_runner.py:99] Evaluation time: 1.93 s.
[20260603 23:10:46 @multi_evo_agent_runner.py:105] Total time:     202.22 min
[20260603 23:10:46 @multi_evo_agent_runner.py:115] Agent_0 gets eval reward: 724.99.
[20260603 23:10:46 @multi_evo_agent_runner.py:116] Agent_0 gets win rate: 0.41.
[20260603 23:10:46 @multi_evo_agent_runner.py:115] Agent_1 gets eval reward: 378.82.
[20260603 23:10:46 @multi_evo_agent_runner.py:116] Agent_1 gets win rate: 0.48.
[20260603 23:10:46 @multi_evo_agent_runner.py:79] #------------------------ Iteration 193 --------------------------#
[20260603 23:11:01 @multi_evo_agent_runner.py:85] Sampling 50000 steps by 12 slaves, spending 15.01 s.
[20260603 23:11:48 @multi_evo_agent_runner.py:94] Policy update, spending: 47.03 s.
[20260603 23:11:50 @multi_evo_agent_runner.py:99] Evaluation time: 1.76 s.
[20260603 23:11:50 @multi_evo_agent_runner.py:105] Total time:     203.28 min
[20260603 23:11:50 @multi_evo_agent_runner.py:115] Agent_0 gets eval reward: 992.64.
[20260603 23:11:50 @multi_evo_agent_runner.py:116] Agent_0 gets win rate: 0.71.
[20260603 23:11:50 @multi_evo_agent_runner.py:115] Agent_1 gets eval reward: 136.69.
[20260603 23:11:50 @multi_evo_agent_runner.py:116] Agent_1 gets win rate: 0.24.
[20260603 23:11:50 @multi_evo_agent_runner.py:79] #------------------------ Iteration 194 --------------------------#
[20260603 23:12:06 @multi_evo_agent_runner.py:85] Sampling 50000 steps by 12 slaves, spending 15.77 s.
[20260603 23:12:57 @multi_evo_agent_runner.py:94] Policy update, spending: 50.58 s.
[20260603 23:12:59 @multi_evo_agent_runner.py:99] Evaluation time: 2.11 s.
[20260603 23:12:59 @multi_evo_agent_runner.py:105] Total time:     204.43 min
[20260603 23:12:59 @multi_evo_agent_runner.py:115] Agent_0 gets eval reward: 928.66.
[20260603 23:12:59 @multi_evo_agent_runner.py:116] Agent_0 gets win rate: 0.43.
[20260603 23:12:59 @multi_evo_agent_runner.py:115] Agent_1 gets eval reward: 616.67.
[20260603 23:12:59 @multi_evo_agent_runner.py:116] Agent_1 gets win rate: 0.43.
[20260603 23:12:59 @multi_evo_agent_runner.py:79] #------------------------ Iteration 195 --------------------------#
[20260603 23:13:14 @multi_evo_agent_runner.py:85] Sampling 50000 steps by 12 slaves, spending 15.38 s.
[20260603 23:14:04 @multi_evo_agent_runner.py:94] Policy update, spending: 49.41 s.
[20260603 23:14:06 @multi_evo_agent_runner.py:99] Evaluation time: 2.24 s.
[20260603 23:14:06 @multi_evo_agent_runner.py:105] Total time:     205.55 min
[20260603 23:14:06 @multi_evo_agent_runner.py:115] Agent_0 gets eval reward: 714.47.
[20260603 23:14:06 @multi_evo_agent_runner.py:116] Agent_0 gets win rate: 0.64.
[20260603 23:14:06 @multi_evo_agent_runner.py:115] Agent_1 gets eval reward: 323.69.
[20260603 23:14:06 @multi_evo_agent_runner.py:116] Agent_1 gets win rate: 0.27.
[20260603 23:14:06 @multi_evo_agent_runner.py:79] #------------------------ Iteration 196 --------------------------#
[20260603 23:14:22 @multi_evo_agent_runner.py:85] Sampling 50000 steps by 12 slaves, spending 16.14 s.
[20260603 23:15:12 @multi_evo_agent_runner.py:94] Policy update, spending: 50.08 s.
[20260603 23:15:14 @multi_evo_agent_runner.py:99] Evaluation time: 2.01 s.
[20260603 23:15:14 @multi_evo_agent_runner.py:105] Total time:     206.69 min
[20260603 23:15:14 @multi_evo_agent_runner.py:115] Agent_0 gets eval reward: 559.60.
[20260603 23:15:14 @multi_evo_agent_runner.py:116] Agent_0 gets win rate: 0.60.
[20260603 23:15:14 @multi_evo_agent_runner.py:115] Agent_1 gets eval reward: 180.72.
[20260603 23:15:14 @multi_evo_agent_runner.py:116] Agent_1 gets win rate: 0.38.
[20260603 23:15:15 @multi_evo_agent_runner.py:79] #------------------------ Iteration 197 --------------------------#
[20260603 23:15:30 @multi_evo_agent_runner.py:85] Sampling 50000 steps by 12 slaves, spending 15.35 s.
[20260603 23:16:24 @multi_evo_agent_runner.py:94] Policy update, spending: 54.43 s.
[20260603 23:16:27 @multi_evo_agent_runner.py:99] Evaluation time: 2.14 s.
[20260603 23:16:27 @multi_evo_agent_runner.py:105] Total time:     207.89 min
[20260603 23:16:27 @multi_evo_agent_runner.py:115] Agent_0 gets eval reward: 1198.28.
[20260603 23:16:27 @multi_evo_agent_runner.py:116] Agent_0 gets win rate: 0.77.
[20260603 23:16:27 @multi_evo_agent_runner.py:115] Agent_1 gets eval reward: 363.38.
[20260603 23:16:27 @multi_evo_agent_runner.py:116] Agent_1 gets win rate: 0.14.
[20260603 23:16:27 @multi_evo_agent_runner.py:79] #------------------------ Iteration 198 --------------------------#
[20260603 23:16:41 @multi_evo_agent_runner.py:85] Sampling 50000 steps by 12 slaves, spending 14.49 s.
[20260603 23:17:36 @multi_evo_agent_runner.py:94] Policy update, spending: 54.64 s.
[20260603 23:17:38 @multi_evo_agent_runner.py:99] Evaluation time: 2.30 s.
[20260603 23:17:38 @multi_evo_agent_runner.py:105] Total time:     209.09 min
[20260603 23:17:38 @multi_evo_agent_runner.py:115] Agent_0 gets eval reward: 677.50.
[20260603 23:17:38 @multi_evo_agent_runner.py:116] Agent_0 gets win rate: 0.61.
[20260603 23:17:38 @multi_evo_agent_runner.py:115] Agent_1 gets eval reward: 9.86.
[20260603 23:17:38 @multi_evo_agent_runner.py:116] Agent_1 gets win rate: 0.30.
[20260603 23:17:38 @multi_evo_agent_runner.py:79] #------------------------ Iteration 199 --------------------------#
[20260603 23:17:53 @multi_evo_agent_runner.py:85] Sampling 50000 steps by 12 slaves, spending 14.79 s.
[20260603 23:18:47 @multi_evo_agent_runner.py:94] Policy update, spending: 53.64 s.
[20260603 23:18:49 @multi_evo_agent_runner.py:99] Evaluation time: 2.12 s.
[20260603 23:18:49 @multi_evo_agent_runner.py:105] Total time:     210.27 min
[20260603 23:18:49 @multi_evo_agent_runner.py:115] Agent_0 gets eval reward: 999.71.
[20260603 23:18:49 @multi_evo_agent_runner.py:116] Agent_0 gets win rate: 0.79.
[20260603 23:18:49 @multi_evo_agent_runner.py:115] Agent_1 gets eval reward: -236.43.
[20260603 23:18:49 @multi_evo_agent_runner.py:116] Agent_1 gets win rate: 0.13.
[20260603 23:18:49 @multi_evo_agent_runner.py:510] CRITICAL save best checkpoint with agent_0's rewards 999.71!
[20260603 23:18:49 @multi_evo_agent_runner.py:79] #------------------------ Iteration 200 --------------------------#
[20260603 23:19:04 @multi_evo_agent_runner.py:85] Sampling 50000 steps by 12 slaves, spending 15.10 s.
[20260603 23:19:52 @multi_evo_agent_runner.py:94] Policy update, spending: 47.81 s.
[20260603 23:19:54 @multi_evo_agent_runner.py:99] Evaluation time: 2.03 s.
[20260603 23:19:54 @multi_evo_agent_runner.py:105] Total time:     211.35 min
[20260603 23:19:54 @multi_evo_agent_runner.py:115] Agent_0 gets eval reward: 962.88.
[20260603 23:19:54 @multi_evo_agent_runner.py:116] Agent_0 gets win rate: 0.76.
[20260603 23:19:54 @multi_evo_agent_runner.py:115] Agent_1 gets eval reward: 315.35.
[20260603 23:19:54 @multi_evo_agent_runner.py:116] Agent_1 gets win rate: 0.24.
[20260603 23:19:54 @multi_evo_agent_runner.py:79] #------------------------ Iteration 201 --------------------------#
[20260603 23:20:10 @multi_evo_agent_runner.py:85] Sampling 50000 steps by 12 slaves, spending 15.69 s.
[20260603 23:20:58 @multi_evo_agent_runner.py:94] Policy update, spending: 48.34 s.
[20260603 23:21:00 @multi_evo_agent_runner.py:99] Evaluation time: 2.00 s.
[20260603 23:21:00 @multi_evo_agent_runner.py:105] Total time:     212.46 min
[20260603 23:21:00 @multi_evo_agent_runner.py:115] Agent_0 gets eval reward: 954.31.
[20260603 23:21:00 @multi_evo_agent_runner.py:116] Agent_0 gets win rate: 0.50.
[20260603 23:21:00 @multi_evo_agent_runner.py:115] Agent_1 gets eval reward: 567.14.
[20260603 23:21:00 @multi_evo_agent_runner.py:116] Agent_1 gets win rate: 0.41.
[20260603 23:21:00 @multi_evo_agent_runner.py:79] #------------------------ Iteration 202 --------------------------#
[20260603 23:21:16 @multi_evo_agent_runner.py:85] Sampling 50000 steps by 12 slaves, spending 15.22 s.
[20260603 23:22:00 @multi_evo_agent_runner.py:94] Policy update, spending: 44.62 s.
[20260603 23:22:02 @multi_evo_agent_runner.py:99] Evaluation time: 1.67 s.
[20260603 23:22:02 @multi_evo_agent_runner.py:105] Total time:     213.48 min
[20260603 23:22:02 @multi_evo_agent_runner.py:115] Agent_0 gets eval reward: 835.11.
[20260603 23:22:02 @multi_evo_agent_runner.py:116] Agent_0 gets win rate: 0.64.
[20260603 23:22:02 @multi_evo_agent_runner.py:115] Agent_1 gets eval reward: 117.40.
[20260603 23:22:02 @multi_evo_agent_runner.py:116] Agent_1 gets win rate: 0.32.
[20260603 23:22:02 @multi_evo_agent_runner.py:79] #------------------------ Iteration 203 --------------------------#
[20260603 23:22:19 @multi_evo_agent_runner.py:85] Sampling 50000 steps by 12 slaves, spending 16.71 s.
[20260603 23:23:10 @multi_evo_agent_runner.py:94] Policy update, spending: 50.91 s.
[20260603 23:23:12 @multi_evo_agent_runner.py:99] Evaluation time: 1.79 s.
[20260603 23:23:12 @multi_evo_agent_runner.py:105] Total time:     214.64 min
[20260603 23:23:12 @multi_evo_agent_runner.py:115] Agent_0 gets eval reward: 856.81.
[20260603 23:23:12 @multi_evo_agent_runner.py:116] Agent_0 gets win rate: 0.59.
[20260603 23:23:12 @multi_evo_agent_runner.py:115] Agent_1 gets eval reward: 180.40.
[20260603 23:23:12 @multi_evo_agent_runner.py:116] Agent_1 gets win rate: 0.22.
[20260603 23:23:12 @multi_evo_agent_runner.py:79] #------------------------ Iteration 204 --------------------------#
[20260603 23:23:28 @multi_evo_agent_runner.py:85] Sampling 50000 steps by 12 slaves, spending 16.30 s.
[20260603 23:24:13 @multi_evo_agent_runner.py:94] Policy update, spending: 45.12 s.
[20260603 23:24:16 @multi_evo_agent_runner.py:99] Evaluation time: 2.72 s.
[20260603 23:24:16 @multi_evo_agent_runner.py:105] Total time:     215.72 min
[20260603 23:24:16 @multi_evo_agent_runner.py:115] Agent_0 gets eval reward: 893.20.
[20260603 23:24:16 @multi_evo_agent_runner.py:116] Agent_0 gets win rate: 0.63.
[20260603 23:24:16 @multi_evo_agent_runner.py:115] Agent_1 gets eval reward: 21.74.
[20260603 23:24:16 @multi_evo_agent_runner.py:116] Agent_1 gets win rate: 0.12.
[20260603 23:24:16 @multi_evo_agent_runner.py:79] #------------------------ Iteration 205 --------------------------#
[20260603 23:24:31 @multi_evo_agent_runner.py:85] Sampling 50000 steps by 12 slaves, spending 14.43 s.
[20260603 23:25:06 @multi_evo_agent_runner.py:94] Policy update, spending: 35.49 s.
[20260603 23:25:09 @multi_evo_agent_runner.py:99] Evaluation time: 2.30 s.
[20260603 23:25:09 @multi_evo_agent_runner.py:105] Total time:     216.59 min
[20260603 23:25:09 @multi_evo_agent_runner.py:115] Agent_0 gets eval reward: 1119.15.
[20260603 23:25:09 @multi_evo_agent_runner.py:116] Agent_0 gets win rate: 0.52.
[20260603 23:25:09 @multi_evo_agent_runner.py:115] Agent_1 gets eval reward: 310.29.
[20260603 23:25:09 @multi_evo_agent_runner.py:116] Agent_1 gets win rate: 0.31.
[20260603 23:25:09 @multi_evo_agent_runner.py:510] CRITICAL save best checkpoint with agent_0's rewards 1119.15!
[20260603 23:25:09 @multi_evo_agent_runner.py:79] #------------------------ Iteration 206 --------------------------#
[20260603 23:25:22 @multi_evo_agent_runner.py:85] Sampling 50000 steps by 12 slaves, spending 12.98 s.
[20260603 23:26:13 @multi_evo_agent_runner.py:94] Policy update, spending: 51.28 s.
[20260603 23:26:15 @multi_evo_agent_runner.py:99] Evaluation time: 2.35 s.
[20260603 23:26:15 @multi_evo_agent_runner.py:105] Total time:     217.71 min
[20260603 23:26:15 @multi_evo_agent_runner.py:115] Agent_0 gets eval reward: 827.04.
[20260603 23:26:15 @multi_evo_agent_runner.py:116] Agent_0 gets win rate: 0.72.
[20260603 23:26:15 @multi_evo_agent_runner.py:115] Agent_1 gets eval reward: 88.27.
[20260603 23:26:15 @multi_evo_agent_runner.py:116] Agent_1 gets win rate: 0.24.
[20260603 23:26:15 @multi_evo_agent_runner.py:510] CRITICAL save best checkpoint with agent_0's rewards 827.04!
[20260603 23:26:16 @multi_evo_agent_runner.py:79] #------------------------ Iteration 207 --------------------------#
[20260603 23:26:30 @multi_evo_agent_runner.py:85] Sampling 50000 steps by 12 slaves, spending 14.69 s.
[20260603 23:27:09 @multi_evo_agent_runner.py:94] Policy update, spending: 39.08 s.
[20260603 23:27:12 @multi_evo_agent_runner.py:99] Evaluation time: 2.66 s.
[20260603 23:27:12 @multi_evo_agent_runner.py:105] Total time:     218.65 min
[20260603 23:27:12 @multi_evo_agent_runner.py:115] Agent_0 gets eval reward: 1135.08.
[20260603 23:27:12 @multi_evo_agent_runner.py:116] Agent_0 gets win rate: 0.65.
[20260603 23:27:12 @multi_evo_agent_runner.py:115] Agent_1 gets eval reward: 283.81.
[20260603 23:27:12 @multi_evo_agent_runner.py:116] Agent_1 gets win rate: 0.33.
[20260603 23:27:12 @multi_evo_agent_runner.py:510] CRITICAL save best checkpoint with agent_0's rewards 1135.08!
[20260603 23:27:12 @multi_evo_agent_runner.py:79] #------------------------ Iteration 208 --------------------------#
[20260603 23:27:26 @multi_evo_agent_runner.py:85] Sampling 50000 steps by 12 slaves, spending 13.74 s.
[20260603 23:28:14 @multi_evo_agent_runner.py:94] Policy update, spending: 48.26 s.
[20260603 23:28:17 @multi_evo_agent_runner.py:99] Evaluation time: 2.43 s.
[20260603 23:28:17 @multi_evo_agent_runner.py:105] Total time:     219.73 min
[20260603 23:28:17 @multi_evo_agent_runner.py:115] Agent_0 gets eval reward: 806.83.
[20260603 23:28:17 @multi_evo_agent_runner.py:116] Agent_0 gets win rate: 0.62.
[20260603 23:28:17 @multi_evo_agent_runner.py:115] Agent_1 gets eval reward: 274.27.
[20260603 23:28:17 @multi_evo_agent_runner.py:116] Agent_1 gets win rate: 0.36.
[20260603 23:28:17 @multi_evo_agent_runner.py:79] #------------------------ Iteration 209 --------------------------#
[20260603 23:28:32 @multi_evo_agent_runner.py:85] Sampling 50000 steps by 12 slaves, spending 15.00 s.
[20260603 23:29:12 @multi_evo_agent_runner.py:94] Policy update, spending: 39.70 s.
[20260603 23:29:14 @multi_evo_agent_runner.py:99] Evaluation time: 2.56 s.
[20260603 23:29:14 @multi_evo_agent_runner.py:105] Total time:     220.69 min
[20260603 23:29:14 @multi_evo_agent_runner.py:115] Agent_0 gets eval reward: 553.76.
[20260603 23:29:14 @multi_evo_agent_runner.py:116] Agent_0 gets win rate: 0.54.
[20260603 23:29:14 @multi_evo_agent_runner.py:115] Agent_1 gets eval reward: 175.82.
[20260603 23:29:14 @multi_evo_agent_runner.py:116] Agent_1 gets win rate: 0.37.
[20260603 23:29:15 @multi_evo_agent_runner.py:79] #------------------------ Iteration 210 --------------------------#
[20260603 23:29:28 @multi_evo_agent_runner.py:85] Sampling 50000 steps by 12 slaves, spending 13.08 s.
[20260603 23:30:15 @multi_evo_agent_runner.py:94] Policy update, spending: 47.11 s.
[20260603 23:30:17 @multi_evo_agent_runner.py:99] Evaluation time: 2.27 s.
[20260603 23:30:17 @multi_evo_agent_runner.py:105] Total time:     221.73 min
[20260603 23:30:17 @multi_evo_agent_runner.py:115] Agent_0 gets eval reward: 813.22.
[20260603 23:30:17 @multi_evo_agent_runner.py:116] Agent_0 gets win rate: 0.65.
[20260603 23:30:17 @multi_evo_agent_runner.py:115] Agent_1 gets eval reward: 134.16.
[20260603 23:30:17 @multi_evo_agent_runner.py:116] Agent_1 gets win rate: 0.31.
[20260603 23:30:17 @multi_evo_agent_runner.py:79] #------------------------ Iteration 211 --------------------------#
[20260603 23:30:32 @multi_evo_agent_runner.py:85] Sampling 50000 steps by 12 slaves, spending 14.68 s.
[20260603 23:31:23 @multi_evo_agent_runner.py:94] Policy update, spending: 50.78 s.
[20260603 23:31:25 @multi_evo_agent_runner.py:99] Evaluation time: 2.52 s.
[20260603 23:31:25 @multi_evo_agent_runner.py:105] Total time:     222.87 min
[20260603 23:31:26 @multi_evo_agent_runner.py:115] Agent_0 gets eval reward: 538.82.
[20260603 23:31:26 @multi_evo_agent_runner.py:116] Agent_0 gets win rate: 0.52.
[20260603 23:31:26 @multi_evo_agent_runner.py:115] Agent_1 gets eval reward: 380.25.
[20260603 23:31:26 @multi_evo_agent_runner.py:116] Agent_1 gets win rate: 0.44.
[20260603 23:31:26 @multi_evo_agent_runner.py:79] #------------------------ Iteration 212 --------------------------#
[20260603 23:31:40 @multi_evo_agent_runner.py:85] Sampling 50000 steps by 12 slaves, spending 13.92 s.
[20260603 23:32:32 @multi_evo_agent_runner.py:94] Policy update, spending: 52.89 s.
[20260603 23:32:34 @multi_evo_agent_runner.py:99] Evaluation time: 1.88 s.
[20260603 23:32:34 @multi_evo_agent_runner.py:105] Total time:     224.02 min
[20260603 23:32:34 @multi_evo_agent_runner.py:115] Agent_0 gets eval reward: 609.58.
[20260603 23:32:34 @multi_evo_agent_runner.py:116] Agent_0 gets win rate: 0.59.
[20260603 23:32:34 @multi_evo_agent_runner.py:115] Agent_1 gets eval reward: 108.00.
[20260603 23:32:34 @multi_evo_agent_runner.py:116] Agent_1 gets win rate: 0.40.
[20260603 23:32:35 @multi_evo_agent_runner.py:79] #------------------------ Iteration 213 --------------------------#
[20260603 23:32:49 @multi_evo_agent_runner.py:85] Sampling 50000 steps by 12 slaves, spending 14.42 s.
[20260603 23:33:34 @multi_evo_agent_runner.py:94] Policy update, spending: 44.96 s.
[20260603 23:33:36 @multi_evo_agent_runner.py:99] Evaluation time: 2.02 s.
[20260603 23:33:36 @multi_evo_agent_runner.py:105] Total time:     225.05 min
[20260603 23:33:36 @multi_evo_agent_runner.py:115] Agent_0 gets eval reward: 695.29.
[20260603 23:33:36 @multi_evo_agent_runner.py:116] Agent_0 gets win rate: 0.54.
[20260603 23:33:36 @multi_evo_agent_runner.py:115] Agent_1 gets eval reward: 342.11.
[20260603 23:33:36 @multi_evo_agent_runner.py:116] Agent_1 gets win rate: 0.36.
[20260603 23:33:36 @multi_evo_agent_runner.py:79] #------------------------ Iteration 214 --------------------------#
[20260603 23:33:52 @multi_evo_agent_runner.py:85] Sampling 50000 steps by 12 slaves, spending 15.70 s.
[20260603 23:34:36 @multi_evo_agent_runner.py:94] Policy update, spending: 43.60 s.
[20260603 23:34:37 @multi_evo_agent_runner.py:99] Evaluation time: 1.83 s.
[20260603 23:34:37 @multi_evo_agent_runner.py:105] Total time:     226.07 min
[20260603 23:34:38 @multi_evo_agent_runner.py:115] Agent_0 gets eval reward: 1026.17.
[20260603 23:34:38 @multi_evo_agent_runner.py:116] Agent_0 gets win rate: 0.54.
[20260603 23:34:38 @multi_evo_agent_runner.py:115] Agent_1 gets eval reward: 345.29.
[20260603 23:34:38 @multi_evo_agent_runner.py:116] Agent_1 gets win rate: 0.37.
[20260603 23:34:38 @multi_evo_agent_runner.py:79] #------------------------ Iteration 215 --------------------------#
[20260603 23:34:52 @multi_evo_agent_runner.py:85] Sampling 50000 steps by 12 slaves, spending 14.58 s.
[20260603 23:35:26 @multi_evo_agent_runner.py:94] Policy update, spending: 33.61 s.
[20260603 23:35:28 @multi_evo_agent_runner.py:99] Evaluation time: 1.91 s.
[20260603 23:35:28 @multi_evo_agent_runner.py:105] Total time:     226.91 min
[20260603 23:35:28 @multi_evo_agent_runner.py:115] Agent_0 gets eval reward: 900.13.
[20260603 23:35:28 @multi_evo_agent_runner.py:116] Agent_0 gets win rate: 0.60.
[20260603 23:35:28 @multi_evo_agent_runner.py:115] Agent_1 gets eval reward: 182.51.
[20260603 23:35:28 @multi_evo_agent_runner.py:116] Agent_1 gets win rate: 0.29.
[20260603 23:35:28 @multi_evo_agent_runner.py:79] #------------------------ Iteration 216 --------------------------#
[20260603 23:35:43 @multi_evo_agent_runner.py:85] Sampling 50000 steps by 12 slaves, spending 14.91 s.
[20260603 23:36:16 @multi_evo_agent_runner.py:94] Policy update, spending: 33.38 s.
[20260603 23:36:18 @multi_evo_agent_runner.py:99] Evaluation time: 1.74 s.
[20260603 23:36:18 @multi_evo_agent_runner.py:105] Total time:     227.75 min
[20260603 23:36:18 @multi_evo_agent_runner.py:115] Agent_0 gets eval reward: 1134.18.
[20260603 23:36:18 @multi_evo_agent_runner.py:116] Agent_0 gets win rate: 0.73.
[20260603 23:36:18 @multi_evo_agent_runner.py:115] Agent_1 gets eval reward: 69.78.
[20260603 23:36:18 @multi_evo_agent_runner.py:116] Agent_1 gets win rate: 0.12.
[20260603 23:36:18 @multi_evo_agent_runner.py:510] CRITICAL save best checkpoint with agent_0's rewards 1134.18!
[20260603 23:36:18 @multi_evo_agent_runner.py:79] #------------------------ Iteration 217 --------------------------#
[20260603 23:36:33 @multi_evo_agent_runner.py:85] Sampling 50000 steps by 12 slaves, spending 15.15 s.
[20260603 23:37:07 @multi_evo_agent_runner.py:94] Policy update, spending: 34.08 s.
[20260603 23:37:09 @multi_evo_agent_runner.py:99] Evaluation time: 1.83 s.
[20260603 23:37:09 @multi_evo_agent_runner.py:105] Total time:     228.60 min
[20260603 23:37:09 @multi_evo_agent_runner.py:115] Agent_0 gets eval reward: 957.00.
[20260603 23:37:09 @multi_evo_agent_runner.py:116] Agent_0 gets win rate: 0.66.
[20260603 23:37:09 @multi_evo_agent_runner.py:115] Agent_1 gets eval reward: 93.38.
[20260603 23:37:09 @multi_evo_agent_runner.py:116] Agent_1 gets win rate: 0.27.
[20260603 23:37:09 @multi_evo_agent_runner.py:79] #------------------------ Iteration 218 --------------------------#
[20260603 23:37:25 @multi_evo_agent_runner.py:85] Sampling 50000 steps by 12 slaves, spending 15.26 s.
[20260603 23:38:01 @multi_evo_agent_runner.py:94] Policy update, spending: 35.95 s.
[20260603 23:38:02 @multi_evo_agent_runner.py:99] Evaluation time: 1.74 s.
[20260603 23:38:02 @multi_evo_agent_runner.py:105] Total time:     229.49 min
[20260603 23:38:02 @multi_evo_agent_runner.py:115] Agent_0 gets eval reward: 861.20.
[20260603 23:38:02 @multi_evo_agent_runner.py:116] Agent_0 gets win rate: 0.53.
[20260603 23:38:02 @multi_evo_agent_runner.py:115] Agent_1 gets eval reward: 515.36.
[20260603 23:38:02 @multi_evo_agent_runner.py:116] Agent_1 gets win rate: 0.35.
[20260603 23:38:02 @multi_evo_agent_runner.py:79] #------------------------ Iteration 219 --------------------------#
[20260603 23:38:17 @multi_evo_agent_runner.py:85] Sampling 50000 steps by 12 slaves, spending 14.81 s.
[20260603 23:38:52 @multi_evo_agent_runner.py:94] Policy update, spending: 34.53 s.
[20260603 23:38:53 @multi_evo_agent_runner.py:99] Evaluation time: 1.61 s.
[20260603 23:38:53 @multi_evo_agent_runner.py:105] Total time:     230.34 min
[20260603 23:38:54 @multi_evo_agent_runner.py:115] Agent_0 gets eval reward: 634.81.
[20260603 23:38:54 @multi_evo_agent_runner.py:116] Agent_0 gets win rate: 0.53.
[20260603 23:38:54 @multi_evo_agent_runner.py:115] Agent_1 gets eval reward: 180.92.
[20260603 23:38:54 @multi_evo_agent_runner.py:116] Agent_1 gets win rate: 0.40.
[20260603 23:38:54 @multi_evo_agent_runner.py:79] #------------------------ Iteration 220 --------------------------#
[20260603 23:39:09 @multi_evo_agent_runner.py:85] Sampling 50000 steps by 12 slaves, spending 15.69 s.
[20260603 23:39:48 @multi_evo_agent_runner.py:94] Policy update, spending: 38.22 s.
[20260603 23:39:49 @multi_evo_agent_runner.py:99] Evaluation time: 1.67 s.
[20260603 23:39:49 @multi_evo_agent_runner.py:105] Total time:     231.27 min
[20260603 23:39:49 @multi_evo_agent_runner.py:115] Agent_0 gets eval reward: 923.66.
[20260603 23:39:49 @multi_evo_agent_runner.py:116] Agent_0 gets win rate: 0.58.
[20260603 23:39:49 @multi_evo_agent_runner.py:115] Agent_1 gets eval reward: 301.08.
[20260603 23:39:49 @multi_evo_agent_runner.py:116] Agent_1 gets win rate: 0.38.
[20260603 23:39:49 @multi_evo_agent_runner.py:79] #------------------------ Iteration 221 --------------------------#
[20260603 23:40:06 @multi_evo_agent_runner.py:85] Sampling 50000 steps by 12 slaves, spending 16.50 s.
[20260603 23:40:46 @multi_evo_agent_runner.py:94] Policy update, spending: 40.18 s.
[20260603 23:40:48 @multi_evo_agent_runner.py:99] Evaluation time: 1.83 s.
[20260603 23:40:48 @multi_evo_agent_runner.py:105] Total time:     232.25 min
[20260603 23:40:48 @multi_evo_agent_runner.py:115] Agent_0 gets eval reward: 654.60.
[20260603 23:40:48 @multi_evo_agent_runner.py:116] Agent_0 gets win rate: 0.56.
[20260603 23:40:48 @multi_evo_agent_runner.py:115] Agent_1 gets eval reward: 53.76.
[20260603 23:40:48 @multi_evo_agent_runner.py:116] Agent_1 gets win rate: 0.35.
[20260603 23:40:48 @multi_evo_agent_runner.py:79] #------------------------ Iteration 222 --------------------------#
[20260603 23:41:04 @multi_evo_agent_runner.py:85] Sampling 50000 steps by 12 slaves, spending 16.20 s.
[20260603 23:41:48 @multi_evo_agent_runner.py:94] Policy update, spending: 43.52 s.
[20260603 23:41:50 @multi_evo_agent_runner.py:99] Evaluation time: 1.77 s.
[20260603 23:41:50 @multi_evo_agent_runner.py:105] Total time:     233.28 min
[20260603 23:41:50 @multi_evo_agent_runner.py:115] Agent_0 gets eval reward: 828.27.
[20260603 23:41:50 @multi_evo_agent_runner.py:116] Agent_0 gets win rate: 0.59.
[20260603 23:41:50 @multi_evo_agent_runner.py:115] Agent_1 gets eval reward: 315.26.
[20260603 23:41:50 @multi_evo_agent_runner.py:116] Agent_1 gets win rate: 0.39.
[20260603 23:41:50 @multi_evo_agent_runner.py:79] #------------------------ Iteration 223 --------------------------#
[20260603 23:42:06 @multi_evo_agent_runner.py:85] Sampling 50000 steps by 12 slaves, spending 16.30 s.
[20260603 23:43:01 @multi_evo_agent_runner.py:94] Policy update, spending: 54.44 s.
[20260603 23:43:03 @multi_evo_agent_runner.py:99] Evaluation time: 2.07 s.
[20260603 23:43:03 @multi_evo_agent_runner.py:105] Total time:     234.50 min
[20260603 23:43:03 @multi_evo_agent_runner.py:115] Agent_0 gets eval reward: 900.52.
[20260603 23:43:03 @multi_evo_agent_runner.py:116] Agent_0 gets win rate: 0.62.
[20260603 23:43:03 @multi_evo_agent_runner.py:115] Agent_1 gets eval reward: 196.25.
[20260603 23:43:03 @multi_evo_agent_runner.py:116] Agent_1 gets win rate: 0.28.
[20260603 23:43:03 @multi_evo_agent_runner.py:79] #------------------------ Iteration 224 --------------------------#
[20260603 23:43:18 @multi_evo_agent_runner.py:85] Sampling 50000 steps by 12 slaves, spending 14.86 s.
[20260603 23:44:12 @multi_evo_agent_runner.py:94] Policy update, spending: 54.71 s.
[20260603 23:44:14 @multi_evo_agent_runner.py:99] Evaluation time: 1.87 s.
[20260603 23:44:14 @multi_evo_agent_runner.py:105] Total time:     235.69 min
[20260603 23:44:14 @multi_evo_agent_runner.py:115] Agent_0 gets eval reward: 564.47.
[20260603 23:44:14 @multi_evo_agent_runner.py:116] Agent_0 gets win rate: 0.54.
[20260603 23:44:14 @multi_evo_agent_runner.py:115] Agent_1 gets eval reward: 348.05.
[20260603 23:44:14 @multi_evo_agent_runner.py:116] Agent_1 gets win rate: 0.42.
[20260603 23:44:15 @multi_evo_agent_runner.py:79] #------------------------ Iteration 225 --------------------------#
[20260603 23:44:29 @multi_evo_agent_runner.py:85] Sampling 50000 steps by 12 slaves, spending 14.88 s.
[20260603 23:45:16 @multi_evo_agent_runner.py:94] Policy update, spending: 46.51 s.
[20260603 23:45:18 @multi_evo_agent_runner.py:99] Evaluation time: 2.33 s.
[20260603 23:45:18 @multi_evo_agent_runner.py:105] Total time:     236.75 min
[20260603 23:45:18 @multi_evo_agent_runner.py:115] Agent_0 gets eval reward: 844.75.
[20260603 23:45:18 @multi_evo_agent_runner.py:116] Agent_0 gets win rate: 0.68.
[20260603 23:45:18 @multi_evo_agent_runner.py:115] Agent_1 gets eval reward: 57.85.
[20260603 23:45:18 @multi_evo_agent_runner.py:116] Agent_1 gets win rate: 0.28.
[20260603 23:45:18 @multi_evo_agent_runner.py:79] #------------------------ Iteration 226 --------------------------#
[20260603 23:45:34 @multi_evo_agent_runner.py:85] Sampling 50000 steps by 12 slaves, spending 15.25 s.
[20260603 23:46:25 @multi_evo_agent_runner.py:94] Policy update, spending: 51.12 s.
[20260603 23:46:27 @multi_evo_agent_runner.py:99] Evaluation time: 2.29 s.
[20260603 23:46:27 @multi_evo_agent_runner.py:105] Total time:     237.90 min
[20260603 23:46:27 @multi_evo_agent_runner.py:115] Agent_0 gets eval reward: 633.29.
[20260603 23:46:27 @multi_evo_agent_runner.py:116] Agent_0 gets win rate: 0.26.
[20260603 23:46:27 @multi_evo_agent_runner.py:115] Agent_1 gets eval reward: 349.04.
[20260603 23:46:27 @multi_evo_agent_runner.py:116] Agent_1 gets win rate: 0.26.
[20260603 23:46:27 @multi_evo_agent_runner.py:79] #------------------------ Iteration 227 --------------------------#
[20260603 23:46:42 @multi_evo_agent_runner.py:85] Sampling 50000 steps by 12 slaves, spending 15.09 s.
[20260603 23:47:36 @multi_evo_agent_runner.py:94] Policy update, spending: 53.70 s.
[20260603 23:47:38 @multi_evo_agent_runner.py:99] Evaluation time: 2.13 s.
[20260603 23:47:38 @multi_evo_agent_runner.py:105] Total time:     239.09 min
[20260603 23:47:38 @multi_evo_agent_runner.py:115] Agent_0 gets eval reward: 793.91.
[20260603 23:47:38 @multi_evo_agent_runner.py:116] Agent_0 gets win rate: 0.60.
[20260603 23:47:38 @multi_evo_agent_runner.py:115] Agent_1 gets eval reward: 13.99.
[20260603 23:47:38 @multi_evo_agent_runner.py:116] Agent_1 gets win rate: 0.22.
[20260603 23:47:38 @multi_evo_agent_runner.py:79] #------------------------ Iteration 228 --------------------------#
[20260603 23:47:54 @multi_evo_agent_runner.py:85] Sampling 50000 steps by 12 slaves, spending 15.93 s.
[20260603 23:48:43 @multi_evo_agent_runner.py:94] Policy update, spending: 48.95 s.
[20260603 23:48:46 @multi_evo_agent_runner.py:99] Evaluation time: 2.25 s.
[20260603 23:48:46 @multi_evo_agent_runner.py:105] Total time:     240.21 min
[20260603 23:48:46 @multi_evo_agent_runner.py:115] Agent_0 gets eval reward: 820.54.
[20260603 23:48:46 @multi_evo_agent_runner.py:116] Agent_0 gets win rate: 0.70.
[20260603 23:48:46 @multi_evo_agent_runner.py:115] Agent_1 gets eval reward: 154.78.
[20260603 23:48:46 @multi_evo_agent_runner.py:116] Agent_1 gets win rate: 0.08.
[20260603 23:48:46 @multi_evo_agent_runner.py:79] #------------------------ Iteration 229 --------------------------#
[20260603 23:49:01 @multi_evo_agent_runner.py:85] Sampling 50000 steps by 12 slaves, spending 15.60 s.
[20260603 23:49:58 @multi_evo_agent_runner.py:94] Policy update, spending: 56.21 s.
[20260603 23:50:00 @multi_evo_agent_runner.py:99] Evaluation time: 2.66 s.
[20260603 23:50:00 @multi_evo_agent_runner.py:105] Total time:     241.45 min
[20260603 23:50:00 @multi_evo_agent_runner.py:115] Agent_0 gets eval reward: 789.29.
[20260603 23:50:00 @multi_evo_agent_runner.py:116] Agent_0 gets win rate: 0.49.
[20260603 23:50:00 @multi_evo_agent_runner.py:115] Agent_1 gets eval reward: 78.68.
[20260603 23:50:00 @multi_evo_agent_runner.py:116] Agent_1 gets win rate: 0.29.
[20260603 23:50:00 @multi_evo_agent_runner.py:79] #------------------------ Iteration 230 --------------------------#
[20260603 23:50:14 @multi_evo_agent_runner.py:85] Sampling 50000 steps by 12 slaves, spending 13.45 s.
[20260603 23:51:05 @multi_evo_agent_runner.py:94] Policy update, spending: 51.48 s.
[20260603 23:51:08 @multi_evo_agent_runner.py:99] Evaluation time: 2.22 s.
[20260603 23:51:08 @multi_evo_agent_runner.py:105] Total time:     242.58 min
[20260603 23:51:08 @multi_evo_agent_runner.py:115] Agent_0 gets eval reward: 848.33.
[20260603 23:51:08 @multi_evo_agent_runner.py:116] Agent_0 gets win rate: 0.55.
[20260603 23:51:08 @multi_evo_agent_runner.py:115] Agent_1 gets eval reward: 103.25.
[20260603 23:51:08 @multi_evo_agent_runner.py:116] Agent_1 gets win rate: 0.26.
[20260603 23:51:08 @multi_evo_agent_runner.py:79] #------------------------ Iteration 231 --------------------------#
[20260603 23:51:23 @multi_evo_agent_runner.py:85] Sampling 50000 steps by 12 slaves, spending 15.71 s.
[20260603 23:52:19 @multi_evo_agent_runner.py:94] Policy update, spending: 56.00 s.
[20260603 23:52:21 @multi_evo_agent_runner.py:99] Evaluation time: 1.78 s.
[20260603 23:52:21 @multi_evo_agent_runner.py:105] Total time:     243.80 min
[20260603 23:52:21 @multi_evo_agent_runner.py:115] Agent_0 gets eval reward: 915.54.
[20260603 23:52:21 @multi_evo_agent_runner.py:116] Agent_0 gets win rate: 0.41.
[20260603 23:52:21 @multi_evo_agent_runner.py:115] Agent_1 gets eval reward: 528.41.
[20260603 23:52:21 @multi_evo_agent_runner.py:116] Agent_1 gets win rate: 0.38.
[20260603 23:52:21 @multi_evo_agent_runner.py:79] #------------------------ Iteration 232 --------------------------#
[20260603 23:52:36 @multi_evo_agent_runner.py:85] Sampling 50000 steps by 12 slaves, spending 14.22 s.
[20260603 23:53:16 @multi_evo_agent_runner.py:94] Policy update, spending: 40.04 s.
[20260603 23:53:18 @multi_evo_agent_runner.py:99] Evaluation time: 1.95 s.
[20260603 23:53:18 @multi_evo_agent_runner.py:105] Total time:     244.74 min
[20260603 23:53:18 @multi_evo_agent_runner.py:115] Agent_0 gets eval reward: 1097.77.
[20260603 23:53:18 @multi_evo_agent_runner.py:116] Agent_0 gets win rate: 0.60.
[20260603 23:53:18 @multi_evo_agent_runner.py:115] Agent_1 gets eval reward: 200.89.
[20260603 23:53:18 @multi_evo_agent_runner.py:116] Agent_1 gets win rate: 0.12.
[20260603 23:53:18 @multi_evo_agent_runner.py:79] #------------------------ Iteration 233 --------------------------#
[20260603 23:53:33 @multi_evo_agent_runner.py:85] Sampling 50000 steps by 12 slaves, spending 15.34 s.
[20260603 23:54:08 @multi_evo_agent_runner.py:94] Policy update, spending: 35.01 s.
[20260603 23:54:10 @multi_evo_agent_runner.py:99] Evaluation time: 2.00 s.
[20260603 23:54:10 @multi_evo_agent_runner.py:105] Total time:     245.62 min
[20260603 23:54:10 @multi_evo_agent_runner.py:115] Agent_0 gets eval reward: 842.01.
[20260603 23:54:10 @multi_evo_agent_runner.py:116] Agent_0 gets win rate: 0.47.
[20260603 23:54:10 @multi_evo_agent_runner.py:115] Agent_1 gets eval reward: 342.77.
[20260603 23:54:10 @multi_evo_agent_runner.py:116] Agent_1 gets win rate: 0.15.
[20260603 23:54:11 @multi_evo_agent_runner.py:79] #------------------------ Iteration 234 --------------------------#
[20260603 23:54:27 @multi_evo_agent_runner.py:85] Sampling 50000 steps by 12 slaves, spending 16.29 s.
[20260603 23:55:19 @multi_evo_agent_runner.py:94] Policy update, spending: 52.15 s.
[20260603 23:55:21 @multi_evo_agent_runner.py:99] Evaluation time: 2.11 s.
[20260603 23:55:21 @multi_evo_agent_runner.py:105] Total time:     246.80 min
[20260603 23:55:21 @multi_evo_agent_runner.py:115] Agent_0 gets eval reward: 599.10.
[20260603 23:55:21 @multi_evo_agent_runner.py:116] Agent_0 gets win rate: 0.58.
[20260603 23:55:21 @multi_evo_agent_runner.py:115] Agent_1 gets eval reward: 351.75.
[20260603 23:55:21 @multi_evo_agent_runner.py:116] Agent_1 gets win rate: 0.38.
[20260603 23:55:21 @multi_evo_agent_runner.py:79] #------------------------ Iteration 235 --------------------------#
[20260603 23:55:37 @multi_evo_agent_runner.py:85] Sampling 50000 steps by 12 slaves, spending 15.95 s.
[20260603 23:56:34 @multi_evo_agent_runner.py:94] Policy update, spending: 56.44 s.
[20260603 23:56:35 @multi_evo_agent_runner.py:99] Evaluation time: 1.74 s.
[20260603 23:56:35 @multi_evo_agent_runner.py:105] Total time:     248.04 min
[20260603 23:56:35 @multi_evo_agent_runner.py:115] Agent_0 gets eval reward: 765.46.
[20260603 23:56:35 @multi_evo_agent_runner.py:116] Agent_0 gets win rate: 0.65.
[20260603 23:56:35 @multi_evo_agent_runner.py:115] Agent_1 gets eval reward: 111.28.
[20260603 23:56:35 @multi_evo_agent_runner.py:116] Agent_1 gets win rate: 0.23.
[20260603 23:56:36 @multi_evo_agent_runner.py:79] #------------------------ Iteration 236 --------------------------#
[20260603 23:56:51 @multi_evo_agent_runner.py:85] Sampling 50000 steps by 12 slaves, spending 15.39 s.
[20260603 23:57:40 @multi_evo_agent_runner.py:94] Policy update, spending: 48.75 s.
[20260603 23:57:42 @multi_evo_agent_runner.py:99] Evaluation time: 2.43 s.
[20260603 23:57:42 @multi_evo_agent_runner.py:105] Total time:     249.15 min
[20260603 23:57:42 @multi_evo_agent_runner.py:115] Agent_0 gets eval reward: 927.62.
[20260603 23:57:42 @multi_evo_agent_runner.py:116] Agent_0 gets win rate: 0.58.
[20260603 23:57:42 @multi_evo_agent_runner.py:115] Agent_1 gets eval reward: 131.76.
[20260603 23:57:42 @multi_evo_agent_runner.py:116] Agent_1 gets win rate: 0.22.
[20260603 23:57:42 @multi_evo_agent_runner.py:79] #------------------------ Iteration 237 --------------------------#
[20260603 23:57:57 @multi_evo_agent_runner.py:85] Sampling 50000 steps by 12 slaves, spending 14.42 s.
[20260603 23:58:36 @multi_evo_agent_runner.py:94] Policy update, spending: 39.35 s.
[20260603 23:58:38 @multi_evo_agent_runner.py:99] Evaluation time: 2.02 s.
[20260603 23:58:38 @multi_evo_agent_runner.py:105] Total time:     250.09 min
[20260603 23:58:38 @multi_evo_agent_runner.py:115] Agent_0 gets eval reward: 617.12.
[20260603 23:58:38 @multi_evo_agent_runner.py:116] Agent_0 gets win rate: 0.47.
[20260603 23:58:38 @multi_evo_agent_runner.py:115] Agent_1 gets eval reward: 161.44.
[20260603 23:58:38 @multi_evo_agent_runner.py:116] Agent_1 gets win rate: 0.30.
[20260603 23:58:38 @multi_evo_agent_runner.py:79] #------------------------ Iteration 238 --------------------------#
[20260603 23:58:54 @multi_evo_agent_runner.py:85] Sampling 50000 steps by 12 slaves, spending 15.75 s.
[20260603 23:59:33 @multi_evo_agent_runner.py:94] Policy update, spending: 39.24 s.
[20260603 23:59:35 @multi_evo_agent_runner.py:99] Evaluation time: 1.95 s.
[20260603 23:59:35 @multi_evo_agent_runner.py:105] Total time:     251.04 min
[20260603 23:59:35 @multi_evo_agent_runner.py:115] Agent_0 gets eval reward: 700.48.
[20260603 23:59:35 @multi_evo_agent_runner.py:116] Agent_0 gets win rate: 0.57.
[20260603 23:59:35 @multi_evo_agent_runner.py:115] Agent_1 gets eval reward: 77.32.
[20260603 23:59:35 @multi_evo_agent_runner.py:116] Agent_1 gets win rate: 0.35.
[20260603 23:59:35 @multi_evo_agent_runner.py:79] #------------------------ Iteration 239 --------------------------#
[20260603 23:59:52 @multi_evo_agent_runner.py:85] Sampling 50000 steps by 12 slaves, spending 16.68 s.
[20260604 00:00:46 @multi_evo_agent_runner.py:94] Policy update, spending: 53.80 s.
[20260604 00:00:48 @multi_evo_agent_runner.py:99] Evaluation time: 2.25 s.
[20260604 00:00:48 @multi_evo_agent_runner.py:105] Total time:     252.25 min
[20260604 00:00:48 @multi_evo_agent_runner.py:115] Agent_0 gets eval reward: 865.78.
[20260604 00:00:48 @multi_evo_agent_runner.py:116] Agent_0 gets win rate: 0.61.
[20260604 00:00:48 @multi_evo_agent_runner.py:115] Agent_1 gets eval reward: 198.24.
[20260604 00:00:48 @multi_evo_agent_runner.py:116] Agent_1 gets win rate: 0.30.
[20260604 00:00:48 @multi_evo_agent_runner.py:79] #------------------------ Iteration 240 --------------------------#
[20260604 00:01:04 @multi_evo_agent_runner.py:85] Sampling 50000 steps by 12 slaves, spending 15.48 s.
[20260604 00:01:52 @multi_evo_agent_runner.py:94] Policy update, spending: 48.52 s.
[20260604 00:01:55 @multi_evo_agent_runner.py:99] Evaluation time: 2.39 s.
[20260604 00:01:55 @multi_evo_agent_runner.py:105] Total time:     253.36 min
[20260604 00:01:55 @multi_evo_agent_runner.py:115] Agent_0 gets eval reward: 782.29.
[20260604 00:01:55 @multi_evo_agent_runner.py:116] Agent_0 gets win rate: 0.49.
[20260604 00:01:55 @multi_evo_agent_runner.py:115] Agent_1 gets eval reward: 505.78.
[20260604 00:01:55 @multi_evo_agent_runner.py:116] Agent_1 gets win rate: 0.36.
[20260604 00:01:55 @multi_evo_agent_runner.py:79] #------------------------ Iteration 241 --------------------------#
[20260604 00:02:10 @multi_evo_agent_runner.py:85] Sampling 50000 steps by 12 slaves, spending 14.66 s.
[20260604 00:02:52 @multi_evo_agent_runner.py:94] Policy update, spending: 42.58 s.
[20260604 00:02:55 @multi_evo_agent_runner.py:99] Evaluation time: 2.82 s.
[20260604 00:02:55 @multi_evo_agent_runner.py:105] Total time:     254.37 min
[20260604 00:02:55 @multi_evo_agent_runner.py:115] Agent_0 gets eval reward: 347.67.
[20260604 00:02:55 @multi_evo_agent_runner.py:116] Agent_0 gets win rate: 0.42.
[20260604 00:02:55 @multi_evo_agent_runner.py:115] Agent_1 gets eval reward: 370.02.
[20260604 00:02:55 @multi_evo_agent_runner.py:116] Agent_1 gets win rate: 0.33.
[20260604 00:02:55 @multi_evo_agent_runner.py:79] #------------------------ Iteration 242 --------------------------#
[20260604 00:03:10 @multi_evo_agent_runner.py:85] Sampling 50000 steps by 12 slaves, spending 14.49 s.
[20260604 00:03:48 @multi_evo_agent_runner.py:94] Policy update, spending: 38.27 s.
[20260604 00:03:51 @multi_evo_agent_runner.py:99] Evaluation time: 2.43 s.
[20260604 00:03:51 @multi_evo_agent_runner.py:105] Total time:     255.29 min
[20260604 00:03:51 @multi_evo_agent_runner.py:115] Agent_0 gets eval reward: 1151.48.
[20260604 00:03:51 @multi_evo_agent_runner.py:116] Agent_0 gets win rate: 0.55.
[20260604 00:03:51 @multi_evo_agent_runner.py:115] Agent_1 gets eval reward: 87.62.
[20260604 00:03:51 @multi_evo_agent_runner.py:116] Agent_1 gets win rate: 0.26.
[20260604 00:03:51 @multi_evo_agent_runner.py:510] CRITICAL save best checkpoint with agent_0's rewards 1151.48!
[20260604 00:03:51 @multi_evo_agent_runner.py:79] #------------------------ Iteration 243 --------------------------#
[20260604 00:04:04 @multi_evo_agent_runner.py:85] Sampling 50000 steps by 12 slaves, spending 13.41 s.
[20260604 00:04:42 @multi_evo_agent_runner.py:94] Policy update, spending: 38.30 s.
[20260604 00:04:45 @multi_evo_agent_runner.py:99] Evaluation time: 2.64 s.
[20260604 00:04:45 @multi_evo_agent_runner.py:105] Total time:     256.20 min
[20260604 00:04:45 @multi_evo_agent_runner.py:115] Agent_0 gets eval reward: 952.13.
[20260604 00:04:45 @multi_evo_agent_runner.py:116] Agent_0 gets win rate: 0.44.
[20260604 00:04:45 @multi_evo_agent_runner.py:115] Agent_1 gets eval reward: 384.78.
[20260604 00:04:45 @multi_evo_agent_runner.py:116] Agent_1 gets win rate: 0.42.
[20260604 00:04:45 @multi_evo_agent_runner.py:79] #------------------------ Iteration 244 --------------------------#
[20260604 00:04:58 @multi_evo_agent_runner.py:85] Sampling 50000 steps by 12 slaves, spending 12.42 s.
[20260604 00:05:50 @multi_evo_agent_runner.py:94] Policy update, spending: 52.79 s.
[20260604 00:05:53 @multi_evo_agent_runner.py:99] Evaluation time: 2.12 s.
[20260604 00:05:53 @multi_evo_agent_runner.py:105] Total time:     257.33 min
[20260604 00:05:53 @multi_evo_agent_runner.py:115] Agent_0 gets eval reward: 1083.24.
[20260604 00:05:53 @multi_evo_agent_runner.py:116] Agent_0 gets win rate: 0.60.
[20260604 00:05:53 @multi_evo_agent_runner.py:115] Agent_1 gets eval reward: 167.70.
[20260604 00:05:53 @multi_evo_agent_runner.py:116] Agent_1 gets win rate: 0.26.
[20260604 00:05:53 @multi_evo_agent_runner.py:510] CRITICAL save best checkpoint with agent_0's rewards 1083.24!
[20260604 00:05:53 @multi_evo_agent_runner.py:79] #------------------------ Iteration 245 --------------------------#
[20260604 00:06:09 @multi_evo_agent_runner.py:85] Sampling 50000 steps by 12 slaves, spending 15.64 s.
[20260604 00:07:05 @multi_evo_agent_runner.py:94] Policy update, spending: 56.77 s.
[20260604 00:07:07 @multi_evo_agent_runner.py:99] Evaluation time: 2.00 s.
[20260604 00:07:07 @multi_evo_agent_runner.py:105] Total time:     258.57 min
[20260604 00:07:07 @multi_evo_agent_runner.py:115] Agent_0 gets eval reward: 824.38.
[20260604 00:07:07 @multi_evo_agent_runner.py:116] Agent_0 gets win rate: 0.41.
[20260604 00:07:07 @multi_evo_agent_runner.py:115] Agent_1 gets eval reward: 423.86.
[20260604 00:07:07 @multi_evo_agent_runner.py:116] Agent_1 gets win rate: 0.36.
[20260604 00:07:08 @multi_evo_agent_runner.py:79] #------------------------ Iteration 246 --------------------------#
[20260604 00:07:23 @multi_evo_agent_runner.py:85] Sampling 50000 steps by 12 slaves, spending 15.45 s.
[20260604 00:08:18 @multi_evo_agent_runner.py:94] Policy update, spending: 55.45 s.
[20260604 00:08:21 @multi_evo_agent_runner.py:99] Evaluation time: 2.16 s.
[20260604 00:08:21 @multi_evo_agent_runner.py:105] Total time:     259.79 min
[20260604 00:08:21 @multi_evo_agent_runner.py:115] Agent_0 gets eval reward: 1047.56.
[20260604 00:08:21 @multi_evo_agent_runner.py:116] Agent_0 gets win rate: 0.42.
[20260604 00:08:21 @multi_evo_agent_runner.py:115] Agent_1 gets eval reward: 486.04.
[20260604 00:08:21 @multi_evo_agent_runner.py:116] Agent_1 gets win rate: 0.29.
[20260604 00:08:21 @multi_evo_agent_runner.py:79] #------------------------ Iteration 247 --------------------------#
[20260604 00:08:36 @multi_evo_agent_runner.py:85] Sampling 50000 steps by 12 slaves, spending 15.16 s.
[20260604 00:09:21 @multi_evo_agent_runner.py:94] Policy update, spending: 45.50 s.
[20260604 00:09:24 @multi_evo_agent_runner.py:99] Evaluation time: 2.17 s.
[20260604 00:09:24 @multi_evo_agent_runner.py:105] Total time:     260.85 min
[20260604 00:09:24 @multi_evo_agent_runner.py:115] Agent_0 gets eval reward: 995.34.
[20260604 00:09:24 @multi_evo_agent_runner.py:116] Agent_0 gets win rate: 0.68.
[20260604 00:09:24 @multi_evo_agent_runner.py:115] Agent_1 gets eval reward: -36.64.
[20260604 00:09:24 @multi_evo_agent_runner.py:116] Agent_1 gets win rate: 0.16.
[20260604 00:09:24 @multi_evo_agent_runner.py:510] CRITICAL save best checkpoint with agent_0's rewards 995.34!
[20260604 00:09:24 @multi_evo_agent_runner.py:79] #------------------------ Iteration 248 --------------------------#
[20260604 00:09:40 @multi_evo_agent_runner.py:85] Sampling 50000 steps by 12 slaves, spending 16.45 s.
[20260604 00:10:37 @multi_evo_agent_runner.py:94] Policy update, spending: 56.69 s.
[20260604 00:10:39 @multi_evo_agent_runner.py:99] Evaluation time: 2.13 s.
[20260604 00:10:39 @multi_evo_agent_runner.py:105] Total time:     262.10 min
[20260604 00:10:39 @multi_evo_agent_runner.py:115] Agent_0 gets eval reward: 1018.42.
[20260604 00:10:39 @multi_evo_agent_runner.py:116] Agent_0 gets win rate: 0.61.
[20260604 00:10:39 @multi_evo_agent_runner.py:115] Agent_1 gets eval reward: 165.13.
[20260604 00:10:39 @multi_evo_agent_runner.py:116] Agent_1 gets win rate: 0.20.
[20260604 00:10:39 @multi_evo_agent_runner.py:510] CRITICAL save best checkpoint with agent_0's rewards 1018.42!
[20260604 00:10:39 @multi_evo_agent_runner.py:79] #------------------------ Iteration 249 --------------------------#
[20260604 00:10:55 @multi_evo_agent_runner.py:85] Sampling 50000 steps by 12 slaves, spending 15.33 s.
[20260604 00:11:49 @multi_evo_agent_runner.py:94] Policy update, spending: 54.55 s.
[20260604 00:11:51 @multi_evo_agent_runner.py:99] Evaluation time: 2.13 s.
[20260604 00:11:51 @multi_evo_agent_runner.py:105] Total time:     263.31 min
[20260604 00:11:51 @multi_evo_agent_runner.py:115] Agent_0 gets eval reward: 1220.30.
[20260604 00:11:51 @multi_evo_agent_runner.py:116] Agent_0 gets win rate: 0.55.
[20260604 00:11:51 @multi_evo_agent_runner.py:115] Agent_1 gets eval reward: 146.23.
[20260604 00:11:51 @multi_evo_agent_runner.py:116] Agent_1 gets win rate: 0.23.
[20260604 00:11:51 @multi_evo_agent_runner.py:510] CRITICAL save best checkpoint with agent_0's rewards 1220.30!
[20260604 00:11:52 @multi_evo_agent_runner.py:79] #------------------------ Iteration 250 --------------------------#
[20260604 00:12:07 @multi_evo_agent_runner.py:85] Sampling 50000 steps by 12 slaves, spending 15.27 s.
[20260604 00:13:00 @multi_evo_agent_runner.py:94] Policy update, spending: 53.13 s.
[20260604 00:13:02 @multi_evo_agent_runner.py:99] Evaluation time: 2.09 s.
[20260604 00:13:02 @multi_evo_agent_runner.py:105] Total time:     264.48 min
[20260604 00:13:02 @multi_evo_agent_runner.py:115] Agent_0 gets eval reward: 439.47.
[20260604 00:13:02 @multi_evo_agent_runner.py:116] Agent_0 gets win rate: 0.47.
[20260604 00:13:02 @multi_evo_agent_runner.py:115] Agent_1 gets eval reward: 80.02.
[20260604 00:13:02 @multi_evo_agent_runner.py:116] Agent_1 gets win rate: 0.32.
[20260604 00:13:02 @multi_evo_agent_runner.py:79] #------------------------ Iteration 251 --------------------------#
[20260604 00:13:17 @multi_evo_agent_runner.py:85] Sampling 50000 steps by 12 slaves, spending 15.16 s.
[20260604 00:14:00 @multi_evo_agent_runner.py:94] Policy update, spending: 42.90 s.
[20260604 00:14:03 @multi_evo_agent_runner.py:99] Evaluation time: 2.44 s.
[20260604 00:14:03 @multi_evo_agent_runner.py:105] Total time:     265.50 min
[20260604 00:14:03 @multi_evo_agent_runner.py:115] Agent_0 gets eval reward: 874.82.
[20260604 00:14:03 @multi_evo_agent_runner.py:116] Agent_0 gets win rate: 0.57.
[20260604 00:14:03 @multi_evo_agent_runner.py:115] Agent_1 gets eval reward: 164.57.
[20260604 00:14:03 @multi_evo_agent_runner.py:116] Agent_1 gets win rate: 0.29.
[20260604 00:14:03 @multi_evo_agent_runner.py:510] CRITICAL save best checkpoint with agent_0's rewards 874.82!
[20260604 00:14:03 @multi_evo_agent_runner.py:79] #------------------------ Iteration 252 --------------------------#
[20260604 00:14:17 @multi_evo_agent_runner.py:85] Sampling 50000 steps by 12 slaves, spending 14.15 s.
[20260604 00:15:08 @multi_evo_agent_runner.py:94] Policy update, spending: 51.00 s.
[20260604 00:15:10 @multi_evo_agent_runner.py:99] Evaluation time: 1.71 s.
[20260604 00:15:10 @multi_evo_agent_runner.py:105] Total time:     266.62 min
[20260604 00:15:10 @multi_evo_agent_runner.py:115] Agent_0 gets eval reward: 908.22.
[20260604 00:15:10 @multi_evo_agent_runner.py:116] Agent_0 gets win rate: 0.50.
[20260604 00:15:10 @multi_evo_agent_runner.py:115] Agent_1 gets eval reward: 183.20.
[20260604 00:15:10 @multi_evo_agent_runner.py:116] Agent_1 gets win rate: 0.28.
[20260604 00:15:10 @multi_evo_agent_runner.py:510] CRITICAL save best checkpoint with agent_0's rewards 908.22!
[20260604 00:15:10 @multi_evo_agent_runner.py:79] #------------------------ Iteration 253 --------------------------#
[20260604 00:15:25 @multi_evo_agent_runner.py:85] Sampling 50000 steps by 12 slaves, spending 14.99 s.
[20260604 00:16:17 @multi_evo_agent_runner.py:94] Policy update, spending: 51.83 s.
[20260604 00:16:19 @multi_evo_agent_runner.py:99] Evaluation time: 2.01 s.
[20260604 00:16:19 @multi_evo_agent_runner.py:105] Total time:     267.77 min
[20260604 00:16:19 @multi_evo_agent_runner.py:115] Agent_0 gets eval reward: 914.19.
[20260604 00:16:19 @multi_evo_agent_runner.py:116] Agent_0 gets win rate: 0.64.
[20260604 00:16:19 @multi_evo_agent_runner.py:115] Agent_1 gets eval reward: 165.95.
[20260604 00:16:19 @multi_evo_agent_runner.py:116] Agent_1 gets win rate: 0.28.
[20260604 00:16:19 @multi_evo_agent_runner.py:510] CRITICAL save best checkpoint with agent_0's rewards 914.19!
[20260604 00:16:19 @multi_evo_agent_runner.py:79] #------------------------ Iteration 254 --------------------------#
[20260604 00:16:34 @multi_evo_agent_runner.py:85] Sampling 50000 steps by 12 slaves, spending 15.22 s.
[20260604 00:17:28 @multi_evo_agent_runner.py:94] Policy update, spending: 54.03 s.
[20260604 00:17:31 @multi_evo_agent_runner.py:99] Evaluation time: 2.98 s.
[20260604 00:17:31 @multi_evo_agent_runner.py:105] Total time:     268.98 min
[20260604 00:17:32 @multi_evo_agent_runner.py:115] Agent_0 gets eval reward: 731.16.
[20260604 00:17:32 @multi_evo_agent_runner.py:116] Agent_0 gets win rate: 0.63.
[20260604 00:17:32 @multi_evo_agent_runner.py:115] Agent_1 gets eval reward: 17.50.
[20260604 00:17:32 @multi_evo_agent_runner.py:116] Agent_1 gets win rate: 0.23.
[20260604 00:17:32 @multi_evo_agent_runner.py:79] #------------------------ Iteration 255 --------------------------#
[20260604 00:17:44 @multi_evo_agent_runner.py:85] Sampling 50000 steps by 12 slaves, spending 12.77 s.
[20260604 00:18:29 @multi_evo_agent_runner.py:94] Policy update, spending: 44.94 s.
[20260604 00:18:32 @multi_evo_agent_runner.py:99] Evaluation time: 2.15 s.
[20260604 00:18:32 @multi_evo_agent_runner.py:105] Total time:     269.98 min
[20260604 00:18:32 @multi_evo_agent_runner.py:115] Agent_0 gets eval reward: 611.44.
[20260604 00:18:32 @multi_evo_agent_runner.py:116] Agent_0 gets win rate: 0.53.
[20260604 00:18:32 @multi_evo_agent_runner.py:115] Agent_1 gets eval reward: 184.04.
[20260604 00:18:32 @multi_evo_agent_runner.py:116] Agent_1 gets win rate: 0.33.
[20260604 00:18:32 @multi_evo_agent_runner.py:79] #------------------------ Iteration 256 --------------------------#
[20260604 00:18:48 @multi_evo_agent_runner.py:85] Sampling 50000 steps by 12 slaves, spending 16.61 s.
[20260604 00:19:41 @multi_evo_agent_runner.py:94] Policy update, spending: 52.73 s.
[20260604 00:19:43 @multi_evo_agent_runner.py:99] Evaluation time: 2.18 s.
[20260604 00:19:43 @multi_evo_agent_runner.py:105] Total time:     271.17 min
[20260604 00:19:43 @multi_evo_agent_runner.py:115] Agent_0 gets eval reward: 1159.46.
[20260604 00:19:43 @multi_evo_agent_runner.py:116] Agent_0 gets win rate: 0.43.
[20260604 00:19:43 @multi_evo_agent_runner.py:115] Agent_1 gets eval reward: 315.83.
[20260604 00:19:43 @multi_evo_agent_runner.py:116] Agent_1 gets win rate: 0.10.
[20260604 00:19:43 @multi_evo_agent_runner.py:510] CRITICAL save best checkpoint with agent_0's rewards 1159.46!
[20260604 00:19:43 @multi_evo_agent_runner.py:79] #------------------------ Iteration 257 --------------------------#
[20260604 00:20:00 @multi_evo_agent_runner.py:85] Sampling 50000 steps by 12 slaves, spending 16.57 s.
[20260604 00:20:50 @multi_evo_agent_runner.py:94] Policy update, spending: 49.80 s.
[20260604 00:20:53 @multi_evo_agent_runner.py:99] Evaluation time: 2.95 s.
[20260604 00:20:53 @multi_evo_agent_runner.py:105] Total time:     272.33 min
[20260604 00:20:53 @multi_evo_agent_runner.py:115] Agent_0 gets eval reward: 839.99.
[20260604 00:20:53 @multi_evo_agent_runner.py:116] Agent_0 gets win rate: 0.48.
[20260604 00:20:53 @multi_evo_agent_runner.py:115] Agent_1 gets eval reward: 224.29.
[20260604 00:20:53 @multi_evo_agent_runner.py:116] Agent_1 gets win rate: 0.26.
[20260604 00:20:53 @multi_evo_agent_runner.py:510] CRITICAL save best checkpoint with agent_0's rewards 839.99!
[20260604 00:20:53 @multi_evo_agent_runner.py:79] #------------------------ Iteration 258 --------------------------#
[20260604 00:21:07 @multi_evo_agent_runner.py:85] Sampling 50000 steps by 12 slaves, spending 13.72 s.
[20260604 00:21:48 @multi_evo_agent_runner.py:94] Policy update, spending: 40.96 s.
[20260604 00:21:50 @multi_evo_agent_runner.py:99] Evaluation time: 2.54 s.
[20260604 00:21:50 @multi_evo_agent_runner.py:105] Total time:     273.29 min
[20260604 00:21:50 @multi_evo_agent_runner.py:115] Agent_0 gets eval reward: 1085.21.
[20260604 00:21:50 @multi_evo_agent_runner.py:116] Agent_0 gets win rate: 0.65.
[20260604 00:21:50 @multi_evo_agent_runner.py:115] Agent_1 gets eval reward: 49.14.
[20260604 00:21:50 @multi_evo_agent_runner.py:116] Agent_1 gets win rate: 0.17.
[20260604 00:21:50 @multi_evo_agent_runner.py:510] CRITICAL save best checkpoint with agent_0's rewards 1085.21!
[20260604 00:21:51 @multi_evo_agent_runner.py:79] #------------------------ Iteration 259 --------------------------#
[20260604 00:22:04 @multi_evo_agent_runner.py:85] Sampling 50000 steps by 12 slaves, spending 13.78 s.
[20260604 00:22:42 @multi_evo_agent_runner.py:94] Policy update, spending: 37.57 s.
[20260604 00:22:44 @multi_evo_agent_runner.py:99] Evaluation time: 2.47 s.
[20260604 00:22:44 @multi_evo_agent_runner.py:105] Total time:     274.19 min
[20260604 00:22:44 @multi_evo_agent_runner.py:115] Agent_0 gets eval reward: 1005.25.
[20260604 00:22:44 @multi_evo_agent_runner.py:116] Agent_0 gets win rate: 0.54.
[20260604 00:22:44 @multi_evo_agent_runner.py:115] Agent_1 gets eval reward: 78.87.
[20260604 00:22:44 @multi_evo_agent_runner.py:116] Agent_1 gets win rate: 0.24.
[20260604 00:22:45 @multi_evo_agent_runner.py:79] #------------------------ Iteration 260 --------------------------#
[20260604 00:22:57 @multi_evo_agent_runner.py:85] Sampling 50000 steps by 12 slaves, spending 12.28 s.
[20260604 00:23:36 @multi_evo_agent_runner.py:94] Policy update, spending: 39.56 s.
[20260604 00:23:39 @multi_evo_agent_runner.py:99] Evaluation time: 2.46 s.
[20260604 00:23:39 @multi_evo_agent_runner.py:105] Total time:     275.10 min
[20260604 00:23:39 @multi_evo_agent_runner.py:115] Agent_0 gets eval reward: 929.36.
[20260604 00:23:39 @multi_evo_agent_runner.py:116] Agent_0 gets win rate: 0.55.
[20260604 00:23:39 @multi_evo_agent_runner.py:115] Agent_1 gets eval reward: 328.60.
[20260604 00:23:39 @multi_evo_agent_runner.py:116] Agent_1 gets win rate: 0.36.
[20260604 00:23:39 @multi_evo_agent_runner.py:79] #------------------------ Iteration 261 --------------------------#
[20260604 00:23:53 @multi_evo_agent_runner.py:85] Sampling 50000 steps by 12 slaves, spending 13.68 s.
[20260604 00:24:39 @multi_evo_agent_runner.py:94] Policy update, spending: 45.81 s.
[20260604 00:24:41 @multi_evo_agent_runner.py:99] Evaluation time: 2.56 s.
[20260604 00:24:41 @multi_evo_agent_runner.py:105] Total time:     276.14 min
[20260604 00:24:41 @multi_evo_agent_runner.py:115] Agent_0 gets eval reward: 978.35.
[20260604 00:24:41 @multi_evo_agent_runner.py:116] Agent_0 gets win rate: 0.62.
[20260604 00:24:41 @multi_evo_agent_runner.py:115] Agent_1 gets eval reward: 104.29.
[20260604 00:24:41 @multi_evo_agent_runner.py:116] Agent_1 gets win rate: 0.28.
[20260604 00:24:41 @multi_evo_agent_runner.py:79] #------------------------ Iteration 262 --------------------------#
[20260604 00:24:56 @multi_evo_agent_runner.py:85] Sampling 50000 steps by 12 slaves, spending 14.49 s.
[20260604 00:25:41 @multi_evo_agent_runner.py:94] Policy update, spending: 45.06 s.
[20260604 00:25:43 @multi_evo_agent_runner.py:99] Evaluation time: 2.40 s.
[20260604 00:25:43 @multi_evo_agent_runner.py:105] Total time:     277.17 min
[20260604 00:25:43 @multi_evo_agent_runner.py:115] Agent_0 gets eval reward: 711.90.
[20260604 00:25:43 @multi_evo_agent_runner.py:116] Agent_0 gets win rate: 0.50.
[20260604 00:25:43 @multi_evo_agent_runner.py:115] Agent_1 gets eval reward: -73.75.
[20260604 00:25:43 @multi_evo_agent_runner.py:116] Agent_1 gets win rate: 0.25.
[20260604 00:25:44 @multi_evo_agent_runner.py:79] #------------------------ Iteration 263 --------------------------#
[20260604 00:25:58 @multi_evo_agent_runner.py:85] Sampling 50000 steps by 12 slaves, spending 14.04 s.
[20260604 00:26:55 @multi_evo_agent_runner.py:94] Policy update, spending: 57.31 s.
[20260604 00:26:57 @multi_evo_agent_runner.py:99] Evaluation time: 2.05 s.
[20260604 00:26:57 @multi_evo_agent_runner.py:105] Total time:     278.40 min
[20260604 00:26:57 @multi_evo_agent_runner.py:115] Agent_0 gets eval reward: 1114.26.
[20260604 00:26:57 @multi_evo_agent_runner.py:116] Agent_0 gets win rate: 0.56.
[20260604 00:26:57 @multi_evo_agent_runner.py:115] Agent_1 gets eval reward: 220.60.
[20260604 00:26:57 @multi_evo_agent_runner.py:116] Agent_1 gets win rate: 0.17.
[20260604 00:26:57 @multi_evo_agent_runner.py:510] CRITICAL save best checkpoint with agent_0's rewards 1114.26!
[20260604 00:26:57 @multi_evo_agent_runner.py:79] #------------------------ Iteration 264 --------------------------#
[20260604 00:27:13 @multi_evo_agent_runner.py:85] Sampling 50000 steps by 12 slaves, spending 15.56 s.
[20260604 00:28:02 @multi_evo_agent_runner.py:94] Policy update, spending: 49.10 s.
[20260604 00:28:04 @multi_evo_agent_runner.py:99] Evaluation time: 2.24 s.
[20260604 00:28:04 @multi_evo_agent_runner.py:105] Total time:     279.52 min
[20260604 00:28:04 @multi_evo_agent_runner.py:115] Agent_0 gets eval reward: 1019.57.
[20260604 00:28:04 @multi_evo_agent_runner.py:116] Agent_0 gets win rate: 0.58.
[20260604 00:28:04 @multi_evo_agent_runner.py:115] Agent_1 gets eval reward: -5.83.
[20260604 00:28:04 @multi_evo_agent_runner.py:116] Agent_1 gets win rate: 0.27.
[20260604 00:28:04 @multi_evo_agent_runner.py:510] CRITICAL save best checkpoint with agent_0's rewards 1019.57!
[20260604 00:28:04 @multi_evo_agent_runner.py:79] #------------------------ Iteration 265 --------------------------#
[20260604 00:28:21 @multi_evo_agent_runner.py:85] Sampling 50000 steps by 12 slaves, spending 16.52 s.
[20260604 00:29:10 @multi_evo_agent_runner.py:94] Policy update, spending: 48.86 s.
[20260604 00:29:12 @multi_evo_agent_runner.py:99] Evaluation time: 2.71 s.
[20260604 00:29:12 @multi_evo_agent_runner.py:105] Total time:     280.65 min
[20260604 00:29:12 @multi_evo_agent_runner.py:115] Agent_0 gets eval reward: 854.36.
[20260604 00:29:12 @multi_evo_agent_runner.py:116] Agent_0 gets win rate: 0.55.
[20260604 00:29:12 @multi_evo_agent_runner.py:115] Agent_1 gets eval reward: 32.68.
[20260604 00:29:12 @multi_evo_agent_runner.py:116] Agent_1 gets win rate: 0.26.
[20260604 00:29:13 @multi_evo_agent_runner.py:79] #------------------------ Iteration 266 --------------------------#
[20260604 00:29:27 @multi_evo_agent_runner.py:85] Sampling 50000 steps by 12 slaves, spending 14.62 s.
[20260604 00:30:12 @multi_evo_agent_runner.py:94] Policy update, spending: 44.66 s.
[20260604 00:30:15 @multi_evo_agent_runner.py:99] Evaluation time: 2.66 s.
[20260604 00:30:15 @multi_evo_agent_runner.py:105] Total time:     281.69 min
[20260604 00:30:15 @multi_evo_agent_runner.py:115] Agent_0 gets eval reward: 848.58.
[20260604 00:30:15 @multi_evo_agent_runner.py:116] Agent_0 gets win rate: 0.54.
[20260604 00:30:15 @multi_evo_agent_runner.py:115] Agent_1 gets eval reward: 175.17.
[20260604 00:30:15 @multi_evo_agent_runner.py:116] Agent_1 gets win rate: 0.28.
[20260604 00:30:15 @multi_evo_agent_runner.py:79] #------------------------ Iteration 267 --------------------------#
[20260604 00:30:28 @multi_evo_agent_runner.py:85] Sampling 50000 steps by 12 slaves, spending 13.12 s.
[20260604 00:31:17 @multi_evo_agent_runner.py:94] Policy update, spending: 48.80 s.
[20260604 00:31:19 @multi_evo_agent_runner.py:99] Evaluation time: 2.16 s.
[20260604 00:31:19 @multi_evo_agent_runner.py:105] Total time:     282.77 min
[20260604 00:31:19 @multi_evo_agent_runner.py:115] Agent_0 gets eval reward: 813.56.
[20260604 00:31:19 @multi_evo_agent_runner.py:116] Agent_0 gets win rate: 0.63.
[20260604 00:31:19 @multi_evo_agent_runner.py:115] Agent_1 gets eval reward: -143.38.
[20260604 00:31:19 @multi_evo_agent_runner.py:116] Agent_1 gets win rate: 0.19.
[20260604 00:31:19 @multi_evo_agent_runner.py:510] CRITICAL save best checkpoint with agent_0's rewards 813.56!
[20260604 00:31:19 @multi_evo_agent_runner.py:79] #------------------------ Iteration 268 --------------------------#
[20260604 00:31:34 @multi_evo_agent_runner.py:85] Sampling 50000 steps by 12 slaves, spending 14.62 s.
[20260604 00:32:16 @multi_evo_agent_runner.py:94] Policy update, spending: 41.78 s.
[20260604 00:32:18 @multi_evo_agent_runner.py:99] Evaluation time: 1.96 s.
[20260604 00:32:18 @multi_evo_agent_runner.py:105] Total time:     283.74 min
[20260604 00:32:18 @multi_evo_agent_runner.py:115] Agent_0 gets eval reward: 968.73.
[20260604 00:32:18 @multi_evo_agent_runner.py:116] Agent_0 gets win rate: 0.47.
[20260604 00:32:18 @multi_evo_agent_runner.py:115] Agent_1 gets eval reward: 171.32.
[20260604 00:32:18 @multi_evo_agent_runner.py:116] Agent_1 gets win rate: 0.34.
[20260604 00:32:18 @multi_evo_agent_runner.py:510] CRITICAL save best checkpoint with agent_0's rewards 968.73!
[20260604 00:32:18 @multi_evo_agent_runner.py:79] #------------------------ Iteration 269 --------------------------#
[20260604 00:32:32 @multi_evo_agent_runner.py:85] Sampling 50000 steps by 12 slaves, spending 14.25 s.
[20260604 00:33:06 @multi_evo_agent_runner.py:94] Policy update, spending: 34.28 s.
[20260604 00:33:08 @multi_evo_agent_runner.py:99] Evaluation time: 1.76 s.
[20260604 00:33:08 @multi_evo_agent_runner.py:105] Total time:     284.58 min
[20260604 00:33:08 @multi_evo_agent_runner.py:115] Agent_0 gets eval reward: 996.19.
[20260604 00:33:08 @multi_evo_agent_runner.py:116] Agent_0 gets win rate: 0.65.
[20260604 00:33:08 @multi_evo_agent_runner.py:115] Agent_1 gets eval reward: -123.08.
[20260604 00:33:08 @multi_evo_agent_runner.py:116] Agent_1 gets win rate: 0.18.
[20260604 00:33:08 @multi_evo_agent_runner.py:510] CRITICAL save best checkpoint with agent_0's rewards 996.19!
[20260604 00:33:08 @multi_evo_agent_runner.py:79] #------------------------ Iteration 270 --------------------------#
[20260604 00:33:23 @multi_evo_agent_runner.py:85] Sampling 50000 steps by 12 slaves, spending 14.27 s.
[20260604 00:33:59 @multi_evo_agent_runner.py:94] Policy update, spending: 36.11 s.
[20260604 00:34:00 @multi_evo_agent_runner.py:99] Evaluation time: 1.81 s.
[20260604 00:34:00 @multi_evo_agent_runner.py:105] Total time:     285.46 min
[20260604 00:34:01 @multi_evo_agent_runner.py:115] Agent_0 gets eval reward: 925.97.
[20260604 00:34:01 @multi_evo_agent_runner.py:116] Agent_0 gets win rate: 0.56.
[20260604 00:34:01 @multi_evo_agent_runner.py:115] Agent_1 gets eval reward: -81.00.
[20260604 00:34:01 @multi_evo_agent_runner.py:116] Agent_1 gets win rate: 0.23.
[20260604 00:34:01 @multi_evo_agent_runner.py:79] #------------------------ Iteration 271 --------------------------#
[20260604 00:34:16 @multi_evo_agent_runner.py:85] Sampling 50000 steps by 12 slaves, spending 15.85 s.
[20260604 00:34:51 @multi_evo_agent_runner.py:94] Policy update, spending: 34.54 s.
[20260604 00:34:53 @multi_evo_agent_runner.py:99] Evaluation time: 1.87 s.
[20260604 00:34:53 @multi_evo_agent_runner.py:105] Total time:     286.33 min
[20260604 00:34:53 @multi_evo_agent_runner.py:115] Agent_0 gets eval reward: 1018.44.
[20260604 00:34:53 @multi_evo_agent_runner.py:116] Agent_0 gets win rate: 0.49.
[20260604 00:34:53 @multi_evo_agent_runner.py:115] Agent_1 gets eval reward: 317.00.
[20260604 00:34:53 @multi_evo_agent_runner.py:116] Agent_1 gets win rate: 0.30.
[20260604 00:34:53 @multi_evo_agent_runner.py:510] CRITICAL save best checkpoint with agent_0's rewards 1018.44!
[20260604 00:34:53 @multi_evo_agent_runner.py:79] #------------------------ Iteration 272 --------------------------#
[20260604 00:35:09 @multi_evo_agent_runner.py:85] Sampling 50000 steps by 12 slaves, spending 16.10 s.
[20260604 00:35:44 @multi_evo_agent_runner.py:94] Policy update, spending: 35.06 s.
[20260604 00:35:46 @multi_evo_agent_runner.py:99] Evaluation time: 1.73 s.
[20260604 00:35:46 @multi_evo_agent_runner.py:105] Total time:     287.22 min
[20260604 00:35:46 @multi_evo_agent_runner.py:115] Agent_0 gets eval reward: 924.29.
[20260604 00:35:46 @multi_evo_agent_runner.py:116] Agent_0 gets win rate: 0.52.
[20260604 00:35:46 @multi_evo_agent_runner.py:115] Agent_1 gets eval reward: 66.17.
[20260604 00:35:46 @multi_evo_agent_runner.py:116] Agent_1 gets win rate: 0.31.
[20260604 00:35:46 @multi_evo_agent_runner.py:510] CRITICAL save best checkpoint with agent_0's rewards 924.29!
[20260604 00:35:46 @multi_evo_agent_runner.py:79] #------------------------ Iteration 273 --------------------------#
[20260604 00:36:01 @multi_evo_agent_runner.py:85] Sampling 50000 steps by 12 slaves, spending 15.37 s.
[20260604 00:36:36 @multi_evo_agent_runner.py:94] Policy update, spending: 35.03 s.
[20260604 00:36:38 @multi_evo_agent_runner.py:99] Evaluation time: 1.63 s.
[20260604 00:36:38 @multi_evo_agent_runner.py:105] Total time:     288.09 min
[20260604 00:36:38 @multi_evo_agent_runner.py:115] Agent_0 gets eval reward: 806.69.
[20260604 00:36:38 @multi_evo_agent_runner.py:116] Agent_0 gets win rate: 0.57.
[20260604 00:36:38 @multi_evo_agent_runner.py:115] Agent_1 gets eval reward: 114.18.
[20260604 00:36:38 @multi_evo_agent_runner.py:116] Agent_1 gets win rate: 0.35.
[20260604 00:36:38 @multi_evo_agent_runner.py:510] CRITICAL save best checkpoint with agent_0's rewards 806.69!
[20260604 00:36:38 @multi_evo_agent_runner.py:79] #------------------------ Iteration 274 --------------------------#
[20260604 00:36:53 @multi_evo_agent_runner.py:85] Sampling 50000 steps by 12 slaves, spending 14.49 s.
[20260604 00:37:28 @multi_evo_agent_runner.py:94] Policy update, spending: 35.02 s.
[20260604 00:37:30 @multi_evo_agent_runner.py:99] Evaluation time: 2.04 s.
[20260604 00:37:30 @multi_evo_agent_runner.py:105] Total time:     288.95 min
[20260604 00:37:30 @multi_evo_agent_runner.py:115] Agent_0 gets eval reward: 1550.05.
[20260604 00:37:30 @multi_evo_agent_runner.py:116] Agent_0 gets win rate: 0.41.
[20260604 00:37:30 @multi_evo_agent_runner.py:115] Agent_1 gets eval reward: 165.68.
[20260604 00:37:30 @multi_evo_agent_runner.py:116] Agent_1 gets win rate: 0.12.
[20260604 00:37:30 @multi_evo_agent_runner.py:510] CRITICAL save best checkpoint with agent_0's rewards 1550.05!
[20260604 00:37:30 @multi_evo_agent_runner.py:79] #------------------------ Iteration 275 --------------------------#
[20260604 00:37:44 @multi_evo_agent_runner.py:85] Sampling 50000 steps by 12 slaves, spending 14.32 s.
[20260604 00:38:22 @multi_evo_agent_runner.py:94] Policy update, spending: 37.36 s.
[20260604 00:38:23 @multi_evo_agent_runner.py:99] Evaluation time: 1.63 s.
[20260604 00:38:23 @multi_evo_agent_runner.py:105] Total time:     289.84 min
[20260604 00:38:23 @multi_evo_agent_runner.py:115] Agent_0 gets eval reward: 745.29.
[20260604 00:38:23 @multi_evo_agent_runner.py:116] Agent_0 gets win rate: 0.53.
[20260604 00:38:23 @multi_evo_agent_runner.py:115] Agent_1 gets eval reward: 4.40.
[20260604 00:38:23 @multi_evo_agent_runner.py:116] Agent_1 gets win rate: 0.25.
[20260604 00:38:23 @multi_evo_agent_runner.py:510] CRITICAL save best checkpoint with agent_0's rewards 745.29!
[20260604 00:38:24 @multi_evo_agent_runner.py:79] #------------------------ Iteration 276 --------------------------#
[20260604 00:38:36 @multi_evo_agent_runner.py:85] Sampling 50000 steps by 12 slaves, spending 12.15 s.
[20260604 00:39:14 @multi_evo_agent_runner.py:94] Policy update, spending: 38.33 s.
[20260604 00:39:16 @multi_evo_agent_runner.py:99] Evaluation time: 1.67 s.
[20260604 00:39:16 @multi_evo_agent_runner.py:105] Total time:     290.71 min
[20260604 00:39:16 @multi_evo_agent_runner.py:115] Agent_0 gets eval reward: 1133.17.
[20260604 00:39:16 @multi_evo_agent_runner.py:116] Agent_0 gets win rate: 0.66.
[20260604 00:39:16 @multi_evo_agent_runner.py:115] Agent_1 gets eval reward: -72.20.
[20260604 00:39:16 @multi_evo_agent_runner.py:116] Agent_1 gets win rate: 0.13.
[20260604 00:39:16 @multi_evo_agent_runner.py:510] CRITICAL save best checkpoint with agent_0's rewards 1133.17!
[20260604 00:39:16 @multi_evo_agent_runner.py:79] #------------------------ Iteration 277 --------------------------#
[20260604 00:39:29 @multi_evo_agent_runner.py:85] Sampling 50000 steps by 12 slaves, spending 12.65 s.
[20260604 00:40:05 @multi_evo_agent_runner.py:94] Policy update, spending: 36.34 s.
[20260604 00:40:07 @multi_evo_agent_runner.py:99] Evaluation time: 1.75 s.
[20260604 00:40:07 @multi_evo_agent_runner.py:105] Total time:     291.56 min
[20260604 00:40:07 @multi_evo_agent_runner.py:115] Agent_0 gets eval reward: 817.67.
[20260604 00:40:07 @multi_evo_agent_runner.py:116] Agent_0 gets win rate: 0.63.
[20260604 00:40:07 @multi_evo_agent_runner.py:115] Agent_1 gets eval reward: -70.36.
[20260604 00:40:07 @multi_evo_agent_runner.py:116] Agent_1 gets win rate: 0.26.
[20260604 00:40:07 @multi_evo_agent_runner.py:79] #------------------------ Iteration 278 --------------------------#
[20260604 00:40:19 @multi_evo_agent_runner.py:85] Sampling 50000 steps by 12 slaves, spending 12.56 s.
[20260604 00:40:57 @multi_evo_agent_runner.py:94] Policy update, spending: 37.44 s.
[20260604 00:40:59 @multi_evo_agent_runner.py:99] Evaluation time: 1.85 s.
[20260604 00:40:59 @multi_evo_agent_runner.py:105] Total time:     292.43 min
[20260604 00:40:59 @multi_evo_agent_runner.py:115] Agent_0 gets eval reward: 648.26.
[20260604 00:40:59 @multi_evo_agent_runner.py:116] Agent_0 gets win rate: 0.47.
[20260604 00:40:59 @multi_evo_agent_runner.py:115] Agent_1 gets eval reward: 147.62.
[20260604 00:40:59 @multi_evo_agent_runner.py:116] Agent_1 gets win rate: 0.43.
[20260604 00:40:59 @multi_evo_agent_runner.py:79] #------------------------ Iteration 279 --------------------------#
[20260604 00:41:12 @multi_evo_agent_runner.py:85] Sampling 50000 steps by 12 slaves, spending 13.06 s.
[20260604 00:41:49 @multi_evo_agent_runner.py:94] Policy update, spending: 37.49 s.
[20260604 00:41:51 @multi_evo_agent_runner.py:99] Evaluation time: 1.98 s.
[20260604 00:41:51 @multi_evo_agent_runner.py:105] Total time:     293.31 min
[20260604 00:41:51 @multi_evo_agent_runner.py:115] Agent_0 gets eval reward: 778.79.
[20260604 00:41:51 @multi_evo_agent_runner.py:116] Agent_0 gets win rate: 0.49.
[20260604 00:41:51 @multi_evo_agent_runner.py:115] Agent_1 gets eval reward: 53.38.
[20260604 00:41:51 @multi_evo_agent_runner.py:116] Agent_1 gets win rate: 0.31.
[20260604 00:41:51 @multi_evo_agent_runner.py:79] #------------------------ Iteration 280 --------------------------#
[20260604 00:42:04 @multi_evo_agent_runner.py:85] Sampling 50000 steps by 12 slaves, spending 12.18 s.
[20260604 00:42:42 @multi_evo_agent_runner.py:94] Policy update, spending: 38.67 s.
[20260604 00:42:44 @multi_evo_agent_runner.py:99] Evaluation time: 1.97 s.
[20260604 00:42:44 @multi_evo_agent_runner.py:105] Total time:     294.19 min
[20260604 00:42:44 @multi_evo_agent_runner.py:115] Agent_0 gets eval reward: 634.38.
[20260604 00:42:44 @multi_evo_agent_runner.py:116] Agent_0 gets win rate: 0.44.
[20260604 00:42:44 @multi_evo_agent_runner.py:115] Agent_1 gets eval reward: 75.27.
[20260604 00:42:44 @multi_evo_agent_runner.py:116] Agent_1 gets win rate: 0.33.
[20260604 00:42:44 @multi_evo_agent_runner.py:79] #------------------------ Iteration 281 --------------------------#
[20260604 00:42:57 @multi_evo_agent_runner.py:85] Sampling 50000 steps by 12 slaves, spending 12.90 s.
[20260604 00:43:35 @multi_evo_agent_runner.py:94] Policy update, spending: 37.39 s.
[20260604 00:43:37 @multi_evo_agent_runner.py:99] Evaluation time: 1.80 s.
[20260604 00:43:37 @multi_evo_agent_runner.py:105] Total time:     295.06 min
[20260604 00:43:37 @multi_evo_agent_runner.py:115] Agent_0 gets eval reward: 776.69.
[20260604 00:43:37 @multi_evo_agent_runner.py:116] Agent_0 gets win rate: 0.44.
[20260604 00:43:37 @multi_evo_agent_runner.py:115] Agent_1 gets eval reward: 388.98.
[20260604 00:43:37 @multi_evo_agent_runner.py:116] Agent_1 gets win rate: 0.24.
[20260604 00:43:37 @multi_evo_agent_runner.py:79] #------------------------ Iteration 282 --------------------------#
[20260604 00:43:50 @multi_evo_agent_runner.py:85] Sampling 50000 steps by 12 slaves, spending 12.84 s.
[20260604 00:44:27 @multi_evo_agent_runner.py:94] Policy update, spending: 37.46 s.
[20260604 00:44:29 @multi_evo_agent_runner.py:99] Evaluation time: 2.04 s.
[20260604 00:44:29 @multi_evo_agent_runner.py:105] Total time:     295.94 min
[20260604 00:44:29 @multi_evo_agent_runner.py:115] Agent_0 gets eval reward: 730.14.
[20260604 00:44:29 @multi_evo_agent_runner.py:116] Agent_0 gets win rate: 0.49.
[20260604 00:44:29 @multi_evo_agent_runner.py:115] Agent_1 gets eval reward: 12.37.
[20260604 00:44:29 @multi_evo_agent_runner.py:116] Agent_1 gets win rate: 0.27.
[20260604 00:44:29 @multi_evo_agent_runner.py:79] #------------------------ Iteration 283 --------------------------#
[20260604 00:44:41 @multi_evo_agent_runner.py:85] Sampling 50000 steps by 12 slaves, spending 11.75 s.
[20260604 00:45:17 @multi_evo_agent_runner.py:94] Policy update, spending: 36.21 s.
[20260604 00:45:19 @multi_evo_agent_runner.py:99] Evaluation time: 1.85 s.
[20260604 00:45:19 @multi_evo_agent_runner.py:105] Total time:     296.77 min
[20260604 00:45:19 @multi_evo_agent_runner.py:115] Agent_0 gets eval reward: 757.67.
[20260604 00:45:19 @multi_evo_agent_runner.py:116] Agent_0 gets win rate: 0.51.
[20260604 00:45:19 @multi_evo_agent_runner.py:115] Agent_1 gets eval reward: 1.78.
[20260604 00:45:19 @multi_evo_agent_runner.py:116] Agent_1 gets win rate: 0.30.
[20260604 00:45:19 @multi_evo_agent_runner.py:79] #------------------------ Iteration 284 --------------------------#
[20260604 00:45:32 @multi_evo_agent_runner.py:85] Sampling 50000 steps by 12 slaves, spending 12.28 s.
[20260604 00:46:11 @multi_evo_agent_runner.py:94] Policy update, spending: 39.28 s.
[20260604 00:46:13 @multi_evo_agent_runner.py:99] Evaluation time: 1.98 s.
[20260604 00:46:13 @multi_evo_agent_runner.py:105] Total time:     297.66 min
[20260604 00:46:13 @multi_evo_agent_runner.py:115] Agent_0 gets eval reward: 1021.99.
[20260604 00:46:13 @multi_evo_agent_runner.py:116] Agent_0 gets win rate: 0.34.
[20260604 00:46:13 @multi_evo_agent_runner.py:115] Agent_1 gets eval reward: 406.24.
[20260604 00:46:13 @multi_evo_agent_runner.py:116] Agent_1 gets win rate: 0.37.
[20260604 00:46:13 @multi_evo_agent_runner.py:79] #------------------------ Iteration 285 --------------------------#
[20260604 00:46:25 @multi_evo_agent_runner.py:85] Sampling 50000 steps by 12 slaves, spending 12.20 s.
[20260604 00:47:04 @multi_evo_agent_runner.py:94] Policy update, spending: 38.43 s.
[20260604 00:47:06 @multi_evo_agent_runner.py:99] Evaluation time: 1.93 s.
[20260604 00:47:06 @multi_evo_agent_runner.py:105] Total time:     298.54 min
[20260604 00:47:06 @multi_evo_agent_runner.py:115] Agent_0 gets eval reward: 1045.93.
[20260604 00:47:06 @multi_evo_agent_runner.py:116] Agent_0 gets win rate: 0.43.
[20260604 00:47:06 @multi_evo_agent_runner.py:115] Agent_1 gets eval reward: 169.49.
[20260604 00:47:06 @multi_evo_agent_runner.py:116] Agent_1 gets win rate: 0.27.
[20260604 00:47:06 @multi_evo_agent_runner.py:79] #------------------------ Iteration 286 --------------------------#
[20260604 00:47:18 @multi_evo_agent_runner.py:85] Sampling 50000 steps by 12 slaves, spending 12.47 s.
[20260604 00:47:55 @multi_evo_agent_runner.py:94] Policy update, spending: 36.53 s.
[20260604 00:47:56 @multi_evo_agent_runner.py:99] Evaluation time: 1.75 s.
[20260604 00:47:56 @multi_evo_agent_runner.py:105] Total time:     299.39 min
[20260604 00:47:57 @multi_evo_agent_runner.py:115] Agent_0 gets eval reward: 857.68.
[20260604 00:47:57 @multi_evo_agent_runner.py:116] Agent_0 gets win rate: 0.50.
[20260604 00:47:57 @multi_evo_agent_runner.py:115] Agent_1 gets eval reward: 192.53.
[20260604 00:47:57 @multi_evo_agent_runner.py:116] Agent_1 gets win rate: 0.31.
[20260604 00:47:57 @multi_evo_agent_runner.py:79] #------------------------ Iteration 287 --------------------------#
[20260604 00:48:08 @multi_evo_agent_runner.py:85] Sampling 50000 steps by 12 slaves, spending 11.85 s.
[20260604 00:48:47 @multi_evo_agent_runner.py:94] Policy update, spending: 38.86 s.
[20260604 00:48:49 @multi_evo_agent_runner.py:99] Evaluation time: 1.99 s.
[20260604 00:48:49 @multi_evo_agent_runner.py:105] Total time:     300.27 min
[20260604 00:48:49 @multi_evo_agent_runner.py:115] Agent_0 gets eval reward: 739.82.
[20260604 00:48:49 @multi_evo_agent_runner.py:116] Agent_0 gets win rate: 0.42.
[20260604 00:48:49 @multi_evo_agent_runner.py:115] Agent_1 gets eval reward: 358.02.
[20260604 00:48:49 @multi_evo_agent_runner.py:116] Agent_1 gets win rate: 0.26.
[20260604 00:48:49 @multi_evo_agent_runner.py:79] #------------------------ Iteration 288 --------------------------#
[20260604 00:49:02 @multi_evo_agent_runner.py:85] Sampling 50000 steps by 12 slaves, spending 12.61 s.
[20260604 00:49:41 @multi_evo_agent_runner.py:94] Policy update, spending: 39.13 s.
[20260604 00:49:44 @multi_evo_agent_runner.py:99] Evaluation time: 2.33 s.
[20260604 00:49:44 @multi_evo_agent_runner.py:105] Total time:     301.18 min
[20260604 00:49:44 @multi_evo_agent_runner.py:115] Agent_0 gets eval reward: 833.26.
[20260604 00:49:44 @multi_evo_agent_runner.py:116] Agent_0 gets win rate: 0.42.
[20260604 00:49:44 @multi_evo_agent_runner.py:115] Agent_1 gets eval reward: 97.61.
[20260604 00:49:44 @multi_evo_agent_runner.py:116] Agent_1 gets win rate: 0.29.
[20260604 00:49:44 @multi_evo_agent_runner.py:79] #------------------------ Iteration 289 --------------------------#
[20260604 00:49:57 @multi_evo_agent_runner.py:85] Sampling 50000 steps by 12 slaves, spending 13.13 s.
[20260604 00:50:34 @multi_evo_agent_runner.py:94] Policy update, spending: 37.10 s.
[20260604 00:50:37 @multi_evo_agent_runner.py:99] Evaluation time: 2.86 s.
[20260604 00:50:37 @multi_evo_agent_runner.py:105] Total time:     302.06 min
[20260604 00:50:37 @multi_evo_agent_runner.py:115] Agent_0 gets eval reward: 871.73.
[20260604 00:50:37 @multi_evo_agent_runner.py:116] Agent_0 gets win rate: 0.41.
[20260604 00:50:37 @multi_evo_agent_runner.py:115] Agent_1 gets eval reward: 411.62.
[20260604 00:50:37 @multi_evo_agent_runner.py:116] Agent_1 gets win rate: 0.34.
[20260604 00:50:37 @multi_evo_agent_runner.py:79] #------------------------ Iteration 290 --------------------------#
[20260604 00:50:50 @multi_evo_agent_runner.py:85] Sampling 50000 steps by 12 slaves, spending 13.11 s.
[20260604 00:51:27 @multi_evo_agent_runner.py:94] Policy update, spending: 37.18 s.
[20260604 00:51:30 @multi_evo_agent_runner.py:99] Evaluation time: 2.58 s.
[20260604 00:51:30 @multi_evo_agent_runner.py:105] Total time:     302.95 min
[20260604 00:51:30 @multi_evo_agent_runner.py:115] Agent_0 gets eval reward: 859.97.
[20260604 00:51:30 @multi_evo_agent_runner.py:116] Agent_0 gets win rate: 0.38.
[20260604 00:51:30 @multi_evo_agent_runner.py:115] Agent_1 gets eval reward: 303.88.
[20260604 00:51:30 @multi_evo_agent_runner.py:116] Agent_1 gets win rate: 0.35.
[20260604 00:51:30 @multi_evo_agent_runner.py:79] #------------------------ Iteration 291 --------------------------#
[20260604 00:51:44 @multi_evo_agent_runner.py:85] Sampling 50000 steps by 12 slaves, spending 13.46 s.
[20260604 00:52:23 @multi_evo_agent_runner.py:94] Policy update, spending: 39.06 s.
[20260604 00:52:25 @multi_evo_agent_runner.py:99] Evaluation time: 2.51 s.
[20260604 00:52:25 @multi_evo_agent_runner.py:105] Total time:     303.87 min
[20260604 00:52:25 @multi_evo_agent_runner.py:115] Agent_0 gets eval reward: 614.01.
[20260604 00:52:25 @multi_evo_agent_runner.py:116] Agent_0 gets win rate: 0.47.
[20260604 00:52:25 @multi_evo_agent_runner.py:115] Agent_1 gets eval reward: 152.99.
[20260604 00:52:25 @multi_evo_agent_runner.py:116] Agent_1 gets win rate: 0.25.
[20260604 00:52:25 @multi_evo_agent_runner.py:79] #------------------------ Iteration 292 --------------------------#
[20260604 00:52:38 @multi_evo_agent_runner.py:85] Sampling 50000 steps by 12 slaves, spending 12.84 s.
[20260604 00:53:18 @multi_evo_agent_runner.py:94] Policy update, spending: 40.10 s.
[20260604 00:53:21 @multi_evo_agent_runner.py:99] Evaluation time: 2.37 s.
[20260604 00:53:21 @multi_evo_agent_runner.py:105] Total time:     304.79 min
[20260604 00:53:21 @multi_evo_agent_runner.py:115] Agent_0 gets eval reward: 651.31.
[20260604 00:53:21 @multi_evo_agent_runner.py:116] Agent_0 gets win rate: 0.38.
[20260604 00:53:21 @multi_evo_agent_runner.py:115] Agent_1 gets eval reward: 189.08.
[20260604 00:53:21 @multi_evo_agent_runner.py:116] Agent_1 gets win rate: 0.35.
[20260604 00:53:21 @multi_evo_agent_runner.py:79] #------------------------ Iteration 293 --------------------------#
[20260604 00:53:36 @multi_evo_agent_runner.py:85] Sampling 50000 steps by 12 slaves, spending 14.73 s.
[20260604 00:54:25 @multi_evo_agent_runner.py:94] Policy update, spending: 49.74 s.
[20260604 00:54:27 @multi_evo_agent_runner.py:99] Evaluation time: 2.15 s.
[20260604 00:54:27 @multi_evo_agent_runner.py:105] Total time:     305.91 min
[20260604 00:54:28 @multi_evo_agent_runner.py:115] Agent_0 gets eval reward: 793.83.
[20260604 00:54:28 @multi_evo_agent_runner.py:116] Agent_0 gets win rate: 0.52.
[20260604 00:54:28 @multi_evo_agent_runner.py:115] Agent_1 gets eval reward: 189.91.
[20260604 00:54:28 @multi_evo_agent_runner.py:116] Agent_1 gets win rate: 0.21.
[20260604 00:54:28 @multi_evo_agent_runner.py:79] #------------------------ Iteration 294 --------------------------#
[20260604 00:54:43 @multi_evo_agent_runner.py:85] Sampling 50000 steps by 12 slaves, spending 15.33 s.
[20260604 00:55:33 @multi_evo_agent_runner.py:94] Policy update, spending: 49.85 s.
[20260604 00:55:35 @multi_evo_agent_runner.py:99] Evaluation time: 2.48 s.
[20260604 00:55:35 @multi_evo_agent_runner.py:105] Total time:     307.04 min
[20260604 00:55:35 @multi_evo_agent_runner.py:115] Agent_0 gets eval reward: 312.54.
[20260604 00:55:35 @multi_evo_agent_runner.py:116] Agent_0 gets win rate: 0.28.
[20260604 00:55:35 @multi_evo_agent_runner.py:115] Agent_1 gets eval reward: 360.49.
[20260604 00:55:35 @multi_evo_agent_runner.py:116] Agent_1 gets win rate: 0.34.
[20260604 00:55:36 @multi_evo_agent_runner.py:79] #------------------------ Iteration 295 --------------------------#
[20260604 00:55:51 @multi_evo_agent_runner.py:85] Sampling 50000 steps by 12 slaves, spending 15.55 s.
[20260604 00:56:31 @multi_evo_agent_runner.py:94] Policy update, spending: 39.46 s.
[20260604 00:56:32 @multi_evo_agent_runner.py:99] Evaluation time: 1.83 s.
[20260604 00:56:32 @multi_evo_agent_runner.py:105] Total time:     307.99 min
[20260604 00:56:32 @multi_evo_agent_runner.py:115] Agent_0 gets eval reward: 881.71.
[20260604 00:56:32 @multi_evo_agent_runner.py:116] Agent_0 gets win rate: 0.46.
[20260604 00:56:32 @multi_evo_agent_runner.py:115] Agent_1 gets eval reward: 158.33.
[20260604 00:56:32 @multi_evo_agent_runner.py:116] Agent_1 gets win rate: 0.33.
[20260604 00:56:33 @multi_evo_agent_runner.py:79] #------------------------ Iteration 296 --------------------------#
[20260604 00:56:48 @multi_evo_agent_runner.py:85] Sampling 50000 steps by 12 slaves, spending 15.70 s.
[20260604 00:57:27 @multi_evo_agent_runner.py:94] Policy update, spending: 38.53 s.
[20260604 00:57:29 @multi_evo_agent_runner.py:99] Evaluation time: 1.96 s.
[20260604 00:57:29 @multi_evo_agent_runner.py:105] Total time:     308.93 min
[20260604 00:57:29 @multi_evo_agent_runner.py:115] Agent_0 gets eval reward: 926.92.
[20260604 00:57:29 @multi_evo_agent_runner.py:116] Agent_0 gets win rate: 0.54.
[20260604 00:57:29 @multi_evo_agent_runner.py:115] Agent_1 gets eval reward: -36.73.
[20260604 00:57:29 @multi_evo_agent_runner.py:116] Agent_1 gets win rate: 0.23.
[20260604 00:57:29 @multi_evo_agent_runner.py:79] #------------------------ Iteration 297 --------------------------#
[20260604 00:57:44 @multi_evo_agent_runner.py:85] Sampling 50000 steps by 12 slaves, spending 14.98 s.
[20260604 00:58:19 @multi_evo_agent_runner.py:94] Policy update, spending: 34.97 s.
[20260604 00:58:21 @multi_evo_agent_runner.py:99] Evaluation time: 1.74 s.
[20260604 00:58:21 @multi_evo_agent_runner.py:105] Total time:     309.79 min
[20260604 00:58:21 @multi_evo_agent_runner.py:115] Agent_0 gets eval reward: 1285.80.
[20260604 00:58:21 @multi_evo_agent_runner.py:116] Agent_0 gets win rate: 0.55.
[20260604 00:58:21 @multi_evo_agent_runner.py:115] Agent_1 gets eval reward: -98.53.
[20260604 00:58:21 @multi_evo_agent_runner.py:116] Agent_1 gets win rate: 0.15.
[20260604 00:58:21 @multi_evo_agent_runner.py:510] CRITICAL save best checkpoint with agent_0's rewards 1285.80!
[20260604 00:58:21 @multi_evo_agent_runner.py:79] #------------------------ Iteration 298 --------------------------#
[20260604 00:58:36 @multi_evo_agent_runner.py:85] Sampling 50000 steps by 12 slaves, spending 15.47 s.
[20260604 00:59:13 @multi_evo_agent_runner.py:94] Policy update, spending: 36.68 s.
[20260604 00:59:15 @multi_evo_agent_runner.py:99] Evaluation time: 1.82 s.
[20260604 00:59:15 @multi_evo_agent_runner.py:105] Total time:     310.70 min
[20260604 00:59:15 @multi_evo_agent_runner.py:115] Agent_0 gets eval reward: 886.72.
[20260604 00:59:15 @multi_evo_agent_runner.py:116] Agent_0 gets win rate: 0.41.
[20260604 00:59:15 @multi_evo_agent_runner.py:115] Agent_1 gets eval reward: 160.89.
[20260604 00:59:15 @multi_evo_agent_runner.py:116] Agent_1 gets win rate: 0.23.
[20260604 00:59:15 @multi_evo_agent_runner.py:79] #------------------------ Iteration 299 --------------------------#
[20260604 00:59:31 @multi_evo_agent_runner.py:85] Sampling 50000 steps by 12 slaves, spending 15.92 s.
[20260604 01:00:30 @multi_evo_agent_runner.py:94] Policy update, spending: 59.04 s.
[20260604 01:00:32 @multi_evo_agent_runner.py:99] Evaluation time: 2.04 s.
[20260604 01:00:32 @multi_evo_agent_runner.py:105] Total time:     311.98 min
[20260604 01:00:32 @multi_evo_agent_runner.py:115] Agent_0 gets eval reward: 817.02.
[20260604 01:00:32 @multi_evo_agent_runner.py:116] Agent_0 gets win rate: 0.60.
[20260604 01:00:32 @multi_evo_agent_runner.py:115] Agent_1 gets eval reward: -357.19.
[20260604 01:00:32 @multi_evo_agent_runner.py:116] Agent_1 gets win rate: 0.21.
[20260604 01:00:32 @multi_evo_agent_runner.py:510] CRITICAL save best checkpoint with agent_0's rewards 817.02!
[20260604 01:00:32 @multi_evo_agent_runner.py:79] #------------------------ Iteration 300 --------------------------#
[20260604 01:00:48 @multi_evo_agent_runner.py:85] Sampling 50000 steps by 12 slaves, spending 15.56 s.
[20260604 01:01:41 @multi_evo_agent_runner.py:94] Policy update, spending: 53.33 s.
[20260604 01:01:43 @multi_evo_agent_runner.py:99] Evaluation time: 2.08 s.
[20260604 01:01:43 @multi_evo_agent_runner.py:105] Total time:     313.17 min
[20260604 01:01:43 @multi_evo_agent_runner.py:115] Agent_0 gets eval reward: 1153.78.
[20260604 01:01:43 @multi_evo_agent_runner.py:116] Agent_0 gets win rate: 0.48.
[20260604 01:01:43 @multi_evo_agent_runner.py:115] Agent_1 gets eval reward: 189.08.
[20260604 01:01:43 @multi_evo_agent_runner.py:116] Agent_1 gets win rate: 0.24.
[20260604 01:01:43 @multi_evo_agent_runner.py:510] CRITICAL save best checkpoint with agent_0's rewards 1153.78!
[20260604 01:01:43 @multi_evo_agent_runner.py:79] #------------------------ Iteration 301 --------------------------#
[20260604 01:01:59 @multi_evo_agent_runner.py:85] Sampling 50000 steps by 12 slaves, spending 15.54 s.
[20260604 01:02:54 @multi_evo_agent_runner.py:94] Policy update, spending: 54.94 s.
[20260604 01:02:56 @multi_evo_agent_runner.py:99] Evaluation time: 2.09 s.
[20260604 01:02:56 @multi_evo_agent_runner.py:105] Total time:     314.38 min
[20260604 01:02:56 @multi_evo_agent_runner.py:115] Agent_0 gets eval reward: 832.95.
[20260604 01:02:56 @multi_evo_agent_runner.py:116] Agent_0 gets win rate: 0.62.
[20260604 01:02:56 @multi_evo_agent_runner.py:115] Agent_1 gets eval reward: -87.39.
[20260604 01:02:56 @multi_evo_agent_runner.py:116] Agent_1 gets win rate: 0.27.
[20260604 01:02:56 @multi_evo_agent_runner.py:510] CRITICAL save best checkpoint with agent_0's rewards 832.95!
[20260604 01:02:56 @multi_evo_agent_runner.py:79] #------------------------ Iteration 302 --------------------------#
[20260604 01:03:12 @multi_evo_agent_runner.py:85] Sampling 50000 steps by 12 slaves, spending 15.77 s.
[20260604 01:04:07 @multi_evo_agent_runner.py:94] Policy update, spending: 54.73 s.
[20260604 01:04:09 @multi_evo_agent_runner.py:99] Evaluation time: 2.29 s.
[20260604 01:04:09 @multi_evo_agent_runner.py:105] Total time:     315.60 min
[20260604 01:04:09 @multi_evo_agent_runner.py:115] Agent_0 gets eval reward: 267.74.
[20260604 01:04:09 @multi_evo_agent_runner.py:116] Agent_0 gets win rate: 0.20.
[20260604 01:04:09 @multi_evo_agent_runner.py:115] Agent_1 gets eval reward: 248.00.
[20260604 01:04:09 @multi_evo_agent_runner.py:116] Agent_1 gets win rate: 0.30.
[20260604 01:04:09 @multi_evo_agent_runner.py:79] #------------------------ Iteration 303 --------------------------#
[20260604 01:04:24 @multi_evo_agent_runner.py:85] Sampling 50000 steps by 12 slaves, spending 15.09 s.
[20260604 01:05:10 @multi_evo_agent_runner.py:94] Policy update, spending: 45.97 s.
[20260604 01:05:13 @multi_evo_agent_runner.py:99] Evaluation time: 2.29 s.
[20260604 01:05:13 @multi_evo_agent_runner.py:105] Total time:     316.66 min
[20260604 01:05:13 @multi_evo_agent_runner.py:115] Agent_0 gets eval reward: 1226.98.
[20260604 01:05:13 @multi_evo_agent_runner.py:116] Agent_0 gets win rate: 0.40.
[20260604 01:05:13 @multi_evo_agent_runner.py:115] Agent_1 gets eval reward: 452.62.
[20260604 01:05:13 @multi_evo_agent_runner.py:116] Agent_1 gets win rate: 0.13.
[20260604 01:05:13 @multi_evo_agent_runner.py:510] CRITICAL save best checkpoint with agent_0's rewards 1226.98!
[20260604 01:05:13 @multi_evo_agent_runner.py:79] #------------------------ Iteration 304 --------------------------#
[20260604 01:05:29 @multi_evo_agent_runner.py:85] Sampling 50000 steps by 12 slaves, spending 15.67 s.
[20260604 01:06:08 @multi_evo_agent_runner.py:94] Policy update, spending: 39.63 s.
[20260604 01:06:11 @multi_evo_agent_runner.py:99] Evaluation time: 2.39 s.
[20260604 01:06:11 @multi_evo_agent_runner.py:105] Total time:     317.63 min
[20260604 01:06:11 @multi_evo_agent_runner.py:115] Agent_0 gets eval reward: 628.83.
[20260604 01:06:11 @multi_evo_agent_runner.py:116] Agent_0 gets win rate: 0.59.
[20260604 01:06:11 @multi_evo_agent_runner.py:115] Agent_1 gets eval reward: -60.36.
[20260604 01:06:11 @multi_evo_agent_runner.py:116] Agent_1 gets win rate: 0.31.
[20260604 01:06:11 @multi_evo_agent_runner.py:510] CRITICAL save best checkpoint with agent_0's rewards 628.83!
[20260604 01:06:11 @multi_evo_agent_runner.py:79] #------------------------ Iteration 305 --------------------------#
[20260604 01:06:24 @multi_evo_agent_runner.py:85] Sampling 50000 steps by 12 slaves, spending 13.42 s.
[20260604 01:07:21 @multi_evo_agent_runner.py:94] Policy update, spending: 57.15 s.
[20260604 01:07:24 @multi_evo_agent_runner.py:99] Evaluation time: 2.54 s.
[20260604 01:07:24 @multi_evo_agent_runner.py:105] Total time:     318.85 min
[20260604 01:07:24 @multi_evo_agent_runner.py:115] Agent_0 gets eval reward: 859.27.
[20260604 01:07:24 @multi_evo_agent_runner.py:116] Agent_0 gets win rate: 0.48.
[20260604 01:07:24 @multi_evo_agent_runner.py:115] Agent_1 gets eval reward: 95.22.
[20260604 01:07:24 @multi_evo_agent_runner.py:116] Agent_1 gets win rate: 0.23.
[20260604 01:07:24 @multi_evo_agent_runner.py:510] CRITICAL save best checkpoint with agent_0's rewards 859.27!
[20260604 01:07:24 @multi_evo_agent_runner.py:79] #------------------------ Iteration 306 --------------------------#
[20260604 01:07:39 @multi_evo_agent_runner.py:85] Sampling 50000 steps by 12 slaves, spending 14.36 s.
[20260604 01:08:29 @multi_evo_agent_runner.py:94] Policy update, spending: 50.42 s.
[20260604 01:08:32 @multi_evo_agent_runner.py:99] Evaluation time: 2.82 s.
[20260604 01:08:32 @multi_evo_agent_runner.py:105] Total time:     319.98 min
[20260604 01:08:32 @multi_evo_agent_runner.py:115] Agent_0 gets eval reward: 846.04.
[20260604 01:08:32 @multi_evo_agent_runner.py:116] Agent_0 gets win rate: 0.32.
[20260604 01:08:32 @multi_evo_agent_runner.py:115] Agent_1 gets eval reward: 29.55.
[20260604 01:08:32 @multi_evo_agent_runner.py:116] Agent_1 gets win rate: 0.23.
[20260604 01:08:32 @multi_evo_agent_runner.py:79] #------------------------ Iteration 307 --------------------------#
[20260604 01:08:47 @multi_evo_agent_runner.py:85] Sampling 50000 steps by 12 slaves, spending 15.08 s.
[20260604 01:09:43 @multi_evo_agent_runner.py:94] Policy update, spending: 55.47 s.
[20260604 01:09:45 @multi_evo_agent_runner.py:99] Evaluation time: 2.36 s.
[20260604 01:09:45 @multi_evo_agent_runner.py:105] Total time:     321.20 min
[20260604 01:09:45 @multi_evo_agent_runner.py:115] Agent_0 gets eval reward: 833.40.
[20260604 01:09:45 @multi_evo_agent_runner.py:116] Agent_0 gets win rate: 0.34.
[20260604 01:09:45 @multi_evo_agent_runner.py:115] Agent_1 gets eval reward: -23.00.
[20260604 01:09:45 @multi_evo_agent_runner.py:116] Agent_1 gets win rate: 0.22.
[20260604 01:09:45 @multi_evo_agent_runner.py:79] #------------------------ Iteration 308 --------------------------#
[20260604 01:10:01 @multi_evo_agent_runner.py:85] Sampling 50000 steps by 12 slaves, spending 15.99 s.
[20260604 01:10:50 @multi_evo_agent_runner.py:94] Policy update, spending: 48.53 s.
[20260604 01:10:52 @multi_evo_agent_runner.py:99] Evaluation time: 2.33 s.
[20260604 01:10:52 @multi_evo_agent_runner.py:105] Total time:     322.32 min
[20260604 01:10:52 @multi_evo_agent_runner.py:115] Agent_0 gets eval reward: 574.04.
[20260604 01:10:52 @multi_evo_agent_runner.py:116] Agent_0 gets win rate: 0.23.
[20260604 01:10:52 @multi_evo_agent_runner.py:115] Agent_1 gets eval reward: 52.57.
[20260604 01:10:52 @multi_evo_agent_runner.py:116] Agent_1 gets win rate: 0.30.
[20260604 01:10:52 @multi_evo_agent_runner.py:79] #------------------------ Iteration 309 --------------------------#
[20260604 01:11:08 @multi_evo_agent_runner.py:85] Sampling 50000 steps by 12 slaves, spending 15.64 s.
[20260604 01:12:04 @multi_evo_agent_runner.py:94] Policy update, spending: 55.74 s.
[20260604 01:12:06 @multi_evo_agent_runner.py:99] Evaluation time: 2.31 s.
[20260604 01:12:06 @multi_evo_agent_runner.py:105] Total time:     323.55 min
[20260604 01:12:06 @multi_evo_agent_runner.py:115] Agent_0 gets eval reward: 859.79.
[20260604 01:12:06 @multi_evo_agent_runner.py:116] Agent_0 gets win rate: 0.57.
[20260604 01:12:06 @multi_evo_agent_runner.py:115] Agent_1 gets eval reward: -130.53.
[20260604 01:12:06 @multi_evo_agent_runner.py:116] Agent_1 gets win rate: 0.17.
[20260604 01:12:06 @multi_evo_agent_runner.py:510] CRITICAL save best checkpoint with agent_0's rewards 859.79!
[20260604 01:12:06 @multi_evo_agent_runner.py:79] #------------------------ Iteration 310 --------------------------#
[20260604 01:12:21 @multi_evo_agent_runner.py:85] Sampling 50000 steps by 12 slaves, spending 14.83 s.
[20260604 01:13:15 @multi_evo_agent_runner.py:94] Policy update, spending: 54.08 s.
[20260604 01:13:17 @multi_evo_agent_runner.py:99] Evaluation time: 2.03 s.
[20260604 01:13:17 @multi_evo_agent_runner.py:105] Total time:     324.73 min
[20260604 01:13:17 @multi_evo_agent_runner.py:115] Agent_0 gets eval reward: 1028.67.
[20260604 01:13:17 @multi_evo_agent_runner.py:116] Agent_0 gets win rate: 0.56.
[20260604 01:13:17 @multi_evo_agent_runner.py:115] Agent_1 gets eval reward: 77.16.
[20260604 01:13:17 @multi_evo_agent_runner.py:116] Agent_1 gets win rate: 0.32.
[20260604 01:13:17 @multi_evo_agent_runner.py:510] CRITICAL save best checkpoint with agent_0's rewards 1028.67!
[20260604 01:13:17 @multi_evo_agent_runner.py:79] #------------------------ Iteration 311 --------------------------#
[20260604 01:13:31 @multi_evo_agent_runner.py:85] Sampling 50000 steps by 12 slaves, spending 14.09 s.
[20260604 01:14:19 @multi_evo_agent_runner.py:94] Policy update, spending: 47.59 s.
[20260604 01:14:21 @multi_evo_agent_runner.py:99] Evaluation time: 2.14 s.
[20260604 01:14:21 @multi_evo_agent_runner.py:105] Total time:     325.80 min
[20260604 01:14:21 @multi_evo_agent_runner.py:115] Agent_0 gets eval reward: 911.38.
[20260604 01:14:21 @multi_evo_agent_runner.py:116] Agent_0 gets win rate: 0.68.
[20260604 01:14:21 @multi_evo_agent_runner.py:115] Agent_1 gets eval reward: -308.69.
[20260604 01:14:21 @multi_evo_agent_runner.py:116] Agent_1 gets win rate: 0.24.
[20260604 01:14:21 @multi_evo_agent_runner.py:510] CRITICAL save best checkpoint with agent_0's rewards 911.38!
[20260604 01:14:21 @multi_evo_agent_runner.py:79] #------------------------ Iteration 312 --------------------------#
[20260604 01:14:36 @multi_evo_agent_runner.py:85] Sampling 50000 steps by 12 slaves, spending 15.09 s.
[20260604 01:15:19 @multi_evo_agent_runner.py:94] Policy update, spending: 42.51 s.
[20260604 01:15:21 @multi_evo_agent_runner.py:99] Evaluation time: 2.18 s.
[20260604 01:15:21 @multi_evo_agent_runner.py:105] Total time:     326.80 min
[20260604 01:15:21 @multi_evo_agent_runner.py:115] Agent_0 gets eval reward: 616.46.
[20260604 01:15:21 @multi_evo_agent_runner.py:116] Agent_0 gets win rate: 0.33.
[20260604 01:15:21 @multi_evo_agent_runner.py:115] Agent_1 gets eval reward: 27.32.
[20260604 01:15:21 @multi_evo_agent_runner.py:116] Agent_1 gets win rate: 0.36.
[20260604 01:15:21 @multi_evo_agent_runner.py:79] #------------------------ Iteration 313 --------------------------#
[20260604 01:15:38 @multi_evo_agent_runner.py:85] Sampling 50000 steps by 12 slaves, spending 16.71 s.
[20260604 01:16:32 @multi_evo_agent_runner.py:94] Policy update, spending: 54.63 s.
[20260604 01:16:35 @multi_evo_agent_runner.py:99] Evaluation time: 2.09 s.
[20260604 01:16:35 @multi_evo_agent_runner.py:105] Total time:     328.03 min
[20260604 01:16:35 @multi_evo_agent_runner.py:115] Agent_0 gets eval reward: 565.88.
[20260604 01:16:35 @multi_evo_agent_runner.py:116] Agent_0 gets win rate: 0.50.
[20260604 01:16:35 @multi_evo_agent_runner.py:115] Agent_1 gets eval reward: -146.86.
[20260604 01:16:35 @multi_evo_agent_runner.py:116] Agent_1 gets win rate: 0.23.
[20260604 01:16:35 @multi_evo_agent_runner.py:79] #------------------------ Iteration 314 --------------------------#
[20260604 01:16:50 @multi_evo_agent_runner.py:85] Sampling 50000 steps by 12 slaves, spending 15.61 s.
[20260604 01:17:39 @multi_evo_agent_runner.py:94] Policy update, spending: 48.33 s.
[20260604 01:17:41 @multi_evo_agent_runner.py:99] Evaluation time: 2.01 s.
[20260604 01:17:41 @multi_evo_agent_runner.py:105] Total time:     329.13 min
[20260604 01:17:41 @multi_evo_agent_runner.py:115] Agent_0 gets eval reward: 894.20.
[20260604 01:17:41 @multi_evo_agent_runner.py:116] Agent_0 gets win rate: 0.54.
[20260604 01:17:41 @multi_evo_agent_runner.py:115] Agent_1 gets eval reward: -211.34.
[20260604 01:17:41 @multi_evo_agent_runner.py:116] Agent_1 gets win rate: 0.16.
[20260604 01:17:41 @multi_evo_agent_runner.py:79] #------------------------ Iteration 315 --------------------------#
[20260604 01:17:56 @multi_evo_agent_runner.py:85] Sampling 50000 steps by 12 slaves, spending 15.30 s.
[20260604 01:18:48 @multi_evo_agent_runner.py:94] Policy update, spending: 51.97 s.
[20260604 01:18:50 @multi_evo_agent_runner.py:99] Evaluation time: 2.04 s.
[20260604 01:18:50 @multi_evo_agent_runner.py:105] Total time:     330.29 min
[20260604 01:18:50 @multi_evo_agent_runner.py:115] Agent_0 gets eval reward: 997.24.
[20260604 01:18:50 @multi_evo_agent_runner.py:116] Agent_0 gets win rate: 0.49.
[20260604 01:18:50 @multi_evo_agent_runner.py:115] Agent_1 gets eval reward: -18.15.
[20260604 01:18:50 @multi_evo_agent_runner.py:116] Agent_1 gets win rate: 0.33.
[20260604 01:18:50 @multi_evo_agent_runner.py:510] CRITICAL save best checkpoint with agent_0's rewards 997.24!
[20260604 01:18:50 @multi_evo_agent_runner.py:79] #------------------------ Iteration 316 --------------------------#
[20260604 01:19:06 @multi_evo_agent_runner.py:85] Sampling 50000 steps by 12 slaves, spending 15.08 s.
[20260604 01:19:54 @multi_evo_agent_runner.py:94] Policy update, spending: 48.52 s.
[20260604 01:19:57 @multi_evo_agent_runner.py:99] Evaluation time: 2.88 s.
[20260604 01:19:57 @multi_evo_agent_runner.py:105] Total time:     331.40 min
[20260604 01:19:57 @multi_evo_agent_runner.py:115] Agent_0 gets eval reward: 935.12.
[20260604 01:19:57 @multi_evo_agent_runner.py:116] Agent_0 gets win rate: 0.62.
[20260604 01:19:57 @multi_evo_agent_runner.py:115] Agent_1 gets eval reward: -257.04.
[20260604 01:19:57 @multi_evo_agent_runner.py:116] Agent_1 gets win rate: 0.08.
[20260604 01:19:57 @multi_evo_agent_runner.py:510] CRITICAL save best checkpoint with agent_0's rewards 935.12!
[20260604 01:19:57 @multi_evo_agent_runner.py:79] #------------------------ Iteration 317 --------------------------#
[20260604 01:20:11 @multi_evo_agent_runner.py:85] Sampling 50000 steps by 12 slaves, spending 13.46 s.
[20260604 01:21:02 @multi_evo_agent_runner.py:94] Policy update, spending: 51.23 s.
[20260604 01:21:04 @multi_evo_agent_runner.py:99] Evaluation time: 2.03 s.
[20260604 01:21:04 @multi_evo_agent_runner.py:105] Total time:     332.52 min
[20260604 01:21:04 @multi_evo_agent_runner.py:115] Agent_0 gets eval reward: 950.52.
[20260604 01:21:04 @multi_evo_agent_runner.py:116] Agent_0 gets win rate: 0.41.
[20260604 01:21:04 @multi_evo_agent_runner.py:115] Agent_1 gets eval reward: 60.54.
[20260604 01:21:04 @multi_evo_agent_runner.py:116] Agent_1 gets win rate: 0.24.
[20260604 01:21:04 @multi_evo_agent_runner.py:510] CRITICAL save best checkpoint with agent_0's rewards 950.52!
[20260604 01:21:04 @multi_evo_agent_runner.py:79] #------------------------ Iteration 318 --------------------------#
[20260604 01:21:19 @multi_evo_agent_runner.py:85] Sampling 50000 steps by 12 slaves, spending 15.10 s.
[20260604 01:22:11 @multi_evo_agent_runner.py:94] Policy update, spending: 51.20 s.
[20260604 01:22:13 @multi_evo_agent_runner.py:99] Evaluation time: 2.09 s.
[20260604 01:22:13 @multi_evo_agent_runner.py:105] Total time:     333.66 min
[20260604 01:22:13 @multi_evo_agent_runner.py:115] Agent_0 gets eval reward: 696.30.
[20260604 01:22:13 @multi_evo_agent_runner.py:116] Agent_0 gets win rate: 0.24.
[20260604 01:22:13 @multi_evo_agent_runner.py:115] Agent_1 gets eval reward: 143.87.
[20260604 01:22:13 @multi_evo_agent_runner.py:116] Agent_1 gets win rate: 0.16.
[20260604 01:22:13 @multi_evo_agent_runner.py:79] #------------------------ Iteration 319 --------------------------#
[20260604 01:22:29 @multi_evo_agent_runner.py:85] Sampling 50000 steps by 12 slaves, spending 15.83 s.
[20260604 01:23:23 @multi_evo_agent_runner.py:94] Policy update, spending: 54.82 s.
[20260604 01:23:26 @multi_evo_agent_runner.py:99] Evaluation time: 2.17 s.
[20260604 01:23:26 @multi_evo_agent_runner.py:105] Total time:     334.88 min
[20260604 01:23:26 @multi_evo_agent_runner.py:115] Agent_0 gets eval reward: 977.75.
[20260604 01:23:26 @multi_evo_agent_runner.py:116] Agent_0 gets win rate: 0.49.
[20260604 01:23:26 @multi_evo_agent_runner.py:115] Agent_1 gets eval reward: -114.75.
[20260604 01:23:26 @multi_evo_agent_runner.py:116] Agent_1 gets win rate: 0.22.
[20260604 01:23:26 @multi_evo_agent_runner.py:510] CRITICAL save best checkpoint with agent_0's rewards 977.75!
[20260604 01:23:26 @multi_evo_agent_runner.py:79] #------------------------ Iteration 320 --------------------------#
[20260604 01:23:42 @multi_evo_agent_runner.py:85] Sampling 50000 steps by 12 slaves, spending 15.64 s.
[20260604 01:24:36 @multi_evo_agent_runner.py:94] Policy update, spending: 54.22 s.
[20260604 01:24:38 @multi_evo_agent_runner.py:99] Evaluation time: 2.03 s.
[20260604 01:24:38 @multi_evo_agent_runner.py:105] Total time:     336.08 min
[20260604 01:24:38 @multi_evo_agent_runner.py:115] Agent_0 gets eval reward: 805.14.
[20260604 01:24:38 @multi_evo_agent_runner.py:116] Agent_0 gets win rate: 0.54.
[20260604 01:24:38 @multi_evo_agent_runner.py:115] Agent_1 gets eval reward: -182.74.
[20260604 01:24:38 @multi_evo_agent_runner.py:116] Agent_1 gets win rate: 0.17.
[20260604 01:24:38 @multi_evo_agent_runner.py:510] CRITICAL save best checkpoint with agent_0's rewards 805.14!
[20260604 01:24:38 @multi_evo_agent_runner.py:79] #------------------------ Iteration 321 --------------------------#
[20260604 01:24:53 @multi_evo_agent_runner.py:85] Sampling 50000 steps by 12 slaves, spending 15.26 s.
[20260604 01:25:49 @multi_evo_agent_runner.py:94] Policy update, spending: 55.33 s.
[20260604 01:25:50 @multi_evo_agent_runner.py:99] Evaluation time: 1.88 s.
[20260604 01:25:50 @multi_evo_agent_runner.py:105] Total time:     337.29 min
[20260604 01:25:51 @multi_evo_agent_runner.py:115] Agent_0 gets eval reward: 1110.97.
[20260604 01:25:51 @multi_evo_agent_runner.py:116] Agent_0 gets win rate: 0.53.
[20260604 01:25:51 @multi_evo_agent_runner.py:115] Agent_1 gets eval reward: -45.09.
[20260604 01:25:51 @multi_evo_agent_runner.py:116] Agent_1 gets win rate: 0.21.
[20260604 01:25:51 @multi_evo_agent_runner.py:510] CRITICAL save best checkpoint with agent_0's rewards 1110.97!
[20260604 01:25:51 @multi_evo_agent_runner.py:79] #------------------------ Iteration 322 --------------------------#
[20260604 01:26:05 @multi_evo_agent_runner.py:85] Sampling 50000 steps by 12 slaves, spending 14.72 s.
[20260604 01:27:02 @multi_evo_agent_runner.py:94] Policy update, spending: 56.22 s.
[20260604 01:27:03 @multi_evo_agent_runner.py:99] Evaluation time: 1.88 s.
[20260604 01:27:03 @multi_evo_agent_runner.py:105] Total time:     338.51 min
[20260604 01:27:04 @multi_evo_agent_runner.py:115] Agent_0 gets eval reward: 618.65.
[20260604 01:27:04 @multi_evo_agent_runner.py:116] Agent_0 gets win rate: 0.24.
[20260604 01:27:04 @multi_evo_agent_runner.py:115] Agent_1 gets eval reward: 100.34.
[20260604 01:27:04 @multi_evo_agent_runner.py:116] Agent_1 gets win rate: 0.12.
[20260604 01:27:04 @multi_evo_agent_runner.py:79] #------------------------ Iteration 323 --------------------------#
[20260604 01:27:18 @multi_evo_agent_runner.py:85] Sampling 50000 steps by 12 slaves, spending 14.15 s.
[20260604 01:27:55 @multi_evo_agent_runner.py:94] Policy update, spending: 37.47 s.
[20260604 01:27:57 @multi_evo_agent_runner.py:99] Evaluation time: 2.17 s.
[20260604 01:27:57 @multi_evo_agent_runner.py:105] Total time:     339.41 min
[20260604 01:27:58 @multi_evo_agent_runner.py:115] Agent_0 gets eval reward: 1105.45.
[20260604 01:27:58 @multi_evo_agent_runner.py:116] Agent_0 gets win rate: 0.39.
[20260604 01:27:58 @multi_evo_agent_runner.py:115] Agent_1 gets eval reward: -81.56.
[20260604 01:27:58 @multi_evo_agent_runner.py:116] Agent_1 gets win rate: 0.11.
[20260604 01:27:58 @multi_evo_agent_runner.py:79] #------------------------ Iteration 324 --------------------------#
[20260604 01:28:13 @multi_evo_agent_runner.py:85] Sampling 50000 steps by 12 slaves, spending 14.93 s.
[20260604 01:28:47 @multi_evo_agent_runner.py:94] Policy update, spending: 33.99 s.
[20260604 01:28:48 @multi_evo_agent_runner.py:99] Evaluation time: 1.85 s.
[20260604 01:28:48 @multi_evo_agent_runner.py:105] Total time:     340.26 min
[20260604 01:28:48 @multi_evo_agent_runner.py:115] Agent_0 gets eval reward: 772.54.
[20260604 01:28:48 @multi_evo_agent_runner.py:116] Agent_0 gets win rate: 0.44.
[20260604 01:28:48 @multi_evo_agent_runner.py:115] Agent_1 gets eval reward: -14.05.
[20260604 01:28:48 @multi_evo_agent_runner.py:116] Agent_1 gets win rate: 0.24.
[20260604 01:28:49 @multi_evo_agent_runner.py:79] #------------------------ Iteration 325 --------------------------#
[20260604 01:29:04 @multi_evo_agent_runner.py:85] Sampling 50000 steps by 12 slaves, spending 15.67 s.
[20260604 01:29:39 @multi_evo_agent_runner.py:94] Policy update, spending: 34.60 s.
[20260604 01:29:41 @multi_evo_agent_runner.py:99] Evaluation time: 1.70 s.
[20260604 01:29:41 @multi_evo_agent_runner.py:105] Total time:     341.13 min
[20260604 01:29:41 @multi_evo_agent_runner.py:115] Agent_0 gets eval reward: 1142.92.
[20260604 01:29:41 @multi_evo_agent_runner.py:116] Agent_0 gets win rate: 0.56.
[20260604 01:29:41 @multi_evo_agent_runner.py:115] Agent_1 gets eval reward: -454.02.
[20260604 01:29:41 @multi_evo_agent_runner.py:116] Agent_1 gets win rate: 0.12.
[20260604 01:29:41 @multi_evo_agent_runner.py:510] CRITICAL save best checkpoint with agent_0's rewards 1142.92!
[20260604 01:29:41 @multi_evo_agent_runner.py:79] #------------------------ Iteration 326 --------------------------#
[20260604 01:29:55 @multi_evo_agent_runner.py:85] Sampling 50000 steps by 12 slaves, spending 14.54 s.
[20260604 01:30:31 @multi_evo_agent_runner.py:94] Policy update, spending: 35.30 s.
[20260604 01:30:32 @multi_evo_agent_runner.py:99] Evaluation time: 1.83 s.
[20260604 01:30:32 @multi_evo_agent_runner.py:105] Total time:     341.99 min
[20260604 01:30:32 @multi_evo_agent_runner.py:115] Agent_0 gets eval reward: 203.58.
[20260604 01:30:32 @multi_evo_agent_runner.py:116] Agent_0 gets win rate: 0.37.
[20260604 01:30:32 @multi_evo_agent_runner.py:115] Agent_1 gets eval reward: -105.24.
[20260604 01:30:32 @multi_evo_agent_runner.py:116] Agent_1 gets win rate: 0.35.
[20260604 01:30:33 @multi_evo_agent_runner.py:79] #------------------------ Iteration 327 --------------------------#
[20260604 01:30:47 @multi_evo_agent_runner.py:85] Sampling 50000 steps by 12 slaves, spending 14.95 s.
[20260604 01:31:23 @multi_evo_agent_runner.py:94] Policy update, spending: 35.29 s.
[20260604 01:31:24 @multi_evo_agent_runner.py:99] Evaluation time: 1.72 s.
[20260604 01:31:24 @multi_evo_agent_runner.py:105] Total time:     342.86 min
[20260604 01:31:25 @multi_evo_agent_runner.py:115] Agent_0 gets eval reward: 625.20.
[20260604 01:31:25 @multi_evo_agent_runner.py:116] Agent_0 gets win rate: 0.35.
[20260604 01:31:25 @multi_evo_agent_runner.py:115] Agent_1 gets eval reward: 84.32.
[20260604 01:31:25 @multi_evo_agent_runner.py:116] Agent_1 gets win rate: 0.24.
[20260604 01:31:25 @multi_evo_agent_runner.py:79] #------------------------ Iteration 328 --------------------------#
[20260604 01:31:39 @multi_evo_agent_runner.py:85] Sampling 50000 steps by 12 slaves, spending 14.76 s.
[20260604 01:32:13 @multi_evo_agent_runner.py:94] Policy update, spending: 34.04 s.
[20260604 01:32:15 @multi_evo_agent_runner.py:99] Evaluation time: 1.85 s.
[20260604 01:32:15 @multi_evo_agent_runner.py:105] Total time:     343.71 min
[20260604 01:32:15 @multi_evo_agent_runner.py:115] Agent_0 gets eval reward: 1339.90.
[20260604 01:32:15 @multi_evo_agent_runner.py:116] Agent_0 gets win rate: 0.66.
[20260604 01:32:15 @multi_evo_agent_runner.py:115] Agent_1 gets eval reward: -207.39.
[20260604 01:32:15 @multi_evo_agent_runner.py:116] Agent_1 gets win rate: 0.06.
[20260604 01:32:15 @multi_evo_agent_runner.py:510] CRITICAL save best checkpoint with agent_0's rewards 1339.90!
[20260604 01:32:15 @multi_evo_agent_runner.py:79] #------------------------ Iteration 329 --------------------------#
[20260604 01:32:30 @multi_evo_agent_runner.py:85] Sampling 50000 steps by 12 slaves, spending 14.95 s.
[20260604 01:33:06 @multi_evo_agent_runner.py:94] Policy update, spending: 35.97 s.
[20260604 01:33:08 @multi_evo_agent_runner.py:99] Evaluation time: 1.82 s.
[20260604 01:33:08 @multi_evo_agent_runner.py:105] Total time:     344.59 min
[20260604 01:33:08 @multi_evo_agent_runner.py:115] Agent_0 gets eval reward: 917.35.
[20260604 01:33:08 @multi_evo_agent_runner.py:116] Agent_0 gets win rate: 0.30.
[20260604 01:33:08 @multi_evo_agent_runner.py:115] Agent_1 gets eval reward: 80.62.
[20260604 01:33:08 @multi_evo_agent_runner.py:116] Agent_1 gets win rate: 0.07.
[20260604 01:33:08 @multi_evo_agent_runner.py:79] #------------------------ Iteration 330 --------------------------#
[20260604 01:33:24 @multi_evo_agent_runner.py:85] Sampling 50000 steps by 12 slaves, spending 15.63 s.
[20260604 01:34:01 @multi_evo_agent_runner.py:94] Policy update, spending: 36.99 s.
[20260604 01:34:03 @multi_evo_agent_runner.py:99] Evaluation time: 1.80 s.
[20260604 01:34:03 @multi_evo_agent_runner.py:105] Total time:     345.50 min
[20260604 01:34:03 @multi_evo_agent_runner.py:115] Agent_0 gets eval reward: 569.80.
[20260604 01:34:03 @multi_evo_agent_runner.py:116] Agent_0 gets win rate: 0.25.
[20260604 01:34:03 @multi_evo_agent_runner.py:115] Agent_1 gets eval reward: 5.52.
[20260604 01:34:03 @multi_evo_agent_runner.py:116] Agent_1 gets win rate: 0.31.
[20260604 01:34:03 @multi_evo_agent_runner.py:79] #------------------------ Iteration 331 --------------------------#
[20260604 01:34:19 @multi_evo_agent_runner.py:85] Sampling 50000 steps by 12 slaves, spending 15.98 s.
[20260604 01:34:52 @multi_evo_agent_runner.py:94] Policy update, spending: 33.31 s.
[20260604 01:34:54 @multi_evo_agent_runner.py:99] Evaluation time: 1.84 s.
[20260604 01:34:54 @multi_evo_agent_runner.py:105] Total time:     346.35 min
[20260604 01:34:54 @multi_evo_agent_runner.py:115] Agent_0 gets eval reward: 1025.46.
[20260604 01:34:54 @multi_evo_agent_runner.py:116] Agent_0 gets win rate: 0.42.
[20260604 01:34:54 @multi_evo_agent_runner.py:115] Agent_1 gets eval reward: -4.54.
[20260604 01:34:54 @multi_evo_agent_runner.py:116] Agent_1 gets win rate: 0.16.
[20260604 01:34:54 @multi_evo_agent_runner.py:79] #------------------------ Iteration 332 --------------------------#
[20260604 01:35:10 @multi_evo_agent_runner.py:85] Sampling 50000 steps by 12 slaves, spending 15.37 s.
[20260604 01:35:43 @multi_evo_agent_runner.py:94] Policy update, spending: 33.29 s.
[20260604 01:35:45 @multi_evo_agent_runner.py:99] Evaluation time: 2.05 s.
[20260604 01:35:45 @multi_evo_agent_runner.py:105] Total time:     347.20 min
[20260604 01:35:45 @multi_evo_agent_runner.py:115] Agent_0 gets eval reward: 859.18.
[20260604 01:35:45 @multi_evo_agent_runner.py:116] Agent_0 gets win rate: 0.24.
[20260604 01:35:45 @multi_evo_agent_runner.py:115] Agent_1 gets eval reward: 260.03.
[20260604 01:35:45 @multi_evo_agent_runner.py:116] Agent_1 gets win rate: 0.21.
[20260604 01:35:45 @multi_evo_agent_runner.py:79] #------------------------ Iteration 333 --------------------------#
[20260604 01:36:01 @multi_evo_agent_runner.py:85] Sampling 50000 steps by 12 slaves, spending 16.23 s.
[20260604 01:36:41 @multi_evo_agent_runner.py:94] Policy update, spending: 39.87 s.
[20260604 01:36:43 @multi_evo_agent_runner.py:99] Evaluation time: 1.66 s.
[20260604 01:36:43 @multi_evo_agent_runner.py:105] Total time:     348.17 min
[20260604 01:36:43 @multi_evo_agent_runner.py:115] Agent_0 gets eval reward: 936.00.
[20260604 01:36:43 @multi_evo_agent_runner.py:116] Agent_0 gets win rate: 0.12.
[20260604 01:36:43 @multi_evo_agent_runner.py:115] Agent_1 gets eval reward: 256.67.
[20260604 01:36:43 @multi_evo_agent_runner.py:116] Agent_1 gets win rate: 0.21.
[20260604 01:36:43 @multi_evo_agent_runner.py:79] #------------------------ Iteration 334 --------------------------#
[20260604 01:36:59 @multi_evo_agent_runner.py:85] Sampling 50000 steps by 12 slaves, spending 15.68 s.
[20260604 01:37:38 @multi_evo_agent_runner.py:94] Policy update, spending: 39.22 s.
[20260604 01:37:40 @multi_evo_agent_runner.py:99] Evaluation time: 1.81 s.
[20260604 01:37:40 @multi_evo_agent_runner.py:105] Total time:     349.12 min
[20260604 01:37:40 @multi_evo_agent_runner.py:115] Agent_0 gets eval reward: 837.92.
[20260604 01:37:40 @multi_evo_agent_runner.py:116] Agent_0 gets win rate: 0.35.
[20260604 01:37:40 @multi_evo_agent_runner.py:115] Agent_1 gets eval reward: 22.05.
[20260604 01:37:40 @multi_evo_agent_runner.py:116] Agent_1 gets win rate: 0.26.
[20260604 01:37:40 @multi_evo_agent_runner.py:79] #------------------------ Iteration 335 --------------------------#
[20260604 01:37:56 @multi_evo_agent_runner.py:85] Sampling 50000 steps by 12 slaves, spending 15.43 s.
[20260604 01:38:51 @multi_evo_agent_runner.py:94] Policy update, spending: 55.12 s.
[20260604 01:38:53 @multi_evo_agent_runner.py:99] Evaluation time: 2.25 s.
[20260604 01:38:53 @multi_evo_agent_runner.py:105] Total time:     350.33 min
[20260604 01:38:53 @multi_evo_agent_runner.py:115] Agent_0 gets eval reward: 449.13.
[20260604 01:38:53 @multi_evo_agent_runner.py:116] Agent_0 gets win rate: 0.19.
[20260604 01:38:53 @multi_evo_agent_runner.py:115] Agent_1 gets eval reward: 58.55.
[20260604 01:38:53 @multi_evo_agent_runner.py:116] Agent_1 gets win rate: 0.35.
[20260604 01:38:53 @multi_evo_agent_runner.py:79] #------------------------ Iteration 336 --------------------------#
[20260604 01:39:09 @multi_evo_agent_runner.py:85] Sampling 50000 steps by 12 slaves, spending 15.73 s.
[20260604 01:40:06 @multi_evo_agent_runner.py:94] Policy update, spending: 56.76 s.
[20260604 01:40:08 @multi_evo_agent_runner.py:99] Evaluation time: 2.11 s.
[20260604 01:40:08 @multi_evo_agent_runner.py:105] Total time:     351.58 min
[20260604 01:40:08 @multi_evo_agent_runner.py:115] Agent_0 gets eval reward: 542.06.
[20260604 01:40:08 @multi_evo_agent_runner.py:116] Agent_0 gets win rate: 0.10.
[20260604 01:40:08 @multi_evo_agent_runner.py:115] Agent_1 gets eval reward: 363.85.
[20260604 01:40:08 @multi_evo_agent_runner.py:116] Agent_1 gets win rate: 0.28.
[20260604 01:40:08 @multi_evo_agent_runner.py:79] #------------------------ Iteration 337 --------------------------#
[20260604 01:40:23 @multi_evo_agent_runner.py:85] Sampling 50000 steps by 12 slaves, spending 14.90 s.
[20260604 01:41:01 @multi_evo_agent_runner.py:94] Policy update, spending: 37.88 s.
[20260604 01:41:03 @multi_evo_agent_runner.py:99] Evaluation time: 2.49 s.
[20260604 01:41:03 @multi_evo_agent_runner.py:105] Total time:     352.50 min
[20260604 01:41:03 @multi_evo_agent_runner.py:115] Agent_0 gets eval reward: 942.48.
[20260604 01:41:03 @multi_evo_agent_runner.py:116] Agent_0 gets win rate: 0.25.
[20260604 01:41:03 @multi_evo_agent_runner.py:115] Agent_1 gets eval reward: 313.50.
[20260604 01:41:03 @multi_evo_agent_runner.py:116] Agent_1 gets win rate: 0.31.
[20260604 01:41:03 @multi_evo_agent_runner.py:79] #------------------------ Iteration 338 --------------------------#
[20260604 01:41:20 @multi_evo_agent_runner.py:85] Sampling 50000 steps by 12 slaves, spending 16.64 s.
[20260604 01:42:02 @multi_evo_agent_runner.py:94] Policy update, spending: 41.85 s.
[20260604 01:42:05 @multi_evo_agent_runner.py:99] Evaluation time: 3.25 s.
[20260604 01:42:05 @multi_evo_agent_runner.py:105] Total time:     353.54 min
[20260604 01:42:05 @multi_evo_agent_runner.py:115] Agent_0 gets eval reward: 326.16.
[20260604 01:42:05 @multi_evo_agent_runner.py:116] Agent_0 gets win rate: 0.34.
[20260604 01:42:05 @multi_evo_agent_runner.py:115] Agent_1 gets eval reward: 26.12.
[20260604 01:42:05 @multi_evo_agent_runner.py:116] Agent_1 gets win rate: 0.42.
[20260604 01:42:05 @multi_evo_agent_runner.py:79] #------------------------ Iteration 339 --------------------------#
[20260604 01:42:19 @multi_evo_agent_runner.py:85] Sampling 50000 steps by 12 slaves, spending 13.92 s.
[20260604 01:42:58 @multi_evo_agent_runner.py:94] Policy update, spending: 38.43 s.
[20260604 01:43:01 @multi_evo_agent_runner.py:99] Evaluation time: 2.73 s.
[20260604 01:43:01 @multi_evo_agent_runner.py:105] Total time:     354.46 min
[20260604 01:43:01 @multi_evo_agent_runner.py:115] Agent_0 gets eval reward: 1239.99.
[20260604 01:43:01 @multi_evo_agent_runner.py:116] Agent_0 gets win rate: 0.44.
[20260604 01:43:01 @multi_evo_agent_runner.py:115] Agent_1 gets eval reward: 28.72.
[20260604 01:43:01 @multi_evo_agent_runner.py:116] Agent_1 gets win rate: 0.25.
[20260604 01:43:01 @multi_evo_agent_runner.py:79] #------------------------ Iteration 340 --------------------------#
[20260604 01:43:14 @multi_evo_agent_runner.py:85] Sampling 50000 steps by 12 slaves, spending 13.68 s.
[20260604 01:43:53 @multi_evo_agent_runner.py:94] Policy update, spending: 38.74 s.
[20260604 01:43:56 @multi_evo_agent_runner.py:99] Evaluation time: 2.58 s.
[20260604 01:43:56 @multi_evo_agent_runner.py:105] Total time:     355.38 min
[20260604 01:43:56 @multi_evo_agent_runner.py:115] Agent_0 gets eval reward: 1012.04.
[20260604 01:43:56 @multi_evo_agent_runner.py:116] Agent_0 gets win rate: 0.51.
[20260604 01:43:56 @multi_evo_agent_runner.py:115] Agent_1 gets eval reward: -235.50.
[20260604 01:43:56 @multi_evo_agent_runner.py:116] Agent_1 gets win rate: 0.11.
[20260604 01:43:56 @multi_evo_agent_runner.py:79] #------------------------ Iteration 341 --------------------------#
[20260604 01:44:09 @multi_evo_agent_runner.py:85] Sampling 50000 steps by 12 slaves, spending 12.96 s.
[20260604 01:44:48 @multi_evo_agent_runner.py:94] Policy update, spending: 39.45 s.
[20260604 01:44:51 @multi_evo_agent_runner.py:99] Evaluation time: 2.39 s.
[20260604 01:44:51 @multi_evo_agent_runner.py:105] Total time:     356.30 min
[20260604 01:44:51 @multi_evo_agent_runner.py:115] Agent_0 gets eval reward: 671.11.
[20260604 01:44:51 @multi_evo_agent_runner.py:116] Agent_0 gets win rate: 0.35.
[20260604 01:44:51 @multi_evo_agent_runner.py:115] Agent_1 gets eval reward: 87.36.
[20260604 01:44:51 @multi_evo_agent_runner.py:116] Agent_1 gets win rate: 0.32.
[20260604 01:44:51 @multi_evo_agent_runner.py:79] #------------------------ Iteration 342 --------------------------#
[20260604 01:45:03 @multi_evo_agent_runner.py:85] Sampling 50000 steps by 12 slaves, spending 12.05 s.
[20260604 01:45:43 @multi_evo_agent_runner.py:94] Policy update, spending: 39.67 s.
[20260604 01:45:45 @multi_evo_agent_runner.py:99] Evaluation time: 1.99 s.
[20260604 01:45:45 @multi_evo_agent_runner.py:105] Total time:     357.19 min
[20260604 01:45:45 @multi_evo_agent_runner.py:115] Agent_0 gets eval reward: 669.36.
[20260604 01:45:45 @multi_evo_agent_runner.py:116] Agent_0 gets win rate: 0.47.
[20260604 01:45:45 @multi_evo_agent_runner.py:115] Agent_1 gets eval reward: -106.08.
[20260604 01:45:45 @multi_evo_agent_runner.py:116] Agent_1 gets win rate: 0.23.
[20260604 01:45:45 @multi_evo_agent_runner.py:79] #------------------------ Iteration 343 --------------------------#
[20260604 01:45:58 @multi_evo_agent_runner.py:85] Sampling 50000 steps by 12 slaves, spending 12.99 s.
[20260604 01:46:35 @multi_evo_agent_runner.py:94] Policy update, spending: 37.49 s.
[20260604 01:46:37 @multi_evo_agent_runner.py:99] Evaluation time: 1.99 s.
[20260604 01:46:37 @multi_evo_agent_runner.py:105] Total time:     358.07 min
[20260604 01:46:37 @multi_evo_agent_runner.py:115] Agent_0 gets eval reward: 836.13.
[20260604 01:46:37 @multi_evo_agent_runner.py:116] Agent_0 gets win rate: 0.42.
[20260604 01:46:37 @multi_evo_agent_runner.py:115] Agent_1 gets eval reward: 30.21.
[20260604 01:46:37 @multi_evo_agent_runner.py:116] Agent_1 gets win rate: 0.27.
[20260604 01:46:37 @multi_evo_agent_runner.py:79] #------------------------ Iteration 344 --------------------------#
[20260604 01:46:50 @multi_evo_agent_runner.py:85] Sampling 50000 steps by 12 slaves, spending 13.07 s.
[20260604 01:47:30 @multi_evo_agent_runner.py:94] Policy update, spending: 39.93 s.
[20260604 01:47:32 @multi_evo_agent_runner.py:99] Evaluation time: 1.83 s.
[20260604 01:47:32 @multi_evo_agent_runner.py:105] Total time:     358.99 min
[20260604 01:47:32 @multi_evo_agent_runner.py:115] Agent_0 gets eval reward: 658.72.
[20260604 01:47:32 @multi_evo_agent_runner.py:116] Agent_0 gets win rate: 0.42.
[20260604 01:47:32 @multi_evo_agent_runner.py:115] Agent_1 gets eval reward: -85.91.
[20260604 01:47:32 @multi_evo_agent_runner.py:116] Agent_1 gets win rate: 0.34.
[20260604 01:47:32 @multi_evo_agent_runner.py:79] #------------------------ Iteration 345 --------------------------#
[20260604 01:47:46 @multi_evo_agent_runner.py:85] Sampling 50000 steps by 12 slaves, spending 13.23 s.
[20260604 01:48:26 @multi_evo_agent_runner.py:94] Policy update, spending: 40.27 s.
[20260604 01:48:28 @multi_evo_agent_runner.py:99] Evaluation time: 1.78 s.
[20260604 01:48:28 @multi_evo_agent_runner.py:105] Total time:     359.91 min
[20260604 01:48:28 @multi_evo_agent_runner.py:115] Agent_0 gets eval reward: 553.24.
[20260604 01:48:28 @multi_evo_agent_runner.py:116] Agent_0 gets win rate: 0.36.
[20260604 01:48:28 @multi_evo_agent_runner.py:115] Agent_1 gets eval reward: -53.77.
[20260604 01:48:28 @multi_evo_agent_runner.py:116] Agent_1 gets win rate: 0.21.
[20260604 01:48:28 @multi_evo_agent_runner.py:79] #------------------------ Iteration 346 --------------------------#
[20260604 01:48:40 @multi_evo_agent_runner.py:85] Sampling 50000 steps by 12 slaves, spending 12.12 s.
[20260604 01:49:19 @multi_evo_agent_runner.py:94] Policy update, spending: 39.16 s.
[20260604 01:49:21 @multi_evo_agent_runner.py:99] Evaluation time: 1.80 s.
[20260604 01:49:21 @multi_evo_agent_runner.py:105] Total time:     360.80 min
[20260604 01:49:21 @multi_evo_agent_runner.py:115] Agent_0 gets eval reward: 817.15.
[20260604 01:49:21 @multi_evo_agent_runner.py:116] Agent_0 gets win rate: 0.33.
[20260604 01:49:21 @multi_evo_agent_runner.py:115] Agent_1 gets eval reward: 107.57.
[20260604 01:49:21 @multi_evo_agent_runner.py:116] Agent_1 gets win rate: 0.27.
[20260604 01:49:21 @multi_evo_agent_runner.py:79] #------------------------ Iteration 347 --------------------------#
[20260604 01:49:34 @multi_evo_agent_runner.py:85] Sampling 50000 steps by 12 slaves, spending 12.83 s.
[20260604 01:50:15 @multi_evo_agent_runner.py:94] Policy update, spending: 40.76 s.
[20260604 01:50:17 @multi_evo_agent_runner.py:99] Evaluation time: 2.12 s.
[20260604 01:50:17 @multi_evo_agent_runner.py:105] Total time:     361.73 min
[20260604 01:50:17 @multi_evo_agent_runner.py:115] Agent_0 gets eval reward: 879.74.
[20260604 01:50:17 @multi_evo_agent_runner.py:116] Agent_0 gets win rate: 0.53.
[20260604 01:50:17 @multi_evo_agent_runner.py:115] Agent_1 gets eval reward: -168.17.
[20260604 01:50:17 @multi_evo_agent_runner.py:116] Agent_1 gets win rate: 0.19.
[20260604 01:50:17 @multi_evo_agent_runner.py:79] #------------------------ Iteration 348 --------------------------#
[20260604 01:50:31 @multi_evo_agent_runner.py:85] Sampling 50000 steps by 12 slaves, spending 14.12 s.
[20260604 01:51:10 @multi_evo_agent_runner.py:94] Policy update, spending: 38.74 s.
[20260604 01:51:11 @multi_evo_agent_runner.py:99] Evaluation time: 1.66 s.
[20260604 01:51:11 @multi_evo_agent_runner.py:105] Total time:     362.64 min
[20260604 01:51:12 @multi_evo_agent_runner.py:115] Agent_0 gets eval reward: 639.42.
[20260604 01:51:12 @multi_evo_agent_runner.py:116] Agent_0 gets win rate: 0.36.
[20260604 01:51:12 @multi_evo_agent_runner.py:115] Agent_1 gets eval reward: -217.74.
[20260604 01:51:12 @multi_evo_agent_runner.py:116] Agent_1 gets win rate: 0.18.
[20260604 01:51:12 @multi_evo_agent_runner.py:79] #------------------------ Iteration 349 --------------------------#
[20260604 01:51:25 @multi_evo_agent_runner.py:85] Sampling 50000 steps by 12 slaves, spending 13.08 s.
[20260604 01:52:02 @multi_evo_agent_runner.py:94] Policy update, spending: 37.57 s.
[20260604 01:52:04 @multi_evo_agent_runner.py:99] Evaluation time: 1.75 s.
[20260604 01:52:04 @multi_evo_agent_runner.py:105] Total time:     363.52 min
[20260604 01:52:04 @multi_evo_agent_runner.py:115] Agent_0 gets eval reward: 567.70.
[20260604 01:52:04 @multi_evo_agent_runner.py:116] Agent_0 gets win rate: 0.39.
[20260604 01:52:04 @multi_evo_agent_runner.py:115] Agent_1 gets eval reward: 133.24.
[20260604 01:52:04 @multi_evo_agent_runner.py:116] Agent_1 gets win rate: 0.32.
[20260604 01:52:04 @multi_evo_agent_runner.py:79] #------------------------ Iteration 350 --------------------------#
[20260604 01:52:19 @multi_evo_agent_runner.py:85] Sampling 50000 steps by 12 slaves, spending 14.95 s.
[20260604 01:53:11 @multi_evo_agent_runner.py:94] Policy update, spending: 51.88 s.
[20260604 01:53:13 @multi_evo_agent_runner.py:99] Evaluation time: 1.91 s.
[20260604 01:53:13 @multi_evo_agent_runner.py:105] Total time:     364.67 min
[20260604 01:53:13 @multi_evo_agent_runner.py:115] Agent_0 gets eval reward: 1295.29.
[20260604 01:53:13 @multi_evo_agent_runner.py:116] Agent_0 gets win rate: 0.45.
[20260604 01:53:13 @multi_evo_agent_runner.py:115] Agent_1 gets eval reward: -38.80.
[20260604 01:53:13 @multi_evo_agent_runner.py:116] Agent_1 gets win rate: 0.15.
[20260604 01:53:13 @multi_evo_agent_runner.py:79] #------------------------ Iteration 351 --------------------------#
[20260604 01:53:26 @multi_evo_agent_runner.py:85] Sampling 50000 steps by 12 slaves, spending 12.63 s.
[20260604 01:54:14 @multi_evo_agent_runner.py:94] Policy update, spending: 48.29 s.
[20260604 01:54:16 @multi_evo_agent_runner.py:99] Evaluation time: 1.70 s.
[20260604 01:54:16 @multi_evo_agent_runner.py:105] Total time:     365.71 min
[20260604 01:54:16 @multi_evo_agent_runner.py:115] Agent_0 gets eval reward: 1345.80.
[20260604 01:54:16 @multi_evo_agent_runner.py:116] Agent_0 gets win rate: 0.47.
[20260604 01:54:16 @multi_evo_agent_runner.py:115] Agent_1 gets eval reward: -201.59.
[20260604 01:54:16 @multi_evo_agent_runner.py:116] Agent_1 gets win rate: 0.07.
[20260604 01:54:16 @multi_evo_agent_runner.py:510] CRITICAL save best checkpoint with agent_0's rewards 1345.80!
[20260604 01:54:16 @multi_evo_agent_runner.py:79] #------------------------ Iteration 352 --------------------------#
[20260604 01:54:29 @multi_evo_agent_runner.py:85] Sampling 50000 steps by 12 slaves, spending 13.10 s.
[20260604 01:55:09 @multi_evo_agent_runner.py:94] Policy update, spending: 39.63 s.
[20260604 01:55:11 @multi_evo_agent_runner.py:99] Evaluation time: 2.00 s.
[20260604 01:55:11 @multi_evo_agent_runner.py:105] Total time:     366.63 min
[20260604 01:55:11 @multi_evo_agent_runner.py:115] Agent_0 gets eval reward: 777.94.
[20260604 01:55:11 @multi_evo_agent_runner.py:116] Agent_0 gets win rate: 0.41.
[20260604 01:55:11 @multi_evo_agent_runner.py:115] Agent_1 gets eval reward: -62.54.
[20260604 01:55:11 @multi_evo_agent_runner.py:116] Agent_1 gets win rate: 0.21.
[20260604 01:55:11 @multi_evo_agent_runner.py:79] #------------------------ Iteration 353 --------------------------#
[20260604 01:55:23 @multi_evo_agent_runner.py:85] Sampling 50000 steps by 12 slaves, spending 12.39 s.
[20260604 01:55:59 @multi_evo_agent_runner.py:94] Policy update, spending: 36.16 s.
[20260604 01:56:01 @multi_evo_agent_runner.py:99] Evaluation time: 1.89 s.
[20260604 01:56:01 @multi_evo_agent_runner.py:105] Total time:     367.47 min
[20260604 01:56:01 @multi_evo_agent_runner.py:115] Agent_0 gets eval reward: 810.53.
[20260604 01:56:01 @multi_evo_agent_runner.py:116] Agent_0 gets win rate: 0.46.
[20260604 01:56:01 @multi_evo_agent_runner.py:115] Agent_1 gets eval reward: -203.07.
[20260604 01:56:01 @multi_evo_agent_runner.py:116] Agent_1 gets win rate: 0.31.
[20260604 01:56:01 @multi_evo_agent_runner.py:79] #------------------------ Iteration 354 --------------------------#
[20260604 01:56:15 @multi_evo_agent_runner.py:85] Sampling 50000 steps by 12 slaves, spending 13.07 s.
[20260604 01:56:51 @multi_evo_agent_runner.py:94] Policy update, spending: 36.03 s.
[20260604 01:56:52 @multi_evo_agent_runner.py:99] Evaluation time: 1.84 s.
[20260604 01:56:52 @multi_evo_agent_runner.py:105] Total time:     368.32 min
[20260604 01:56:53 @multi_evo_agent_runner.py:115] Agent_0 gets eval reward: 704.50.
[20260604 01:56:53 @multi_evo_agent_runner.py:116] Agent_0 gets win rate: 0.47.
[20260604 01:56:53 @multi_evo_agent_runner.py:115] Agent_1 gets eval reward: -10.26.
[20260604 01:56:53 @multi_evo_agent_runner.py:116] Agent_1 gets win rate: 0.33.
[20260604 01:56:53 @multi_evo_agent_runner.py:79] #------------------------ Iteration 355 --------------------------#
[20260604 01:57:06 @multi_evo_agent_runner.py:85] Sampling 50000 steps by 12 slaves, spending 13.50 s.
[20260604 01:57:43 @multi_evo_agent_runner.py:94] Policy update, spending: 36.76 s.
[20260604 01:57:45 @multi_evo_agent_runner.py:99] Evaluation time: 1.79 s.
[20260604 01:57:45 @multi_evo_agent_runner.py:105] Total time:     369.19 min
[20260604 01:57:45 @multi_evo_agent_runner.py:115] Agent_0 gets eval reward: 1019.41.
[20260604 01:57:45 @multi_evo_agent_runner.py:116] Agent_0 gets win rate: 0.48.
[20260604 01:57:45 @multi_evo_agent_runner.py:115] Agent_1 gets eval reward: -398.23.
[20260604 01:57:45 @multi_evo_agent_runner.py:116] Agent_1 gets win rate: 0.06.
[20260604 01:57:45 @multi_evo_agent_runner.py:510] CRITICAL save best checkpoint with agent_0's rewards 1019.41!
[20260604 01:57:45 @multi_evo_agent_runner.py:79] #------------------------ Iteration 356 --------------------------#
[20260604 01:57:58 @multi_evo_agent_runner.py:85] Sampling 50000 steps by 12 slaves, spending 12.94 s.
[20260604 01:58:35 @multi_evo_agent_runner.py:94] Policy update, spending: 37.59 s.
[20260604 01:58:37 @multi_evo_agent_runner.py:99] Evaluation time: 2.02 s.
[20260604 01:58:37 @multi_evo_agent_runner.py:105] Total time:     370.07 min
[20260604 01:58:37 @multi_evo_agent_runner.py:115] Agent_0 gets eval reward: 653.73.
[20260604 01:58:37 @multi_evo_agent_runner.py:116] Agent_0 gets win rate: 0.39.
[20260604 01:58:37 @multi_evo_agent_runner.py:115] Agent_1 gets eval reward: -287.97.
[20260604 01:58:37 @multi_evo_agent_runner.py:116] Agent_1 gets win rate: 0.21.
[20260604 01:58:38 @multi_evo_agent_runner.py:79] #------------------------ Iteration 357 --------------------------#
[20260604 01:58:51 @multi_evo_agent_runner.py:85] Sampling 50000 steps by 12 slaves, spending 13.36 s.
[20260604 01:59:27 @multi_evo_agent_runner.py:94] Policy update, spending: 36.40 s.
[20260604 01:59:29 @multi_evo_agent_runner.py:99] Evaluation time: 1.86 s.
[20260604 01:59:29 @multi_evo_agent_runner.py:105] Total time:     370.94 min
[20260604 01:59:29 @multi_evo_agent_runner.py:115] Agent_0 gets eval reward: 384.40.
[20260604 01:59:29 @multi_evo_agent_runner.py:116] Agent_0 gets win rate: 0.27.
[20260604 01:59:29 @multi_evo_agent_runner.py:115] Agent_1 gets eval reward: -197.88.
[20260604 01:59:29 @multi_evo_agent_runner.py:116] Agent_1 gets win rate: 0.38.
[20260604 01:59:29 @multi_evo_agent_runner.py:79] #------------------------ Iteration 358 --------------------------#
[20260604 01:59:42 @multi_evo_agent_runner.py:85] Sampling 50000 steps by 12 slaves, spending 12.93 s.
[20260604 02:00:21 @multi_evo_agent_runner.py:94] Policy update, spending: 38.29 s.
[20260604 02:00:22 @multi_evo_agent_runner.py:99] Evaluation time: 1.82 s.
[20260604 02:00:22 @multi_evo_agent_runner.py:105] Total time:     371.82 min
[20260604 02:00:22 @multi_evo_agent_runner.py:115] Agent_0 gets eval reward: 633.89.
[20260604 02:00:22 @multi_evo_agent_runner.py:116] Agent_0 gets win rate: 0.47.
[20260604 02:00:22 @multi_evo_agent_runner.py:115] Agent_1 gets eval reward: -284.34.
[20260604 02:00:22 @multi_evo_agent_runner.py:116] Agent_1 gets win rate: 0.28.
[20260604 02:00:23 @multi_evo_agent_runner.py:79] #------------------------ Iteration 359 --------------------------#
[20260604 02:00:36 @multi_evo_agent_runner.py:85] Sampling 50000 steps by 12 slaves, spending 13.53 s.
[20260604 02:01:15 @multi_evo_agent_runner.py:94] Policy update, spending: 39.02 s.
[20260604 02:01:17 @multi_evo_agent_runner.py:99] Evaluation time: 2.09 s.
[20260604 02:01:17 @multi_evo_agent_runner.py:105] Total time:     372.74 min
[20260604 02:01:17 @multi_evo_agent_runner.py:115] Agent_0 gets eval reward: 944.16.
[20260604 02:01:17 @multi_evo_agent_runner.py:116] Agent_0 gets win rate: 0.17.
[20260604 02:01:17 @multi_evo_agent_runner.py:115] Agent_1 gets eval reward: 309.43.
[20260604 02:01:17 @multi_evo_agent_runner.py:116] Agent_1 gets win rate: 0.21.
[20260604 02:01:17 @multi_evo_agent_runner.py:79] #------------------------ Iteration 360 --------------------------#
[20260604 02:01:31 @multi_evo_agent_runner.py:85] Sampling 50000 steps by 12 slaves, spending 13.58 s.
[20260604 02:02:16 @multi_evo_agent_runner.py:94] Policy update, spending: 45.20 s.
[20260604 02:02:18 @multi_evo_agent_runner.py:99] Evaluation time: 1.86 s.
[20260604 02:02:18 @multi_evo_agent_runner.py:105] Total time:     373.75 min
[20260604 02:02:18 @multi_evo_agent_runner.py:115] Agent_0 gets eval reward: 853.72.
[20260604 02:02:18 @multi_evo_agent_runner.py:116] Agent_0 gets win rate: 0.31.
[20260604 02:02:18 @multi_evo_agent_runner.py:115] Agent_1 gets eval reward: 76.76.
[20260604 02:02:18 @multi_evo_agent_runner.py:116] Agent_1 gets win rate: 0.25.
[20260604 02:02:18 @multi_evo_agent_runner.py:79] #------------------------ Iteration 361 --------------------------#
[20260604 02:02:32 @multi_evo_agent_runner.py:85] Sampling 50000 steps by 12 slaves, spending 13.57 s.
[20260604 02:03:11 @multi_evo_agent_runner.py:94] Policy update, spending: 38.97 s.
[20260604 02:03:12 @multi_evo_agent_runner.py:99] Evaluation time: 1.71 s.
[20260604 02:03:12 @multi_evo_agent_runner.py:105] Total time:     374.66 min
[20260604 02:03:13 @multi_evo_agent_runner.py:115] Agent_0 gets eval reward: 932.51.
[20260604 02:03:13 @multi_evo_agent_runner.py:116] Agent_0 gets win rate: 0.38.
[20260604 02:03:13 @multi_evo_agent_runner.py:115] Agent_1 gets eval reward: -169.71.
[20260604 02:03:13 @multi_evo_agent_runner.py:116] Agent_1 gets win rate: 0.17.
[20260604 02:03:13 @multi_evo_agent_runner.py:79] #------------------------ Iteration 362 --------------------------#
[20260604 02:03:26 @multi_evo_agent_runner.py:85] Sampling 50000 steps by 12 slaves, spending 12.99 s.
[20260604 02:04:05 @multi_evo_agent_runner.py:94] Policy update, spending: 39.85 s.
[20260604 02:04:07 @multi_evo_agent_runner.py:99] Evaluation time: 2.02 s.
[20260604 02:04:07 @multi_evo_agent_runner.py:105] Total time:     375.58 min
[20260604 02:04:08 @multi_evo_agent_runner.py:115] Agent_0 gets eval reward: 881.94.
[20260604 02:04:08 @multi_evo_agent_runner.py:116] Agent_0 gets win rate: 0.23.
[20260604 02:04:08 @multi_evo_agent_runner.py:115] Agent_1 gets eval reward: 148.34.
[20260604 02:04:08 @multi_evo_agent_runner.py:116] Agent_1 gets win rate: 0.27.
[20260604 02:04:08 @multi_evo_agent_runner.py:79] #------------------------ Iteration 363 --------------------------#
[20260604 02:04:21 @multi_evo_agent_runner.py:85] Sampling 50000 steps by 12 slaves, spending 13.13 s.
[20260604 02:05:00 @multi_evo_agent_runner.py:94] Policy update, spending: 39.00 s.
[20260604 02:05:02 @multi_evo_agent_runner.py:99] Evaluation time: 1.98 s.
[20260604 02:05:02 @multi_evo_agent_runner.py:105] Total time:     376.48 min
[20260604 02:05:02 @multi_evo_agent_runner.py:115] Agent_0 gets eval reward: 827.33.
[20260604 02:05:02 @multi_evo_agent_runner.py:116] Agent_0 gets win rate: 0.51.
[20260604 02:05:02 @multi_evo_agent_runner.py:115] Agent_1 gets eval reward: -142.86.
[20260604 02:05:02 @multi_evo_agent_runner.py:116] Agent_1 gets win rate: 0.26.
[20260604 02:05:02 @multi_evo_agent_runner.py:510] CRITICAL save best checkpoint with agent_0's rewards 827.33!
[20260604 02:05:02 @multi_evo_agent_runner.py:79] #------------------------ Iteration 364 --------------------------#
[20260604 02:05:16 @multi_evo_agent_runner.py:85] Sampling 50000 steps by 12 slaves, spending 13.89 s.
[20260604 02:05:53 @multi_evo_agent_runner.py:94] Policy update, spending: 36.84 s.
[20260604 02:05:54 @multi_evo_agent_runner.py:99] Evaluation time: 1.79 s.
[20260604 02:05:54 @multi_evo_agent_runner.py:105] Total time:     377.36 min
[20260604 02:05:55 @multi_evo_agent_runner.py:115] Agent_0 gets eval reward: 864.57.
[20260604 02:05:55 @multi_evo_agent_runner.py:116] Agent_0 gets win rate: 0.30.
[20260604 02:05:55 @multi_evo_agent_runner.py:115] Agent_1 gets eval reward: 50.76.
[20260604 02:05:55 @multi_evo_agent_runner.py:116] Agent_1 gets win rate: 0.20.
[20260604 02:05:55 @multi_evo_agent_runner.py:510] CRITICAL save best checkpoint with agent_0's rewards 864.57!
[20260604 02:05:55 @multi_evo_agent_runner.py:79] #------------------------ Iteration 365 --------------------------#
[20260604 02:06:07 @multi_evo_agent_runner.py:85] Sampling 50000 steps by 12 slaves, spending 12.64 s.
[20260604 02:06:45 @multi_evo_agent_runner.py:94] Policy update, spending: 37.46 s.
[20260604 02:06:46 @multi_evo_agent_runner.py:99] Evaluation time: 1.72 s.
[20260604 02:06:46 @multi_evo_agent_runner.py:105] Total time:     378.22 min
[20260604 02:06:47 @multi_evo_agent_runner.py:115] Agent_0 gets eval reward: 552.53.
[20260604 02:06:47 @multi_evo_agent_runner.py:116] Agent_0 gets win rate: 0.38.
[20260604 02:06:47 @multi_evo_agent_runner.py:115] Agent_1 gets eval reward: -121.05.
[20260604 02:06:47 @multi_evo_agent_runner.py:116] Agent_1 gets win rate: 0.27.
[20260604 02:06:47 @multi_evo_agent_runner.py:510] CRITICAL save best checkpoint with agent_0's rewards 552.53!
[20260604 02:06:47 @multi_evo_agent_runner.py:79] #------------------------ Iteration 366 --------------------------#
[20260604 02:07:00 @multi_evo_agent_runner.py:85] Sampling 50000 steps by 12 slaves, spending 13.36 s.
[20260604 02:07:35 @multi_evo_agent_runner.py:94] Policy update, spending: 35.49 s.
[20260604 02:07:37 @multi_evo_agent_runner.py:99] Evaluation time: 2.02 s.
[20260604 02:07:37 @multi_evo_agent_runner.py:105] Total time:     379.08 min
[20260604 02:07:38 @multi_evo_agent_runner.py:115] Agent_0 gets eval reward: 415.15.
[20260604 02:07:38 @multi_evo_agent_runner.py:116] Agent_0 gets win rate: 0.19.
[20260604 02:07:38 @multi_evo_agent_runner.py:115] Agent_1 gets eval reward: 279.08.
[20260604 02:07:38 @multi_evo_agent_runner.py:116] Agent_1 gets win rate: 0.34.
[20260604 02:07:38 @multi_evo_agent_runner.py:79] #------------------------ Iteration 367 --------------------------#
[20260604 02:07:51 @multi_evo_agent_runner.py:85] Sampling 50000 steps by 12 slaves, spending 12.91 s.
[20260604 02:08:28 @multi_evo_agent_runner.py:94] Policy update, spending: 37.76 s.
[20260604 02:08:30 @multi_evo_agent_runner.py:99] Evaluation time: 1.98 s.
[20260604 02:08:30 @multi_evo_agent_runner.py:105] Total time:     379.96 min
[20260604 02:08:30 @multi_evo_agent_runner.py:115] Agent_0 gets eval reward: 724.31.
[20260604 02:08:30 @multi_evo_agent_runner.py:116] Agent_0 gets win rate: 0.30.
[20260604 02:08:30 @multi_evo_agent_runner.py:115] Agent_1 gets eval reward: 33.51.
[20260604 02:08:30 @multi_evo_agent_runner.py:116] Agent_1 gets win rate: 0.27.
[20260604 02:08:30 @multi_evo_agent_runner.py:510] CRITICAL save best checkpoint with agent_0's rewards 724.31!
[20260604 02:08:30 @multi_evo_agent_runner.py:79] #------------------------ Iteration 368 --------------------------#
[20260604 02:08:46 @multi_evo_agent_runner.py:85] Sampling 50000 steps by 12 slaves, spending 15.10 s.
[20260604 02:09:36 @multi_evo_agent_runner.py:94] Policy update, spending: 50.62 s.
[20260604 02:09:38 @multi_evo_agent_runner.py:99] Evaluation time: 2.22 s.
[20260604 02:09:38 @multi_evo_agent_runner.py:105] Total time:     381.09 min
[20260604 02:09:39 @multi_evo_agent_runner.py:115] Agent_0 gets eval reward: 1169.05.
[20260604 02:09:39 @multi_evo_agent_runner.py:116] Agent_0 gets win rate: 0.62.
[20260604 02:09:39 @multi_evo_agent_runner.py:115] Agent_1 gets eval reward: -392.99.
[20260604 02:09:39 @multi_evo_agent_runner.py:116] Agent_1 gets win rate: 0.16.
[20260604 02:09:39 @multi_evo_agent_runner.py:510] CRITICAL save best checkpoint with agent_0's rewards 1169.05!
[20260604 02:09:39 @multi_evo_agent_runner.py:79] #------------------------ Iteration 369 --------------------------#
[20260604 02:09:51 @multi_evo_agent_runner.py:85] Sampling 50000 steps by 12 slaves, spending 12.18 s.
[20260604 02:10:29 @multi_evo_agent_runner.py:94] Policy update, spending: 38.18 s.
[20260604 02:10:31 @multi_evo_agent_runner.py:99] Evaluation time: 1.78 s.
[20260604 02:10:31 @multi_evo_agent_runner.py:105] Total time:     381.96 min
[20260604 02:10:31 @multi_evo_agent_runner.py:115] Agent_0 gets eval reward: 810.54.
[20260604 02:10:31 @multi_evo_agent_runner.py:116] Agent_0 gets win rate: 0.57.
[20260604 02:10:31 @multi_evo_agent_runner.py:115] Agent_1 gets eval reward: -385.21.
[20260604 02:10:31 @multi_evo_agent_runner.py:116] Agent_1 gets win rate: 0.16.
[20260604 02:10:31 @multi_evo_agent_runner.py:79] #------------------------ Iteration 370 --------------------------#
[20260604 02:10:44 @multi_evo_agent_runner.py:85] Sampling 50000 steps by 12 slaves, spending 13.04 s.
[20260604 02:11:20 @multi_evo_agent_runner.py:94] Policy update, spending: 35.77 s.
[20260604 02:11:22 @multi_evo_agent_runner.py:99] Evaluation time: 2.08 s.
[20260604 02:11:22 @multi_evo_agent_runner.py:105] Total time:     382.81 min
[20260604 02:11:22 @multi_evo_agent_runner.py:115] Agent_0 gets eval reward: 874.18.
[20260604 02:11:22 @multi_evo_agent_runner.py:116] Agent_0 gets win rate: 0.33.
[20260604 02:11:22 @multi_evo_agent_runner.py:115] Agent_1 gets eval reward: 33.78.
[20260604 02:11:22 @multi_evo_agent_runner.py:116] Agent_1 gets win rate: 0.25.
[20260604 02:11:22 @multi_evo_agent_runner.py:79] #------------------------ Iteration 371 --------------------------#
[20260604 02:11:37 @multi_evo_agent_runner.py:85] Sampling 50000 steps by 12 slaves, spending 14.64 s.
[20260604 02:12:14 @multi_evo_agent_runner.py:94] Policy update, spending: 37.33 s.
[20260604 02:12:16 @multi_evo_agent_runner.py:99] Evaluation time: 1.70 s.
[20260604 02:12:16 @multi_evo_agent_runner.py:105] Total time:     383.71 min
[20260604 02:12:16 @multi_evo_agent_runner.py:115] Agent_0 gets eval reward: 304.12.
[20260604 02:12:16 @multi_evo_agent_runner.py:116] Agent_0 gets win rate: 0.39.
[20260604 02:12:16 @multi_evo_agent_runner.py:115] Agent_1 gets eval reward: -369.80.
[20260604 02:12:16 @multi_evo_agent_runner.py:116] Agent_1 gets win rate: 0.24.
[20260604 02:12:16 @multi_evo_agent_runner.py:79] #------------------------ Iteration 372 --------------------------#
[20260604 02:12:29 @multi_evo_agent_runner.py:85] Sampling 50000 steps by 12 slaves, spending 13.45 s.
[20260604 02:13:05 @multi_evo_agent_runner.py:94] Policy update, spending: 36.09 s.
[20260604 02:13:07 @multi_evo_agent_runner.py:99] Evaluation time: 1.88 s.
[20260604 02:13:07 @multi_evo_agent_runner.py:105] Total time:     384.57 min
[20260604 02:13:07 @multi_evo_agent_runner.py:115] Agent_0 gets eval reward: 520.76.
[20260604 02:13:07 @multi_evo_agent_runner.py:116] Agent_0 gets win rate: 0.26.
[20260604 02:13:07 @multi_evo_agent_runner.py:115] Agent_1 gets eval reward: -428.61.
[20260604 02:13:07 @multi_evo_agent_runner.py:116] Agent_1 gets win rate: 0.15.
[20260604 02:13:07 @multi_evo_agent_runner.py:79] #------------------------ Iteration 373 --------------------------#
[20260604 02:13:21 @multi_evo_agent_runner.py:85] Sampling 50000 steps by 12 slaves, spending 13.30 s.
[20260604 02:13:59 @multi_evo_agent_runner.py:94] Policy update, spending: 37.89 s.
[20260604 02:14:00 @multi_evo_agent_runner.py:99] Evaluation time: 1.86 s.
[20260604 02:14:00 @multi_evo_agent_runner.py:105] Total time:     385.46 min
[20260604 02:14:01 @multi_evo_agent_runner.py:115] Agent_0 gets eval reward: 1368.71.
[20260604 02:14:01 @multi_evo_agent_runner.py:116] Agent_0 gets win rate: 0.31.
[20260604 02:14:01 @multi_evo_agent_runner.py:115] Agent_1 gets eval reward: 48.35.
[20260604 02:14:01 @multi_evo_agent_runner.py:116] Agent_1 gets win rate: 0.15.
[20260604 02:14:01 @multi_evo_agent_runner.py:510] CRITICAL save best checkpoint with agent_0's rewards 1368.71!
[20260604 02:14:01 @multi_evo_agent_runner.py:79] #------------------------ Iteration 374 --------------------------#
[20260604 02:14:15 @multi_evo_agent_runner.py:85] Sampling 50000 steps by 12 slaves, spending 14.44 s.
[20260604 02:14:53 @multi_evo_agent_runner.py:94] Policy update, spending: 38.06 s.
[20260604 02:14:55 @multi_evo_agent_runner.py:99] Evaluation time: 1.90 s.
[20260604 02:14:55 @multi_evo_agent_runner.py:105] Total time:     386.37 min
[20260604 02:14:55 @multi_evo_agent_runner.py:115] Agent_0 gets eval reward: 418.98.
[20260604 02:14:55 @multi_evo_agent_runner.py:116] Agent_0 gets win rate: 0.28.
[20260604 02:14:55 @multi_evo_agent_runner.py:115] Agent_1 gets eval reward: -13.07.
[20260604 02:14:55 @multi_evo_agent_runner.py:116] Agent_1 gets win rate: 0.21.
[20260604 02:14:55 @multi_evo_agent_runner.py:79] #------------------------ Iteration 375 --------------------------#
[20260604 02:15:07 @multi_evo_agent_runner.py:85] Sampling 50000 steps by 12 slaves, spending 12.09 s.
[20260604 02:15:44 @multi_evo_agent_runner.py:94] Policy update, spending: 37.07 s.
[20260604 02:15:46 @multi_evo_agent_runner.py:99] Evaluation time: 1.75 s.
[20260604 02:15:46 @multi_evo_agent_runner.py:105] Total time:     387.22 min
[20260604 02:15:46 @multi_evo_agent_runner.py:115] Agent_0 gets eval reward: 799.43.
[20260604 02:15:46 @multi_evo_agent_runner.py:116] Agent_0 gets win rate: 0.28.
[20260604 02:15:46 @multi_evo_agent_runner.py:115] Agent_1 gets eval reward: 89.03.
[20260604 02:15:46 @multi_evo_agent_runner.py:116] Agent_1 gets win rate: 0.28.
[20260604 02:15:46 @multi_evo_agent_runner.py:79] #------------------------ Iteration 376 --------------------------#
[20260604 02:16:00 @multi_evo_agent_runner.py:85] Sampling 50000 steps by 12 slaves, spending 13.89 s.
[20260604 02:16:37 @multi_evo_agent_runner.py:94] Policy update, spending: 37.12 s.
[20260604 02:16:39 @multi_evo_agent_runner.py:99] Evaluation time: 1.86 s.
[20260604 02:16:39 @multi_evo_agent_runner.py:105] Total time:     388.10 min
[20260604 02:16:39 @multi_evo_agent_runner.py:115] Agent_0 gets eval reward: 474.03.
[20260604 02:16:39 @multi_evo_agent_runner.py:116] Agent_0 gets win rate: 0.24.
[20260604 02:16:39 @multi_evo_agent_runner.py:115] Agent_1 gets eval reward: -308.01.
[20260604 02:16:39 @multi_evo_agent_runner.py:116] Agent_1 gets win rate: 0.10.
[20260604 02:16:39 @multi_evo_agent_runner.py:79] #------------------------ Iteration 377 --------------------------#
[20260604 02:16:53 @multi_evo_agent_runner.py:85] Sampling 50000 steps by 12 slaves, spending 13.46 s.
[20260604 02:17:29 @multi_evo_agent_runner.py:94] Policy update, spending: 36.67 s.
[20260604 02:17:31 @multi_evo_agent_runner.py:99] Evaluation time: 1.89 s.
[20260604 02:17:31 @multi_evo_agent_runner.py:105] Total time:     388.97 min
[20260604 02:17:31 @multi_evo_agent_runner.py:115] Agent_0 gets eval reward: 952.40.
[20260604 02:17:31 @multi_evo_agent_runner.py:116] Agent_0 gets win rate: 0.42.
[20260604 02:17:31 @multi_evo_agent_runner.py:115] Agent_1 gets eval reward: -386.88.
[20260604 02:17:31 @multi_evo_agent_runner.py:116] Agent_1 gets win rate: 0.19.
[20260604 02:17:31 @multi_evo_agent_runner.py:510] CRITICAL save best checkpoint with agent_0's rewards 952.40!
[20260604 02:17:32 @multi_evo_agent_runner.py:79] #------------------------ Iteration 378 --------------------------#
[20260604 02:17:45 @multi_evo_agent_runner.py:85] Sampling 50000 steps by 12 slaves, spending 13.41 s.
[20260604 02:18:24 @multi_evo_agent_runner.py:94] Policy update, spending: 39.22 s.
[20260604 02:18:26 @multi_evo_agent_runner.py:99] Evaluation time: 1.66 s.
[20260604 02:18:26 @multi_evo_agent_runner.py:105] Total time:     389.88 min
[20260604 02:18:26 @multi_evo_agent_runner.py:115] Agent_0 gets eval reward: 480.27.
[20260604 02:18:26 @multi_evo_agent_runner.py:116] Agent_0 gets win rate: 0.25.
[20260604 02:18:26 @multi_evo_agent_runner.py:115] Agent_1 gets eval reward: -243.11.
[20260604 02:18:26 @multi_evo_agent_runner.py:116] Agent_1 gets win rate: 0.19.
[20260604 02:18:26 @multi_evo_agent_runner.py:79] #------------------------ Iteration 379 --------------------------#
[20260604 02:18:38 @multi_evo_agent_runner.py:85] Sampling 50000 steps by 12 slaves, spending 11.82 s.
[20260604 02:19:15 @multi_evo_agent_runner.py:94] Policy update, spending: 37.68 s.
[20260604 02:19:17 @multi_evo_agent_runner.py:99] Evaluation time: 1.85 s.
[20260604 02:19:17 @multi_evo_agent_runner.py:105] Total time:     390.74 min
[20260604 02:19:17 @multi_evo_agent_runner.py:115] Agent_0 gets eval reward: 1177.53.
[20260604 02:19:17 @multi_evo_agent_runner.py:116] Agent_0 gets win rate: 0.46.
[20260604 02:19:17 @multi_evo_agent_runner.py:115] Agent_1 gets eval reward: 10.74.
[20260604 02:19:17 @multi_evo_agent_runner.py:116] Agent_1 gets win rate: 0.26.
[20260604 02:19:17 @multi_evo_agent_runner.py:510] CRITICAL save best checkpoint with agent_0's rewards 1177.53!
[20260604 02:19:17 @multi_evo_agent_runner.py:79] #------------------------ Iteration 380 --------------------------#
[20260604 02:19:30 @multi_evo_agent_runner.py:85] Sampling 50000 steps by 12 slaves, spending 12.48 s.
[20260604 02:20:07 @multi_evo_agent_runner.py:94] Policy update, spending: 36.89 s.
[20260604 02:20:09 @multi_evo_agent_runner.py:99] Evaluation time: 1.85 s.
[20260604 02:20:09 @multi_evo_agent_runner.py:105] Total time:     391.60 min
[20260604 02:20:09 @multi_evo_agent_runner.py:115] Agent_0 gets eval reward: 910.11.
[20260604 02:20:09 @multi_evo_agent_runner.py:116] Agent_0 gets win rate: 0.32.
[20260604 02:20:09 @multi_evo_agent_runner.py:115] Agent_1 gets eval reward: -152.09.
[20260604 02:20:09 @multi_evo_agent_runner.py:116] Agent_1 gets win rate: 0.16.
[20260604 02:20:09 @multi_evo_agent_runner.py:79] #------------------------ Iteration 381 --------------------------#
[20260604 02:20:22 @multi_evo_agent_runner.py:85] Sampling 50000 steps by 12 slaves, spending 12.72 s.
[20260604 02:20:59 @multi_evo_agent_runner.py:94] Policy update, spending: 37.21 s.
[20260604 02:21:01 @multi_evo_agent_runner.py:99] Evaluation time: 1.81 s.
[20260604 02:21:01 @multi_evo_agent_runner.py:105] Total time:     392.46 min
[20260604 02:21:01 @multi_evo_agent_runner.py:115] Agent_0 gets eval reward: 588.40.
[20260604 02:21:01 @multi_evo_agent_runner.py:116] Agent_0 gets win rate: 0.20.
[20260604 02:21:01 @multi_evo_agent_runner.py:115] Agent_1 gets eval reward: -405.74.
[20260604 02:21:01 @multi_evo_agent_runner.py:116] Agent_1 gets win rate: 0.12.
[20260604 02:21:01 @multi_evo_agent_runner.py:79] #------------------------ Iteration 382 --------------------------#
[20260604 02:21:14 @multi_evo_agent_runner.py:85] Sampling 50000 steps by 12 slaves, spending 13.04 s.
[20260604 02:21:55 @multi_evo_agent_runner.py:94] Policy update, spending: 40.71 s.
[20260604 02:21:56 @multi_evo_agent_runner.py:99] Evaluation time: 1.93 s.
[20260604 02:21:56 @multi_evo_agent_runner.py:105] Total time:     393.39 min
[20260604 02:21:57 @multi_evo_agent_runner.py:115] Agent_0 gets eval reward: 815.94.
[20260604 02:21:57 @multi_evo_agent_runner.py:116] Agent_0 gets win rate: 0.47.
[20260604 02:21:57 @multi_evo_agent_runner.py:115] Agent_1 gets eval reward: -283.48.
[20260604 02:21:57 @multi_evo_agent_runner.py:116] Agent_1 gets win rate: 0.17.
[20260604 02:21:57 @multi_evo_agent_runner.py:510] CRITICAL save best checkpoint with agent_0's rewards 815.94!
[20260604 02:21:57 @multi_evo_agent_runner.py:79] #------------------------ Iteration 383 --------------------------#
[20260604 02:22:09 @multi_evo_agent_runner.py:85] Sampling 50000 steps by 12 slaves, spending 12.64 s.
[20260604 02:22:48 @multi_evo_agent_runner.py:94] Policy update, spending: 38.49 s.
[20260604 02:22:50 @multi_evo_agent_runner.py:99] Evaluation time: 1.91 s.
[20260604 02:22:50 @multi_evo_agent_runner.py:105] Total time:     394.28 min
[20260604 02:22:50 @multi_evo_agent_runner.py:115] Agent_0 gets eval reward: 1204.55.
[20260604 02:22:50 @multi_evo_agent_runner.py:116] Agent_0 gets win rate: 0.32.
[20260604 02:22:50 @multi_evo_agent_runner.py:115] Agent_1 gets eval reward: 34.33.
[20260604 02:22:50 @multi_evo_agent_runner.py:116] Agent_1 gets win rate: 0.19.
[20260604 02:22:50 @multi_evo_agent_runner.py:510] CRITICAL save best checkpoint with agent_0's rewards 1204.55!
[20260604 02:22:50 @multi_evo_agent_runner.py:79] #------------------------ Iteration 384 --------------------------#
[20260604 02:23:02 @multi_evo_agent_runner.py:85] Sampling 50000 steps by 12 slaves, spending 12.57 s.
[20260604 02:23:41 @multi_evo_agent_runner.py:94] Policy update, spending: 38.67 s.
[20260604 02:23:43 @multi_evo_agent_runner.py:99] Evaluation time: 1.93 s.
[20260604 02:23:43 @multi_evo_agent_runner.py:105] Total time:     395.17 min
[20260604 02:23:43 @multi_evo_agent_runner.py:115] Agent_0 gets eval reward: 1047.42.
[20260604 02:23:43 @multi_evo_agent_runner.py:116] Agent_0 gets win rate: 0.41.
[20260604 02:23:43 @multi_evo_agent_runner.py:115] Agent_1 gets eval reward: -265.52.
[20260604 02:23:43 @multi_evo_agent_runner.py:116] Agent_1 gets win rate: 0.10.
[20260604 02:23:43 @multi_evo_agent_runner.py:510] CRITICAL save best checkpoint with agent_0's rewards 1047.42!
[20260604 02:23:43 @multi_evo_agent_runner.py:79] #------------------------ Iteration 385 --------------------------#
[20260604 02:23:56 @multi_evo_agent_runner.py:85] Sampling 50000 steps by 12 slaves, spending 13.04 s.
[20260604 02:24:35 @multi_evo_agent_runner.py:94] Policy update, spending: 39.01 s.
[20260604 02:24:37 @multi_evo_agent_runner.py:99] Evaluation time: 2.13 s.
[20260604 02:24:37 @multi_evo_agent_runner.py:105] Total time:     396.07 min
[20260604 02:24:37 @multi_evo_agent_runner.py:115] Agent_0 gets eval reward: 1080.06.
[20260604 02:24:37 @multi_evo_agent_runner.py:116] Agent_0 gets win rate: 0.26.
[20260604 02:24:37 @multi_evo_agent_runner.py:115] Agent_1 gets eval reward: -207.55.
[20260604 02:24:37 @multi_evo_agent_runner.py:116] Agent_1 gets win rate: 0.16.
[20260604 02:24:37 @multi_evo_agent_runner.py:510] CRITICAL save best checkpoint with agent_0's rewards 1080.06!
[20260604 02:24:38 @multi_evo_agent_runner.py:79] #------------------------ Iteration 386 --------------------------#
[20260604 02:24:50 @multi_evo_agent_runner.py:85] Sampling 50000 steps by 12 slaves, spending 12.34 s.
[20260604 02:25:27 @multi_evo_agent_runner.py:94] Policy update, spending: 37.57 s.
[20260604 02:25:29 @multi_evo_agent_runner.py:99] Evaluation time: 1.83 s.
[20260604 02:25:29 @multi_evo_agent_runner.py:105] Total time:     396.94 min
[20260604 02:25:29 @multi_evo_agent_runner.py:115] Agent_0 gets eval reward: 817.83.
[20260604 02:25:29 @multi_evo_agent_runner.py:116] Agent_0 gets win rate: 0.48.
[20260604 02:25:29 @multi_evo_agent_runner.py:115] Agent_1 gets eval reward: -323.84.
[20260604 02:25:29 @multi_evo_agent_runner.py:116] Agent_1 gets win rate: 0.15.
[20260604 02:25:29 @multi_evo_agent_runner.py:510] CRITICAL save best checkpoint with agent_0's rewards 817.83!
[20260604 02:25:29 @multi_evo_agent_runner.py:79] #------------------------ Iteration 387 --------------------------#
[20260604 02:25:43 @multi_evo_agent_runner.py:85] Sampling 50000 steps by 12 slaves, spending 13.46 s.
[20260604 02:26:19 @multi_evo_agent_runner.py:94] Policy update, spending: 36.22 s.
[20260604 02:26:21 @multi_evo_agent_runner.py:99] Evaluation time: 2.04 s.
[20260604 02:26:21 @multi_evo_agent_runner.py:105] Total time:     397.80 min
[20260604 02:26:21 @multi_evo_agent_runner.py:115] Agent_0 gets eval reward: 831.24.
[20260604 02:26:21 @multi_evo_agent_runner.py:116] Agent_0 gets win rate: 0.31.
[20260604 02:26:21 @multi_evo_agent_runner.py:115] Agent_1 gets eval reward: -135.50.
[20260604 02:26:21 @multi_evo_agent_runner.py:116] Agent_1 gets win rate: 0.08.
[20260604 02:26:21 @multi_evo_agent_runner.py:510] CRITICAL save best checkpoint with agent_0's rewards 831.24!
[20260604 02:26:21 @multi_evo_agent_runner.py:79] #------------------------ Iteration 388 --------------------------#
[20260604 02:26:34 @multi_evo_agent_runner.py:85] Sampling 50000 steps by 12 slaves, spending 12.98 s.
[20260604 02:27:11 @multi_evo_agent_runner.py:94] Policy update, spending: 36.41 s.
[20260604 02:27:13 @multi_evo_agent_runner.py:99] Evaluation time: 1.90 s.
[20260604 02:27:13 @multi_evo_agent_runner.py:105] Total time:     398.66 min
[20260604 02:27:13 @multi_evo_agent_runner.py:115] Agent_0 gets eval reward: 739.32.
[20260604 02:27:13 @multi_evo_agent_runner.py:116] Agent_0 gets win rate: 0.51.
[20260604 02:27:13 @multi_evo_agent_runner.py:115] Agent_1 gets eval reward: -225.40.
[20260604 02:27:13 @multi_evo_agent_runner.py:116] Agent_1 gets win rate: 0.27.
[20260604 02:27:13 @multi_evo_agent_runner.py:510] CRITICAL save best checkpoint with agent_0's rewards 739.32!
[20260604 02:27:13 @multi_evo_agent_runner.py:79] #------------------------ Iteration 389 --------------------------#
[20260604 02:27:25 @multi_evo_agent_runner.py:85] Sampling 50000 steps by 12 slaves, spending 12.21 s.
[20260604 02:28:06 @multi_evo_agent_runner.py:94] Policy update, spending: 41.42 s.
[20260604 02:28:09 @multi_evo_agent_runner.py:99] Evaluation time: 2.22 s.
[20260604 02:28:09 @multi_evo_agent_runner.py:105] Total time:     399.59 min
[20260604 02:28:09 @multi_evo_agent_runner.py:115] Agent_0 gets eval reward: 864.88.
[20260604 02:28:09 @multi_evo_agent_runner.py:116] Agent_0 gets win rate: 0.37.
[20260604 02:28:09 @multi_evo_agent_runner.py:115] Agent_1 gets eval reward: -167.37.
[20260604 02:28:09 @multi_evo_agent_runner.py:116] Agent_1 gets win rate: 0.20.
[20260604 02:28:09 @multi_evo_agent_runner.py:510] CRITICAL save best checkpoint with agent_0's rewards 864.88!
[20260604 02:28:09 @multi_evo_agent_runner.py:79] #------------------------ Iteration 390 --------------------------#
[20260604 02:28:21 @multi_evo_agent_runner.py:85] Sampling 50000 steps by 12 slaves, spending 12.40 s.
[20260604 02:28:56 @multi_evo_agent_runner.py:94] Policy update, spending: 35.29 s.
[20260604 02:28:58 @multi_evo_agent_runner.py:99] Evaluation time: 1.65 s.
[20260604 02:28:58 @multi_evo_agent_runner.py:105] Total time:     400.42 min
[20260604 02:28:58 @multi_evo_agent_runner.py:115] Agent_0 gets eval reward: 422.55.
[20260604 02:28:58 @multi_evo_agent_runner.py:116] Agent_0 gets win rate: 0.12.
[20260604 02:28:58 @multi_evo_agent_runner.py:115] Agent_1 gets eval reward: -0.65.
[20260604 02:28:58 @multi_evo_agent_runner.py:116] Agent_1 gets win rate: 0.19.
[20260604 02:28:58 @multi_evo_agent_runner.py:79] #------------------------ Iteration 391 --------------------------#
[20260604 02:29:11 @multi_evo_agent_runner.py:85] Sampling 50000 steps by 12 slaves, spending 12.21 s.
[20260604 02:29:48 @multi_evo_agent_runner.py:94] Policy update, spending: 37.68 s.
[20260604 02:29:50 @multi_evo_agent_runner.py:99] Evaluation time: 1.72 s.
[20260604 02:29:50 @multi_evo_agent_runner.py:105] Total time:     401.28 min
[20260604 02:29:50 @multi_evo_agent_runner.py:115] Agent_0 gets eval reward: 508.41.
[20260604 02:29:50 @multi_evo_agent_runner.py:116] Agent_0 gets win rate: 0.31.
[20260604 02:29:50 @multi_evo_agent_runner.py:115] Agent_1 gets eval reward: -120.14.
[20260604 02:29:50 @multi_evo_agent_runner.py:116] Agent_1 gets win rate: 0.07.
[20260604 02:29:50 @multi_evo_agent_runner.py:79] #------------------------ Iteration 392 --------------------------#
[20260604 02:30:03 @multi_evo_agent_runner.py:85] Sampling 50000 steps by 12 slaves, spending 13.19 s.
[20260604 02:30:44 @multi_evo_agent_runner.py:94] Policy update, spending: 40.80 s.
[20260604 02:30:46 @multi_evo_agent_runner.py:99] Evaluation time: 2.01 s.
[20260604 02:30:46 @multi_evo_agent_runner.py:105] Total time:     402.22 min
[20260604 02:30:46 @multi_evo_agent_runner.py:115] Agent_0 gets eval reward: 694.49.
[20260604 02:30:46 @multi_evo_agent_runner.py:116] Agent_0 gets win rate: 0.28.
[20260604 02:30:46 @multi_evo_agent_runner.py:115] Agent_1 gets eval reward: -308.23.
[20260604 02:30:46 @multi_evo_agent_runner.py:116] Agent_1 gets win rate: 0.17.
[20260604 02:30:46 @multi_evo_agent_runner.py:79] #------------------------ Iteration 393 --------------------------#
[20260604 02:31:00 @multi_evo_agent_runner.py:85] Sampling 50000 steps by 12 slaves, spending 13.42 s.
[20260604 02:31:37 @multi_evo_agent_runner.py:94] Policy update, spending: 37.81 s.
[20260604 02:31:39 @multi_evo_agent_runner.py:99] Evaluation time: 1.98 s.
[20260604 02:31:39 @multi_evo_agent_runner.py:105] Total time:     403.11 min
[20260604 02:31:40 @multi_evo_agent_runner.py:115] Agent_0 gets eval reward: 1017.61.
[20260604 02:31:40 @multi_evo_agent_runner.py:116] Agent_0 gets win rate: 0.55.
[20260604 02:31:40 @multi_evo_agent_runner.py:115] Agent_1 gets eval reward: -166.19.
[20260604 02:31:40 @multi_evo_agent_runner.py:116] Agent_1 gets win rate: 0.17.
[20260604 02:31:40 @multi_evo_agent_runner.py:510] CRITICAL save best checkpoint with agent_0's rewards 1017.61!
[20260604 02:31:40 @multi_evo_agent_runner.py:79] #------------------------ Iteration 394 --------------------------#
[20260604 02:31:52 @multi_evo_agent_runner.py:85] Sampling 50000 steps by 12 slaves, spending 12.80 s.
[20260604 02:32:33 @multi_evo_agent_runner.py:94] Policy update, spending: 40.68 s.
[20260604 02:32:35 @multi_evo_agent_runner.py:99] Evaluation time: 1.79 s.
[20260604 02:32:35 @multi_evo_agent_runner.py:105] Total time:     404.03 min
[20260604 02:32:35 @multi_evo_agent_runner.py:115] Agent_0 gets eval reward: 727.91.
[20260604 02:32:35 @multi_evo_agent_runner.py:116] Agent_0 gets win rate: 0.49.
[20260604 02:32:35 @multi_evo_agent_runner.py:115] Agent_1 gets eval reward: -127.55.
[20260604 02:32:35 @multi_evo_agent_runner.py:116] Agent_1 gets win rate: 0.23.
[20260604 02:32:35 @multi_evo_agent_runner.py:79] #------------------------ Iteration 395 --------------------------#
[20260604 02:32:48 @multi_evo_agent_runner.py:85] Sampling 50000 steps by 12 slaves, spending 12.64 s.
[20260604 02:33:28 @multi_evo_agent_runner.py:94] Policy update, spending: 40.14 s.
[20260604 02:33:30 @multi_evo_agent_runner.py:99] Evaluation time: 1.93 s.
[20260604 02:33:30 @multi_evo_agent_runner.py:105] Total time:     404.95 min
[20260604 02:33:30 @multi_evo_agent_runner.py:115] Agent_0 gets eval reward: 1243.87.
[20260604 02:33:30 @multi_evo_agent_runner.py:116] Agent_0 gets win rate: 0.37.
[20260604 02:33:30 @multi_evo_agent_runner.py:115] Agent_1 gets eval reward: -69.25.
[20260604 02:33:30 @multi_evo_agent_runner.py:116] Agent_1 gets win rate: 0.17.
[20260604 02:33:30 @multi_evo_agent_runner.py:510] CRITICAL save best checkpoint with agent_0's rewards 1243.87!
[20260604 02:33:30 @multi_evo_agent_runner.py:79] #------------------------ Iteration 396 --------------------------#
[20260604 02:33:43 @multi_evo_agent_runner.py:85] Sampling 50000 steps by 12 slaves, spending 13.34 s.
[20260604 02:34:21 @multi_evo_agent_runner.py:94] Policy update, spending: 37.66 s.
[20260604 02:34:23 @multi_evo_agent_runner.py:99] Evaluation time: 2.05 s.
[20260604 02:34:23 @multi_evo_agent_runner.py:105] Total time:     405.83 min
[20260604 02:34:23 @multi_evo_agent_runner.py:115] Agent_0 gets eval reward: 779.85.
[20260604 02:34:23 @multi_evo_agent_runner.py:116] Agent_0 gets win rate: 0.41.
[20260604 02:34:23 @multi_evo_agent_runner.py:115] Agent_1 gets eval reward: -455.21.
[20260604 02:34:23 @multi_evo_agent_runner.py:116] Agent_1 gets win rate: 0.14.
[20260604 02:34:23 @multi_evo_agent_runner.py:510] CRITICAL save best checkpoint with agent_0's rewards 779.85!
[20260604 02:34:23 @multi_evo_agent_runner.py:79] #------------------------ Iteration 397 --------------------------#
[20260604 02:34:36 @multi_evo_agent_runner.py:85] Sampling 50000 steps by 12 slaves, spending 13.15 s.
[20260604 02:35:14 @multi_evo_agent_runner.py:94] Policy update, spending: 37.78 s.
[20260604 02:35:16 @multi_evo_agent_runner.py:99] Evaluation time: 2.09 s.
[20260604 02:35:16 @multi_evo_agent_runner.py:105] Total time:     406.72 min
[20260604 02:35:16 @multi_evo_agent_runner.py:115] Agent_0 gets eval reward: 989.41.
[20260604 02:35:16 @multi_evo_agent_runner.py:116] Agent_0 gets win rate: 0.46.
[20260604 02:35:16 @multi_evo_agent_runner.py:115] Agent_1 gets eval reward: -393.13.
[20260604 02:35:16 @multi_evo_agent_runner.py:116] Agent_1 gets win rate: 0.14.
[20260604 02:35:16 @multi_evo_agent_runner.py:510] CRITICAL save best checkpoint with agent_0's rewards 989.41!
[20260604 02:35:16 @multi_evo_agent_runner.py:79] #------------------------ Iteration 398 --------------------------#
[20260604 02:35:30 @multi_evo_agent_runner.py:85] Sampling 50000 steps by 12 slaves, spending 13.33 s.
[20260604 02:36:07 @multi_evo_agent_runner.py:94] Policy update, spending: 36.99 s.
[20260604 02:36:08 @multi_evo_agent_runner.py:99] Evaluation time: 1.76 s.
[20260604 02:36:08 @multi_evo_agent_runner.py:105] Total time:     407.59 min
[20260604 02:36:09 @multi_evo_agent_runner.py:115] Agent_0 gets eval reward: 913.44.
[20260604 02:36:09 @multi_evo_agent_runner.py:116] Agent_0 gets win rate: 0.38.
[20260604 02:36:09 @multi_evo_agent_runner.py:115] Agent_1 gets eval reward: -76.00.
[20260604 02:36:09 @multi_evo_agent_runner.py:116] Agent_1 gets win rate: 0.19.
[20260604 02:36:09 @multi_evo_agent_runner.py:79] #------------------------ Iteration 399 --------------------------#
[20260604 02:36:21 @multi_evo_agent_runner.py:85] Sampling 50000 steps by 12 slaves, spending 11.86 s.
[20260604 02:37:00 @multi_evo_agent_runner.py:94] Policy update, spending: 39.46 s.
[20260604 02:37:02 @multi_evo_agent_runner.py:99] Evaluation time: 1.91 s.
[20260604 02:37:02 @multi_evo_agent_runner.py:105] Total time:     408.48 min
[20260604 02:37:02 @multi_evo_agent_runner.py:115] Agent_0 gets eval reward: 562.21.
[20260604 02:37:02 @multi_evo_agent_runner.py:116] Agent_0 gets win rate: 0.30.
[20260604 02:37:02 @multi_evo_agent_runner.py:115] Agent_1 gets eval reward: 22.28.
[20260604 02:37:02 @multi_evo_agent_runner.py:116] Agent_1 gets win rate: 0.27.
[20260604 02:37:02 @multi_evo_agent_runner.py:79] #------------------------ Iteration 400 --------------------------#
[20260604 02:37:15 @multi_evo_agent_runner.py:85] Sampling 50000 steps by 12 slaves, spending 12.47 s.
[20260604 02:37:55 @multi_evo_agent_runner.py:94] Policy update, spending: 40.75 s.
[20260604 02:37:57 @multi_evo_agent_runner.py:99] Evaluation time: 2.06 s.
[20260604 02:37:57 @multi_evo_agent_runner.py:105] Total time:     409.41 min
[20260604 02:37:57 @multi_evo_agent_runner.py:115] Agent_0 gets eval reward: 878.45.
[20260604 02:37:57 @multi_evo_agent_runner.py:116] Agent_0 gets win rate: 0.34.
[20260604 02:37:57 @multi_evo_agent_runner.py:115] Agent_1 gets eval reward: -180.42.
[20260604 02:37:57 @multi_evo_agent_runner.py:116] Agent_1 gets win rate: 0.17.
[20260604 02:37:58 @multi_evo_agent_runner.py:79] #------------------------ Iteration 401 --------------------------#
[20260604 02:38:12 @multi_evo_agent_runner.py:85] Sampling 50000 steps by 12 slaves, spending 14.90 s.
[20260604 02:38:48 @multi_evo_agent_runner.py:94] Policy update, spending: 36.06 s.
[20260604 02:38:50 @multi_evo_agent_runner.py:99] Evaluation time: 1.87 s.
[20260604 02:38:50 @multi_evo_agent_runner.py:105] Total time:     410.29 min
[20260604 02:38:50 @multi_evo_agent_runner.py:115] Agent_0 gets eval reward: 864.70.
[20260604 02:38:50 @multi_evo_agent_runner.py:116] Agent_0 gets win rate: 0.26.
[20260604 02:38:50 @multi_evo_agent_runner.py:115] Agent_1 gets eval reward: 194.30.
[20260604 02:38:50 @multi_evo_agent_runner.py:116] Agent_1 gets win rate: 0.22.
[20260604 02:38:51 @multi_evo_agent_runner.py:79] #------------------------ Iteration 402 --------------------------#
[20260604 02:39:03 @multi_evo_agent_runner.py:85] Sampling 50000 steps by 12 slaves, spending 12.62 s.
[20260604 02:39:41 @multi_evo_agent_runner.py:94] Policy update, spending: 37.80 s.
[20260604 02:39:43 @multi_evo_agent_runner.py:99] Evaluation time: 2.03 s.
[20260604 02:39:43 @multi_evo_agent_runner.py:105] Total time:     411.17 min
[20260604 02:39:43 @multi_evo_agent_runner.py:115] Agent_0 gets eval reward: 915.86.
[20260604 02:39:43 @multi_evo_agent_runner.py:116] Agent_0 gets win rate: 0.36.
[20260604 02:39:43 @multi_evo_agent_runner.py:115] Agent_1 gets eval reward: -260.02.
[20260604 02:39:43 @multi_evo_agent_runner.py:116] Agent_1 gets win rate: 0.12.
[20260604 02:39:43 @multi_evo_agent_runner.py:79] #------------------------ Iteration 403 --------------------------#
[20260604 02:39:56 @multi_evo_agent_runner.py:85] Sampling 50000 steps by 12 slaves, spending 12.37 s.
[20260604 02:40:33 @multi_evo_agent_runner.py:94] Policy update, spending: 37.56 s.
[20260604 02:40:35 @multi_evo_agent_runner.py:99] Evaluation time: 1.79 s.
[20260604 02:40:35 @multi_evo_agent_runner.py:105] Total time:     412.03 min
[20260604 02:40:35 @multi_evo_agent_runner.py:115] Agent_0 gets eval reward: 516.79.
[20260604 02:40:35 @multi_evo_agent_runner.py:116] Agent_0 gets win rate: 0.14.
[20260604 02:40:35 @multi_evo_agent_runner.py:115] Agent_1 gets eval reward: -37.85.
[20260604 02:40:35 @multi_evo_agent_runner.py:116] Agent_1 gets win rate: 0.17.
[20260604 02:40:35 @multi_evo_agent_runner.py:79] #------------------------ Iteration 404 --------------------------#
[20260604 02:40:48 @multi_evo_agent_runner.py:85] Sampling 50000 steps by 12 slaves, spending 12.75 s.
[20260604 02:41:24 @multi_evo_agent_runner.py:94] Policy update, spending: 36.35 s.
[20260604 02:41:26 @multi_evo_agent_runner.py:99] Evaluation time: 1.85 s.
[20260604 02:41:26 @multi_evo_agent_runner.py:105] Total time:     412.88 min
[20260604 02:41:26 @multi_evo_agent_runner.py:115] Agent_0 gets eval reward: 833.08.
[20260604 02:41:26 @multi_evo_agent_runner.py:116] Agent_0 gets win rate: 0.36.
[20260604 02:41:26 @multi_evo_agent_runner.py:115] Agent_1 gets eval reward: 16.92.
[20260604 02:41:26 @multi_evo_agent_runner.py:116] Agent_1 gets win rate: 0.18.
[20260604 02:41:26 @multi_evo_agent_runner.py:79] #------------------------ Iteration 405 --------------------------#
[20260604 02:41:40 @multi_evo_agent_runner.py:85] Sampling 50000 steps by 12 slaves, spending 13.35 s.
[20260604 02:42:16 @multi_evo_agent_runner.py:94] Policy update, spending: 36.77 s.
[20260604 02:42:18 @multi_evo_agent_runner.py:99] Evaluation time: 2.02 s.
[20260604 02:42:18 @multi_evo_agent_runner.py:105] Total time:     413.76 min
[20260604 02:42:18 @multi_evo_agent_runner.py:115] Agent_0 gets eval reward: 523.38.
[20260604 02:42:18 @multi_evo_agent_runner.py:116] Agent_0 gets win rate: 0.27.
[20260604 02:42:18 @multi_evo_agent_runner.py:115] Agent_1 gets eval reward: 168.37.
[20260604 02:42:18 @multi_evo_agent_runner.py:116] Agent_1 gets win rate: 0.21.
[20260604 02:42:18 @multi_evo_agent_runner.py:79] #------------------------ Iteration 406 --------------------------#
[20260604 02:42:31 @multi_evo_agent_runner.py:85] Sampling 50000 steps by 12 slaves, spending 12.13 s.
[20260604 02:43:12 @multi_evo_agent_runner.py:94] Policy update, spending: 41.66 s.
[20260604 02:43:14 @multi_evo_agent_runner.py:99] Evaluation time: 1.83 s.
[20260604 02:43:14 @multi_evo_agent_runner.py:105] Total time:     414.69 min
[20260604 02:43:14 @multi_evo_agent_runner.py:115] Agent_0 gets eval reward: 869.80.
[20260604 02:43:14 @multi_evo_agent_runner.py:116] Agent_0 gets win rate: 0.29.
[20260604 02:43:14 @multi_evo_agent_runner.py:115] Agent_1 gets eval reward: 235.45.
[20260604 02:43:14 @multi_evo_agent_runner.py:116] Agent_1 gets win rate: 0.26.
[20260604 02:43:14 @multi_evo_agent_runner.py:79] #------------------------ Iteration 407 --------------------------#
[20260604 02:43:26 @multi_evo_agent_runner.py:85] Sampling 50000 steps by 12 slaves, spending 11.89 s.
[20260604 02:44:07 @multi_evo_agent_runner.py:94] Policy update, spending: 41.11 s.
[20260604 02:44:09 @multi_evo_agent_runner.py:99] Evaluation time: 1.63 s.
[20260604 02:44:09 @multi_evo_agent_runner.py:105] Total time:     415.60 min
[20260604 02:44:09 @multi_evo_agent_runner.py:115] Agent_0 gets eval reward: 988.23.
[20260604 02:44:09 @multi_evo_agent_runner.py:116] Agent_0 gets win rate: 0.44.
[20260604 02:44:09 @multi_evo_agent_runner.py:115] Agent_1 gets eval reward: -641.27.
[20260604 02:44:09 @multi_evo_agent_runner.py:116] Agent_1 gets win rate: 0.04.
[20260604 02:44:09 @multi_evo_agent_runner.py:79] #------------------------ Iteration 408 --------------------------#
[20260604 02:44:21 @multi_evo_agent_runner.py:85] Sampling 50000 steps by 12 slaves, spending 11.96 s.
[20260604 02:45:01 @multi_evo_agent_runner.py:94] Policy update, spending: 39.65 s.
[20260604 02:45:02 @multi_evo_agent_runner.py:99] Evaluation time: 1.75 s.
[20260604 02:45:02 @multi_evo_agent_runner.py:105] Total time:     416.49 min
[20260604 02:45:03 @multi_evo_agent_runner.py:115] Agent_0 gets eval reward: 633.39.
[20260604 02:45:03 @multi_evo_agent_runner.py:116] Agent_0 gets win rate: 0.04.
[20260604 02:45:03 @multi_evo_agent_runner.py:115] Agent_1 gets eval reward: 228.73.
[20260604 02:45:03 @multi_evo_agent_runner.py:116] Agent_1 gets win rate: 0.21.
[20260604 02:45:03 @multi_evo_agent_runner.py:79] #------------------------ Iteration 409 --------------------------#
[20260604 02:45:15 @multi_evo_agent_runner.py:85] Sampling 50000 steps by 12 slaves, spending 12.67 s.
[20260604 02:45:54 @multi_evo_agent_runner.py:94] Policy update, spending: 39.10 s.
[20260604 02:45:56 @multi_evo_agent_runner.py:99] Evaluation time: 1.75 s.
[20260604 02:45:56 @multi_evo_agent_runner.py:105] Total time:     417.39 min
[20260604 02:45:56 @multi_evo_agent_runner.py:115] Agent_0 gets eval reward: 908.00.
[20260604 02:45:56 @multi_evo_agent_runner.py:116] Agent_0 gets win rate: 0.27.
[20260604 02:45:56 @multi_evo_agent_runner.py:115] Agent_1 gets eval reward: -60.31.
[20260604 02:45:56 @multi_evo_agent_runner.py:116] Agent_1 gets win rate: 0.08.
[20260604 02:45:56 @multi_evo_agent_runner.py:79] #------------------------ Iteration 410 --------------------------#
[20260604 02:46:08 @multi_evo_agent_runner.py:85] Sampling 50000 steps by 12 slaves, spending 12.13 s.
[20260604 02:46:44 @multi_evo_agent_runner.py:94] Policy update, spending: 35.41 s.
[20260604 02:46:46 @multi_evo_agent_runner.py:99] Evaluation time: 1.89 s.
[20260604 02:46:46 @multi_evo_agent_runner.py:105] Total time:     418.21 min
[20260604 02:46:46 @multi_evo_agent_runner.py:115] Agent_0 gets eval reward: 655.08.
[20260604 02:46:46 @multi_evo_agent_runner.py:116] Agent_0 gets win rate: 0.38.
[20260604 02:46:46 @multi_evo_agent_runner.py:115] Agent_1 gets eval reward: -191.01.
[20260604 02:46:46 @multi_evo_agent_runner.py:116] Agent_1 gets win rate: 0.15.
[20260604 02:46:46 @multi_evo_agent_runner.py:79] #------------------------ Iteration 411 --------------------------#
[20260604 02:46:59 @multi_evo_agent_runner.py:85] Sampling 50000 steps by 12 slaves, spending 12.68 s.
[20260604 02:47:36 @multi_evo_agent_runner.py:94] Policy update, spending: 37.33 s.
[20260604 02:47:38 @multi_evo_agent_runner.py:99] Evaluation time: 1.75 s.
[20260604 02:47:38 @multi_evo_agent_runner.py:105] Total time:     419.08 min
[20260604 02:47:38 @multi_evo_agent_runner.py:115] Agent_0 gets eval reward: 349.38.
[20260604 02:47:38 @multi_evo_agent_runner.py:116] Agent_0 gets win rate: 0.19.
[20260604 02:47:38 @multi_evo_agent_runner.py:115] Agent_1 gets eval reward: 253.23.
[20260604 02:47:38 @multi_evo_agent_runner.py:116] Agent_1 gets win rate: 0.32.
[20260604 02:47:38 @multi_evo_agent_runner.py:79] #------------------------ Iteration 412 --------------------------#
[20260604 02:47:49 @multi_evo_agent_runner.py:85] Sampling 50000 steps by 12 slaves, spending 11.66 s.
[20260604 02:48:29 @multi_evo_agent_runner.py:94] Policy update, spending: 39.97 s.
[20260604 02:48:31 @multi_evo_agent_runner.py:99] Evaluation time: 1.79 s.
[20260604 02:48:31 @multi_evo_agent_runner.py:105] Total time:     419.97 min
[20260604 02:48:31 @multi_evo_agent_runner.py:115] Agent_0 gets eval reward: 798.61.
[20260604 02:48:31 @multi_evo_agent_runner.py:116] Agent_0 gets win rate: 0.17.
[20260604 02:48:31 @multi_evo_agent_runner.py:115] Agent_1 gets eval reward: -43.26.
[20260604 02:48:31 @multi_evo_agent_runner.py:116] Agent_1 gets win rate: 0.12.
[20260604 02:48:31 @multi_evo_agent_runner.py:79] #------------------------ Iteration 413 --------------------------#
[20260604 02:48:44 @multi_evo_agent_runner.py:85] Sampling 50000 steps by 12 slaves, spending 13.01 s.
[20260604 02:49:24 @multi_evo_agent_runner.py:94] Policy update, spending: 40.00 s.
[20260604 02:49:26 @multi_evo_agent_runner.py:99] Evaluation time: 1.72 s.
[20260604 02:49:26 @multi_evo_agent_runner.py:105] Total time:     420.89 min
[20260604 02:49:26 @multi_evo_agent_runner.py:115] Agent_0 gets eval reward: 805.32.
[20260604 02:49:26 @multi_evo_agent_runner.py:116] Agent_0 gets win rate: 0.41.
[20260604 02:49:26 @multi_evo_agent_runner.py:115] Agent_1 gets eval reward: -116.77.
[20260604 02:49:26 @multi_evo_agent_runner.py:116] Agent_1 gets win rate: 0.22.
[20260604 02:49:26 @multi_evo_agent_runner.py:79] #------------------------ Iteration 414 --------------------------#
[20260604 02:49:39 @multi_evo_agent_runner.py:85] Sampling 50000 steps by 12 slaves, spending 12.51 s.
[20260604 02:50:16 @multi_evo_agent_runner.py:94] Policy update, spending: 37.27 s.
[20260604 02:50:18 @multi_evo_agent_runner.py:99] Evaluation time: 1.95 s.
[20260604 02:50:18 @multi_evo_agent_runner.py:105] Total time:     421.75 min
[20260604 02:50:18 @multi_evo_agent_runner.py:115] Agent_0 gets eval reward: 1272.92.
[20260604 02:50:18 @multi_evo_agent_runner.py:116] Agent_0 gets win rate: 0.62.
[20260604 02:50:18 @multi_evo_agent_runner.py:115] Agent_1 gets eval reward: -431.96.
[20260604 02:50:18 @multi_evo_agent_runner.py:116] Agent_1 gets win rate: 0.03.
[20260604 02:50:18 @multi_evo_agent_runner.py:510] CRITICAL save best checkpoint with agent_0's rewards 1272.92!
[20260604 02:50:18 @multi_evo_agent_runner.py:79] #------------------------ Iteration 415 --------------------------#
[20260604 02:50:30 @multi_evo_agent_runner.py:85] Sampling 50000 steps by 12 slaves, spending 12.15 s.
[20260604 02:51:10 @multi_evo_agent_runner.py:94] Policy update, spending: 39.79 s.
[20260604 02:51:12 @multi_evo_agent_runner.py:99] Evaluation time: 2.24 s.
[20260604 02:51:12 @multi_evo_agent_runner.py:105] Total time:     422.66 min
[20260604 02:51:13 @multi_evo_agent_runner.py:115] Agent_0 gets eval reward: 975.40.
[20260604 02:51:13 @multi_evo_agent_runner.py:116] Agent_0 gets win rate: 0.30.
[20260604 02:51:13 @multi_evo_agent_runner.py:115] Agent_1 gets eval reward: -224.57.
[20260604 02:51:13 @multi_evo_agent_runner.py:116] Agent_1 gets win rate: 0.07.
[20260604 02:51:13 @multi_evo_agent_runner.py:79] #------------------------ Iteration 416 --------------------------#
[20260604 02:51:26 @multi_evo_agent_runner.py:85] Sampling 50000 steps by 12 slaves, spending 13.05 s.
[20260604 02:52:07 @multi_evo_agent_runner.py:94] Policy update, spending: 41.39 s.
[20260604 02:52:09 @multi_evo_agent_runner.py:99] Evaluation time: 1.87 s.
[20260604 02:52:09 @multi_evo_agent_runner.py:105] Total time:     423.60 min
[20260604 02:52:09 @multi_evo_agent_runner.py:115] Agent_0 gets eval reward: 739.34.
[20260604 02:52:09 @multi_evo_agent_runner.py:116] Agent_0 gets win rate: 0.48.
[20260604 02:52:09 @multi_evo_agent_runner.py:115] Agent_1 gets eval reward: -590.14.
[20260604 02:52:09 @multi_evo_agent_runner.py:116] Agent_1 gets win rate: 0.03.
[20260604 02:52:09 @multi_evo_agent_runner.py:79] #------------------------ Iteration 417 --------------------------#
[20260604 02:52:21 @multi_evo_agent_runner.py:85] Sampling 50000 steps by 12 slaves, spending 12.19 s.
[20260604 02:53:01 @multi_evo_agent_runner.py:94] Policy update, spending: 40.00 s.
[20260604 02:53:03 @multi_evo_agent_runner.py:99] Evaluation time: 1.70 s.
[20260604 02:53:03 @multi_evo_agent_runner.py:105] Total time:     424.50 min
[20260604 02:53:03 @multi_evo_agent_runner.py:115] Agent_0 gets eval reward: 1258.16.
[20260604 02:53:03 @multi_evo_agent_runner.py:116] Agent_0 gets win rate: 0.50.
[20260604 02:53:03 @multi_evo_agent_runner.py:115] Agent_1 gets eval reward: -435.10.
[20260604 02:53:03 @multi_evo_agent_runner.py:116] Agent_1 gets win rate: 0.12.
[20260604 02:53:03 @multi_evo_agent_runner.py:79] #------------------------ Iteration 418 --------------------------#
[20260604 02:53:16 @multi_evo_agent_runner.py:85] Sampling 50000 steps by 12 slaves, spending 12.50 s.
[20260604 02:53:54 @multi_evo_agent_runner.py:94] Policy update, spending: 38.02 s.
[20260604 02:53:55 @multi_evo_agent_runner.py:99] Evaluation time: 1.74 s.
[20260604 02:53:55 @multi_evo_agent_runner.py:105] Total time:     425.37 min
[20260604 02:53:56 @multi_evo_agent_runner.py:115] Agent_0 gets eval reward: 890.84.
[20260604 02:53:56 @multi_evo_agent_runner.py:116] Agent_0 gets win rate: 0.31.
[20260604 02:53:56 @multi_evo_agent_runner.py:115] Agent_1 gets eval reward: -268.89.
[20260604 02:53:56 @multi_evo_agent_runner.py:116] Agent_1 gets win rate: 0.21.
[20260604 02:53:56 @multi_evo_agent_runner.py:79] #------------------------ Iteration 419 --------------------------#
[20260604 02:54:09 @multi_evo_agent_runner.py:85] Sampling 50000 steps by 12 slaves, spending 12.93 s.
[20260604 02:54:46 @multi_evo_agent_runner.py:94] Policy update, spending: 37.55 s.
[20260604 02:54:48 @multi_evo_agent_runner.py:99] Evaluation time: 1.88 s.
[20260604 02:54:48 @multi_evo_agent_runner.py:105] Total time:     426.25 min
[20260604 02:54:48 @multi_evo_agent_runner.py:115] Agent_0 gets eval reward: 856.83.
[20260604 02:54:48 @multi_evo_agent_runner.py:116] Agent_0 gets win rate: 0.35.
[20260604 02:54:48 @multi_evo_agent_runner.py:115] Agent_1 gets eval reward: -12.51.
[20260604 02:54:48 @multi_evo_agent_runner.py:116] Agent_1 gets win rate: 0.35.
[20260604 02:54:48 @multi_evo_agent_runner.py:79] #------------------------ Iteration 420 --------------------------#
[20260604 02:55:01 @multi_evo_agent_runner.py:85] Sampling 50000 steps by 12 slaves, spending 13.05 s.
[20260604 02:55:40 @multi_evo_agent_runner.py:94] Policy update, spending: 38.34 s.
[20260604 02:55:41 @multi_evo_agent_runner.py:99] Evaluation time: 1.70 s.
[20260604 02:55:41 @multi_evo_agent_runner.py:105] Total time:     427.14 min
[20260604 02:55:41 @multi_evo_agent_runner.py:115] Agent_0 gets eval reward: 261.46.
[20260604 02:55:41 @multi_evo_agent_runner.py:116] Agent_0 gets win rate: 0.31.
[20260604 02:55:41 @multi_evo_agent_runner.py:115] Agent_1 gets eval reward: -218.47.
[20260604 02:55:41 @multi_evo_agent_runner.py:116] Agent_1 gets win rate: 0.20.
[20260604 02:55:41 @multi_evo_agent_runner.py:79] #------------------------ Iteration 421 --------------------------#
[20260604 02:55:55 @multi_evo_agent_runner.py:85] Sampling 50000 steps by 12 slaves, spending 13.19 s.
[20260604 02:56:34 @multi_evo_agent_runner.py:94] Policy update, spending: 39.56 s.
[20260604 02:56:36 @multi_evo_agent_runner.py:99] Evaluation time: 2.15 s.
[20260604 02:56:36 @multi_evo_agent_runner.py:105] Total time:     428.06 min
[20260604 02:56:36 @multi_evo_agent_runner.py:115] Agent_0 gets eval reward: 1261.27.
[20260604 02:56:36 @multi_evo_agent_runner.py:116] Agent_0 gets win rate: 0.34.
[20260604 02:56:36 @multi_evo_agent_runner.py:115] Agent_1 gets eval reward: -305.15.
[20260604 02:56:36 @multi_evo_agent_runner.py:116] Agent_1 gets win rate: 0.14.
[20260604 02:56:36 @multi_evo_agent_runner.py:79] #------------------------ Iteration 422 --------------------------#
[20260604 02:56:50 @multi_evo_agent_runner.py:85] Sampling 50000 steps by 12 slaves, spending 13.31 s.
[20260604 02:57:29 @multi_evo_agent_runner.py:94] Policy update, spending: 39.24 s.
[20260604 02:57:31 @multi_evo_agent_runner.py:99] Evaluation time: 2.26 s.
[20260604 02:57:31 @multi_evo_agent_runner.py:105] Total time:     428.97 min
[20260604 02:57:31 @multi_evo_agent_runner.py:115] Agent_0 gets eval reward: 782.64.
[20260604 02:57:31 @multi_evo_agent_runner.py:116] Agent_0 gets win rate: 0.49.
[20260604 02:57:31 @multi_evo_agent_runner.py:115] Agent_1 gets eval reward: -299.78.
[20260604 02:57:31 @multi_evo_agent_runner.py:116] Agent_1 gets win rate: 0.22.
[20260604 02:57:31 @multi_evo_agent_runner.py:79] #------------------------ Iteration 423 --------------------------#
[20260604 02:57:43 @multi_evo_agent_runner.py:85] Sampling 50000 steps by 12 slaves, spending 11.71 s.
[20260604 02:58:22 @multi_evo_agent_runner.py:94] Policy update, spending: 38.75 s.
[20260604 02:58:24 @multi_evo_agent_runner.py:99] Evaluation time: 2.20 s.
[20260604 02:58:24 @multi_evo_agent_runner.py:105] Total time:     429.85 min
[20260604 02:58:24 @multi_evo_agent_runner.py:115] Agent_0 gets eval reward: 642.10.
[20260604 02:58:24 @multi_evo_agent_runner.py:116] Agent_0 gets win rate: 0.29.
[20260604 02:58:24 @multi_evo_agent_runner.py:115] Agent_1 gets eval reward: -161.80.
[20260604 02:58:24 @multi_evo_agent_runner.py:116] Agent_1 gets win rate: 0.14.
[20260604 02:58:24 @multi_evo_agent_runner.py:79] #------------------------ Iteration 424 --------------------------#
[20260604 02:58:38 @multi_evo_agent_runner.py:85] Sampling 50000 steps by 12 slaves, spending 13.26 s.
[20260604 02:59:17 @multi_evo_agent_runner.py:94] Policy update, spending: 39.06 s.
[20260604 02:59:18 @multi_evo_agent_runner.py:99] Evaluation time: 1.59 s.
[20260604 02:59:18 @multi_evo_agent_runner.py:105] Total time:     430.75 min
[20260604 02:59:18 @multi_evo_agent_runner.py:115] Agent_0 gets eval reward: 812.71.
[20260604 02:59:18 @multi_evo_agent_runner.py:116] Agent_0 gets win rate: 0.50.
[20260604 02:59:18 @multi_evo_agent_runner.py:115] Agent_1 gets eval reward: -146.84.
[20260604 02:59:18 @multi_evo_agent_runner.py:116] Agent_1 gets win rate: 0.22.
[20260604 02:59:18 @multi_evo_agent_runner.py:79] #------------------------ Iteration 425 --------------------------#
[20260604 02:59:32 @multi_evo_agent_runner.py:85] Sampling 50000 steps by 12 slaves, spending 13.41 s.
[20260604 03:00:14 @multi_evo_agent_runner.py:94] Policy update, spending: 42.10 s.
[20260604 03:00:16 @multi_evo_agent_runner.py:99] Evaluation time: 1.82 s.
[20260604 03:00:16 @multi_evo_agent_runner.py:105] Total time:     431.71 min
[20260604 03:00:16 @multi_evo_agent_runner.py:115] Agent_0 gets eval reward: 750.90.
[20260604 03:00:16 @multi_evo_agent_runner.py:116] Agent_0 gets win rate: 0.36.
[20260604 03:00:16 @multi_evo_agent_runner.py:115] Agent_1 gets eval reward: -54.19.
[20260604 03:00:16 @multi_evo_agent_runner.py:116] Agent_1 gets win rate: 0.25.
[20260604 03:00:16 @multi_evo_agent_runner.py:79] #------------------------ Iteration 426 --------------------------#
[20260604 03:00:29 @multi_evo_agent_runner.py:85] Sampling 50000 steps by 12 slaves, spending 12.94 s.
[20260604 03:01:05 @multi_evo_agent_runner.py:94] Policy update, spending: 36.14 s.
[20260604 03:01:07 @multi_evo_agent_runner.py:99] Evaluation time: 1.80 s.
[20260604 03:01:07 @multi_evo_agent_runner.py:105] Total time:     432.56 min
[20260604 03:01:07 @multi_evo_agent_runner.py:115] Agent_0 gets eval reward: 827.63.
[20260604 03:01:07 @multi_evo_agent_runner.py:116] Agent_0 gets win rate: 0.39.
[20260604 03:01:07 @multi_evo_agent_runner.py:115] Agent_1 gets eval reward: -347.71.
[20260604 03:01:07 @multi_evo_agent_runner.py:116] Agent_1 gets win rate: 0.15.
[20260604 03:01:07 @multi_evo_agent_runner.py:79] #------------------------ Iteration 427 --------------------------#
[20260604 03:01:20 @multi_evo_agent_runner.py:85] Sampling 50000 steps by 12 slaves, spending 13.14 s.
[20260604 03:01:58 @multi_evo_agent_runner.py:94] Policy update, spending: 37.46 s.
[20260604 03:01:59 @multi_evo_agent_runner.py:99] Evaluation time: 1.79 s.
[20260604 03:01:59 @multi_evo_agent_runner.py:105] Total time:     433.44 min
[20260604 03:01:59 @multi_evo_agent_runner.py:115] Agent_0 gets eval reward: 677.37.
[20260604 03:01:59 @multi_evo_agent_runner.py:116] Agent_0 gets win rate: 0.33.
[20260604 03:01:59 @multi_evo_agent_runner.py:115] Agent_1 gets eval reward: 32.49.
[20260604 03:01:59 @multi_evo_agent_runner.py:116] Agent_1 gets win rate: 0.36.
[20260604 03:02:00 @multi_evo_agent_runner.py:79] #------------------------ Iteration 428 --------------------------#
[20260604 03:02:12 @multi_evo_agent_runner.py:85] Sampling 50000 steps by 12 slaves, spending 12.93 s.
[20260604 03:02:50 @multi_evo_agent_runner.py:94] Policy update, spending: 37.12 s.
[20260604 03:02:51 @multi_evo_agent_runner.py:99] Evaluation time: 1.72 s.
[20260604 03:02:51 @multi_evo_agent_runner.py:105] Total time:     434.31 min
[20260604 03:02:51 @multi_evo_agent_runner.py:115] Agent_0 gets eval reward: 533.14.
[20260604 03:02:51 @multi_evo_agent_runner.py:116] Agent_0 gets win rate: 0.43.
[20260604 03:02:51 @multi_evo_agent_runner.py:115] Agent_1 gets eval reward: -316.33.
[20260604 03:02:51 @multi_evo_agent_runner.py:116] Agent_1 gets win rate: 0.24.
[20260604 03:02:51 @multi_evo_agent_runner.py:79] #------------------------ Iteration 429 --------------------------#
[20260604 03:03:05 @multi_evo_agent_runner.py:85] Sampling 50000 steps by 12 slaves, spending 13.31 s.
[20260604 03:03:43 @multi_evo_agent_runner.py:94] Policy update, spending: 37.86 s.
[20260604 03:03:44 @multi_evo_agent_runner.py:99] Evaluation time: 1.60 s.
[20260604 03:03:44 @multi_evo_agent_runner.py:105] Total time:     435.19 min
[20260604 03:03:44 @multi_evo_agent_runner.py:115] Agent_0 gets eval reward: 888.06.
[20260604 03:03:44 @multi_evo_agent_runner.py:116] Agent_0 gets win rate: 0.24.
[20260604 03:03:44 @multi_evo_agent_runner.py:115] Agent_1 gets eval reward: -306.37.
[20260604 03:03:44 @multi_evo_agent_runner.py:116] Agent_1 gets win rate: 0.08.
[20260604 03:03:44 @multi_evo_agent_runner.py:79] #------------------------ Iteration 430 --------------------------#
[20260604 03:03:57 @multi_evo_agent_runner.py:85] Sampling 50000 steps by 12 slaves, spending 12.17 s.
[20260604 03:04:36 @multi_evo_agent_runner.py:94] Policy update, spending: 39.38 s.
[20260604 03:04:38 @multi_evo_agent_runner.py:99] Evaluation time: 2.03 s.
[20260604 03:04:38 @multi_evo_agent_runner.py:105] Total time:     436.08 min
[20260604 03:04:38 @multi_evo_agent_runner.py:115] Agent_0 gets eval reward: 687.21.
[20260604 03:04:38 @multi_evo_agent_runner.py:116] Agent_0 gets win rate: 0.45.
[20260604 03:04:38 @multi_evo_agent_runner.py:115] Agent_1 gets eval reward: -269.57.
[20260604 03:04:38 @multi_evo_agent_runner.py:116] Agent_1 gets win rate: 0.21.
[20260604 03:04:38 @multi_evo_agent_runner.py:79] #------------------------ Iteration 431 --------------------------#
[20260604 03:04:52 @multi_evo_agent_runner.py:85] Sampling 50000 steps by 12 slaves, spending 13.47 s.
[20260604 03:05:30 @multi_evo_agent_runner.py:94] Policy update, spending: 38.28 s.
[20260604 03:05:32 @multi_evo_agent_runner.py:99] Evaluation time: 1.87 s.
[20260604 03:05:32 @multi_evo_agent_runner.py:105] Total time:     436.98 min
[20260604 03:05:32 @multi_evo_agent_runner.py:115] Agent_0 gets eval reward: 546.86.
[20260604 03:05:32 @multi_evo_agent_runner.py:116] Agent_0 gets win rate: 0.32.
[20260604 03:05:32 @multi_evo_agent_runner.py:115] Agent_1 gets eval reward: -230.45.
[20260604 03:05:32 @multi_evo_agent_runner.py:116] Agent_1 gets win rate: 0.18.
[20260604 03:05:32 @multi_evo_agent_runner.py:79] #------------------------ Iteration 432 --------------------------#
[20260604 03:05:44 @multi_evo_agent_runner.py:85] Sampling 50000 steps by 12 slaves, spending 12.05 s.
[20260604 03:06:24 @multi_evo_agent_runner.py:94] Policy update, spending: 39.52 s.
[20260604 03:06:26 @multi_evo_agent_runner.py:99] Evaluation time: 2.06 s.
[20260604 03:06:26 @multi_evo_agent_runner.py:105] Total time:     437.88 min
[20260604 03:06:26 @multi_evo_agent_runner.py:115] Agent_0 gets eval reward: 795.80.
[20260604 03:06:26 @multi_evo_agent_runner.py:116] Agent_0 gets win rate: 0.35.
[20260604 03:06:26 @multi_evo_agent_runner.py:115] Agent_1 gets eval reward: -115.45.
[20260604 03:06:26 @multi_evo_agent_runner.py:116] Agent_1 gets win rate: 0.23.
[20260604 03:06:26 @multi_evo_agent_runner.py:79] #------------------------ Iteration 433 --------------------------#
[20260604 03:06:39 @multi_evo_agent_runner.py:85] Sampling 50000 steps by 12 slaves, spending 13.43 s.
[20260604 03:07:19 @multi_evo_agent_runner.py:94] Policy update, spending: 40.24 s.
[20260604 03:07:22 @multi_evo_agent_runner.py:99] Evaluation time: 2.15 s.
[20260604 03:07:22 @multi_evo_agent_runner.py:105] Total time:     438.81 min
[20260604 03:07:22 @multi_evo_agent_runner.py:115] Agent_0 gets eval reward: 714.67.
[20260604 03:07:22 @multi_evo_agent_runner.py:116] Agent_0 gets win rate: 0.45.
[20260604 03:07:22 @multi_evo_agent_runner.py:115] Agent_1 gets eval reward: -502.63.
[20260604 03:07:22 @multi_evo_agent_runner.py:116] Agent_1 gets win rate: 0.09.
[20260604 03:07:22 @multi_evo_agent_runner.py:79] #------------------------ Iteration 434 --------------------------#
[20260604 03:07:34 @multi_evo_agent_runner.py:85] Sampling 50000 steps by 12 slaves, spending 12.27 s.
[20260604 03:08:13 @multi_evo_agent_runner.py:94] Policy update, spending: 39.40 s.
[20260604 03:08:16 @multi_evo_agent_runner.py:99] Evaluation time: 2.10 s.
[20260604 03:08:16 @multi_evo_agent_runner.py:105] Total time:     439.71 min
[20260604 03:08:16 @multi_evo_agent_runner.py:115] Agent_0 gets eval reward: 665.08.
[20260604 03:08:16 @multi_evo_agent_runner.py:116] Agent_0 gets win rate: 0.34.
[20260604 03:08:16 @multi_evo_agent_runner.py:115] Agent_1 gets eval reward: -0.25.
[20260604 03:08:16 @multi_evo_agent_runner.py:116] Agent_1 gets win rate: 0.26.
[20260604 03:08:16 @multi_evo_agent_runner.py:79] #------------------------ Iteration 435 --------------------------#
[20260604 03:08:28 @multi_evo_agent_runner.py:85] Sampling 50000 steps by 12 slaves, spending 12.42 s.
[20260604 03:09:06 @multi_evo_agent_runner.py:94] Policy update, spending: 37.73 s.
[20260604 03:09:08 @multi_evo_agent_runner.py:99] Evaluation time: 2.22 s.
[20260604 03:09:08 @multi_evo_agent_runner.py:105] Total time:     440.59 min
[20260604 03:09:08 @multi_evo_agent_runner.py:115] Agent_0 gets eval reward: 711.38.
[20260604 03:09:08 @multi_evo_agent_runner.py:116] Agent_0 gets win rate: 0.12.
[20260604 03:09:08 @multi_evo_agent_runner.py:115] Agent_1 gets eval reward: -181.05.
[20260604 03:09:08 @multi_evo_agent_runner.py:116] Agent_1 gets win rate: 0.16.
[20260604 03:09:08 @multi_evo_agent_runner.py:79] #------------------------ Iteration 436 --------------------------#
[20260604 03:09:22 @multi_evo_agent_runner.py:85] Sampling 50000 steps by 12 slaves, spending 13.62 s.
[20260604 03:10:00 @multi_evo_agent_runner.py:94] Policy update, spending: 38.23 s.
[20260604 03:10:03 @multi_evo_agent_runner.py:99] Evaluation time: 2.56 s.
[20260604 03:10:03 @multi_evo_agent_runner.py:105] Total time:     441.49 min
[20260604 03:10:03 @multi_evo_agent_runner.py:115] Agent_0 gets eval reward: 684.60.
[20260604 03:10:03 @multi_evo_agent_runner.py:116] Agent_0 gets win rate: 0.35.
[20260604 03:10:03 @multi_evo_agent_runner.py:115] Agent_1 gets eval reward: -191.07.
[20260604 03:10:03 @multi_evo_agent_runner.py:116] Agent_1 gets win rate: 0.18.
[20260604 03:10:03 @multi_evo_agent_runner.py:79] #------------------------ Iteration 437 --------------------------#
[20260604 03:10:15 @multi_evo_agent_runner.py:85] Sampling 50000 steps by 12 slaves, spending 11.90 s.
[20260604 03:10:52 @multi_evo_agent_runner.py:94] Policy update, spending: 37.29 s.
[20260604 03:10:54 @multi_evo_agent_runner.py:99] Evaluation time: 2.19 s.
[20260604 03:10:54 @multi_evo_agent_runner.py:105] Total time:     442.35 min
[20260604 03:10:54 @multi_evo_agent_runner.py:115] Agent_0 gets eval reward: 559.89.
[20260604 03:10:54 @multi_evo_agent_runner.py:116] Agent_0 gets win rate: 0.46.
[20260604 03:10:54 @multi_evo_agent_runner.py:115] Agent_1 gets eval reward: -611.40.
[20260604 03:10:54 @multi_evo_agent_runner.py:116] Agent_1 gets win rate: 0.17.
[20260604 03:10:54 @multi_evo_agent_runner.py:79] #------------------------ Iteration 438 --------------------------#
[20260604 03:11:06 @multi_evo_agent_runner.py:85] Sampling 50000 steps by 12 slaves, spending 12.04 s.
[20260604 03:11:44 @multi_evo_agent_runner.py:94] Policy update, spending: 37.41 s.
[20260604 03:11:46 @multi_evo_agent_runner.py:99] Evaluation time: 2.11 s.
[20260604 03:11:46 @multi_evo_agent_runner.py:105] Total time:     443.22 min
[20260604 03:11:46 @multi_evo_agent_runner.py:115] Agent_0 gets eval reward: 522.68.
[20260604 03:11:46 @multi_evo_agent_runner.py:116] Agent_0 gets win rate: 0.23.
[20260604 03:11:46 @multi_evo_agent_runner.py:115] Agent_1 gets eval reward: -557.12.
[20260604 03:11:46 @multi_evo_agent_runner.py:116] Agent_1 gets win rate: 0.08.
[20260604 03:11:46 @multi_evo_agent_runner.py:79] #------------------------ Iteration 439 --------------------------#
[20260604 03:12:00 @multi_evo_agent_runner.py:85] Sampling 50000 steps by 12 slaves, spending 14.15 s.
[20260604 03:12:42 @multi_evo_agent_runner.py:94] Policy update, spending: 41.86 s.
[20260604 03:12:45 @multi_evo_agent_runner.py:99] Evaluation time: 2.49 s.
[20260604 03:12:45 @multi_evo_agent_runner.py:105] Total time:     444.20 min
[20260604 03:12:45 @multi_evo_agent_runner.py:115] Agent_0 gets eval reward: 495.42.
[20260604 03:12:45 @multi_evo_agent_runner.py:116] Agent_0 gets win rate: 0.26.
[20260604 03:12:45 @multi_evo_agent_runner.py:115] Agent_1 gets eval reward: 42.05.
[20260604 03:12:45 @multi_evo_agent_runner.py:116] Agent_1 gets win rate: 0.24.
[20260604 03:12:45 @multi_evo_agent_runner.py:79] #------------------------ Iteration 440 --------------------------#
[20260604 03:13:00 @multi_evo_agent_runner.py:85] Sampling 50000 steps by 12 slaves, spending 14.76 s.
[20260604 03:13:40 @multi_evo_agent_runner.py:94] Policy update, spending: 40.14 s.
[20260604 03:13:43 @multi_evo_agent_runner.py:99] Evaluation time: 2.79 s.
[20260604 03:13:43 @multi_evo_agent_runner.py:105] Total time:     445.16 min
[20260604 03:13:43 @multi_evo_agent_runner.py:115] Agent_0 gets eval reward: 684.91.
[20260604 03:13:43 @multi_evo_agent_runner.py:116] Agent_0 gets win rate: 0.39.
[20260604 03:13:43 @multi_evo_agent_runner.py:115] Agent_1 gets eval reward: -400.34.
[20260604 03:13:43 @multi_evo_agent_runner.py:116] Agent_1 gets win rate: 0.15.
[20260604 03:13:43 @multi_evo_agent_runner.py:79] #------------------------ Iteration 441 --------------------------#
[20260604 03:13:55 @multi_evo_agent_runner.py:85] Sampling 50000 steps by 12 slaves, spending 12.13 s.
[20260604 03:14:46 @multi_evo_agent_runner.py:94] Policy update, spending: 50.63 s.
[20260604 03:14:48 @multi_evo_agent_runner.py:99] Evaluation time: 2.29 s.
[20260604 03:14:48 @multi_evo_agent_runner.py:105] Total time:     446.25 min
[20260604 03:14:48 @multi_evo_agent_runner.py:115] Agent_0 gets eval reward: 1058.26.
[20260604 03:14:48 @multi_evo_agent_runner.py:116] Agent_0 gets win rate: 0.29.
[20260604 03:14:48 @multi_evo_agent_runner.py:115] Agent_1 gets eval reward: 0.92.
[20260604 03:14:48 @multi_evo_agent_runner.py:116] Agent_1 gets win rate: 0.19.
[20260604 03:14:48 @multi_evo_agent_runner.py:79] #------------------------ Iteration 442 --------------------------#
[20260604 03:15:04 @multi_evo_agent_runner.py:85] Sampling 50000 steps by 12 slaves, spending 16.25 s.
[20260604 03:15:59 @multi_evo_agent_runner.py:94] Policy update, spending: 54.30 s.
[20260604 03:16:01 @multi_evo_agent_runner.py:99] Evaluation time: 2.30 s.
[20260604 03:16:01 @multi_evo_agent_runner.py:105] Total time:     447.46 min
[20260604 03:16:01 @multi_evo_agent_runner.py:115] Agent_0 gets eval reward: 810.34.
[20260604 03:16:01 @multi_evo_agent_runner.py:116] Agent_0 gets win rate: 0.34.
[20260604 03:16:01 @multi_evo_agent_runner.py:115] Agent_1 gets eval reward: -263.32.
[20260604 03:16:01 @multi_evo_agent_runner.py:116] Agent_1 gets win rate: 0.21.
[20260604 03:16:01 @multi_evo_agent_runner.py:79] #------------------------ Iteration 443 --------------------------#
[20260604 03:16:16 @multi_evo_agent_runner.py:85] Sampling 50000 steps by 12 slaves, spending 15.28 s.
[20260604 03:17:07 @multi_evo_agent_runner.py:94] Policy update, spending: 50.31 s.
[20260604 03:17:09 @multi_evo_agent_runner.py:99] Evaluation time: 2.12 s.
[20260604 03:17:09 @multi_evo_agent_runner.py:105] Total time:     448.60 min
[20260604 03:17:09 @multi_evo_agent_runner.py:115] Agent_0 gets eval reward: 287.59.
[20260604 03:17:09 @multi_evo_agent_runner.py:116] Agent_0 gets win rate: 0.34.
[20260604 03:17:09 @multi_evo_agent_runner.py:115] Agent_1 gets eval reward: -263.67.
[20260604 03:17:09 @multi_evo_agent_runner.py:116] Agent_1 gets win rate: 0.21.
[20260604 03:17:09 @multi_evo_agent_runner.py:79] #------------------------ Iteration 444 --------------------------#
[20260604 03:17:25 @multi_evo_agent_runner.py:85] Sampling 50000 steps by 12 slaves, spending 15.53 s.
[20260604 03:18:10 @multi_evo_agent_runner.py:94] Policy update, spending: 45.77 s.
[20260604 03:18:13 @multi_evo_agent_runner.py:99] Evaluation time: 2.95 s.
[20260604 03:18:13 @multi_evo_agent_runner.py:105] Total time:     449.67 min
[20260604 03:18:14 @multi_evo_agent_runner.py:115] Agent_0 gets eval reward: 778.54.
[20260604 03:18:14 @multi_evo_agent_runner.py:116] Agent_0 gets win rate: 0.32.
[20260604 03:18:14 @multi_evo_agent_runner.py:115] Agent_1 gets eval reward: -372.04.
[20260604 03:18:14 @multi_evo_agent_runner.py:116] Agent_1 gets win rate: 0.07.
[20260604 03:18:14 @multi_evo_agent_runner.py:79] #------------------------ Iteration 445 --------------------------#
[20260604 03:18:28 @multi_evo_agent_runner.py:85] Sampling 50000 steps by 12 slaves, spending 13.93 s.
[20260604 03:19:24 @multi_evo_agent_runner.py:94] Policy update, spending: 56.51 s.
[20260604 03:19:27 @multi_evo_agent_runner.py:99] Evaluation time: 2.37 s.
[20260604 03:19:27 @multi_evo_agent_runner.py:105] Total time:     450.89 min
[20260604 03:19:27 @multi_evo_agent_runner.py:115] Agent_0 gets eval reward: 380.82.
[20260604 03:19:27 @multi_evo_agent_runner.py:116] Agent_0 gets win rate: 0.11.
[20260604 03:19:27 @multi_evo_agent_runner.py:115] Agent_1 gets eval reward: -276.11.
[20260604 03:19:27 @multi_evo_agent_runner.py:116] Agent_1 gets win rate: 0.15.
[20260604 03:19:27 @multi_evo_agent_runner.py:79] #------------------------ Iteration 446 --------------------------#
[20260604 03:19:43 @multi_evo_agent_runner.py:85] Sampling 50000 steps by 12 slaves, spending 16.05 s.
[20260604 03:20:33 @multi_evo_agent_runner.py:94] Policy update, spending: 50.26 s.
[20260604 03:20:36 @multi_evo_agent_runner.py:99] Evaluation time: 2.61 s.
[20260604 03:20:36 @multi_evo_agent_runner.py:105] Total time:     452.04 min
[20260604 03:20:36 @multi_evo_agent_runner.py:115] Agent_0 gets eval reward: 668.32.
[20260604 03:20:36 @multi_evo_agent_runner.py:116] Agent_0 gets win rate: 0.28.
[20260604 03:20:36 @multi_evo_agent_runner.py:115] Agent_1 gets eval reward: -408.38.
[20260604 03:20:36 @multi_evo_agent_runner.py:116] Agent_1 gets win rate: 0.10.
[20260604 03:20:36 @multi_evo_agent_runner.py:79] #------------------------ Iteration 447 --------------------------#
[20260604 03:20:51 @multi_evo_agent_runner.py:85] Sampling 50000 steps by 12 slaves, spending 14.87 s.
[20260604 03:21:46 @multi_evo_agent_runner.py:94] Policy update, spending: 55.18 s.
[20260604 03:21:48 @multi_evo_agent_runner.py:99] Evaluation time: 2.48 s.
[20260604 03:21:48 @multi_evo_agent_runner.py:105] Total time:     453.26 min
[20260604 03:21:48 @multi_evo_agent_runner.py:115] Agent_0 gets eval reward: 811.46.
[20260604 03:21:48 @multi_evo_agent_runner.py:116] Agent_0 gets win rate: 0.34.
[20260604 03:21:48 @multi_evo_agent_runner.py:115] Agent_1 gets eval reward: 7.83.
[20260604 03:21:48 @multi_evo_agent_runner.py:116] Agent_1 gets win rate: 0.25.
[20260604 03:21:49 @multi_evo_agent_runner.py:79] #------------------------ Iteration 448 --------------------------#
[20260604 03:22:04 @multi_evo_agent_runner.py:85] Sampling 50000 steps by 12 slaves, spending 15.48 s.
[20260604 03:22:56 @multi_evo_agent_runner.py:94] Policy update, spending: 52.42 s.
[20260604 03:22:59 @multi_evo_agent_runner.py:99] Evaluation time: 2.33 s.
[20260604 03:22:59 @multi_evo_agent_runner.py:105] Total time:     454.43 min
[20260604 03:22:59 @multi_evo_agent_runner.py:115] Agent_0 gets eval reward: 481.31.
[20260604 03:22:59 @multi_evo_agent_runner.py:116] Agent_0 gets win rate: 0.24.
[20260604 03:22:59 @multi_evo_agent_runner.py:115] Agent_1 gets eval reward: 13.58.
[20260604 03:22:59 @multi_evo_agent_runner.py:116] Agent_1 gets win rate: 0.27.
[20260604 03:22:59 @multi_evo_agent_runner.py:79] #------------------------ Iteration 449 --------------------------#
[20260604 03:23:15 @multi_evo_agent_runner.py:85] Sampling 50000 steps by 12 slaves, spending 15.74 s.
[20260604 03:24:09 @multi_evo_agent_runner.py:94] Policy update, spending: 54.53 s.
[20260604 03:24:12 @multi_evo_agent_runner.py:99] Evaluation time: 2.35 s.
[20260604 03:24:12 @multi_evo_agent_runner.py:105] Total time:     455.64 min
[20260604 03:24:12 @multi_evo_agent_runner.py:115] Agent_0 gets eval reward: 841.82.
[20260604 03:24:12 @multi_evo_agent_runner.py:116] Agent_0 gets win rate: 0.43.
[20260604 03:24:12 @multi_evo_agent_runner.py:115] Agent_1 gets eval reward: -336.66.
[20260604 03:24:12 @multi_evo_agent_runner.py:116] Agent_1 gets win rate: 0.23.
[20260604 03:24:12 @multi_evo_agent_runner.py:79] #------------------------ Iteration 450 --------------------------#
[20260604 03:24:27 @multi_evo_agent_runner.py:85] Sampling 50000 steps by 12 slaves, spending 15.39 s.
[20260604 03:25:23 @multi_evo_agent_runner.py:94] Policy update, spending: 56.25 s.
[20260604 03:25:26 @multi_evo_agent_runner.py:99] Evaluation time: 2.40 s.
[20260604 03:25:26 @multi_evo_agent_runner.py:105] Total time:     456.88 min
[20260604 03:25:26 @multi_evo_agent_runner.py:115] Agent_0 gets eval reward: 885.66.
[20260604 03:25:26 @multi_evo_agent_runner.py:116] Agent_0 gets win rate: 0.48.
[20260604 03:25:26 @multi_evo_agent_runner.py:115] Agent_1 gets eval reward: -481.59.
[20260604 03:25:26 @multi_evo_agent_runner.py:116] Agent_1 gets win rate: 0.15.
[20260604 03:25:26 @multi_evo_agent_runner.py:79] #------------------------ Iteration 451 --------------------------#
[20260604 03:25:41 @multi_evo_agent_runner.py:85] Sampling 50000 steps by 12 slaves, spending 15.05 s.
[20260604 03:26:30 @multi_evo_agent_runner.py:94] Policy update, spending: 49.19 s.
[20260604 03:26:33 @multi_evo_agent_runner.py:99] Evaluation time: 2.77 s.
[20260604 03:26:33 @multi_evo_agent_runner.py:105] Total time:     458.00 min
[20260604 03:26:33 @multi_evo_agent_runner.py:115] Agent_0 gets eval reward: 935.35.
[20260604 03:26:33 @multi_evo_agent_runner.py:116] Agent_0 gets win rate: 0.27.
[20260604 03:26:33 @multi_evo_agent_runner.py:115] Agent_1 gets eval reward: -380.60.
[20260604 03:26:33 @multi_evo_agent_runner.py:116] Agent_1 gets win rate: 0.08.
[20260604 03:26:33 @multi_evo_agent_runner.py:79] #------------------------ Iteration 452 --------------------------#
[20260604 03:26:48 @multi_evo_agent_runner.py:85] Sampling 50000 steps by 12 slaves, spending 14.89 s.
[20260604 03:27:27 @multi_evo_agent_runner.py:94] Policy update, spending: 38.72 s.
[20260604 03:27:30 @multi_evo_agent_runner.py:99] Evaluation time: 2.74 s.
[20260604 03:27:30 @multi_evo_agent_runner.py:105] Total time:     458.95 min
[20260604 03:27:30 @multi_evo_agent_runner.py:115] Agent_0 gets eval reward: 550.68.
[20260604 03:27:30 @multi_evo_agent_runner.py:116] Agent_0 gets win rate: 0.36.
[20260604 03:27:30 @multi_evo_agent_runner.py:115] Agent_1 gets eval reward: -141.97.
[20260604 03:27:30 @multi_evo_agent_runner.py:116] Agent_1 gets win rate: 0.30.
[20260604 03:27:30 @multi_evo_agent_runner.py:79] #------------------------ Iteration 453 --------------------------#
[20260604 03:27:43 @multi_evo_agent_runner.py:85] Sampling 50000 steps by 12 slaves, spending 12.57 s.
[20260604 03:28:23 @multi_evo_agent_runner.py:94] Policy update, spending: 40.09 s.
[20260604 03:28:25 @multi_evo_agent_runner.py:99] Evaluation time: 2.60 s.
[20260604 03:28:25 @multi_evo_agent_runner.py:105] Total time:     459.87 min
[20260604 03:28:25 @multi_evo_agent_runner.py:115] Agent_0 gets eval reward: 404.87.
[20260604 03:28:25 @multi_evo_agent_runner.py:116] Agent_0 gets win rate: 0.31.
[20260604 03:28:25 @multi_evo_agent_runner.py:115] Agent_1 gets eval reward: -133.85.
[20260604 03:28:25 @multi_evo_agent_runner.py:116] Agent_1 gets win rate: 0.19.
[20260604 03:28:26 @multi_evo_agent_runner.py:79] #------------------------ Iteration 454 --------------------------#
[20260604 03:28:40 @multi_evo_agent_runner.py:85] Sampling 50000 steps by 12 slaves, spending 14.73 s.
[20260604 03:29:18 @multi_evo_agent_runner.py:94] Policy update, spending: 38.20 s.
[20260604 03:29:21 @multi_evo_agent_runner.py:99] Evaluation time: 2.61 s.
[20260604 03:29:21 @multi_evo_agent_runner.py:105] Total time:     460.80 min
[20260604 03:29:21 @multi_evo_agent_runner.py:115] Agent_0 gets eval reward: 632.42.
[20260604 03:29:21 @multi_evo_agent_runner.py:116] Agent_0 gets win rate: 0.30.
[20260604 03:29:21 @multi_evo_agent_runner.py:115] Agent_1 gets eval reward: -130.08.
[20260604 03:29:21 @multi_evo_agent_runner.py:116] Agent_1 gets win rate: 0.23.
[20260604 03:29:21 @multi_evo_agent_runner.py:79] #------------------------ Iteration 455 --------------------------#
[20260604 03:29:34 @multi_evo_agent_runner.py:85] Sampling 50000 steps by 12 slaves, spending 12.42 s.
[20260604 03:30:10 @multi_evo_agent_runner.py:94] Policy update, spending: 36.36 s.
[20260604 03:30:13 @multi_evo_agent_runner.py:99] Evaluation time: 2.60 s.
[20260604 03:30:13 @multi_evo_agent_runner.py:105] Total time:     461.66 min
[20260604 03:30:13 @multi_evo_agent_runner.py:115] Agent_0 gets eval reward: 976.68.
[20260604 03:30:13 @multi_evo_agent_runner.py:116] Agent_0 gets win rate: 0.43.
[20260604 03:30:13 @multi_evo_agent_runner.py:115] Agent_1 gets eval reward: -658.86.
[20260604 03:30:13 @multi_evo_agent_runner.py:116] Agent_1 gets win rate: 0.10.
[20260604 03:30:13 @multi_evo_agent_runner.py:79] #------------------------ Iteration 456 --------------------------#
[20260604 03:30:26 @multi_evo_agent_runner.py:85] Sampling 50000 steps by 12 slaves, spending 13.36 s.
[20260604 03:31:03 @multi_evo_agent_runner.py:94] Policy update, spending: 37.31 s.
[20260604 03:31:06 @multi_evo_agent_runner.py:99] Evaluation time: 2.31 s.
[20260604 03:31:06 @multi_evo_agent_runner.py:105] Total time:     462.55 min
[20260604 03:31:06 @multi_evo_agent_runner.py:115] Agent_0 gets eval reward: 933.45.
[20260604 03:31:06 @multi_evo_agent_runner.py:116] Agent_0 gets win rate: 0.43.
[20260604 03:31:06 @multi_evo_agent_runner.py:115] Agent_1 gets eval reward: -27.02.
[20260604 03:31:06 @multi_evo_agent_runner.py:116] Agent_1 gets win rate: 0.23.
[20260604 03:31:06 @multi_evo_agent_runner.py:79] #------------------------ Iteration 457 --------------------------#
[20260604 03:31:19 @multi_evo_agent_runner.py:85] Sampling 50000 steps by 12 slaves, spending 12.63 s.
[20260604 03:31:55 @multi_evo_agent_runner.py:94] Policy update, spending: 35.99 s.
[20260604 03:31:57 @multi_evo_agent_runner.py:99] Evaluation time: 2.60 s.
[20260604 03:31:57 @multi_evo_agent_runner.py:105] Total time:     463.40 min
[20260604 03:31:57 @multi_evo_agent_runner.py:115] Agent_0 gets eval reward: 427.26.
[20260604 03:31:57 @multi_evo_agent_runner.py:116] Agent_0 gets win rate: 0.26.
[20260604 03:31:57 @multi_evo_agent_runner.py:115] Agent_1 gets eval reward: -265.83.
[20260604 03:31:57 @multi_evo_agent_runner.py:116] Agent_1 gets win rate: 0.07.
[20260604 03:31:57 @multi_evo_agent_runner.py:79] #------------------------ Iteration 458 --------------------------#
[20260604 03:32:11 @multi_evo_agent_runner.py:85] Sampling 50000 steps by 12 slaves, spending 13.85 s.
[20260604 03:32:49 @multi_evo_agent_runner.py:94] Policy update, spending: 37.81 s.
[20260604 03:32:51 @multi_evo_agent_runner.py:99] Evaluation time: 2.36 s.
[20260604 03:32:51 @multi_evo_agent_runner.py:105] Total time:     464.31 min
[20260604 03:32:52 @multi_evo_agent_runner.py:115] Agent_0 gets eval reward: 254.07.
[20260604 03:32:52 @multi_evo_agent_runner.py:116] Agent_0 gets win rate: 0.29.
[20260604 03:32:52 @multi_evo_agent_runner.py:115] Agent_1 gets eval reward: -292.17.
[20260604 03:32:52 @multi_evo_agent_runner.py:116] Agent_1 gets win rate: 0.26.
[20260604 03:32:52 @multi_evo_agent_runner.py:79] #------------------------ Iteration 459 --------------------------#
[20260604 03:33:04 @multi_evo_agent_runner.py:85] Sampling 50000 steps by 12 slaves, spending 12.74 s.
[20260604 03:33:50 @multi_evo_agent_runner.py:94] Policy update, spending: 45.41 s.
[20260604 03:33:53 @multi_evo_agent_runner.py:99] Evaluation time: 3.05 s.
[20260604 03:33:53 @multi_evo_agent_runner.py:105] Total time:     465.33 min
[20260604 03:33:53 @multi_evo_agent_runner.py:115] Agent_0 gets eval reward: 225.86.
[20260604 03:33:53 @multi_evo_agent_runner.py:116] Agent_0 gets win rate: 0.26.
[20260604 03:33:53 @multi_evo_agent_runner.py:115] Agent_1 gets eval reward: -69.58.
[20260604 03:33:53 @multi_evo_agent_runner.py:116] Agent_1 gets win rate: 0.26.
[20260604 03:33:53 @multi_evo_agent_runner.py:79] #------------------------ Iteration 460 --------------------------#
[20260604 03:34:07 @multi_evo_agent_runner.py:85] Sampling 50000 steps by 12 slaves, spending 14.30 s.
[20260604 03:34:46 @multi_evo_agent_runner.py:94] Policy update, spending: 38.86 s.
[20260604 03:34:48 @multi_evo_agent_runner.py:99] Evaluation time: 2.09 s.
[20260604 03:34:48 @multi_evo_agent_runner.py:105] Total time:     466.26 min
[20260604 03:34:48 @multi_evo_agent_runner.py:115] Agent_0 gets eval reward: 243.67.
[20260604 03:34:48 @multi_evo_agent_runner.py:116] Agent_0 gets win rate: 0.27.
[20260604 03:34:48 @multi_evo_agent_runner.py:115] Agent_1 gets eval reward: -233.38.
[20260604 03:34:48 @multi_evo_agent_runner.py:116] Agent_1 gets win rate: 0.27.
[20260604 03:34:49 @multi_evo_agent_runner.py:79] #------------------------ Iteration 461 --------------------------#
[20260604 03:35:02 @multi_evo_agent_runner.py:85] Sampling 50000 steps by 12 slaves, spending 13.34 s.
[20260604 03:35:38 @multi_evo_agent_runner.py:94] Policy update, spending: 36.21 s.
[20260604 03:35:40 @multi_evo_agent_runner.py:99] Evaluation time: 2.34 s.
[20260604 03:35:40 @multi_evo_agent_runner.py:105] Total time:     467.12 min
[20260604 03:35:41 @multi_evo_agent_runner.py:115] Agent_0 gets eval reward: 396.43.
[20260604 03:35:41 @multi_evo_agent_runner.py:116] Agent_0 gets win rate: 0.22.
[20260604 03:35:41 @multi_evo_agent_runner.py:115] Agent_1 gets eval reward: -376.54.
[20260604 03:35:41 @multi_evo_agent_runner.py:116] Agent_1 gets win rate: 0.11.
[20260604 03:35:41 @multi_evo_agent_runner.py:79] #------------------------ Iteration 462 --------------------------#
[20260604 03:35:54 @multi_evo_agent_runner.py:85] Sampling 50000 steps by 12 slaves, spending 13.63 s.
[20260604 03:36:34 @multi_evo_agent_runner.py:94] Policy update, spending: 40.26 s.
[20260604 03:36:37 @multi_evo_agent_runner.py:99] Evaluation time: 2.34 s.
[20260604 03:36:37 @multi_evo_agent_runner.py:105] Total time:     468.06 min
[20260604 03:36:37 @multi_evo_agent_runner.py:115] Agent_0 gets eval reward: 591.01.
[20260604 03:36:37 @multi_evo_agent_runner.py:116] Agent_0 gets win rate: 0.20.
[20260604 03:36:37 @multi_evo_agent_runner.py:115] Agent_1 gets eval reward: -120.72.
[20260604 03:36:37 @multi_evo_agent_runner.py:116] Agent_1 gets win rate: 0.17.
[20260604 03:36:37 @multi_evo_agent_runner.py:79] #------------------------ Iteration 463 --------------------------#
[20260604 03:36:49 @multi_evo_agent_runner.py:85] Sampling 50000 steps by 12 slaves, spending 12.47 s.
[20260604 03:37:28 @multi_evo_agent_runner.py:94] Policy update, spending: 38.77 s.
[20260604 03:37:30 @multi_evo_agent_runner.py:99] Evaluation time: 1.76 s.
[20260604 03:37:30 @multi_evo_agent_runner.py:105] Total time:     468.95 min
[20260604 03:37:30 @multi_evo_agent_runner.py:115] Agent_0 gets eval reward: 553.13.
[20260604 03:37:30 @multi_evo_agent_runner.py:116] Agent_0 gets win rate: 0.38.
[20260604 03:37:30 @multi_evo_agent_runner.py:115] Agent_1 gets eval reward: -281.46.
[20260604 03:37:30 @multi_evo_agent_runner.py:116] Agent_1 gets win rate: 0.24.
[20260604 03:37:30 @multi_evo_agent_runner.py:79] #------------------------ Iteration 464 --------------------------#
[20260604 03:37:43 @multi_evo_agent_runner.py:85] Sampling 50000 steps by 12 slaves, spending 12.57 s.
[20260604 03:38:20 @multi_evo_agent_runner.py:94] Policy update, spending: 36.96 s.
[20260604 03:38:22 @multi_evo_agent_runner.py:99] Evaluation time: 2.25 s.
[20260604 03:38:22 @multi_evo_agent_runner.py:105] Total time:     469.82 min
[20260604 03:38:22 @multi_evo_agent_runner.py:115] Agent_0 gets eval reward: 668.27.
[20260604 03:38:22 @multi_evo_agent_runner.py:116] Agent_0 gets win rate: 0.51.
[20260604 03:38:22 @multi_evo_agent_runner.py:115] Agent_1 gets eval reward: -569.78.
[20260604 03:38:22 @multi_evo_agent_runner.py:116] Agent_1 gets win rate: 0.09.
[20260604 03:38:22 @multi_evo_agent_runner.py:79] #------------------------ Iteration 465 --------------------------#
[20260604 03:38:35 @multi_evo_agent_runner.py:85] Sampling 50000 steps by 12 slaves, spending 12.78 s.
[20260604 03:39:22 @multi_evo_agent_runner.py:94] Policy update, spending: 47.14 s.
[20260604 03:39:25 @multi_evo_agent_runner.py:99] Evaluation time: 2.90 s.
[20260604 03:39:25 @multi_evo_agent_runner.py:105] Total time:     470.87 min
[20260604 03:39:25 @multi_evo_agent_runner.py:115] Agent_0 gets eval reward: 691.54.
[20260604 03:39:25 @multi_evo_agent_runner.py:116] Agent_0 gets win rate: 0.36.
[20260604 03:39:25 @multi_evo_agent_runner.py:115] Agent_1 gets eval reward: -270.30.
[20260604 03:39:25 @multi_evo_agent_runner.py:116] Agent_1 gets win rate: 0.18.
[20260604 03:39:25 @multi_evo_agent_runner.py:79] #------------------------ Iteration 466 --------------------------#
[20260604 03:39:40 @multi_evo_agent_runner.py:85] Sampling 50000 steps by 12 slaves, spending 15.06 s.
[20260604 03:40:19 @multi_evo_agent_runner.py:94] Policy update, spending: 38.58 s.
[20260604 03:40:21 @multi_evo_agent_runner.py:99] Evaluation time: 2.26 s.
[20260604 03:40:21 @multi_evo_agent_runner.py:105] Total time:     471.80 min
[20260604 03:40:21 @multi_evo_agent_runner.py:115] Agent_0 gets eval reward: 447.37.
[20260604 03:40:21 @multi_evo_agent_runner.py:116] Agent_0 gets win rate: 0.32.
[20260604 03:40:21 @multi_evo_agent_runner.py:115] Agent_1 gets eval reward: -323.84.
[20260604 03:40:21 @multi_evo_agent_runner.py:116] Agent_1 gets win rate: 0.11.
[20260604 03:40:21 @multi_evo_agent_runner.py:79] #------------------------ Iteration 467 --------------------------#
[20260604 03:40:34 @multi_evo_agent_runner.py:85] Sampling 50000 steps by 12 slaves, spending 12.91 s.
[20260604 03:41:18 @multi_evo_agent_runner.py:94] Policy update, spending: 43.43 s.
[20260604 03:41:20 @multi_evo_agent_runner.py:99] Evaluation time: 2.49 s.
[20260604 03:41:20 @multi_evo_agent_runner.py:105] Total time:     472.79 min
[20260604 03:41:20 @multi_evo_agent_runner.py:115] Agent_0 gets eval reward: 618.63.
[20260604 03:41:20 @multi_evo_agent_runner.py:116] Agent_0 gets win rate: 0.14.
[20260604 03:41:20 @multi_evo_agent_runner.py:115] Agent_1 gets eval reward: -59.76.
[20260604 03:41:20 @multi_evo_agent_runner.py:116] Agent_1 gets win rate: 0.24.
[20260604 03:41:20 @multi_evo_agent_runner.py:79] #------------------------ Iteration 468 --------------------------#
[20260604 03:41:35 @multi_evo_agent_runner.py:85] Sampling 50000 steps by 12 slaves, spending 15.01 s.
[20260604 03:42:14 @multi_evo_agent_runner.py:94] Policy update, spending: 39.08 s.
[20260604 03:42:17 @multi_evo_agent_runner.py:99] Evaluation time: 2.89 s.
[20260604 03:42:17 @multi_evo_agent_runner.py:105] Total time:     473.74 min
[20260604 03:42:17 @multi_evo_agent_runner.py:115] Agent_0 gets eval reward: 901.92.
[20260604 03:42:17 @multi_evo_agent_runner.py:116] Agent_0 gets win rate: 0.51.
[20260604 03:42:17 @multi_evo_agent_runner.py:115] Agent_1 gets eval reward: -489.80.
[20260604 03:42:17 @multi_evo_agent_runner.py:116] Agent_1 gets win rate: 0.16.
[20260604 03:42:18 @multi_evo_agent_runner.py:79] #------------------------ Iteration 469 --------------------------#
[20260604 03:42:30 @multi_evo_agent_runner.py:85] Sampling 50000 steps by 12 slaves, spending 12.79 s.
[20260604 03:43:17 @multi_evo_agent_runner.py:94] Policy update, spending: 46.93 s.
[20260604 03:43:19 @multi_evo_agent_runner.py:99] Evaluation time: 1.70 s.
[20260604 03:43:19 @multi_evo_agent_runner.py:105] Total time:     474.77 min
[20260604 03:43:19 @multi_evo_agent_runner.py:115] Agent_0 gets eval reward: 295.80.
[20260604 03:43:19 @multi_evo_agent_runner.py:116] Agent_0 gets win rate: 0.25.
[20260604 03:43:19 @multi_evo_agent_runner.py:115] Agent_1 gets eval reward: -97.87.
[20260604 03:43:19 @multi_evo_agent_runner.py:116] Agent_1 gets win rate: 0.25.
[20260604 03:43:19 @multi_evo_agent_runner.py:79] #------------------------ Iteration 470 --------------------------#
[20260604 03:43:34 @multi_evo_agent_runner.py:85] Sampling 50000 steps by 12 slaves, spending 14.94 s.
[20260604 03:44:32 @multi_evo_agent_runner.py:94] Policy update, spending: 57.52 s.
[20260604 03:44:34 @multi_evo_agent_runner.py:99] Evaluation time: 2.15 s.
[20260604 03:44:34 @multi_evo_agent_runner.py:105] Total time:     476.01 min
[20260604 03:44:34 @multi_evo_agent_runner.py:115] Agent_0 gets eval reward: 574.98.
[20260604 03:44:34 @multi_evo_agent_runner.py:116] Agent_0 gets win rate: 0.34.
[20260604 03:44:34 @multi_evo_agent_runner.py:115] Agent_1 gets eval reward: -348.29.
[20260604 03:44:34 @multi_evo_agent_runner.py:116] Agent_1 gets win rate: 0.21.
[20260604 03:44:34 @multi_evo_agent_runner.py:79] #------------------------ Iteration 471 --------------------------#
[20260604 03:44:49 @multi_evo_agent_runner.py:85] Sampling 50000 steps by 12 slaves, spending 15.00 s.
[20260604 03:45:42 @multi_evo_agent_runner.py:94] Policy update, spending: 52.95 s.
[20260604 03:45:44 @multi_evo_agent_runner.py:99] Evaluation time: 2.14 s.
[20260604 03:45:44 @multi_evo_agent_runner.py:105] Total time:     477.18 min
[20260604 03:45:44 @multi_evo_agent_runner.py:115] Agent_0 gets eval reward: 914.94.
[20260604 03:45:44 @multi_evo_agent_runner.py:116] Agent_0 gets win rate: 0.45.
[20260604 03:45:44 @multi_evo_agent_runner.py:115] Agent_1 gets eval reward: -486.30.
[20260604 03:45:44 @multi_evo_agent_runner.py:116] Agent_1 gets win rate: 0.10.
[20260604 03:45:44 @multi_evo_agent_runner.py:79] #------------------------ Iteration 472 --------------------------#
[20260604 03:46:00 @multi_evo_agent_runner.py:85] Sampling 50000 steps by 12 slaves, spending 15.91 s.
[20260604 03:46:39 @multi_evo_agent_runner.py:94] Policy update, spending: 39.38 s.
[20260604 03:46:41 @multi_evo_agent_runner.py:99] Evaluation time: 1.69 s.
[20260604 03:46:41 @multi_evo_agent_runner.py:105] Total time:     478.14 min
[20260604 03:46:41 @multi_evo_agent_runner.py:115] Agent_0 gets eval reward: 636.52.
[20260604 03:46:41 @multi_evo_agent_runner.py:116] Agent_0 gets win rate: 0.31.
[20260604 03:46:41 @multi_evo_agent_runner.py:115] Agent_1 gets eval reward: -220.28.
[20260604 03:46:41 @multi_evo_agent_runner.py:116] Agent_1 gets win rate: 0.10.
[20260604 03:46:41 @multi_evo_agent_runner.py:79] #------------------------ Iteration 473 --------------------------#
[20260604 03:46:58 @multi_evo_agent_runner.py:85] Sampling 50000 steps by 12 slaves, spending 16.41 s.
[20260604 03:47:52 @multi_evo_agent_runner.py:94] Policy update, spending: 54.17 s.
[20260604 03:47:54 @multi_evo_agent_runner.py:99] Evaluation time: 2.38 s.
[20260604 03:47:54 @multi_evo_agent_runner.py:105] Total time:     479.36 min
[20260604 03:47:54 @multi_evo_agent_runner.py:115] Agent_0 gets eval reward: 251.60.
[20260604 03:47:54 @multi_evo_agent_runner.py:116] Agent_0 gets win rate: 0.23.
[20260604 03:47:54 @multi_evo_agent_runner.py:115] Agent_1 gets eval reward: -278.11.
[20260604 03:47:54 @multi_evo_agent_runner.py:116] Agent_1 gets win rate: 0.20.
[20260604 03:47:55 @multi_evo_agent_runner.py:79] #------------------------ Iteration 474 --------------------------#
[20260604 03:48:10 @multi_evo_agent_runner.py:85] Sampling 50000 steps by 12 slaves, spending 15.65 s.
[20260604 03:48:59 @multi_evo_agent_runner.py:94] Policy update, spending: 48.97 s.
[20260604 03:49:01 @multi_evo_agent_runner.py:99] Evaluation time: 2.27 s.
[20260604 03:49:01 @multi_evo_agent_runner.py:105] Total time:     480.47 min
[20260604 03:49:02 @multi_evo_agent_runner.py:115] Agent_0 gets eval reward: 551.34.
[20260604 03:49:02 @multi_evo_agent_runner.py:116] Agent_0 gets win rate: 0.13.
[20260604 03:49:02 @multi_evo_agent_runner.py:115] Agent_1 gets eval reward: 80.94.
[20260604 03:49:02 @multi_evo_agent_runner.py:116] Agent_1 gets win rate: 0.17.
[20260604 03:49:02 @multi_evo_agent_runner.py:79] #------------------------ Iteration 475 --------------------------#
[20260604 03:49:18 @multi_evo_agent_runner.py:85] Sampling 50000 steps by 12 slaves, spending 16.44 s.
[20260604 03:50:05 @multi_evo_agent_runner.py:94] Policy update, spending: 46.92 s.
[20260604 03:50:08 @multi_evo_agent_runner.py:99] Evaluation time: 3.03 s.
[20260604 03:50:08 @multi_evo_agent_runner.py:105] Total time:     481.58 min
[20260604 03:50:08 @multi_evo_agent_runner.py:115] Agent_0 gets eval reward: 695.73.
[20260604 03:50:08 @multi_evo_agent_runner.py:116] Agent_0 gets win rate: 0.34.
[20260604 03:50:08 @multi_evo_agent_runner.py:115] Agent_1 gets eval reward: -262.00.
[20260604 03:50:08 @multi_evo_agent_runner.py:116] Agent_1 gets win rate: 0.17.
[20260604 03:50:08 @multi_evo_agent_runner.py:79] #------------------------ Iteration 476 --------------------------#
[20260604 03:50:22 @multi_evo_agent_runner.py:85] Sampling 50000 steps by 12 slaves, spending 14.12 s.
[20260604 03:51:12 @multi_evo_agent_runner.py:94] Policy update, spending: 49.30 s.
[20260604 03:51:13 @multi_evo_agent_runner.py:99] Evaluation time: 1.60 s.
[20260604 03:51:13 @multi_evo_agent_runner.py:105] Total time:     482.67 min
[20260604 03:51:14 @multi_evo_agent_runner.py:115] Agent_0 gets eval reward: 425.39.
[20260604 03:51:14 @multi_evo_agent_runner.py:116] Agent_0 gets win rate: 0.20.
[20260604 03:51:14 @multi_evo_agent_runner.py:115] Agent_1 gets eval reward: -411.04.
[20260604 03:51:14 @multi_evo_agent_runner.py:116] Agent_1 gets win rate: 0.04.
[20260604 03:51:14 @multi_evo_agent_runner.py:79] #------------------------ Iteration 477 --------------------------#
[20260604 03:51:30 @multi_evo_agent_runner.py:85] Sampling 50000 steps by 12 slaves, spending 16.05 s.
[20260604 03:52:19 @multi_evo_agent_runner.py:94] Policy update, spending: 49.64 s.
[20260604 03:52:21 @multi_evo_agent_runner.py:99] Evaluation time: 1.87 s.
[20260604 03:52:21 @multi_evo_agent_runner.py:105] Total time:     483.80 min
[20260604 03:52:21 @multi_evo_agent_runner.py:115] Agent_0 gets eval reward: 913.22.
[20260604 03:52:21 @multi_evo_agent_runner.py:116] Agent_0 gets win rate: 0.30.
[20260604 03:52:21 @multi_evo_agent_runner.py:115] Agent_1 gets eval reward: -291.88.
[20260604 03:52:21 @multi_evo_agent_runner.py:116] Agent_1 gets win rate: 0.07.
[20260604 03:52:22 @multi_evo_agent_runner.py:79] #------------------------ Iteration 478 --------------------------#
[20260604 03:52:37 @multi_evo_agent_runner.py:85] Sampling 50000 steps by 12 slaves, spending 15.02 s.
[20260604 03:53:34 @multi_evo_agent_runner.py:94] Policy update, spending: 57.20 s.
[20260604 03:53:36 @multi_evo_agent_runner.py:99] Evaluation time: 2.20 s.
[20260604 03:53:36 @multi_evo_agent_runner.py:105] Total time:     485.05 min
[20260604 03:53:36 @multi_evo_agent_runner.py:115] Agent_0 gets eval reward: 597.17.
[20260604 03:53:36 @multi_evo_agent_runner.py:116] Agent_0 gets win rate: 0.23.
[20260604 03:53:36 @multi_evo_agent_runner.py:115] Agent_1 gets eval reward: -500.03.
[20260604 03:53:36 @multi_evo_agent_runner.py:116] Agent_1 gets win rate: 0.04.
[20260604 03:53:36 @multi_evo_agent_runner.py:79] #------------------------ Iteration 479 --------------------------#
[20260604 03:53:52 @multi_evo_agent_runner.py:85] Sampling 50000 steps by 12 slaves, spending 15.86 s.
[20260604 03:54:46 @multi_evo_agent_runner.py:94] Policy update, spending: 54.37 s.
[20260604 03:54:48 @multi_evo_agent_runner.py:99] Evaluation time: 1.90 s.
[20260604 03:54:48 @multi_evo_agent_runner.py:105] Total time:     486.26 min
[20260604 03:54:48 @multi_evo_agent_runner.py:115] Agent_0 gets eval reward: 869.94.
[20260604 03:54:48 @multi_evo_agent_runner.py:116] Agent_0 gets win rate: 0.50.
[20260604 03:54:48 @multi_evo_agent_runner.py:115] Agent_1 gets eval reward: -704.41.
[20260604 03:54:48 @multi_evo_agent_runner.py:116] Agent_1 gets win rate: 0.03.
[20260604 03:54:48 @multi_evo_agent_runner.py:79] #------------------------ Iteration 480 --------------------------#
[20260604 03:55:04 @multi_evo_agent_runner.py:85] Sampling 50000 steps by 12 slaves, spending 15.61 s.
[20260604 03:55:57 @multi_evo_agent_runner.py:94] Policy update, spending: 53.08 s.
[20260604 03:56:00 @multi_evo_agent_runner.py:99] Evaluation time: 3.05 s.
[20260604 03:56:00 @multi_evo_agent_runner.py:105] Total time:     487.45 min
[20260604 03:56:00 @multi_evo_agent_runner.py:115] Agent_0 gets eval reward: 220.28.
[20260604 03:56:00 @multi_evo_agent_runner.py:116] Agent_0 gets win rate: 0.15.
[20260604 03:56:00 @multi_evo_agent_runner.py:115] Agent_1 gets eval reward: -203.48.
[20260604 03:56:00 @multi_evo_agent_runner.py:116] Agent_1 gets win rate: 0.15.
[20260604 03:56:01 @multi_evo_agent_runner.py:79] #------------------------ Iteration 481 --------------------------#
[20260604 03:56:16 @multi_evo_agent_runner.py:85] Sampling 50000 steps by 12 slaves, spending 15.00 s.
[20260604 03:56:54 @multi_evo_agent_runner.py:94] Policy update, spending: 38.19 s.
[20260604 03:56:56 @multi_evo_agent_runner.py:99] Evaluation time: 2.31 s.
[20260604 03:56:56 @multi_evo_agent_runner.py:105] Total time:     488.38 min
[20260604 03:56:56 @multi_evo_agent_runner.py:115] Agent_0 gets eval reward: 631.67.
[20260604 03:56:56 @multi_evo_agent_runner.py:116] Agent_0 gets win rate: 0.42.
[20260604 03:56:56 @multi_evo_agent_runner.py:115] Agent_1 gets eval reward: -544.27.
[20260604 03:56:56 @multi_evo_agent_runner.py:116] Agent_1 gets win rate: 0.16.
[20260604 03:56:56 @multi_evo_agent_runner.py:79] #------------------------ Iteration 482 --------------------------#
[20260604 03:57:10 @multi_evo_agent_runner.py:85] Sampling 50000 steps by 12 slaves, spending 13.52 s.
[20260604 03:57:49 @multi_evo_agent_runner.py:94] Policy update, spending: 39.69 s.
[20260604 03:57:52 @multi_evo_agent_runner.py:99] Evaluation time: 2.51 s.
[20260604 03:57:52 @multi_evo_agent_runner.py:105] Total time:     489.32 min
[20260604 03:57:52 @multi_evo_agent_runner.py:115] Agent_0 gets eval reward: 736.80.
[20260604 03:57:52 @multi_evo_agent_runner.py:116] Agent_0 gets win rate: 0.29.
[20260604 03:57:52 @multi_evo_agent_runner.py:115] Agent_1 gets eval reward: -358.09.
[20260604 03:57:52 @multi_evo_agent_runner.py:116] Agent_1 gets win rate: 0.14.
[20260604 03:57:52 @multi_evo_agent_runner.py:79] #------------------------ Iteration 483 --------------------------#
[20260604 03:58:04 @multi_evo_agent_runner.py:85] Sampling 50000 steps by 12 slaves, spending 12.00 s.
[20260604 03:58:41 @multi_evo_agent_runner.py:94] Policy update, spending: 37.17 s.
[20260604 03:58:44 @multi_evo_agent_runner.py:99] Evaluation time: 2.44 s.
[20260604 03:58:44 @multi_evo_agent_runner.py:105] Total time:     490.18 min
[20260604 03:58:44 @multi_evo_agent_runner.py:115] Agent_0 gets eval reward: 613.70.
[20260604 03:58:44 @multi_evo_agent_runner.py:116] Agent_0 gets win rate: 0.30.
[20260604 03:58:44 @multi_evo_agent_runner.py:115] Agent_1 gets eval reward: -469.34.
[20260604 03:58:44 @multi_evo_agent_runner.py:116] Agent_1 gets win rate: 0.11.
[20260604 03:58:44 @multi_evo_agent_runner.py:79] #------------------------ Iteration 484 --------------------------#
[20260604 03:58:57 @multi_evo_agent_runner.py:85] Sampling 50000 steps by 12 slaves, spending 13.09 s.
[20260604 03:59:35 @multi_evo_agent_runner.py:94] Policy update, spending: 38.07 s.
[20260604 03:59:38 @multi_evo_agent_runner.py:99] Evaluation time: 2.73 s.
[20260604 03:59:38 @multi_evo_agent_runner.py:105] Total time:     491.08 min
[20260604 03:59:38 @multi_evo_agent_runner.py:115] Agent_0 gets eval reward: 472.77.
[20260604 03:59:38 @multi_evo_agent_runner.py:116] Agent_0 gets win rate: 0.09.
[20260604 03:59:38 @multi_evo_agent_runner.py:115] Agent_1 gets eval reward: -369.46.
[20260604 03:59:38 @multi_evo_agent_runner.py:116] Agent_1 gets win rate: 0.09.
[20260604 03:59:38 @multi_evo_agent_runner.py:79] #------------------------ Iteration 485 --------------------------#
[20260604 03:59:52 @multi_evo_agent_runner.py:85] Sampling 50000 steps by 12 slaves, spending 13.66 s.
[20260604 04:00:47 @multi_evo_agent_runner.py:94] Policy update, spending: 55.34 s.
[20260604 04:00:50 @multi_evo_agent_runner.py:99] Evaluation time: 3.04 s.
[20260604 04:00:50 @multi_evo_agent_runner.py:105] Total time:     492.29 min
[20260604 04:00:50 @multi_evo_agent_runner.py:115] Agent_0 gets eval reward: 821.64.
[20260604 04:00:50 @multi_evo_agent_runner.py:116] Agent_0 gets win rate: 0.24.
[20260604 04:00:50 @multi_evo_agent_runner.py:115] Agent_1 gets eval reward: -201.55.
[20260604 04:00:50 @multi_evo_agent_runner.py:116] Agent_1 gets win rate: 0.14.
[20260604 04:00:50 @multi_evo_agent_runner.py:79] #------------------------ Iteration 486 --------------------------#
[20260604 04:01:04 @multi_evo_agent_runner.py:85] Sampling 50000 steps by 12 slaves, spending 13.70 s.
[20260604 04:01:50 @multi_evo_agent_runner.py:94] Policy update, spending: 45.62 s.
[20260604 04:01:52 @multi_evo_agent_runner.py:99] Evaluation time: 2.35 s.
[20260604 04:01:52 @multi_evo_agent_runner.py:105] Total time:     493.32 min
[20260604 04:01:52 @multi_evo_agent_runner.py:115] Agent_0 gets eval reward: 982.48.
[20260604 04:01:52 @multi_evo_agent_runner.py:116] Agent_0 gets win rate: 0.50.
[20260604 04:01:52 @multi_evo_agent_runner.py:115] Agent_1 gets eval reward: -406.89.
[20260604 04:01:52 @multi_evo_agent_runner.py:116] Agent_1 gets win rate: 0.11.
[20260604 04:01:52 @multi_evo_agent_runner.py:79] #------------------------ Iteration 487 --------------------------#
[20260604 04:02:08 @multi_evo_agent_runner.py:85] Sampling 50000 steps by 12 slaves, spending 15.88 s.
[20260604 04:02:58 @multi_evo_agent_runner.py:94] Policy update, spending: 49.76 s.
[20260604 04:03:00 @multi_evo_agent_runner.py:99] Evaluation time: 2.47 s.
[20260604 04:03:00 @multi_evo_agent_runner.py:105] Total time:     494.46 min
[20260604 04:03:01 @multi_evo_agent_runner.py:115] Agent_0 gets eval reward: 269.10.
[20260604 04:03:01 @multi_evo_agent_runner.py:116] Agent_0 gets win rate: 0.23.
[20260604 04:03:01 @multi_evo_agent_runner.py:115] Agent_1 gets eval reward: -414.67.
[20260604 04:03:01 @multi_evo_agent_runner.py:116] Agent_1 gets win rate: 0.08.
[20260604 04:03:01 @multi_evo_agent_runner.py:79] #------------------------ Iteration 488 --------------------------#
[20260604 04:03:16 @multi_evo_agent_runner.py:85] Sampling 50000 steps by 12 slaves, spending 15.25 s.
[20260604 04:04:05 @multi_evo_agent_runner.py:94] Policy update, spending: 49.25 s.
[20260604 04:04:07 @multi_evo_agent_runner.py:99] Evaluation time: 2.25 s.
[20260604 04:04:07 @multi_evo_agent_runner.py:105] Total time:     495.57 min
[20260604 04:04:07 @multi_evo_agent_runner.py:115] Agent_0 gets eval reward: 529.91.
[20260604 04:04:07 @multi_evo_agent_runner.py:116] Agent_0 gets win rate: 0.36.
[20260604 04:04:07 @multi_evo_agent_runner.py:115] Agent_1 gets eval reward: -690.53.
[20260604 04:04:07 @multi_evo_agent_runner.py:116] Agent_1 gets win rate: 0.04.
[20260604 04:04:08 @multi_evo_agent_runner.py:79] #------------------------ Iteration 489 --------------------------#
[20260604 04:04:24 @multi_evo_agent_runner.py:85] Sampling 50000 steps by 12 slaves, spending 16.21 s.
[20260604 04:05:19 @multi_evo_agent_runner.py:94] Policy update, spending: 55.06 s.
[20260604 04:05:21 @multi_evo_agent_runner.py:99] Evaluation time: 2.06 s.
[20260604 04:05:21 @multi_evo_agent_runner.py:105] Total time:     496.80 min
[20260604 04:05:21 @multi_evo_agent_runner.py:115] Agent_0 gets eval reward: 502.56.
[20260604 04:05:21 @multi_evo_agent_runner.py:116] Agent_0 gets win rate: 0.44.
[20260604 04:05:21 @multi_evo_agent_runner.py:115] Agent_1 gets eval reward: -285.21.
[20260604 04:05:21 @multi_evo_agent_runner.py:116] Agent_1 gets win rate: 0.32.
[20260604 04:05:21 @multi_evo_agent_runner.py:79] #------------------------ Iteration 490 --------------------------#
[20260604 04:05:37 @multi_evo_agent_runner.py:85] Sampling 50000 steps by 12 slaves, spending 15.46 s.
[20260604 04:06:32 @multi_evo_agent_runner.py:94] Policy update, spending: 55.04 s.
[20260604 04:06:34 @multi_evo_agent_runner.py:99] Evaluation time: 2.25 s.
[20260604 04:06:34 @multi_evo_agent_runner.py:105] Total time:     498.01 min
[20260604 04:06:34 @multi_evo_agent_runner.py:115] Agent_0 gets eval reward: 385.15.
[20260604 04:06:34 @multi_evo_agent_runner.py:116] Agent_0 gets win rate: 0.48.
[20260604 04:06:34 @multi_evo_agent_runner.py:115] Agent_1 gets eval reward: -391.51.
[20260604 04:06:34 @multi_evo_agent_runner.py:116] Agent_1 gets win rate: 0.18.
[20260604 04:06:34 @multi_evo_agent_runner.py:79] #------------------------ Iteration 491 --------------------------#
[20260604 04:06:48 @multi_evo_agent_runner.py:85] Sampling 50000 steps by 12 slaves, spending 14.25 s.
[20260604 04:07:42 @multi_evo_agent_runner.py:94] Policy update, spending: 53.81 s.
[20260604 04:07:45 @multi_evo_agent_runner.py:99] Evaluation time: 2.39 s.
[20260604 04:07:45 @multi_evo_agent_runner.py:105] Total time:     499.19 min
[20260604 04:07:45 @multi_evo_agent_runner.py:115] Agent_0 gets eval reward: 273.29.
[20260604 04:07:45 @multi_evo_agent_runner.py:116] Agent_0 gets win rate: 0.26.
[20260604 04:07:45 @multi_evo_agent_runner.py:115] Agent_1 gets eval reward: -76.01.
[20260604 04:07:45 @multi_evo_agent_runner.py:116] Agent_1 gets win rate: 0.26.
[20260604 04:07:45 @multi_evo_agent_runner.py:79] #------------------------ Iteration 492 --------------------------#
[20260604 04:08:01 @multi_evo_agent_runner.py:85] Sampling 50000 steps by 12 slaves, spending 16.38 s.
[20260604 04:08:59 @multi_evo_agent_runner.py:94] Policy update, spending: 57.40 s.
[20260604 04:09:01 @multi_evo_agent_runner.py:99] Evaluation time: 2.08 s.
[20260604 04:09:01 @multi_evo_agent_runner.py:105] Total time:     500.46 min
[20260604 04:09:01 @multi_evo_agent_runner.py:115] Agent_0 gets eval reward: 473.19.
[20260604 04:09:01 @multi_evo_agent_runner.py:116] Agent_0 gets win rate: 0.27.
[20260604 04:09:01 @multi_evo_agent_runner.py:115] Agent_1 gets eval reward: -233.50.
[20260604 04:09:01 @multi_evo_agent_runner.py:116] Agent_1 gets win rate: 0.24.
[20260604 04:09:01 @multi_evo_agent_runner.py:79] #------------------------ Iteration 493 --------------------------#
[20260604 04:09:16 @multi_evo_agent_runner.py:85] Sampling 50000 steps by 12 slaves, spending 14.83 s.
[20260604 04:09:53 @multi_evo_agent_runner.py:94] Policy update, spending: 37.50 s.
[20260604 04:09:55 @multi_evo_agent_runner.py:99] Evaluation time: 1.87 s.
[20260604 04:09:55 @multi_evo_agent_runner.py:105] Total time:     501.37 min
[20260604 04:09:55 @multi_evo_agent_runner.py:115] Agent_0 gets eval reward: 781.85.
[20260604 04:09:55 @multi_evo_agent_runner.py:116] Agent_0 gets win rate: 0.29.
[20260604 04:09:55 @multi_evo_agent_runner.py:115] Agent_1 gets eval reward: -201.09.
[20260604 04:09:55 @multi_evo_agent_runner.py:116] Agent_1 gets win rate: 0.11.
[20260604 04:09:55 @multi_evo_agent_runner.py:79] #------------------------ Iteration 494 --------------------------#
[20260604 04:10:11 @multi_evo_agent_runner.py:85] Sampling 50000 steps by 12 slaves, spending 15.96 s.
[20260604 04:10:47 @multi_evo_agent_runner.py:94] Policy update, spending: 36.22 s.
[20260604 04:10:49 @multi_evo_agent_runner.py:99] Evaluation time: 1.89 s.
[20260604 04:10:49 @multi_evo_agent_runner.py:105] Total time:     502.27 min
[20260604 04:10:49 @multi_evo_agent_runner.py:115] Agent_0 gets eval reward: 404.04.
[20260604 04:10:49 @multi_evo_agent_runner.py:116] Agent_0 gets win rate: 0.19.
[20260604 04:10:49 @multi_evo_agent_runner.py:115] Agent_1 gets eval reward: -320.80.
[20260604 04:10:49 @multi_evo_agent_runner.py:116] Agent_1 gets win rate: 0.08.
[20260604 04:10:49 @multi_evo_agent_runner.py:79] #------------------------ Iteration 495 --------------------------#
[20260604 04:11:06 @multi_evo_agent_runner.py:85] Sampling 50000 steps by 12 slaves, spending 16.08 s.
[20260604 04:11:42 @multi_evo_agent_runner.py:94] Policy update, spending: 36.72 s.
[20260604 04:11:44 @multi_evo_agent_runner.py:99] Evaluation time: 1.89 s.
[20260604 04:11:44 @multi_evo_agent_runner.py:105] Total time:     503.19 min
[20260604 04:11:44 @multi_evo_agent_runner.py:115] Agent_0 gets eval reward: 281.53.
[20260604 04:11:44 @multi_evo_agent_runner.py:116] Agent_0 gets win rate: 0.27.
[20260604 04:11:44 @multi_evo_agent_runner.py:115] Agent_1 gets eval reward: -298.66.
[20260604 04:11:44 @multi_evo_agent_runner.py:116] Agent_1 gets win rate: 0.17.
[20260604 04:11:44 @multi_evo_agent_runner.py:79] #------------------------ Iteration 496 --------------------------#
[20260604 04:12:01 @multi_evo_agent_runner.py:85] Sampling 50000 steps by 12 slaves, spending 16.26 s.
[20260604 04:12:51 @multi_evo_agent_runner.py:94] Policy update, spending: 50.51 s.
[20260604 04:12:53 @multi_evo_agent_runner.py:99] Evaluation time: 1.98 s.
[20260604 04:12:53 @multi_evo_agent_runner.py:105] Total time:     504.33 min
[20260604 04:12:53 @multi_evo_agent_runner.py:115] Agent_0 gets eval reward: 515.77.
[20260604 04:12:53 @multi_evo_agent_runner.py:116] Agent_0 gets win rate: 0.09.
[20260604 04:12:53 @multi_evo_agent_runner.py:115] Agent_1 gets eval reward: -267.83.
[20260604 04:12:53 @multi_evo_agent_runner.py:116] Agent_1 gets win rate: 0.09.
[20260604 04:12:53 @multi_evo_agent_runner.py:79] #------------------------ Iteration 497 --------------------------#
[20260604 04:13:10 @multi_evo_agent_runner.py:85] Sampling 50000 steps by 12 slaves, spending 16.65 s.
[20260604 04:14:05 @multi_evo_agent_runner.py:94] Policy update, spending: 55.44 s.
[20260604 04:14:07 @multi_evo_agent_runner.py:99] Evaluation time: 2.04 s.
[20260604 04:14:07 @multi_evo_agent_runner.py:105] Total time:     505.57 min
[20260604 04:14:07 @multi_evo_agent_runner.py:115] Agent_0 gets eval reward: 506.31.
[20260604 04:14:07 @multi_evo_agent_runner.py:116] Agent_0 gets win rate: 0.37.
[20260604 04:14:07 @multi_evo_agent_runner.py:115] Agent_1 gets eval reward: -398.54.
[20260604 04:14:07 @multi_evo_agent_runner.py:116] Agent_1 gets win rate: 0.17.
[20260604 04:14:08 @multi_evo_agent_runner.py:79] #------------------------ Iteration 498 --------------------------#
[20260604 04:14:23 @multi_evo_agent_runner.py:85] Sampling 50000 steps by 12 slaves, spending 15.56 s.
[20260604 04:15:09 @multi_evo_agent_runner.py:94] Policy update, spending: 46.02 s.
[20260604 04:15:12 @multi_evo_agent_runner.py:99] Evaluation time: 2.49 s.
[20260604 04:15:12 @multi_evo_agent_runner.py:105] Total time:     506.64 min
[20260604 04:15:12 @multi_evo_agent_runner.py:115] Agent_0 gets eval reward: 694.83.
[20260604 04:15:12 @multi_evo_agent_runner.py:116] Agent_0 gets win rate: 0.38.
[20260604 04:15:12 @multi_evo_agent_runner.py:115] Agent_1 gets eval reward: -532.75.
[20260604 04:15:12 @multi_evo_agent_runner.py:116] Agent_1 gets win rate: 0.17.
[20260604 04:15:12 @multi_evo_agent_runner.py:79] #------------------------ Iteration 499 --------------------------#
[20260604 04:15:27 @multi_evo_agent_runner.py:85] Sampling 50000 steps by 12 slaves, spending 14.85 s.
[20260604 04:16:06 @multi_evo_agent_runner.py:94] Policy update, spending: 39.05 s.
[20260604 04:16:08 @multi_evo_agent_runner.py:99] Evaluation time: 2.12 s.
[20260604 04:16:08 @multi_evo_agent_runner.py:105] Total time:     507.58 min
[20260604 04:16:08 @multi_evo_agent_runner.py:115] Agent_0 gets eval reward: 759.41.
[20260604 04:16:08 @multi_evo_agent_runner.py:116] Agent_0 gets win rate: 0.42.
[20260604 04:16:08 @multi_evo_agent_runner.py:115] Agent_1 gets eval reward: -557.23.
[20260604 04:16:08 @multi_evo_agent_runner.py:116] Agent_1 gets win rate: 0.09.
[20260604 04:16:08 @multi_evo_agent_runner.py:79] #------------------------ Iteration 500 --------------------------#
[20260604 04:16:24 @multi_evo_agent_runner.py:85] Sampling 50000 steps by 12 slaves, spending 15.90 s.
[20260604 04:17:22 @multi_evo_agent_runner.py:94] Policy update, spending: 58.06 s.
[20260604 04:17:24 @multi_evo_agent_runner.py:99] Evaluation time: 2.20 s.
[20260604 04:17:24 @multi_evo_agent_runner.py:105] Total time:     508.85 min
[20260604 04:17:24 @multi_evo_agent_runner.py:115] Agent_0 gets eval reward: 271.32.
[20260604 04:17:24 @multi_evo_agent_runner.py:116] Agent_0 gets win rate: 0.21.
[20260604 04:17:24 @multi_evo_agent_runner.py:115] Agent_1 gets eval reward: -377.74.
[20260604 04:17:24 @multi_evo_agent_runner.py:116] Agent_1 gets win rate: 0.14.
[20260604 04:17:24 @multi_evo_agent_runner.py:79] #------------------------ Iteration 501 --------------------------#
[20260604 04:17:36 @multi_evo_agent_runner.py:85] Sampling 50000 steps by 12 slaves, spending 11.69 s.
[20260604 04:18:04 @multi_evo_agent_runner.py:94] Policy update, spending: 27.95 s.
[20260604 04:18:06 @multi_evo_agent_runner.py:99] Evaluation time: 1.65 s.
[20260604 04:18:06 @multi_evo_agent_runner.py:105] Total time:     509.54 min
[20260604 04:18:06 @multi_evo_agent_runner.py:115] Agent_0 gets eval reward: 702.93.
[20260604 04:18:06 @multi_evo_agent_runner.py:116] Agent_0 gets win rate: 0.42.
[20260604 04:18:06 @multi_evo_agent_runner.py:115] Agent_1 gets eval reward: -577.70.
[20260604 04:18:06 @multi_evo_agent_runner.py:116] Agent_1 gets win rate: 0.15.
[20260604 04:18:06 @multi_evo_agent_runner.py:79] #------------------------ Iteration 502 --------------------------#
[20260604 04:18:17 @multi_evo_agent_runner.py:85] Sampling 50000 steps by 12 slaves, spending 11.57 s.
[20260604 04:18:49 @multi_evo_agent_runner.py:94] Policy update, spending: 31.52 s.
[20260604 04:18:51 @multi_evo_agent_runner.py:99] Evaluation time: 1.82 s.
[20260604 04:18:51 @multi_evo_agent_runner.py:105] Total time:     510.30 min
[20260604 04:18:51 @multi_evo_agent_runner.py:115] Agent_0 gets eval reward: 528.69.
[20260604 04:18:51 @multi_evo_agent_runner.py:116] Agent_0 gets win rate: 0.28.
[20260604 04:18:51 @multi_evo_agent_runner.py:115] Agent_1 gets eval reward: -398.63.
[20260604 04:18:51 @multi_evo_agent_runner.py:116] Agent_1 gets win rate: 0.10.
[20260604 04:18:51 @multi_evo_agent_runner.py:79] #------------------------ Iteration 503 --------------------------#
[20260604 04:19:04 @multi_evo_agent_runner.py:85] Sampling 50000 steps by 12 slaves, spending 12.81 s.
[20260604 04:19:42 @multi_evo_agent_runner.py:94] Policy update, spending: 38.43 s.
[20260604 04:19:45 @multi_evo_agent_runner.py:99] Evaluation time: 2.53 s.
[20260604 04:19:45 @multi_evo_agent_runner.py:105] Total time:     511.19 min
[20260604 04:19:45 @multi_evo_agent_runner.py:115] Agent_0 gets eval reward: 372.47.
[20260604 04:19:45 @multi_evo_agent_runner.py:116] Agent_0 gets win rate: 0.29.
[20260604 04:19:45 @multi_evo_agent_runner.py:115] Agent_1 gets eval reward: -328.10.
[20260604 04:19:45 @multi_evo_agent_runner.py:116] Agent_1 gets win rate: 0.19.
[20260604 04:19:45 @multi_evo_agent_runner.py:79] #------------------------ Iteration 504 --------------------------#
[20260604 04:19:58 @multi_evo_agent_runner.py:85] Sampling 50000 steps by 12 slaves, spending 12.86 s.
[20260604 04:20:32 @multi_evo_agent_runner.py:94] Policy update, spending: 34.80 s.
[20260604 04:20:34 @multi_evo_agent_runner.py:99] Evaluation time: 1.93 s.
[20260604 04:20:34 @multi_evo_agent_runner.py:105] Total time:     512.02 min
[20260604 04:20:34 @multi_evo_agent_runner.py:115] Agent_0 gets eval reward: 409.10.
[20260604 04:20:35 @multi_evo_agent_runner.py:116] Agent_0 gets win rate: 0.30.
[20260604 04:20:35 @multi_evo_agent_runner.py:115] Agent_1 gets eval reward: -22.85.
[20260604 04:20:35 @multi_evo_agent_runner.py:116] Agent_1 gets win rate: 0.39.
[20260604 04:20:35 @multi_evo_agent_runner.py:79] #------------------------ Iteration 505 --------------------------#
[20260604 04:20:49 @multi_evo_agent_runner.py:85] Sampling 50000 steps by 12 slaves, spending 14.08 s.
[20260604 04:21:40 @multi_evo_agent_runner.py:94] Policy update, spending: 51.42 s.
[20260604 04:21:42 @multi_evo_agent_runner.py:99] Evaluation time: 1.93 s.
[20260604 04:21:42 @multi_evo_agent_runner.py:105] Total time:     513.15 min
[20260604 04:21:42 @multi_evo_agent_runner.py:115] Agent_0 gets eval reward: 453.35.
[20260604 04:21:42 @multi_evo_agent_runner.py:116] Agent_0 gets win rate: 0.43.
[20260604 04:21:42 @multi_evo_agent_runner.py:115] Agent_1 gets eval reward: -409.99.
[20260604 04:21:42 @multi_evo_agent_runner.py:116] Agent_1 gets win rate: 0.22.
[20260604 04:21:42 @multi_evo_agent_runner.py:79] #------------------------ Iteration 506 --------------------------#
[20260604 04:21:56 @multi_evo_agent_runner.py:85] Sampling 50000 steps by 12 slaves, spending 13.34 s.
[20260604 04:22:31 @multi_evo_agent_runner.py:94] Policy update, spending: 35.85 s.
[20260604 04:22:33 @multi_evo_agent_runner.py:99] Evaluation time: 2.09 s.
[20260604 04:22:33 @multi_evo_agent_runner.py:105] Total time:     514.01 min
[20260604 04:22:34 @multi_evo_agent_runner.py:115] Agent_0 gets eval reward: 611.43.
[20260604 04:22:34 @multi_evo_agent_runner.py:116] Agent_0 gets win rate: 0.25.
[20260604 04:22:34 @multi_evo_agent_runner.py:115] Agent_1 gets eval reward: -335.58.
[20260604 04:22:34 @multi_evo_agent_runner.py:116] Agent_1 gets win rate: 0.11.
[20260604 04:22:34 @multi_evo_agent_runner.py:79] #------------------------ Iteration 507 --------------------------#
[20260604 04:22:47 @multi_evo_agent_runner.py:85] Sampling 50000 steps by 12 slaves, spending 13.07 s.
[20260604 04:23:36 @multi_evo_agent_runner.py:94] Policy update, spending: 48.85 s.
[20260604 04:23:37 @multi_evo_agent_runner.py:99] Evaluation time: 1.67 s.
[20260604 04:23:37 @multi_evo_agent_runner.py:105] Total time:     515.07 min
[20260604 04:23:37 @multi_evo_agent_runner.py:115] Agent_0 gets eval reward: 648.28.
[20260604 04:23:37 @multi_evo_agent_runner.py:116] Agent_0 gets win rate: 0.43.
[20260604 04:23:37 @multi_evo_agent_runner.py:115] Agent_1 gets eval reward: -629.17.
[20260604 04:23:37 @multi_evo_agent_runner.py:116] Agent_1 gets win rate: 0.07.
[20260604 04:23:37 @multi_evo_agent_runner.py:79] #------------------------ Iteration 508 --------------------------#
[20260604 04:23:50 @multi_evo_agent_runner.py:85] Sampling 50000 steps by 12 slaves, spending 12.96 s.
[20260604 04:24:39 @multi_evo_agent_runner.py:94] Policy update, spending: 48.37 s.
[20260604 04:24:40 @multi_evo_agent_runner.py:99] Evaluation time: 1.71 s.
[20260604 04:24:40 @multi_evo_agent_runner.py:105] Total time:     516.12 min
[20260604 04:24:41 @multi_evo_agent_runner.py:115] Agent_0 gets eval reward: 212.29.
[20260604 04:24:41 @multi_evo_agent_runner.py:116] Agent_0 gets win rate: 0.08.
[20260604 04:24:41 @multi_evo_agent_runner.py:115] Agent_1 gets eval reward: 119.46.
[20260604 04:24:41 @multi_evo_agent_runner.py:116] Agent_1 gets win rate: 0.21.
[20260604 04:24:41 @multi_evo_agent_runner.py:79] #------------------------ Iteration 509 --------------------------#
[20260604 04:24:54 @multi_evo_agent_runner.py:85] Sampling 50000 steps by 12 slaves, spending 13.43 s.
[20260604 04:25:31 @multi_evo_agent_runner.py:94] Policy update, spending: 37.18 s.
[20260604 04:25:34 @multi_evo_agent_runner.py:99] Evaluation time: 2.46 s.
[20260604 04:25:34 @multi_evo_agent_runner.py:105] Total time:     517.01 min
[20260604 04:25:34 @multi_evo_agent_runner.py:115] Agent_0 gets eval reward: 374.76.
[20260604 04:25:34 @multi_evo_agent_runner.py:116] Agent_0 gets win rate: 0.12.
[20260604 04:25:34 @multi_evo_agent_runner.py:115] Agent_1 gets eval reward: -399.42.
[20260604 04:25:34 @multi_evo_agent_runner.py:116] Agent_1 gets win rate: 0.08.
[20260604 04:25:34 @multi_evo_agent_runner.py:79] #------------------------ Iteration 510 --------------------------#
[20260604 04:25:47 @multi_evo_agent_runner.py:85] Sampling 50000 steps by 12 slaves, spending 13.58 s.
[20260604 04:26:35 @multi_evo_agent_runner.py:94] Policy update, spending: 47.15 s.
[20260604 04:26:36 @multi_evo_agent_runner.py:99] Evaluation time: 1.91 s.
[20260604 04:26:36 @multi_evo_agent_runner.py:105] Total time:     518.06 min
[20260604 04:26:37 @multi_evo_agent_runner.py:115] Agent_0 gets eval reward: 377.22.
[20260604 04:26:37 @multi_evo_agent_runner.py:116] Agent_0 gets win rate: 0.40.
[20260604 04:26:37 @multi_evo_agent_runner.py:115] Agent_1 gets eval reward: -519.73.
[20260604 04:26:37 @multi_evo_agent_runner.py:116] Agent_1 gets win rate: 0.13.
[20260604 04:26:37 @multi_evo_agent_runner.py:79] #------------------------ Iteration 511 --------------------------#
[20260604 04:26:53 @multi_evo_agent_runner.py:85] Sampling 50000 steps by 12 slaves, spending 16.25 s.
[20260604 04:27:29 @multi_evo_agent_runner.py:94] Policy update, spending: 36.45 s.
[20260604 04:27:31 @multi_evo_agent_runner.py:99] Evaluation time: 1.95 s.
[20260604 04:27:31 @multi_evo_agent_runner.py:105] Total time:     518.97 min
[20260604 04:27:31 @multi_evo_agent_runner.py:115] Agent_0 gets eval reward: 108.73.
[20260604 04:27:31 @multi_evo_agent_runner.py:116] Agent_0 gets win rate: 0.12.
[20260604 04:27:31 @multi_evo_agent_runner.py:115] Agent_1 gets eval reward: -288.15.
[20260604 04:27:31 @multi_evo_agent_runner.py:116] Agent_1 gets win rate: 0.12.
[20260604 04:27:31 @multi_evo_agent_runner.py:79] #------------------------ Iteration 512 --------------------------#
[20260604 04:27:45 @multi_evo_agent_runner.py:85] Sampling 50000 steps by 12 slaves, spending 13.22 s.
[20260604 04:28:22 @multi_evo_agent_runner.py:94] Policy update, spending: 37.49 s.
[20260604 04:28:24 @multi_evo_agent_runner.py:99] Evaluation time: 1.99 s.
[20260604 04:28:24 @multi_evo_agent_runner.py:105] Total time:     519.85 min
[20260604 04:28:24 @multi_evo_agent_runner.py:115] Agent_0 gets eval reward: -13.64.
[20260604 04:28:24 @multi_evo_agent_runner.py:116] Agent_0 gets win rate: 0.32.
[20260604 04:28:24 @multi_evo_agent_runner.py:115] Agent_1 gets eval reward: -201.40.
[20260604 04:28:24 @multi_evo_agent_runner.py:116] Agent_1 gets win rate: 0.29.
[20260604 04:28:24 @multi_evo_agent_runner.py:79] #------------------------ Iteration 513 --------------------------#
[20260604 04:28:38 @multi_evo_agent_runner.py:85] Sampling 50000 steps by 12 slaves, spending 13.45 s.
[20260604 04:29:15 @multi_evo_agent_runner.py:94] Policy update, spending: 37.23 s.
[20260604 04:29:18 @multi_evo_agent_runner.py:99] Evaluation time: 2.64 s.
[20260604 04:29:18 @multi_evo_agent_runner.py:105] Total time:     520.74 min
[20260604 04:29:18 @multi_evo_agent_runner.py:115] Agent_0 gets eval reward: 559.41.
[20260604 04:29:18 @multi_evo_agent_runner.py:116] Agent_0 gets win rate: 0.42.
[20260604 04:29:18 @multi_evo_agent_runner.py:115] Agent_1 gets eval reward: -367.78.
[20260604 04:29:18 @multi_evo_agent_runner.py:116] Agent_1 gets win rate: 0.23.
[20260604 04:29:18 @multi_evo_agent_runner.py:79] #------------------------ Iteration 514 --------------------------#
[20260604 04:29:31 @multi_evo_agent_runner.py:85] Sampling 50000 steps by 12 slaves, spending 13.29 s.
[20260604 04:30:12 @multi_evo_agent_runner.py:94] Policy update, spending: 40.97 s.
[20260604 04:30:14 @multi_evo_agent_runner.py:99] Evaluation time: 2.07 s.
[20260604 04:30:14 @multi_evo_agent_runner.py:105] Total time:     521.69 min
[20260604 04:30:14 @multi_evo_agent_runner.py:115] Agent_0 gets eval reward: 157.56.
[20260604 04:30:14 @multi_evo_agent_runner.py:116] Agent_0 gets win rate: 0.31.
[20260604 04:30:14 @multi_evo_agent_runner.py:115] Agent_1 gets eval reward: -267.82.
[20260604 04:30:14 @multi_evo_agent_runner.py:116] Agent_1 gets win rate: 0.25.
[20260604 04:30:14 @multi_evo_agent_runner.py:79] #------------------------ Iteration 515 --------------------------#
[20260604 04:30:28 @multi_evo_agent_runner.py:85] Sampling 50000 steps by 12 slaves, spending 13.68 s.
[20260604 04:31:18 @multi_evo_agent_runner.py:94] Policy update, spending: 50.16 s.
[20260604 04:31:20 @multi_evo_agent_runner.py:99] Evaluation time: 2.09 s.
[20260604 04:31:20 @multi_evo_agent_runner.py:105] Total time:     522.79 min
[20260604 04:31:20 @multi_evo_agent_runner.py:115] Agent_0 gets eval reward: 287.71.
[20260604 04:31:20 @multi_evo_agent_runner.py:116] Agent_0 gets win rate: 0.26.
[20260604 04:31:20 @multi_evo_agent_runner.py:115] Agent_1 gets eval reward: -666.98.
[20260604 04:31:20 @multi_evo_agent_runner.py:116] Agent_1 gets win rate: 0.04.
[20260604 04:31:21 @multi_evo_agent_runner.py:79] #------------------------ Iteration 516 --------------------------#
[20260604 04:31:33 @multi_evo_agent_runner.py:85] Sampling 50000 steps by 12 slaves, spending 12.63 s.
[20260604 04:32:10 @multi_evo_agent_runner.py:94] Policy update, spending: 37.31 s.
[20260604 04:32:12 @multi_evo_agent_runner.py:99] Evaluation time: 1.99 s.
[20260604 04:32:12 @multi_evo_agent_runner.py:105] Total time:     523.66 min
[20260604 04:32:13 @multi_evo_agent_runner.py:115] Agent_0 gets eval reward: 409.67.
[20260604 04:32:13 @multi_evo_agent_runner.py:116] Agent_0 gets win rate: 0.12.
[20260604 04:32:13 @multi_evo_agent_runner.py:115] Agent_1 gets eval reward: 5.42.
[20260604 04:32:13 @multi_evo_agent_runner.py:116] Agent_1 gets win rate: 0.19.
[20260604 04:32:13 @multi_evo_agent_runner.py:79] #------------------------ Iteration 517 --------------------------#
[20260604 04:32:25 @multi_evo_agent_runner.py:85] Sampling 50000 steps by 12 slaves, spending 12.73 s.
[20260604 04:33:05 @multi_evo_agent_runner.py:94] Policy update, spending: 39.33 s.
[20260604 04:33:07 @multi_evo_agent_runner.py:99] Evaluation time: 2.08 s.
[20260604 04:33:07 @multi_evo_agent_runner.py:105] Total time:     524.56 min
[20260604 04:33:07 @multi_evo_agent_runner.py:115] Agent_0 gets eval reward: 333.60.
[20260604 04:33:07 @multi_evo_agent_runner.py:116] Agent_0 gets win rate: 0.27.
[20260604 04:33:07 @multi_evo_agent_runner.py:115] Agent_1 gets eval reward: -296.46.
[20260604 04:33:07 @multi_evo_agent_runner.py:116] Agent_1 gets win rate: 0.17.
[20260604 04:33:07 @multi_evo_agent_runner.py:79] #------------------------ Iteration 518 --------------------------#
[20260604 04:33:22 @multi_evo_agent_runner.py:85] Sampling 50000 steps by 12 slaves, spending 15.21 s.
[20260604 04:33:58 @multi_evo_agent_runner.py:94] Policy update, spending: 35.67 s.
[20260604 04:34:00 @multi_evo_agent_runner.py:99] Evaluation time: 1.75 s.
[20260604 04:34:00 @multi_evo_agent_runner.py:105] Total time:     525.45 min
[20260604 04:34:00 @multi_evo_agent_runner.py:115] Agent_0 gets eval reward: 372.95.
[20260604 04:34:00 @multi_evo_agent_runner.py:116] Agent_0 gets win rate: 0.31.
[20260604 04:34:00 @multi_evo_agent_runner.py:115] Agent_1 gets eval reward: -546.88.
[20260604 04:34:00 @multi_evo_agent_runner.py:116] Agent_1 gets win rate: 0.04.
[20260604 04:34:00 @multi_evo_agent_runner.py:79] #------------------------ Iteration 519 --------------------------#
[20260604 04:34:13 @multi_evo_agent_runner.py:85] Sampling 50000 steps by 12 slaves, spending 13.40 s.
[20260604 04:35:10 @multi_evo_agent_runner.py:94] Policy update, spending: 56.69 s.
[20260604 04:35:12 @multi_evo_agent_runner.py:99] Evaluation time: 1.88 s.
[20260604 04:35:12 @multi_evo_agent_runner.py:105] Total time:     526.65 min
[20260604 04:35:12 @multi_evo_agent_runner.py:115] Agent_0 gets eval reward: 667.52.
[20260604 04:35:12 @multi_evo_agent_runner.py:116] Agent_0 gets win rate: 0.30.
[20260604 04:35:12 @multi_evo_agent_runner.py:115] Agent_1 gets eval reward: -332.00.
[20260604 04:35:12 @multi_evo_agent_runner.py:116] Agent_1 gets win rate: 0.13.
[20260604 04:35:12 @multi_evo_agent_runner.py:79] #------------------------ Iteration 520 --------------------------#
[20260604 04:35:25 @multi_evo_agent_runner.py:85] Sampling 50000 steps by 12 slaves, spending 12.60 s.
[20260604 04:36:01 @multi_evo_agent_runner.py:94] Policy update, spending: 36.53 s.
[20260604 04:36:03 @multi_evo_agent_runner.py:99] Evaluation time: 2.21 s.
[20260604 04:36:03 @multi_evo_agent_runner.py:105] Total time:     527.51 min
[20260604 04:36:03 @multi_evo_agent_runner.py:115] Agent_0 gets eval reward: 789.63.
[20260604 04:36:03 @multi_evo_agent_runner.py:116] Agent_0 gets win rate: 0.48.
[20260604 04:36:03 @multi_evo_agent_runner.py:115] Agent_1 gets eval reward: -711.51.
[20260604 04:36:03 @multi_evo_agent_runner.py:116] Agent_1 gets win rate: 0.07.
[20260604 04:36:04 @multi_evo_agent_runner.py:79] #------------------------ Iteration 521 --------------------------#
[20260604 04:36:17 @multi_evo_agent_runner.py:85] Sampling 50000 steps by 12 slaves, spending 13.44 s.
[20260604 04:37:13 @multi_evo_agent_runner.py:94] Policy update, spending: 55.78 s.
[20260604 04:37:15 @multi_evo_agent_runner.py:99] Evaluation time: 1.97 s.
[20260604 04:37:15 @multi_evo_agent_runner.py:105] Total time:     528.70 min
[20260604 04:37:15 @multi_evo_agent_runner.py:115] Agent_0 gets eval reward: 923.95.
[20260604 04:37:15 @multi_evo_agent_runner.py:116] Agent_0 gets win rate: 0.48.
[20260604 04:37:15 @multi_evo_agent_runner.py:115] Agent_1 gets eval reward: -567.56.
[20260604 04:37:15 @multi_evo_agent_runner.py:116] Agent_1 gets win rate: 0.06.
[20260604 04:37:15 @multi_evo_agent_runner.py:79] #------------------------ Iteration 522 --------------------------#
[20260604 04:37:30 @multi_evo_agent_runner.py:85] Sampling 50000 steps by 12 slaves, spending 15.31 s.
[20260604 04:38:08 @multi_evo_agent_runner.py:94] Policy update, spending: 37.74 s.
[20260604 04:38:10 @multi_evo_agent_runner.py:99] Evaluation time: 1.79 s.
[20260604 04:38:10 @multi_evo_agent_runner.py:105] Total time:     529.61 min
[20260604 04:38:10 @multi_evo_agent_runner.py:115] Agent_0 gets eval reward: 642.73.
[20260604 04:38:10 @multi_evo_agent_runner.py:116] Agent_0 gets win rate: 0.32.
[20260604 04:38:10 @multi_evo_agent_runner.py:115] Agent_1 gets eval reward: -138.05.
[20260604 04:38:10 @multi_evo_agent_runner.py:116] Agent_1 gets win rate: 0.23.
[20260604 04:38:10 @multi_evo_agent_runner.py:79] #------------------------ Iteration 523 --------------------------#
[20260604 04:38:22 @multi_evo_agent_runner.py:85] Sampling 50000 steps by 12 slaves, spending 12.46 s.
[20260604 04:39:01 @multi_evo_agent_runner.py:94] Policy update, spending: 38.60 s.
[20260604 04:39:03 @multi_evo_agent_runner.py:99] Evaluation time: 2.07 s.
[20260604 04:39:03 @multi_evo_agent_runner.py:105] Total time:     530.50 min
[20260604 04:39:03 @multi_evo_agent_runner.py:115] Agent_0 gets eval reward: 577.95.
[20260604 04:39:03 @multi_evo_agent_runner.py:116] Agent_0 gets win rate: 0.29.
[20260604 04:39:03 @multi_evo_agent_runner.py:115] Agent_1 gets eval reward: -205.22.
[20260604 04:39:03 @multi_evo_agent_runner.py:116] Agent_1 gets win rate: 0.23.
[20260604 04:39:03 @multi_evo_agent_runner.py:79] #------------------------ Iteration 524 --------------------------#
[20260604 04:39:16 @multi_evo_agent_runner.py:85] Sampling 50000 steps by 12 slaves, spending 13.15 s.
[20260604 04:39:54 @multi_evo_agent_runner.py:94] Policy update, spending: 37.94 s.
[20260604 04:39:57 @multi_evo_agent_runner.py:99] Evaluation time: 2.42 s.
[20260604 04:39:57 @multi_evo_agent_runner.py:105] Total time:     531.40 min
[20260604 04:39:57 @multi_evo_agent_runner.py:115] Agent_0 gets eval reward: 374.43.
[20260604 04:39:57 @multi_evo_agent_runner.py:116] Agent_0 gets win rate: 0.21.
[20260604 04:39:57 @multi_evo_agent_runner.py:115] Agent_1 gets eval reward: -334.87.
[20260604 04:39:57 @multi_evo_agent_runner.py:116] Agent_1 gets win rate: 0.18.
[20260604 04:39:57 @multi_evo_agent_runner.py:79] #------------------------ Iteration 525 --------------------------#
[20260604 04:40:10 @multi_evo_agent_runner.py:85] Sampling 50000 steps by 12 slaves, spending 12.96 s.
[20260604 04:41:05 @multi_evo_agent_runner.py:94] Policy update, spending: 54.96 s.
[20260604 04:41:07 @multi_evo_agent_runner.py:99] Evaluation time: 1.92 s.
[20260604 04:41:07 @multi_evo_agent_runner.py:105] Total time:     532.56 min
[20260604 04:41:07 @multi_evo_agent_runner.py:115] Agent_0 gets eval reward: 286.51.
[20260604 04:41:07 @multi_evo_agent_runner.py:116] Agent_0 gets win rate: 0.27.
[20260604 04:41:07 @multi_evo_agent_runner.py:115] Agent_1 gets eval reward: -427.02.
[20260604 04:41:07 @multi_evo_agent_runner.py:116] Agent_1 gets win rate: 0.17.
[20260604 04:41:07 @multi_evo_agent_runner.py:79] #------------------------ Iteration 526 --------------------------#
[20260604 04:41:23 @multi_evo_agent_runner.py:85] Sampling 50000 steps by 12 slaves, spending 16.11 s.
[20260604 04:42:01 @multi_evo_agent_runner.py:94] Policy update, spending: 38.02 s.
[20260604 04:42:03 @multi_evo_agent_runner.py:99] Evaluation time: 2.02 s.
[20260604 04:42:03 @multi_evo_agent_runner.py:105] Total time:     533.50 min
[20260604 04:42:03 @multi_evo_agent_runner.py:115] Agent_0 gets eval reward: 168.65.
[20260604 04:42:03 @multi_evo_agent_runner.py:116] Agent_0 gets win rate: 0.32.
[20260604 04:42:03 @multi_evo_agent_runner.py:115] Agent_1 gets eval reward: -127.21.
[20260604 04:42:03 @multi_evo_agent_runner.py:116] Agent_1 gets win rate: 0.32.
[20260604 04:42:03 @multi_evo_agent_runner.py:79] #------------------------ Iteration 527 --------------------------#
[20260604 04:42:16 @multi_evo_agent_runner.py:85] Sampling 50000 steps by 12 slaves, spending 12.99 s.
[20260604 04:43:12 @multi_evo_agent_runner.py:94] Policy update, spending: 55.58 s.
[20260604 04:43:14 @multi_evo_agent_runner.py:99] Evaluation time: 2.13 s.
[20260604 04:43:14 @multi_evo_agent_runner.py:105] Total time:     534.68 min
[20260604 04:43:14 @multi_evo_agent_runner.py:115] Agent_0 gets eval reward: 624.67.
[20260604 04:43:14 @multi_evo_agent_runner.py:116] Agent_0 gets win rate: 0.31.
[20260604 04:43:14 @multi_evo_agent_runner.py:115] Agent_1 gets eval reward: -361.80.
[20260604 04:43:14 @multi_evo_agent_runner.py:116] Agent_1 gets win rate: 0.12.
[20260604 04:43:14 @multi_evo_agent_runner.py:79] #------------------------ Iteration 528 --------------------------#
[20260604 04:43:27 @multi_evo_agent_runner.py:85] Sampling 50000 steps by 12 slaves, spending 12.47 s.
[20260604 04:44:04 @multi_evo_agent_runner.py:94] Policy update, spending: 37.86 s.
[20260604 04:44:06 @multi_evo_agent_runner.py:99] Evaluation time: 2.09 s.
[20260604 04:44:06 @multi_evo_agent_runner.py:105] Total time:     535.56 min
[20260604 04:44:07 @multi_evo_agent_runner.py:115] Agent_0 gets eval reward: 861.69.
[20260604 04:44:07 @multi_evo_agent_runner.py:116] Agent_0 gets win rate: 0.58.
[20260604 04:44:07 @multi_evo_agent_runner.py:115] Agent_1 gets eval reward: -584.17.
[20260604 04:44:07 @multi_evo_agent_runner.py:116] Agent_1 gets win rate: 0.15.
[20260604 04:44:07 @multi_evo_agent_runner.py:79] #------------------------ Iteration 529 --------------------------#
[20260604 04:44:19 @multi_evo_agent_runner.py:85] Sampling 50000 steps by 12 slaves, spending 12.55 s.
[20260604 04:45:17 @multi_evo_agent_runner.py:94] Policy update, spending: 57.97 s.
[20260604 04:45:19 @multi_evo_agent_runner.py:99] Evaluation time: 1.83 s.
[20260604 04:45:19 @multi_evo_agent_runner.py:105] Total time:     536.77 min
[20260604 04:45:19 @multi_evo_agent_runner.py:115] Agent_0 gets eval reward: 441.68.
[20260604 04:45:19 @multi_evo_agent_runner.py:116] Agent_0 gets win rate: 0.30.
[20260604 04:45:19 @multi_evo_agent_runner.py:115] Agent_1 gets eval reward: -189.24.
[20260604 04:45:19 @multi_evo_agent_runner.py:116] Agent_1 gets win rate: 0.23.
[20260604 04:45:19 @multi_evo_agent_runner.py:79] #------------------------ Iteration 530 --------------------------#
[20260604 04:45:34 @multi_evo_agent_runner.py:85] Sampling 50000 steps by 12 slaves, spending 14.71 s.
[20260604 04:46:10 @multi_evo_agent_runner.py:94] Policy update, spending: 36.29 s.
[20260604 04:46:12 @multi_evo_agent_runner.py:99] Evaluation time: 1.98 s.
[20260604 04:46:12 @multi_evo_agent_runner.py:105] Total time:     537.65 min
[20260604 04:46:12 @multi_evo_agent_runner.py:115] Agent_0 gets eval reward: 584.35.
[20260604 04:46:12 @multi_evo_agent_runner.py:116] Agent_0 gets win rate: 0.32.
[20260604 04:46:12 @multi_evo_agent_runner.py:115] Agent_1 gets eval reward: -313.37.
[20260604 04:46:12 @multi_evo_agent_runner.py:116] Agent_1 gets win rate: 0.23.
[20260604 04:46:12 @multi_evo_agent_runner.py:79] #------------------------ Iteration 531 --------------------------#
[20260604 04:46:26 @multi_evo_agent_runner.py:85] Sampling 50000 steps by 12 slaves, spending 13.94 s.
[20260604 04:47:06 @multi_evo_agent_runner.py:94] Policy update, spending: 39.65 s.
[20260604 04:47:08 @multi_evo_agent_runner.py:99] Evaluation time: 1.75 s.
[20260604 04:47:08 @multi_evo_agent_runner.py:105] Total time:     538.58 min
[20260604 04:47:08 @multi_evo_agent_runner.py:115] Agent_0 gets eval reward: 354.41.
[20260604 04:47:08 @multi_evo_agent_runner.py:116] Agent_0 gets win rate: 0.19.
[20260604 04:47:08 @multi_evo_agent_runner.py:115] Agent_1 gets eval reward: -200.29.
[20260604 04:47:08 @multi_evo_agent_runner.py:116] Agent_1 gets win rate: 0.23.
[20260604 04:47:08 @multi_evo_agent_runner.py:79] #------------------------ Iteration 532 --------------------------#
[20260604 04:47:22 @multi_evo_agent_runner.py:85] Sampling 50000 steps by 12 slaves, spending 13.79 s.
[20260604 04:47:59 @multi_evo_agent_runner.py:94] Policy update, spending: 37.18 s.
[20260604 04:48:01 @multi_evo_agent_runner.py:99] Evaluation time: 2.10 s.
[20260604 04:48:01 @multi_evo_agent_runner.py:105] Total time:     539.47 min
[20260604 04:48:01 @multi_evo_agent_runner.py:115] Agent_0 gets eval reward: 437.68.
[20260604 04:48:01 @multi_evo_agent_runner.py:116] Agent_0 gets win rate: 0.30.
[20260604 04:48:01 @multi_evo_agent_runner.py:115] Agent_1 gets eval reward: -381.59.
[20260604 04:48:01 @multi_evo_agent_runner.py:116] Agent_1 gets win rate: 0.17.
[20260604 04:48:01 @multi_evo_agent_runner.py:79] #------------------------ Iteration 533 --------------------------#
[20260604 04:48:13 @multi_evo_agent_runner.py:85] Sampling 50000 steps by 12 slaves, spending 12.28 s.
[20260604 04:49:05 @multi_evo_agent_runner.py:94] Policy update, spending: 51.74 s.
[20260604 04:49:07 @multi_evo_agent_runner.py:99] Evaluation time: 1.80 s.
[20260604 04:49:07 @multi_evo_agent_runner.py:105] Total time:     540.57 min
[20260604 04:49:07 @multi_evo_agent_runner.py:115] Agent_0 gets eval reward: 771.70.
[20260604 04:49:07 @multi_evo_agent_runner.py:116] Agent_0 gets win rate: 0.30.
[20260604 04:49:07 @multi_evo_agent_runner.py:115] Agent_1 gets eval reward: -600.20.
[20260604 04:49:07 @multi_evo_agent_runner.py:116] Agent_1 gets win rate: 0.07.
[20260604 04:49:07 @multi_evo_agent_runner.py:79] #------------------------ Iteration 534 --------------------------#
[20260604 04:49:23 @multi_evo_agent_runner.py:85] Sampling 50000 steps by 12 slaves, spending 15.44 s.
[20260604 04:49:59 @multi_evo_agent_runner.py:94] Policy update, spending: 36.27 s.
[20260604 04:50:01 @multi_evo_agent_runner.py:99] Evaluation time: 1.77 s.
[20260604 04:50:01 @multi_evo_agent_runner.py:105] Total time:     541.46 min
[20260604 04:50:01 @multi_evo_agent_runner.py:115] Agent_0 gets eval reward: 572.49.
[20260604 04:50:01 @multi_evo_agent_runner.py:116] Agent_0 gets win rate: 0.31.
[20260604 04:50:01 @multi_evo_agent_runner.py:115] Agent_1 gets eval reward: -539.30.
[20260604 04:50:01 @multi_evo_agent_runner.py:116] Agent_1 gets win rate: 0.19.
[20260604 04:50:01 @multi_evo_agent_runner.py:79] #------------------------ Iteration 535 --------------------------#
[20260604 04:50:15 @multi_evo_agent_runner.py:85] Sampling 50000 steps by 12 slaves, spending 13.81 s.
[20260604 04:50:52 @multi_evo_agent_runner.py:94] Policy update, spending: 37.87 s.
[20260604 04:50:54 @multi_evo_agent_runner.py:99] Evaluation time: 1.91 s.
[20260604 04:50:54 @multi_evo_agent_runner.py:105] Total time:     542.36 min
[20260604 04:50:54 @multi_evo_agent_runner.py:115] Agent_0 gets eval reward: 499.98.
[20260604 04:50:54 @multi_evo_agent_runner.py:116] Agent_0 gets win rate: 0.26.
[20260604 04:50:54 @multi_evo_agent_runner.py:115] Agent_1 gets eval reward: -368.44.
[20260604 04:50:54 @multi_evo_agent_runner.py:116] Agent_1 gets win rate: 0.15.
[20260604 04:50:55 @multi_evo_agent_runner.py:79] #------------------------ Iteration 536 --------------------------#
[20260604 04:51:07 @multi_evo_agent_runner.py:85] Sampling 50000 steps by 12 slaves, spending 11.98 s.
[20260604 04:51:44 @multi_evo_agent_runner.py:94] Policy update, spending: 37.83 s.
[20260604 04:51:47 @multi_evo_agent_runner.py:99] Evaluation time: 2.54 s.
[20260604 04:51:47 @multi_evo_agent_runner.py:105] Total time:     543.23 min
[20260604 04:51:47 @multi_evo_agent_runner.py:115] Agent_0 gets eval reward: 512.51.
[20260604 04:51:47 @multi_evo_agent_runner.py:116] Agent_0 gets win rate: 0.26.
[20260604 04:51:47 @multi_evo_agent_runner.py:115] Agent_1 gets eval reward: -633.61.
[20260604 04:51:47 @multi_evo_agent_runner.py:116] Agent_1 gets win rate: 0.04.
[20260604 04:51:47 @multi_evo_agent_runner.py:79] #------------------------ Iteration 537 --------------------------#
[20260604 04:51:59 @multi_evo_agent_runner.py:85] Sampling 50000 steps by 12 slaves, spending 12.15 s.
[20260604 04:52:36 @multi_evo_agent_runner.py:94] Policy update, spending: 36.51 s.
[20260604 04:52:37 @multi_evo_agent_runner.py:99] Evaluation time: 1.63 s.
[20260604 04:52:37 @multi_evo_agent_runner.py:105] Total time:     544.07 min
[20260604 04:52:37 @multi_evo_agent_runner.py:115] Agent_0 gets eval reward: 69.73.
[20260604 04:52:37 @multi_evo_agent_runner.py:116] Agent_0 gets win rate: 0.15.
[20260604 04:52:37 @multi_evo_agent_runner.py:115] Agent_1 gets eval reward: -310.32.
[20260604 04:52:37 @multi_evo_agent_runner.py:116] Agent_1 gets win rate: 0.15.
[20260604 04:52:38 @multi_evo_agent_runner.py:79] #------------------------ Iteration 538 --------------------------#
[20260604 04:52:52 @multi_evo_agent_runner.py:85] Sampling 50000 steps by 12 slaves, spending 14.77 s.
[20260604 04:53:31 @multi_evo_agent_runner.py:94] Policy update, spending: 38.56 s.
[20260604 04:53:33 @multi_evo_agent_runner.py:99] Evaluation time: 1.72 s.
[20260604 04:53:33 @multi_evo_agent_runner.py:105] Total time:     544.99 min
[20260604 04:53:33 @multi_evo_agent_runner.py:115] Agent_0 gets eval reward: 395.47.
[20260604 04:53:33 @multi_evo_agent_runner.py:116] Agent_0 gets win rate: 0.26.
[20260604 04:53:33 @multi_evo_agent_runner.py:115] Agent_1 gets eval reward: -173.39.
[20260604 04:53:33 @multi_evo_agent_runner.py:116] Agent_1 gets win rate: 0.13.
[20260604 04:53:33 @multi_evo_agent_runner.py:79] #------------------------ Iteration 539 --------------------------#
[20260604 04:53:46 @multi_evo_agent_runner.py:85] Sampling 50000 steps by 12 slaves, spending 13.55 s.
[20260604 04:54:24 @multi_evo_agent_runner.py:94] Policy update, spending: 37.36 s.
[20260604 04:54:25 @multi_evo_agent_runner.py:99] Evaluation time: 1.67 s.
[20260604 04:54:25 @multi_evo_agent_runner.py:105] Total time:     545.87 min
[20260604 04:54:25 @multi_evo_agent_runner.py:115] Agent_0 gets eval reward: 600.24.
[20260604 04:54:25 @multi_evo_agent_runner.py:116] Agent_0 gets win rate: 0.32.
[20260604 04:54:25 @multi_evo_agent_runner.py:115] Agent_1 gets eval reward: -630.30.
[20260604 04:54:25 @multi_evo_agent_runner.py:116] Agent_1 gets win rate: 0.00.
[20260604 04:54:25 @multi_evo_agent_runner.py:79] #------------------------ Iteration 540 --------------------------#
[20260604 04:54:38 @multi_evo_agent_runner.py:85] Sampling 50000 steps by 12 slaves, spending 12.77 s.
[20260604 04:55:17 @multi_evo_agent_runner.py:94] Policy update, spending: 38.74 s.
[20260604 04:55:19 @multi_evo_agent_runner.py:99] Evaluation time: 2.44 s.
[20260604 04:55:19 @multi_evo_agent_runner.py:105] Total time:     546.77 min
[20260604 04:55:20 @multi_evo_agent_runner.py:115] Agent_0 gets eval reward: 140.88.
[20260604 04:55:20 @multi_evo_agent_runner.py:116] Agent_0 gets win rate: 0.19.
[20260604 04:55:20 @multi_evo_agent_runner.py:115] Agent_1 gets eval reward: -189.56.
[20260604 04:55:20 @multi_evo_agent_runner.py:116] Agent_1 gets win rate: 0.15.
[20260604 04:55:20 @multi_evo_agent_runner.py:79] #------------------------ Iteration 541 --------------------------#
[20260604 04:55:34 @multi_evo_agent_runner.py:85] Sampling 50000 steps by 12 slaves, spending 13.83 s.
[20260604 04:56:28 @multi_evo_agent_runner.py:94] Policy update, spending: 54.44 s.
[20260604 04:56:30 @multi_evo_agent_runner.py:99] Evaluation time: 1.92 s.
[20260604 04:56:30 @multi_evo_agent_runner.py:105] Total time:     547.95 min
[20260604 04:56:30 @multi_evo_agent_runner.py:115] Agent_0 gets eval reward: 673.58.
[20260604 04:56:30 @multi_evo_agent_runner.py:116] Agent_0 gets win rate: 0.41.
[20260604 04:56:30 @multi_evo_agent_runner.py:115] Agent_1 gets eval reward: -641.11.
[20260604 04:56:30 @multi_evo_agent_runner.py:116] Agent_1 gets win rate: 0.06.
[20260604 04:56:30 @multi_evo_agent_runner.py:79] #------------------------ Iteration 542 --------------------------#
[20260604 04:56:47 @multi_evo_agent_runner.py:85] Sampling 50000 steps by 12 slaves, spending 16.93 s.
[20260604 04:57:24 @multi_evo_agent_runner.py:94] Policy update, spending: 36.54 s.
[20260604 04:57:26 @multi_evo_agent_runner.py:99] Evaluation time: 1.95 s.
[20260604 04:57:26 @multi_evo_agent_runner.py:105] Total time:     548.88 min
[20260604 04:57:26 @multi_evo_agent_runner.py:115] Agent_0 gets eval reward: 626.09.
[20260604 04:57:26 @multi_evo_agent_runner.py:116] Agent_0 gets win rate: 0.37.
[20260604 04:57:26 @multi_evo_agent_runner.py:115] Agent_1 gets eval reward: -437.42.
[20260604 04:57:26 @multi_evo_agent_runner.py:116] Agent_1 gets win rate: 0.15.
[20260604 04:57:26 @multi_evo_agent_runner.py:79] #------------------------ Iteration 543 --------------------------#
[20260604 04:57:39 @multi_evo_agent_runner.py:85] Sampling 50000 steps by 12 slaves, spending 13.41 s.
[20260604 04:58:35 @multi_evo_agent_runner.py:94] Policy update, spending: 55.59 s.
[20260604 04:58:37 @multi_evo_agent_runner.py:99] Evaluation time: 1.97 s.
[20260604 04:58:37 @multi_evo_agent_runner.py:105] Total time:     550.06 min
[20260604 04:58:37 @multi_evo_agent_runner.py:115] Agent_0 gets eval reward: 622.19.
[20260604 04:58:37 @multi_evo_agent_runner.py:116] Agent_0 gets win rate: 0.36.
[20260604 04:58:37 @multi_evo_agent_runner.py:115] Agent_1 gets eval reward: -518.42.
[20260604 04:58:37 @multi_evo_agent_runner.py:116] Agent_1 gets win rate: 0.04.
[20260604 04:58:37 @multi_evo_agent_runner.py:79] #------------------------ Iteration 544 --------------------------#
[20260604 04:58:50 @multi_evo_agent_runner.py:85] Sampling 50000 steps by 12 slaves, spending 13.16 s.
[20260604 04:59:26 @multi_evo_agent_runner.py:94] Policy update, spending: 36.31 s.
[20260604 04:59:29 @multi_evo_agent_runner.py:99] Evaluation time: 2.34 s.
[20260604 04:59:29 @multi_evo_agent_runner.py:105] Total time:     550.93 min
[20260604 04:59:29 @multi_evo_agent_runner.py:115] Agent_0 gets eval reward: 583.51.
[20260604 04:59:29 @multi_evo_agent_runner.py:116] Agent_0 gets win rate: 0.33.
[20260604 04:59:29 @multi_evo_agent_runner.py:115] Agent_1 gets eval reward: -524.52.
[20260604 04:59:29 @multi_evo_agent_runner.py:116] Agent_1 gets win rate: 0.07.
[20260604 04:59:29 @multi_evo_agent_runner.py:79] #------------------------ Iteration 545 --------------------------#
[20260604 04:59:41 @multi_evo_agent_runner.py:85] Sampling 50000 steps by 12 slaves, spending 11.90 s.
[20260604 05:00:26 @multi_evo_agent_runner.py:94] Policy update, spending: 45.42 s.
[20260604 05:00:28 @multi_evo_agent_runner.py:99] Evaluation time: 2.12 s.
[20260604 05:00:28 @multi_evo_agent_runner.py:105] Total time:     551.92 min
[20260604 05:00:28 @multi_evo_agent_runner.py:115] Agent_0 gets eval reward: 306.75.
[20260604 05:00:28 @multi_evo_agent_runner.py:116] Agent_0 gets win rate: 0.40.
[20260604 05:00:28 @multi_evo_agent_runner.py:115] Agent_1 gets eval reward: -287.77.
[20260604 05:00:28 @multi_evo_agent_runner.py:116] Agent_1 gets win rate: 0.31.
[20260604 05:00:29 @multi_evo_agent_runner.py:79] #------------------------ Iteration 546 --------------------------#
[20260604 05:00:45 @multi_evo_agent_runner.py:85] Sampling 50000 steps by 12 slaves, spending 16.53 s.
[20260604 05:01:22 @multi_evo_agent_runner.py:94] Policy update, spending: 37.26 s.
[20260604 05:01:24 @multi_evo_agent_runner.py:99] Evaluation time: 2.12 s.
[20260604 05:01:24 @multi_evo_agent_runner.py:105] Total time:     552.86 min
[20260604 05:01:25 @multi_evo_agent_runner.py:115] Agent_0 gets eval reward: -23.53.
[20260604 05:01:25 @multi_evo_agent_runner.py:116] Agent_0 gets win rate: 0.19.
[20260604 05:01:25 @multi_evo_agent_runner.py:115] Agent_1 gets eval reward: -109.46.
[20260604 05:01:25 @multi_evo_agent_runner.py:116] Agent_1 gets win rate: 0.23.
[20260604 05:01:25 @multi_evo_agent_runner.py:79] #------------------------ Iteration 547 --------------------------#
[20260604 05:01:39 @multi_evo_agent_runner.py:85] Sampling 50000 steps by 12 slaves, spending 14.07 s.
[20260604 05:02:32 @multi_evo_agent_runner.py:94] Policy update, spending: 53.46 s.
[20260604 05:02:34 @multi_evo_agent_runner.py:99] Evaluation time: 2.03 s.
[20260604 05:02:34 @multi_evo_agent_runner.py:105] Total time:     554.02 min
[20260604 05:02:34 @multi_evo_agent_runner.py:115] Agent_0 gets eval reward: 378.17.
[20260604 05:02:34 @multi_evo_agent_runner.py:116] Agent_0 gets win rate: 0.22.
[20260604 05:02:34 @multi_evo_agent_runner.py:115] Agent_1 gets eval reward: -243.86.
[20260604 05:02:34 @multi_evo_agent_runner.py:116] Agent_1 gets win rate: 0.19.
[20260604 05:02:34 @multi_evo_agent_runner.py:79] #------------------------ Iteration 548 --------------------------#
[20260604 05:02:47 @multi_evo_agent_runner.py:85] Sampling 50000 steps by 12 slaves, spending 13.08 s.
[20260604 05:03:25 @multi_evo_agent_runner.py:94] Policy update, spending: 37.37 s.
[20260604 05:03:27 @multi_evo_agent_runner.py:99] Evaluation time: 1.76 s.
[20260604 05:03:27 @multi_evo_agent_runner.py:105] Total time:     554.89 min
[20260604 05:03:27 @multi_evo_agent_runner.py:115] Agent_0 gets eval reward: 382.99.
[20260604 05:03:27 @multi_evo_agent_runner.py:116] Agent_0 gets win rate: 0.33.
[20260604 05:03:27 @multi_evo_agent_runner.py:115] Agent_1 gets eval reward: -480.43.
[20260604 05:03:27 @multi_evo_agent_runner.py:116] Agent_1 gets win rate: 0.13.
[20260604 05:03:27 @multi_evo_agent_runner.py:79] #------------------------ Iteration 549 --------------------------#
[20260604 05:03:39 @multi_evo_agent_runner.py:85] Sampling 50000 steps by 12 slaves, spending 12.09 s.
[20260604 05:04:26 @multi_evo_agent_runner.py:94] Policy update, spending: 46.73 s.
[20260604 05:04:27 @multi_evo_agent_runner.py:99] Evaluation time: 1.65 s.
[20260604 05:04:27 @multi_evo_agent_runner.py:105] Total time:     555.90 min
[20260604 05:04:27 @multi_evo_agent_runner.py:115] Agent_0 gets eval reward: -224.05.
[20260604 05:04:27 @multi_evo_agent_runner.py:116] Agent_0 gets win rate: 0.04.
[20260604 05:04:27 @multi_evo_agent_runner.py:115] Agent_1 gets eval reward: -370.53.
[20260604 05:04:27 @multi_evo_agent_runner.py:116] Agent_1 gets win rate: 0.17.
[20260604 05:04:27 @multi_evo_agent_runner.py:79] #------------------------ Iteration 550 --------------------------#
[20260604 05:04:43 @multi_evo_agent_runner.py:85] Sampling 50000 steps by 12 slaves, spending 15.96 s.
[20260604 05:05:20 @multi_evo_agent_runner.py:94] Policy update, spending: 36.40 s.
[20260604 05:05:22 @multi_evo_agent_runner.py:99] Evaluation time: 2.15 s.
[20260604 05:05:22 @multi_evo_agent_runner.py:105] Total time:     556.82 min
[20260604 05:05:22 @multi_evo_agent_runner.py:115] Agent_0 gets eval reward: 400.46.
[20260604 05:05:22 @multi_evo_agent_runner.py:116] Agent_0 gets win rate: 0.33.
[20260604 05:05:22 @multi_evo_agent_runner.py:115] Agent_1 gets eval reward: -332.61.
[20260604 05:05:22 @multi_evo_agent_runner.py:116] Agent_1 gets win rate: 0.24.
[20260604 05:05:22 @multi_evo_agent_runner.py:79] #------------------------ Iteration 551 --------------------------#
[20260604 05:05:35 @multi_evo_agent_runner.py:85] Sampling 50000 steps by 12 slaves, spending 13.26 s.
[20260604 05:06:12 @multi_evo_agent_runner.py:94] Policy update, spending: 36.49 s.
[20260604 05:06:14 @multi_evo_agent_runner.py:99] Evaluation time: 1.73 s.
[20260604 05:06:14 @multi_evo_agent_runner.py:105] Total time:     557.68 min
[20260604 05:06:14 @multi_evo_agent_runner.py:115] Agent_0 gets eval reward: 448.21.
[20260604 05:06:14 @multi_evo_agent_runner.py:116] Agent_0 gets win rate: 0.42.
[20260604 05:06:14 @multi_evo_agent_runner.py:115] Agent_1 gets eval reward: -683.32.
[20260604 05:06:14 @multi_evo_agent_runner.py:116] Agent_1 gets win rate: 0.15.
[20260604 05:06:14 @multi_evo_agent_runner.py:79] #------------------------ Iteration 552 --------------------------#
[20260604 05:06:26 @multi_evo_agent_runner.py:85] Sampling 50000 steps by 12 slaves, spending 12.13 s.
[20260604 05:07:06 @multi_evo_agent_runner.py:94] Policy update, spending: 40.30 s.
[20260604 05:07:09 @multi_evo_agent_runner.py:99] Evaluation time: 2.82 s.
[20260604 05:07:09 @multi_evo_agent_runner.py:105] Total time:     558.60 min
[20260604 05:07:09 @multi_evo_agent_runner.py:115] Agent_0 gets eval reward: 589.66.
[20260604 05:07:09 @multi_evo_agent_runner.py:116] Agent_0 gets win rate: 0.29.
[20260604 05:07:09 @multi_evo_agent_runner.py:115] Agent_1 gets eval reward: -513.66.
[20260604 05:07:09 @multi_evo_agent_runner.py:116] Agent_1 gets win rate: 0.13.
[20260604 05:07:09 @multi_evo_agent_runner.py:79] #------------------------ Iteration 553 --------------------------#
[20260604 05:07:21 @multi_evo_agent_runner.py:85] Sampling 50000 steps by 12 slaves, spending 12.08 s.
[20260604 05:08:17 @multi_evo_agent_runner.py:94] Policy update, spending: 55.41 s.
[20260604 05:08:19 @multi_evo_agent_runner.py:99] Evaluation time: 1.90 s.
[20260604 05:08:19 @multi_evo_agent_runner.py:105] Total time:     559.76 min
[20260604 05:08:19 @multi_evo_agent_runner.py:115] Agent_0 gets eval reward: 261.33.
[20260604 05:08:19 @multi_evo_agent_runner.py:116] Agent_0 gets win rate: 0.37.
[20260604 05:08:19 @multi_evo_agent_runner.py:115] Agent_1 gets eval reward: -379.97.
[20260604 05:08:19 @multi_evo_agent_runner.py:116] Agent_1 gets win rate: 0.14.
[20260604 05:08:19 @multi_evo_agent_runner.py:79] #------------------------ Iteration 554 --------------------------#
[20260604 05:08:35 @multi_evo_agent_runner.py:85] Sampling 50000 steps by 12 slaves, spending 15.89 s.
[20260604 05:09:11 @multi_evo_agent_runner.py:94] Policy update, spending: 36.68 s.
[20260604 05:09:13 @multi_evo_agent_runner.py:99] Evaluation time: 1.96 s.
[20260604 05:09:13 @multi_evo_agent_runner.py:105] Total time:     560.67 min
[20260604 05:09:13 @multi_evo_agent_runner.py:115] Agent_0 gets eval reward: 58.55.
[20260604 05:09:13 @multi_evo_agent_runner.py:116] Agent_0 gets win rate: 0.04.
[20260604 05:09:13 @multi_evo_agent_runner.py:115] Agent_1 gets eval reward: -297.99.
[20260604 05:09:13 @multi_evo_agent_runner.py:116] Agent_1 gets win rate: 0.09.
[20260604 05:09:13 @multi_evo_agent_runner.py:79] #------------------------ Iteration 555 --------------------------#
[20260604 05:09:26 @multi_evo_agent_runner.py:85] Sampling 50000 steps by 12 slaves, spending 12.86 s.
[20260604 05:10:03 @multi_evo_agent_runner.py:94] Policy update, spending: 37.05 s.
[20260604 05:10:05 @multi_evo_agent_runner.py:99] Evaluation time: 1.84 s.
[20260604 05:10:05 @multi_evo_agent_runner.py:105] Total time:     561.54 min
[20260604 05:10:05 @multi_evo_agent_runner.py:115] Agent_0 gets eval reward: 369.18.
[20260604 05:10:05 @multi_evo_agent_runner.py:116] Agent_0 gets win rate: 0.24.
[20260604 05:10:05 @multi_evo_agent_runner.py:115] Agent_1 gets eval reward: -477.71.
[20260604 05:10:05 @multi_evo_agent_runner.py:116] Agent_1 gets win rate: 0.17.
[20260604 05:10:05 @multi_evo_agent_runner.py:79] #------------------------ Iteration 556 --------------------------#
[20260604 05:10:18 @multi_evo_agent_runner.py:85] Sampling 50000 steps by 12 slaves, spending 13.12 s.
[20260604 05:10:57 @multi_evo_agent_runner.py:94] Policy update, spending: 38.56 s.
[20260604 05:10:59 @multi_evo_agent_runner.py:99] Evaluation time: 2.39 s.
[20260604 05:10:59 @multi_evo_agent_runner.py:105] Total time:     562.44 min
[20260604 05:11:00 @multi_evo_agent_runner.py:115] Agent_0 gets eval reward: 624.85.
[20260604 05:11:00 @multi_evo_agent_runner.py:116] Agent_0 gets win rate: 0.35.
[20260604 05:11:00 @multi_evo_agent_runner.py:115] Agent_1 gets eval reward: -570.87.
[20260604 05:11:00 @multi_evo_agent_runner.py:116] Agent_1 gets win rate: 0.06.
[20260604 05:11:00 @multi_evo_agent_runner.py:79] #------------------------ Iteration 557 --------------------------#
[20260604 05:11:12 @multi_evo_agent_runner.py:85] Sampling 50000 steps by 12 slaves, spending 12.21 s.
[20260604 05:12:03 @multi_evo_agent_runner.py:94] Policy update, spending: 51.57 s.
[20260604 05:12:05 @multi_evo_agent_runner.py:99] Evaluation time: 1.78 s.
[20260604 05:12:05 @multi_evo_agent_runner.py:105] Total time:     563.54 min
[20260604 05:12:05 @multi_evo_agent_runner.py:115] Agent_0 gets eval reward: 307.90.
[20260604 05:12:05 @multi_evo_agent_runner.py:116] Agent_0 gets win rate: 0.27.
[20260604 05:12:05 @multi_evo_agent_runner.py:115] Agent_1 gets eval reward: -482.32.
[20260604 05:12:05 @multi_evo_agent_runner.py:116] Agent_1 gets win rate: 0.12.
[20260604 05:12:05 @multi_evo_agent_runner.py:79] #------------------------ Iteration 558 --------------------------#
[20260604 05:12:21 @multi_evo_agent_runner.py:85] Sampling 50000 steps by 12 slaves, spending 15.48 s.
[20260604 05:12:58 @multi_evo_agent_runner.py:94] Policy update, spending: 36.82 s.
[20260604 05:12:59 @multi_evo_agent_runner.py:99] Evaluation time: 1.73 s.
[20260604 05:12:59 @multi_evo_agent_runner.py:105] Total time:     564.44 min
[20260604 05:12:59 @multi_evo_agent_runner.py:115] Agent_0 gets eval reward: 143.13.
[20260604 05:12:59 @multi_evo_agent_runner.py:116] Agent_0 gets win rate: 0.09.
[20260604 05:12:59 @multi_evo_agent_runner.py:115] Agent_1 gets eval reward: -340.54.
[20260604 05:12:59 @multi_evo_agent_runner.py:116] Agent_1 gets win rate: 0.09.
[20260604 05:12:59 @multi_evo_agent_runner.py:79] #------------------------ Iteration 559 --------------------------#
[20260604 05:13:12 @multi_evo_agent_runner.py:85] Sampling 50000 steps by 12 slaves, spending 12.48 s.
[20260604 05:13:49 @multi_evo_agent_runner.py:94] Policy update, spending: 37.36 s.
[20260604 05:13:51 @multi_evo_agent_runner.py:99] Evaluation time: 1.72 s.
[20260604 05:13:51 @multi_evo_agent_runner.py:105] Total time:     565.30 min
[20260604 05:13:51 @multi_evo_agent_runner.py:115] Agent_0 gets eval reward: 305.70.
[20260604 05:13:51 @multi_evo_agent_runner.py:116] Agent_0 gets win rate: 0.22.
[20260604 05:13:51 @multi_evo_agent_runner.py:115] Agent_1 gets eval reward: -532.39.
[20260604 05:13:51 @multi_evo_agent_runner.py:116] Agent_1 gets win rate: 0.07.
[20260604 05:13:51 @multi_evo_agent_runner.py:79] #------------------------ Iteration 560 --------------------------#
[20260604 05:14:05 @multi_evo_agent_runner.py:85] Sampling 50000 steps by 12 slaves, spending 13.79 s.
[20260604 05:14:44 @multi_evo_agent_runner.py:94] Policy update, spending: 38.61 s.
[20260604 05:14:46 @multi_evo_agent_runner.py:99] Evaluation time: 2.55 s.
[20260604 05:14:46 @multi_evo_agent_runner.py:105] Total time:     566.22 min
[20260604 05:14:46 @multi_evo_agent_runner.py:115] Agent_0 gets eval reward: 268.74.
[20260604 05:14:46 @multi_evo_agent_runner.py:116] Agent_0 gets win rate: 0.30.
[20260604 05:14:46 @multi_evo_agent_runner.py:115] Agent_1 gets eval reward: -505.68.
[20260604 05:14:46 @multi_evo_agent_runner.py:116] Agent_1 gets win rate: 0.15.
[20260604 05:14:46 @multi_evo_agent_runner.py:79] #------------------------ Iteration 561 --------------------------#
[20260604 05:14:59 @multi_evo_agent_runner.py:85] Sampling 50000 steps by 12 slaves, spending 12.65 s.
[20260604 05:15:35 @multi_evo_agent_runner.py:94] Policy update, spending: 36.17 s.
[20260604 05:15:37 @multi_evo_agent_runner.py:99] Evaluation time: 1.65 s.
[20260604 05:15:37 @multi_evo_agent_runner.py:105] Total time:     567.07 min
[20260604 05:15:37 @multi_evo_agent_runner.py:115] Agent_0 gets eval reward: 303.31.
[20260604 05:15:37 @multi_evo_agent_runner.py:116] Agent_0 gets win rate: 0.19.
[20260604 05:15:37 @multi_evo_agent_runner.py:115] Agent_1 gets eval reward: -344.56.
[20260604 05:15:37 @multi_evo_agent_runner.py:116] Agent_1 gets win rate: 0.15.
[20260604 05:15:37 @multi_evo_agent_runner.py:79] #------------------------ Iteration 562 --------------------------#
[20260604 05:15:50 @multi_evo_agent_runner.py:85] Sampling 50000 steps by 12 slaves, spending 12.50 s.
[20260604 05:16:34 @multi_evo_agent_runner.py:94] Policy update, spending: 44.69 s.
[20260604 05:16:36 @multi_evo_agent_runner.py:99] Evaluation time: 1.97 s.
[20260604 05:16:36 @multi_evo_agent_runner.py:105] Total time:     568.05 min
[20260604 05:16:36 @multi_evo_agent_runner.py:115] Agent_0 gets eval reward: 491.78.
[20260604 05:16:36 @multi_evo_agent_runner.py:116] Agent_0 gets win rate: 0.41.
[20260604 05:16:36 @multi_evo_agent_runner.py:115] Agent_1 gets eval reward: -618.50.
[20260604 05:16:36 @multi_evo_agent_runner.py:116] Agent_1 gets win rate: 0.12.
[20260604 05:16:36 @multi_evo_agent_runner.py:79] #------------------------ Iteration 563 --------------------------#
[20260604 05:16:50 @multi_evo_agent_runner.py:85] Sampling 50000 steps by 12 slaves, spending 13.36 s.
[20260604 05:17:27 @multi_evo_agent_runner.py:94] Policy update, spending: 36.80 s.
[20260604 05:17:29 @multi_evo_agent_runner.py:99] Evaluation time: 2.24 s.
[20260604 05:17:29 @multi_evo_agent_runner.py:105] Total time:     568.93 min
[20260604 05:17:29 @multi_evo_agent_runner.py:115] Agent_0 gets eval reward: 408.55.
[20260604 05:17:29 @multi_evo_agent_runner.py:116] Agent_0 gets win rate: 0.12.
[20260604 05:17:29 @multi_evo_agent_runner.py:115] Agent_1 gets eval reward: -171.34.
[20260604 05:17:29 @multi_evo_agent_runner.py:116] Agent_1 gets win rate: 0.16.
[20260604 05:17:29 @multi_evo_agent_runner.py:79] #------------------------ Iteration 564 --------------------------#
[20260604 05:17:41 @multi_evo_agent_runner.py:85] Sampling 50000 steps by 12 slaves, spending 12.15 s.
[20260604 05:18:33 @multi_evo_agent_runner.py:94] Policy update, spending: 51.99 s.
[20260604 05:18:35 @multi_evo_agent_runner.py:99] Evaluation time: 1.89 s.
[20260604 05:18:35 @multi_evo_agent_runner.py:105] Total time:     570.03 min
[20260604 05:18:35 @multi_evo_agent_runner.py:115] Agent_0 gets eval reward: 420.21.
[20260604 05:18:35 @multi_evo_agent_runner.py:116] Agent_0 gets win rate: 0.22.
[20260604 05:18:35 @multi_evo_agent_runner.py:115] Agent_1 gets eval reward: -379.50.
[20260604 05:18:35 @multi_evo_agent_runner.py:116] Agent_1 gets win rate: 0.11.
[20260604 05:18:35 @multi_evo_agent_runner.py:79] #------------------------ Iteration 565 --------------------------#
[20260604 05:18:51 @multi_evo_agent_runner.py:85] Sampling 50000 steps by 12 slaves, spending 15.88 s.
[20260604 05:19:28 @multi_evo_agent_runner.py:94] Policy update, spending: 36.62 s.
[20260604 05:19:29 @multi_evo_agent_runner.py:99] Evaluation time: 1.71 s.
[20260604 05:19:29 @multi_evo_agent_runner.py:105] Total time:     570.94 min
[20260604 05:19:29 @multi_evo_agent_runner.py:115] Agent_0 gets eval reward: 195.13.
[20260604 05:19:29 @multi_evo_agent_runner.py:116] Agent_0 gets win rate: 0.24.
[20260604 05:19:29 @multi_evo_agent_runner.py:115] Agent_1 gets eval reward: -143.72.
[20260604 05:19:29 @multi_evo_agent_runner.py:116] Agent_1 gets win rate: 0.24.
[20260604 05:19:30 @multi_evo_agent_runner.py:79] #------------------------ Iteration 566 --------------------------#
[20260604 05:19:43 @multi_evo_agent_runner.py:85] Sampling 50000 steps by 12 slaves, spending 13.13 s.
[20260604 05:20:19 @multi_evo_agent_runner.py:94] Policy update, spending: 35.88 s.
[20260604 05:20:20 @multi_evo_agent_runner.py:99] Evaluation time: 1.79 s.
[20260604 05:20:20 @multi_evo_agent_runner.py:105] Total time:     571.79 min
[20260604 05:20:20 @multi_evo_agent_runner.py:115] Agent_0 gets eval reward: 617.66.
[20260604 05:20:20 @multi_evo_agent_runner.py:116] Agent_0 gets win rate: 0.45.
[20260604 05:20:20 @multi_evo_agent_runner.py:115] Agent_1 gets eval reward: -678.45.
[20260604 05:20:20 @multi_evo_agent_runner.py:116] Agent_1 gets win rate: 0.07.
[20260604 05:20:21 @multi_evo_agent_runner.py:79] #------------------------ Iteration 567 --------------------------#
[20260604 05:20:34 @multi_evo_agent_runner.py:85] Sampling 50000 steps by 12 slaves, spending 13.56 s.
[20260604 05:21:13 @multi_evo_agent_runner.py:94] Policy update, spending: 38.44 s.
[20260604 05:21:15 @multi_evo_agent_runner.py:99] Evaluation time: 2.26 s.
[20260604 05:21:15 @multi_evo_agent_runner.py:105] Total time:     572.70 min
[20260604 05:21:15 @multi_evo_agent_runner.py:115] Agent_0 gets eval reward: 192.30.
[20260604 05:21:15 @multi_evo_agent_runner.py:116] Agent_0 gets win rate: 0.28.
[20260604 05:21:15 @multi_evo_agent_runner.py:115] Agent_1 gets eval reward: -158.56.
[20260604 05:21:15 @multi_evo_agent_runner.py:116] Agent_1 gets win rate: 0.28.
[20260604 05:21:15 @multi_evo_agent_runner.py:79] #------------------------ Iteration 568 --------------------------#
[20260604 05:21:30 @multi_evo_agent_runner.py:85] Sampling 50000 steps by 12 slaves, spending 15.04 s.
[20260604 05:22:08 @multi_evo_agent_runner.py:94] Policy update, spending: 37.89 s.
[20260604 05:22:10 @multi_evo_agent_runner.py:99] Evaluation time: 1.58 s.
[20260604 05:22:10 @multi_evo_agent_runner.py:105] Total time:     573.61 min
[20260604 05:22:10 @multi_evo_agent_runner.py:115] Agent_0 gets eval reward: 485.39.
[20260604 05:22:10 @multi_evo_agent_runner.py:116] Agent_0 gets win rate: 0.29.
[20260604 05:22:10 @multi_evo_agent_runner.py:115] Agent_1 gets eval reward: -475.56.
[20260604 05:22:10 @multi_evo_agent_runner.py:116] Agent_1 gets win rate: 0.14.
[20260604 05:22:10 @multi_evo_agent_runner.py:79] #------------------------ Iteration 569 --------------------------#
[20260604 05:22:23 @multi_evo_agent_runner.py:85] Sampling 50000 steps by 12 slaves, spending 13.35 s.
[20260604 05:23:22 @multi_evo_agent_runner.py:94] Policy update, spending: 58.76 s.
[20260604 05:23:24 @multi_evo_agent_runner.py:99] Evaluation time: 2.08 s.
[20260604 05:23:24 @multi_evo_agent_runner.py:105] Total time:     574.85 min
[20260604 05:23:24 @multi_evo_agent_runner.py:115] Agent_0 gets eval reward: 594.96.
[20260604 05:23:24 @multi_evo_agent_runner.py:116] Agent_0 gets win rate: 0.42.
[20260604 05:23:24 @multi_evo_agent_runner.py:115] Agent_1 gets eval reward: -504.50.
[20260604 05:23:24 @multi_evo_agent_runner.py:116] Agent_1 gets win rate: 0.10.
[20260604 05:23:24 @multi_evo_agent_runner.py:79] #------------------------ Iteration 570 --------------------------#
[20260604 05:23:37 @multi_evo_agent_runner.py:85] Sampling 50000 steps by 12 slaves, spending 13.30 s.
[20260604 05:24:14 @multi_evo_agent_runner.py:94] Policy update, spending: 36.33 s.
[20260604 05:24:16 @multi_evo_agent_runner.py:99] Evaluation time: 2.12 s.
[20260604 05:24:16 @multi_evo_agent_runner.py:105] Total time:     575.72 min
[20260604 05:24:16 @multi_evo_agent_runner.py:115] Agent_0 gets eval reward: 706.81.
[20260604 05:24:16 @multi_evo_agent_runner.py:116] Agent_0 gets win rate: 0.37.
[20260604 05:24:16 @multi_evo_agent_runner.py:115] Agent_1 gets eval reward: -405.52.
[20260604 05:24:16 @multi_evo_agent_runner.py:116] Agent_1 gets win rate: 0.10.
[20260604 05:24:16 @multi_evo_agent_runner.py:79] #------------------------ Iteration 571 --------------------------#
[20260604 05:24:28 @multi_evo_agent_runner.py:85] Sampling 50000 steps by 12 slaves, spending 11.82 s.
[20260604 05:25:09 @multi_evo_agent_runner.py:94] Policy update, spending: 40.67 s.
[20260604 05:25:10 @multi_evo_agent_runner.py:99] Evaluation time: 1.88 s.
[20260604 05:25:10 @multi_evo_agent_runner.py:105] Total time:     576.62 min
[20260604 05:25:11 @multi_evo_agent_runner.py:115] Agent_0 gets eval reward: 678.06.
[20260604 05:25:11 @multi_evo_agent_runner.py:116] Agent_0 gets win rate: 0.49.
[20260604 05:25:11 @multi_evo_agent_runner.py:115] Agent_1 gets eval reward: -649.08.
[20260604 05:25:11 @multi_evo_agent_runner.py:116] Agent_1 gets win rate: 0.11.
[20260604 05:25:11 @multi_evo_agent_runner.py:79] #------------------------ Iteration 572 --------------------------#
[20260604 05:25:27 @multi_evo_agent_runner.py:85] Sampling 50000 steps by 12 slaves, spending 16.78 s.
[20260604 05:26:04 @multi_evo_agent_runner.py:94] Policy update, spending: 36.62 s.
[20260604 05:26:06 @multi_evo_agent_runner.py:99] Evaluation time: 1.93 s.
[20260604 05:26:06 @multi_evo_agent_runner.py:105] Total time:     577.55 min
[20260604 05:26:06 @multi_evo_agent_runner.py:115] Agent_0 gets eval reward: 284.41.
[20260604 05:26:06 @multi_evo_agent_runner.py:116] Agent_0 gets win rate: 0.38.
[20260604 05:26:06 @multi_evo_agent_runner.py:115] Agent_1 gets eval reward: -520.85.
[20260604 05:26:06 @multi_evo_agent_runner.py:116] Agent_1 gets win rate: 0.21.
[20260604 05:26:06 @multi_evo_agent_runner.py:79] #------------------------ Iteration 573 --------------------------#
[20260604 05:26:19 @multi_evo_agent_runner.py:85] Sampling 50000 steps by 12 slaves, spending 12.71 s.
[20260604 05:27:09 @multi_evo_agent_runner.py:94] Policy update, spending: 50.42 s.
[20260604 05:27:11 @multi_evo_agent_runner.py:99] Evaluation time: 2.01 s.
[20260604 05:27:11 @multi_evo_agent_runner.py:105] Total time:     578.64 min
[20260604 05:27:11 @multi_evo_agent_runner.py:115] Agent_0 gets eval reward: 667.33.
[20260604 05:27:11 @multi_evo_agent_runner.py:116] Agent_0 gets win rate: 0.48.
[20260604 05:27:11 @multi_evo_agent_runner.py:115] Agent_1 gets eval reward: -761.38.
[20260604 05:27:11 @multi_evo_agent_runner.py:116] Agent_1 gets win rate: 0.09.
[20260604 05:27:11 @multi_evo_agent_runner.py:79] #------------------------ Iteration 574 --------------------------#
[20260604 05:27:25 @multi_evo_agent_runner.py:85] Sampling 50000 steps by 12 slaves, spending 13.62 s.
[20260604 05:28:02 @multi_evo_agent_runner.py:94] Policy update, spending: 36.81 s.
[20260604 05:28:03 @multi_evo_agent_runner.py:99] Evaluation time: 1.63 s.
[20260604 05:28:03 @multi_evo_agent_runner.py:105] Total time:     579.51 min
[20260604 05:28:04 @multi_evo_agent_runner.py:115] Agent_0 gets eval reward: 352.89.
[20260604 05:28:04 @multi_evo_agent_runner.py:116] Agent_0 gets win rate: 0.09.
[20260604 05:28:04 @multi_evo_agent_runner.py:115] Agent_1 gets eval reward: -477.81.
[20260604 05:28:04 @multi_evo_agent_runner.py:116] Agent_1 gets win rate: 0.05.
[20260604 05:28:04 @multi_evo_agent_runner.py:79] #------------------------ Iteration 575 --------------------------#
[20260604 05:28:17 @multi_evo_agent_runner.py:85] Sampling 50000 steps by 12 slaves, spending 13.05 s.
[20260604 05:28:54 @multi_evo_agent_runner.py:94] Policy update, spending: 37.14 s.
[20260604 05:28:56 @multi_evo_agent_runner.py:99] Evaluation time: 2.23 s.
[20260604 05:28:56 @multi_evo_agent_runner.py:105] Total time:     580.39 min
[20260604 05:28:56 @multi_evo_agent_runner.py:115] Agent_0 gets eval reward: 336.98.
[20260604 05:28:56 @multi_evo_agent_runner.py:116] Agent_0 gets win rate: 0.42.
[20260604 05:28:56 @multi_evo_agent_runner.py:115] Agent_1 gets eval reward: -431.39.
[20260604 05:28:56 @multi_evo_agent_runner.py:116] Agent_1 gets win rate: 0.24.
[20260604 05:28:56 @multi_evo_agent_runner.py:79] #------------------------ Iteration 576 --------------------------#
[20260604 05:29:11 @multi_evo_agent_runner.py:85] Sampling 50000 steps by 12 slaves, spending 14.90 s.
[20260604 05:29:49 @multi_evo_agent_runner.py:94] Policy update, spending: 37.93 s.
[20260604 05:29:51 @multi_evo_agent_runner.py:99] Evaluation time: 1.70 s.
[20260604 05:29:51 @multi_evo_agent_runner.py:105] Total time:     581.30 min
[20260604 05:29:51 @multi_evo_agent_runner.py:115] Agent_0 gets eval reward: 267.69.
[20260604 05:29:51 @multi_evo_agent_runner.py:116] Agent_0 gets win rate: 0.12.
[20260604 05:29:51 @multi_evo_agent_runner.py:115] Agent_1 gets eval reward: -125.18.
[20260604 05:29:51 @multi_evo_agent_runner.py:116] Agent_1 gets win rate: 0.16.
[20260604 05:29:51 @multi_evo_agent_runner.py:79] #------------------------ Iteration 577 --------------------------#
[20260604 05:30:04 @multi_evo_agent_runner.py:85] Sampling 50000 steps by 12 slaves, spending 12.57 s.
[20260604 05:30:39 @multi_evo_agent_runner.py:94] Policy update, spending: 35.55 s.
[20260604 05:30:41 @multi_evo_agent_runner.py:99] Evaluation time: 1.91 s.
[20260604 05:30:41 @multi_evo_agent_runner.py:105] Total time:     582.13 min
[20260604 05:30:41 @multi_evo_agent_runner.py:115] Agent_0 gets eval reward: 389.58.
[20260604 05:30:41 @multi_evo_agent_runner.py:116] Agent_0 gets win rate: 0.30.
[20260604 05:30:41 @multi_evo_agent_runner.py:115] Agent_1 gets eval reward: -352.38.
[20260604 05:30:41 @multi_evo_agent_runner.py:116] Agent_1 gets win rate: 0.20.
[20260604 05:30:41 @multi_evo_agent_runner.py:79] #------------------------ Iteration 578 --------------------------#
[20260604 05:30:53 @multi_evo_agent_runner.py:85] Sampling 50000 steps by 12 slaves, spending 11.77 s.
[20260604 05:31:32 @multi_evo_agent_runner.py:94] Policy update, spending: 39.37 s.
[20260604 05:31:35 @multi_evo_agent_runner.py:99] Evaluation time: 2.53 s.
[20260604 05:31:35 @multi_evo_agent_runner.py:105] Total time:     583.03 min
[20260604 05:31:35 @multi_evo_agent_runner.py:115] Agent_0 gets eval reward: 240.68.
[20260604 05:31:35 @multi_evo_agent_runner.py:116] Agent_0 gets win rate: 0.21.
[20260604 05:31:35 @multi_evo_agent_runner.py:115] Agent_1 gets eval reward: -463.64.
[20260604 05:31:35 @multi_evo_agent_runner.py:116] Agent_1 gets win rate: 0.14.
[20260604 05:31:35 @multi_evo_agent_runner.py:79] #------------------------ Iteration 579 --------------------------#
[20260604 05:31:48 @multi_evo_agent_runner.py:85] Sampling 50000 steps by 12 slaves, spending 13.45 s.
[20260604 05:32:35 @multi_evo_agent_runner.py:94] Policy update, spending: 46.55 s.
[20260604 05:32:37 @multi_evo_agent_runner.py:99] Evaluation time: 1.93 s.
[20260604 05:32:37 @multi_evo_agent_runner.py:105] Total time:     584.07 min
[20260604 05:32:37 @multi_evo_agent_runner.py:115] Agent_0 gets eval reward: 334.99.
[20260604 05:32:37 @multi_evo_agent_runner.py:116] Agent_0 gets win rate: 0.18.
[20260604 05:32:37 @multi_evo_agent_runner.py:115] Agent_1 gets eval reward: -507.49.
[20260604 05:32:37 @multi_evo_agent_runner.py:116] Agent_1 gets win rate: 0.11.
[20260604 05:32:37 @multi_evo_agent_runner.py:79] #------------------------ Iteration 580 --------------------------#
[20260604 05:32:53 @multi_evo_agent_runner.py:85] Sampling 50000 steps by 12 slaves, spending 16.21 s.
[20260604 05:33:30 @multi_evo_agent_runner.py:94] Policy update, spending: 37.06 s.
[20260604 05:33:32 @multi_evo_agent_runner.py:99] Evaluation time: 1.86 s.
[20260604 05:33:32 @multi_evo_agent_runner.py:105] Total time:     584.99 min
[20260604 05:33:32 @multi_evo_agent_runner.py:115] Agent_0 gets eval reward: 114.31.
[20260604 05:33:32 @multi_evo_agent_runner.py:116] Agent_0 gets win rate: 0.15.
[20260604 05:33:32 @multi_evo_agent_runner.py:115] Agent_1 gets eval reward: -194.71.
[20260604 05:33:32 @multi_evo_agent_runner.py:116] Agent_1 gets win rate: 0.19.
[20260604 05:33:32 @multi_evo_agent_runner.py:79] #------------------------ Iteration 581 --------------------------#
[20260604 05:33:47 @multi_evo_agent_runner.py:85] Sampling 50000 steps by 12 slaves, spending 14.55 s.
[20260604 05:34:36 @multi_evo_agent_runner.py:94] Policy update, spending: 49.01 s.
[20260604 05:34:38 @multi_evo_agent_runner.py:99] Evaluation time: 1.78 s.
[20260604 05:34:38 @multi_evo_agent_runner.py:105] Total time:     586.08 min
[20260604 05:34:38 @multi_evo_agent_runner.py:115] Agent_0 gets eval reward: 414.54.
[20260604 05:34:38 @multi_evo_agent_runner.py:116] Agent_0 gets win rate: 0.29.
[20260604 05:34:38 @multi_evo_agent_runner.py:115] Agent_1 gets eval reward: -70.89.
[20260604 05:34:38 @multi_evo_agent_runner.py:116] Agent_1 gets win rate: 0.21.
[20260604 05:34:38 @multi_evo_agent_runner.py:79] #------------------------ Iteration 582 --------------------------#
[20260604 05:34:50 @multi_evo_agent_runner.py:85] Sampling 50000 steps by 12 slaves, spending 12.02 s.
[20260604 05:35:28 @multi_evo_agent_runner.py:94] Policy update, spending: 38.44 s.
[20260604 05:35:31 @multi_evo_agent_runner.py:99] Evaluation time: 2.60 s.
[20260604 05:35:31 @multi_evo_agent_runner.py:105] Total time:     586.97 min
[20260604 05:35:31 @multi_evo_agent_runner.py:115] Agent_0 gets eval reward: 383.23.
[20260604 05:35:31 @multi_evo_agent_runner.py:116] Agent_0 gets win rate: 0.25.
[20260604 05:35:31 @multi_evo_agent_runner.py:115] Agent_1 gets eval reward: -486.40.
[20260604 05:35:31 @multi_evo_agent_runner.py:116] Agent_1 gets win rate: 0.11.
[20260604 05:35:31 @multi_evo_agent_runner.py:79] #------------------------ Iteration 583 --------------------------#
[20260604 05:35:44 @multi_evo_agent_runner.py:85] Sampling 50000 steps by 12 slaves, spending 12.40 s.
[20260604 05:36:33 @multi_evo_agent_runner.py:94] Policy update, spending: 49.29 s.
[20260604 05:36:35 @multi_evo_agent_runner.py:99] Evaluation time: 1.71 s.
[20260604 05:36:35 @multi_evo_agent_runner.py:105] Total time:     588.03 min
[20260604 05:36:35 @multi_evo_agent_runner.py:115] Agent_0 gets eval reward: 165.66.
[20260604 05:36:35 @multi_evo_agent_runner.py:116] Agent_0 gets win rate: 0.22.
[20260604 05:36:35 @multi_evo_agent_runner.py:115] Agent_1 gets eval reward: -523.30.
[20260604 05:36:35 @multi_evo_agent_runner.py:116] Agent_1 gets win rate: 0.15.
[20260604 05:36:35 @multi_evo_agent_runner.py:79] #------------------------ Iteration 584 --------------------------#
[20260604 05:36:51 @multi_evo_agent_runner.py:85] Sampling 50000 steps by 12 slaves, spending 15.89 s.
[20260604 05:37:27 @multi_evo_agent_runner.py:94] Policy update, spending: 36.59 s.
[20260604 05:37:29 @multi_evo_agent_runner.py:99] Evaluation time: 1.68 s.
[20260604 05:37:29 @multi_evo_agent_runner.py:105] Total time:     588.93 min
[20260604 05:37:29 @multi_evo_agent_runner.py:115] Agent_0 gets eval reward: 636.29.
[20260604 05:37:29 @multi_evo_agent_runner.py:116] Agent_0 gets win rate: 0.21.
[20260604 05:37:29 @multi_evo_agent_runner.py:115] Agent_1 gets eval reward: -626.67.
[20260604 05:37:29 @multi_evo_agent_runner.py:116] Agent_1 gets win rate: 0.04.
[20260604 05:37:29 @multi_evo_agent_runner.py:79] #------------------------ Iteration 585 --------------------------#
[20260604 05:37:41 @multi_evo_agent_runner.py:85] Sampling 50000 steps by 12 slaves, spending 12.11 s.
[20260604 05:38:18 @multi_evo_agent_runner.py:94] Policy update, spending: 36.94 s.
[20260604 05:38:20 @multi_evo_agent_runner.py:99] Evaluation time: 1.59 s.
[20260604 05:38:20 @multi_evo_agent_runner.py:105] Total time:     589.78 min
[20260604 05:38:20 @multi_evo_agent_runner.py:115] Agent_0 gets eval reward: 467.11.
[20260604 05:38:20 @multi_evo_agent_runner.py:116] Agent_0 gets win rate: 0.17.
[20260604 05:38:20 @multi_evo_agent_runner.py:115] Agent_1 gets eval reward: -571.11.
[20260604 05:38:20 @multi_evo_agent_runner.py:116] Agent_1 gets win rate: 0.04.
[20260604 05:38:20 @multi_evo_agent_runner.py:79] #------------------------ Iteration 586 --------------------------#
[20260604 05:38:32 @multi_evo_agent_runner.py:85] Sampling 50000 steps by 12 slaves, spending 11.84 s.
[20260604 05:39:11 @multi_evo_agent_runner.py:94] Policy update, spending: 39.76 s.
[20260604 05:39:14 @multi_evo_agent_runner.py:99] Evaluation time: 2.12 s.
[20260604 05:39:14 @multi_evo_agent_runner.py:105] Total time:     590.68 min
[20260604 05:39:14 @multi_evo_agent_runner.py:115] Agent_0 gets eval reward: 752.47.
[20260604 05:39:14 @multi_evo_agent_runner.py:116] Agent_0 gets win rate: 0.37.
[20260604 05:39:14 @multi_evo_agent_runner.py:115] Agent_1 gets eval reward: -672.16.
[20260604 05:39:14 @multi_evo_agent_runner.py:116] Agent_1 gets win rate: 0.04.
[20260604 05:39:14 @multi_evo_agent_runner.py:79] #------------------------ Iteration 587 --------------------------#
[20260604 05:39:29 @multi_evo_agent_runner.py:85] Sampling 50000 steps by 12 slaves, spending 15.62 s.
[20260604 05:40:05 @multi_evo_agent_runner.py:94] Policy update, spending: 35.45 s.
[20260604 05:40:07 @multi_evo_agent_runner.py:99] Evaluation time: 1.93 s.
[20260604 05:40:07 @multi_evo_agent_runner.py:105] Total time:     591.57 min
[20260604 05:40:07 @multi_evo_agent_runner.py:115] Agent_0 gets eval reward: 528.87.
[20260604 05:40:07 @multi_evo_agent_runner.py:116] Agent_0 gets win rate: 0.38.
[20260604 05:40:07 @multi_evo_agent_runner.py:115] Agent_1 gets eval reward: -296.52.
[20260604 05:40:07 @multi_evo_agent_runner.py:116] Agent_1 gets win rate: 0.16.
[20260604 05:40:07 @multi_evo_agent_runner.py:79] #------------------------ Iteration 588 --------------------------#
[20260604 05:40:20 @multi_evo_agent_runner.py:85] Sampling 50000 steps by 12 slaves, spending 13.24 s.
[20260604 05:41:19 @multi_evo_agent_runner.py:94] Policy update, spending: 58.53 s.
[20260604 05:41:21 @multi_evo_agent_runner.py:99] Evaluation time: 2.14 s.
[20260604 05:41:21 @multi_evo_agent_runner.py:105] Total time:     592.80 min
[20260604 05:41:21 @multi_evo_agent_runner.py:115] Agent_0 gets eval reward: 730.87.
[20260604 05:41:21 @multi_evo_agent_runner.py:116] Agent_0 gets win rate: 0.40.
[20260604 05:41:21 @multi_evo_agent_runner.py:115] Agent_1 gets eval reward: -965.91.
[20260604 05:41:21 @multi_evo_agent_runner.py:116] Agent_1 gets win rate: 0.00.
[20260604 05:41:21 @multi_evo_agent_runner.py:79] #------------------------ Iteration 589 --------------------------#
[20260604 05:41:35 @multi_evo_agent_runner.py:85] Sampling 50000 steps by 12 slaves, spending 13.63 s.
[20260604 05:42:12 @multi_evo_agent_runner.py:94] Policy update, spending: 36.76 s.
[20260604 05:42:13 @multi_evo_agent_runner.py:99] Evaluation time: 1.82 s.
[20260604 05:42:13 @multi_evo_agent_runner.py:105] Total time:     593.67 min
[20260604 05:42:13 @multi_evo_agent_runner.py:115] Agent_0 gets eval reward: 616.10.
[20260604 05:42:13 @multi_evo_agent_runner.py:116] Agent_0 gets win rate: 0.29.
[20260604 05:42:13 @multi_evo_agent_runner.py:115] Agent_1 gets eval reward: -447.74.
[20260604 05:42:13 @multi_evo_agent_runner.py:116] Agent_1 gets win rate: 0.11.
[20260604 05:42:14 @multi_evo_agent_runner.py:79] #------------------------ Iteration 590 --------------------------#
[20260604 05:42:27 @multi_evo_agent_runner.py:85] Sampling 50000 steps by 12 slaves, spending 13.39 s.
[20260604 05:43:05 @multi_evo_agent_runner.py:94] Policy update, spending: 37.87 s.
[20260604 05:43:08 @multi_evo_agent_runner.py:99] Evaluation time: 2.91 s.
[20260604 05:43:08 @multi_evo_agent_runner.py:105] Total time:     594.58 min
[20260604 05:43:08 @multi_evo_agent_runner.py:115] Agent_0 gets eval reward: 84.83.
[20260604 05:43:08 @multi_evo_agent_runner.py:116] Agent_0 gets win rate: 0.25.
[20260604 05:43:08 @multi_evo_agent_runner.py:115] Agent_1 gets eval reward: -264.44.
[20260604 05:43:08 @multi_evo_agent_runner.py:116] Agent_1 gets win rate: 0.25.
[20260604 05:43:08 @multi_evo_agent_runner.py:79] #------------------------ Iteration 591 --------------------------#
[20260604 05:43:22 @multi_evo_agent_runner.py:85] Sampling 50000 steps by 12 slaves, spending 14.07 s.
[20260604 05:44:20 @multi_evo_agent_runner.py:94] Policy update, spending: 57.84 s.
[20260604 05:44:22 @multi_evo_agent_runner.py:99] Evaluation time: 1.93 s.
[20260604 05:44:22 @multi_evo_agent_runner.py:105] Total time:     595.81 min
[20260604 05:44:22 @multi_evo_agent_runner.py:115] Agent_0 gets eval reward: 225.12.
[20260604 05:44:22 @multi_evo_agent_runner.py:116] Agent_0 gets win rate: 0.28.
[20260604 05:44:22 @multi_evo_agent_runner.py:115] Agent_1 gets eval reward: -294.50.
[20260604 05:44:22 @multi_evo_agent_runner.py:116] Agent_1 gets win rate: 0.28.
[20260604 05:44:22 @multi_evo_agent_runner.py:79] #------------------------ Iteration 592 --------------------------#
[20260604 05:44:39 @multi_evo_agent_runner.py:85] Sampling 50000 steps by 12 slaves, spending 17.00 s.
[20260604 05:45:16 @multi_evo_agent_runner.py:94] Policy update, spending: 37.04 s.
[20260604 05:45:18 @multi_evo_agent_runner.py:99] Evaluation time: 1.79 s.
[20260604 05:45:18 @multi_evo_agent_runner.py:105] Total time:     596.75 min
[20260604 05:45:18 @multi_evo_agent_runner.py:115] Agent_0 gets eval reward: 752.09.
[20260604 05:45:18 @multi_evo_agent_runner.py:116] Agent_0 gets win rate: 0.57.
[20260604 05:45:18 @multi_evo_agent_runner.py:115] Agent_1 gets eval reward: -756.69.
[20260604 05:45:18 @multi_evo_agent_runner.py:116] Agent_1 gets win rate: 0.19.
[20260604 05:45:18 @multi_evo_agent_runner.py:79] #------------------------ Iteration 593 --------------------------#
[20260604 05:45:31 @multi_evo_agent_runner.py:85] Sampling 50000 steps by 12 slaves, spending 13.39 s.
[20260604 05:46:18 @multi_evo_agent_runner.py:94] Policy update, spending: 46.22 s.
[20260604 05:46:20 @multi_evo_agent_runner.py:99] Evaluation time: 2.10 s.
[20260604 05:46:20 @multi_evo_agent_runner.py:105] Total time:     597.78 min
[20260604 05:46:20 @multi_evo_agent_runner.py:115] Agent_0 gets eval reward: 712.12.
[20260604 05:46:20 @multi_evo_agent_runner.py:116] Agent_0 gets win rate: 0.38.
[20260604 05:46:20 @multi_evo_agent_runner.py:115] Agent_1 gets eval reward: -703.54.
[20260604 05:46:20 @multi_evo_agent_runner.py:116] Agent_1 gets win rate: 0.07.
[20260604 05:46:20 @multi_evo_agent_runner.py:79] #------------------------ Iteration 594 --------------------------#
[20260604 05:46:32 @multi_evo_agent_runner.py:85] Sampling 50000 steps by 12 slaves, spending 11.94 s.
[20260604 05:47:09 @multi_evo_agent_runner.py:94] Policy update, spending: 37.28 s.
[20260604 05:47:11 @multi_evo_agent_runner.py:99] Evaluation time: 1.97 s.
[20260604 05:47:11 @multi_evo_agent_runner.py:105] Total time:     598.64 min
[20260604 05:47:11 @multi_evo_agent_runner.py:115] Agent_0 gets eval reward: 301.00.
[20260604 05:47:11 @multi_evo_agent_runner.py:116] Agent_0 gets win rate: 0.19.
[20260604 05:47:11 @multi_evo_agent_runner.py:115] Agent_1 gets eval reward: -582.65.
[20260604 05:47:11 @multi_evo_agent_runner.py:116] Agent_1 gets win rate: 0.12.
[20260604 05:47:11 @multi_evo_agent_runner.py:79] #------------------------ Iteration 595 --------------------------#
[20260604 05:47:23 @multi_evo_agent_runner.py:85] Sampling 50000 steps by 12 slaves, spending 11.87 s.
[20260604 05:48:12 @multi_evo_agent_runner.py:94] Policy update, spending: 48.36 s.
[20260604 05:48:13 @multi_evo_agent_runner.py:99] Evaluation time: 1.80 s.
[20260604 05:48:13 @multi_evo_agent_runner.py:105] Total time:     599.67 min
[20260604 05:48:13 @multi_evo_agent_runner.py:115] Agent_0 gets eval reward: 315.18.
[20260604 05:48:13 @multi_evo_agent_runner.py:116] Agent_0 gets win rate: 0.23.
[20260604 05:48:13 @multi_evo_agent_runner.py:115] Agent_1 gets eval reward: -271.52.
[20260604 05:48:13 @multi_evo_agent_runner.py:116] Agent_1 gets win rate: 0.19.
[20260604 05:48:13 @multi_evo_agent_runner.py:79] #------------------------ Iteration 596 --------------------------#
[20260604 05:48:28 @multi_evo_agent_runner.py:85] Sampling 50000 steps by 12 slaves, spending 14.15 s.
[20260604 05:49:07 @multi_evo_agent_runner.py:94] Policy update, spending: 39.03 s.
[20260604 05:49:09 @multi_evo_agent_runner.py:99] Evaluation time: 2.10 s.
[20260604 05:49:09 @multi_evo_agent_runner.py:105] Total time:     600.60 min
[20260604 05:49:09 @multi_evo_agent_runner.py:115] Agent_0 gets eval reward: 306.52.
[20260604 05:49:09 @multi_evo_agent_runner.py:116] Agent_0 gets win rate: 0.48.
[20260604 05:49:09 @multi_evo_agent_runner.py:115] Agent_1 gets eval reward: -429.79.
[20260604 05:49:09 @multi_evo_agent_runner.py:116] Agent_1 gets win rate: 0.27.
[20260604 05:49:09 @multi_evo_agent_runner.py:79] #------------------------ Iteration 597 --------------------------#
[20260604 05:49:23 @multi_evo_agent_runner.py:85] Sampling 50000 steps by 12 slaves, spending 13.68 s.
[20260604 05:49:59 @multi_evo_agent_runner.py:94] Policy update, spending: 36.00 s.
[20260604 05:50:00 @multi_evo_agent_runner.py:99] Evaluation time: 1.61 s.
[20260604 05:50:00 @multi_evo_agent_runner.py:105] Total time:     601.45 min
[20260604 05:50:00 @multi_evo_agent_runner.py:115] Agent_0 gets eval reward: 511.17.
[20260604 05:50:00 @multi_evo_agent_runner.py:116] Agent_0 gets win rate: 0.44.
[20260604 05:50:00 @multi_evo_agent_runner.py:115] Agent_1 gets eval reward: -611.96.
[20260604 05:50:00 @multi_evo_agent_runner.py:116] Agent_1 gets win rate: 0.18.
[20260604 05:50:00 @multi_evo_agent_runner.py:79] #------------------------ Iteration 598 --------------------------#
[20260604 05:50:14 @multi_evo_agent_runner.py:85] Sampling 50000 steps by 12 slaves, spending 13.54 s.
[20260604 05:50:53 @multi_evo_agent_runner.py:94] Policy update, spending: 39.40 s.
[20260604 05:50:56 @multi_evo_agent_runner.py:99] Evaluation time: 2.86 s.
[20260604 05:50:56 @multi_evo_agent_runner.py:105] Total time:     602.39 min
[20260604 05:50:56 @multi_evo_agent_runner.py:115] Agent_0 gets eval reward: 464.44.
[20260604 05:50:56 @multi_evo_agent_runner.py:116] Agent_0 gets win rate: 0.39.
[20260604 05:50:56 @multi_evo_agent_runner.py:115] Agent_1 gets eval reward: -653.65.
[20260604 05:50:56 @multi_evo_agent_runner.py:116] Agent_1 gets win rate: 0.14.
[20260604 05:50:56 @multi_evo_agent_runner.py:79] #------------------------ Iteration 599 --------------------------#
[20260604 05:51:09 @multi_evo_agent_runner.py:85] Sampling 50000 steps by 12 slaves, spending 12.67 s.
[20260604 05:52:02 @multi_evo_agent_runner.py:94] Policy update, spending: 53.27 s.
[20260604 05:52:04 @multi_evo_agent_runner.py:99] Evaluation time: 1.88 s.
[20260604 05:52:04 @multi_evo_agent_runner.py:105] Total time:     603.52 min
[20260604 05:52:04 @multi_evo_agent_runner.py:115] Agent_0 gets eval reward: 486.44.
[20260604 05:52:04 @multi_evo_agent_runner.py:116] Agent_0 gets win rate: 0.45.
[20260604 05:52:04 @multi_evo_agent_runner.py:115] Agent_1 gets eval reward: -671.34.
[20260604 05:52:04 @multi_evo_agent_runner.py:116] Agent_1 gets win rate: 0.12.
[20260604 05:52:04 @multi_evo_agent_runner.py:79] #------------------------ Iteration 600 --------------------------#
[20260604 05:52:20 @multi_evo_agent_runner.py:85] Sampling 50000 steps by 12 slaves, spending 15.15 s.
[20260604 05:52:55 @multi_evo_agent_runner.py:94] Policy update, spending: 35.58 s.
[20260604 05:52:57 @multi_evo_agent_runner.py:99] Evaluation time: 1.71 s.
[20260604 05:52:57 @multi_evo_agent_runner.py:105] Total time:     604.40 min
[20260604 05:52:57 @multi_evo_agent_runner.py:115] Agent_0 gets eval reward: 798.33.
[20260604 05:52:57 @multi_evo_agent_runner.py:116] Agent_0 gets win rate: 0.45.
[20260604 05:52:57 @multi_evo_agent_runner.py:115] Agent_1 gets eval reward: -475.70.
[20260604 05:52:57 @multi_evo_agent_runner.py:116] Agent_1 gets win rate: 0.14.
[20260604 05:52:57 @multi_evo_agent_runner.py:79] #------------------------ Iteration 601 --------------------------#
[20260604 05:53:10 @multi_evo_agent_runner.py:85] Sampling 50000 steps by 12 slaves, spending 12.74 s.
[20260604 05:53:45 @multi_evo_agent_runner.py:94] Policy update, spending: 35.71 s.
[20260604 05:53:47 @multi_evo_agent_runner.py:99] Evaluation time: 1.99 s.
[20260604 05:53:47 @multi_evo_agent_runner.py:105] Total time:     605.24 min
[20260604 05:53:47 @multi_evo_agent_runner.py:115] Agent_0 gets eval reward: 490.07.
[20260604 05:53:47 @multi_evo_agent_runner.py:116] Agent_0 gets win rate: 0.34.
[20260604 05:53:47 @multi_evo_agent_runner.py:115] Agent_1 gets eval reward: -662.08.
[20260604 05:53:47 @multi_evo_agent_runner.py:116] Agent_1 gets win rate: 0.10.
[20260604 05:53:48 @multi_evo_agent_runner.py:79] #------------------------ Iteration 602 --------------------------#
[20260604 05:54:01 @multi_evo_agent_runner.py:85] Sampling 50000 steps by 12 slaves, spending 12.93 s.
[20260604 05:54:38 @multi_evo_agent_runner.py:94] Policy update, spending: 37.56 s.
[20260604 05:54:40 @multi_evo_agent_runner.py:99] Evaluation time: 2.14 s.
[20260604 05:54:40 @multi_evo_agent_runner.py:105] Total time:     606.12 min
[20260604 05:54:40 @multi_evo_agent_runner.py:115] Agent_0 gets eval reward: 389.55.
[20260604 05:54:40 @multi_evo_agent_runner.py:116] Agent_0 gets win rate: 0.33.
[20260604 05:54:40 @multi_evo_agent_runner.py:115] Agent_1 gets eval reward: -498.82.
[20260604 05:54:40 @multi_evo_agent_runner.py:116] Agent_1 gets win rate: 0.20.
[20260604 05:54:40 @multi_evo_agent_runner.py:79] #------------------------ Iteration 603 --------------------------#
[20260604 05:54:56 @multi_evo_agent_runner.py:85] Sampling 50000 steps by 12 slaves, spending 15.57 s.
[20260604 05:55:33 @multi_evo_agent_runner.py:94] Policy update, spending: 36.72 s.
[20260604 05:55:34 @multi_evo_agent_runner.py:99] Evaluation time: 1.78 s.
[20260604 05:55:34 @multi_evo_agent_runner.py:105] Total time:     607.02 min
[20260604 05:55:35 @multi_evo_agent_runner.py:115] Agent_0 gets eval reward: 589.53.
[20260604 05:55:35 @multi_evo_agent_runner.py:116] Agent_0 gets win rate: 0.32.
[20260604 05:55:35 @multi_evo_agent_runner.py:115] Agent_1 gets eval reward: -788.11.
[20260604 05:55:35 @multi_evo_agent_runner.py:116] Agent_1 gets win rate: 0.00.
[20260604 05:55:35 @multi_evo_agent_runner.py:79] #------------------------ Iteration 604 --------------------------#
[20260604 05:55:48 @multi_evo_agent_runner.py:85] Sampling 50000 steps by 12 slaves, spending 13.10 s.
[20260604 05:56:27 @multi_evo_agent_runner.py:94] Policy update, spending: 38.98 s.
[20260604 05:56:29 @multi_evo_agent_runner.py:99] Evaluation time: 1.89 s.
[20260604 05:56:29 @multi_evo_agent_runner.py:105] Total time:     607.93 min
[20260604 05:56:29 @multi_evo_agent_runner.py:115] Agent_0 gets eval reward: 497.00.
[20260604 05:56:29 @multi_evo_agent_runner.py:116] Agent_0 gets win rate: 0.36.
[20260604 05:56:29 @multi_evo_agent_runner.py:115] Agent_1 gets eval reward: -408.69.
[20260604 05:56:29 @multi_evo_agent_runner.py:116] Agent_1 gets win rate: 0.15.
[20260604 05:56:29 @multi_evo_agent_runner.py:79] #------------------------ Iteration 605 --------------------------#
[20260604 05:56:41 @multi_evo_agent_runner.py:85] Sampling 50000 steps by 12 slaves, spending 11.99 s.
[20260604 05:57:20 @multi_evo_agent_runner.py:94] Policy update, spending: 38.90 s.
[20260604 05:57:22 @multi_evo_agent_runner.py:99] Evaluation time: 2.66 s.
[20260604 05:57:22 @multi_evo_agent_runner.py:105] Total time:     608.82 min
[20260604 05:57:22 @multi_evo_agent_runner.py:115] Agent_0 gets eval reward: 769.21.
[20260604 05:57:22 @multi_evo_agent_runner.py:116] Agent_0 gets win rate: 0.37.
[20260604 05:57:22 @multi_evo_agent_runner.py:115] Agent_1 gets eval reward: -907.32.
[20260604 05:57:22 @multi_evo_agent_runner.py:116] Agent_1 gets win rate: 0.00.
[20260604 05:57:23 @multi_evo_agent_runner.py:79] #------------------------ Iteration 606 --------------------------#
[20260604 05:57:36 @multi_evo_agent_runner.py:85] Sampling 50000 steps by 12 slaves, spending 13.13 s.
[20260604 05:58:11 @multi_evo_agent_runner.py:94] Policy update, spending: 35.23 s.
[20260604 05:58:13 @multi_evo_agent_runner.py:99] Evaluation time: 1.67 s.
[20260604 05:58:13 @multi_evo_agent_runner.py:105] Total time:     609.66 min
[20260604 05:58:13 @multi_evo_agent_runner.py:115] Agent_0 gets eval reward: 289.25.
[20260604 05:58:13 @multi_evo_agent_runner.py:116] Agent_0 gets win rate: 0.17.
[20260604 05:58:13 @multi_evo_agent_runner.py:115] Agent_1 gets eval reward: -371.74.
[20260604 05:58:13 @multi_evo_agent_runner.py:116] Agent_1 gets win rate: 0.08.
[20260604 05:58:13 @multi_evo_agent_runner.py:79] #------------------------ Iteration 607 --------------------------#
[20260604 05:58:29 @multi_evo_agent_runner.py:85] Sampling 50000 steps by 12 slaves, spending 16.48 s.
[20260604 05:59:05 @multi_evo_agent_runner.py:94] Policy update, spending: 36.29 s.
[20260604 05:59:07 @multi_evo_agent_runner.py:99] Evaluation time: 1.76 s.
[20260604 05:59:07 @multi_evo_agent_runner.py:105] Total time:     610.57 min
[20260604 05:59:07 @multi_evo_agent_runner.py:115] Agent_0 gets eval reward: 192.77.
[20260604 05:59:07 @multi_evo_agent_runner.py:116] Agent_0 gets win rate: 0.12.
[20260604 05:59:07 @multi_evo_agent_runner.py:115] Agent_1 gets eval reward: -550.11.
[20260604 05:59:07 @multi_evo_agent_runner.py:116] Agent_1 gets win rate: 0.04.
[20260604 05:59:07 @multi_evo_agent_runner.py:79] #------------------------ Iteration 608 --------------------------#
[20260604 05:59:22 @multi_evo_agent_runner.py:85] Sampling 50000 steps by 12 slaves, spending 14.12 s.
[20260604 05:59:58 @multi_evo_agent_runner.py:94] Policy update, spending: 36.64 s.
[20260604 06:00:00 @multi_evo_agent_runner.py:99] Evaluation time: 1.72 s.
[20260604 06:00:00 @multi_evo_agent_runner.py:105] Total time:     611.45 min
[20260604 06:00:00 @multi_evo_agent_runner.py:115] Agent_0 gets eval reward: 422.30.
[20260604 06:00:00 @multi_evo_agent_runner.py:116] Agent_0 gets win rate: 0.31.
[20260604 06:00:00 @multi_evo_agent_runner.py:115] Agent_1 gets eval reward: -454.94.
[20260604 06:00:00 @multi_evo_agent_runner.py:116] Agent_1 gets win rate: 0.19.
[20260604 06:00:00 @multi_evo_agent_runner.py:79] #------------------------ Iteration 609 --------------------------#
[20260604 06:00:13 @multi_evo_agent_runner.py:85] Sampling 50000 steps by 12 slaves, spending 12.74 s.
[20260604 06:00:51 @multi_evo_agent_runner.py:94] Policy update, spending: 38.52 s.
[20260604 06:00:54 @multi_evo_agent_runner.py:99] Evaluation time: 2.81 s.
[20260604 06:00:54 @multi_evo_agent_runner.py:105] Total time:     612.35 min
[20260604 06:00:54 @multi_evo_agent_runner.py:115] Agent_0 gets eval reward: 352.50.
[20260604 06:00:54 @multi_evo_agent_runner.py:116] Agent_0 gets win rate: 0.26.
[20260604 06:00:54 @multi_evo_agent_runner.py:115] Agent_1 gets eval reward: -549.86.
[20260604 06:00:54 @multi_evo_agent_runner.py:116] Agent_1 gets win rate: 0.11.
[20260604 06:00:54 @multi_evo_agent_runner.py:79] #------------------------ Iteration 610 --------------------------#
[20260604 06:01:08 @multi_evo_agent_runner.py:85] Sampling 50000 steps by 12 slaves, spending 13.50 s.
[20260604 06:01:47 @multi_evo_agent_runner.py:94] Policy update, spending: 38.82 s.
[20260604 06:01:49 @multi_evo_agent_runner.py:99] Evaluation time: 1.92 s.
[20260604 06:01:49 @multi_evo_agent_runner.py:105] Total time:     613.26 min
[20260604 06:01:49 @multi_evo_agent_runner.py:115] Agent_0 gets eval reward: -85.63.
[20260604 06:01:49 @multi_evo_agent_runner.py:116] Agent_0 gets win rate: 0.09.
[20260604 06:01:49 @multi_evo_agent_runner.py:115] Agent_1 gets eval reward: -638.48.
[20260604 06:01:49 @multi_evo_agent_runner.py:116] Agent_1 gets win rate: 0.00.
[20260604 06:01:49 @multi_evo_agent_runner.py:79] #------------------------ Iteration 611 --------------------------#
[20260604 06:02:05 @multi_evo_agent_runner.py:85] Sampling 50000 steps by 12 slaves, spending 16.04 s.
[20260604 06:02:42 @multi_evo_agent_runner.py:94] Policy update, spending: 36.99 s.
[20260604 06:02:44 @multi_evo_agent_runner.py:99] Evaluation time: 1.86 s.
[20260604 06:02:44 @multi_evo_agent_runner.py:105] Total time:     614.18 min
[20260604 06:02:44 @multi_evo_agent_runner.py:115] Agent_0 gets eval reward: 30.55.
[20260604 06:02:44 @multi_evo_agent_runner.py:116] Agent_0 gets win rate: 0.09.
[20260604 06:02:44 @multi_evo_agent_runner.py:115] Agent_1 gets eval reward: -704.12.
[20260604 06:02:44 @multi_evo_agent_runner.py:116] Agent_1 gets win rate: 0.00.
[20260604 06:02:44 @multi_evo_agent_runner.py:79] #------------------------ Iteration 612 --------------------------#
[20260604 06:02:57 @multi_evo_agent_runner.py:85] Sampling 50000 steps by 12 slaves, spending 12.84 s.
[20260604 06:03:35 @multi_evo_agent_runner.py:94] Policy update, spending: 38.39 s.
[20260604 06:03:37 @multi_evo_agent_runner.py:99] Evaluation time: 1.55 s.
[20260604 06:03:37 @multi_evo_agent_runner.py:105] Total time:     615.06 min
[20260604 06:03:37 @multi_evo_agent_runner.py:115] Agent_0 gets eval reward: 629.84.
[20260604 06:03:37 @multi_evo_agent_runner.py:116] Agent_0 gets win rate: 0.33.
[20260604 06:03:37 @multi_evo_agent_runner.py:115] Agent_1 gets eval reward: -659.78.
[20260604 06:03:37 @multi_evo_agent_runner.py:116] Agent_1 gets win rate: 0.04.
[20260604 06:03:37 @multi_evo_agent_runner.py:79] #------------------------ Iteration 613 --------------------------#
[20260604 06:03:50 @multi_evo_agent_runner.py:85] Sampling 50000 steps by 12 slaves, spending 12.80 s.
[20260604 06:04:28 @multi_evo_agent_runner.py:94] Policy update, spending: 38.60 s.
[20260604 06:04:30 @multi_evo_agent_runner.py:99] Evaluation time: 2.29 s.
[20260604 06:04:30 @multi_evo_agent_runner.py:105] Total time:     615.96 min
[20260604 06:04:31 @multi_evo_agent_runner.py:115] Agent_0 gets eval reward: 542.24.
[20260604 06:04:31 @multi_evo_agent_runner.py:116] Agent_0 gets win rate: 0.28.
[20260604 06:04:31 @multi_evo_agent_runner.py:115] Agent_1 gets eval reward: -695.77.
[20260604 06:04:31 @multi_evo_agent_runner.py:116] Agent_1 gets win rate: 0.04.
[20260604 06:04:31 @multi_evo_agent_runner.py:79] #------------------------ Iteration 614 --------------------------#
[20260604 06:04:43 @multi_evo_agent_runner.py:85] Sampling 50000 steps by 12 slaves, spending 12.27 s.
[20260604 06:05:17 @multi_evo_agent_runner.py:94] Policy update, spending: 34.51 s.
[20260604 06:05:19 @multi_evo_agent_runner.py:99] Evaluation time: 1.81 s.
[20260604 06:05:19 @multi_evo_agent_runner.py:105] Total time:     616.77 min
[20260604 06:05:19 @multi_evo_agent_runner.py:115] Agent_0 gets eval reward: 177.00.
[20260604 06:05:19 @multi_evo_agent_runner.py:116] Agent_0 gets win rate: 0.13.
[20260604 06:05:19 @multi_evo_agent_runner.py:115] Agent_1 gets eval reward: -487.70.
[20260604 06:05:19 @multi_evo_agent_runner.py:116] Agent_1 gets win rate: 0.04.
[20260604 06:05:19 @multi_evo_agent_runner.py:79] #------------------------ Iteration 615 --------------------------#
[20260604 06:05:36 @multi_evo_agent_runner.py:85] Sampling 50000 steps by 12 slaves, spending 16.16 s.
[20260604 06:06:12 @multi_evo_agent_runner.py:94] Policy update, spending: 36.33 s.
[20260604 06:06:14 @multi_evo_agent_runner.py:99] Evaluation time: 1.68 s.
[20260604 06:06:14 @multi_evo_agent_runner.py:105] Total time:     617.68 min
[20260604 06:06:14 @multi_evo_agent_runner.py:115] Agent_0 gets eval reward: 489.22.
[20260604 06:06:14 @multi_evo_agent_runner.py:116] Agent_0 gets win rate: 0.41.
[20260604 06:06:14 @multi_evo_agent_runner.py:115] Agent_1 gets eval reward: -851.61.
[20260604 06:06:14 @multi_evo_agent_runner.py:116] Agent_1 gets win rate: 0.03.
[20260604 06:06:14 @multi_evo_agent_runner.py:79] #------------------------ Iteration 616 --------------------------#
[20260604 06:06:27 @multi_evo_agent_runner.py:85] Sampling 50000 steps by 12 slaves, spending 13.09 s.
[20260604 06:07:04 @multi_evo_agent_runner.py:94] Policy update, spending: 37.29 s.
[20260604 06:07:06 @multi_evo_agent_runner.py:99] Evaluation time: 1.86 s.
[20260604 06:07:06 @multi_evo_agent_runner.py:105] Total time:     618.55 min
[20260604 06:07:06 @multi_evo_agent_runner.py:115] Agent_0 gets eval reward: 246.30.
[20260604 06:07:06 @multi_evo_agent_runner.py:116] Agent_0 gets win rate: 0.12.
[20260604 06:07:06 @multi_evo_agent_runner.py:115] Agent_1 gets eval reward: -372.71.
[20260604 06:07:06 @multi_evo_agent_runner.py:116] Agent_1 gets win rate: 0.08.
[20260604 06:07:06 @multi_evo_agent_runner.py:79] #------------------------ Iteration 617 --------------------------#
[20260604 06:07:18 @multi_evo_agent_runner.py:85] Sampling 50000 steps by 12 slaves, spending 12.21 s.
[20260604 06:07:58 @multi_evo_agent_runner.py:94] Policy update, spending: 39.96 s.
[20260604 06:08:01 @multi_evo_agent_runner.py:99] Evaluation time: 2.24 s.
[20260604 06:08:01 @multi_evo_agent_runner.py:105] Total time:     619.46 min
[20260604 06:08:01 @multi_evo_agent_runner.py:115] Agent_0 gets eval reward: 67.30.
[20260604 06:08:01 @multi_evo_agent_runner.py:116] Agent_0 gets win rate: 0.12.
[20260604 06:08:01 @multi_evo_agent_runner.py:115] Agent_1 gets eval reward: -473.70.
[20260604 06:08:01 @multi_evo_agent_runner.py:116] Agent_1 gets win rate: 0.08.
[20260604 06:08:01 @multi_evo_agent_runner.py:79] #------------------------ Iteration 618 --------------------------#
[20260604 06:08:13 @multi_evo_agent_runner.py:85] Sampling 50000 steps by 12 slaves, spending 12.77 s.
[20260604 06:09:07 @multi_evo_agent_runner.py:94] Policy update, spending: 53.55 s.
[20260604 06:09:09 @multi_evo_agent_runner.py:99] Evaluation time: 1.66 s.
[20260604 06:09:09 @multi_evo_agent_runner.py:105] Total time:     620.60 min
[20260604 06:09:09 @multi_evo_agent_runner.py:115] Agent_0 gets eval reward: 521.75.
[20260604 06:09:09 @multi_evo_agent_runner.py:116] Agent_0 gets win rate: 0.30.
[20260604 06:09:09 @multi_evo_agent_runner.py:115] Agent_1 gets eval reward: -589.64.
[20260604 06:09:09 @multi_evo_agent_runner.py:116] Agent_1 gets win rate: 0.11.
[20260604 06:09:09 @multi_evo_agent_runner.py:79] #------------------------ Iteration 619 --------------------------#
[20260604 06:09:24 @multi_evo_agent_runner.py:85] Sampling 50000 steps by 12 slaves, spending 15.57 s.
[20260604 06:10:01 @multi_evo_agent_runner.py:94] Policy update, spending: 36.67 s.
[20260604 06:10:03 @multi_evo_agent_runner.py:99] Evaluation time: 2.10 s.
[20260604 06:10:03 @multi_evo_agent_runner.py:105] Total time:     621.50 min
[20260604 06:10:03 @multi_evo_agent_runner.py:115] Agent_0 gets eval reward: 230.04.
[20260604 06:10:03 @multi_evo_agent_runner.py:116] Agent_0 gets win rate: 0.27.
[20260604 06:10:03 @multi_evo_agent_runner.py:115] Agent_1 gets eval reward: -451.03.
[20260604 06:10:03 @multi_evo_agent_runner.py:116] Agent_1 gets win rate: 0.15.
[20260604 06:10:03 @multi_evo_agent_runner.py:79] #------------------------ Iteration 620 --------------------------#
[20260604 06:10:16 @multi_evo_agent_runner.py:85] Sampling 50000 steps by 12 slaves, spending 12.46 s.
[20260604 06:10:52 @multi_evo_agent_runner.py:94] Policy update, spending: 35.96 s.
[20260604 06:10:54 @multi_evo_agent_runner.py:99] Evaluation time: 1.95 s.
[20260604 06:10:54 @multi_evo_agent_runner.py:105] Total time:     622.35 min
[20260604 06:10:54 @multi_evo_agent_runner.py:115] Agent_0 gets eval reward: 505.11.
[20260604 06:10:54 @multi_evo_agent_runner.py:116] Agent_0 gets win rate: 0.31.
[20260604 06:10:54 @multi_evo_agent_runner.py:115] Agent_1 gets eval reward: -472.80.
[20260604 06:10:54 @multi_evo_agent_runner.py:116] Agent_1 gets win rate: 0.15.
[20260604 06:10:54 @multi_evo_agent_runner.py:79] #------------------------ Iteration 621 --------------------------#
[20260604 06:11:07 @multi_evo_agent_runner.py:85] Sampling 50000 steps by 12 slaves, spending 13.03 s.
[20260604 06:11:47 @multi_evo_agent_runner.py:94] Policy update, spending: 39.86 s.
[20260604 06:11:49 @multi_evo_agent_runner.py:99] Evaluation time: 2.11 s.
[20260604 06:11:49 @multi_evo_agent_runner.py:105] Total time:     623.27 min
[20260604 06:11:49 @multi_evo_agent_runner.py:115] Agent_0 gets eval reward: 45.37.
[20260604 06:11:49 @multi_evo_agent_runner.py:116] Agent_0 gets win rate: 0.13.
[20260604 06:11:49 @multi_evo_agent_runner.py:115] Agent_1 gets eval reward: -429.41.
[20260604 06:11:49 @multi_evo_agent_runner.py:116] Agent_1 gets win rate: 0.04.
[20260604 06:11:49 @multi_evo_agent_runner.py:79] #------------------------ Iteration 622 --------------------------#
[20260604 06:12:04 @multi_evo_agent_runner.py:85] Sampling 50000 steps by 12 slaves, spending 14.39 s.
[20260604 06:12:41 @multi_evo_agent_runner.py:94] Policy update, spending: 37.31 s.
[20260604 06:12:43 @multi_evo_agent_runner.py:99] Evaluation time: 1.78 s.
[20260604 06:12:43 @multi_evo_agent_runner.py:105] Total time:     624.16 min
[20260604 06:12:43 @multi_evo_agent_runner.py:115] Agent_0 gets eval reward: 313.48.
[20260604 06:12:43 @multi_evo_agent_runner.py:116] Agent_0 gets win rate: 0.19.
[20260604 06:12:43 @multi_evo_agent_runner.py:115] Agent_1 gets eval reward: -651.68.
[20260604 06:12:43 @multi_evo_agent_runner.py:116] Agent_1 gets win rate: 0.08.
[20260604 06:12:43 @multi_evo_agent_runner.py:79] #------------------------ Iteration 623 --------------------------#
[20260604 06:12:57 @multi_evo_agent_runner.py:85] Sampling 50000 steps by 12 slaves, spending 14.57 s.
[20260604 06:13:37 @multi_evo_agent_runner.py:94] Policy update, spending: 39.36 s.
[20260604 06:13:39 @multi_evo_agent_runner.py:99] Evaluation time: 1.75 s.
[20260604 06:13:39 @multi_evo_agent_runner.py:105] Total time:     625.09 min
[20260604 06:13:39 @multi_evo_agent_runner.py:115] Agent_0 gets eval reward: -110.25.
[20260604 06:13:39 @multi_evo_agent_runner.py:116] Agent_0 gets win rate: 0.16.
[20260604 06:13:39 @multi_evo_agent_runner.py:115] Agent_1 gets eval reward: -623.44.
[20260604 06:13:39 @multi_evo_agent_runner.py:116] Agent_1 gets win rate: 0.12.
[20260604 06:13:39 @multi_evo_agent_runner.py:79] #------------------------ Iteration 624 --------------------------#
[20260604 06:13:51 @multi_evo_agent_runner.py:85] Sampling 50000 steps by 12 slaves, spending 12.59 s.
[20260604 06:14:28 @multi_evo_agent_runner.py:94] Policy update, spending: 36.83 s.
[20260604 06:14:30 @multi_evo_agent_runner.py:99] Evaluation time: 2.10 s.
[20260604 06:14:30 @multi_evo_agent_runner.py:105] Total time:     625.95 min
[20260604 06:14:30 @multi_evo_agent_runner.py:115] Agent_0 gets eval reward: 202.07.
[20260604 06:14:30 @multi_evo_agent_runner.py:116] Agent_0 gets win rate: 0.24.
[20260604 06:14:30 @multi_evo_agent_runner.py:115] Agent_1 gets eval reward: -553.83.
[20260604 06:14:30 @multi_evo_agent_runner.py:116] Agent_1 gets win rate: 0.10.
[20260604 06:14:30 @multi_evo_agent_runner.py:79] #------------------------ Iteration 625 --------------------------#
[20260604 06:14:42 @multi_evo_agent_runner.py:85] Sampling 50000 steps by 12 slaves, spending 11.82 s.
[20260604 06:15:40 @multi_evo_agent_runner.py:94] Policy update, spending: 58.11 s.
[20260604 06:15:42 @multi_evo_agent_runner.py:99] Evaluation time: 1.79 s.
[20260604 06:15:42 @multi_evo_agent_runner.py:105] Total time:     627.15 min
[20260604 06:15:42 @multi_evo_agent_runner.py:115] Agent_0 gets eval reward: 632.70.
[20260604 06:15:42 @multi_evo_agent_runner.py:116] Agent_0 gets win rate: 0.36.
[20260604 06:15:42 @multi_evo_agent_runner.py:115] Agent_1 gets eval reward: -614.68.
[20260604 06:15:42 @multi_evo_agent_runner.py:116] Agent_1 gets win rate: 0.07.
[20260604 06:15:42 @multi_evo_agent_runner.py:79] #------------------------ Iteration 626 --------------------------#
[20260604 06:15:58 @multi_evo_agent_runner.py:85] Sampling 50000 steps by 12 slaves, spending 16.09 s.
[20260604 06:16:40 @multi_evo_agent_runner.py:94] Policy update, spending: 41.96 s.
[20260604 06:16:42 @multi_evo_agent_runner.py:99] Evaluation time: 1.80 s.
[20260604 06:16:42 @multi_evo_agent_runner.py:105] Total time:     628.15 min
[20260604 06:16:42 @multi_evo_agent_runner.py:115] Agent_0 gets eval reward: 460.65.
[20260604 06:16:42 @multi_evo_agent_runner.py:116] Agent_0 gets win rate: 0.28.
[20260604 06:16:42 @multi_evo_agent_runner.py:115] Agent_1 gets eval reward: -287.57.
[20260604 06:16:42 @multi_evo_agent_runner.py:116] Agent_1 gets win rate: 0.22.
[20260604 06:16:42 @multi_evo_agent_runner.py:79] #------------------------ Iteration 627 --------------------------#
[20260604 06:16:55 @multi_evo_agent_runner.py:85] Sampling 50000 steps by 12 slaves, spending 12.54 s.
[20260604 06:17:35 @multi_evo_agent_runner.py:94] Policy update, spending: 40.39 s.
[20260604 06:17:37 @multi_evo_agent_runner.py:99] Evaluation time: 2.04 s.
[20260604 06:17:37 @multi_evo_agent_runner.py:105] Total time:     629.07 min
[20260604 06:17:37 @multi_evo_agent_runner.py:115] Agent_0 gets eval reward: 228.73.
[20260604 06:17:37 @multi_evo_agent_runner.py:116] Agent_0 gets win rate: 0.17.
[20260604 06:17:37 @multi_evo_agent_runner.py:115] Agent_1 gets eval reward: -511.02.
[20260604 06:17:37 @multi_evo_agent_runner.py:116] Agent_1 gets win rate: 0.08.
[20260604 06:17:38 @multi_evo_agent_runner.py:79] #------------------------ Iteration 628 --------------------------#
[20260604 06:17:51 @multi_evo_agent_runner.py:85] Sampling 50000 steps by 12 slaves, spending 13.76 s.
[20260604 06:18:29 @multi_evo_agent_runner.py:94] Policy update, spending: 38.18 s.
[20260604 06:18:32 @multi_evo_agent_runner.py:99] Evaluation time: 2.28 s.
[20260604 06:18:32 @multi_evo_agent_runner.py:105] Total time:     629.98 min
[20260604 06:18:32 @multi_evo_agent_runner.py:115] Agent_0 gets eval reward: 87.91.
[20260604 06:18:32 @multi_evo_agent_runner.py:116] Agent_0 gets win rate: 0.12.
[20260604 06:18:32 @multi_evo_agent_runner.py:115] Agent_1 gets eval reward: -493.36.
[20260604 06:18:32 @multi_evo_agent_runner.py:116] Agent_1 gets win rate: 0.12.
[20260604 06:18:32 @multi_evo_agent_runner.py:79] #------------------------ Iteration 629 --------------------------#
[20260604 06:18:47 @multi_evo_agent_runner.py:85] Sampling 50000 steps by 12 slaves, spending 14.94 s.
[20260604 06:19:24 @multi_evo_agent_runner.py:94] Policy update, spending: 36.90 s.
[20260604 06:19:26 @multi_evo_agent_runner.py:99] Evaluation time: 1.99 s.
[20260604 06:19:26 @multi_evo_agent_runner.py:105] Total time:     630.88 min
[20260604 06:19:26 @multi_evo_agent_runner.py:115] Agent_0 gets eval reward: 356.71.
[20260604 06:19:26 @multi_evo_agent_runner.py:116] Agent_0 gets win rate: 0.16.
[20260604 06:19:26 @multi_evo_agent_runner.py:115] Agent_1 gets eval reward: -675.89.
[20260604 06:19:26 @multi_evo_agent_runner.py:116] Agent_1 gets win rate: 0.08.
[20260604 06:19:26 @multi_evo_agent_runner.py:79] #------------------------ Iteration 630 --------------------------#
[20260604 06:19:39 @multi_evo_agent_runner.py:85] Sampling 50000 steps by 12 slaves, spending 12.70 s.
[20260604 06:20:14 @multi_evo_agent_runner.py:94] Policy update, spending: 35.71 s.
[20260604 06:20:16 @multi_evo_agent_runner.py:99] Evaluation time: 1.79 s.
[20260604 06:20:16 @multi_evo_agent_runner.py:105] Total time:     631.72 min
[20260604 06:20:16 @multi_evo_agent_runner.py:115] Agent_0 gets eval reward: -187.19.
[20260604 06:20:16 @multi_evo_agent_runner.py:116] Agent_0 gets win rate: 0.08.
[20260604 06:20:16 @multi_evo_agent_runner.py:115] Agent_1 gets eval reward: -334.72.
[20260604 06:20:16 @multi_evo_agent_runner.py:116] Agent_1 gets win rate: 0.20.
[20260604 06:20:16 @multi_evo_agent_runner.py:79] #------------------------ Iteration 631 --------------------------#
[20260604 06:20:29 @multi_evo_agent_runner.py:85] Sampling 50000 steps by 12 slaves, spending 12.28 s.
[20260604 06:21:07 @multi_evo_agent_runner.py:94] Policy update, spending: 38.55 s.
[20260604 06:21:10 @multi_evo_agent_runner.py:99] Evaluation time: 2.92 s.
[20260604 06:21:10 @multi_evo_agent_runner.py:105] Total time:     632.62 min
[20260604 06:21:10 @multi_evo_agent_runner.py:115] Agent_0 gets eval reward: 201.24.
[20260604 06:21:10 @multi_evo_agent_runner.py:116] Agent_0 gets win rate: 0.08.
[20260604 06:21:10 @multi_evo_agent_runner.py:115] Agent_1 gets eval reward: -476.53.
[20260604 06:21:10 @multi_evo_agent_runner.py:116] Agent_1 gets win rate: 0.08.
[20260604 06:21:10 @multi_evo_agent_runner.py:79] #------------------------ Iteration 632 --------------------------#
[20260604 06:21:25 @multi_evo_agent_runner.py:85] Sampling 50000 steps by 12 slaves, spending 14.62 s.
[20260604 06:22:03 @multi_evo_agent_runner.py:94] Policy update, spending: 37.70 s.
[20260604 06:22:05 @multi_evo_agent_runner.py:99] Evaluation time: 2.01 s.
[20260604 06:22:05 @multi_evo_agent_runner.py:105] Total time:     633.53 min
[20260604 06:22:05 @multi_evo_agent_runner.py:115] Agent_0 gets eval reward: 238.53.
[20260604 06:22:05 @multi_evo_agent_runner.py:116] Agent_0 gets win rate: 0.27.
[20260604 06:22:05 @multi_evo_agent_runner.py:115] Agent_1 gets eval reward: -336.88.
[20260604 06:22:05 @multi_evo_agent_runner.py:116] Agent_1 gets win rate: 0.18.
[20260604 06:22:05 @multi_evo_agent_runner.py:79] #------------------------ Iteration 633 --------------------------#
[20260604 06:22:19 @multi_evo_agent_runner.py:85] Sampling 50000 steps by 12 slaves, spending 14.29 s.
[20260604 06:23:04 @multi_evo_agent_runner.py:94] Policy update, spending: 44.96 s.
[20260604 06:23:06 @multi_evo_agent_runner.py:99] Evaluation time: 1.94 s.
[20260604 06:23:06 @multi_evo_agent_runner.py:105] Total time:     634.55 min
[20260604 06:23:06 @multi_evo_agent_runner.py:115] Agent_0 gets eval reward: 174.46.
[20260604 06:23:06 @multi_evo_agent_runner.py:116] Agent_0 gets win rate: 0.25.
[20260604 06:23:06 @multi_evo_agent_runner.py:115] Agent_1 gets eval reward: -151.63.
[20260604 06:23:06 @multi_evo_agent_runner.py:116] Agent_1 gets win rate: 0.28.
[20260604 06:23:06 @multi_evo_agent_runner.py:79] #------------------------ Iteration 634 --------------------------#
[20260604 06:23:19 @multi_evo_agent_runner.py:85] Sampling 50000 steps by 12 slaves, spending 13.10 s.
[20260604 06:23:55 @multi_evo_agent_runner.py:94] Policy update, spending: 35.81 s.
[20260604 06:23:57 @multi_evo_agent_runner.py:99] Evaluation time: 1.82 s.
[20260604 06:23:57 @multi_evo_agent_runner.py:105] Total time:     635.40 min
[20260604 06:23:57 @multi_evo_agent_runner.py:115] Agent_0 gets eval reward: 131.82.
[20260604 06:23:57 @multi_evo_agent_runner.py:116] Agent_0 gets win rate: 0.16.
[20260604 06:23:57 @multi_evo_agent_runner.py:115] Agent_1 gets eval reward: -482.91.
[20260604 06:23:57 @multi_evo_agent_runner.py:116] Agent_1 gets win rate: 0.08.
[20260604 06:23:57 @multi_evo_agent_runner.py:79] #------------------------ Iteration 635 --------------------------#
[20260604 06:24:10 @multi_evo_agent_runner.py:85] Sampling 50000 steps by 12 slaves, spending 13.04 s.
[20260604 06:24:47 @multi_evo_agent_runner.py:94] Policy update, spending: 36.79 s.
[20260604 06:24:49 @multi_evo_agent_runner.py:99] Evaluation time: 2.51 s.
[20260604 06:24:49 @multi_evo_agent_runner.py:105] Total time:     636.27 min
[20260604 06:24:50 @multi_evo_agent_runner.py:115] Agent_0 gets eval reward: 422.18.
[20260604 06:24:50 @multi_evo_agent_runner.py:116] Agent_0 gets win rate: 0.29.
[20260604 06:24:50 @multi_evo_agent_runner.py:115] Agent_1 gets eval reward: -577.06.
[20260604 06:24:50 @multi_evo_agent_runner.py:116] Agent_1 gets win rate: 0.11.
[20260604 06:24:50 @multi_evo_agent_runner.py:79] #------------------------ Iteration 636 --------------------------#
[20260604 06:25:05 @multi_evo_agent_runner.py:85] Sampling 50000 steps by 12 slaves, spending 15.43 s.
[20260604 06:25:42 @multi_evo_agent_runner.py:94] Policy update, spending: 37.00 s.
[20260604 06:25:44 @multi_evo_agent_runner.py:99] Evaluation time: 2.05 s.
[20260604 06:25:44 @multi_evo_agent_runner.py:105] Total time:     637.19 min
[20260604 06:25:44 @multi_evo_agent_runner.py:115] Agent_0 gets eval reward: 263.71.
[20260604 06:25:44 @multi_evo_agent_runner.py:116] Agent_0 gets win rate: 0.32.
[20260604 06:25:44 @multi_evo_agent_runner.py:115] Agent_1 gets eval reward: -562.69.
[20260604 06:25:44 @multi_evo_agent_runner.py:116] Agent_1 gets win rate: 0.14.
[20260604 06:25:44 @multi_evo_agent_runner.py:79] #------------------------ Iteration 637 --------------------------#
[20260604 06:25:59 @multi_evo_agent_runner.py:85] Sampling 50000 steps by 12 slaves, spending 14.36 s.
[20260604 06:26:51 @multi_evo_agent_runner.py:94] Policy update, spending: 52.07 s.
[20260604 06:26:52 @multi_evo_agent_runner.py:99] Evaluation time: 1.59 s.
[20260604 06:26:52 @multi_evo_agent_runner.py:105] Total time:     638.32 min
[20260604 06:26:52 @multi_evo_agent_runner.py:115] Agent_0 gets eval reward: 252.10.
[20260604 06:26:52 @multi_evo_agent_runner.py:116] Agent_0 gets win rate: 0.23.
[20260604 06:26:52 @multi_evo_agent_runner.py:115] Agent_1 gets eval reward: -698.24.
[20260604 06:26:52 @multi_evo_agent_runner.py:116] Agent_1 gets win rate: 0.08.
[20260604 06:26:52 @multi_evo_agent_runner.py:79] #------------------------ Iteration 638 --------------------------#
[20260604 06:27:06 @multi_evo_agent_runner.py:85] Sampling 50000 steps by 12 slaves, spending 13.29 s.
[20260604 06:27:43 @multi_evo_agent_runner.py:94] Policy update, spending: 37.50 s.
[20260604 06:27:45 @multi_evo_agent_runner.py:99] Evaluation time: 2.20 s.
[20260604 06:27:45 @multi_evo_agent_runner.py:105] Total time:     639.21 min
[20260604 06:27:45 @multi_evo_agent_runner.py:115] Agent_0 gets eval reward: 512.09.
[20260604 06:27:45 @multi_evo_agent_runner.py:116] Agent_0 gets win rate: 0.51.
[20260604 06:27:46 @multi_evo_agent_runner.py:115] Agent_1 gets eval reward: -693.03.
[20260604 06:27:46 @multi_evo_agent_runner.py:116] Agent_1 gets win rate: 0.21.
[20260604 06:27:46 @multi_evo_agent_runner.py:79] #------------------------ Iteration 639 --------------------------#
[20260604 06:27:58 @multi_evo_agent_runner.py:85] Sampling 50000 steps by 12 slaves, spending 12.31 s.
[20260604 06:28:40 @multi_evo_agent_runner.py:94] Policy update, spending: 42.53 s.
[20260604 06:28:42 @multi_evo_agent_runner.py:99] Evaluation time: 1.55 s.
[20260604 06:28:42 @multi_evo_agent_runner.py:105] Total time:     640.15 min
[20260604 06:28:42 @multi_evo_agent_runner.py:115] Agent_0 gets eval reward: -38.77.
[20260604 06:28:42 @multi_evo_agent_runner.py:116] Agent_0 gets win rate: 0.19.
[20260604 06:28:42 @multi_evo_agent_runner.py:115] Agent_1 gets eval reward: -526.66.
[20260604 06:28:42 @multi_evo_agent_runner.py:116] Agent_1 gets win rate: 0.12.
[20260604 06:28:42 @multi_evo_agent_runner.py:79] #------------------------ Iteration 640 --------------------------#
[20260604 06:28:59 @multi_evo_agent_runner.py:85] Sampling 50000 steps by 12 slaves, spending 16.55 s.
[20260604 06:29:35 @multi_evo_agent_runner.py:94] Policy update, spending: 36.78 s.
[20260604 06:29:37 @multi_evo_agent_runner.py:99] Evaluation time: 1.89 s.
[20260604 06:29:37 @multi_evo_agent_runner.py:105] Total time:     641.07 min
[20260604 06:29:37 @multi_evo_agent_runner.py:115] Agent_0 gets eval reward: 527.31.
[20260604 06:29:37 @multi_evo_agent_runner.py:116] Agent_0 gets win rate: 0.40.
[20260604 06:29:37 @multi_evo_agent_runner.py:115] Agent_1 gets eval reward: -730.03.
[20260604 06:29:37 @multi_evo_agent_runner.py:116] Agent_1 gets win rate: 0.14.
[20260604 06:29:38 @multi_evo_agent_runner.py:79] #------------------------ Iteration 641 --------------------------#
[20260604 06:29:51 @multi_evo_agent_runner.py:85] Sampling 50000 steps by 12 slaves, spending 13.23 s.
[20260604 06:30:27 @multi_evo_agent_runner.py:94] Policy update, spending: 36.68 s.
[20260604 06:30:29 @multi_evo_agent_runner.py:99] Evaluation time: 1.73 s.
[20260604 06:30:29 @multi_evo_agent_runner.py:105] Total time:     641.94 min
[20260604 06:30:29 @multi_evo_agent_runner.py:115] Agent_0 gets eval reward: 473.67.
[20260604 06:30:29 @multi_evo_agent_runner.py:116] Agent_0 gets win rate: 0.33.
[20260604 06:30:29 @multi_evo_agent_runner.py:115] Agent_1 gets eval reward: -780.00.
[20260604 06:30:29 @multi_evo_agent_runner.py:116] Agent_1 gets win rate: 0.04.
[20260604 06:30:29 @multi_evo_agent_runner.py:79] #------------------------ Iteration 642 --------------------------#
[20260604 06:30:43 @multi_evo_agent_runner.py:85] Sampling 50000 steps by 12 slaves, spending 13.96 s.
[20260604 06:31:21 @multi_evo_agent_runner.py:94] Policy update, spending: 37.32 s.
[20260604 06:31:23 @multi_evo_agent_runner.py:99] Evaluation time: 2.08 s.
[20260604 06:31:23 @multi_evo_agent_runner.py:105] Total time:     642.83 min
[20260604 06:31:23 @multi_evo_agent_runner.py:115] Agent_0 gets eval reward: 147.49.
[20260604 06:31:23 @multi_evo_agent_runner.py:116] Agent_0 gets win rate: 0.29.
[20260604 06:31:23 @multi_evo_agent_runner.py:115] Agent_1 gets eval reward: -638.08.
[20260604 06:31:23 @multi_evo_agent_runner.py:116] Agent_1 gets win rate: 0.14.
[20260604 06:31:23 @multi_evo_agent_runner.py:79] #------------------------ Iteration 643 --------------------------#
[20260604 06:31:35 @multi_evo_agent_runner.py:85] Sampling 50000 steps by 12 slaves, spending 12.03 s.
[20260604 06:32:29 @multi_evo_agent_runner.py:94] Policy update, spending: 53.89 s.
[20260604 06:32:31 @multi_evo_agent_runner.py:99] Evaluation time: 1.76 s.
[20260604 06:32:31 @multi_evo_agent_runner.py:105] Total time:     643.96 min
[20260604 06:32:31 @multi_evo_agent_runner.py:115] Agent_0 gets eval reward: 290.74.
[20260604 06:32:31 @multi_evo_agent_runner.py:116] Agent_0 gets win rate: 0.34.
[20260604 06:32:31 @multi_evo_agent_runner.py:115] Agent_1 gets eval reward: -607.06.
[20260604 06:32:31 @multi_evo_agent_runner.py:116] Agent_1 gets win rate: 0.16.
[20260604 06:32:31 @multi_evo_agent_runner.py:79] #------------------------ Iteration 644 --------------------------#
[20260604 06:32:48 @multi_evo_agent_runner.py:85] Sampling 50000 steps by 12 slaves, spending 17.00 s.
[20260604 06:33:25 @multi_evo_agent_runner.py:94] Policy update, spending: 37.12 s.
[20260604 06:33:27 @multi_evo_agent_runner.py:99] Evaluation time: 1.66 s.
[20260604 06:33:27 @multi_evo_agent_runner.py:105] Total time:     644.89 min
[20260604 06:33:27 @multi_evo_agent_runner.py:115] Agent_0 gets eval reward: 151.20.
[20260604 06:33:27 @multi_evo_agent_runner.py:116] Agent_0 gets win rate: 0.23.
[20260604 06:33:27 @multi_evo_agent_runner.py:115] Agent_1 gets eval reward: -674.14.
[20260604 06:33:27 @multi_evo_agent_runner.py:116] Agent_1 gets win rate: 0.12.
[20260604 06:33:27 @multi_evo_agent_runner.py:79] #------------------------ Iteration 645 --------------------------#
[20260604 06:33:40 @multi_evo_agent_runner.py:85] Sampling 50000 steps by 12 slaves, spending 13.60 s.
[20260604 06:34:18 @multi_evo_agent_runner.py:94] Policy update, spending: 38.11 s.
[20260604 06:34:20 @multi_evo_agent_runner.py:99] Evaluation time: 1.79 s.
[20260604 06:34:20 @multi_evo_agent_runner.py:105] Total time:     645.79 min
[20260604 06:34:20 @multi_evo_agent_runner.py:115] Agent_0 gets eval reward: -103.15.
[20260604 06:34:20 @multi_evo_agent_runner.py:116] Agent_0 gets win rate: 0.18.
[20260604 06:34:20 @multi_evo_agent_runner.py:115] Agent_1 gets eval reward: -219.14.
[20260604 06:34:20 @multi_evo_agent_runner.py:116] Agent_1 gets win rate: 0.29.
[20260604 06:34:20 @multi_evo_agent_runner.py:79] #------------------------ Iteration 646 --------------------------#
[20260604 06:34:33 @multi_evo_agent_runner.py:85] Sampling 50000 steps by 12 slaves, spending 12.83 s.
[20260604 06:35:10 @multi_evo_agent_runner.py:94] Policy update, spending: 36.45 s.
[20260604 06:35:12 @multi_evo_agent_runner.py:99] Evaluation time: 2.10 s.
[20260604 06:35:12 @multi_evo_agent_runner.py:105] Total time:     646.65 min
[20260604 06:35:12 @multi_evo_agent_runner.py:115] Agent_0 gets eval reward: 192.87.
[20260604 06:35:12 @multi_evo_agent_runner.py:116] Agent_0 gets win rate: 0.12.
[20260604 06:35:12 @multi_evo_agent_runner.py:115] Agent_1 gets eval reward: -402.72.
[20260604 06:35:12 @multi_evo_agent_runner.py:116] Agent_1 gets win rate: 0.12.
[20260604 06:35:12 @multi_evo_agent_runner.py:79] #------------------------ Iteration 647 --------------------------#
[20260604 06:35:24 @multi_evo_agent_runner.py:85] Sampling 50000 steps by 12 slaves, spending 11.98 s.
[20260604 06:36:08 @multi_evo_agent_runner.py:94] Policy update, spending: 44.50 s.
[20260604 06:36:10 @multi_evo_agent_runner.py:99] Evaluation time: 2.02 s.
[20260604 06:36:10 @multi_evo_agent_runner.py:105] Total time:     647.62 min
[20260604 06:36:11 @multi_evo_agent_runner.py:115] Agent_0 gets eval reward: 392.21.
[20260604 06:36:11 @multi_evo_agent_runner.py:116] Agent_0 gets win rate: 0.29.
[20260604 06:36:11 @multi_evo_agent_runner.py:115] Agent_1 gets eval reward: -726.78.
[20260604 06:36:11 @multi_evo_agent_runner.py:116] Agent_1 gets win rate: 0.04.
[20260604 06:36:11 @multi_evo_agent_runner.py:79] #------------------------ Iteration 648 --------------------------#
[20260604 06:36:24 @multi_evo_agent_runner.py:85] Sampling 50000 steps by 12 slaves, spending 13.65 s.
[20260604 06:37:10 @multi_evo_agent_runner.py:94] Policy update, spending: 46.02 s.
[20260604 06:37:12 @multi_evo_agent_runner.py:99] Evaluation time: 1.69 s.
[20260604 06:37:12 @multi_evo_agent_runner.py:105] Total time:     648.65 min
[20260604 06:37:12 @multi_evo_agent_runner.py:115] Agent_0 gets eval reward: 226.12.
[20260604 06:37:12 @multi_evo_agent_runner.py:116] Agent_0 gets win rate: 0.12.
[20260604 06:37:12 @multi_evo_agent_runner.py:115] Agent_1 gets eval reward: -540.51.
[20260604 06:37:12 @multi_evo_agent_runner.py:116] Agent_1 gets win rate: 0.12.
[20260604 06:37:12 @multi_evo_agent_runner.py:79] #------------------------ Iteration 649 --------------------------#
[20260604 06:37:25 @multi_evo_agent_runner.py:85] Sampling 50000 steps by 12 slaves, spending 13.11 s.
[20260604 06:38:02 @multi_evo_agent_runner.py:94] Policy update, spending: 36.41 s.
[20260604 06:38:03 @multi_evo_agent_runner.py:99] Evaluation time: 1.81 s.
[20260604 06:38:03 @multi_evo_agent_runner.py:105] Total time:     649.51 min
[20260604 06:38:04 @multi_evo_agent_runner.py:115] Agent_0 gets eval reward: 329.37.
[20260604 06:38:04 @multi_evo_agent_runner.py:116] Agent_0 gets win rate: 0.24.
[20260604 06:38:04 @multi_evo_agent_runner.py:115] Agent_1 gets eval reward: -706.96.
[20260604 06:38:04 @multi_evo_agent_runner.py:116] Agent_1 gets win rate: 0.08.
[20260604 06:38:04 @multi_evo_agent_runner.py:79] #------------------------ Iteration 650 --------------------------#
[20260604 06:38:17 @multi_evo_agent_runner.py:85] Sampling 50000 steps by 12 slaves, spending 13.40 s.
[20260604 06:38:56 @multi_evo_agent_runner.py:94] Policy update, spending: 38.82 s.
[20260604 06:38:58 @multi_evo_agent_runner.py:99] Evaluation time: 2.31 s.
[20260604 06:38:58 @multi_evo_agent_runner.py:105] Total time:     650.42 min
[20260604 06:38:58 @multi_evo_agent_runner.py:115] Agent_0 gets eval reward: 230.60.
[20260604 06:38:58 @multi_evo_agent_runner.py:116] Agent_0 gets win rate: 0.33.
[20260604 06:38:58 @multi_evo_agent_runner.py:115] Agent_1 gets eval reward: -363.10.
[20260604 06:38:58 @multi_evo_agent_runner.py:116] Agent_1 gets win rate: 0.27.
[20260604 06:38:58 @multi_evo_agent_runner.py:79] #------------------------ Iteration 651 --------------------------#
[20260604 06:39:13 @multi_evo_agent_runner.py:85] Sampling 50000 steps by 12 slaves, spending 14.63 s.
[20260604 06:39:50 @multi_evo_agent_runner.py:94] Policy update, spending: 37.02 s.
[20260604 06:39:52 @multi_evo_agent_runner.py:99] Evaluation time: 2.03 s.
[20260604 06:39:52 @multi_evo_agent_runner.py:105] Total time:     651.32 min
[20260604 06:39:52 @multi_evo_agent_runner.py:115] Agent_0 gets eval reward: 486.32.
[20260604 06:39:52 @multi_evo_agent_runner.py:116] Agent_0 gets win rate: 0.39.
[20260604 06:39:52 @multi_evo_agent_runner.py:115] Agent_1 gets eval reward: -845.55.
[20260604 06:39:52 @multi_evo_agent_runner.py:116] Agent_1 gets win rate: 0.06.
[20260604 06:39:52 @multi_evo_agent_runner.py:79] #------------------------ Iteration 652 --------------------------#
[20260604 06:40:07 @multi_evo_agent_runner.py:85] Sampling 50000 steps by 12 slaves, spending 14.53 s.
[20260604 06:40:45 @multi_evo_agent_runner.py:94] Policy update, spending: 38.70 s.
[20260604 06:40:47 @multi_evo_agent_runner.py:99] Evaluation time: 1.63 s.
[20260604 06:40:47 @multi_evo_agent_runner.py:105] Total time:     652.23 min
[20260604 06:40:47 @multi_evo_agent_runner.py:115] Agent_0 gets eval reward: 310.39.
[20260604 06:40:47 @multi_evo_agent_runner.py:116] Agent_0 gets win rate: 0.29.
[20260604 06:40:47 @multi_evo_agent_runner.py:115] Agent_1 gets eval reward: -885.44.
[20260604 06:40:47 @multi_evo_agent_runner.py:116] Agent_1 gets win rate: 0.00.
[20260604 06:40:47 @multi_evo_agent_runner.py:79] #------------------------ Iteration 653 --------------------------#
[20260604 06:41:00 @multi_evo_agent_runner.py:85] Sampling 50000 steps by 12 slaves, spending 12.90 s.
[20260604 06:41:41 @multi_evo_agent_runner.py:94] Policy update, spending: 40.58 s.
[20260604 06:41:43 @multi_evo_agent_runner.py:99] Evaluation time: 2.18 s.
[20260604 06:41:43 @multi_evo_agent_runner.py:105] Total time:     653.17 min
[20260604 06:41:43 @multi_evo_agent_runner.py:115] Agent_0 gets eval reward: 137.07.
[20260604 06:41:43 @multi_evo_agent_runner.py:116] Agent_0 gets win rate: 0.24.
[20260604 06:41:43 @multi_evo_agent_runner.py:115] Agent_1 gets eval reward: -708.81.
[20260604 06:41:43 @multi_evo_agent_runner.py:116] Agent_1 gets win rate: 0.08.
[20260604 06:41:43 @multi_evo_agent_runner.py:79] #------------------------ Iteration 654 --------------------------#
[20260604 06:41:55 @multi_evo_agent_runner.py:85] Sampling 50000 steps by 12 slaves, spending 12.01 s.
[20260604 06:42:35 @multi_evo_agent_runner.py:94] Policy update, spending: 40.33 s.
[20260604 06:42:38 @multi_evo_agent_runner.py:99] Evaluation time: 2.13 s.
[20260604 06:42:38 @multi_evo_agent_runner.py:105] Total time:     654.08 min
[20260604 06:42:38 @multi_evo_agent_runner.py:115] Agent_0 gets eval reward: 472.28.
[20260604 06:42:38 @multi_evo_agent_runner.py:116] Agent_0 gets win rate: 0.28.
[20260604 06:42:38 @multi_evo_agent_runner.py:115] Agent_1 gets eval reward: -668.29.
[20260604 06:42:38 @multi_evo_agent_runner.py:116] Agent_1 gets win rate: 0.08.
[20260604 06:42:38 @multi_evo_agent_runner.py:79] #------------------------ Iteration 655 --------------------------#
[20260604 06:42:54 @multi_evo_agent_runner.py:85] Sampling 50000 steps by 12 slaves, spending 16.05 s.
[20260604 06:43:31 @multi_evo_agent_runner.py:94] Policy update, spending: 36.90 s.
[20260604 06:43:32 @multi_evo_agent_runner.py:99] Evaluation time: 1.57 s.
[20260604 06:43:32 @multi_evo_agent_runner.py:105] Total time:     654.99 min
[20260604 06:43:32 @multi_evo_agent_runner.py:115] Agent_0 gets eval reward: -188.73.
[20260604 06:43:32 @multi_evo_agent_runner.py:116] Agent_0 gets win rate: 0.08.
[20260604 06:43:32 @multi_evo_agent_runner.py:115] Agent_1 gets eval reward: -568.05.
[20260604 06:43:32 @multi_evo_agent_runner.py:116] Agent_1 gets win rate: 0.08.
[20260604 06:43:32 @multi_evo_agent_runner.py:79] #------------------------ Iteration 656 --------------------------#
[20260604 06:43:45 @multi_evo_agent_runner.py:85] Sampling 50000 steps by 12 slaves, spending 12.66 s.
[20260604 06:44:24 @multi_evo_agent_runner.py:94] Policy update, spending: 38.41 s.
[20260604 06:44:25 @multi_evo_agent_runner.py:99] Evaluation time: 1.73 s.
[20260604 06:44:25 @multi_evo_agent_runner.py:105] Total time:     655.87 min
[20260604 06:44:25 @multi_evo_agent_runner.py:115] Agent_0 gets eval reward: -235.27.
[20260604 06:44:25 @multi_evo_agent_runner.py:116] Agent_0 gets win rate: 0.04.
[20260604 06:44:25 @multi_evo_agent_runner.py:115] Agent_1 gets eval reward: -78.75.
[20260604 06:44:25 @multi_evo_agent_runner.py:116] Agent_1 gets win rate: 0.21.
[20260604 06:44:25 @multi_evo_agent_runner.py:79] #------------------------ Iteration 657 --------------------------#
[20260604 06:44:38 @multi_evo_agent_runner.py:85] Sampling 50000 steps by 12 slaves, spending 12.09 s.
[20260604 06:45:16 @multi_evo_agent_runner.py:94] Policy update, spending: 38.95 s.
[20260604 06:45:19 @multi_evo_agent_runner.py:99] Evaluation time: 2.23 s.
[20260604 06:45:19 @multi_evo_agent_runner.py:105] Total time:     656.76 min
[20260604 06:45:19 @multi_evo_agent_runner.py:115] Agent_0 gets eval reward: 138.20.
[20260604 06:45:19 @multi_evo_agent_runner.py:116] Agent_0 gets win rate: 0.12.
[20260604 06:45:19 @multi_evo_agent_runner.py:115] Agent_1 gets eval reward: -524.08.
[20260604 06:45:19 @multi_evo_agent_runner.py:116] Agent_1 gets win rate: 0.08.
[20260604 06:45:19 @multi_evo_agent_runner.py:79] #------------------------ Iteration 658 --------------------------#
[20260604 06:45:34 @multi_evo_agent_runner.py:85] Sampling 50000 steps by 12 slaves, spending 14.78 s.
[20260604 06:46:30 @multi_evo_agent_runner.py:94] Policy update, spending: 56.18 s.
[20260604 06:46:32 @multi_evo_agent_runner.py:99] Evaluation time: 2.01 s.
[20260604 06:46:32 @multi_evo_agent_runner.py:105] Total time:     657.98 min
[20260604 06:46:32 @multi_evo_agent_runner.py:115] Agent_0 gets eval reward: -76.21.
[20260604 06:46:32 @multi_evo_agent_runner.py:116] Agent_0 gets win rate: 0.23.
[20260604 06:46:32 @multi_evo_agent_runner.py:115] Agent_1 gets eval reward: -292.51.
[20260604 06:46:32 @multi_evo_agent_runner.py:116] Agent_1 gets win rate: 0.29.
[20260604 06:46:32 @multi_evo_agent_runner.py:79] #------------------------ Iteration 659 --------------------------#
[20260604 06:46:48 @multi_evo_agent_runner.py:85] Sampling 50000 steps by 12 slaves, spending 15.67 s.
[20260604 06:47:25 @multi_evo_agent_runner.py:94] Policy update, spending: 37.09 s.
[20260604 06:47:27 @multi_evo_agent_runner.py:99] Evaluation time: 2.03 s.
[20260604 06:47:27 @multi_evo_agent_runner.py:105] Total time:     658.90 min
[20260604 06:47:27 @multi_evo_agent_runner.py:115] Agent_0 gets eval reward: 476.28.
[20260604 06:47:27 @multi_evo_agent_runner.py:116] Agent_0 gets win rate: 0.33.
[20260604 06:47:27 @multi_evo_agent_runner.py:115] Agent_1 gets eval reward: -698.19.
[20260604 06:47:27 @multi_evo_agent_runner.py:116] Agent_1 gets win rate: 0.07.
[20260604 06:47:27 @multi_evo_agent_runner.py:79] #------------------------ Iteration 660 --------------------------#
[20260604 06:47:40 @multi_evo_agent_runner.py:85] Sampling 50000 steps by 12 slaves, spending 12.57 s.
[20260604 06:48:16 @multi_evo_agent_runner.py:94] Policy update, spending: 36.18 s.
[20260604 06:48:18 @multi_evo_agent_runner.py:99] Evaluation time: 1.97 s.
[20260604 06:48:18 @multi_evo_agent_runner.py:105] Total time:     659.75 min
[20260604 06:48:18 @multi_evo_agent_runner.py:115] Agent_0 gets eval reward: 9.44.
[20260604 06:48:18 @multi_evo_agent_runner.py:116] Agent_0 gets win rate: 0.17.
[20260604 06:48:18 @multi_evo_agent_runner.py:115] Agent_1 gets eval reward: -399.76.
[20260604 06:48:18 @multi_evo_agent_runner.py:116] Agent_1 gets win rate: 0.20.
[20260604 06:48:18 @multi_evo_agent_runner.py:79] #------------------------ Iteration 661 --------------------------#
[20260604 06:48:30 @multi_evo_agent_runner.py:85] Sampling 50000 steps by 12 slaves, spending 12.19 s.
[20260604 06:49:08 @multi_evo_agent_runner.py:94] Policy update, spending: 37.78 s.
[20260604 06:49:10 @multi_evo_agent_runner.py:99] Evaluation time: 1.93 s.
[20260604 06:49:10 @multi_evo_agent_runner.py:105] Total time:     660.62 min
[20260604 06:49:10 @multi_evo_agent_runner.py:115] Agent_0 gets eval reward: -155.51.
[20260604 06:49:10 @multi_evo_agent_runner.py:116] Agent_0 gets win rate: 0.12.
[20260604 06:49:10 @multi_evo_agent_runner.py:115] Agent_1 gets eval reward: -528.37.
[20260604 06:49:10 @multi_evo_agent_runner.py:116] Agent_1 gets win rate: 0.16.
[20260604 06:49:10 @multi_evo_agent_runner.py:79] #------------------------ Iteration 662 --------------------------#
[20260604 06:49:26 @multi_evo_agent_runner.py:85] Sampling 50000 steps by 12 slaves, spending 15.79 s.
[20260604 06:50:02 @multi_evo_agent_runner.py:94] Policy update, spending: 36.50 s.
[20260604 06:50:04 @multi_evo_agent_runner.py:99] Evaluation time: 1.84 s.
[20260604 06:50:04 @multi_evo_agent_runner.py:105] Total time:     661.52 min
[20260604 06:50:04 @multi_evo_agent_runner.py:115] Agent_0 gets eval reward: 223.48.
[20260604 06:50:04 @multi_evo_agent_runner.py:116] Agent_0 gets win rate: 0.29.
[20260604 06:50:04 @multi_evo_agent_runner.py:115] Agent_1 gets eval reward: -525.86.
[20260604 06:50:04 @multi_evo_agent_runner.py:116] Agent_1 gets win rate: 0.19.
[20260604 06:50:04 @multi_evo_agent_runner.py:79] #------------------------ Iteration 663 --------------------------#
[20260604 06:50:18 @multi_evo_agent_runner.py:85] Sampling 50000 steps by 12 slaves, spending 13.17 s.
[20260604 06:50:53 @multi_evo_agent_runner.py:94] Policy update, spending: 35.44 s.
[20260604 06:50:55 @multi_evo_agent_runner.py:99] Evaluation time: 2.20 s.
[20260604 06:50:55 @multi_evo_agent_runner.py:105] Total time:     662.37 min
[20260604 06:50:55 @multi_evo_agent_runner.py:115] Agent_0 gets eval reward: 19.69.
[20260604 06:50:55 @multi_evo_agent_runner.py:116] Agent_0 gets win rate: 0.29.
[20260604 06:50:55 @multi_evo_agent_runner.py:115] Agent_1 gets eval reward: -388.58.
[20260604 06:50:55 @multi_evo_agent_runner.py:116] Agent_1 gets win rate: 0.24.
[20260604 06:50:55 @multi_evo_agent_runner.py:79] #------------------------ Iteration 664 --------------------------#
[20260604 06:51:09 @multi_evo_agent_runner.py:85] Sampling 50000 steps by 12 slaves, spending 13.37 s.
[20260604 06:51:46 @multi_evo_agent_runner.py:94] Policy update, spending: 37.38 s.
[20260604 06:51:49 @multi_evo_agent_runner.py:99] Evaluation time: 2.88 s.
[20260604 06:51:49 @multi_evo_agent_runner.py:105] Total time:     663.27 min
[20260604 06:51:49 @multi_evo_agent_runner.py:115] Agent_0 gets eval reward: 186.95.
[20260604 06:51:49 @multi_evo_agent_runner.py:116] Agent_0 gets win rate: 0.31.
[20260604 06:51:49 @multi_evo_agent_runner.py:115] Agent_1 gets eval reward: -746.87.
[20260604 06:51:49 @multi_evo_agent_runner.py:116] Agent_1 gets win rate: 0.12.
[20260604 06:51:49 @multi_evo_agent_runner.py:79] #------------------------ Iteration 665 --------------------------#
[20260604 06:52:03 @multi_evo_agent_runner.py:85] Sampling 50000 steps by 12 slaves, spending 14.09 s.
[20260604 06:52:38 @multi_evo_agent_runner.py:94] Policy update, spending: 35.08 s.
[20260604 06:52:41 @multi_evo_agent_runner.py:99] Evaluation time: 2.17 s.
[20260604 06:52:41 @multi_evo_agent_runner.py:105] Total time:     664.13 min
[20260604 06:52:41 @multi_evo_agent_runner.py:115] Agent_0 gets eval reward: 65.20.
[20260604 06:52:41 @multi_evo_agent_runner.py:116] Agent_0 gets win rate: 0.17.
[20260604 06:52:41 @multi_evo_agent_runner.py:115] Agent_1 gets eval reward: -513.53.
[20260604 06:52:41 @multi_evo_agent_runner.py:116] Agent_1 gets win rate: 0.17.
[20260604 06:52:41 @multi_evo_agent_runner.py:79] #------------------------ Iteration 666 --------------------------#
[20260604 06:52:55 @multi_evo_agent_runner.py:85] Sampling 50000 steps by 12 slaves, spending 14.03 s.
[20260604 06:53:44 @multi_evo_agent_runner.py:94] Policy update, spending: 49.14 s.
[20260604 06:53:46 @multi_evo_agent_runner.py:99] Evaluation time: 1.95 s.
[20260604 06:53:46 @multi_evo_agent_runner.py:105] Total time:     665.21 min
[20260604 06:53:46 @multi_evo_agent_runner.py:115] Agent_0 gets eval reward: -108.99.
[20260604 06:53:46 @multi_evo_agent_runner.py:116] Agent_0 gets win rate: 0.23.
[20260604 06:53:46 @multi_evo_agent_runner.py:115] Agent_1 gets eval reward: -637.87.
[20260604 06:53:46 @multi_evo_agent_runner.py:116] Agent_1 gets win rate: 0.16.
[20260604 06:53:46 @multi_evo_agent_runner.py:79] #------------------------ Iteration 667 --------------------------#
[20260604 06:53:58 @multi_evo_agent_runner.py:85] Sampling 50000 steps by 12 slaves, spending 12.45 s.
[20260604 06:54:34 @multi_evo_agent_runner.py:94] Policy update, spending: 35.80 s.
[20260604 06:54:36 @multi_evo_agent_runner.py:99] Evaluation time: 2.04 s.
[20260604 06:54:36 @multi_evo_agent_runner.py:105] Total time:     666.06 min
[20260604 06:54:36 @multi_evo_agent_runner.py:115] Agent_0 gets eval reward: 94.86.
[20260604 06:54:36 @multi_evo_agent_runner.py:116] Agent_0 gets win rate: 0.13.
[20260604 06:54:36 @multi_evo_agent_runner.py:115] Agent_1 gets eval reward: -542.29.
[20260604 06:54:36 @multi_evo_agent_runner.py:116] Agent_1 gets win rate: 0.09.
[20260604 06:54:36 @multi_evo_agent_runner.py:79] #------------------------ Iteration 668 --------------------------#
[20260604 06:54:50 @multi_evo_agent_runner.py:85] Sampling 50000 steps by 12 slaves, spending 13.20 s.
[20260604 06:55:37 @multi_evo_agent_runner.py:94] Policy update, spending: 47.33 s.
[20260604 06:55:39 @multi_evo_agent_runner.py:99] Evaluation time: 1.54 s.
[20260604 06:55:39 @multi_evo_agent_runner.py:105] Total time:     667.09 min
[20260604 06:55:39 @multi_evo_agent_runner.py:115] Agent_0 gets eval reward: 78.43.
[20260604 06:55:39 @multi_evo_agent_runner.py:116] Agent_0 gets win rate: 0.27.
[20260604 06:55:39 @multi_evo_agent_runner.py:115] Agent_1 gets eval reward: -719.22.
[20260604 06:55:39 @multi_evo_agent_runner.py:116] Agent_1 gets win rate: 0.08.
[20260604 06:55:39 @multi_evo_agent_runner.py:79] #------------------------ Iteration 669 --------------------------#
[20260604 06:55:55 @multi_evo_agent_runner.py:85] Sampling 50000 steps by 12 slaves, spending 16.64 s.
[20260604 06:56:33 @multi_evo_agent_runner.py:94] Policy update, spending: 37.20 s.
[20260604 06:56:34 @multi_evo_agent_runner.py:99] Evaluation time: 1.56 s.
[20260604 06:56:34 @multi_evo_agent_runner.py:105] Total time:     668.02 min
[20260604 06:56:34 @multi_evo_agent_runner.py:115] Agent_0 gets eval reward: -67.05.
[20260604 06:56:34 @multi_evo_agent_runner.py:116] Agent_0 gets win rate: 0.09.
[20260604 06:56:34 @multi_evo_agent_runner.py:115] Agent_1 gets eval reward: -515.00.
[20260604 06:56:34 @multi_evo_agent_runner.py:116] Agent_1 gets win rate: 0.09.
[20260604 06:56:34 @multi_evo_agent_runner.py:79] #------------------------ Iteration 670 --------------------------#
[20260604 06:56:47 @multi_evo_agent_runner.py:85] Sampling 50000 steps by 12 slaves, spending 12.67 s.
[20260604 06:57:26 @multi_evo_agent_runner.py:94] Policy update, spending: 39.28 s.
[20260604 06:57:28 @multi_evo_agent_runner.py:99] Evaluation time: 2.00 s.
[20260604 06:57:28 @multi_evo_agent_runner.py:105] Total time:     668.92 min
[20260604 06:57:28 @multi_evo_agent_runner.py:115] Agent_0 gets eval reward: 484.49.
[20260604 06:57:28 @multi_evo_agent_runner.py:116] Agent_0 gets win rate: 0.27.
[20260604 06:57:28 @multi_evo_agent_runner.py:115] Agent_1 gets eval reward: -945.93.
[20260604 06:57:28 @multi_evo_agent_runner.py:116] Agent_1 gets win rate: 0.00.
[20260604 06:57:28 @multi_evo_agent_runner.py:79] #------------------------ Iteration 671 --------------------------#
[20260604 06:57:40 @multi_evo_agent_runner.py:85] Sampling 50000 steps by 12 slaves, spending 12.08 s.
[20260604 06:58:19 @multi_evo_agent_runner.py:94] Policy update, spending: 38.19 s.
[20260604 06:58:22 @multi_evo_agent_runner.py:99] Evaluation time: 2.85 s.
[20260604 06:58:22 @multi_evo_agent_runner.py:105] Total time:     669.81 min
[20260604 06:58:22 @multi_evo_agent_runner.py:115] Agent_0 gets eval reward: 484.83.
[20260604 06:58:22 @multi_evo_agent_runner.py:116] Agent_0 gets win rate: 0.36.
[20260604 06:58:22 @multi_evo_agent_runner.py:115] Agent_1 gets eval reward: -1005.12.
[20260604 06:58:22 @multi_evo_agent_runner.py:116] Agent_1 gets win rate: 0.00.
[20260604 06:58:22 @multi_evo_agent_runner.py:79] #------------------------ Iteration 672 --------------------------#
[20260604 06:58:37 @multi_evo_agent_runner.py:85] Sampling 50000 steps by 12 slaves, spending 14.69 s.
[20260604 06:59:12 @multi_evo_agent_runner.py:94] Policy update, spending: 35.13 s.
[20260604 06:59:13 @multi_evo_agent_runner.py:99] Evaluation time: 1.77 s.
[20260604 06:59:13 @multi_evo_agent_runner.py:105] Total time:     670.67 min
[20260604 06:59:14 @multi_evo_agent_runner.py:115] Agent_0 gets eval reward: 662.25.
[20260604 06:59:14 @multi_evo_agent_runner.py:116] Agent_0 gets win rate: 0.30.
[20260604 06:59:14 @multi_evo_agent_runner.py:115] Agent_1 gets eval reward: -657.71.
[20260604 06:59:14 @multi_evo_agent_runner.py:116] Agent_1 gets win rate: 0.04.
[20260604 06:59:14 @multi_evo_agent_runner.py:79] #------------------------ Iteration 673 --------------------------#
[20260604 06:59:28 @multi_evo_agent_runner.py:85] Sampling 50000 steps by 12 slaves, spending 14.17 s.
[20260604 07:00:19 @multi_evo_agent_runner.py:94] Policy update, spending: 51.23 s.
[20260604 07:00:21 @multi_evo_agent_runner.py:99] Evaluation time: 1.94 s.
[20260604 07:00:21 @multi_evo_agent_runner.py:105] Total time:     671.80 min
[20260604 07:00:21 @multi_evo_agent_runner.py:115] Agent_0 gets eval reward: 391.18.
[20260604 07:00:21 @multi_evo_agent_runner.py:116] Agent_0 gets win rate: 0.33.
[20260604 07:00:21 @multi_evo_agent_runner.py:115] Agent_1 gets eval reward: -897.14.
[20260604 07:00:21 @multi_evo_agent_runner.py:116] Agent_1 gets win rate: 0.03.
[20260604 07:00:21 @multi_evo_agent_runner.py:79] #------------------------ Iteration 674 --------------------------#
[20260604 07:00:35 @multi_evo_agent_runner.py:85] Sampling 50000 steps by 12 slaves, spending 13.83 s.
[20260604 07:01:12 @multi_evo_agent_runner.py:94] Policy update, spending: 37.12 s.
[20260604 07:01:14 @multi_evo_agent_runner.py:99] Evaluation time: 1.88 s.
[20260604 07:01:14 @multi_evo_agent_runner.py:105] Total time:     672.68 min
[20260604 07:01:14 @multi_evo_agent_runner.py:115] Agent_0 gets eval reward: 66.76.
[20260604 07:01:14 @multi_evo_agent_runner.py:116] Agent_0 gets win rate: 0.21.
[20260604 07:01:14 @multi_evo_agent_runner.py:115] Agent_1 gets eval reward: -320.49.
[20260604 07:01:14 @multi_evo_agent_runner.py:116] Agent_1 gets win rate: 0.21.
[20260604 07:01:14 @multi_evo_agent_runner.py:79] #------------------------ Iteration 675 --------------------------#
[20260604 07:01:27 @multi_evo_agent_runner.py:85] Sampling 50000 steps by 12 slaves, spending 12.52 s.
[20260604 07:02:22 @multi_evo_agent_runner.py:94] Policy update, spending: 55.58 s.
[20260604 07:02:24 @multi_evo_agent_runner.py:99] Evaluation time: 1.56 s.
[20260604 07:02:24 @multi_evo_agent_runner.py:105] Total time:     673.85 min
[20260604 07:02:24 @multi_evo_agent_runner.py:115] Agent_0 gets eval reward: 154.15.
[20260604 07:02:24 @multi_evo_agent_runner.py:116] Agent_0 gets win rate: 0.10.
[20260604 07:02:24 @multi_evo_agent_runner.py:115] Agent_1 gets eval reward: -720.76.
[20260604 07:02:24 @multi_evo_agent_runner.py:116] Agent_1 gets win rate: 0.00.
[20260604 07:02:24 @multi_evo_agent_runner.py:79] #------------------------ Iteration 676 --------------------------#
[20260604 07:02:40 @multi_evo_agent_runner.py:85] Sampling 50000 steps by 12 slaves, spending 16.19 s.
[20260604 07:03:17 @multi_evo_agent_runner.py:94] Policy update, spending: 37.29 s.
[20260604 07:03:19 @multi_evo_agent_runner.py:99] Evaluation time: 1.97 s.
[20260604 07:03:19 @multi_evo_agent_runner.py:105] Total time:     674.77 min
[20260604 07:03:20 @multi_evo_agent_runner.py:115] Agent_0 gets eval reward: 229.88.
[20260604 07:03:20 @multi_evo_agent_runner.py:116] Agent_0 gets win rate: 0.24.
[20260604 07:03:20 @multi_evo_agent_runner.py:115] Agent_1 gets eval reward: -589.59.
[20260604 07:03:20 @multi_evo_agent_runner.py:116] Agent_1 gets win rate: 0.08.
[20260604 07:03:20 @multi_evo_agent_runner.py:79] #------------------------ Iteration 677 --------------------------#
[20260604 07:03:34 @multi_evo_agent_runner.py:85] Sampling 50000 steps by 12 slaves, spending 14.25 s.
[20260604 07:04:16 @multi_evo_agent_runner.py:94] Policy update, spending: 42.55 s.
[20260604 07:04:18 @multi_evo_agent_runner.py:99] Evaluation time: 1.84 s.
[20260604 07:04:18 @multi_evo_agent_runner.py:105] Total time:     675.75 min
[20260604 07:04:18 @multi_evo_agent_runner.py:115] Agent_0 gets eval reward: 587.85.
[20260604 07:04:18 @multi_evo_agent_runner.py:116] Agent_0 gets win rate: 0.27.
[20260604 07:04:18 @multi_evo_agent_runner.py:115] Agent_1 gets eval reward: -667.09.
[20260604 07:04:18 @multi_evo_agent_runner.py:116] Agent_1 gets win rate: 0.04.
[20260604 07:04:18 @multi_evo_agent_runner.py:79] #------------------------ Iteration 678 --------------------------#
[20260604 07:04:30 @multi_evo_agent_runner.py:85] Sampling 50000 steps by 12 slaves, spending 12.05 s.
[20260604 07:05:09 @multi_evo_agent_runner.py:94] Policy update, spending: 38.78 s.
[20260604 07:05:12 @multi_evo_agent_runner.py:99] Evaluation time: 2.32 s.
[20260604 07:05:12 @multi_evo_agent_runner.py:105] Total time:     676.64 min
[20260604 07:05:12 @multi_evo_agent_runner.py:115] Agent_0 gets eval reward: 18.46.
[20260604 07:05:12 @multi_evo_agent_runner.py:116] Agent_0 gets win rate: 0.21.
[20260604 07:05:12 @multi_evo_agent_runner.py:115] Agent_1 gets eval reward: -390.91.
[20260604 07:05:12 @multi_evo_agent_runner.py:116] Agent_1 gets win rate: 0.21.
[20260604 07:05:12 @multi_evo_agent_runner.py:79] #------------------------ Iteration 679 --------------------------#
[20260604 07:05:25 @multi_evo_agent_runner.py:85] Sampling 50000 steps by 12 slaves, spending 13.69 s.
[20260604 07:06:19 @multi_evo_agent_runner.py:94] Policy update, spending: 53.32 s.
[20260604 07:06:20 @multi_evo_agent_runner.py:99] Evaluation time: 1.69 s.
[20260604 07:06:20 @multi_evo_agent_runner.py:105] Total time:     677.79 min
[20260604 07:06:21 @multi_evo_agent_runner.py:115] Agent_0 gets eval reward: 25.25.
[20260604 07:06:21 @multi_evo_agent_runner.py:116] Agent_0 gets win rate: 0.09.
[20260604 07:06:21 @multi_evo_agent_runner.py:115] Agent_1 gets eval reward: -806.79.
[20260604 07:06:21 @multi_evo_agent_runner.py:116] Agent_1 gets win rate: 0.00.
[20260604 07:06:21 @multi_evo_agent_runner.py:79] #------------------------ Iteration 680 --------------------------#
[20260604 07:06:37 @multi_evo_agent_runner.py:85] Sampling 50000 steps by 12 slaves, spending 16.06 s.
[20260604 07:07:14 @multi_evo_agent_runner.py:94] Policy update, spending: 37.50 s.
[20260604 07:07:16 @multi_evo_agent_runner.py:99] Evaluation time: 1.80 s.
[20260604 07:07:16 @multi_evo_agent_runner.py:105] Total time:     678.72 min
[20260604 07:07:16 @multi_evo_agent_runner.py:115] Agent_0 gets eval reward: 151.06.
[20260604 07:07:16 @multi_evo_agent_runner.py:116] Agent_0 gets win rate: 0.32.
[20260604 07:07:16 @multi_evo_agent_runner.py:115] Agent_1 gets eval reward: -757.23.
[20260604 07:07:16 @multi_evo_agent_runner.py:116] Agent_1 gets win rate: 0.10.
[20260604 07:07:16 @multi_evo_agent_runner.py:79] #------------------------ Iteration 681 --------------------------#
[20260604 07:07:29 @multi_evo_agent_runner.py:85] Sampling 50000 steps by 12 slaves, spending 13.10 s.
[20260604 07:08:05 @multi_evo_agent_runner.py:94] Policy update, spending: 35.91 s.
[20260604 07:08:07 @multi_evo_agent_runner.py:99] Evaluation time: 1.63 s.
[20260604 07:08:07 @multi_evo_agent_runner.py:105] Total time:     679.56 min
[20260604 07:08:07 @multi_evo_agent_runner.py:115] Agent_0 gets eval reward: 119.87.
[20260604 07:08:07 @multi_evo_agent_runner.py:116] Agent_0 gets win rate: 0.09.
[20260604 07:08:07 @multi_evo_agent_runner.py:115] Agent_1 gets eval reward: -610.13.
[20260604 07:08:07 @multi_evo_agent_runner.py:116] Agent_1 gets win rate: 0.04.
[20260604 07:08:07 @multi_evo_agent_runner.py:79] #------------------------ Iteration 682 --------------------------#
[20260604 07:08:20 @multi_evo_agent_runner.py:85] Sampling 50000 steps by 12 slaves, spending 13.44 s.
[20260604 07:08:58 @multi_evo_agent_runner.py:94] Policy update, spending: 37.95 s.
[20260604 07:09:00 @multi_evo_agent_runner.py:99] Evaluation time: 2.11 s.
[20260604 07:09:00 @multi_evo_agent_runner.py:105] Total time:     680.46 min
[20260604 07:09:01 @multi_evo_agent_runner.py:115] Agent_0 gets eval reward: 201.20.
[20260604 07:09:01 @multi_evo_agent_runner.py:116] Agent_0 gets win rate: 0.21.
[20260604 07:09:01 @multi_evo_agent_runner.py:115] Agent_1 gets eval reward: -646.26.
[20260604 07:09:01 @multi_evo_agent_runner.py:116] Agent_1 gets win rate: 0.00.
[20260604 07:09:01 @multi_evo_agent_runner.py:79] #------------------------ Iteration 683 --------------------------#
[20260604 07:09:13 @multi_evo_agent_runner.py:85] Sampling 50000 steps by 12 slaves, spending 12.33 s.
[20260604 07:09:48 @multi_evo_agent_runner.py:94] Policy update, spending: 35.40 s.
[20260604 07:09:50 @multi_evo_agent_runner.py:99] Evaluation time: 2.02 s.
[20260604 07:09:50 @multi_evo_agent_runner.py:105] Total time:     681.29 min
[20260604 07:09:50 @multi_evo_agent_runner.py:115] Agent_0 gets eval reward: 155.93.
[20260604 07:09:50 @multi_evo_agent_runner.py:116] Agent_0 gets win rate: 0.32.
[20260604 07:09:50 @multi_evo_agent_runner.py:115] Agent_1 gets eval reward: -481.31.
[20260604 07:09:50 @multi_evo_agent_runner.py:116] Agent_1 gets win rate: 0.21.
[20260604 07:09:51 @multi_evo_agent_runner.py:79] #------------------------ Iteration 684 --------------------------#
[20260604 07:10:04 @multi_evo_agent_runner.py:85] Sampling 50000 steps by 12 slaves, spending 13.52 s.
[20260604 07:10:56 @multi_evo_agent_runner.py:94] Policy update, spending: 52.30 s.
[20260604 07:10:58 @multi_evo_agent_runner.py:99] Evaluation time: 1.93 s.
[20260604 07:10:58 @multi_evo_agent_runner.py:105] Total time:     682.42 min
[20260604 07:10:58 @multi_evo_agent_runner.py:115] Agent_0 gets eval reward: 58.63.
[20260604 07:10:58 @multi_evo_agent_runner.py:116] Agent_0 gets win rate: 0.13.
[20260604 07:10:58 @multi_evo_agent_runner.py:115] Agent_1 gets eval reward: -710.68.
[20260604 07:10:58 @multi_evo_agent_runner.py:116] Agent_1 gets win rate: 0.00.
[20260604 07:10:58 @multi_evo_agent_runner.py:79] #------------------------ Iteration 685 --------------------------#
[20260604 07:11:13 @multi_evo_agent_runner.py:85] Sampling 50000 steps by 12 slaves, spending 14.73 s.
[20260604 07:11:51 @multi_evo_agent_runner.py:94] Policy update, spending: 37.52 s.
[20260604 07:11:52 @multi_evo_agent_runner.py:99] Evaluation time: 1.74 s.
[20260604 07:11:52 @multi_evo_agent_runner.py:105] Total time:     683.33 min
[20260604 07:11:53 @multi_evo_agent_runner.py:115] Agent_0 gets eval reward: -38.63.
[20260604 07:11:53 @multi_evo_agent_runner.py:116] Agent_0 gets win rate: 0.04.
[20260604 07:11:53 @multi_evo_agent_runner.py:115] Agent_1 gets eval reward: -530.13.
[20260604 07:11:53 @multi_evo_agent_runner.py:116] Agent_1 gets win rate: 0.09.
[20260604 07:11:53 @multi_evo_agent_runner.py:79] #------------------------ Iteration 686 --------------------------#
[20260604 07:12:06 @multi_evo_agent_runner.py:85] Sampling 50000 steps by 12 slaves, spending 13.72 s.
[20260604 07:12:47 @multi_evo_agent_runner.py:94] Policy update, spending: 40.23 s.
[20260604 07:12:49 @multi_evo_agent_runner.py:99] Evaluation time: 2.22 s.
[20260604 07:12:49 @multi_evo_agent_runner.py:105] Total time:     684.26 min
[20260604 07:12:49 @multi_evo_agent_runner.py:115] Agent_0 gets eval reward: 268.12.
[20260604 07:12:49 @multi_evo_agent_runner.py:116] Agent_0 gets win rate: 0.39.
[20260604 07:12:49 @multi_evo_agent_runner.py:115] Agent_1 gets eval reward: -527.78.
[20260604 07:12:49 @multi_evo_agent_runner.py:116] Agent_1 gets win rate: 0.19.
[20260604 07:12:49 @multi_evo_agent_runner.py:79] #------------------------ Iteration 687 --------------------------#
[20260604 07:13:02 @multi_evo_agent_runner.py:85] Sampling 50000 steps by 12 slaves, spending 12.82 s.
[20260604 07:13:50 @multi_evo_agent_runner.py:94] Policy update, spending: 48.47 s.
[20260604 07:13:52 @multi_evo_agent_runner.py:99] Evaluation time: 2.11 s.
[20260604 07:13:52 @multi_evo_agent_runner.py:105] Total time:     685.32 min
[20260604 07:13:52 @multi_evo_agent_runner.py:115] Agent_0 gets eval reward: 23.88.
[20260604 07:13:52 @multi_evo_agent_runner.py:116] Agent_0 gets win rate: 0.19.
[20260604 07:13:52 @multi_evo_agent_runner.py:115] Agent_1 gets eval reward: -611.08.
[20260604 07:13:52 @multi_evo_agent_runner.py:116] Agent_1 gets win rate: 0.11.
[20260604 07:13:53 @multi_evo_agent_runner.py:79] #------------------------ Iteration 688 --------------------------#
[20260604 07:14:09 @multi_evo_agent_runner.py:85] Sampling 50000 steps by 12 slaves, spending 16.59 s.
[20260604 07:14:46 @multi_evo_agent_runner.py:94] Policy update, spending: 36.88 s.
[20260604 07:14:48 @multi_evo_agent_runner.py:99] Evaluation time: 1.92 s.
[20260604 07:14:48 @multi_evo_agent_runner.py:105] Total time:     686.25 min
[20260604 07:14:48 @multi_evo_agent_runner.py:115] Agent_0 gets eval reward: 182.12.
[20260604 07:14:48 @multi_evo_agent_runner.py:116] Agent_0 gets win rate: 0.30.
[20260604 07:14:48 @multi_evo_agent_runner.py:115] Agent_1 gets eval reward: -673.72.
[20260604 07:14:48 @multi_evo_agent_runner.py:116] Agent_1 gets win rate: 0.10.
[20260604 07:14:48 @multi_evo_agent_runner.py:79] #------------------------ Iteration 689 --------------------------#
[20260604 07:15:01 @multi_evo_agent_runner.py:85] Sampling 50000 steps by 12 slaves, spending 12.91 s.
[20260604 07:15:39 @multi_evo_agent_runner.py:94] Policy update, spending: 37.91 s.
[20260604 07:15:41 @multi_evo_agent_runner.py:99] Evaluation time: 1.74 s.
[20260604 07:15:41 @multi_evo_agent_runner.py:105] Total time:     687.13 min
[20260604 07:15:41 @multi_evo_agent_runner.py:115] Agent_0 gets eval reward: -388.24.
[20260604 07:15:41 @multi_evo_agent_runner.py:116] Agent_0 gets win rate: 0.04.
[20260604 07:15:41 @multi_evo_agent_runner.py:115] Agent_1 gets eval reward: -599.46.
[20260604 07:15:41 @multi_evo_agent_runner.py:116] Agent_1 gets win rate: 0.09.
[20260604 07:15:41 @multi_evo_agent_runner.py:79] #------------------------ Iteration 690 --------------------------#
[20260604 07:15:54 @multi_evo_agent_runner.py:85] Sampling 50000 steps by 12 slaves, spending 13.59 s.
[20260604 07:16:31 @multi_evo_agent_runner.py:94] Policy update, spending: 36.16 s.
[20260604 07:16:33 @multi_evo_agent_runner.py:99] Evaluation time: 2.26 s.
[20260604 07:16:33 @multi_evo_agent_runner.py:105] Total time:     688.00 min
[20260604 07:16:33 @multi_evo_agent_runner.py:115] Agent_0 gets eval reward: 518.63.
[20260604 07:16:33 @multi_evo_agent_runner.py:116] Agent_0 gets win rate: 0.46.
[20260604 07:16:33 @multi_evo_agent_runner.py:115] Agent_1 gets eval reward: -614.06.
[20260604 07:16:33 @multi_evo_agent_runner.py:116] Agent_1 gets win rate: 0.17.
[20260604 07:16:33 @multi_evo_agent_runner.py:79] #------------------------ Iteration 691 --------------------------#
[20260604 07:16:45 @multi_evo_agent_runner.py:85] Sampling 50000 steps by 12 slaves, spending 12.01 s.
[20260604 07:17:35 @multi_evo_agent_runner.py:94] Policy update, spending: 49.92 s.
[20260604 07:17:37 @multi_evo_agent_runner.py:99] Evaluation time: 1.61 s.
[20260604 07:17:37 @multi_evo_agent_runner.py:105] Total time:     689.06 min
[20260604 07:17:37 @multi_evo_agent_runner.py:115] Agent_0 gets eval reward: 311.42.
[20260604 07:17:37 @multi_evo_agent_runner.py:116] Agent_0 gets win rate: 0.24.
[20260604 07:17:37 @multi_evo_agent_runner.py:115] Agent_1 gets eval reward: -820.59.
[20260604 07:17:37 @multi_evo_agent_runner.py:116] Agent_1 gets win rate: 0.04.
[20260604 07:17:37 @multi_evo_agent_runner.py:79] #------------------------ Iteration 692 --------------------------#
[20260604 07:17:53 @multi_evo_agent_runner.py:85] Sampling 50000 steps by 12 slaves, spending 15.93 s.
[20260604 07:18:29 @multi_evo_agent_runner.py:94] Policy update, spending: 36.10 s.
[20260604 07:18:31 @multi_evo_agent_runner.py:99] Evaluation time: 2.01 s.
[20260604 07:18:31 @multi_evo_agent_runner.py:105] Total time:     689.96 min
[20260604 07:18:31 @multi_evo_agent_runner.py:115] Agent_0 gets eval reward: 42.41.
[20260604 07:18:31 @multi_evo_agent_runner.py:116] Agent_0 gets win rate: 0.12.
[20260604 07:18:31 @multi_evo_agent_runner.py:115] Agent_1 gets eval reward: -691.12.
[20260604 07:18:31 @multi_evo_agent_runner.py:116] Agent_1 gets win rate: 0.04.
[20260604 07:18:31 @multi_evo_agent_runner.py:79] #------------------------ Iteration 693 --------------------------#
[20260604 07:18:45 @multi_evo_agent_runner.py:85] Sampling 50000 steps by 12 slaves, spending 14.04 s.
[20260604 07:19:21 @multi_evo_agent_runner.py:94] Policy update, spending: 35.89 s.
[20260604 07:19:23 @multi_evo_agent_runner.py:99] Evaluation time: 1.77 s.
[20260604 07:19:23 @multi_evo_agent_runner.py:105] Total time:     690.83 min
[20260604 07:19:23 @multi_evo_agent_runner.py:115] Agent_0 gets eval reward: 29.02.
[20260604 07:19:23 @multi_evo_agent_runner.py:116] Agent_0 gets win rate: 0.17.
[20260604 07:19:23 @multi_evo_agent_runner.py:115] Agent_1 gets eval reward: -904.86.
[20260604 07:19:23 @multi_evo_agent_runner.py:116] Agent_1 gets win rate: 0.04.
[20260604 07:19:23 @multi_evo_agent_runner.py:79] #------------------------ Iteration 694 --------------------------#
[20260604 07:19:35 @multi_evo_agent_runner.py:85] Sampling 50000 steps by 12 slaves, spending 12.06 s.
[20260604 07:20:15 @multi_evo_agent_runner.py:94] Policy update, spending: 40.32 s.
[20260604 07:20:18 @multi_evo_agent_runner.py:99] Evaluation time: 2.36 s.
[20260604 07:20:18 @multi_evo_agent_runner.py:105] Total time:     691.74 min
[20260604 07:20:18 @multi_evo_agent_runner.py:115] Agent_0 gets eval reward: 208.08.
[20260604 07:20:18 @multi_evo_agent_runner.py:116] Agent_0 gets win rate: 0.12.
[20260604 07:20:18 @multi_evo_agent_runner.py:115] Agent_1 gets eval reward: -477.88.
[20260604 07:20:18 @multi_evo_agent_runner.py:116] Agent_1 gets win rate: 0.08.
[20260604 07:20:18 @multi_evo_agent_runner.py:79] #------------------------ Iteration 695 --------------------------#
[20260604 07:20:31 @multi_evo_agent_runner.py:85] Sampling 50000 steps by 12 slaves, spending 13.60 s.
[20260604 07:21:17 @multi_evo_agent_runner.py:94] Policy update, spending: 45.49 s.
[20260604 07:21:19 @multi_evo_agent_runner.py:99] Evaluation time: 1.96 s.
[20260604 07:21:19 @multi_evo_agent_runner.py:105] Total time:     692.76 min
[20260604 07:21:19 @multi_evo_agent_runner.py:115] Agent_0 gets eval reward: 397.66.
[20260604 07:21:19 @multi_evo_agent_runner.py:116] Agent_0 gets win rate: 0.27.
[20260604 07:21:19 @multi_evo_agent_runner.py:115] Agent_1 gets eval reward: -523.18.
[20260604 07:21:19 @multi_evo_agent_runner.py:116] Agent_1 gets win rate: 0.15.
[20260604 07:21:19 @multi_evo_agent_runner.py:79] #------------------------ Iteration 696 --------------------------#
[20260604 07:21:34 @multi_evo_agent_runner.py:85] Sampling 50000 steps by 12 slaves, spending 15.22 s.
[20260604 07:22:10 @multi_evo_agent_runner.py:94] Policy update, spending: 35.90 s.
[20260604 07:22:12 @multi_evo_agent_runner.py:99] Evaluation time: 1.90 s.
[20260604 07:22:12 @multi_evo_agent_runner.py:105] Total time:     693.65 min
[20260604 07:22:12 @multi_evo_agent_runner.py:115] Agent_0 gets eval reward: 83.13.
[20260604 07:22:12 @multi_evo_agent_runner.py:116] Agent_0 gets win rate: 0.24.
[20260604 07:22:12 @multi_evo_agent_runner.py:115] Agent_1 gets eval reward: -480.89.
[20260604 07:22:12 @multi_evo_agent_runner.py:116] Agent_1 gets win rate: 0.17.
[20260604 07:22:12 @multi_evo_agent_runner.py:79] #------------------------ Iteration 697 --------------------------#
[20260604 07:22:26 @multi_evo_agent_runner.py:85] Sampling 50000 steps by 12 slaves, spending 13.87 s.
[20260604 07:23:02 @multi_evo_agent_runner.py:94] Policy update, spending: 35.81 s.
[20260604 07:23:04 @multi_evo_agent_runner.py:99] Evaluation time: 1.85 s.
[20260604 07:23:04 @multi_evo_agent_runner.py:105] Total time:     694.51 min
[20260604 07:23:04 @multi_evo_agent_runner.py:115] Agent_0 gets eval reward: 319.02.
[20260604 07:23:04 @multi_evo_agent_runner.py:116] Agent_0 gets win rate: 0.23.
[20260604 07:23:04 @multi_evo_agent_runner.py:115] Agent_1 gets eval reward: -575.38.
[20260604 07:23:04 @multi_evo_agent_runner.py:116] Agent_1 gets win rate: 0.12.
[20260604 07:23:04 @multi_evo_agent_runner.py:79] #------------------------ Iteration 698 --------------------------#
[20260604 07:23:16 @multi_evo_agent_runner.py:85] Sampling 50000 steps by 12 slaves, spending 12.56 s.
[20260604 07:23:55 @multi_evo_agent_runner.py:94] Policy update, spending: 38.17 s.
[20260604 07:23:58 @multi_evo_agent_runner.py:99] Evaluation time: 2.94 s.
[20260604 07:23:58 @multi_evo_agent_runner.py:105] Total time:     695.41 min
[20260604 07:23:58 @multi_evo_agent_runner.py:115] Agent_0 gets eval reward: 1.86.
[20260604 07:23:58 @multi_evo_agent_runner.py:116] Agent_0 gets win rate: 0.19.
[20260604 07:23:58 @multi_evo_agent_runner.py:115] Agent_1 gets eval reward: -605.63.
[20260604 07:23:58 @multi_evo_agent_runner.py:116] Agent_1 gets win rate: 0.15.
[20260604 07:23:58 @multi_evo_agent_runner.py:79] #------------------------ Iteration 699 --------------------------#
[20260604 07:24:12 @multi_evo_agent_runner.py:85] Sampling 50000 steps by 12 slaves, spending 13.99 s.
[20260604 07:24:50 @multi_evo_agent_runner.py:94] Policy update, spending: 38.39 s.
[20260604 07:24:52 @multi_evo_agent_runner.py:99] Evaluation time: 2.07 s.
[20260604 07:24:52 @multi_evo_agent_runner.py:105] Total time:     696.32 min
[20260604 07:24:52 @multi_evo_agent_runner.py:115] Agent_0 gets eval reward: 327.24.
[20260604 07:24:52 @multi_evo_agent_runner.py:116] Agent_0 gets win rate: 0.32.
[20260604 07:24:52 @multi_evo_agent_runner.py:115] Agent_1 gets eval reward: -1063.26.
[20260604 07:24:52 @multi_evo_agent_runner.py:116] Agent_1 gets win rate: 0.00.
[20260604 07:24:52 @multi_evo_agent_runner.py:79] #------------------------ Iteration 700 --------------------------#
[20260604 07:25:06 @multi_evo_agent_runner.py:85] Sampling 50000 steps by 12 slaves, spending 13.47 s.
[20260604 07:26:00 @multi_evo_agent_runner.py:94] Policy update, spending: 54.20 s.
[20260604 07:26:02 @multi_evo_agent_runner.py:99] Evaluation time: 1.61 s.
[20260604 07:26:02 @multi_evo_agent_runner.py:105] Total time:     697.48 min
[20260604 07:26:02 @multi_evo_agent_runner.py:115] Agent_0 gets eval reward: 413.58.
[20260604 07:26:02 @multi_evo_agent_runner.py:116] Agent_0 gets win rate: 0.20.
[20260604 07:26:02 @multi_evo_agent_runner.py:115] Agent_1 gets eval reward: -728.94.
[20260604 07:26:02 @multi_evo_agent_runner.py:116] Agent_1 gets win rate: 0.04.
[20260604 07:26:02 @multi_evo_agent_runner.py:79] #------------------------ Iteration 701 --------------------------#
[20260604 07:26:15 @multi_evo_agent_runner.py:85] Sampling 50000 steps by 12 slaves, spending 12.84 s.
[20260604 07:26:51 @multi_evo_agent_runner.py:94] Policy update, spending: 35.91 s.
[20260604 07:26:53 @multi_evo_agent_runner.py:99] Evaluation time: 2.34 s.
[20260604 07:26:53 @multi_evo_agent_runner.py:105] Total time:     698.33 min
[20260604 07:26:53 @multi_evo_agent_runner.py:115] Agent_0 gets eval reward: 155.76.
[20260604 07:26:53 @multi_evo_agent_runner.py:116] Agent_0 gets win rate: 0.31.
[20260604 07:26:53 @multi_evo_agent_runner.py:115] Agent_1 gets eval reward: -593.88.
[20260604 07:26:53 @multi_evo_agent_runner.py:116] Agent_1 gets win rate: 0.17.
[20260604 07:26:53 @multi_evo_agent_runner.py:79] #------------------------ Iteration 702 --------------------------#
[20260604 07:27:06 @multi_evo_agent_runner.py:85] Sampling 50000 steps by 12 slaves, spending 12.57 s.
[20260604 07:28:00 @multi_evo_agent_runner.py:94] Policy update, spending: 53.82 s.
[20260604 07:28:01 @multi_evo_agent_runner.py:99] Evaluation time: 1.80 s.
[20260604 07:28:01 @multi_evo_agent_runner.py:105] Total time:     699.47 min
[20260604 07:28:01 @multi_evo_agent_runner.py:115] Agent_0 gets eval reward: 278.82.
[20260604 07:28:01 @multi_evo_agent_runner.py:116] Agent_0 gets win rate: 0.41.
[20260604 07:28:01 @multi_evo_agent_runner.py:115] Agent_1 gets eval reward: -816.43.
[20260604 07:28:01 @multi_evo_agent_runner.py:116] Agent_1 gets win rate: 0.12.
[20260604 07:28:02 @multi_evo_agent_runner.py:79] #------------------------ Iteration 703 --------------------------#
[20260604 07:28:18 @multi_evo_agent_runner.py:85] Sampling 50000 steps by 12 slaves, spending 16.72 s.
[20260604 07:28:55 @multi_evo_agent_runner.py:94] Policy update, spending: 36.78 s.
[20260604 07:28:57 @multi_evo_agent_runner.py:99] Evaluation time: 1.70 s.
[20260604 07:28:57 @multi_evo_agent_runner.py:105] Total time:     700.40 min
[20260604 07:28:57 @multi_evo_agent_runner.py:115] Agent_0 gets eval reward: -9.13.
[20260604 07:28:57 @multi_evo_agent_runner.py:116] Agent_0 gets win rate: 0.21.
[20260604 07:28:57 @multi_evo_agent_runner.py:115] Agent_1 gets eval reward: -481.56.
[20260604 07:28:57 @multi_evo_agent_runner.py:116] Agent_1 gets win rate: 0.14.
[20260604 07:28:57 @multi_evo_agent_runner.py:79] #------------------------ Iteration 704 --------------------------#
[20260604 07:29:10 @multi_evo_agent_runner.py:85] Sampling 50000 steps by 12 slaves, spending 12.87 s.
[20260604 07:29:47 @multi_evo_agent_runner.py:94] Policy update, spending: 36.97 s.
[20260604 07:29:49 @multi_evo_agent_runner.py:99] Evaluation time: 1.85 s.
[20260604 07:29:49 @multi_evo_agent_runner.py:105] Total time:     701.26 min
[20260604 07:29:49 @multi_evo_agent_runner.py:115] Agent_0 gets eval reward: -178.89.
[20260604 07:29:49 @multi_evo_agent_runner.py:116] Agent_0 gets win rate: 0.08.
[20260604 07:29:49 @multi_evo_agent_runner.py:115] Agent_1 gets eval reward: -468.71.
[20260604 07:29:49 @multi_evo_agent_runner.py:116] Agent_1 gets win rate: 0.12.
[20260604 07:29:49 @multi_evo_agent_runner.py:79] #------------------------ Iteration 705 --------------------------#
[20260604 07:30:02 @multi_evo_agent_runner.py:85] Sampling 50000 steps by 12 slaves, spending 13.10 s.
[20260604 07:30:40 @multi_evo_agent_runner.py:94] Policy update, spending: 38.15 s.
[20260604 07:30:43 @multi_evo_agent_runner.py:99] Evaluation time: 2.52 s.
[20260604 07:30:43 @multi_evo_agent_runner.py:105] Total time:     702.16 min
[20260604 07:30:43 @multi_evo_agent_runner.py:115] Agent_0 gets eval reward: 247.24.
[20260604 07:30:43 @multi_evo_agent_runner.py:116] Agent_0 gets win rate: 0.35.
[20260604 07:30:43 @multi_evo_agent_runner.py:115] Agent_1 gets eval reward: -912.20.
[20260604 07:30:43 @multi_evo_agent_runner.py:116] Agent_1 gets win rate: 0.08.
[20260604 07:30:43 @multi_evo_agent_runner.py:79] #------------------------ Iteration 706 --------------------------#
[20260604 07:30:55 @multi_evo_agent_runner.py:85] Sampling 50000 steps by 12 slaves, spending 12.21 s.
[20260604 07:31:49 @multi_evo_agent_runner.py:94] Policy update, spending: 54.14 s.
[20260604 07:31:51 @multi_evo_agent_runner.py:99] Evaluation time: 1.90 s.
[20260604 07:31:51 @multi_evo_agent_runner.py:105] Total time:     703.30 min
[20260604 07:31:51 @multi_evo_agent_runner.py:115] Agent_0 gets eval reward: 229.07.
[20260604 07:31:51 @multi_evo_agent_runner.py:116] Agent_0 gets win rate: 0.33.
[20260604 07:31:51 @multi_evo_agent_runner.py:115] Agent_1 gets eval reward: -568.88.
[20260604 07:31:51 @multi_evo_agent_runner.py:116] Agent_1 gets win rate: 0.11.
[20260604 07:31:51 @multi_evo_agent_runner.py:79] #------------------------ Iteration 707 --------------------------#
[20260604 07:32:05 @multi_evo_agent_runner.py:85] Sampling 50000 steps by 12 slaves, spending 14.09 s.
[20260604 07:32:54 @multi_evo_agent_runner.py:94] Policy update, spending: 48.52 s.
[20260604 07:32:56 @multi_evo_agent_runner.py:99] Evaluation time: 1.83 s.
[20260604 07:32:56 @multi_evo_agent_runner.py:105] Total time:     704.38 min
[20260604 07:32:56 @multi_evo_agent_runner.py:115] Agent_0 gets eval reward: -276.12.
[20260604 07:32:56 @multi_evo_agent_runner.py:116] Agent_0 gets win rate: 0.15.
[20260604 07:32:56 @multi_evo_agent_runner.py:115] Agent_1 gets eval reward: -305.50.
[20260604 07:32:56 @multi_evo_agent_runner.py:116] Agent_1 gets win rate: 0.26.
[20260604 07:32:56 @multi_evo_agent_runner.py:79] #------------------------ Iteration 708 --------------------------#
[20260604 07:33:08 @multi_evo_agent_runner.py:85] Sampling 50000 steps by 12 slaves, spending 12.43 s.
[20260604 07:33:44 @multi_evo_agent_runner.py:94] Policy update, spending: 36.02 s.
[20260604 07:33:46 @multi_evo_agent_runner.py:99] Evaluation time: 2.09 s.
[20260604 07:33:46 @multi_evo_agent_runner.py:105] Total time:     705.22 min
[20260604 07:33:46 @multi_evo_agent_runner.py:115] Agent_0 gets eval reward: 8.58.
[20260604 07:33:46 @multi_evo_agent_runner.py:116] Agent_0 gets win rate: 0.15.
[20260604 07:33:46 @multi_evo_agent_runner.py:115] Agent_1 gets eval reward: -664.21.
[20260604 07:33:46 @multi_evo_agent_runner.py:116] Agent_1 gets win rate: 0.08.
[20260604 07:33:46 @multi_evo_agent_runner.py:79] #------------------------ Iteration 709 --------------------------#
[20260604 07:34:00 @multi_evo_agent_runner.py:85] Sampling 50000 steps by 12 slaves, spending 13.37 s.
[20260604 07:34:38 @multi_evo_agent_runner.py:94] Policy update, spending: 38.20 s.
[20260604 07:34:40 @multi_evo_agent_runner.py:99] Evaluation time: 1.91 s.
[20260604 07:34:40 @multi_evo_agent_runner.py:105] Total time:     706.12 min
[20260604 07:34:40 @multi_evo_agent_runner.py:115] Agent_0 gets eval reward: -147.74.
[20260604 07:34:40 @multi_evo_agent_runner.py:116] Agent_0 gets win rate: 0.05.
[20260604 07:34:40 @multi_evo_agent_runner.py:115] Agent_1 gets eval reward: -631.49.
[20260604 07:34:40 @multi_evo_agent_runner.py:116] Agent_1 gets win rate: 0.00.
[20260604 07:34:40 @multi_evo_agent_runner.py:79] #------------------------ Iteration 710 --------------------------#
[20260604 07:34:56 @multi_evo_agent_runner.py:85] Sampling 50000 steps by 12 slaves, spending 15.55 s.
[20260604 07:35:33 @multi_evo_agent_runner.py:94] Policy update, spending: 37.35 s.
[20260604 07:35:35 @multi_evo_agent_runner.py:99] Evaluation time: 1.89 s.
[20260604 07:35:35 @multi_evo_agent_runner.py:105] Total time:     707.03 min
[20260604 07:35:35 @multi_evo_agent_runner.py:115] Agent_0 gets eval reward: 271.27.
[20260604 07:35:35 @multi_evo_agent_runner.py:116] Agent_0 gets win rate: 0.37.
[20260604 07:35:35 @multi_evo_agent_runner.py:115] Agent_1 gets eval reward: -909.63.
[20260604 07:35:35 @multi_evo_agent_runner.py:116] Agent_1 gets win rate: 0.10.
[20260604 07:35:35 @multi_evo_agent_runner.py:79] #------------------------ Iteration 711 --------------------------#
[20260604 07:35:49 @multi_evo_agent_runner.py:85] Sampling 50000 steps by 12 slaves, spending 13.47 s.
[20260604 07:36:37 @multi_evo_agent_runner.py:94] Policy update, spending: 48.59 s.
[20260604 07:36:39 @multi_evo_agent_runner.py:99] Evaluation time: 2.10 s.
[20260604 07:36:39 @multi_evo_agent_runner.py:105] Total time:     708.10 min
[20260604 07:36:39 @multi_evo_agent_runner.py:115] Agent_0 gets eval reward: -67.36.
[20260604 07:36:39 @multi_evo_agent_runner.py:116] Agent_0 gets win rate: 0.21.
[20260604 07:36:39 @multi_evo_agent_runner.py:115] Agent_1 gets eval reward: -403.16.
[20260604 07:36:39 @multi_evo_agent_runner.py:116] Agent_1 gets win rate: 0.21.
[20260604 07:36:39 @multi_evo_agent_runner.py:79] #------------------------ Iteration 712 --------------------------#
[20260604 07:36:52 @multi_evo_agent_runner.py:85] Sampling 50000 steps by 12 slaves, spending 12.15 s.
[20260604 07:37:30 @multi_evo_agent_runner.py:94] Policy update, spending: 38.63 s.
[20260604 07:37:33 @multi_evo_agent_runner.py:99] Evaluation time: 2.78 s.
[20260604 07:37:33 @multi_evo_agent_runner.py:105] Total time:     709.00 min
[20260604 07:37:33 @multi_evo_agent_runner.py:115] Agent_0 gets eval reward: 414.18.
[20260604 07:37:33 @multi_evo_agent_runner.py:116] Agent_0 gets win rate: 0.35.
[20260604 07:37:33 @multi_evo_agent_runner.py:115] Agent_1 gets eval reward: -850.10.
[20260604 07:37:33 @multi_evo_agent_runner.py:116] Agent_1 gets win rate: 0.08.
[20260604 07:37:33 @multi_evo_agent_runner.py:79] #------------------------ Iteration 713 --------------------------#
[20260604 07:37:46 @multi_evo_agent_runner.py:85] Sampling 50000 steps by 12 slaves, spending 13.25 s.
[20260604 07:38:31 @multi_evo_agent_runner.py:94] Policy update, spending: 44.09 s.
[20260604 07:38:32 @multi_evo_agent_runner.py:99] Evaluation time: 1.60 s.
[20260604 07:38:32 @multi_evo_agent_runner.py:105] Total time:     709.99 min
[20260604 07:38:32 @multi_evo_agent_runner.py:115] Agent_0 gets eval reward: -288.51.
[20260604 07:38:32 @multi_evo_agent_runner.py:116] Agent_0 gets win rate: 0.05.
[20260604 07:38:32 @multi_evo_agent_runner.py:115] Agent_1 gets eval reward: -853.28.
[20260604 07:38:32 @multi_evo_agent_runner.py:116] Agent_1 gets win rate: 0.00.
[20260604 07:38:32 @multi_evo_agent_runner.py:79] #------------------------ Iteration 714 --------------------------#
[20260604 07:38:47 @multi_evo_agent_runner.py:85] Sampling 50000 steps by 12 slaves, spending 14.87 s.
[20260604 07:39:23 @multi_evo_agent_runner.py:94] Policy update, spending: 36.09 s.
[20260604 07:39:25 @multi_evo_agent_runner.py:99] Evaluation time: 2.00 s.
[20260604 07:39:25 @multi_evo_agent_runner.py:105] Total time:     710.87 min
[20260604 07:39:25 @multi_evo_agent_runner.py:115] Agent_0 gets eval reward: 539.13.
[20260604 07:39:25 @multi_evo_agent_runner.py:116] Agent_0 gets win rate: 0.47.
[20260604 07:39:25 @multi_evo_agent_runner.py:115] Agent_1 gets eval reward: -770.77.
[20260604 07:39:25 @multi_evo_agent_runner.py:116] Agent_1 gets win rate: 0.15.
[20260604 07:39:25 @multi_evo_agent_runner.py:79] #------------------------ Iteration 715 --------------------------#
[20260604 07:39:39 @multi_evo_agent_runner.py:85] Sampling 50000 steps by 12 slaves, spending 13.29 s.
[20260604 07:40:15 @multi_evo_agent_runner.py:94] Policy update, spending: 36.25 s.
[20260604 07:40:17 @multi_evo_agent_runner.py:99] Evaluation time: 1.70 s.
[20260604 07:40:17 @multi_evo_agent_runner.py:105] Total time:     711.73 min
[20260604 07:40:17 @multi_evo_agent_runner.py:115] Agent_0 gets eval reward: 178.27.
[20260604 07:40:17 @multi_evo_agent_runner.py:116] Agent_0 gets win rate: 0.30.
[20260604 07:40:17 @multi_evo_agent_runner.py:115] Agent_1 gets eval reward: -686.27.
[20260604 07:40:17 @multi_evo_agent_runner.py:116] Agent_1 gets win rate: 0.19.
[20260604 07:40:17 @multi_evo_agent_runner.py:79] #------------------------ Iteration 716 --------------------------#
[20260604 07:40:29 @multi_evo_agent_runner.py:85] Sampling 50000 steps by 12 slaves, spending 12.38 s.
[20260604 07:41:15 @multi_evo_agent_runner.py:94] Policy update, spending: 45.45 s.
[20260604 07:41:16 @multi_evo_agent_runner.py:99] Evaluation time: 1.64 s.
[20260604 07:41:16 @multi_evo_agent_runner.py:105] Total time:     712.72 min
[20260604 07:41:16 @multi_evo_agent_runner.py:115] Agent_0 gets eval reward: 360.49.
[20260604 07:41:16 @multi_evo_agent_runner.py:116] Agent_0 gets win rate: 0.34.
[20260604 07:41:16 @multi_evo_agent_runner.py:115] Agent_1 gets eval reward: -779.17.
[20260604 07:41:16 @multi_evo_agent_runner.py:116] Agent_1 gets win rate: 0.07.
[20260604 07:41:17 @multi_evo_agent_runner.py:79] #------------------------ Iteration 717 --------------------------#
[20260604 07:41:30 @multi_evo_agent_runner.py:85] Sampling 50000 steps by 12 slaves, spending 13.77 s.
[20260604 07:42:18 @multi_evo_agent_runner.py:94] Policy update, spending: 47.40 s.
[20260604 07:42:20 @multi_evo_agent_runner.py:99] Evaluation time: 1.95 s.
[20260604 07:42:20 @multi_evo_agent_runner.py:105] Total time:     713.78 min
[20260604 07:42:20 @multi_evo_agent_runner.py:115] Agent_0 gets eval reward: -16.29.
[20260604 07:42:20 @multi_evo_agent_runner.py:116] Agent_0 gets win rate: 0.12.
[20260604 07:42:20 @multi_evo_agent_runner.py:115] Agent_1 gets eval reward: -419.88.
[20260604 07:42:20 @multi_evo_agent_runner.py:116] Agent_1 gets win rate: 0.15.
[20260604 07:42:20 @multi_evo_agent_runner.py:79] #------------------------ Iteration 718 --------------------------#
[20260604 07:42:32 @multi_evo_agent_runner.py:85] Sampling 50000 steps by 12 slaves, spending 11.94 s.
[20260604 07:43:09 @multi_evo_agent_runner.py:94] Policy update, spending: 37.15 s.
[20260604 07:43:11 @multi_evo_agent_runner.py:99] Evaluation time: 1.62 s.
[20260604 07:43:11 @multi_evo_agent_runner.py:105] Total time:     714.63 min
[20260604 07:43:11 @multi_evo_agent_runner.py:115] Agent_0 gets eval reward: -43.75.
[20260604 07:43:11 @multi_evo_agent_runner.py:116] Agent_0 gets win rate: 0.13.
[20260604 07:43:11 @multi_evo_agent_runner.py:115] Agent_1 gets eval reward: -581.97.
[20260604 07:43:11 @multi_evo_agent_runner.py:116] Agent_1 gets win rate: 0.09.
[20260604 07:43:11 @multi_evo_agent_runner.py:79] #------------------------ Iteration 719 --------------------------#
[20260604 07:43:23 @multi_evo_agent_runner.py:85] Sampling 50000 steps by 12 slaves, spending 12.52 s.
[20260604 07:44:00 @multi_evo_agent_runner.py:94] Policy update, spending: 36.71 s.
[20260604 07:44:02 @multi_evo_agent_runner.py:99] Evaluation time: 1.83 s.
[20260604 07:44:02 @multi_evo_agent_runner.py:105] Total time:     715.48 min
[20260604 07:44:02 @multi_evo_agent_runner.py:115] Agent_0 gets eval reward: 262.95.
[20260604 07:44:02 @multi_evo_agent_runner.py:116] Agent_0 gets win rate: 0.21.
[20260604 07:44:02 @multi_evo_agent_runner.py:115] Agent_1 gets eval reward: -794.64.
[20260604 07:44:02 @multi_evo_agent_runner.py:116] Agent_1 gets win rate: 0.04.
[20260604 07:44:02 @multi_evo_agent_runner.py:79] #------------------------ Iteration 720 --------------------------#
[20260604 07:44:19 @multi_evo_agent_runner.py:85] Sampling 50000 steps by 12 slaves, spending 16.44 s.
[20260604 07:44:56 @multi_evo_agent_runner.py:94] Policy update, spending: 37.05 s.
[20260604 07:44:57 @multi_evo_agent_runner.py:99] Evaluation time: 1.79 s.
[20260604 07:44:57 @multi_evo_agent_runner.py:105] Total time:     716.41 min
[20260604 07:44:57 @multi_evo_agent_runner.py:115] Agent_0 gets eval reward: 482.73.
[20260604 07:44:57 @multi_evo_agent_runner.py:116] Agent_0 gets win rate: 0.42.
[20260604 07:44:57 @multi_evo_agent_runner.py:115] Agent_1 gets eval reward: -843.79.
[20260604 07:44:57 @multi_evo_agent_runner.py:116] Agent_1 gets win rate: 0.10.
[20260604 07:44:58 @multi_evo_agent_runner.py:79] #------------------------ Iteration 721 --------------------------#
[20260604 07:45:11 @multi_evo_agent_runner.py:85] Sampling 50000 steps by 12 slaves, spending 13.70 s.
[20260604 07:45:48 @multi_evo_agent_runner.py:94] Policy update, spending: 36.48 s.
[20260604 07:45:50 @multi_evo_agent_runner.py:99] Evaluation time: 1.82 s.
[20260604 07:45:50 @multi_evo_agent_runner.py:105] Total time:     717.28 min
[20260604 07:45:50 @multi_evo_agent_runner.py:115] Agent_0 gets eval reward: 78.22.
[20260604 07:45:50 @multi_evo_agent_runner.py:116] Agent_0 gets win rate: 0.22.
[20260604 07:45:50 @multi_evo_agent_runner.py:115] Agent_1 gets eval reward: -625.43.
[20260604 07:45:50 @multi_evo_agent_runner.py:116] Agent_1 gets win rate: 0.11.
[20260604 07:45:50 @multi_evo_agent_runner.py:79] #------------------------ Iteration 722 --------------------------#
[20260604 07:46:03 @multi_evo_agent_runner.py:85] Sampling 50000 steps by 12 slaves, spending 13.37 s.
[20260604 07:46:42 @multi_evo_agent_runner.py:94] Policy update, spending: 38.84 s.
[20260604 07:46:44 @multi_evo_agent_runner.py:99] Evaluation time: 2.05 s.
[20260604 07:46:44 @multi_evo_agent_runner.py:105] Total time:     718.18 min
[20260604 07:46:44 @multi_evo_agent_runner.py:115] Agent_0 gets eval reward: 186.60.
[20260604 07:46:44 @multi_evo_agent_runner.py:116] Agent_0 gets win rate: 0.22.
[20260604 07:46:44 @multi_evo_agent_runner.py:115] Agent_1 gets eval reward: -595.23.
[20260604 07:46:44 @multi_evo_agent_runner.py:116] Agent_1 gets win rate: 0.15.
[20260604 07:46:44 @multi_evo_agent_runner.py:79] #------------------------ Iteration 723 --------------------------#
[20260604 07:46:57 @multi_evo_agent_runner.py:85] Sampling 50000 steps by 12 slaves, spending 13.30 s.
[20260604 07:47:49 @multi_evo_agent_runner.py:94] Policy update, spending: 51.32 s.
[20260604 07:47:50 @multi_evo_agent_runner.py:99] Evaluation time: 1.73 s.
[20260604 07:47:50 @multi_evo_agent_runner.py:105] Total time:     719.29 min
[20260604 07:47:51 @multi_evo_agent_runner.py:115] Agent_0 gets eval reward: 289.82.
[20260604 07:47:51 @multi_evo_agent_runner.py:116] Agent_0 gets win rate: 0.33.
[20260604 07:47:51 @multi_evo_agent_runner.py:115] Agent_1 gets eval reward: -868.88.
[20260604 07:47:51 @multi_evo_agent_runner.py:116] Agent_1 gets win rate: 0.07.
[20260604 07:47:51 @multi_evo_agent_runner.py:79] #------------------------ Iteration 724 --------------------------#
[20260604 07:48:06 @multi_evo_agent_runner.py:85] Sampling 50000 steps by 12 slaves, spending 14.94 s.
[20260604 07:48:41 @multi_evo_agent_runner.py:94] Policy update, spending: 35.88 s.
[20260604 07:48:43 @multi_evo_agent_runner.py:99] Evaluation time: 1.91 s.
[20260604 07:48:43 @multi_evo_agent_runner.py:105] Total time:     720.17 min
[20260604 07:48:43 @multi_evo_agent_runner.py:115] Agent_0 gets eval reward: -312.81.
[20260604 07:48:43 @multi_evo_agent_runner.py:116] Agent_0 gets win rate: 0.14.
[20260604 07:48:43 @multi_evo_agent_runner.py:115] Agent_1 gets eval reward: -334.81.
[20260604 07:48:43 @multi_evo_agent_runner.py:116] Agent_1 gets win rate: 0.21.
[20260604 07:48:44 @multi_evo_agent_runner.py:79] #------------------------ Iteration 725 --------------------------#
[20260604 07:48:56 @multi_evo_agent_runner.py:85] Sampling 50000 steps by 12 slaves, spending 12.81 s.
[20260604 07:49:33 @multi_evo_agent_runner.py:94] Policy update, spending: 37.12 s.
[20260604 07:49:35 @multi_evo_agent_runner.py:99] Evaluation time: 1.95 s.
[20260604 07:49:35 @multi_evo_agent_runner.py:105] Total time:     721.04 min
[20260604 07:49:36 @multi_evo_agent_runner.py:115] Agent_0 gets eval reward: 283.83.
[20260604 07:49:36 @multi_evo_agent_runner.py:116] Agent_0 gets win rate: 0.31.
[20260604 07:49:36 @multi_evo_agent_runner.py:115] Agent_1 gets eval reward: -899.10.
[20260604 07:49:36 @multi_evo_agent_runner.py:116] Agent_1 gets win rate: 0.03.
[20260604 07:49:36 @multi_evo_agent_runner.py:79] #------------------------ Iteration 726 --------------------------#
[20260604 07:49:49 @multi_evo_agent_runner.py:85] Sampling 50000 steps by 12 slaves, spending 13.54 s.
[20260604 07:50:29 @multi_evo_agent_runner.py:94] Policy update, spending: 39.47 s.
[20260604 07:50:31 @multi_evo_agent_runner.py:99] Evaluation time: 2.69 s.
[20260604 07:50:31 @multi_evo_agent_runner.py:105] Total time:     721.97 min
[20260604 07:50:31 @multi_evo_agent_runner.py:115] Agent_0 gets eval reward: 407.65.
[20260604 07:50:31 @multi_evo_agent_runner.py:116] Agent_0 gets win rate: 0.44.
[20260604 07:50:31 @multi_evo_agent_runner.py:115] Agent_1 gets eval reward: -792.70.
[20260604 07:50:31 @multi_evo_agent_runner.py:116] Agent_1 gets win rate: 0.16.
[20260604 07:50:31 @multi_evo_agent_runner.py:79] #------------------------ Iteration 727 --------------------------#
[20260604 07:50:44 @multi_evo_agent_runner.py:85] Sampling 50000 steps by 12 slaves, spending 12.74 s.
[20260604 07:51:31 @multi_evo_agent_runner.py:94] Policy update, spending: 46.74 s.
[20260604 07:51:33 @multi_evo_agent_runner.py:99] Evaluation time: 1.84 s.
[20260604 07:51:33 @multi_evo_agent_runner.py:105] Total time:     723.00 min
[20260604 07:51:33 @multi_evo_agent_runner.py:115] Agent_0 gets eval reward: 45.90.
[20260604 07:51:33 @multi_evo_agent_runner.py:116] Agent_0 gets win rate: 0.29.
[20260604 07:51:33 @multi_evo_agent_runner.py:115] Agent_1 gets eval reward: -824.78.
[20260604 07:51:33 @multi_evo_agent_runner.py:116] Agent_1 gets win rate: 0.11.
[20260604 07:51:33 @multi_evo_agent_runner.py:79] #------------------------ Iteration 728 --------------------------#
[20260604 07:51:46 @multi_evo_agent_runner.py:85] Sampling 50000 steps by 12 slaves, spending 13.42 s.
[20260604 07:52:36 @multi_evo_agent_runner.py:94] Policy update, spending: 49.18 s.
[20260604 07:52:37 @multi_evo_agent_runner.py:99] Evaluation time: 1.81 s.
[20260604 07:52:37 @multi_evo_agent_runner.py:105] Total time:     724.07 min
[20260604 07:52:37 @multi_evo_agent_runner.py:115] Agent_0 gets eval reward: -215.17.
[20260604 07:52:37 @multi_evo_agent_runner.py:116] Agent_0 gets win rate: 0.12.
[20260604 07:52:37 @multi_evo_agent_runner.py:115] Agent_1 gets eval reward: -552.71.
[20260604 07:52:37 @multi_evo_agent_runner.py:116] Agent_1 gets win rate: 0.12.
[20260604 07:52:38 @multi_evo_agent_runner.py:79] #------------------------ Iteration 729 --------------------------#
[20260604 07:52:49 @multi_evo_agent_runner.py:85] Sampling 50000 steps by 12 slaves, spending 11.90 s.
[20260604 07:53:26 @multi_evo_agent_runner.py:94] Policy update, spending: 36.20 s.
[20260604 07:53:28 @multi_evo_agent_runner.py:99] Evaluation time: 2.14 s.
[20260604 07:53:28 @multi_evo_agent_runner.py:105] Total time:     724.91 min
[20260604 07:53:28 @multi_evo_agent_runner.py:115] Agent_0 gets eval reward: 39.26.
[20260604 07:53:28 @multi_evo_agent_runner.py:116] Agent_0 gets win rate: 0.23.
[20260604 07:53:28 @multi_evo_agent_runner.py:115] Agent_1 gets eval reward: -678.01.
[20260604 07:53:28 @multi_evo_agent_runner.py:116] Agent_1 gets win rate: 0.08.
[20260604 07:53:28 @multi_evo_agent_runner.py:79] #------------------------ Iteration 730 --------------------------#
[20260604 07:53:41 @multi_evo_agent_runner.py:85] Sampling 50000 steps by 12 slaves, spending 13.16 s.
[20260604 07:54:35 @multi_evo_agent_runner.py:94] Policy update, spending: 54.02 s.
[20260604 07:54:37 @multi_evo_agent_runner.py:99] Evaluation time: 1.99 s.
[20260604 07:54:37 @multi_evo_agent_runner.py:105] Total time:     726.07 min
[20260604 07:54:37 @multi_evo_agent_runner.py:115] Agent_0 gets eval reward: 393.16.
[20260604 07:54:37 @multi_evo_agent_runner.py:116] Agent_0 gets win rate: 0.34.
[20260604 07:54:37 @multi_evo_agent_runner.py:115] Agent_1 gets eval reward: -1096.96.
[20260604 07:54:37 @multi_evo_agent_runner.py:116] Agent_1 gets win rate: 0.00.
[20260604 07:54:37 @multi_evo_agent_runner.py:79] #------------------------ Iteration 731 --------------------------#
[20260604 07:54:53 @multi_evo_agent_runner.py:85] Sampling 50000 steps by 12 slaves, spending 15.81 s.
[20260604 07:55:29 @multi_evo_agent_runner.py:94] Policy update, spending: 36.12 s.
[20260604 07:55:31 @multi_evo_agent_runner.py:99] Evaluation time: 1.99 s.
[20260604 07:55:31 @multi_evo_agent_runner.py:105] Total time:     726.97 min
[20260604 07:55:31 @multi_evo_agent_runner.py:115] Agent_0 gets eval reward: 80.68.
[20260604 07:55:31 @multi_evo_agent_runner.py:116] Agent_0 gets win rate: 0.28.
[20260604 07:55:31 @multi_evo_agent_runner.py:115] Agent_1 gets eval reward: -740.64.
[20260604 07:55:31 @multi_evo_agent_runner.py:116] Agent_1 gets win rate: 0.10.
[20260604 07:55:31 @multi_evo_agent_runner.py:79] #------------------------ Iteration 732 --------------------------#
[20260604 07:55:45 @multi_evo_agent_runner.py:85] Sampling 50000 steps by 12 slaves, spending 13.57 s.
[20260604 07:56:22 @multi_evo_agent_runner.py:94] Policy update, spending: 37.36 s.
[20260604 07:56:24 @multi_evo_agent_runner.py:99] Evaluation time: 1.99 s.
[20260604 07:56:24 @multi_evo_agent_runner.py:105] Total time:     727.86 min
[20260604 07:56:24 @multi_evo_agent_runner.py:115] Agent_0 gets eval reward: 146.97.
[20260604 07:56:24 @multi_evo_agent_runner.py:116] Agent_0 gets win rate: 0.38.
[20260604 07:56:24 @multi_evo_agent_runner.py:115] Agent_1 gets eval reward: -634.38.
[20260604 07:56:24 @multi_evo_agent_runner.py:116] Agent_1 gets win rate: 0.19.
[20260604 07:56:24 @multi_evo_agent_runner.py:79] #------------------------ Iteration 733 --------------------------#
[20260604 07:56:38 @multi_evo_agent_runner.py:85] Sampling 50000 steps by 12 slaves, spending 13.61 s.
[20260604 07:57:17 @multi_evo_agent_runner.py:94] Policy update, spending: 38.90 s.
[20260604 07:57:19 @multi_evo_agent_runner.py:99] Evaluation time: 2.36 s.
[20260604 07:57:19 @multi_evo_agent_runner.py:105] Total time:     728.77 min
[20260604 07:57:19 @multi_evo_agent_runner.py:115] Agent_0 gets eval reward: 186.18.
[20260604 07:57:19 @multi_evo_agent_runner.py:116] Agent_0 gets win rate: 0.23.
[20260604 07:57:19 @multi_evo_agent_runner.py:115] Agent_1 gets eval reward: -741.05.
[20260604 07:57:19 @multi_evo_agent_runner.py:116] Agent_1 gets win rate: 0.08.
[20260604 07:57:20 @multi_evo_agent_runner.py:79] #------------------------ Iteration 734 --------------------------#
[20260604 07:57:34 @multi_evo_agent_runner.py:85] Sampling 50000 steps by 12 slaves, spending 13.99 s.
[20260604 07:58:08 @multi_evo_agent_runner.py:94] Policy update, spending: 34.36 s.
[20260604 07:58:10 @multi_evo_agent_runner.py:99] Evaluation time: 1.80 s.
[20260604 07:58:10 @multi_evo_agent_runner.py:105] Total time:     729.61 min
[20260604 07:58:10 @multi_evo_agent_runner.py:115] Agent_0 gets eval reward: -135.21.
[20260604 07:58:10 @multi_evo_agent_runner.py:116] Agent_0 gets win rate: 0.12.
[20260604 07:58:10 @multi_evo_agent_runner.py:115] Agent_1 gets eval reward: -837.21.
[20260604 07:58:10 @multi_evo_agent_runner.py:116] Agent_1 gets win rate: 0.04.
[20260604 07:58:10 @multi_evo_agent_runner.py:79] #------------------------ Iteration 735 --------------------------#
[20260604 07:58:23 @multi_evo_agent_runner.py:85] Sampling 50000 steps by 12 slaves, spending 12.82 s.
[20260604 07:59:13 @multi_evo_agent_runner.py:94] Policy update, spending: 50.10 s.
[20260604 07:59:15 @multi_evo_agent_runner.py:99] Evaluation time: 1.97 s.
[20260604 07:59:15 @multi_evo_agent_runner.py:105] Total time:     730.70 min
[20260604 07:59:15 @multi_evo_agent_runner.py:115] Agent_0 gets eval reward: -259.62.
[20260604 07:59:15 @multi_evo_agent_runner.py:116] Agent_0 gets win rate: 0.05.
[20260604 07:59:15 @multi_evo_agent_runner.py:115] Agent_1 gets eval reward: -578.53.
[20260604 07:59:15 @multi_evo_agent_runner.py:116] Agent_1 gets win rate: 0.05.
[20260604 07:59:15 @multi_evo_agent_runner.py:79] #------------------------ Iteration 736 --------------------------#
[20260604 07:59:28 @multi_evo_agent_runner.py:85] Sampling 50000 steps by 12 slaves, spending 13.26 s.
[20260604 08:00:06 @multi_evo_agent_runner.py:94] Policy update, spending: 37.38 s.
[20260604 08:00:08 @multi_evo_agent_runner.py:99] Evaluation time: 2.49 s.
[20260604 08:00:08 @multi_evo_agent_runner.py:105] Total time:     731.58 min
[20260604 08:00:08 @multi_evo_agent_runner.py:115] Agent_0 gets eval reward: -72.62.
[20260604 08:00:08 @multi_evo_agent_runner.py:116] Agent_0 gets win rate: 0.20.
[20260604 08:00:08 @multi_evo_agent_runner.py:115] Agent_1 gets eval reward: -852.52.
[20260604 08:00:08 @multi_evo_agent_runner.py:116] Agent_1 gets win rate: 0.04.
[20260604 08:00:08 @multi_evo_agent_runner.py:79] #------------------------ Iteration 737 --------------------------#
[20260604 08:00:21 @multi_evo_agent_runner.py:85] Sampling 50000 steps by 12 slaves, spending 12.68 s.
[20260604 08:01:01 @multi_evo_agent_runner.py:94] Policy update, spending: 40.32 s.
[20260604 08:01:03 @multi_evo_agent_runner.py:99] Evaluation time: 2.00 s.
[20260604 08:01:03 @multi_evo_agent_runner.py:105] Total time:     732.50 min
[20260604 08:01:03 @multi_evo_agent_runner.py:115] Agent_0 gets eval reward: 26.78.
[20260604 08:01:03 @multi_evo_agent_runner.py:116] Agent_0 gets win rate: 0.16.
[20260604 08:01:03 @multi_evo_agent_runner.py:115] Agent_1 gets eval reward: -734.45.
[20260604 08:01:03 @multi_evo_agent_runner.py:116] Agent_1 gets win rate: 0.04.
[20260604 08:01:03 @multi_evo_agent_runner.py:79] #------------------------ Iteration 738 --------------------------#
[20260604 08:01:19 @multi_evo_agent_runner.py:85] Sampling 50000 steps by 12 slaves, spending 15.25 s.
[20260604 08:01:56 @multi_evo_agent_runner.py:94] Policy update, spending: 37.83 s.
[20260604 08:01:58 @multi_evo_agent_runner.py:99] Evaluation time: 1.63 s.
[20260604 08:01:58 @multi_evo_agent_runner.py:105] Total time:     733.42 min
[20260604 08:01:58 @multi_evo_agent_runner.py:115] Agent_0 gets eval reward: -369.86.
[20260604 08:01:58 @multi_evo_agent_runner.py:116] Agent_0 gets win rate: 0.00.
[20260604 08:01:58 @multi_evo_agent_runner.py:115] Agent_1 gets eval reward: -542.42.
[20260604 08:01:58 @multi_evo_agent_runner.py:116] Agent_1 gets win rate: 0.05.
[20260604 08:01:58 @multi_evo_agent_runner.py:79] #------------------------ Iteration 739 --------------------------#
[20260604 08:02:11 @multi_evo_agent_runner.py:85] Sampling 50000 steps by 12 slaves, spending 13.04 s.
[20260604 08:02:51 @multi_evo_agent_runner.py:94] Policy update, spending: 40.15 s.
[20260604 08:02:53 @multi_evo_agent_runner.py:99] Evaluation time: 1.78 s.
[20260604 08:02:53 @multi_evo_agent_runner.py:105] Total time:     734.34 min
[20260604 08:02:53 @multi_evo_agent_runner.py:115] Agent_0 gets eval reward: -111.77.
[20260604 08:02:53 @multi_evo_agent_runner.py:116] Agent_0 gets win rate: 0.16.
[20260604 08:02:53 @multi_evo_agent_runner.py:115] Agent_1 gets eval reward: -722.33.
[20260604 08:02:53 @multi_evo_agent_runner.py:116] Agent_1 gets win rate: 0.12.
[20260604 08:02:53 @multi_evo_agent_runner.py:79] #------------------------ Iteration 740 --------------------------#
[20260604 08:03:07 @multi_evo_agent_runner.py:85] Sampling 50000 steps by 12 slaves, spending 13.74 s.
[20260604 08:03:46 @multi_evo_agent_runner.py:94] Policy update, spending: 38.62 s.
[20260604 08:03:48 @multi_evo_agent_runner.py:99] Evaluation time: 2.01 s.
[20260604 08:03:48 @multi_evo_agent_runner.py:105] Total time:     735.25 min
[20260604 08:03:48 @multi_evo_agent_runner.py:115] Agent_0 gets eval reward: -117.15.
[20260604 08:03:48 @multi_evo_agent_runner.py:116] Agent_0 gets win rate: 0.17.
[20260604 08:03:48 @multi_evo_agent_runner.py:115] Agent_1 gets eval reward: -795.98.
[20260604 08:03:48 @multi_evo_agent_runner.py:116] Agent_1 gets win rate: 0.04.
[20260604 08:03:48 @multi_evo_agent_runner.py:79] #------------------------ Iteration 741 --------------------------#
[20260604 08:04:01 @multi_evo_agent_runner.py:85] Sampling 50000 steps by 12 slaves, spending 13.35 s.
[20260604 08:04:48 @multi_evo_agent_runner.py:94] Policy update, spending: 46.59 s.
[20260604 08:04:50 @multi_evo_agent_runner.py:99] Evaluation time: 1.81 s.
[20260604 08:04:50 @multi_evo_agent_runner.py:105] Total time:     736.28 min
[20260604 08:04:50 @multi_evo_agent_runner.py:115] Agent_0 gets eval reward: -147.20.
[20260604 08:04:50 @multi_evo_agent_runner.py:116] Agent_0 gets win rate: 0.05.
[20260604 08:04:50 @multi_evo_agent_runner.py:115] Agent_1 gets eval reward: -535.35.
[20260604 08:04:50 @multi_evo_agent_runner.py:116] Agent_1 gets win rate: 0.05.
[20260604 08:04:50 @multi_evo_agent_runner.py:79] #------------------------ Iteration 742 --------------------------#
[20260604 08:05:06 @multi_evo_agent_runner.py:85] Sampling 50000 steps by 12 slaves, spending 15.76 s.
[20260604 08:05:42 @multi_evo_agent_runner.py:94] Policy update, spending: 36.42 s.
[20260604 08:05:44 @multi_evo_agent_runner.py:99] Evaluation time: 1.90 s.
[20260604 08:05:44 @multi_evo_agent_runner.py:105] Total time:     737.18 min
[20260604 08:05:44 @multi_evo_agent_runner.py:115] Agent_0 gets eval reward: 499.03.
[20260604 08:05:44 @multi_evo_agent_runner.py:116] Agent_0 gets win rate: 0.32.
[20260604 08:05:44 @multi_evo_agent_runner.py:115] Agent_1 gets eval reward: -1019.45.
[20260604 08:05:44 @multi_evo_agent_runner.py:116] Agent_1 gets win rate: 0.00.
[20260604 08:05:44 @multi_evo_agent_runner.py:79] #------------------------ Iteration 743 --------------------------#
[20260604 08:05:58 @multi_evo_agent_runner.py:85] Sampling 50000 steps by 12 slaves, spending 13.89 s.
[20260604 08:06:36 @multi_evo_agent_runner.py:94] Policy update, spending: 38.36 s.
[20260604 08:06:38 @multi_evo_agent_runner.py:99] Evaluation time: 1.91 s.
[20260604 08:06:38 @multi_evo_agent_runner.py:105] Total time:     738.09 min
[20260604 08:06:38 @multi_evo_agent_runner.py:115] Agent_0 gets eval reward: -242.53.
[20260604 08:06:38 @multi_evo_agent_runner.py:116] Agent_0 gets win rate: 0.15.
[20260604 08:06:38 @multi_evo_agent_runner.py:115] Agent_1 gets eval reward: -452.35.
[20260604 08:06:38 @multi_evo_agent_runner.py:116] Agent_1 gets win rate: 0.19.
[20260604 08:06:38 @multi_evo_agent_runner.py:79] #------------------------ Iteration 744 --------------------------#
[20260604 08:06:51 @multi_evo_agent_runner.py:85] Sampling 50000 steps by 12 slaves, spending 12.27 s.
[20260604 08:07:29 @multi_evo_agent_runner.py:94] Policy update, spending: 38.19 s.
[20260604 08:07:31 @multi_evo_agent_runner.py:99] Evaluation time: 1.99 s.
[20260604 08:07:31 @multi_evo_agent_runner.py:105] Total time:     738.97 min
[20260604 08:07:31 @multi_evo_agent_runner.py:115] Agent_0 gets eval reward: -147.93.
[20260604 08:07:31 @multi_evo_agent_runner.py:116] Agent_0 gets win rate: 0.13.
[20260604 08:07:31 @multi_evo_agent_runner.py:115] Agent_1 gets eval reward: -487.64.
[20260604 08:07:31 @multi_evo_agent_runner.py:116] Agent_1 gets win rate: 0.13.
[20260604 08:07:31 @multi_evo_agent_runner.py:79] #------------------------ Iteration 745 --------------------------#
[20260604 08:07:47 @multi_evo_agent_runner.py:85] Sampling 50000 steps by 12 slaves, spending 15.67 s.
[20260604 08:08:22 @multi_evo_agent_runner.py:94] Policy update, spending: 34.92 s.
[20260604 08:08:24 @multi_evo_agent_runner.py:99] Evaluation time: 1.83 s.
[20260604 08:08:24 @multi_evo_agent_runner.py:105] Total time:     739.84 min
[20260604 08:08:24 @multi_evo_agent_runner.py:115] Agent_0 gets eval reward: 275.41.
[20260604 08:08:24 @multi_evo_agent_runner.py:116] Agent_0 gets win rate: 0.36.
[20260604 08:08:24 @multi_evo_agent_runner.py:115] Agent_1 gets eval reward: -956.61.
[20260604 08:08:24 @multi_evo_agent_runner.py:116] Agent_1 gets win rate: 0.04.
[20260604 08:08:24 @multi_evo_agent_runner.py:79] #------------------------ Iteration 746 --------------------------#
[20260604 08:08:37 @multi_evo_agent_runner.py:85] Sampling 50000 steps by 12 slaves, spending 13.61 s.
[20260604 08:09:35 @multi_evo_agent_runner.py:94] Policy update, spending: 57.66 s.
[20260604 08:09:37 @multi_evo_agent_runner.py:99] Evaluation time: 1.57 s.
[20260604 08:09:37 @multi_evo_agent_runner.py:105] Total time:     741.06 min
[20260604 08:09:37 @multi_evo_agent_runner.py:115] Agent_0 gets eval reward: -122.19.
[20260604 08:09:37 @multi_evo_agent_runner.py:116] Agent_0 gets win rate: 0.23.
[20260604 08:09:37 @multi_evo_agent_runner.py:115] Agent_1 gets eval reward: -488.04.
[20260604 08:09:37 @multi_evo_agent_runner.py:116] Agent_1 gets win rate: 0.19.
[20260604 08:09:37 @multi_evo_agent_runner.py:79] #------------------------ Iteration 747 --------------------------#
[20260604 08:09:50 @multi_evo_agent_runner.py:85] Sampling 50000 steps by 12 slaves, spending 13.14 s.
[20260604 08:10:28 @multi_evo_agent_runner.py:94] Policy update, spending: 37.66 s.
[20260604 08:10:30 @multi_evo_agent_runner.py:99] Evaluation time: 2.23 s.
[20260604 08:10:30 @multi_evo_agent_runner.py:105] Total time:     741.95 min
[20260604 08:10:30 @multi_evo_agent_runner.py:115] Agent_0 gets eval reward: -152.00.
[20260604 08:10:30 @multi_evo_agent_runner.py:116] Agent_0 gets win rate: 0.09.
[20260604 08:10:30 @multi_evo_agent_runner.py:115] Agent_1 gets eval reward: -640.10.
[20260604 08:10:30 @multi_evo_agent_runner.py:116] Agent_1 gets win rate: 0.09.
[20260604 08:10:30 @multi_evo_agent_runner.py:79] #------------------------ Iteration 748 --------------------------#
[20260604 08:10:42 @multi_evo_agent_runner.py:85] Sampling 50000 steps by 12 slaves, spending 12.15 s.
[20260604 08:11:17 @multi_evo_agent_runner.py:94] Policy update, spending: 34.54 s.
[20260604 08:11:19 @multi_evo_agent_runner.py:99] Evaluation time: 2.00 s.
[20260604 08:11:19 @multi_evo_agent_runner.py:105] Total time:     742.76 min
[20260604 08:11:19 @multi_evo_agent_runner.py:115] Agent_0 gets eval reward: 166.71.
[20260604 08:11:19 @multi_evo_agent_runner.py:116] Agent_0 gets win rate: 0.34.
[20260604 08:11:19 @multi_evo_agent_runner.py:115] Agent_1 gets eval reward: -751.48.
[20260604 08:11:19 @multi_evo_agent_runner.py:116] Agent_1 gets win rate: 0.14.
[20260604 08:11:19 @multi_evo_agent_runner.py:79] #------------------------ Iteration 749 --------------------------#
[20260604 08:11:33 @multi_evo_agent_runner.py:85] Sampling 50000 steps by 12 slaves, spending 14.04 s.
[20260604 08:12:14 @multi_evo_agent_runner.py:94] Policy update, spending: 40.76 s.
[20260604 08:12:15 @multi_evo_agent_runner.py:99] Evaluation time: 1.66 s.
[20260604 08:12:15 @multi_evo_agent_runner.py:105] Total time:     743.71 min
[20260604 08:12:15 @multi_evo_agent_runner.py:115] Agent_0 gets eval reward: -74.48.
[20260604 08:12:15 @multi_evo_agent_runner.py:116] Agent_0 gets win rate: 0.19.
[20260604 08:12:15 @multi_evo_agent_runner.py:115] Agent_1 gets eval reward: -841.40.
[20260604 08:12:15 @multi_evo_agent_runner.py:116] Agent_1 gets win rate: 0.08.
[20260604 08:12:15 @multi_evo_agent_runner.py:79] #------------------------ Iteration 750 --------------------------#
[20260604 08:12:28 @multi_evo_agent_runner.py:85] Sampling 50000 steps by 12 slaves, spending 12.28 s.
[20260604 08:13:04 @multi_evo_agent_runner.py:94] Policy update, spending: 36.15 s.
[20260604 08:13:06 @multi_evo_agent_runner.py:99] Evaluation time: 2.17 s.
[20260604 08:13:06 @multi_evo_agent_runner.py:105] Total time:     744.55 min
[20260604 08:13:06 @multi_evo_agent_runner.py:115] Agent_0 gets eval reward: 286.64.
[20260604 08:13:06 @multi_evo_agent_runner.py:116] Agent_0 gets win rate: 0.30.
[20260604 08:13:06 @multi_evo_agent_runner.py:115] Agent_1 gets eval reward: -906.81.
[20260604 08:13:06 @multi_evo_agent_runner.py:116] Agent_1 gets win rate: 0.00.
[20260604 08:13:06 @multi_evo_agent_runner.py:79] #------------------------ Iteration 751 --------------------------#
[20260604 08:13:19 @multi_evo_agent_runner.py:85] Sampling 50000 steps by 12 slaves, spending 13.18 s.
[20260604 08:13:58 @multi_evo_agent_runner.py:94] Policy update, spending: 38.38 s.
[20260604 08:14:00 @multi_evo_agent_runner.py:99] Evaluation time: 2.34 s.
[20260604 08:14:00 @multi_evo_agent_runner.py:105] Total time:     745.45 min
[20260604 08:14:00 @multi_evo_agent_runner.py:115] Agent_0 gets eval reward: 26.74.
[20260604 08:14:00 @multi_evo_agent_runner.py:116] Agent_0 gets win rate: 0.25.
[20260604 08:14:00 @multi_evo_agent_runner.py:115] Agent_1 gets eval reward: -713.10.
[20260604 08:14:00 @multi_evo_agent_runner.py:116] Agent_1 gets win rate: 0.11.
[20260604 08:14:00 @multi_evo_agent_runner.py:79] #------------------------ Iteration 752 --------------------------#
[20260604 08:14:16 @multi_evo_agent_runner.py:85] Sampling 50000 steps by 12 slaves, spending 15.27 s.
[20260604 08:14:52 @multi_evo_agent_runner.py:94] Policy update, spending: 36.68 s.
[20260604 08:14:54 @multi_evo_agent_runner.py:99] Evaluation time: 2.06 s.
[20260604 08:14:54 @multi_evo_agent_runner.py:105] Total time:     746.36 min
[20260604 08:14:54 @multi_evo_agent_runner.py:115] Agent_0 gets eval reward: 467.68.
[20260604 08:14:54 @multi_evo_agent_runner.py:116] Agent_0 gets win rate: 0.50.
[20260604 08:14:54 @multi_evo_agent_runner.py:115] Agent_1 gets eval reward: -916.77.
[20260604 08:14:54 @multi_evo_agent_runner.py:116] Agent_1 gets win rate: 0.15.
[20260604 08:14:55 @multi_evo_agent_runner.py:79] #------------------------ Iteration 753 --------------------------#
[20260604 08:15:08 @multi_evo_agent_runner.py:85] Sampling 50000 steps by 12 slaves, spending 13.58 s.
[20260604 08:15:47 @multi_evo_agent_runner.py:94] Policy update, spending: 38.86 s.
[20260604 08:15:49 @multi_evo_agent_runner.py:99] Evaluation time: 1.92 s.
[20260604 08:15:49 @multi_evo_agent_runner.py:105] Total time:     747.27 min
[20260604 08:15:49 @multi_evo_agent_runner.py:115] Agent_0 gets eval reward: -267.57.
[20260604 08:15:49 @multi_evo_agent_runner.py:116] Agent_0 gets win rate: 0.09.
[20260604 08:15:49 @multi_evo_agent_runner.py:115] Agent_1 gets eval reward: -750.07.
[20260604 08:15:49 @multi_evo_agent_runner.py:116] Agent_1 gets win rate: 0.04.
[20260604 08:15:49 @multi_evo_agent_runner.py:79] #------------------------ Iteration 754 --------------------------#
[20260604 08:16:01 @multi_evo_agent_runner.py:85] Sampling 50000 steps by 12 slaves, spending 11.84 s.
[20260604 08:16:39 @multi_evo_agent_runner.py:94] Policy update, spending: 38.15 s.
[20260604 08:16:41 @multi_evo_agent_runner.py:99] Evaluation time: 1.85 s.
[20260604 08:16:41 @multi_evo_agent_runner.py:105] Total time:     748.13 min
[20260604 08:16:41 @multi_evo_agent_runner.py:115] Agent_0 gets eval reward: 195.07.
[20260604 08:16:41 @multi_evo_agent_runner.py:116] Agent_0 gets win rate: 0.29.
[20260604 08:16:41 @multi_evo_agent_runner.py:115] Agent_1 gets eval reward: -777.01.
[20260604 08:16:41 @multi_evo_agent_runner.py:116] Agent_1 gets win rate: 0.11.
[20260604 08:16:41 @multi_evo_agent_runner.py:79] #------------------------ Iteration 755 --------------------------#
[20260604 08:16:57 @multi_evo_agent_runner.py:85] Sampling 50000 steps by 12 slaves, spending 15.68 s.
[20260604 08:17:33 @multi_evo_agent_runner.py:94] Policy update, spending: 35.85 s.
[20260604 08:17:35 @multi_evo_agent_runner.py:99] Evaluation time: 1.93 s.
[20260604 08:17:35 @multi_evo_agent_runner.py:105] Total time:     749.03 min
[20260604 08:17:35 @multi_evo_agent_runner.py:115] Agent_0 gets eval reward: 360.69.
[20260604 08:17:35 @multi_evo_agent_runner.py:116] Agent_0 gets win rate: 0.32.
[20260604 08:17:35 @multi_evo_agent_runner.py:115] Agent_1 gets eval reward: -1096.34.
[20260604 08:17:35 @multi_evo_agent_runner.py:116] Agent_1 gets win rate: 0.00.
[20260604 08:17:35 @multi_evo_agent_runner.py:79] #------------------------ Iteration 756 --------------------------#
[20260604 08:17:48 @multi_evo_agent_runner.py:85] Sampling 50000 steps by 12 slaves, spending 13.31 s.
[20260604 08:18:44 @multi_evo_agent_runner.py:94] Policy update, spending: 56.22 s.
[20260604 08:18:46 @multi_evo_agent_runner.py:99] Evaluation time: 1.92 s.
[20260604 08:18:46 @multi_evo_agent_runner.py:105] Total time:     750.22 min
[20260604 08:18:46 @multi_evo_agent_runner.py:115] Agent_0 gets eval reward: -105.09.
[20260604 08:18:46 @multi_evo_agent_runner.py:116] Agent_0 gets win rate: 0.19.
[20260604 08:18:46 @multi_evo_agent_runner.py:115] Agent_1 gets eval reward: -505.57.
[20260604 08:18:46 @multi_evo_agent_runner.py:116] Agent_1 gets win rate: 0.15.
[20260604 08:18:46 @multi_evo_agent_runner.py:79] #------------------------ Iteration 757 --------------------------#
[20260604 08:19:00 @multi_evo_agent_runner.py:85] Sampling 50000 steps by 12 slaves, spending 13.70 s.
[20260604 08:19:36 @multi_evo_agent_runner.py:94] Policy update, spending: 35.65 s.
[20260604 08:19:38 @multi_evo_agent_runner.py:99] Evaluation time: 2.10 s.
[20260604 08:19:38 @multi_evo_agent_runner.py:105] Total time:     751.08 min
[20260604 08:19:38 @multi_evo_agent_runner.py:115] Agent_0 gets eval reward: 84.60.
[20260604 08:19:38 @multi_evo_agent_runner.py:116] Agent_0 gets win rate: 0.20.
[20260604 08:19:38 @multi_evo_agent_runner.py:115] Agent_1 gets eval reward: -800.28.
[20260604 08:19:38 @multi_evo_agent_runner.py:116] Agent_1 gets win rate: 0.04.
[20260604 08:19:38 @multi_evo_agent_runner.py:79] #------------------------ Iteration 758 --------------------------#
[20260604 08:19:51 @multi_evo_agent_runner.py:85] Sampling 50000 steps by 12 slaves, spending 13.13 s.
[20260604 08:20:29 @multi_evo_agent_runner.py:94] Policy update, spending: 38.13 s.
[20260604 08:20:31 @multi_evo_agent_runner.py:99] Evaluation time: 1.74 s.
[20260604 08:20:31 @multi_evo_agent_runner.py:105] Total time:     751.97 min
[20260604 08:20:31 @multi_evo_agent_runner.py:115] Agent_0 gets eval reward: 145.95.
[20260604 08:20:31 @multi_evo_agent_runner.py:116] Agent_0 gets win rate: 0.25.
[20260604 08:20:31 @multi_evo_agent_runner.py:115] Agent_1 gets eval reward: -888.95.
[20260604 08:20:31 @multi_evo_agent_runner.py:116] Agent_1 gets win rate: 0.00.
[20260604 08:20:31 @multi_evo_agent_runner.py:79] #------------------------ Iteration 759 --------------------------#
[20260604 08:20:47 @multi_evo_agent_runner.py:85] Sampling 50000 steps by 12 slaves, spending 15.47 s.
[20260604 08:21:23 @multi_evo_agent_runner.py:94] Policy update, spending: 36.46 s.
[20260604 08:21:25 @multi_evo_agent_runner.py:99] Evaluation time: 1.80 s.
[20260604 08:21:25 @multi_evo_agent_runner.py:105] Total time:     752.87 min
[20260604 08:21:25 @multi_evo_agent_runner.py:115] Agent_0 gets eval reward: -190.60.
[20260604 08:21:25 @multi_evo_agent_runner.py:116] Agent_0 gets win rate: 0.20.
[20260604 08:21:25 @multi_evo_agent_runner.py:115] Agent_1 gets eval reward: -739.06.
[20260604 08:21:25 @multi_evo_agent_runner.py:116] Agent_1 gets win rate: 0.08.
[20260604 08:21:25 @multi_evo_agent_runner.py:79] #------------------------ Iteration 760 --------------------------#
[20260604 08:21:38 @multi_evo_agent_runner.py:85] Sampling 50000 steps by 12 slaves, spending 12.46 s.
[20260604 08:22:13 @multi_evo_agent_runner.py:94] Policy update, spending: 35.46 s.
[20260604 08:22:15 @multi_evo_agent_runner.py:99] Evaluation time: 1.63 s.
[20260604 08:22:15 @multi_evo_agent_runner.py:105] Total time:     753.69 min
[20260604 08:22:15 @multi_evo_agent_runner.py:115] Agent_0 gets eval reward: -153.65.
[20260604 08:22:15 @multi_evo_agent_runner.py:116] Agent_0 gets win rate: 0.05.
[20260604 08:22:15 @multi_evo_agent_runner.py:115] Agent_1 gets eval reward: -802.19.
[20260604 08:22:15 @multi_evo_agent_runner.py:116] Agent_1 gets win rate: 0.00.
[20260604 08:22:15 @multi_evo_agent_runner.py:79] #------------------------ Iteration 761 --------------------------#
[20260604 08:22:28 @multi_evo_agent_runner.py:85] Sampling 50000 steps by 12 slaves, spending 13.14 s.
[20260604 08:23:05 @multi_evo_agent_runner.py:94] Policy update, spending: 37.43 s.
[20260604 08:23:08 @multi_evo_agent_runner.py:99] Evaluation time: 2.32 s.
[20260604 08:23:08 @multi_evo_agent_runner.py:105] Total time:     754.58 min
[20260604 08:23:08 @multi_evo_agent_runner.py:115] Agent_0 gets eval reward: 60.15.
[20260604 08:23:08 @multi_evo_agent_runner.py:116] Agent_0 gets win rate: 0.19.
[20260604 08:23:08 @multi_evo_agent_runner.py:115] Agent_1 gets eval reward: -815.20.
[20260604 08:23:08 @multi_evo_agent_runner.py:116] Agent_1 gets win rate: 0.04.
[20260604 08:23:08 @multi_evo_agent_runner.py:79] #------------------------ Iteration 762 --------------------------#
[20260604 08:23:24 @multi_evo_agent_runner.py:85] Sampling 50000 steps by 12 slaves, spending 15.97 s.
[20260604 08:24:01 @multi_evo_agent_runner.py:94] Policy update, spending: 36.88 s.
[20260604 08:24:03 @multi_evo_agent_runner.py:99] Evaluation time: 1.84 s.
[20260604 08:24:03 @multi_evo_agent_runner.py:105] Total time:     755.49 min
[20260604 08:24:03 @multi_evo_agent_runner.py:115] Agent_0 gets eval reward: -417.05.
[20260604 08:24:03 @multi_evo_agent_runner.py:116] Agent_0 gets win rate: 0.04.
[20260604 08:24:03 @multi_evo_agent_runner.py:115] Agent_1 gets eval reward: -391.37.
[20260604 08:24:03 @multi_evo_agent_runner.py:116] Agent_1 gets win rate: 0.16.
[20260604 08:24:03 @multi_evo_agent_runner.py:79] #------------------------ Iteration 763 --------------------------#
[20260604 08:24:16 @multi_evo_agent_runner.py:85] Sampling 50000 steps by 12 slaves, spending 13.52 s.
[20260604 08:25:14 @multi_evo_agent_runner.py:94] Policy update, spending: 57.79 s.
[20260604 08:25:16 @multi_evo_agent_runner.py:99] Evaluation time: 1.52 s.
[20260604 08:25:16 @multi_evo_agent_runner.py:105] Total time:     756.71 min
[20260604 08:25:16 @multi_evo_agent_runner.py:115] Agent_0 gets eval reward: -260.05.
[20260604 08:25:16 @multi_evo_agent_runner.py:116] Agent_0 gets win rate: 0.14.
[20260604 08:25:16 @multi_evo_agent_runner.py:115] Agent_1 gets eval reward: -823.75.
[20260604 08:25:16 @multi_evo_agent_runner.py:116] Agent_1 gets win rate: 0.00.
[20260604 08:25:16 @multi_evo_agent_runner.py:79] #------------------------ Iteration 764 --------------------------#
[20260604 08:25:29 @multi_evo_agent_runner.py:85] Sampling 50000 steps by 12 slaves, spending 12.88 s.
[20260604 08:26:06 @multi_evo_agent_runner.py:94] Policy update, spending: 37.11 s.
[20260604 08:26:08 @multi_evo_agent_runner.py:99] Evaluation time: 2.44 s.
[20260604 08:26:08 @multi_evo_agent_runner.py:105] Total time:     757.59 min
[20260604 08:26:08 @multi_evo_agent_runner.py:115] Agent_0 gets eval reward: 64.24.
[20260604 08:26:08 @multi_evo_agent_runner.py:116] Agent_0 gets win rate: 0.25.
[20260604 08:26:08 @multi_evo_agent_runner.py:115] Agent_1 gets eval reward: -600.59.
[20260604 08:26:08 @multi_evo_agent_runner.py:116] Agent_1 gets win rate: 0.14.
[20260604 08:26:08 @multi_evo_agent_runner.py:79] #------------------------ Iteration 765 --------------------------#
[20260604 08:26:22 @multi_evo_agent_runner.py:85] Sampling 50000 steps by 12 slaves, spending 13.34 s.
[20260604 08:27:13 @multi_evo_agent_runner.py:94] Policy update, spending: 51.24 s.
[20260604 08:27:15 @multi_evo_agent_runner.py:99] Evaluation time: 1.83 s.
[20260604 08:27:15 @multi_evo_agent_runner.py:105] Total time:     758.70 min
[20260604 08:27:15 @multi_evo_agent_runner.py:115] Agent_0 gets eval reward: -321.23.
[20260604 08:27:15 @multi_evo_agent_runner.py:116] Agent_0 gets win rate: 0.12.
[20260604 08:27:15 @multi_evo_agent_runner.py:115] Agent_1 gets eval reward: -489.53.
[20260604 08:27:15 @multi_evo_agent_runner.py:116] Agent_1 gets win rate: 0.17.
[20260604 08:27:15 @multi_evo_agent_runner.py:79] #------------------------ Iteration 766 --------------------------#
[20260604 08:27:31 @multi_evo_agent_runner.py:85] Sampling 50000 steps by 12 slaves, spending 15.78 s.
[20260604 08:28:07 @multi_evo_agent_runner.py:94] Policy update, spending: 36.32 s.
[20260604 08:28:09 @multi_evo_agent_runner.py:99] Evaluation time: 1.78 s.
[20260604 08:28:09 @multi_evo_agent_runner.py:105] Total time:     759.60 min
[20260604 08:28:09 @multi_evo_agent_runner.py:115] Agent_0 gets eval reward: 146.68.
[20260604 08:28:09 @multi_evo_agent_runner.py:116] Agent_0 gets win rate: 0.27.
[20260604 08:28:09 @multi_evo_agent_runner.py:115] Agent_1 gets eval reward: -791.70.
[20260604 08:28:09 @multi_evo_agent_runner.py:116] Agent_1 gets win rate: 0.08.
[20260604 08:28:09 @multi_evo_agent_runner.py:79] #------------------------ Iteration 767 --------------------------#
[20260604 08:28:22 @multi_evo_agent_runner.py:85] Sampling 50000 steps by 12 slaves, spending 12.77 s.
[20260604 08:28:59 @multi_evo_agent_runner.py:94] Policy update, spending: 36.85 s.
[20260604 08:29:00 @multi_evo_agent_runner.py:99] Evaluation time: 1.78 s.
[20260604 08:29:00 @multi_evo_agent_runner.py:105] Total time:     760.46 min
[20260604 08:29:01 @multi_evo_agent_runner.py:115] Agent_0 gets eval reward: -369.55.
[20260604 08:29:01 @multi_evo_agent_runner.py:116] Agent_0 gets win rate: 0.04.
[20260604 08:29:01 @multi_evo_agent_runner.py:115] Agent_1 gets eval reward: -375.83.
[20260604 08:29:01 @multi_evo_agent_runner.py:116] Agent_1 gets win rate: 0.17.
[20260604 08:29:01 @multi_evo_agent_runner.py:79] #------------------------ Iteration 768 --------------------------#
[20260604 08:29:14 @multi_evo_agent_runner.py:85] Sampling 50000 steps by 12 slaves, spending 13.39 s.
[20260604 08:29:53 @multi_evo_agent_runner.py:94] Policy update, spending: 38.85 s.
[20260604 08:29:55 @multi_evo_agent_runner.py:99] Evaluation time: 2.16 s.
[20260604 08:29:55 @multi_evo_agent_runner.py:105] Total time:     761.37 min
[20260604 08:29:55 @multi_evo_agent_runner.py:115] Agent_0 gets eval reward: -270.61.
[20260604 08:29:55 @multi_evo_agent_runner.py:116] Agent_0 gets win rate: 0.05.
[20260604 08:29:55 @multi_evo_agent_runner.py:115] Agent_1 gets eval reward: -694.96.
[20260604 08:29:55 @multi_evo_agent_runner.py:116] Agent_1 gets win rate: 0.05.
[20260604 08:29:55 @multi_evo_agent_runner.py:79] #------------------------ Iteration 769 --------------------------#
[20260604 08:30:10 @multi_evo_agent_runner.py:85] Sampling 50000 steps by 12 slaves, spending 14.68 s.
[20260604 08:30:46 @multi_evo_agent_runner.py:94] Policy update, spending: 36.46 s.
[20260604 08:30:48 @multi_evo_agent_runner.py:99] Evaluation time: 1.65 s.
[20260604 08:30:48 @multi_evo_agent_runner.py:105] Total time:     762.25 min
[20260604 08:30:48 @multi_evo_agent_runner.py:115] Agent_0 gets eval reward: -154.42.
[20260604 08:30:48 @multi_evo_agent_runner.py:116] Agent_0 gets win rate: 0.12.
[20260604 08:30:48 @multi_evo_agent_runner.py:115] Agent_1 gets eval reward: -613.42.
[20260604 08:30:48 @multi_evo_agent_runner.py:116] Agent_1 gets win rate: 0.08.
[20260604 08:30:48 @multi_evo_agent_runner.py:79] #------------------------ Iteration 770 --------------------------#
[20260604 08:31:02 @multi_evo_agent_runner.py:85] Sampling 50000 steps by 12 slaves, spending 13.34 s.
[20260604 08:31:53 @multi_evo_agent_runner.py:94] Policy update, spending: 51.72 s.
[20260604 08:31:55 @multi_evo_agent_runner.py:99] Evaluation time: 1.82 s.
[20260604 08:31:55 @multi_evo_agent_runner.py:105] Total time:     763.37 min
[20260604 08:31:55 @multi_evo_agent_runner.py:115] Agent_0 gets eval reward: -11.82.
[20260604 08:31:55 @multi_evo_agent_runner.py:116] Agent_0 gets win rate: 0.31.
[20260604 08:31:55 @multi_evo_agent_runner.py:115] Agent_1 gets eval reward: -639.71.
[20260604 08:31:55 @multi_evo_agent_runner.py:116] Agent_1 gets win rate: 0.17.
[20260604 08:31:55 @multi_evo_agent_runner.py:79] #------------------------ Iteration 771 --------------------------#
[20260604 08:32:07 @multi_evo_agent_runner.py:85] Sampling 50000 steps by 12 slaves, spending 11.82 s.
[20260604 08:32:46 @multi_evo_agent_runner.py:94] Policy update, spending: 38.58 s.
[20260604 08:32:48 @multi_evo_agent_runner.py:99] Evaluation time: 2.73 s.
[20260604 08:32:49 @multi_evo_agent_runner.py:105] Total time:     764.26 min
[20260604 08:32:49 @multi_evo_agent_runner.py:115] Agent_0 gets eval reward: 32.64.
[20260604 08:32:49 @multi_evo_agent_runner.py:116] Agent_0 gets win rate: 0.20.
[20260604 08:32:49 @multi_evo_agent_runner.py:115] Agent_1 gets eval reward: -948.07.
[20260604 08:32:49 @multi_evo_agent_runner.py:116] Agent_1 gets win rate: 0.04.
[20260604 08:32:49 @multi_evo_agent_runner.py:79] #------------------------ Iteration 772 --------------------------#
[20260604 08:33:02 @multi_evo_agent_runner.py:85] Sampling 50000 steps by 12 slaves, spending 13.49 s.
[20260604 08:33:47 @multi_evo_agent_runner.py:94] Policy update, spending: 44.36 s.
[20260604 08:33:48 @multi_evo_agent_runner.py:99] Evaluation time: 1.78 s.
[20260604 08:33:48 @multi_evo_agent_runner.py:105] Total time:     765.26 min
[20260604 08:33:48 @multi_evo_agent_runner.py:115] Agent_0 gets eval reward: 383.87.
[20260604 08:33:48 @multi_evo_agent_runner.py:116] Agent_0 gets win rate: 0.32.
[20260604 08:33:48 @multi_evo_agent_runner.py:115] Agent_1 gets eval reward: -981.54.
[20260604 08:33:48 @multi_evo_agent_runner.py:116] Agent_1 gets win rate: 0.00.
[20260604 08:33:49 @multi_evo_agent_runner.py:79] #------------------------ Iteration 773 --------------------------#
[20260604 08:34:05 @multi_evo_agent_runner.py:85] Sampling 50000 steps by 12 slaves, spending 16.71 s.
[20260604 08:34:42 @multi_evo_agent_runner.py:94] Policy update, spending: 36.85 s.
[20260604 08:34:44 @multi_evo_agent_runner.py:99] Evaluation time: 1.56 s.
[20260604 08:34:44 @multi_evo_agent_runner.py:105] Total time:     766.18 min
[20260604 08:34:44 @multi_evo_agent_runner.py:115] Agent_0 gets eval reward: -74.36.
[20260604 08:34:44 @multi_evo_agent_runner.py:116] Agent_0 gets win rate: 0.09.
[20260604 08:34:44 @multi_evo_agent_runner.py:115] Agent_1 gets eval reward: -616.26.
[20260604 08:34:44 @multi_evo_agent_runner.py:116] Agent_1 gets win rate: 0.04.
[20260604 08:34:44 @multi_evo_agent_runner.py:79] #------------------------ Iteration 774 --------------------------#
[20260604 08:34:58 @multi_evo_agent_runner.py:85] Sampling 50000 steps by 12 slaves, spending 13.80 s.
[20260604 08:35:35 @multi_evo_agent_runner.py:94] Policy update, spending: 37.32 s.
[20260604 08:35:37 @multi_evo_agent_runner.py:99] Evaluation time: 1.88 s.
[20260604 08:35:37 @multi_evo_agent_runner.py:105] Total time:     767.06 min
[20260604 08:35:37 @multi_evo_agent_runner.py:115] Agent_0 gets eval reward: 325.84.
[20260604 08:35:37 @multi_evo_agent_runner.py:116] Agent_0 gets win rate: 0.28.
[20260604 08:35:37 @multi_evo_agent_runner.py:115] Agent_1 gets eval reward: -915.69.
[20260604 08:35:37 @multi_evo_agent_runner.py:116] Agent_1 gets win rate: 0.04.
[20260604 08:35:37 @multi_evo_agent_runner.py:79] #------------------------ Iteration 775 --------------------------#
[20260604 08:35:50 @multi_evo_agent_runner.py:85] Sampling 50000 steps by 12 slaves, spending 13.27 s.
[20260604 08:36:28 @multi_evo_agent_runner.py:94] Policy update, spending: 37.41 s.
[20260604 08:36:30 @multi_evo_agent_runner.py:99] Evaluation time: 2.12 s.
[20260604 08:36:30 @multi_evo_agent_runner.py:105] Total time:     767.95 min
[20260604 08:36:30 @multi_evo_agent_runner.py:115] Agent_0 gets eval reward: 324.96.
[20260604 08:36:30 @multi_evo_agent_runner.py:116] Agent_0 gets win rate: 0.32.
[20260604 08:36:30 @multi_evo_agent_runner.py:115] Agent_1 gets eval reward: -1087.51.
[20260604 08:36:30 @multi_evo_agent_runner.py:116] Agent_1 gets win rate: 0.00.
[20260604 08:36:30 @multi_evo_agent_runner.py:79] #------------------------ Iteration 776 --------------------------#
[20260604 08:36:43 @multi_evo_agent_runner.py:85] Sampling 50000 steps by 12 slaves, spending 13.36 s.
[20260604 08:37:39 @multi_evo_agent_runner.py:94] Policy update, spending: 56.14 s.
[20260604 08:37:41 @multi_evo_agent_runner.py:99] Evaluation time: 1.85 s.
[20260604 08:37:41 @multi_evo_agent_runner.py:105] Total time:     769.14 min
[20260604 08:37:41 @multi_evo_agent_runner.py:115] Agent_0 gets eval reward: 94.80.
[20260604 08:37:41 @multi_evo_agent_runner.py:116] Agent_0 gets win rate: 0.21.
[20260604 08:37:41 @multi_evo_agent_runner.py:115] Agent_1 gets eval reward: -780.76.
[20260604 08:37:41 @multi_evo_agent_runner.py:116] Agent_1 gets win rate: 0.04.
[20260604 08:37:41 @multi_evo_agent_runner.py:79] #------------------------ Iteration 777 --------------------------#
[20260604 08:37:57 @multi_evo_agent_runner.py:85] Sampling 50000 steps by 12 slaves, spending 15.10 s.
[20260604 08:38:32 @multi_evo_agent_runner.py:94] Policy update, spending: 35.24 s.
[20260604 08:38:34 @multi_evo_agent_runner.py:99] Evaluation time: 1.81 s.
[20260604 08:38:34 @multi_evo_agent_runner.py:105] Total time:     770.01 min
[20260604 08:38:34 @multi_evo_agent_runner.py:115] Agent_0 gets eval reward: 39.32.
[20260604 08:38:34 @multi_evo_agent_runner.py:116] Agent_0 gets win rate: 0.27.
[20260604 08:38:34 @multi_evo_agent_runner.py:115] Agent_1 gets eval reward: -785.29.
[20260604 08:38:34 @multi_evo_agent_runner.py:116] Agent_1 gets win rate: 0.12.
[20260604 08:38:34 @multi_evo_agent_runner.py:79] #------------------------ Iteration 778 --------------------------#
[20260604 08:38:47 @multi_evo_agent_runner.py:85] Sampling 50000 steps by 12 slaves, spending 13.28 s.
[20260604 08:39:23 @multi_evo_agent_runner.py:94] Policy update, spending: 36.10 s.
[20260604 08:39:25 @multi_evo_agent_runner.py:99] Evaluation time: 1.94 s.
[20260604 08:39:25 @multi_evo_agent_runner.py:105] Total time:     770.87 min
[20260604 08:39:25 @multi_evo_agent_runner.py:115] Agent_0 gets eval reward: 167.88.
[20260604 08:39:25 @multi_evo_agent_runner.py:116] Agent_0 gets win rate: 0.37.
[20260604 08:39:25 @multi_evo_agent_runner.py:115] Agent_1 gets eval reward: -721.25.
[20260604 08:39:25 @multi_evo_agent_runner.py:116] Agent_1 gets win rate: 0.20.
[20260604 08:39:25 @multi_evo_agent_runner.py:79] #------------------------ Iteration 779 --------------------------#
[20260604 08:39:38 @multi_evo_agent_runner.py:85] Sampling 50000 steps by 12 slaves, spending 12.26 s.
[20260604 08:40:17 @multi_evo_agent_runner.py:94] Policy update, spending: 39.20 s.
[20260604 08:40:19 @multi_evo_agent_runner.py:99] Evaluation time: 2.24 s.
[20260604 08:40:19 @multi_evo_agent_runner.py:105] Total time:     771.77 min
[20260604 08:40:19 @multi_evo_agent_runner.py:115] Agent_0 gets eval reward: 46.69.
[20260604 08:40:19 @multi_evo_agent_runner.py:116] Agent_0 gets win rate: 0.26.
[20260604 08:40:19 @multi_evo_agent_runner.py:115] Agent_1 gets eval reward: -848.60.
[20260604 08:40:19 @multi_evo_agent_runner.py:116] Agent_1 gets win rate: 0.07.
[20260604 08:40:19 @multi_evo_agent_runner.py:79] #------------------------ Iteration 780 --------------------------#
[20260604 08:40:35 @multi_evo_agent_runner.py:85] Sampling 50000 steps by 12 slaves, spending 15.73 s.
[20260604 08:41:11 @multi_evo_agent_runner.py:94] Policy update, spending: 36.32 s.
[20260604 08:41:13 @multi_evo_agent_runner.py:99] Evaluation time: 1.80 s.
[20260604 08:41:13 @multi_evo_agent_runner.py:105] Total time:     772.67 min
[20260604 08:41:13 @multi_evo_agent_runner.py:115] Agent_0 gets eval reward: -135.48.
[20260604 08:41:13 @multi_evo_agent_runner.py:116] Agent_0 gets win rate: 0.14.
[20260604 08:41:13 @multi_evo_agent_runner.py:115] Agent_1 gets eval reward: -1018.01.
[20260604 08:41:13 @multi_evo_agent_runner.py:116] Agent_1 gets win rate: 0.00.
[20260604 08:41:13 @multi_evo_agent_runner.py:79] #------------------------ Iteration 781 --------------------------#
[20260604 08:41:26 @multi_evo_agent_runner.py:85] Sampling 50000 steps by 12 slaves, spending 13.22 s.
[20260604 08:42:15 @multi_evo_agent_runner.py:94] Policy update, spending: 49.05 s.
[20260604 08:42:17 @multi_evo_agent_runner.py:99] Evaluation time: 1.58 s.
[20260604 08:42:17 @multi_evo_agent_runner.py:105] Total time:     773.73 min
[20260604 08:42:17 @multi_evo_agent_runner.py:115] Agent_0 gets eval reward: -236.65.
[20260604 08:42:17 @multi_evo_agent_runner.py:116] Agent_0 gets win rate: 0.12.
[20260604 08:42:17 @multi_evo_agent_runner.py:115] Agent_1 gets eval reward: -786.20.
[20260604 08:42:17 @multi_evo_agent_runner.py:116] Agent_1 gets win rate: 0.04.
[20260604 08:42:17 @multi_evo_agent_runner.py:79] #------------------------ Iteration 782 --------------------------#
[20260604 08:42:30 @multi_evo_agent_runner.py:85] Sampling 50000 steps by 12 slaves, spending 12.56 s.
[20260604 08:43:06 @multi_evo_agent_runner.py:94] Policy update, spending: 36.40 s.
[20260604 08:43:09 @multi_evo_agent_runner.py:99] Evaluation time: 2.55 s.
[20260604 08:43:09 @multi_evo_agent_runner.py:105] Total time:     774.60 min
[20260604 08:43:09 @multi_evo_agent_runner.py:115] Agent_0 gets eval reward: -121.56.
[20260604 08:43:09 @multi_evo_agent_runner.py:116] Agent_0 gets win rate: 0.19.
[20260604 08:43:09 @multi_evo_agent_runner.py:115] Agent_1 gets eval reward: -852.91.
[20260604 08:43:09 @multi_evo_agent_runner.py:116] Agent_1 gets win rate: 0.04.
[20260604 08:43:09 @multi_evo_agent_runner.py:79] #------------------------ Iteration 783 --------------------------#
[20260604 08:43:22 @multi_evo_agent_runner.py:85] Sampling 50000 steps by 12 slaves, spending 13.17 s.
[20260604 08:44:17 @multi_evo_agent_runner.py:94] Policy update, spending: 54.94 s.
[20260604 08:44:19 @multi_evo_agent_runner.py:99] Evaluation time: 1.69 s.
[20260604 08:44:19 @multi_evo_agent_runner.py:105] Total time:     775.76 min
[20260604 08:44:19 @multi_evo_agent_runner.py:115] Agent_0 gets eval reward: -434.15.
[20260604 08:44:19 @multi_evo_agent_runner.py:116] Agent_0 gets win rate: 0.00.
[20260604 08:44:19 @multi_evo_agent_runner.py:115] Agent_1 gets eval reward: -462.28.
[20260604 08:44:19 @multi_evo_agent_runner.py:116] Agent_1 gets win rate: 0.09.
[20260604 08:44:19 @multi_evo_agent_runner.py:79] #------------------------ Iteration 784 --------------------------#
[20260604 08:44:35 @multi_evo_agent_runner.py:85] Sampling 50000 steps by 12 slaves, spending 15.69 s.
[20260604 08:45:11 @multi_evo_agent_runner.py:94] Policy update, spending: 36.42 s.
[20260604 08:45:13 @multi_evo_agent_runner.py:99] Evaluation time: 1.95 s.
[20260604 08:45:13 @multi_evo_agent_runner.py:105] Total time:     776.67 min
[20260604 08:45:13 @multi_evo_agent_runner.py:115] Agent_0 gets eval reward: -155.29.
[20260604 08:45:13 @multi_evo_agent_runner.py:116] Agent_0 gets win rate: 0.16.
[20260604 08:45:13 @multi_evo_agent_runner.py:115] Agent_1 gets eval reward: -694.06.
[20260604 08:45:13 @multi_evo_agent_runner.py:116] Agent_1 gets win rate: 0.04.
[20260604 08:45:13 @multi_evo_agent_runner.py:79] #------------------------ Iteration 785 --------------------------#
[20260604 08:45:27 @multi_evo_agent_runner.py:85] Sampling 50000 steps by 12 slaves, spending 13.73 s.
[20260604 08:46:04 @multi_evo_agent_runner.py:94] Policy update, spending: 37.12 s.
[20260604 08:46:06 @multi_evo_agent_runner.py:99] Evaluation time: 1.76 s.
[20260604 08:46:06 @multi_evo_agent_runner.py:105] Total time:     777.55 min
[20260604 08:46:06 @multi_evo_agent_runner.py:115] Agent_0 gets eval reward: 22.27.
[20260604 08:46:06 @multi_evo_agent_runner.py:116] Agent_0 gets win rate: 0.23.
[20260604 08:46:06 @multi_evo_agent_runner.py:115] Agent_1 gets eval reward: -885.24.
[20260604 08:46:06 @multi_evo_agent_runner.py:116] Agent_1 gets win rate: 0.04.
[20260604 08:46:06 @multi_evo_agent_runner.py:79] #------------------------ Iteration 786 --------------------------#
[20260604 08:46:20 @multi_evo_agent_runner.py:85] Sampling 50000 steps by 12 slaves, spending 14.10 s.
[20260604 08:46:58 @multi_evo_agent_runner.py:94] Policy update, spending: 37.57 s.
[20260604 08:47:00 @multi_evo_agent_runner.py:99] Evaluation time: 2.22 s.
[20260604 08:47:00 @multi_evo_agent_runner.py:105] Total time:     778.45 min
[20260604 08:47:00 @multi_evo_agent_runner.py:115] Agent_0 gets eval reward: -223.87.
[20260604 08:47:00 @multi_evo_agent_runner.py:116] Agent_0 gets win rate: 0.05.
[20260604 08:47:00 @multi_evo_agent_runner.py:115] Agent_1 gets eval reward: -744.51.
[20260604 08:47:00 @multi_evo_agent_runner.py:116] Agent_1 gets win rate: 0.00.
[20260604 08:47:00 @multi_evo_agent_runner.py:79] #------------------------ Iteration 787 --------------------------#
[20260604 08:47:13 @multi_evo_agent_runner.py:85] Sampling 50000 steps by 12 slaves, spending 13.42 s.
[20260604 08:48:02 @multi_evo_agent_runner.py:94] Policy update, spending: 48.16 s.
[20260604 08:48:03 @multi_evo_agent_runner.py:99] Evaluation time: 1.71 s.
[20260604 08:48:03 @multi_evo_agent_runner.py:105] Total time:     779.50 min
[20260604 08:48:03 @multi_evo_agent_runner.py:115] Agent_0 gets eval reward: -317.70.
[20260604 08:48:03 @multi_evo_agent_runner.py:116] Agent_0 gets win rate: 0.12.
[20260604 08:48:03 @multi_evo_agent_runner.py:115] Agent_1 gets eval reward: -795.87.
[20260604 08:48:03 @multi_evo_agent_runner.py:116] Agent_1 gets win rate: 0.08.
[20260604 08:48:03 @multi_evo_agent_runner.py:79] #------------------------ Iteration 788 --------------------------#
[20260604 08:48:17 @multi_evo_agent_runner.py:85] Sampling 50000 steps by 12 slaves, spending 13.90 s.
[20260604 08:49:09 @multi_evo_agent_runner.py:94] Policy update, spending: 52.12 s.
[20260604 08:49:11 @multi_evo_agent_runner.py:99] Evaluation time: 2.04 s.
[20260604 08:49:11 @multi_evo_agent_runner.py:105] Total time:     780.64 min
[20260604 08:49:12 @multi_evo_agent_runner.py:115] Agent_0 gets eval reward: 192.72.
[20260604 08:49:12 @multi_evo_agent_runner.py:116] Agent_0 gets win rate: 0.30.
[20260604 08:49:12 @multi_evo_agent_runner.py:115] Agent_1 gets eval reward: -762.02.
[20260604 08:49:12 @multi_evo_agent_runner.py:116] Agent_1 gets win rate: 0.11.
[20260604 08:49:12 @multi_evo_agent_runner.py:79] #------------------------ Iteration 789 --------------------------#
[20260604 08:49:24 @multi_evo_agent_runner.py:85] Sampling 50000 steps by 12 slaves, spending 12.68 s.
[20260604 08:50:01 @multi_evo_agent_runner.py:94] Policy update, spending: 36.20 s.
[20260604 08:50:03 @multi_evo_agent_runner.py:99] Evaluation time: 2.04 s.
[20260604 08:50:03 @multi_evo_agent_runner.py:105] Total time:     781.49 min
[20260604 08:50:03 @multi_evo_agent_runner.py:115] Agent_0 gets eval reward: 88.50.
[20260604 08:50:03 @multi_evo_agent_runner.py:116] Agent_0 gets win rate: 0.29.
[20260604 08:50:03 @multi_evo_agent_runner.py:115] Agent_1 gets eval reward: -654.31.
[20260604 08:50:03 @multi_evo_agent_runner.py:116] Agent_1 gets win rate: 0.15.
[20260604 08:50:03 @multi_evo_agent_runner.py:79] #------------------------ Iteration 790 --------------------------#
[20260604 08:50:16 @multi_evo_agent_runner.py:85] Sampling 50000 steps by 12 slaves, spending 13.01 s.
[20260604 08:50:53 @multi_evo_agent_runner.py:94] Policy update, spending: 37.49 s.
[20260604 08:50:55 @multi_evo_agent_runner.py:99] Evaluation time: 1.65 s.
[20260604 08:50:55 @multi_evo_agent_runner.py:105] Total time:     782.37 min
[20260604 08:50:55 @multi_evo_agent_runner.py:115] Agent_0 gets eval reward: -357.39.
[20260604 08:50:55 @multi_evo_agent_runner.py:116] Agent_0 gets win rate: 0.00.
[20260604 08:50:55 @multi_evo_agent_runner.py:115] Agent_1 gets eval reward: -479.45.
[20260604 08:50:55 @multi_evo_agent_runner.py:116] Agent_1 gets win rate: 0.05.
[20260604 08:50:55 @multi_evo_agent_runner.py:79] #------------------------ Iteration 791 --------------------------#
[20260604 08:51:11 @multi_evo_agent_runner.py:85] Sampling 50000 steps by 12 slaves, spending 16.30 s.
[20260604 08:51:49 @multi_evo_agent_runner.py:94] Policy update, spending: 37.23 s.
[20260604 08:51:50 @multi_evo_agent_runner.py:99] Evaluation time: 1.80 s.
[20260604 08:51:50 @multi_evo_agent_runner.py:105] Total time:     783.29 min
[20260604 08:51:51 @multi_evo_agent_runner.py:115] Agent_0 gets eval reward: -467.08.
[20260604 08:51:51 @multi_evo_agent_runner.py:116] Agent_0 gets win rate: 0.08.
[20260604 08:51:51 @multi_evo_agent_runner.py:115] Agent_1 gets eval reward: -361.58.
[20260604 08:51:51 @multi_evo_agent_runner.py:116] Agent_1 gets win rate: 0.16.
[20260604 08:51:51 @multi_evo_agent_runner.py:79] #------------------------ Iteration 792 --------------------------#
[20260604 08:52:05 @multi_evo_agent_runner.py:85] Sampling 50000 steps by 12 slaves, spending 14.13 s.
[20260604 08:52:54 @multi_evo_agent_runner.py:94] Policy update, spending: 49.61 s.
[20260604 08:52:56 @multi_evo_agent_runner.py:99] Evaluation time: 1.88 s.
[20260604 08:52:56 @multi_evo_agent_runner.py:105] Total time:     784.39 min
[20260604 08:52:56 @multi_evo_agent_runner.py:115] Agent_0 gets eval reward: -243.35.
[20260604 08:52:56 @multi_evo_agent_runner.py:116] Agent_0 gets win rate: 0.22.
[20260604 08:52:56 @multi_evo_agent_runner.py:115] Agent_1 gets eval reward: -468.43.
[20260604 08:52:56 @multi_evo_agent_runner.py:116] Agent_1 gets win rate: 0.22.
[20260604 08:52:56 @multi_evo_agent_runner.py:79] #------------------------ Iteration 793 --------------------------#
[20260604 08:53:09 @multi_evo_agent_runner.py:85] Sampling 50000 steps by 12 slaves, spending 12.40 s.
[20260604 08:53:47 @multi_evo_agent_runner.py:94] Policy update, spending: 38.22 s.
[20260604 08:53:49 @multi_evo_agent_runner.py:99] Evaluation time: 2.16 s.
[20260604 08:53:49 @multi_evo_agent_runner.py:105] Total time:     785.27 min
[20260604 08:53:49 @multi_evo_agent_runner.py:115] Agent_0 gets eval reward: -463.31.
[20260604 08:53:49 @multi_evo_agent_runner.py:116] Agent_0 gets win rate: 0.00.
[20260604 08:53:49 @multi_evo_agent_runner.py:115] Agent_1 gets eval reward: -504.82.
[20260604 08:53:49 @multi_evo_agent_runner.py:116] Agent_1 gets win rate: 0.09.
[20260604 08:53:49 @multi_evo_agent_runner.py:79] #------------------------ Iteration 794 --------------------------#
[20260604 08:54:02 @multi_evo_agent_runner.py:85] Sampling 50000 steps by 12 slaves, spending 12.40 s.
[20260604 08:54:48 @multi_evo_agent_runner.py:94] Policy update, spending: 45.85 s.
[20260604 08:54:49 @multi_evo_agent_runner.py:99] Evaluation time: 1.85 s.
[20260604 08:54:49 @multi_evo_agent_runner.py:105] Total time:     786.27 min
[20260604 08:54:50 @multi_evo_agent_runner.py:115] Agent_0 gets eval reward: -131.32.
[20260604 08:54:50 @multi_evo_agent_runner.py:116] Agent_0 gets win rate: 0.13.
[20260604 08:54:50 @multi_evo_agent_runner.py:115] Agent_1 gets eval reward: -923.16.
[20260604 08:54:50 @multi_evo_agent_runner.py:116] Agent_1 gets win rate: 0.00.
[20260604 08:54:50 @multi_evo_agent_runner.py:79] #------------------------ Iteration 795 --------------------------#
[20260604 08:55:05 @multi_evo_agent_runner.py:85] Sampling 50000 steps by 12 slaves, spending 15.43 s.
[20260604 08:55:41 @multi_evo_agent_runner.py:94] Policy update, spending: 35.63 s.
[20260604 08:55:43 @multi_evo_agent_runner.py:99] Evaluation time: 1.95 s.
[20260604 08:55:43 @multi_evo_agent_runner.py:105] Total time:     787.16 min
[20260604 08:55:43 @multi_evo_agent_runner.py:115] Agent_0 gets eval reward: -68.50.
[20260604 08:55:43 @multi_evo_agent_runner.py:116] Agent_0 gets win rate: 0.17.
[20260604 08:55:43 @multi_evo_agent_runner.py:115] Agent_1 gets eval reward: -917.57.
[20260604 08:55:43 @multi_evo_agent_runner.py:116] Agent_1 gets win rate: 0.00.
[20260604 08:55:43 @multi_evo_agent_runner.py:79] #------------------------ Iteration 796 --------------------------#
[20260604 08:55:56 @multi_evo_agent_runner.py:85] Sampling 50000 steps by 12 slaves, spending 13.63 s.
[20260604 08:56:33 @multi_evo_agent_runner.py:94] Policy update, spending: 36.66 s.
[20260604 08:56:35 @multi_evo_agent_runner.py:99] Evaluation time: 1.84 s.
[20260604 08:56:35 @multi_evo_agent_runner.py:105] Total time:     788.03 min
[20260604 08:56:35 @multi_evo_agent_runner.py:115] Agent_0 gets eval reward: -190.25.
[20260604 08:56:35 @multi_evo_agent_runner.py:116] Agent_0 gets win rate: 0.26.
[20260604 08:56:35 @multi_evo_agent_runner.py:115] Agent_1 gets eval reward: -407.71.
[20260604 08:56:35 @multi_evo_agent_runner.py:116] Agent_1 gets win rate: 0.26.
[20260604 08:56:35 @multi_evo_agent_runner.py:79] #------------------------ Iteration 797 --------------------------#
[20260604 08:56:48 @multi_evo_agent_runner.py:85] Sampling 50000 steps by 12 slaves, spending 13.06 s.
[20260604 08:57:27 @multi_evo_agent_runner.py:94] Policy update, spending: 38.62 s.
[20260604 08:57:29 @multi_evo_agent_runner.py:99] Evaluation time: 1.86 s.
[20260604 08:57:29 @multi_evo_agent_runner.py:105] Total time:     788.93 min
[20260604 08:57:29 @multi_evo_agent_runner.py:115] Agent_0 gets eval reward: -422.61.
[20260604 08:57:29 @multi_evo_agent_runner.py:116] Agent_0 gets win rate: 0.05.
[20260604 08:57:29 @multi_evo_agent_runner.py:115] Agent_1 gets eval reward: -665.03.
[20260604 08:57:29 @multi_evo_agent_runner.py:116] Agent_1 gets win rate: 0.05.
[20260604 08:57:29 @multi_evo_agent_runner.py:79] #------------------------ Iteration 798 --------------------------#
[20260604 08:57:45 @multi_evo_agent_runner.py:85] Sampling 50000 steps by 12 slaves, spending 16.42 s.
[20260604 08:58:22 @multi_evo_agent_runner.py:94] Policy update, spending: 36.27 s.
[20260604 08:58:24 @multi_evo_agent_runner.py:99] Evaluation time: 2.03 s.
[20260604 08:58:24 @multi_evo_agent_runner.py:105] Total time:     789.84 min
[20260604 08:58:24 @multi_evo_agent_runner.py:115] Agent_0 gets eval reward: -503.20.
[20260604 08:58:24 @multi_evo_agent_runner.py:116] Agent_0 gets win rate: 0.07.
[20260604 08:58:24 @multi_evo_agent_runner.py:115] Agent_1 gets eval reward: -456.34.
[20260604 08:58:24 @multi_evo_agent_runner.py:116] Agent_1 gets win rate: 0.19.
[20260604 08:58:24 @multi_evo_agent_runner.py:79] #------------------------ Iteration 799 --------------------------#
[20260604 08:58:38 @multi_evo_agent_runner.py:85] Sampling 50000 steps by 12 slaves, spending 14.17 s.
[20260604 08:59:37 @multi_evo_agent_runner.py:94] Policy update, spending: 59.58 s.
[20260604 08:59:39 @multi_evo_agent_runner.py:99] Evaluation time: 1.58 s.
[20260604 08:59:39 @multi_evo_agent_runner.py:105] Total time:     791.10 min
[20260604 08:59:39 @multi_evo_agent_runner.py:115] Agent_0 gets eval reward: -147.22.
[20260604 08:59:39 @multi_evo_agent_runner.py:116] Agent_0 gets win rate: 0.16.
[20260604 08:59:39 @multi_evo_agent_runner.py:115] Agent_1 gets eval reward: -806.97.
[20260604 08:59:39 @multi_evo_agent_runner.py:116] Agent_1 gets win rate: 0.08.
[20260604 08:59:39 @multi_evo_agent_runner.py:79] #------------------------ Iteration 800 --------------------------#
[20260604 08:59:53 @multi_evo_agent_runner.py:85] Sampling 50000 steps by 12 slaves, spending 13.86 s.
[20260604 09:00:30 @multi_evo_agent_runner.py:94] Policy update, spending: 36.90 s.
[20260604 09:00:32 @multi_evo_agent_runner.py:99] Evaluation time: 1.90 s.
[20260604 09:00:32 @multi_evo_agent_runner.py:105] Total time:     791.98 min
[20260604 09:00:32 @multi_evo_agent_runner.py:115] Agent_0 gets eval reward: -255.09.
[20260604 09:00:32 @multi_evo_agent_runner.py:116] Agent_0 gets win rate: 0.17.
[20260604 09:00:32 @multi_evo_agent_runner.py:115] Agent_1 gets eval reward: -853.37.
[20260604 09:00:32 @multi_evo_agent_runner.py:116] Agent_1 gets win rate: 0.04.
[20260604 09:00:32 @multi_evo_agent_runner.py:79] #------------------------ Iteration 801 --------------------------#
[20260604 09:00:45 @multi_evo_agent_runner.py:85] Sampling 50000 steps by 12 slaves, spending 13.18 s.
[20260604 09:01:31 @multi_evo_agent_runner.py:94] Policy update, spending: 45.61 s.
[20260604 09:01:33 @multi_evo_agent_runner.py:99] Evaluation time: 2.13 s.
[20260604 09:01:33 @multi_evo_agent_runner.py:105] Total time:     793.00 min
[20260604 09:01:33 @multi_evo_agent_runner.py:115] Agent_0 gets eval reward: -277.48.
[20260604 09:01:33 @multi_evo_agent_runner.py:116] Agent_0 gets win rate: 0.14.
[20260604 09:01:33 @multi_evo_agent_runner.py:115] Agent_1 gets eval reward: -475.06.
[20260604 09:01:33 @multi_evo_agent_runner.py:116] Agent_1 gets win rate: 0.18.
[20260604 09:01:33 @multi_evo_agent_runner.py:79] #------------------------ Iteration 802 --------------------------#
[20260604 09:01:49 @multi_evo_agent_runner.py:85] Sampling 50000 steps by 12 slaves, spending 16.25 s.
[20260604 09:02:27 @multi_evo_agent_runner.py:94] Policy update, spending: 37.22 s.
[20260604 09:02:29 @multi_evo_agent_runner.py:99] Evaluation time: 1.91 s.
[20260604 09:02:29 @multi_evo_agent_runner.py:105] Total time:     793.93 min
[20260604 09:02:29 @multi_evo_agent_runner.py:115] Agent_0 gets eval reward: 106.64.
[20260604 09:02:29 @multi_evo_agent_runner.py:116] Agent_0 gets win rate: 0.26.
[20260604 09:02:29 @multi_evo_agent_runner.py:115] Agent_1 gets eval reward: -860.51.
[20260604 09:02:29 @multi_evo_agent_runner.py:116] Agent_1 gets win rate: 0.07.
[20260604 09:02:29 @multi_evo_agent_runner.py:79] #------------------------ Iteration 803 --------------------------#
[20260604 09:02:43 @multi_evo_agent_runner.py:85] Sampling 50000 steps by 12 slaves, spending 14.18 s.
[20260604 09:03:35 @multi_evo_agent_runner.py:94] Policy update, spending: 52.19 s.
[20260604 09:03:37 @multi_evo_agent_runner.py:99] Evaluation time: 2.01 s.
[20260604 09:03:37 @multi_evo_agent_runner.py:105] Total time:     795.07 min
[20260604 09:03:37 @multi_evo_agent_runner.py:115] Agent_0 gets eval reward: 81.75.
[20260604 09:03:37 @multi_evo_agent_runner.py:116] Agent_0 gets win rate: 0.24.
[20260604 09:03:37 @multi_evo_agent_runner.py:115] Agent_1 gets eval reward: -992.74.
[20260604 09:03:37 @multi_evo_agent_runner.py:116] Agent_1 gets win rate: 0.04.
[20260604 09:03:37 @multi_evo_agent_runner.py:79] #------------------------ Iteration 804 --------------------------#
[20260604 09:03:50 @multi_evo_agent_runner.py:85] Sampling 50000 steps by 12 slaves, spending 13.17 s.
[20260604 09:04:26 @multi_evo_agent_runner.py:94] Policy update, spending: 35.26 s.
[20260604 09:04:28 @multi_evo_agent_runner.py:99] Evaluation time: 1.86 s.
[20260604 09:04:28 @multi_evo_agent_runner.py:105] Total time:     795.91 min
[20260604 09:04:28 @multi_evo_agent_runner.py:115] Agent_0 gets eval reward: -333.70.
[20260604 09:04:28 @multi_evo_agent_runner.py:116] Agent_0 gets win rate: 0.14.
[20260604 09:04:28 @multi_evo_agent_runner.py:115] Agent_1 gets eval reward: -905.15.
[20260604 09:04:28 @multi_evo_agent_runner.py:116] Agent_1 gets win rate: 0.00.
[20260604 09:04:28 @multi_evo_agent_runner.py:79] #------------------------ Iteration 805 --------------------------#
[20260604 09:04:42 @multi_evo_agent_runner.py:85] Sampling 50000 steps by 12 slaves, spending 13.81 s.
[20260604 09:05:20 @multi_evo_agent_runner.py:94] Policy update, spending: 38.36 s.
[20260604 09:05:22 @multi_evo_agent_runner.py:99] Evaluation time: 2.06 s.
[20260604 09:05:22 @multi_evo_agent_runner.py:105] Total time:     796.82 min
[20260604 09:05:22 @multi_evo_agent_runner.py:115] Agent_0 gets eval reward: -486.84.
[20260604 09:05:22 @multi_evo_agent_runner.py:116] Agent_0 gets win rate: 0.08.
[20260604 09:05:22 @multi_evo_agent_runner.py:115] Agent_1 gets eval reward: -409.74.
[20260604 09:05:22 @multi_evo_agent_runner.py:116] Agent_1 gets win rate: 0.20.
[20260604 09:05:22 @multi_evo_agent_runner.py:79] #------------------------ Iteration 806 --------------------------#
[20260604 09:05:38 @multi_evo_agent_runner.py:85] Sampling 50000 steps by 12 slaves, spending 15.52 s.
[20260604 09:06:15 @multi_evo_agent_runner.py:94] Policy update, spending: 37.15 s.
[20260604 09:06:17 @multi_evo_agent_runner.py:99] Evaluation time: 1.76 s.
[20260604 09:06:17 @multi_evo_agent_runner.py:105] Total time:     797.73 min
[20260604 09:06:17 @multi_evo_agent_runner.py:115] Agent_0 gets eval reward: 265.22.
[20260604 09:06:17 @multi_evo_agent_runner.py:116] Agent_0 gets win rate: 0.39.
[20260604 09:06:17 @multi_evo_agent_runner.py:115] Agent_1 gets eval reward: -989.07.
[20260604 09:06:17 @multi_evo_agent_runner.py:116] Agent_1 gets win rate: 0.06.
[20260604 09:06:17 @multi_evo_agent_runner.py:79] #------------------------ Iteration 807 --------------------------#
[20260604 09:06:30 @multi_evo_agent_runner.py:85] Sampling 50000 steps by 12 slaves, spending 13.27 s.
[20260604 09:07:19 @multi_evo_agent_runner.py:94] Policy update, spending: 48.48 s.
[20260604 09:07:20 @multi_evo_agent_runner.py:99] Evaluation time: 1.67 s.
[20260604 09:07:20 @multi_evo_agent_runner.py:105] Total time:     798.79 min
[20260604 09:07:20 @multi_evo_agent_runner.py:115] Agent_0 gets eval reward: -24.34.
[20260604 09:07:20 @multi_evo_agent_runner.py:116] Agent_0 gets win rate: 0.26.
[20260604 09:07:20 @multi_evo_agent_runner.py:115] Agent_1 gets eval reward: -804.34.
[20260604 09:07:20 @multi_evo_agent_runner.py:116] Agent_1 gets win rate: 0.11.
[20260604 09:07:20 @multi_evo_agent_runner.py:79] #------------------------ Iteration 808 --------------------------#
[20260604 09:07:35 @multi_evo_agent_runner.py:85] Sampling 50000 steps by 12 slaves, spending 14.33 s.
[20260604 09:08:11 @multi_evo_agent_runner.py:94] Policy update, spending: 36.01 s.
[20260604 09:08:13 @multi_evo_agent_runner.py:99] Evaluation time: 1.77 s.
[20260604 09:08:13 @multi_evo_agent_runner.py:105] Total time:     799.66 min
[20260604 09:08:13 @multi_evo_agent_runner.py:115] Agent_0 gets eval reward: 21.28.
[20260604 09:08:13 @multi_evo_agent_runner.py:116] Agent_0 gets win rate: 0.28.
[20260604 09:08:13 @multi_evo_agent_runner.py:115] Agent_1 gets eval reward: -766.51.
[20260604 09:08:13 @multi_evo_agent_runner.py:116] Agent_1 gets win rate: 0.10.
[20260604 09:08:13 @multi_evo_agent_runner.py:79] #------------------------ Iteration 809 --------------------------#
[20260604 09:08:27 @multi_evo_agent_runner.py:85] Sampling 50000 steps by 12 slaves, spending 13.85 s.
[20260604 09:09:06 @multi_evo_agent_runner.py:94] Policy update, spending: 39.23 s.
[20260604 09:09:08 @multi_evo_agent_runner.py:99] Evaluation time: 2.50 s.
[20260604 09:09:08 @multi_evo_agent_runner.py:105] Total time:     800.59 min
[20260604 09:09:08 @multi_evo_agent_runner.py:115] Agent_0 gets eval reward: -311.00.
[20260604 09:09:08 @multi_evo_agent_runner.py:116] Agent_0 gets win rate: 0.13.
[20260604 09:09:08 @multi_evo_agent_runner.py:115] Agent_1 gets eval reward: -693.79.
[20260604 09:09:08 @multi_evo_agent_runner.py:116] Agent_1 gets win rate: 0.09.
[20260604 09:09:09 @multi_evo_agent_runner.py:79] #------------------------ Iteration 810 --------------------------#
[20260604 09:09:22 @multi_evo_agent_runner.py:85] Sampling 50000 steps by 12 slaves, spending 13.84 s.
[20260604 09:09:58 @multi_evo_agent_runner.py:94] Policy update, spending: 35.33 s.
[20260604 09:10:00 @multi_evo_agent_runner.py:99] Evaluation time: 1.71 s.
[20260604 09:10:00 @multi_evo_agent_runner.py:105] Total time:     801.44 min
[20260604 09:10:00 @multi_evo_agent_runner.py:115] Agent_0 gets eval reward: -363.55.
[20260604 09:10:00 @multi_evo_agent_runner.py:116] Agent_0 gets win rate: 0.12.
[20260604 09:10:00 @multi_evo_agent_runner.py:115] Agent_1 gets eval reward: -684.64.
[20260604 09:10:00 @multi_evo_agent_runner.py:116] Agent_1 gets win rate: 0.12.
[20260604 09:10:00 @multi_evo_agent_runner.py:79] #------------------------ Iteration 811 --------------------------#
[20260604 09:10:14 @multi_evo_agent_runner.py:85] Sampling 50000 steps by 12 slaves, spending 13.93 s.
[20260604 09:11:08 @multi_evo_agent_runner.py:94] Policy update, spending: 54.13 s.
[20260604 09:11:09 @multi_evo_agent_runner.py:99] Evaluation time: 1.75 s.
[20260604 09:11:09 @multi_evo_agent_runner.py:105] Total time:     802.61 min
[20260604 09:11:10 @multi_evo_agent_runner.py:115] Agent_0 gets eval reward: -249.08.
[20260604 09:11:10 @multi_evo_agent_runner.py:116] Agent_0 gets win rate: 0.20.
[20260604 09:11:10 @multi_evo_agent_runner.py:115] Agent_1 gets eval reward: -928.81.
[20260604 09:11:10 @multi_evo_agent_runner.py:116] Agent_1 gets win rate: 0.04.
[20260604 09:11:10 @multi_evo_agent_runner.py:79] #------------------------ Iteration 812 --------------------------#
[20260604 09:11:23 @multi_evo_agent_runner.py:85] Sampling 50000 steps by 12 slaves, spending 13.83 s.
[20260604 09:12:00 @multi_evo_agent_runner.py:94] Policy update, spending: 36.85 s.
[20260604 09:12:03 @multi_evo_agent_runner.py:99] Evaluation time: 2.52 s.
[20260604 09:12:03 @multi_evo_agent_runner.py:105] Total time:     803.50 min
[20260604 09:12:03 @multi_evo_agent_runner.py:115] Agent_0 gets eval reward: 38.30.
[20260604 09:12:03 @multi_evo_agent_runner.py:116] Agent_0 gets win rate: 0.24.
[20260604 09:12:03 @multi_evo_agent_runner.py:115] Agent_1 gets eval reward: -1015.46.
[20260604 09:12:03 @multi_evo_agent_runner.py:116] Agent_1 gets win rate: 0.00.
[20260604 09:12:03 @multi_evo_agent_runner.py:79] #------------------------ Iteration 813 --------------------------#
[20260604 09:12:15 @multi_evo_agent_runner.py:85] Sampling 50000 steps by 12 slaves, spending 12.16 s.
[20260604 09:12:51 @multi_evo_agent_runner.py:94] Policy update, spending: 35.50 s.
[20260604 09:12:52 @multi_evo_agent_runner.py:99] Evaluation time: 1.64 s.
[20260604 09:12:52 @multi_evo_agent_runner.py:105] Total time:     804.32 min
[20260604 09:12:52 @multi_evo_agent_runner.py:115] Agent_0 gets eval reward: -141.97.
[20260604 09:12:52 @multi_evo_agent_runner.py:116] Agent_0 gets win rate: 0.20.
[20260604 09:12:52 @multi_evo_agent_runner.py:115] Agent_1 gets eval reward: -965.82.
[20260604 09:12:52 @multi_evo_agent_runner.py:116] Agent_1 gets win rate: 0.04.
[20260604 09:12:52 @multi_evo_agent_runner.py:79] #------------------------ Iteration 814 --------------------------#
[20260604 09:13:06 @multi_evo_agent_runner.py:85] Sampling 50000 steps by 12 slaves, spending 13.64 s.
[20260604 09:13:50 @multi_evo_agent_runner.py:94] Policy update, spending: 43.98 s.
[20260604 09:13:52 @multi_evo_agent_runner.py:99] Evaluation time: 1.94 s.
[20260604 09:13:52 @multi_evo_agent_runner.py:105] Total time:     805.32 min
[20260604 09:13:52 @multi_evo_agent_runner.py:115] Agent_0 gets eval reward: -123.74.
[20260604 09:13:52 @multi_evo_agent_runner.py:116] Agent_0 gets win rate: 0.17.
[20260604 09:13:52 @multi_evo_agent_runner.py:115] Agent_1 gets eval reward: -725.31.
[20260604 09:13:52 @multi_evo_agent_runner.py:116] Agent_1 gets win rate: 0.04.
[20260604 09:13:52 @multi_evo_agent_runner.py:79] #------------------------ Iteration 815 --------------------------#
[20260604 09:14:06 @multi_evo_agent_runner.py:85] Sampling 50000 steps by 12 slaves, spending 13.80 s.
[20260604 09:14:43 @multi_evo_agent_runner.py:94] Policy update, spending: 36.99 s.
[20260604 09:14:45 @multi_evo_agent_runner.py:99] Evaluation time: 1.55 s.
[20260604 09:14:45 @multi_evo_agent_runner.py:105] Total time:     806.19 min
[20260604 09:14:45 @multi_evo_agent_runner.py:115] Agent_0 gets eval reward: -411.88.
[20260604 09:14:45 @multi_evo_agent_runner.py:116] Agent_0 gets win rate: 0.00.
[20260604 09:14:45 @multi_evo_agent_runner.py:115] Agent_1 gets eval reward: -828.05.
[20260604 09:14:45 @multi_evo_agent_runner.py:116] Agent_1 gets win rate: 0.00.
[20260604 09:14:45 @multi_evo_agent_runner.py:79] #------------------------ Iteration 816 --------------------------#
[20260604 09:14:58 @multi_evo_agent_runner.py:85] Sampling 50000 steps by 12 slaves, spending 12.93 s.
[20260604 09:15:38 @multi_evo_agent_runner.py:94] Policy update, spending: 40.61 s.
[20260604 09:15:41 @multi_evo_agent_runner.py:99] Evaluation time: 2.78 s.
[20260604 09:15:41 @multi_evo_agent_runner.py:105] Total time:     807.13 min
[20260604 09:15:41 @multi_evo_agent_runner.py:115] Agent_0 gets eval reward: 92.82.
[20260604 09:15:41 @multi_evo_agent_runner.py:116] Agent_0 gets win rate: 0.41.
[20260604 09:15:41 @multi_evo_agent_runner.py:115] Agent_1 gets eval reward: -604.12.
[20260604 09:15:41 @multi_evo_agent_runner.py:116] Agent_1 gets win rate: 0.23.
[20260604 09:15:41 @multi_evo_agent_runner.py:79] #------------------------ Iteration 817 --------------------------#
[20260604 09:15:57 @multi_evo_agent_runner.py:85] Sampling 50000 steps by 12 slaves, spending 15.59 s.
[20260604 09:16:51 @multi_evo_agent_runner.py:94] Policy update, spending: 54.58 s.
[20260604 09:16:54 @multi_evo_agent_runner.py:99] Evaluation time: 2.16 s.
[20260604 09:16:54 @multi_evo_agent_runner.py:105] Total time:     808.34 min
[20260604 09:16:54 @multi_evo_agent_runner.py:115] Agent_0 gets eval reward: 198.67.
[20260604 09:16:54 @multi_evo_agent_runner.py:116] Agent_0 gets win rate: 0.39.
[20260604 09:16:54 @multi_evo_agent_runner.py:115] Agent_1 gets eval reward: -701.90.
[20260604 09:16:54 @multi_evo_agent_runner.py:116] Agent_1 gets win rate: 0.18.
[20260604 09:16:54 @multi_evo_agent_runner.py:79] #------------------------ Iteration 818 --------------------------#
[20260604 09:17:10 @multi_evo_agent_runner.py:85] Sampling 50000 steps by 12 slaves, spending 15.97 s.
[20260604 09:17:46 @multi_evo_agent_runner.py:94] Policy update, spending: 36.47 s.
[20260604 09:17:48 @multi_evo_agent_runner.py:99] Evaluation time: 1.67 s.
[20260604 09:17:48 @multi_evo_agent_runner.py:105] Total time:     809.25 min
[20260604 09:17:48 @multi_evo_agent_runner.py:115] Agent_0 gets eval reward: -438.92.
[20260604 09:17:48 @multi_evo_agent_runner.py:116] Agent_0 gets win rate: 0.05.
[20260604 09:17:48 @multi_evo_agent_runner.py:115] Agent_1 gets eval reward: -847.94.
[20260604 09:17:48 @multi_evo_agent_runner.py:116] Agent_1 gets win rate: 0.05.
[20260604 09:17:48 @multi_evo_agent_runner.py:79] #------------------------ Iteration 819 --------------------------#
[20260604 09:18:02 @multi_evo_agent_runner.py:85] Sampling 50000 steps by 12 slaves, spending 13.75 s.
[20260604 09:18:38 @multi_evo_agent_runner.py:94] Policy update, spending: 36.42 s.
[20260604 09:18:40 @multi_evo_agent_runner.py:99] Evaluation time: 1.88 s.
[20260604 09:18:40 @multi_evo_agent_runner.py:105] Total time:     810.12 min
[20260604 09:18:40 @multi_evo_agent_runner.py:115] Agent_0 gets eval reward: 425.71.
[20260604 09:18:40 @multi_evo_agent_runner.py:116] Agent_0 gets win rate: 0.42.
[20260604 09:18:40 @multi_evo_agent_runner.py:115] Agent_1 gets eval reward: -992.44.
[20260604 09:18:40 @multi_evo_agent_runner.py:116] Agent_1 gets win rate: 0.10.
[20260604 09:18:40 @multi_evo_agent_runner.py:79] #------------------------ Iteration 820 --------------------------#
[20260604 09:18:53 @multi_evo_agent_runner.py:85] Sampling 50000 steps by 12 slaves, spending 12.48 s.
[20260604 09:19:32 @multi_evo_agent_runner.py:94] Policy update, spending: 39.75 s.
[20260604 09:19:35 @multi_evo_agent_runner.py:99] Evaluation time: 2.72 s.
[20260604 09:19:35 @multi_evo_agent_runner.py:105] Total time:     811.04 min
[20260604 09:19:35 @multi_evo_agent_runner.py:115] Agent_0 gets eval reward: -87.49.
[20260604 09:19:35 @multi_evo_agent_runner.py:116] Agent_0 gets win rate: 0.29.
[20260604 09:19:35 @multi_evo_agent_runner.py:115] Agent_1 gets eval reward: -543.52.
[20260604 09:19:35 @multi_evo_agent_runner.py:116] Agent_1 gets win rate: 0.23.
[20260604 09:19:35 @multi_evo_agent_runner.py:79] #------------------------ Iteration 821 --------------------------#
[20260604 09:19:48 @multi_evo_agent_runner.py:85] Sampling 50000 steps by 12 slaves, spending 12.42 s.
[20260604 09:20:41 @multi_evo_agent_runner.py:94] Policy update, spending: 53.39 s.
[20260604 09:20:43 @multi_evo_agent_runner.py:99] Evaluation time: 1.93 s.
[20260604 09:20:43 @multi_evo_agent_runner.py:105] Total time:     812.17 min
[20260604 09:20:43 @multi_evo_agent_runner.py:115] Agent_0 gets eval reward: 265.90.
[20260604 09:20:43 @multi_evo_agent_runner.py:116] Agent_0 gets win rate: 0.37.
[20260604 09:20:43 @multi_evo_agent_runner.py:115] Agent_1 gets eval reward: -899.64.
[20260604 09:20:43 @multi_evo_agent_runner.py:116] Agent_1 gets win rate: 0.10.
[20260604 09:20:43 @multi_evo_agent_runner.py:79] #------------------------ Iteration 822 --------------------------#
[20260604 09:21:00 @multi_evo_agent_runner.py:85] Sampling 50000 steps by 12 slaves, spending 16.58 s.
[20260604 09:21:36 @multi_evo_agent_runner.py:94] Policy update, spending: 36.54 s.
[20260604 09:21:38 @multi_evo_agent_runner.py:99] Evaluation time: 1.93 s.
[20260604 09:21:38 @multi_evo_agent_runner.py:105] Total time:     813.09 min
[20260604 09:21:38 @multi_evo_agent_runner.py:115] Agent_0 gets eval reward: -630.32.
[20260604 09:21:38 @multi_evo_agent_runner.py:116] Agent_0 gets win rate: 0.07.
[20260604 09:21:38 @multi_evo_agent_runner.py:115] Agent_1 gets eval reward: -162.31.
[20260604 09:21:38 @multi_evo_agent_runner.py:116] Agent_1 gets win rate: 0.28.
[20260604 09:21:38 @multi_evo_agent_runner.py:79] #------------------------ Iteration 823 --------------------------#
[20260604 09:21:51 @multi_evo_agent_runner.py:85] Sampling 50000 steps by 12 slaves, spending 12.75 s.
[20260604 09:22:28 @multi_evo_agent_runner.py:94] Policy update, spending: 36.38 s.
[20260604 09:22:29 @multi_evo_agent_runner.py:99] Evaluation time: 1.74 s.
[20260604 09:22:29 @multi_evo_agent_runner.py:105] Total time:     813.94 min
[20260604 09:22:29 @multi_evo_agent_runner.py:115] Agent_0 gets eval reward: -167.61.
[20260604 09:22:29 @multi_evo_agent_runner.py:116] Agent_0 gets win rate: 0.23.
[20260604 09:22:29 @multi_evo_agent_runner.py:115] Agent_1 gets eval reward: -623.25.
[20260604 09:22:29 @multi_evo_agent_runner.py:116] Agent_1 gets win rate: 0.15.
[20260604 09:22:30 @multi_evo_agent_runner.py:79] #------------------------ Iteration 824 --------------------------#
[20260604 09:22:42 @multi_evo_agent_runner.py:85] Sampling 50000 steps by 12 slaves, spending 12.70 s.
[20260604 09:23:24 @multi_evo_agent_runner.py:94] Policy update, spending: 41.59 s.
[20260604 09:23:26 @multi_evo_agent_runner.py:99] Evaluation time: 2.45 s.
[20260604 09:23:26 @multi_evo_agent_runner.py:105] Total time:     814.89 min
[20260604 09:23:26 @multi_evo_agent_runner.py:115] Agent_0 gets eval reward: -420.98.
[20260604 09:23:26 @multi_evo_agent_runner.py:116] Agent_0 gets win rate: 0.09.
[20260604 09:23:26 @multi_evo_agent_runner.py:115] Agent_1 gets eval reward: -772.58.
[20260604 09:23:26 @multi_evo_agent_runner.py:116] Agent_1 gets win rate: 0.05.
[20260604 09:23:26 @multi_evo_agent_runner.py:79] #------------------------ Iteration 825 --------------------------#
[20260604 09:23:39 @multi_evo_agent_runner.py:85] Sampling 50000 steps by 12 slaves, spending 12.85 s.
[20260604 09:24:33 @multi_evo_agent_runner.py:94] Policy update, spending: 54.22 s.
[20260604 09:24:35 @multi_evo_agent_runner.py:99] Evaluation time: 1.75 s.
[20260604 09:24:35 @multi_evo_agent_runner.py:105] Total time:     816.04 min
[20260604 09:24:35 @multi_evo_agent_runner.py:115] Agent_0 gets eval reward: -237.24.
[20260604 09:24:35 @multi_evo_agent_runner.py:116] Agent_0 gets win rate: 0.17.
[20260604 09:24:35 @multi_evo_agent_runner.py:115] Agent_1 gets eval reward: -896.77.
[20260604 09:24:35 @multi_evo_agent_runner.py:116] Agent_1 gets win rate: 0.04.
[20260604 09:24:35 @multi_evo_agent_runner.py:79] #------------------------ Iteration 826 --------------------------#
[20260604 09:24:52 @multi_evo_agent_runner.py:85] Sampling 50000 steps by 12 slaves, spending 16.39 s.
[20260604 09:25:29 @multi_evo_agent_runner.py:94] Policy update, spending: 36.90 s.
[20260604 09:25:30 @multi_evo_agent_runner.py:99] Evaluation time: 1.77 s.
[20260604 09:25:30 @multi_evo_agent_runner.py:105] Total time:     816.96 min
[20260604 09:25:31 @multi_evo_agent_runner.py:115] Agent_0 gets eval reward: -27.73.
[20260604 09:25:31 @multi_evo_agent_runner.py:116] Agent_0 gets win rate: 0.25.
[20260604 09:25:31 @multi_evo_agent_runner.py:115] Agent_1 gets eval reward: -1112.45.
[20260604 09:25:31 @multi_evo_agent_runner.py:116] Agent_1 gets win rate: 0.00.
[20260604 09:25:31 @multi_evo_agent_runner.py:79] #------------------------ Iteration 827 --------------------------#
[20260604 09:25:45 @multi_evo_agent_runner.py:85] Sampling 50000 steps by 12 slaves, spending 13.87 s.
[20260604 09:26:26 @multi_evo_agent_runner.py:94] Policy update, spending: 41.08 s.
[20260604 09:26:27 @multi_evo_agent_runner.py:99] Evaluation time: 1.64 s.
[20260604 09:26:27 @multi_evo_agent_runner.py:105] Total time:     817.90 min
[20260604 09:26:27 @multi_evo_agent_runner.py:115] Agent_0 gets eval reward: -76.06.
[20260604 09:26:27 @multi_evo_agent_runner.py:116] Agent_0 gets win rate: 0.20.
[20260604 09:26:27 @multi_evo_agent_runner.py:115] Agent_1 gets eval reward: -1015.44.
[20260604 09:26:27 @multi_evo_agent_runner.py:116] Agent_1 gets win rate: 0.00.
[20260604 09:26:27 @multi_evo_agent_runner.py:79] #------------------------ Iteration 828 --------------------------#
[20260604 09:26:40 @multi_evo_agent_runner.py:85] Sampling 50000 steps by 12 slaves, spending 12.29 s.
[20260604 09:27:19 @multi_evo_agent_runner.py:94] Policy update, spending: 39.44 s.
[20260604 09:27:22 @multi_evo_agent_runner.py:99] Evaluation time: 2.48 s.
[20260604 09:27:22 @multi_evo_agent_runner.py:105] Total time:     818.81 min
[20260604 09:27:22 @multi_evo_agent_runner.py:115] Agent_0 gets eval reward: -663.40.
[20260604 09:27:22 @multi_evo_agent_runner.py:116] Agent_0 gets win rate: 0.08.
[20260604 09:27:22 @multi_evo_agent_runner.py:115] Agent_1 gets eval reward: -334.62.
[20260604 09:27:22 @multi_evo_agent_runner.py:116] Agent_1 gets win rate: 0.15.
[20260604 09:27:22 @multi_evo_agent_runner.py:79] #------------------------ Iteration 829 --------------------------#
[20260604 09:27:37 @multi_evo_agent_runner.py:85] Sampling 50000 steps by 12 slaves, spending 14.85 s.
[20260604 09:28:29 @multi_evo_agent_runner.py:94] Policy update, spending: 52.73 s.
[20260604 09:28:31 @multi_evo_agent_runner.py:99] Evaluation time: 1.88 s.
[20260604 09:28:31 @multi_evo_agent_runner.py:105] Total time:     819.97 min
[20260604 09:28:31 @multi_evo_agent_runner.py:115] Agent_0 gets eval reward: 416.07.
[20260604 09:28:31 @multi_evo_agent_runner.py:116] Agent_0 gets win rate: 0.43.
[20260604 09:28:31 @multi_evo_agent_runner.py:115] Agent_1 gets eval reward: -1054.48.
[20260604 09:28:31 @multi_evo_agent_runner.py:116] Agent_1 gets win rate: 0.07.
[20260604 09:28:31 @multi_evo_agent_runner.py:79] #------------------------ Iteration 830 --------------------------#
[20260604 09:28:46 @multi_evo_agent_runner.py:85] Sampling 50000 steps by 12 slaves, spending 15.01 s.
[20260604 09:29:22 @multi_evo_agent_runner.py:94] Policy update, spending: 35.64 s.
[20260604 09:29:24 @multi_evo_agent_runner.py:99] Evaluation time: 1.85 s.
[20260604 09:29:24 @multi_evo_agent_runner.py:105] Total time:     820.85 min
[20260604 09:29:24 @multi_evo_agent_runner.py:115] Agent_0 gets eval reward: 177.15.
[20260604 09:29:24 @multi_evo_agent_runner.py:116] Agent_0 gets win rate: 0.34.
[20260604 09:29:24 @multi_evo_agent_runner.py:115] Agent_1 gets eval reward: -1004.45.
[20260604 09:29:24 @multi_evo_agent_runner.py:116] Agent_1 gets win rate: 0.07.
[20260604 09:29:24 @multi_evo_agent_runner.py:79] #------------------------ Iteration 831 --------------------------#
[20260604 09:29:37 @multi_evo_agent_runner.py:85] Sampling 50000 steps by 12 slaves, spending 13.15 s.
[20260604 09:30:13 @multi_evo_agent_runner.py:94] Policy update, spending: 35.60 s.
[20260604 09:30:15 @multi_evo_agent_runner.py:99] Evaluation time: 2.07 s.
[20260604 09:30:15 @multi_evo_agent_runner.py:105] Total time:     821.70 min
[20260604 09:30:15 @multi_evo_agent_runner.py:115] Agent_0 gets eval reward: -302.03.
[20260604 09:30:15 @multi_evo_agent_runner.py:116] Agent_0 gets win rate: 0.16.
[20260604 09:30:15 @multi_evo_agent_runner.py:115] Agent_1 gets eval reward: -683.70.
[20260604 09:30:15 @multi_evo_agent_runner.py:116] Agent_1 gets win rate: 0.12.
[20260604 09:30:15 @multi_evo_agent_runner.py:79] #------------------------ Iteration 832 --------------------------#
[20260604 09:30:29 @multi_evo_agent_runner.py:85] Sampling 50000 steps by 12 slaves, spending 13.96 s.
[20260604 09:31:09 @multi_evo_agent_runner.py:94] Policy update, spending: 39.86 s.
[20260604 09:31:12 @multi_evo_agent_runner.py:99] Evaluation time: 2.84 s.
[20260604 09:31:12 @multi_evo_agent_runner.py:105] Total time:     822.65 min
[20260604 09:31:12 @multi_evo_agent_runner.py:115] Agent_0 gets eval reward: -366.47.
[20260604 09:31:12 @multi_evo_agent_runner.py:116] Agent_0 gets win rate: 0.15.
[20260604 09:31:12 @multi_evo_agent_runner.py:115] Agent_1 gets eval reward: -739.67.
[20260604 09:31:12 @multi_evo_agent_runner.py:116] Agent_1 gets win rate: 0.11.
[20260604 09:31:12 @multi_evo_agent_runner.py:79] #------------------------ Iteration 833 --------------------------#
[20260604 09:31:27 @multi_evo_agent_runner.py:85] Sampling 50000 steps by 12 slaves, spending 15.02 s.
[20260604 09:32:14 @multi_evo_agent_runner.py:94] Policy update, spending: 47.21 s.
[20260604 09:32:16 @multi_evo_agent_runner.py:99] Evaluation time: 1.89 s.
[20260604 09:32:16 @multi_evo_agent_runner.py:105] Total time:     823.72 min
[20260604 09:32:16 @multi_evo_agent_runner.py:115] Agent_0 gets eval reward: -124.35.
[20260604 09:32:16 @multi_evo_agent_runner.py:116] Agent_0 gets win rate: 0.19.
[20260604 09:32:16 @multi_evo_agent_runner.py:115] Agent_1 gets eval reward: -872.34.
[20260604 09:32:16 @multi_evo_agent_runner.py:116] Agent_1 gets win rate: 0.04.
[20260604 09:32:16 @multi_evo_agent_runner.py:79] #------------------------ Iteration 834 --------------------------#
[20260604 09:32:32 @multi_evo_agent_runner.py:85] Sampling 50000 steps by 12 slaves, spending 15.70 s.
[20260604 09:33:08 @multi_evo_agent_runner.py:94] Policy update, spending: 36.15 s.
[20260604 09:33:10 @multi_evo_agent_runner.py:99] Evaluation time: 2.09 s.
[20260604 09:33:10 @multi_evo_agent_runner.py:105] Total time:     824.62 min
[20260604 09:33:10 @multi_evo_agent_runner.py:115] Agent_0 gets eval reward: -228.42.
[20260604 09:33:10 @multi_evo_agent_runner.py:116] Agent_0 gets win rate: 0.13.
[20260604 09:33:10 @multi_evo_agent_runner.py:115] Agent_1 gets eval reward: -967.37.
[20260604 09:33:10 @multi_evo_agent_runner.py:116] Agent_1 gets win rate: 0.00.
[20260604 09:33:11 @multi_evo_agent_runner.py:79] #------------------------ Iteration 835 --------------------------#
[20260604 09:33:23 @multi_evo_agent_runner.py:85] Sampling 50000 steps by 12 slaves, spending 12.47 s.
[20260604 09:34:00 @multi_evo_agent_runner.py:94] Policy update, spending: 36.87 s.
[20260604 09:34:02 @multi_evo_agent_runner.py:99] Evaluation time: 1.79 s.
[20260604 09:34:02 @multi_evo_agent_runner.py:105] Total time:     825.48 min
[20260604 09:34:02 @multi_evo_agent_runner.py:115] Agent_0 gets eval reward: 97.74.
[20260604 09:34:02 @multi_evo_agent_runner.py:116] Agent_0 gets win rate: 0.31.
[20260604 09:34:02 @multi_evo_agent_runner.py:115] Agent_1 gets eval reward: -928.01.
[20260604 09:34:02 @multi_evo_agent_runner.py:116] Agent_1 gets win rate: 0.07.
[20260604 09:34:02 @multi_evo_agent_runner.py:79] #------------------------ Iteration 836 --------------------------#
[20260604 09:34:15 @multi_evo_agent_runner.py:85] Sampling 50000 steps by 12 slaves, spending 13.63 s.
[20260604 09:34:54 @multi_evo_agent_runner.py:94] Policy update, spending: 38.63 s.
[20260604 09:34:56 @multi_evo_agent_runner.py:99] Evaluation time: 2.28 s.
[20260604 09:34:56 @multi_evo_agent_runner.py:105] Total time:     826.39 min
[20260604 09:34:56 @multi_evo_agent_runner.py:115] Agent_0 gets eval reward: -546.86.
[20260604 09:34:56 @multi_evo_agent_runner.py:116] Agent_0 gets win rate: 0.04.
[20260604 09:34:56 @multi_evo_agent_runner.py:115] Agent_1 gets eval reward: -697.87.
[20260604 09:34:56 @multi_evo_agent_runner.py:116] Agent_1 gets win rate: 0.09.
[20260604 09:34:57 @multi_evo_agent_runner.py:79] #------------------------ Iteration 837 --------------------------#
[20260604 09:35:13 @multi_evo_agent_runner.py:85] Sampling 50000 steps by 12 slaves, spending 16.42 s.
[20260604 09:35:53 @multi_evo_agent_runner.py:94] Policy update, spending: 40.47 s.
[20260604 09:35:55 @multi_evo_agent_runner.py:99] Evaluation time: 1.63 s.
[20260604 09:35:55 @multi_evo_agent_runner.py:105] Total time:     827.37 min
[20260604 09:35:55 @multi_evo_agent_runner.py:115] Agent_0 gets eval reward: -358.84.
[20260604 09:35:55 @multi_evo_agent_runner.py:116] Agent_0 gets win rate: 0.12.
[20260604 09:35:55 @multi_evo_agent_runner.py:115] Agent_1 gets eval reward: -817.95.
[20260604 09:35:55 @multi_evo_agent_runner.py:116] Agent_1 gets win rate: 0.04.
[20260604 09:35:55 @multi_evo_agent_runner.py:79] #------------------------ Iteration 838 --------------------------#
[20260604 09:36:09 @multi_evo_agent_runner.py:85] Sampling 50000 steps by 12 slaves, spending 13.48 s.
[20260604 09:37:01 @multi_evo_agent_runner.py:94] Policy update, spending: 52.59 s.
[20260604 09:37:03 @multi_evo_agent_runner.py:99] Evaluation time: 1.47 s.
[20260604 09:37:03 @multi_evo_agent_runner.py:105] Total time:     828.50 min
[20260604 09:37:03 @multi_evo_agent_runner.py:115] Agent_0 gets eval reward: -510.52.
[20260604 09:37:03 @multi_evo_agent_runner.py:116] Agent_0 gets win rate: 0.00.
[20260604 09:37:03 @multi_evo_agent_runner.py:115] Agent_1 gets eval reward: -810.89.
[20260604 09:37:03 @multi_evo_agent_runner.py:116] Agent_1 gets win rate: 0.00.
[20260604 09:37:03 @multi_evo_agent_runner.py:79] #------------------------ Iteration 839 --------------------------#
[20260604 09:37:16 @multi_evo_agent_runner.py:85] Sampling 50000 steps by 12 slaves, spending 12.96 s.
[20260604 09:37:54 @multi_evo_agent_runner.py:94] Policy update, spending: 38.07 s.
[20260604 09:37:56 @multi_evo_agent_runner.py:99] Evaluation time: 2.48 s.
[20260604 09:37:56 @multi_evo_agent_runner.py:105] Total time:     829.39 min
[20260604 09:37:57 @multi_evo_agent_runner.py:115] Agent_0 gets eval reward: -361.87.
[20260604 09:37:57 @multi_evo_agent_runner.py:116] Agent_0 gets win rate: 0.15.
[20260604 09:37:57 @multi_evo_agent_runner.py:115] Agent_1 gets eval reward: -688.06.
[20260604 09:37:57 @multi_evo_agent_runner.py:116] Agent_1 gets win rate: 0.12.
[20260604 09:37:57 @multi_evo_agent_runner.py:79] #------------------------ Iteration 840 --------------------------#
[20260604 09:38:09 @multi_evo_agent_runner.py:85] Sampling 50000 steps by 12 slaves, spending 12.65 s.
[20260604 09:38:46 @multi_evo_agent_runner.py:94] Policy update, spending: 36.26 s.
[20260604 09:38:48 @multi_evo_agent_runner.py:99] Evaluation time: 1.93 s.
[20260604 09:38:48 @multi_evo_agent_runner.py:105] Total time:     830.24 min
[20260604 09:38:48 @multi_evo_agent_runner.py:115] Agent_0 gets eval reward: -366.39.
[20260604 09:38:48 @multi_evo_agent_runner.py:116] Agent_0 gets win rate: 0.25.
[20260604 09:38:48 @multi_evo_agent_runner.py:115] Agent_1 gets eval reward: -468.33.
[20260604 09:38:48 @multi_evo_agent_runner.py:116] Agent_1 gets win rate: 0.25.
[20260604 09:38:48 @multi_evo_agent_runner.py:79] #------------------------ Iteration 841 --------------------------#
[20260604 09:39:02 @multi_evo_agent_runner.py:85] Sampling 50000 steps by 12 slaves, spending 14.09 s.
[20260604 09:39:56 @multi_evo_agent_runner.py:94] Policy update, spending: 54.13 s.
[20260604 09:39:58 @multi_evo_agent_runner.py:99] Evaluation time: 1.61 s.
[20260604 09:39:58 @multi_evo_agent_runner.py:105] Total time:     831.41 min
[20260604 09:39:58 @multi_evo_agent_runner.py:115] Agent_0 gets eval reward: -144.90.
[20260604 09:39:58 @multi_evo_agent_runner.py:116] Agent_0 gets win rate: 0.21.
[20260604 09:39:58 @multi_evo_agent_runner.py:115] Agent_1 gets eval reward: -880.50.
[20260604 09:39:58 @multi_evo_agent_runner.py:116] Agent_1 gets win rate: 0.08.
[20260604 09:39:58 @multi_evo_agent_runner.py:79] #------------------------ Iteration 842 --------------------------#
[20260604 09:40:10 @multi_evo_agent_runner.py:85] Sampling 50000 steps by 12 slaves, spending 12.50 s.
[20260604 09:40:46 @multi_evo_agent_runner.py:94] Policy update, spending: 36.26 s.
[20260604 09:40:49 @multi_evo_agent_runner.py:99] Evaluation time: 2.48 s.
[20260604 09:40:49 @multi_evo_agent_runner.py:105] Total time:     832.27 min
[20260604 09:40:49 @multi_evo_agent_runner.py:115] Agent_0 gets eval reward: 337.23.
[20260604 09:40:49 @multi_evo_agent_runner.py:116] Agent_0 gets win rate: 0.41.
[20260604 09:40:49 @multi_evo_agent_runner.py:115] Agent_1 gets eval reward: -993.59.
[20260604 09:40:49 @multi_evo_agent_runner.py:116] Agent_1 gets win rate: 0.10.
[20260604 09:40:49 @multi_evo_agent_runner.py:79] #------------------------ Iteration 843 --------------------------#
[20260604 09:41:03 @multi_evo_agent_runner.py:85] Sampling 50000 steps by 12 slaves, spending 13.97 s.
[20260604 09:41:41 @multi_evo_agent_runner.py:94] Policy update, spending: 37.73 s.
[20260604 09:41:43 @multi_evo_agent_runner.py:99] Evaluation time: 2.23 s.
[20260604 09:41:43 @multi_evo_agent_runner.py:105] Total time:     833.17 min
[20260604 09:41:43 @multi_evo_agent_runner.py:115] Agent_0 gets eval reward: -240.93.
[20260604 09:41:43 @multi_evo_agent_runner.py:116] Agent_0 gets win rate: 0.16.
[20260604 09:41:43 @multi_evo_agent_runner.py:115] Agent_1 gets eval reward: -865.30.
[20260604 09:41:43 @multi_evo_agent_runner.py:116] Agent_1 gets win rate: 0.04.
[20260604 09:41:43 @multi_evo_agent_runner.py:79] #------------------------ Iteration 844 --------------------------#
[20260604 09:41:59 @multi_evo_agent_runner.py:85] Sampling 50000 steps by 12 slaves, spending 16.25 s.
[20260604 09:42:36 @multi_evo_agent_runner.py:94] Policy update, spending: 36.87 s.
[20260604 09:42:38 @multi_evo_agent_runner.py:99] Evaluation time: 1.87 s.
[20260604 09:42:38 @multi_evo_agent_runner.py:105] Total time:     834.09 min
[20260604 09:42:38 @multi_evo_agent_runner.py:115] Agent_0 gets eval reward: -350.30.
[20260604 09:42:38 @multi_evo_agent_runner.py:116] Agent_0 gets win rate: 0.12.
[20260604 09:42:38 @multi_evo_agent_runner.py:115] Agent_1 gets eval reward: -635.39.
[20260604 09:42:38 @multi_evo_agent_runner.py:116] Agent_1 gets win rate: 0.08.
[20260604 09:42:38 @multi_evo_agent_runner.py:79] #------------------------ Iteration 845 --------------------------#
[20260604 09:42:51 @multi_evo_agent_runner.py:85] Sampling 50000 steps by 12 slaves, spending 13.07 s.
[20260604 09:43:26 @multi_evo_agent_runner.py:94] Policy update, spending: 34.85 s.
[20260604 09:43:28 @multi_evo_agent_runner.py:99] Evaluation time: 1.77 s.
[20260604 09:43:28 @multi_evo_agent_runner.py:105] Total time:     834.92 min
[20260604 09:43:28 @multi_evo_agent_runner.py:115] Agent_0 gets eval reward: -25.41.
[20260604 09:43:28 @multi_evo_agent_runner.py:116] Agent_0 gets win rate: 0.30.
[20260604 09:43:28 @multi_evo_agent_runner.py:115] Agent_1 gets eval reward: -626.72.
[20260604 09:43:28 @multi_evo_agent_runner.py:116] Agent_1 gets win rate: 0.18.
[20260604 09:43:28 @multi_evo_agent_runner.py:79] #------------------------ Iteration 846 --------------------------#
[20260604 09:43:42 @multi_evo_agent_runner.py:85] Sampling 50000 steps by 12 slaves, spending 13.50 s.
[20260604 09:44:20 @multi_evo_agent_runner.py:94] Policy update, spending: 38.41 s.
[20260604 09:44:23 @multi_evo_agent_runner.py:99] Evaluation time: 2.79 s.
[20260604 09:44:23 @multi_evo_agent_runner.py:105] Total time:     835.83 min
[20260604 09:44:23 @multi_evo_agent_runner.py:115] Agent_0 gets eval reward: 316.77.
[20260604 09:44:23 @multi_evo_agent_runner.py:116] Agent_0 gets win rate: 0.37.
[20260604 09:44:23 @multi_evo_agent_runner.py:115] Agent_1 gets eval reward: -1141.95.
[20260604 09:44:23 @multi_evo_agent_runner.py:116] Agent_1 gets win rate: 0.00.
[20260604 09:44:23 @multi_evo_agent_runner.py:79] #------------------------ Iteration 847 --------------------------#
[20260604 09:44:37 @multi_evo_agent_runner.py:85] Sampling 50000 steps by 12 slaves, spending 13.60 s.
[20260604 09:45:29 @multi_evo_agent_runner.py:94] Policy update, spending: 52.21 s.
[20260604 09:45:31 @multi_evo_agent_runner.py:99] Evaluation time: 1.89 s.
[20260604 09:45:31 @multi_evo_agent_runner.py:105] Total time:     836.96 min
[20260604 09:45:31 @multi_evo_agent_runner.py:115] Agent_0 gets eval reward: 40.86.
[20260604 09:45:31 @multi_evo_agent_runner.py:116] Agent_0 gets win rate: 0.29.
[20260604 09:45:31 @multi_evo_agent_runner.py:115] Agent_1 gets eval reward: -851.84.
[20260604 09:45:31 @multi_evo_agent_runner.py:116] Agent_1 gets win rate: 0.11.
[20260604 09:45:31 @multi_evo_agent_runner.py:79] #------------------------ Iteration 848 --------------------------#
[20260604 09:45:45 @multi_evo_agent_runner.py:85] Sampling 50000 steps by 12 slaves, spending 14.17 s.
[20260604 09:46:34 @multi_evo_agent_runner.py:94] Policy update, spending: 48.41 s.
[20260604 09:46:35 @multi_evo_agent_runner.py:99] Evaluation time: 1.75 s.
[20260604 09:46:35 @multi_evo_agent_runner.py:105] Total time:     838.04 min
[20260604 09:46:35 @multi_evo_agent_runner.py:115] Agent_0 gets eval reward: -448.31.
[20260604 09:46:35 @multi_evo_agent_runner.py:116] Agent_0 gets win rate: 0.12.
[20260604 09:46:35 @multi_evo_agent_runner.py:115] Agent_1 gets eval reward: -651.63.
[20260604 09:46:35 @multi_evo_agent_runner.py:116] Agent_1 gets win rate: 0.12.
[20260604 09:46:36 @multi_evo_agent_runner.py:79] #------------------------ Iteration 849 --------------------------#
[20260604 09:46:48 @multi_evo_agent_runner.py:85] Sampling 50000 steps by 12 slaves, spending 12.28 s.
[20260604 09:47:26 @multi_evo_agent_runner.py:94] Policy update, spending: 37.86 s.
[20260604 09:47:28 @multi_evo_agent_runner.py:99] Evaluation time: 2.04 s.
[20260604 09:47:28 @multi_evo_agent_runner.py:105] Total time:     838.91 min
[20260604 09:47:28 @multi_evo_agent_runner.py:115] Agent_0 gets eval reward: -597.18.
[20260604 09:47:28 @multi_evo_agent_runner.py:116] Agent_0 gets win rate: 0.04.
[20260604 09:47:28 @multi_evo_agent_runner.py:115] Agent_1 gets eval reward: -635.72.
[20260604 09:47:28 @multi_evo_agent_runner.py:116] Agent_1 gets win rate: 0.12.
[20260604 09:47:28 @multi_evo_agent_runner.py:79] #------------------------ Iteration 850 --------------------------#
[20260604 09:47:41 @multi_evo_agent_runner.py:85] Sampling 50000 steps by 12 slaves, spending 12.63 s.
[20260604 09:48:19 @multi_evo_agent_runner.py:94] Policy update, spending: 38.04 s.
[20260604 09:48:21 @multi_evo_agent_runner.py:99] Evaluation time: 2.17 s.
[20260604 09:48:21 @multi_evo_agent_runner.py:105] Total time:     839.80 min
[20260604 09:48:21 @multi_evo_agent_runner.py:115] Agent_0 gets eval reward: -246.22.
[20260604 09:48:21 @multi_evo_agent_runner.py:116] Agent_0 gets win rate: 0.16.
[20260604 09:48:21 @multi_evo_agent_runner.py:115] Agent_1 gets eval reward: -758.04.
[20260604 09:48:21 @multi_evo_agent_runner.py:116] Agent_1 gets win rate: 0.08.
[20260604 09:48:21 @multi_evo_agent_runner.py:79] #------------------------ Iteration 851 --------------------------#
[20260604 09:48:38 @multi_evo_agent_runner.py:85] Sampling 50000 steps by 12 slaves, spending 16.60 s.
[20260604 09:49:13 @multi_evo_agent_runner.py:94] Policy update, spending: 35.04 s.
[20260604 09:49:14 @multi_evo_agent_runner.py:99] Evaluation time: 1.54 s.
[20260604 09:49:14 @multi_evo_agent_runner.py:105] Total time:     840.69 min
[20260604 09:49:14 @multi_evo_agent_runner.py:115] Agent_0 gets eval reward: -772.44.
[20260604 09:49:14 @multi_evo_agent_runner.py:116] Agent_0 gets win rate: 0.00.
[20260604 09:49:14 @multi_evo_agent_runner.py:115] Agent_1 gets eval reward: -735.66.
[20260604 09:49:14 @multi_evo_agent_runner.py:116] Agent_1 gets win rate: 0.05.
[20260604 09:49:14 @multi_evo_agent_runner.py:79] #------------------------ Iteration 852 --------------------------#
[20260604 09:49:30 @multi_evo_agent_runner.py:85] Sampling 50000 steps by 12 slaves, spending 15.64 s.
[20260604 09:50:06 @multi_evo_agent_runner.py:94] Policy update, spending: 35.72 s.
[20260604 09:50:07 @multi_evo_agent_runner.py:99] Evaluation time: 1.61 s.
[20260604 09:50:07 @multi_evo_agent_runner.py:105] Total time:     841.57 min
[20260604 09:50:07 @multi_evo_agent_runner.py:115] Agent_0 gets eval reward: -442.44.
[20260604 09:50:07 @multi_evo_agent_runner.py:116] Agent_0 gets win rate: 0.05.
[20260604 09:50:07 @multi_evo_agent_runner.py:115] Agent_1 gets eval reward: -810.97.
[20260604 09:50:07 @multi_evo_agent_runner.py:116] Agent_1 gets win rate: 0.00.
[20260604 09:50:07 @multi_evo_agent_runner.py:79] #------------------------ Iteration 853 --------------------------#
[20260604 09:50:20 @multi_evo_agent_runner.py:85] Sampling 50000 steps by 12 slaves, spending 12.60 s.
[20260604 09:50:56 @multi_evo_agent_runner.py:94] Policy update, spending: 36.14 s.
[20260604 09:50:58 @multi_evo_agent_runner.py:99] Evaluation time: 1.66 s.
[20260604 09:50:58 @multi_evo_agent_runner.py:105] Total time:     842.41 min
[20260604 09:50:58 @multi_evo_agent_runner.py:115] Agent_0 gets eval reward: -402.04.
[20260604 09:50:58 @multi_evo_agent_runner.py:116] Agent_0 gets win rate: 0.09.
[20260604 09:50:58 @multi_evo_agent_runner.py:115] Agent_1 gets eval reward: -752.28.
[20260604 09:50:58 @multi_evo_agent_runner.py:116] Agent_1 gets win rate: 0.04.
[20260604 09:50:58 @multi_evo_agent_runner.py:79] #------------------------ Iteration 854 --------------------------#
[20260604 09:51:11 @multi_evo_agent_runner.py:85] Sampling 50000 steps by 12 slaves, spending 13.37 s.
[20260604 09:51:50 @multi_evo_agent_runner.py:94] Policy update, spending: 38.16 s.
[20260604 09:51:52 @multi_evo_agent_runner.py:99] Evaluation time: 2.19 s.
[20260604 09:51:52 @multi_evo_agent_runner.py:105] Total time:     843.31 min
[20260604 09:51:52 @multi_evo_agent_runner.py:115] Agent_0 gets eval reward: -65.44.
[20260604 09:51:52 @multi_evo_agent_runner.py:116] Agent_0 gets win rate: 0.22.
[20260604 09:51:52 @multi_evo_agent_runner.py:115] Agent_1 gets eval reward: -993.09.
[20260604 09:51:52 @multi_evo_agent_runner.py:116] Agent_1 gets win rate: 0.04.
[20260604 09:51:52 @multi_evo_agent_runner.py:79] #------------------------ Iteration 855 --------------------------#
[20260604 09:52:08 @multi_evo_agent_runner.py:85] Sampling 50000 steps by 12 slaves, spending 16.10 s.
[20260604 09:52:44 @multi_evo_agent_runner.py:94] Policy update, spending: 35.94 s.
[20260604 09:52:46 @multi_evo_agent_runner.py:99] Evaluation time: 1.57 s.
[20260604 09:52:46 @multi_evo_agent_runner.py:105] Total time:     844.21 min
[20260604 09:52:46 @multi_evo_agent_runner.py:115] Agent_0 gets eval reward: -561.32.
[20260604 09:52:46 @multi_evo_agent_runner.py:116] Agent_0 gets win rate: 0.04.
[20260604 09:52:46 @multi_evo_agent_runner.py:115] Agent_1 gets eval reward: -682.36.
[20260604 09:52:46 @multi_evo_agent_runner.py:116] Agent_1 gets win rate: 0.09.
[20260604 09:52:46 @multi_evo_agent_runner.py:79] #------------------------ Iteration 856 --------------------------#
[20260604 09:53:01 @multi_evo_agent_runner.py:85] Sampling 50000 steps by 12 slaves, spending 15.16 s.
[20260604 09:53:43 @multi_evo_agent_runner.py:94] Policy update, spending: 42.23 s.
[20260604 09:53:45 @multi_evo_agent_runner.py:99] Evaluation time: 1.90 s.
[20260604 09:53:45 @multi_evo_agent_runner.py:105] Total time:     845.20 min
[20260604 09:53:45 @multi_evo_agent_runner.py:115] Agent_0 gets eval reward: -235.87.
[20260604 09:53:45 @multi_evo_agent_runner.py:116] Agent_0 gets win rate: 0.17.
[20260604 09:53:45 @multi_evo_agent_runner.py:115] Agent_1 gets eval reward: -902.45.
[20260604 09:53:45 @multi_evo_agent_runner.py:116] Agent_1 gets win rate: 0.04.
[20260604 09:53:45 @multi_evo_agent_runner.py:79] #------------------------ Iteration 857 --------------------------#
[20260604 09:53:58 @multi_evo_agent_runner.py:85] Sampling 50000 steps by 12 slaves, spending 13.24 s.
[20260604 09:54:35 @multi_evo_agent_runner.py:94] Policy update, spending: 36.23 s.
[20260604 09:54:37 @multi_evo_agent_runner.py:99] Evaluation time: 2.03 s.
[20260604 09:54:37 @multi_evo_agent_runner.py:105] Total time:     846.06 min
[20260604 09:54:37 @multi_evo_agent_runner.py:115] Agent_0 gets eval reward: -122.22.
[20260604 09:54:37 @multi_evo_agent_runner.py:116] Agent_0 gets win rate: 0.22.
[20260604 09:54:37 @multi_evo_agent_runner.py:115] Agent_1 gets eval reward: -983.03.
[20260604 09:54:37 @multi_evo_agent_runner.py:116] Agent_1 gets win rate: 0.04.
[20260604 09:54:37 @multi_evo_agent_runner.py:79] #------------------------ Iteration 858 --------------------------#
[20260604 09:54:49 @multi_evo_agent_runner.py:85] Sampling 50000 steps by 12 slaves, spending 12.10 s.
[20260604 09:55:28 @multi_evo_agent_runner.py:94] Policy update, spending: 39.37 s.
[20260604 09:55:30 @multi_evo_agent_runner.py:99] Evaluation time: 2.04 s.
[20260604 09:55:30 @multi_evo_agent_runner.py:105] Total time:     846.96 min
[20260604 09:55:30 @multi_evo_agent_runner.py:115] Agent_0 gets eval reward: -351.63.
[20260604 09:55:30 @multi_evo_agent_runner.py:116] Agent_0 gets win rate: 0.12.
[20260604 09:55:30 @multi_evo_agent_runner.py:115] Agent_1 gets eval reward: -821.20.
[20260604 09:55:30 @multi_evo_agent_runner.py:116] Agent_1 gets win rate: 0.04.
[20260604 09:55:30 @multi_evo_agent_runner.py:79] #------------------------ Iteration 859 --------------------------#
[20260604 09:55:47 @multi_evo_agent_runner.py:85] Sampling 50000 steps by 12 slaves, spending 17.00 s.
[20260604 09:56:23 @multi_evo_agent_runner.py:94] Policy update, spending: 35.82 s.
[20260604 09:56:25 @multi_evo_agent_runner.py:99] Evaluation time: 1.96 s.
[20260604 09:56:25 @multi_evo_agent_runner.py:105] Total time:     847.87 min
[20260604 09:56:25 @multi_evo_agent_runner.py:115] Agent_0 gets eval reward: 388.69.
[20260604 09:56:25 @multi_evo_agent_runner.py:116] Agent_0 gets win rate: 0.43.
[20260604 09:56:25 @multi_evo_agent_runner.py:115] Agent_1 gets eval reward: -1211.51.
[20260604 09:56:25 @multi_evo_agent_runner.py:116] Agent_1 gets win rate: 0.03.
[20260604 09:56:25 @multi_evo_agent_runner.py:79] #------------------------ Iteration 860 --------------------------#
[20260604 09:56:38 @multi_evo_agent_runner.py:85] Sampling 50000 steps by 12 slaves, spending 13.07 s.
[20260604 09:57:34 @multi_evo_agent_runner.py:94] Policy update, spending: 55.65 s.
[20260604 09:57:36 @multi_evo_agent_runner.py:99] Evaluation time: 1.76 s.
[20260604 09:57:36 @multi_evo_agent_runner.py:105] Total time:     849.05 min
[20260604 09:57:36 @multi_evo_agent_runner.py:115] Agent_0 gets eval reward: 129.24.
[20260604 09:57:36 @multi_evo_agent_runner.py:116] Agent_0 gets win rate: 0.33.
[20260604 09:57:36 @multi_evo_agent_runner.py:115] Agent_1 gets eval reward: -1069.98.
[20260604 09:57:36 @multi_evo_agent_runner.py:116] Agent_1 gets win rate: 0.04.
[20260604 09:57:36 @multi_evo_agent_runner.py:79] #------------------------ Iteration 861 --------------------------#
[20260604 09:57:50 @multi_evo_agent_runner.py:85] Sampling 50000 steps by 12 slaves, spending 13.54 s.
[20260604 09:58:26 @multi_evo_agent_runner.py:94] Policy update, spending: 36.02 s.
[20260604 09:58:28 @multi_evo_agent_runner.py:99] Evaluation time: 2.10 s.
[20260604 09:58:28 @multi_evo_agent_runner.py:105] Total time:     849.91 min
[20260604 09:58:28 @multi_evo_agent_runner.py:115] Agent_0 gets eval reward: -128.01.
[20260604 09:58:28 @multi_evo_agent_runner.py:116] Agent_0 gets win rate: 0.26.
[20260604 09:58:28 @multi_evo_agent_runner.py:115] Agent_1 gets eval reward: -893.48.
[20260604 09:58:28 @multi_evo_agent_runner.py:116] Agent_1 gets win rate: 0.07.
[20260604 09:58:28 @multi_evo_agent_runner.py:79] #------------------------ Iteration 862 --------------------------#
[20260604 09:58:40 @multi_evo_agent_runner.py:85] Sampling 50000 steps by 12 slaves, spending 12.41 s.
[20260604 09:59:18 @multi_evo_agent_runner.py:94] Policy update, spending: 37.72 s.
[20260604 09:59:20 @multi_evo_agent_runner.py:99] Evaluation time: 1.85 s.
[20260604 09:59:20 @multi_evo_agent_runner.py:105] Total time:     850.78 min
[20260604 09:59:20 @multi_evo_agent_runner.py:115] Agent_0 gets eval reward: 106.58.
[20260604 09:59:20 @multi_evo_agent_runner.py:116] Agent_0 gets win rate: 0.39.
[20260604 09:59:20 @multi_evo_agent_runner.py:115] Agent_1 gets eval reward: -842.72.
[20260604 09:59:20 @multi_evo_agent_runner.py:116] Agent_1 gets win rate: 0.15.
[20260604 09:59:20 @multi_evo_agent_runner.py:79] #------------------------ Iteration 863 --------------------------#
[20260604 09:59:36 @multi_evo_agent_runner.py:85] Sampling 50000 steps by 12 slaves, spending 16.34 s.
[20260604 10:00:14 @multi_evo_agent_runner.py:94] Policy update, spending: 37.37 s.
[20260604 10:00:16 @multi_evo_agent_runner.py:99] Evaluation time: 1.87 s.
[20260604 10:00:16 @multi_evo_agent_runner.py:105] Total time:     851.71 min
[20260604 10:00:16 @multi_evo_agent_runner.py:115] Agent_0 gets eval reward: -569.55.
[20260604 10:00:16 @multi_evo_agent_runner.py:116] Agent_0 gets win rate: 0.12.
[20260604 10:00:16 @multi_evo_agent_runner.py:115] Agent_1 gets eval reward: -552.85.
[20260604 10:00:16 @multi_evo_agent_runner.py:116] Agent_1 gets win rate: 0.16.
[20260604 10:00:16 @multi_evo_agent_runner.py:79] #------------------------ Iteration 864 --------------------------#
[20260604 10:00:29 @multi_evo_agent_runner.py:85] Sampling 50000 steps by 12 slaves, spending 13.66 s.
[20260604 10:01:21 @multi_evo_agent_runner.py:94] Policy update, spending: 51.10 s.
[20260604 10:01:22 @multi_evo_agent_runner.py:99] Evaluation time: 1.87 s.
[20260604 10:01:22 @multi_evo_agent_runner.py:105] Total time:     852.82 min
[20260604 10:01:23 @multi_evo_agent_runner.py:115] Agent_0 gets eval reward: -335.84.
[20260604 10:01:23 @multi_evo_agent_runner.py:116] Agent_0 gets win rate: 0.18.
[20260604 10:01:23 @multi_evo_agent_runner.py:115] Agent_1 gets eval reward: -772.72.
[20260604 10:01:23 @multi_evo_agent_runner.py:116] Agent_1 gets win rate: 0.11.
[20260604 10:01:23 @multi_evo_agent_runner.py:79] #------------------------ Iteration 865 --------------------------#
[20260604 10:01:35 @multi_evo_agent_runner.py:85] Sampling 50000 steps by 12 slaves, spending 12.60 s.
[20260604 10:02:12 @multi_evo_agent_runner.py:94] Policy update, spending: 37.03 s.
[20260604 10:02:14 @multi_evo_agent_runner.py:99] Evaluation time: 1.92 s.
[20260604 10:02:14 @multi_evo_agent_runner.py:105] Total time:     853.69 min
[20260604 10:02:14 @multi_evo_agent_runner.py:115] Agent_0 gets eval reward: -51.74.
[20260604 10:02:14 @multi_evo_agent_runner.py:116] Agent_0 gets win rate: 0.29.
[20260604 10:02:14 @multi_evo_agent_runner.py:115] Agent_1 gets eval reward: -963.02.
[20260604 10:02:14 @multi_evo_agent_runner.py:116] Agent_1 gets win rate: 0.08.
[20260604 10:02:14 @multi_evo_agent_runner.py:79] #------------------------ Iteration 866 --------------------------#
[20260604 10:02:27 @multi_evo_agent_runner.py:85] Sampling 50000 steps by 12 slaves, spending 12.67 s.
[20260604 10:03:16 @multi_evo_agent_runner.py:94] Policy update, spending: 49.15 s.
[20260604 10:03:18 @multi_evo_agent_runner.py:99] Evaluation time: 2.10 s.
[20260604 10:03:18 @multi_evo_agent_runner.py:105] Total time:     854.76 min
[20260604 10:03:18 @multi_evo_agent_runner.py:115] Agent_0 gets eval reward: -111.46.
[20260604 10:03:18 @multi_evo_agent_runner.py:116] Agent_0 gets win rate: 0.25.
[20260604 10:03:18 @multi_evo_agent_runner.py:115] Agent_1 gets eval reward: -942.68.
[20260604 10:03:18 @multi_evo_agent_runner.py:116] Agent_1 gets win rate: 0.07.
[20260604 10:03:18 @multi_evo_agent_runner.py:79] #------------------------ Iteration 867 --------------------------#
[20260604 10:03:34 @multi_evo_agent_runner.py:85] Sampling 50000 steps by 12 slaves, spending 15.74 s.
[20260604 10:04:11 @multi_evo_agent_runner.py:94] Policy update, spending: 36.59 s.
[20260604 10:04:13 @multi_evo_agent_runner.py:99] Evaluation time: 1.80 s.
[20260604 10:04:13 @multi_evo_agent_runner.py:105] Total time:     855.66 min
[20260604 10:04:13 @multi_evo_agent_runner.py:115] Agent_0 gets eval reward: -623.02.
[20260604 10:04:13 @multi_evo_agent_runner.py:116] Agent_0 gets win rate: 0.11.
[20260604 10:04:13 @multi_evo_agent_runner.py:115] Agent_1 gets eval reward: -515.61.
[20260604 10:04:13 @multi_evo_agent_runner.py:116] Agent_1 gets win rate: 0.18.
[20260604 10:04:13 @multi_evo_agent_runner.py:79] #------------------------ Iteration 868 --------------------------#
[20260604 10:04:26 @multi_evo_agent_runner.py:85] Sampling 50000 steps by 12 slaves, spending 12.85 s.
[20260604 10:05:01 @multi_evo_agent_runner.py:94] Policy update, spending: 35.87 s.
[20260604 10:05:03 @multi_evo_agent_runner.py:99] Evaluation time: 1.65 s.
[20260604 10:05:03 @multi_evo_agent_runner.py:105] Total time:     856.50 min
[20260604 10:05:03 @multi_evo_agent_runner.py:115] Agent_0 gets eval reward: -129.00.
[20260604 10:05:03 @multi_evo_agent_runner.py:116] Agent_0 gets win rate: 0.26.
[20260604 10:05:03 @multi_evo_agent_runner.py:115] Agent_1 gets eval reward: -944.70.
[20260604 10:05:03 @multi_evo_agent_runner.py:116] Agent_1 gets win rate: 0.07.
[20260604 10:05:03 @multi_evo_agent_runner.py:79] #------------------------ Iteration 869 --------------------------#
[20260604 10:05:17 @multi_evo_agent_runner.py:85] Sampling 50000 steps by 12 slaves, spending 13.37 s.
[20260604 10:05:56 @multi_evo_agent_runner.py:94] Policy update, spending: 39.84 s.
[20260604 10:05:59 @multi_evo_agent_runner.py:99] Evaluation time: 2.14 s.
[20260604 10:05:59 @multi_evo_agent_runner.py:105] Total time:     857.43 min
[20260604 10:05:59 @multi_evo_agent_runner.py:115] Agent_0 gets eval reward: -623.02.
[20260604 10:05:59 @multi_evo_agent_runner.py:116] Agent_0 gets win rate: 0.00.
[20260604 10:05:59 @multi_evo_agent_runner.py:115] Agent_1 gets eval reward: -860.76.
[20260604 10:05:59 @multi_evo_agent_runner.py:116] Agent_1 gets win rate: 0.00.
[20260604 10:05:59 @multi_evo_agent_runner.py:79] #------------------------ Iteration 870 --------------------------#
[20260604 10:06:12 @multi_evo_agent_runner.py:85] Sampling 50000 steps by 12 slaves, spending 13.51 s.
[20260604 10:06:48 @multi_evo_agent_runner.py:94] Policy update, spending: 35.22 s.
[20260604 10:06:49 @multi_evo_agent_runner.py:99] Evaluation time: 1.58 s.
[20260604 10:06:49 @multi_evo_agent_runner.py:105] Total time:     858.27 min
[20260604 10:06:49 @multi_evo_agent_runner.py:115] Agent_0 gets eval reward: -660.10.
[20260604 10:06:49 @multi_evo_agent_runner.py:116] Agent_0 gets win rate: 0.00.
[20260604 10:06:49 @multi_evo_agent_runner.py:115] Agent_1 gets eval reward: -886.67.
[20260604 10:06:49 @multi_evo_agent_runner.py:116] Agent_1 gets win rate: 0.00.
[20260604 10:06:49 @multi_evo_agent_runner.py:79] #------------------------ Iteration 871 --------------------------#
[20260604 10:07:02 @multi_evo_agent_runner.py:85] Sampling 50000 steps by 12 slaves, spending 12.99 s.
[20260604 10:07:55 @multi_evo_agent_runner.py:94] Policy update, spending: 53.12 s.
[20260604 10:07:57 @multi_evo_agent_runner.py:99] Evaluation time: 1.97 s.
[20260604 10:07:57 @multi_evo_agent_runner.py:105] Total time:     859.41 min
[20260604 10:07:57 @multi_evo_agent_runner.py:115] Agent_0 gets eval reward: 16.45.
[20260604 10:07:57 @multi_evo_agent_runner.py:116] Agent_0 gets win rate: 0.27.
[20260604 10:07:57 @multi_evo_agent_runner.py:115] Agent_1 gets eval reward: -1064.96.
[20260604 10:07:57 @multi_evo_agent_runner.py:116] Agent_1 gets win rate: 0.04.
[20260604 10:07:58 @multi_evo_agent_runner.py:79] #------------------------ Iteration 872 --------------------------#
[20260604 10:08:10 @multi_evo_agent_runner.py:85] Sampling 50000 steps by 12 slaves, spending 12.46 s.
[20260604 10:08:47 @multi_evo_agent_runner.py:94] Policy update, spending: 37.22 s.
[20260604 10:08:50 @multi_evo_agent_runner.py:99] Evaluation time: 2.40 s.
[20260604 10:08:50 @multi_evo_agent_runner.py:105] Total time:     860.28 min
[20260604 10:08:50 @multi_evo_agent_runner.py:115] Agent_0 gets eval reward: -474.51.
[20260604 10:08:50 @multi_evo_agent_runner.py:116] Agent_0 gets win rate: 0.15.
[20260604 10:08:50 @multi_evo_agent_runner.py:115] Agent_1 gets eval reward: -534.60.
[20260604 10:08:50 @multi_evo_agent_runner.py:116] Agent_1 gets win rate: 0.19.
[20260604 10:08:50 @multi_evo_agent_runner.py:79] #------------------------ Iteration 873 --------------------------#
[20260604 10:09:03 @multi_evo_agent_runner.py:85] Sampling 50000 steps by 12 slaves, spending 13.13 s.
[20260604 10:09:50 @multi_evo_agent_runner.py:94] Policy update, spending: 47.10 s.
[20260604 10:09:52 @multi_evo_agent_runner.py:99] Evaluation time: 1.99 s.
[20260604 10:09:52 @multi_evo_agent_runner.py:105] Total time:     861.32 min
[20260604 10:09:52 @multi_evo_agent_runner.py:115] Agent_0 gets eval reward: -138.01.
[20260604 10:09:52 @multi_evo_agent_runner.py:116] Agent_0 gets win rate: 0.23.
[20260604 10:09:52 @multi_evo_agent_runner.py:115] Agent_1 gets eval reward: -902.40.
[20260604 10:09:52 @multi_evo_agent_runner.py:116] Agent_1 gets win rate: 0.04.
[20260604 10:09:52 @multi_evo_agent_runner.py:79] #------------------------ Iteration 874 --------------------------#
[20260604 10:10:08 @multi_evo_agent_runner.py:85] Sampling 50000 steps by 12 slaves, spending 15.68 s.
[20260604 10:10:45 @multi_evo_agent_runner.py:94] Policy update, spending: 37.43 s.
[20260604 10:10:47 @multi_evo_agent_runner.py:99] Evaluation time: 2.12 s.
[20260604 10:10:47 @multi_evo_agent_runner.py:105] Total time:     862.24 min
[20260604 10:10:48 @multi_evo_agent_runner.py:115] Agent_0 gets eval reward: -103.14.
[20260604 10:10:48 @multi_evo_agent_runner.py:116] Agent_0 gets win rate: 0.24.
[20260604 10:10:48 @multi_evo_agent_runner.py:115] Agent_1 gets eval reward: -935.44.
[20260604 10:10:48 @multi_evo_agent_runner.py:116] Agent_1 gets win rate: 0.08.
[20260604 10:10:48 @multi_evo_agent_runner.py:79] #------------------------ Iteration 875 --------------------------#
[20260604 10:11:01 @multi_evo_agent_runner.py:85] Sampling 50000 steps by 12 slaves, spending 13.18 s.
[20260604 10:11:36 @multi_evo_agent_runner.py:94] Policy update, spending: 35.37 s.
[20260604 10:11:38 @multi_evo_agent_runner.py:99] Evaluation time: 1.80 s.
[20260604 10:11:38 @multi_evo_agent_runner.py:105] Total time:     863.08 min
[20260604 10:11:38 @multi_evo_agent_runner.py:115] Agent_0 gets eval reward: -165.06.
[20260604 10:11:38 @multi_evo_agent_runner.py:116] Agent_0 gets win rate: 0.23.
[20260604 10:11:38 @multi_evo_agent_runner.py:115] Agent_1 gets eval reward: -1013.02.
[20260604 10:11:38 @multi_evo_agent_runner.py:116] Agent_1 gets win rate: 0.04.
[20260604 10:11:38 @multi_evo_agent_runner.py:79] #------------------------ Iteration 876 --------------------------#
[20260604 10:11:52 @multi_evo_agent_runner.py:85] Sampling 50000 steps by 12 slaves, spending 13.42 s.
[20260604 10:12:30 @multi_evo_agent_runner.py:94] Policy update, spending: 38.60 s.
[20260604 10:12:32 @multi_evo_agent_runner.py:99] Evaluation time: 2.10 s.
[20260604 10:12:32 @multi_evo_agent_runner.py:105] Total time:     863.99 min
[20260604 10:12:32 @multi_evo_agent_runner.py:115] Agent_0 gets eval reward: -459.42.
[20260604 10:12:32 @multi_evo_agent_runner.py:116] Agent_0 gets win rate: 0.09.
[20260604 10:12:32 @multi_evo_agent_runner.py:115] Agent_1 gets eval reward: -838.94.
[20260604 10:12:32 @multi_evo_agent_runner.py:116] Agent_1 gets win rate: 0.04.
[20260604 10:12:33 @multi_evo_agent_runner.py:79] #------------------------ Iteration 877 --------------------------#
[20260604 10:12:47 @multi_evo_agent_runner.py:85] Sampling 50000 steps by 12 slaves, spending 14.45 s.
[20260604 10:13:23 @multi_evo_agent_runner.py:94] Policy update, spending: 35.87 s.
[20260604 10:13:25 @multi_evo_agent_runner.py:99] Evaluation time: 1.76 s.
[20260604 10:13:25 @multi_evo_agent_runner.py:105] Total time:     864.86 min
[20260604 10:13:25 @multi_evo_agent_runner.py:115] Agent_0 gets eval reward: 350.79.
[20260604 10:13:25 @multi_evo_agent_runner.py:116] Agent_0 gets win rate: 0.41.
[20260604 10:13:25 @multi_evo_agent_runner.py:115] Agent_1 gets eval reward: -1161.58.
[20260604 10:13:25 @multi_evo_agent_runner.py:116] Agent_1 gets win rate: 0.03.
[20260604 10:13:25 @multi_evo_agent_runner.py:79] #------------------------ Iteration 878 --------------------------#
[20260604 10:13:38 @multi_evo_agent_runner.py:85] Sampling 50000 steps by 12 slaves, spending 13.15 s.
[20260604 10:14:27 @multi_evo_agent_runner.py:94] Policy update, spending: 49.39 s.
[20260604 10:14:29 @multi_evo_agent_runner.py:99] Evaluation time: 1.68 s.
[20260604 10:14:29 @multi_evo_agent_runner.py:105] Total time:     865.93 min
[20260604 10:14:29 @multi_evo_agent_runner.py:115] Agent_0 gets eval reward: 226.09.
[20260604 10:14:29 @multi_evo_agent_runner.py:116] Agent_0 gets win rate: 0.36.
[20260604 10:14:29 @multi_evo_agent_runner.py:115] Agent_1 gets eval reward: -1234.66.
[20260604 10:14:29 @multi_evo_agent_runner.py:116] Agent_1 gets win rate: 0.00.
[20260604 10:14:29 @multi_evo_agent_runner.py:79] #------------------------ Iteration 879 --------------------------#
[20260604 10:14:43 @multi_evo_agent_runner.py:85] Sampling 50000 steps by 12 slaves, spending 14.13 s.
[20260604 10:15:20 @multi_evo_agent_runner.py:94] Policy update, spending: 36.72 s.
[20260604 10:15:22 @multi_evo_agent_runner.py:99] Evaluation time: 2.04 s.
[20260604 10:15:22 @multi_evo_agent_runner.py:105] Total time:     866.82 min
[20260604 10:15:22 @multi_evo_agent_runner.py:115] Agent_0 gets eval reward: -273.79.
[20260604 10:15:22 @multi_evo_agent_runner.py:116] Agent_0 gets win rate: 0.17.
[20260604 10:15:22 @multi_evo_agent_runner.py:115] Agent_1 gets eval reward: -934.93.
[20260604 10:15:22 @multi_evo_agent_runner.py:116] Agent_1 gets win rate: 0.04.
[20260604 10:15:22 @multi_evo_agent_runner.py:79] #------------------------ Iteration 880 --------------------------#
[20260604 10:15:35 @multi_evo_agent_runner.py:85] Sampling 50000 steps by 12 slaves, spending 13.19 s.
[20260604 10:16:15 @multi_evo_agent_runner.py:94] Policy update, spending: 39.53 s.
[20260604 10:16:17 @multi_evo_agent_runner.py:99] Evaluation time: 1.98 s.
[20260604 10:16:17 @multi_evo_agent_runner.py:105] Total time:     867.73 min
[20260604 10:16:17 @multi_evo_agent_runner.py:115] Agent_0 gets eval reward: -250.47.
[20260604 10:16:17 @multi_evo_agent_runner.py:116] Agent_0 gets win rate: 0.24.
[20260604 10:16:17 @multi_evo_agent_runner.py:115] Agent_1 gets eval reward: -876.68.
[20260604 10:16:17 @multi_evo_agent_runner.py:116] Agent_1 gets win rate: 0.10.
[20260604 10:16:17 @multi_evo_agent_runner.py:79] #------------------------ Iteration 881 --------------------------#
[20260604 10:16:32 @multi_evo_agent_runner.py:85] Sampling 50000 steps by 12 slaves, spending 15.14 s.
[20260604 10:17:10 @multi_evo_agent_runner.py:94] Policy update, spending: 37.30 s.
[20260604 10:17:11 @multi_evo_agent_runner.py:99] Evaluation time: 1.65 s.
[20260604 10:17:11 @multi_evo_agent_runner.py:105] Total time:     868.64 min
[20260604 10:17:11 @multi_evo_agent_runner.py:115] Agent_0 gets eval reward: -430.38.
[20260604 10:17:11 @multi_evo_agent_runner.py:116] Agent_0 gets win rate: 0.12.
[20260604 10:17:11 @multi_evo_agent_runner.py:115] Agent_1 gets eval reward: -689.37.
[20260604 10:17:11 @multi_evo_agent_runner.py:116] Agent_1 gets win rate: 0.08.
[20260604 10:17:11 @multi_evo_agent_runner.py:79] #------------------------ Iteration 882 --------------------------#
[20260604 10:17:24 @multi_evo_agent_runner.py:85] Sampling 50000 steps by 12 slaves, spending 12.56 s.
[20260604 10:18:02 @multi_evo_agent_runner.py:94] Policy update, spending: 38.42 s.
[20260604 10:18:04 @multi_evo_agent_runner.py:99] Evaluation time: 1.69 s.
[20260604 10:18:04 @multi_evo_agent_runner.py:105] Total time:     869.52 min
[20260604 10:18:04 @multi_evo_agent_runner.py:115] Agent_0 gets eval reward: -776.25.
[20260604 10:18:04 @multi_evo_agent_runner.py:116] Agent_0 gets win rate: 0.00.
[20260604 10:18:04 @multi_evo_agent_runner.py:115] Agent_1 gets eval reward: -802.39.
[20260604 10:18:04 @multi_evo_agent_runner.py:116] Agent_1 gets win rate: 0.00.
[20260604 10:18:04 @multi_evo_agent_runner.py:79] #------------------------ Iteration 883 --------------------------#
[20260604 10:18:16 @multi_evo_agent_runner.py:85] Sampling 50000 steps by 12 slaves, spending 12.21 s.
[20260604 10:18:55 @multi_evo_agent_runner.py:94] Policy update, spending: 39.00 s.
[20260604 10:18:58 @multi_evo_agent_runner.py:99] Evaluation time: 2.13 s.
[20260604 10:18:58 @multi_evo_agent_runner.py:105] Total time:     870.41 min
[20260604 10:18:58 @multi_evo_agent_runner.py:115] Agent_0 gets eval reward: -812.84.
[20260604 10:18:58 @multi_evo_agent_runner.py:116] Agent_0 gets win rate: 0.00.
[20260604 10:18:58 @multi_evo_agent_runner.py:115] Agent_1 gets eval reward: -558.71.
[20260604 10:18:58 @multi_evo_agent_runner.py:116] Agent_1 gets win rate: 0.13.
[20260604 10:18:58 @multi_evo_agent_runner.py:79] #------------------------ Iteration 884 --------------------------#
[20260604 10:19:12 @multi_evo_agent_runner.py:85] Sampling 50000 steps by 12 slaves, spending 14.21 s.
[20260604 10:19:48 @multi_evo_agent_runner.py:94] Policy update, spending: 36.34 s.
[20260604 10:19:50 @multi_evo_agent_runner.py:99] Evaluation time: 1.91 s.
[20260604 10:19:50 @multi_evo_agent_runner.py:105] Total time:     871.29 min
[20260604 10:19:50 @multi_evo_agent_runner.py:115] Agent_0 gets eval reward: -315.70.
[20260604 10:19:50 @multi_evo_agent_runner.py:116] Agent_0 gets win rate: 0.17.
[20260604 10:19:50 @multi_evo_agent_runner.py:115] Agent_1 gets eval reward: -916.52.
[20260604 10:19:50 @multi_evo_agent_runner.py:116] Agent_1 gets win rate: 0.04.
[20260604 10:19:50 @multi_evo_agent_runner.py:79] #------------------------ Iteration 885 --------------------------#
[20260604 10:20:04 @multi_evo_agent_runner.py:85] Sampling 50000 steps by 12 slaves, spending 13.17 s.
[20260604 10:20:58 @multi_evo_agent_runner.py:94] Policy update, spending: 54.21 s.
[20260604 10:21:00 @multi_evo_agent_runner.py:99] Evaluation time: 1.89 s.
[20260604 10:21:00 @multi_evo_agent_runner.py:105] Total time:     872.45 min
[20260604 10:21:00 @multi_evo_agent_runner.py:115] Agent_0 gets eval reward: -369.64.
[20260604 10:21:00 @multi_evo_agent_runner.py:116] Agent_0 gets win rate: 0.20.
[20260604 10:21:00 @multi_evo_agent_runner.py:115] Agent_1 gets eval reward: -482.88.
[20260604 10:21:00 @multi_evo_agent_runner.py:116] Agent_1 gets win rate: 0.20.
[20260604 10:21:00 @multi_evo_agent_runner.py:79] #------------------------ Iteration 886 --------------------------#
[20260604 10:21:12 @multi_evo_agent_runner.py:85] Sampling 50000 steps by 12 slaves, spending 12.10 s.
[20260604 10:21:50 @multi_evo_agent_runner.py:94] Policy update, spending: 37.96 s.
[20260604 10:21:52 @multi_evo_agent_runner.py:99] Evaluation time: 2.02 s.
[20260604 10:21:52 @multi_evo_agent_runner.py:105] Total time:     873.32 min
[20260604 10:21:52 @multi_evo_agent_runner.py:115] Agent_0 gets eval reward: 76.61.
[20260604 10:21:52 @multi_evo_agent_runner.py:116] Agent_0 gets win rate: 0.33.
[20260604 10:21:52 @multi_evo_agent_runner.py:115] Agent_1 gets eval reward: -1002.82.
[20260604 10:21:52 @multi_evo_agent_runner.py:116] Agent_1 gets win rate: 0.07.
[20260604 10:21:52 @multi_evo_agent_runner.py:79] #------------------------ Iteration 887 --------------------------#
[20260604 10:22:06 @multi_evo_agent_runner.py:85] Sampling 50000 steps by 12 slaves, spending 13.60 s.
[20260604 10:23:00 @multi_evo_agent_runner.py:94] Policy update, spending: 54.53 s.
[20260604 10:23:02 @multi_evo_agent_runner.py:99] Evaluation time: 1.65 s.
[20260604 10:23:02 @multi_evo_agent_runner.py:105] Total time:     874.48 min
[20260604 10:23:02 @multi_evo_agent_runner.py:115] Agent_0 gets eval reward: -367.78.
[20260604 10:23:02 @multi_evo_agent_runner.py:116] Agent_0 gets win rate: 0.17.
[20260604 10:23:02 @multi_evo_agent_runner.py:115] Agent_1 gets eval reward: -796.19.
[20260604 10:23:02 @multi_evo_agent_runner.py:116] Agent_1 gets win rate: 0.08.
[20260604 10:23:02 @multi_evo_agent_runner.py:79] #------------------------ Iteration 888 --------------------------#
[20260604 10:23:17 @multi_evo_agent_runner.py:85] Sampling 50000 steps by 12 slaves, spending 15.13 s.
[20260604 10:23:53 @multi_evo_agent_runner.py:94] Policy update, spending: 36.05 s.
[20260604 10:23:55 @multi_evo_agent_runner.py:99] Evaluation time: 1.55 s.
[20260604 10:23:55 @multi_evo_agent_runner.py:105] Total time:     875.36 min
[20260604 10:23:55 @multi_evo_agent_runner.py:115] Agent_0 gets eval reward: -296.27.
[20260604 10:23:55 @multi_evo_agent_runner.py:116] Agent_0 gets win rate: 0.17.
[20260604 10:23:55 @multi_evo_agent_runner.py:115] Agent_1 gets eval reward: -1122.19.
[20260604 10:23:55 @multi_evo_agent_runner.py:116] Agent_1 gets win rate: 0.00.
[20260604 10:23:55 @multi_evo_agent_runner.py:79] #------------------------ Iteration 889 --------------------------#
[20260604 10:24:09 @multi_evo_agent_runner.py:85] Sampling 50000 steps by 12 slaves, spending 13.98 s.
[20260604 10:24:45 @multi_evo_agent_runner.py:94] Policy update, spending: 36.42 s.
[20260604 10:24:47 @multi_evo_agent_runner.py:99] Evaluation time: 2.12 s.
[20260604 10:24:47 @multi_evo_agent_runner.py:105] Total time:     876.24 min
[20260604 10:24:48 @multi_evo_agent_runner.py:115] Agent_0 gets eval reward: 35.15.
[20260604 10:24:48 @multi_evo_agent_runner.py:116] Agent_0 gets win rate: 0.24.
[20260604 10:24:48 @multi_evo_agent_runner.py:115] Agent_1 gets eval reward: -1197.44.
[20260604 10:24:48 @multi_evo_agent_runner.py:116] Agent_1 gets win rate: 0.00.
[20260604 10:24:48 @multi_evo_agent_runner.py:79] #------------------------ Iteration 890 --------------------------#
[20260604 10:25:01 @multi_evo_agent_runner.py:85] Sampling 50000 steps by 12 slaves, spending 12.91 s.
[20260604 10:25:55 @multi_evo_agent_runner.py:94] Policy update, spending: 54.44 s.
[20260604 10:25:57 @multi_evo_agent_runner.py:99] Evaluation time: 1.77 s.
[20260604 10:25:57 @multi_evo_agent_runner.py:105] Total time:     877.40 min
[20260604 10:25:57 @multi_evo_agent_runner.py:115] Agent_0 gets eval reward: -61.50.
[20260604 10:25:57 @multi_evo_agent_runner.py:116] Agent_0 gets win rate: 0.27.
[20260604 10:25:57 @multi_evo_agent_runner.py:115] Agent_1 gets eval reward: -1129.29.
[20260604 10:25:57 @multi_evo_agent_runner.py:116] Agent_1 gets win rate: 0.00.
[20260604 10:25:57 @multi_evo_agent_runner.py:79] #------------------------ Iteration 891 --------------------------#
[20260604 10:26:14 @multi_evo_agent_runner.py:85] Sampling 50000 steps by 12 slaves, spending 17.20 s.
[20260604 10:26:51 @multi_evo_agent_runner.py:94] Policy update, spending: 36.98 s.
[20260604 10:26:53 @multi_evo_agent_runner.py:99] Evaluation time: 1.94 s.
[20260604 10:26:53 @multi_evo_agent_runner.py:105] Total time:     878.33 min
[20260604 10:26:53 @multi_evo_agent_runner.py:115] Agent_0 gets eval reward: -492.49.
[20260604 10:26:53 @multi_evo_agent_runner.py:116] Agent_0 gets win rate: 0.12.
[20260604 10:26:53 @multi_evo_agent_runner.py:115] Agent_1 gets eval reward: -752.97.
[20260604 10:26:53 @multi_evo_agent_runner.py:116] Agent_1 gets win rate: 0.08.
[20260604 10:26:53 @multi_evo_agent_runner.py:79] #------------------------ Iteration 892 --------------------------#
[20260604 10:27:08 @multi_evo_agent_runner.py:85] Sampling 50000 steps by 12 slaves, spending 14.36 s.
[20260604 10:27:49 @multi_evo_agent_runner.py:94] Policy update, spending: 41.81 s.
[20260604 10:27:52 @multi_evo_agent_runner.py:99] Evaluation time: 2.28 s.
[20260604 10:27:52 @multi_evo_agent_runner.py:105] Total time:     879.31 min
[20260604 10:27:52 @multi_evo_agent_runner.py:115] Agent_0 gets eval reward: -182.69.
[20260604 10:27:52 @multi_evo_agent_runner.py:116] Agent_0 gets win rate: 0.25.
[20260604 10:27:52 @multi_evo_agent_runner.py:115] Agent_1 gets eval reward: -859.22.
[20260604 10:27:52 @multi_evo_agent_runner.py:116] Agent_1 gets win rate: 0.11.
[20260604 10:27:52 @multi_evo_agent_runner.py:79] #------------------------ Iteration 893 --------------------------#
[20260604 10:28:05 @multi_evo_agent_runner.py:85] Sampling 50000 steps by 12 slaves, spending 13.52 s.
[20260604 10:28:42 @multi_evo_agent_runner.py:94] Policy update, spending: 36.96 s.
[20260604 10:28:45 @multi_evo_agent_runner.py:99] Evaluation time: 2.35 s.
[20260604 10:28:45 @multi_evo_agent_runner.py:105] Total time:     880.19 min
[20260604 10:28:45 @multi_evo_agent_runner.py:115] Agent_0 gets eval reward: 132.54.
[20260604 10:28:45 @multi_evo_agent_runner.py:116] Agent_0 gets win rate: 0.37.
[20260604 10:28:45 @multi_evo_agent_runner.py:115] Agent_1 gets eval reward: -997.70.
[20260604 10:28:45 @multi_evo_agent_runner.py:116] Agent_1 gets win rate: 0.10.
[20260604 10:28:45 @multi_evo_agent_runner.py:79] #------------------------ Iteration 894 --------------------------#
[20260604 10:28:58 @multi_evo_agent_runner.py:85] Sampling 50000 steps by 12 slaves, spending 13.60 s.
[20260604 10:29:56 @multi_evo_agent_runner.py:94] Policy update, spending: 57.36 s.
[20260604 10:29:57 @multi_evo_agent_runner.py:99] Evaluation time: 1.68 s.
[20260604 10:29:57 @multi_evo_agent_runner.py:105] Total time:     881.41 min
[20260604 10:29:58 @multi_evo_agent_runner.py:115] Agent_0 gets eval reward: -330.89.
[20260604 10:29:58 @multi_evo_agent_runner.py:116] Agent_0 gets win rate: 0.20.
[20260604 10:29:58 @multi_evo_agent_runner.py:115] Agent_1 gets eval reward: -743.81.
[20260604 10:29:58 @multi_evo_agent_runner.py:116] Agent_1 gets win rate: 0.12.
[20260604 10:29:58 @multi_evo_agent_runner.py:79] #------------------------ Iteration 895 --------------------------#
[20260604 10:30:13 @multi_evo_agent_runner.py:85] Sampling 50000 steps by 12 slaves, spending 15.31 s.
[20260604 10:30:49 @multi_evo_agent_runner.py:94] Policy update, spending: 35.70 s.
[20260604 10:30:51 @multi_evo_agent_runner.py:99] Evaluation time: 1.86 s.
[20260604 10:30:51 @multi_evo_agent_runner.py:105] Total time:     882.29 min
[20260604 10:30:51 @multi_evo_agent_runner.py:115] Agent_0 gets eval reward: -117.41.
[20260604 10:30:51 @multi_evo_agent_runner.py:116] Agent_0 gets win rate: 0.31.
[20260604 10:30:51 @multi_evo_agent_runner.py:115] Agent_1 gets eval reward: -595.20.
[20260604 10:30:51 @multi_evo_agent_runner.py:116] Agent_1 gets win rate: 0.22.
[20260604 10:30:51 @multi_evo_agent_runner.py:79] #------------------------ Iteration 896 --------------------------#
[20260604 10:31:05 @multi_evo_agent_runner.py:85] Sampling 50000 steps by 12 slaves, spending 13.84 s.
[20260604 10:31:40 @multi_evo_agent_runner.py:94] Policy update, spending: 35.66 s.
[20260604 10:31:42 @multi_evo_agent_runner.py:99] Evaluation time: 2.04 s.
[20260604 10:31:42 @multi_evo_agent_runner.py:105] Total time:     883.15 min
[20260604 10:31:42 @multi_evo_agent_runner.py:115] Agent_0 gets eval reward: -75.51.
[20260604 10:31:42 @multi_evo_agent_runner.py:116] Agent_0 gets win rate: 0.27.
[20260604 10:31:42 @multi_evo_agent_runner.py:115] Agent_1 gets eval reward: -901.61.
[20260604 10:31:42 @multi_evo_agent_runner.py:116] Agent_1 gets win rate: 0.08.
[20260604 10:31:42 @multi_evo_agent_runner.py:79] #------------------------ Iteration 897 --------------------------#
[20260604 10:31:55 @multi_evo_agent_runner.py:85] Sampling 50000 steps by 12 slaves, spending 12.20 s.
[20260604 10:32:32 @multi_evo_agent_runner.py:94] Policy update, spending: 37.85 s.
[20260604 10:32:35 @multi_evo_agent_runner.py:99] Evaluation time: 2.25 s.
[20260604 10:32:35 @multi_evo_agent_runner.py:105] Total time:     884.03 min
[20260604 10:32:35 @multi_evo_agent_runner.py:115] Agent_0 gets eval reward: -248.97.
[20260604 10:32:35 @multi_evo_agent_runner.py:116] Agent_0 gets win rate: 0.20.
[20260604 10:32:35 @multi_evo_agent_runner.py:115] Agent_1 gets eval reward: -986.06.
[20260604 10:32:35 @multi_evo_agent_runner.py:116] Agent_1 gets win rate: 0.04.
[20260604 10:32:35 @multi_evo_agent_runner.py:79] #------------------------ Iteration 898 --------------------------#
[20260604 10:32:51 @multi_evo_agent_runner.py:85] Sampling 50000 steps by 12 slaves, spending 15.87 s.
[20260604 10:33:27 @multi_evo_agent_runner.py:94] Policy update, spending: 36.70 s.
[20260604 10:33:29 @multi_evo_agent_runner.py:99] Evaluation time: 1.82 s.
[20260604 10:33:29 @multi_evo_agent_runner.py:105] Total time:     884.94 min
[20260604 10:33:29 @multi_evo_agent_runner.py:115] Agent_0 gets eval reward: 47.59.
[20260604 10:33:29 @multi_evo_agent_runner.py:116] Agent_0 gets win rate: 0.31.
[20260604 10:33:29 @multi_evo_agent_runner.py:115] Agent_1 gets eval reward: -1018.52.
[20260604 10:33:29 @multi_evo_agent_runner.py:116] Agent_1 gets win rate: 0.09.
[20260604 10:33:29 @multi_evo_agent_runner.py:79] #------------------------ Iteration 899 --------------------------#
[20260604 10:33:43 @multi_evo_agent_runner.py:85] Sampling 50000 steps by 12 slaves, spending 13.47 s.
[20260604 10:34:27 @multi_evo_agent_runner.py:94] Policy update, spending: 44.39 s.
[20260604 10:34:29 @multi_evo_agent_runner.py:99] Evaluation time: 1.77 s.
[20260604 10:34:29 @multi_evo_agent_runner.py:105] Total time:     885.93 min
[20260604 10:34:29 @multi_evo_agent_runner.py:115] Agent_0 gets eval reward: -417.78.
[20260604 10:34:29 @multi_evo_agent_runner.py:116] Agent_0 gets win rate: 0.17.
[20260604 10:34:29 @multi_evo_agent_runner.py:115] Agent_1 gets eval reward: -891.68.
[20260604 10:34:29 @multi_evo_agent_runner.py:116] Agent_1 gets win rate: 0.08.
[20260604 10:34:29 @multi_evo_agent_runner.py:79] #------------------------ Iteration 900 --------------------------#
[20260604 10:34:42 @multi_evo_agent_runner.py:85] Sampling 50000 steps by 12 slaves, spending 12.65 s.
[20260604 10:35:19 @multi_evo_agent_runner.py:94] Policy update, spending: 37.22 s.
[20260604 10:35:21 @multi_evo_agent_runner.py:99] Evaluation time: 2.10 s.
[20260604 10:35:21 @multi_evo_agent_runner.py:105] Total time:     886.80 min
[20260604 10:35:21 @multi_evo_agent_runner.py:115] Agent_0 gets eval reward: -875.90.
[20260604 10:35:21 @multi_evo_agent_runner.py:116] Agent_0 gets win rate: 0.04.
[20260604 10:35:21 @multi_evo_agent_runner.py:115] Agent_1 gets eval reward: -381.91.
[20260604 10:35:21 @multi_evo_agent_runner.py:116] Agent_1 gets win rate: 0.20.
[20260604 10:35:21 @multi_evo_agent_runner.py:79] #------------------------ Iteration 901 --------------------------#
[20260604 10:35:35 @multi_evo_agent_runner.py:85] Sampling 50000 steps by 12 slaves, spending 13.19 s.
[20260604 10:36:16 @multi_evo_agent_runner.py:94] Policy update, spending: 41.68 s.
[20260604 10:36:18 @multi_evo_agent_runner.py:99] Evaluation time: 1.63 s.
[20260604 10:36:18 @multi_evo_agent_runner.py:105] Total time:     887.75 min
[20260604 10:36:18 @multi_evo_agent_runner.py:115] Agent_0 gets eval reward: -831.71.
[20260604 10:36:18 @multi_evo_agent_runner.py:116] Agent_0 gets win rate: 0.00.
[20260604 10:36:18 @multi_evo_agent_runner.py:115] Agent_1 gets eval reward: -800.47.
[20260604 10:36:18 @multi_evo_agent_runner.py:116] Agent_1 gets win rate: 0.05.
[20260604 10:36:18 @multi_evo_agent_runner.py:79] #------------------------ Iteration 902 --------------------------#
[20260604 10:36:34 @multi_evo_agent_runner.py:85] Sampling 50000 steps by 12 slaves, spending 15.75 s.
[20260604 10:37:11 @multi_evo_agent_runner.py:94] Policy update, spending: 37.34 s.
[20260604 10:37:13 @multi_evo_agent_runner.py:99] Evaluation time: 1.61 s.
[20260604 10:37:13 @multi_evo_agent_runner.py:105] Total time:     888.66 min
[20260604 10:37:13 @multi_evo_agent_runner.py:115] Agent_0 gets eval reward: -473.25.
[20260604 10:37:13 @multi_evo_agent_runner.py:116] Agent_0 gets win rate: 0.12.
[20260604 10:37:13 @multi_evo_agent_runner.py:115] Agent_1 gets eval reward: -648.62.
[20260604 10:37:13 @multi_evo_agent_runner.py:116] Agent_1 gets win rate: 0.12.
[20260604 10:37:13 @multi_evo_agent_runner.py:79] #------------------------ Iteration 903 --------------------------#
[20260604 10:37:27 @multi_evo_agent_runner.py:85] Sampling 50000 steps by 12 slaves, spending 13.95 s.
[20260604 10:38:04 @multi_evo_agent_runner.py:94] Policy update, spending: 37.11 s.
[20260604 10:38:06 @multi_evo_agent_runner.py:99] Evaluation time: 1.81 s.
[20260604 10:38:06 @multi_evo_agent_runner.py:105] Total time:     889.55 min
[20260604 10:38:06 @multi_evo_agent_runner.py:115] Agent_0 gets eval reward: -471.33.
[20260604 10:38:06 @multi_evo_agent_runner.py:116] Agent_0 gets win rate: 0.19.
[20260604 10:38:06 @multi_evo_agent_runner.py:115] Agent_1 gets eval reward: -718.98.
[20260604 10:38:06 @multi_evo_agent_runner.py:116] Agent_1 gets win rate: 0.12.
[20260604 10:38:06 @multi_evo_agent_runner.py:79] #------------------------ Iteration 904 --------------------------#
[20260604 10:38:20 @multi_evo_agent_runner.py:85] Sampling 50000 steps by 12 slaves, spending 13.86 s.
[20260604 10:38:59 @multi_evo_agent_runner.py:94] Policy update, spending: 38.97 s.
[20260604 10:39:01 @multi_evo_agent_runner.py:99] Evaluation time: 2.34 s.
[20260604 10:39:01 @multi_evo_agent_runner.py:105] Total time:     890.47 min
[20260604 10:39:01 @multi_evo_agent_runner.py:115] Agent_0 gets eval reward: -195.20.
[20260604 10:39:01 @multi_evo_agent_runner.py:116] Agent_0 gets win rate: 0.26.
[20260604 10:39:01 @multi_evo_agent_runner.py:115] Agent_1 gets eval reward: -955.47.
[20260604 10:39:01 @multi_evo_agent_runner.py:116] Agent_1 gets win rate: 0.07.
[20260604 10:39:01 @multi_evo_agent_runner.py:79] #------------------------ Iteration 905 --------------------------#
[20260604 10:39:14 @multi_evo_agent_runner.py:85] Sampling 50000 steps by 12 slaves, spending 12.57 s.
[20260604 10:40:05 @multi_evo_agent_runner.py:94] Policy update, spending: 51.27 s.
[20260604 10:40:07 @multi_evo_agent_runner.py:99] Evaluation time: 1.79 s.
[20260604 10:40:07 @multi_evo_agent_runner.py:105] Total time:     891.57 min
[20260604 10:40:07 @multi_evo_agent_runner.py:115] Agent_0 gets eval reward: -526.24.
[20260604 10:40:07 @multi_evo_agent_runner.py:116] Agent_0 gets win rate: 0.09.
[20260604 10:40:07 @multi_evo_agent_runner.py:115] Agent_1 gets eval reward: -981.79.
[20260604 10:40:07 @multi_evo_agent_runner.py:116] Agent_1 gets win rate: 0.00.
[20260604 10:40:07 @multi_evo_agent_runner.py:79] #------------------------ Iteration 906 --------------------------#
[20260604 10:40:21 @multi_evo_agent_runner.py:85] Sampling 50000 steps by 12 slaves, spending 14.16 s.
[20260604 10:41:09 @multi_evo_agent_runner.py:94] Policy update, spending: 48.09 s.
[20260604 10:41:11 @multi_evo_agent_runner.py:99] Evaluation time: 1.96 s.
[20260604 10:41:11 @multi_evo_agent_runner.py:105] Total time:     892.64 min
[20260604 10:41:11 @multi_evo_agent_runner.py:115] Agent_0 gets eval reward: 98.74.
[20260604 10:41:11 @multi_evo_agent_runner.py:116] Agent_0 gets win rate: 0.33.
[20260604 10:41:11 @multi_evo_agent_runner.py:115] Agent_1 gets eval reward: -1259.71.
[20260604 10:41:11 @multi_evo_agent_runner.py:116] Agent_1 gets win rate: 0.00.
[20260604 10:41:12 @multi_evo_agent_runner.py:79] #------------------------ Iteration 907 --------------------------#
[20260604 10:41:24 @multi_evo_agent_runner.py:85] Sampling 50000 steps by 12 slaves, spending 12.19 s.
[20260604 10:42:02 @multi_evo_agent_runner.py:94] Policy update, spending: 38.44 s.
[20260604 10:42:04 @multi_evo_agent_runner.py:99] Evaluation time: 2.27 s.
[20260604 10:42:04 @multi_evo_agent_runner.py:105] Total time:     893.52 min
[20260604 10:42:05 @multi_evo_agent_runner.py:115] Agent_0 gets eval reward: -487.15.
[20260604 10:42:05 @multi_evo_agent_runner.py:116] Agent_0 gets win rate: 0.09.
[20260604 10:42:05 @multi_evo_agent_runner.py:115] Agent_1 gets eval reward: -942.82.
[20260604 10:42:05 @multi_evo_agent_runner.py:116] Agent_1 gets win rate: 0.00.
[20260604 10:42:05 @multi_evo_agent_runner.py:79] #------------------------ Iteration 908 --------------------------#
[20260604 10:42:18 @multi_evo_agent_runner.py:85] Sampling 50000 steps by 12 slaves, spending 13.78 s.
[20260604 10:43:02 @multi_evo_agent_runner.py:94] Policy update, spending: 44.02 s.
[20260604 10:43:04 @multi_evo_agent_runner.py:99] Evaluation time: 1.70 s.
[20260604 10:43:04 @multi_evo_agent_runner.py:105] Total time:     894.52 min
[20260604 10:43:04 @multi_evo_agent_runner.py:115] Agent_0 gets eval reward: 237.38.
[20260604 10:43:04 @multi_evo_agent_runner.py:116] Agent_0 gets win rate: 0.41.
[20260604 10:43:04 @multi_evo_agent_runner.py:115] Agent_1 gets eval reward: -1141.44.
[20260604 10:43:04 @multi_evo_agent_runner.py:116] Agent_1 gets win rate: 0.07.
[20260604 10:43:04 @multi_evo_agent_runner.py:79] #------------------------ Iteration 909 --------------------------#
[20260604 10:43:20 @multi_evo_agent_runner.py:85] Sampling 50000 steps by 12 slaves, spending 15.90 s.
[20260604 10:43:57 @multi_evo_agent_runner.py:94] Policy update, spending: 37.09 s.
[20260604 10:43:59 @multi_evo_agent_runner.py:99] Evaluation time: 1.70 s.
[20260604 10:43:59 @multi_evo_agent_runner.py:105] Total time:     895.43 min
[20260604 10:43:59 @multi_evo_agent_runner.py:115] Agent_0 gets eval reward: -760.22.
[20260604 10:43:59 @multi_evo_agent_runner.py:116] Agent_0 gets win rate: 0.00.
[20260604 10:43:59 @multi_evo_agent_runner.py:115] Agent_1 gets eval reward: -884.13.
[20260604 10:43:59 @multi_evo_agent_runner.py:116] Agent_1 gets win rate: 0.00.
[20260604 10:43:59 @multi_evo_agent_runner.py:79] #------------------------ Iteration 910 --------------------------#
[20260604 10:44:12 @multi_evo_agent_runner.py:85] Sampling 50000 steps by 12 slaves, spending 12.74 s.
[20260604 10:44:49 @multi_evo_agent_runner.py:94] Policy update, spending: 36.86 s.
[20260604 10:44:51 @multi_evo_agent_runner.py:99] Evaluation time: 1.90 s.
[20260604 10:44:51 @multi_evo_agent_runner.py:105] Total time:     896.29 min
[20260604 10:44:51 @multi_evo_agent_runner.py:115] Agent_0 gets eval reward: -477.42.
[20260604 10:44:51 @multi_evo_agent_runner.py:116] Agent_0 gets win rate: 0.12.
[20260604 10:44:51 @multi_evo_agent_runner.py:115] Agent_1 gets eval reward: -890.91.
[20260604 10:44:51 @multi_evo_agent_runner.py:116] Agent_1 gets win rate: 0.04.
[20260604 10:44:51 @multi_evo_agent_runner.py:79] #------------------------ Iteration 911 --------------------------#
[20260604 10:45:03 @multi_evo_agent_runner.py:85] Sampling 50000 steps by 12 slaves, spending 11.97 s.
[20260604 10:45:41 @multi_evo_agent_runner.py:94] Policy update, spending: 38.21 s.
[20260604 10:45:44 @multi_evo_agent_runner.py:99] Evaluation time: 2.57 s.
[20260604 10:45:44 @multi_evo_agent_runner.py:105] Total time:     897.18 min
[20260604 10:45:44 @multi_evo_agent_runner.py:115] Agent_0 gets eval reward: -815.76.
[20260604 10:45:44 @multi_evo_agent_runner.py:116] Agent_0 gets win rate: 0.08.
[20260604 10:45:44 @multi_evo_agent_runner.py:115] Agent_1 gets eval reward: -383.19.
[20260604 10:45:44 @multi_evo_agent_runner.py:116] Agent_1 gets win rate: 0.23.
[20260604 10:45:44 @multi_evo_agent_runner.py:79] #------------------------ Iteration 912 --------------------------#
[20260604 10:45:59 @multi_evo_agent_runner.py:85] Sampling 50000 steps by 12 slaves, spending 14.85 s.
[20260604 10:46:52 @multi_evo_agent_runner.py:94] Policy update, spending: 53.45 s.
[20260604 10:46:54 @multi_evo_agent_runner.py:99] Evaluation time: 1.70 s.
[20260604 10:46:54 @multi_evo_agent_runner.py:105] Total time:     898.35 min
[20260604 10:46:54 @multi_evo_agent_runner.py:115] Agent_0 gets eval reward: -188.95.
[20260604 10:46:54 @multi_evo_agent_runner.py:116] Agent_0 gets win rate: 0.24.
[20260604 10:46:54 @multi_evo_agent_runner.py:115] Agent_1 gets eval reward: -937.47.
[20260604 10:46:54 @multi_evo_agent_runner.py:116] Agent_1 gets win rate: 0.08.
[20260604 10:46:54 @multi_evo_agent_runner.py:79] #------------------------ Iteration 913 --------------------------#
[20260604 10:47:09 @multi_evo_agent_runner.py:85] Sampling 50000 steps by 12 slaves, spending 14.47 s.
[20260604 10:47:46 @multi_evo_agent_runner.py:94] Policy update, spending: 37.30 s.
[20260604 10:47:47 @multi_evo_agent_runner.py:99] Evaluation time: 1.55 s.
[20260604 10:47:47 @multi_evo_agent_runner.py:105] Total time:     899.24 min
[20260604 10:47:47 @multi_evo_agent_runner.py:115] Agent_0 gets eval reward: -828.64.
[20260604 10:47:47 @multi_evo_agent_runner.py:116] Agent_0 gets win rate: 0.00.
[20260604 10:47:47 @multi_evo_agent_runner.py:115] Agent_1 gets eval reward: -751.69.
[20260604 10:47:47 @multi_evo_agent_runner.py:116] Agent_1 gets win rate: 0.05.
[20260604 10:47:48 @multi_evo_agent_runner.py:79] #------------------------ Iteration 914 --------------------------#
[20260604 10:48:00 @multi_evo_agent_runner.py:85] Sampling 50000 steps by 12 slaves, spending 12.51 s.
[20260604 10:48:37 @multi_evo_agent_runner.py:94] Policy update, spending: 36.50 s.
[20260604 10:48:39 @multi_evo_agent_runner.py:99] Evaluation time: 2.08 s.
[20260604 10:48:39 @multi_evo_agent_runner.py:105] Total time:     900.09 min
[20260604 10:48:39 @multi_evo_agent_runner.py:115] Agent_0 gets eval reward: -432.45.
[20260604 10:48:39 @multi_evo_agent_runner.py:116] Agent_0 gets win rate: 0.13.
[20260604 10:48:39 @multi_evo_agent_runner.py:115] Agent_1 gets eval reward: -1097.69.
[20260604 10:48:39 @multi_evo_agent_runner.py:116] Agent_1 gets win rate: 0.00.
[20260604 10:48:39 @multi_evo_agent_runner.py:79] #------------------------ Iteration 915 --------------------------#
[20260604 10:48:52 @multi_evo_agent_runner.py:85] Sampling 50000 steps by 12 slaves, spending 12.95 s.
[20260604 10:49:42 @multi_evo_agent_runner.py:94] Policy update, spending: 49.90 s.
[20260604 10:49:44 @multi_evo_agent_runner.py:99] Evaluation time: 2.35 s.
[20260604 10:49:44 @multi_evo_agent_runner.py:105] Total time:     901.18 min
[20260604 10:49:44 @multi_evo_agent_runner.py:115] Agent_0 gets eval reward: 235.22.
[20260604 10:49:44 @multi_evo_agent_runner.py:116] Agent_0 gets win rate: 0.42.
[20260604 10:49:44 @multi_evo_agent_runner.py:115] Agent_1 gets eval reward: -1097.92.
[20260604 10:49:44 @multi_evo_agent_runner.py:116] Agent_1 gets win rate: 0.09.
[20260604 10:49:44 @multi_evo_agent_runner.py:79] #------------------------ Iteration 916 --------------------------#
[20260604 10:50:01 @multi_evo_agent_runner.py:85] Sampling 50000 steps by 12 slaves, spending 16.33 s.
[20260604 10:50:38 @multi_evo_agent_runner.py:94] Policy update, spending: 37.10 s.
[20260604 10:50:39 @multi_evo_agent_runner.py:99] Evaluation time: 1.73 s.
[20260604 10:50:39 @multi_evo_agent_runner.py:105] Total time:     902.11 min
[20260604 10:50:39 @multi_evo_agent_runner.py:115] Agent_0 gets eval reward: -386.93.
[20260604 10:50:39 @multi_evo_agent_runner.py:116] Agent_0 gets win rate: 0.23.
[20260604 10:50:39 @multi_evo_agent_runner.py:115] Agent_1 gets eval reward: -679.70.
[20260604 10:50:39 @multi_evo_agent_runner.py:116] Agent_1 gets win rate: 0.16.
[20260604 10:50:40 @multi_evo_agent_runner.py:79] #------------------------ Iteration 917 --------------------------#
[20260604 10:50:52 @multi_evo_agent_runner.py:85] Sampling 50000 steps by 12 slaves, spending 12.46 s.
[20260604 10:51:30 @multi_evo_agent_runner.py:94] Policy update, spending: 37.72 s.
[20260604 10:51:32 @multi_evo_agent_runner.py:99] Evaluation time: 1.91 s.
[20260604 10:51:32 @multi_evo_agent_runner.py:105] Total time:     902.98 min
[20260604 10:51:32 @multi_evo_agent_runner.py:115] Agent_0 gets eval reward: -300.66.
[20260604 10:51:32 @multi_evo_agent_runner.py:116] Agent_0 gets win rate: 0.17.
[20260604 10:51:32 @multi_evo_agent_runner.py:115] Agent_1 gets eval reward: -1089.42.
[20260604 10:51:32 @multi_evo_agent_runner.py:116] Agent_1 gets win rate: 0.00.
[20260604 10:51:32 @multi_evo_agent_runner.py:79] #------------------------ Iteration 918 --------------------------#
[20260604 10:51:45 @multi_evo_agent_runner.py:85] Sampling 50000 steps by 12 slaves, spending 13.07 s.
[20260604 10:52:24 @multi_evo_agent_runner.py:94] Policy update, spending: 39.59 s.
[20260604 10:52:27 @multi_evo_agent_runner.py:99] Evaluation time: 2.37 s.
[20260604 10:52:27 @multi_evo_agent_runner.py:105] Total time:     903.90 min
[20260604 10:52:27 @multi_evo_agent_runner.py:115] Agent_0 gets eval reward: -584.06.
[20260604 10:52:27 @multi_evo_agent_runner.py:116] Agent_0 gets win rate: 0.12.
[20260604 10:52:27 @multi_evo_agent_runner.py:115] Agent_1 gets eval reward: -691.87.
[20260604 10:52:27 @multi_evo_agent_runner.py:116] Agent_1 gets win rate: 0.12.
[20260604 10:52:27 @multi_evo_agent_runner.py:79] #------------------------ Iteration 919 --------------------------#
[20260604 10:52:42 @multi_evo_agent_runner.py:85] Sampling 50000 steps by 12 slaves, spending 14.59 s.
[20260604 10:53:28 @multi_evo_agent_runner.py:94] Policy update, spending: 46.49 s.
[20260604 10:53:30 @multi_evo_agent_runner.py:99] Evaluation time: 2.08 s.
[20260604 10:53:30 @multi_evo_agent_runner.py:105] Total time:     904.95 min
[20260604 10:53:30 @multi_evo_agent_runner.py:115] Agent_0 gets eval reward: -423.70.
[20260604 10:53:30 @multi_evo_agent_runner.py:116] Agent_0 gets win rate: 0.20.
[20260604 10:53:30 @multi_evo_agent_runner.py:115] Agent_1 gets eval reward: -676.57.
[20260604 10:53:30 @multi_evo_agent_runner.py:116] Agent_1 gets win rate: 0.17.
[20260604 10:53:30 @multi_evo_agent_runner.py:79] #------------------------ Iteration 920 --------------------------#
[20260604 10:53:47 @multi_evo_agent_runner.py:85] Sampling 50000 steps by 12 slaves, spending 16.47 s.
[20260604 10:54:24 @multi_evo_agent_runner.py:94] Policy update, spending: 37.13 s.
[20260604 10:54:26 @multi_evo_agent_runner.py:99] Evaluation time: 1.70 s.
[20260604 10:54:26 @multi_evo_agent_runner.py:105] Total time:     905.88 min
[20260604 10:54:26 @multi_evo_agent_runner.py:115] Agent_0 gets eval reward: -850.81.
[20260604 10:54:26 @multi_evo_agent_runner.py:116] Agent_0 gets win rate: 0.00.
[20260604 10:54:26 @multi_evo_agent_runner.py:115] Agent_1 gets eval reward: -812.92.
[20260604 10:54:26 @multi_evo_agent_runner.py:116] Agent_1 gets win rate: 0.05.
[20260604 10:54:26 @multi_evo_agent_runner.py:79] #------------------------ Iteration 921 --------------------------#
[20260604 10:54:40 @multi_evo_agent_runner.py:85] Sampling 50000 steps by 12 slaves, spending 14.27 s.
[20260604 10:55:19 @multi_evo_agent_runner.py:94] Policy update, spending: 38.90 s.
[20260604 10:55:21 @multi_evo_agent_runner.py:99] Evaluation time: 1.74 s.
[20260604 10:55:21 @multi_evo_agent_runner.py:105] Total time:     906.80 min
[20260604 10:55:21 @multi_evo_agent_runner.py:115] Agent_0 gets eval reward: -758.29.
[20260604 10:55:21 @multi_evo_agent_runner.py:116] Agent_0 gets win rate: 0.00.
[20260604 10:55:21 @multi_evo_agent_runner.py:115] Agent_1 gets eval reward: -907.99.
[20260604 10:55:21 @multi_evo_agent_runner.py:116] Agent_1 gets win rate: 0.00.
[20260604 10:55:21 @multi_evo_agent_runner.py:79] #------------------------ Iteration 922 --------------------------#
[20260604 10:55:34 @multi_evo_agent_runner.py:85] Sampling 50000 steps by 12 slaves, spending 12.68 s.
[20260604 10:56:12 @multi_evo_agent_runner.py:94] Policy update, spending: 38.85 s.
[20260604 10:56:15 @multi_evo_agent_runner.py:99] Evaluation time: 2.75 s.
[20260604 10:56:15 @multi_evo_agent_runner.py:105] Total time:     907.70 min
[20260604 10:56:15 @multi_evo_agent_runner.py:115] Agent_0 gets eval reward: -681.63.
[20260604 10:56:15 @multi_evo_agent_runner.py:116] Agent_0 gets win rate: 0.05.
[20260604 10:56:15 @multi_evo_agent_runner.py:115] Agent_1 gets eval reward: -837.71.
[20260604 10:56:15 @multi_evo_agent_runner.py:116] Agent_1 gets win rate: 0.05.
[20260604 10:56:15 @multi_evo_agent_runner.py:79] #------------------------ Iteration 923 --------------------------#
[20260604 10:56:29 @multi_evo_agent_runner.py:85] Sampling 50000 steps by 12 slaves, spending 13.42 s.
[20260604 10:57:15 @multi_evo_agent_runner.py:94] Policy update, spending: 45.86 s.
[20260604 10:57:16 @multi_evo_agent_runner.py:99] Evaluation time: 1.66 s.
[20260604 10:57:16 @multi_evo_agent_runner.py:105] Total time:     908.72 min
[20260604 10:57:16 @multi_evo_agent_runner.py:115] Agent_0 gets eval reward: -613.23.
[20260604 10:57:16 @multi_evo_agent_runner.py:116] Agent_0 gets win rate: 0.05.
[20260604 10:57:16 @multi_evo_agent_runner.py:115] Agent_1 gets eval reward: -956.47.
[20260604 10:57:16 @multi_evo_agent_runner.py:116] Agent_1 gets win rate: 0.00.
[20260604 10:57:16 @multi_evo_agent_runner.py:79] #------------------------ Iteration 924 --------------------------#
[20260604 10:57:33 @multi_evo_agent_runner.py:85] Sampling 50000 steps by 12 slaves, spending 16.18 s.
[20260604 10:58:09 @multi_evo_agent_runner.py:94] Policy update, spending: 36.37 s.
[20260604 10:58:11 @multi_evo_agent_runner.py:99] Evaluation time: 1.99 s.
[20260604 10:58:11 @multi_evo_agent_runner.py:105] Total time:     909.63 min
[20260604 10:58:11 @multi_evo_agent_runner.py:115] Agent_0 gets eval reward: 248.20.
[20260604 10:58:11 @multi_evo_agent_runner.py:116] Agent_0 gets win rate: 0.45.
[20260604 10:58:11 @multi_evo_agent_runner.py:115] Agent_1 gets eval reward: -947.64.
[20260604 10:58:11 @multi_evo_agent_runner.py:116] Agent_1 gets win rate: 0.15.
[20260604 10:58:11 @multi_evo_agent_runner.py:79] #------------------------ Iteration 925 --------------------------#
[20260604 10:58:26 @multi_evo_agent_runner.py:85] Sampling 50000 steps by 12 slaves, spending 14.52 s.
[20260604 10:59:02 @multi_evo_agent_runner.py:94] Policy update, spending: 36.38 s.
[20260604 10:59:04 @multi_evo_agent_runner.py:99] Evaluation time: 1.90 s.
[20260604 10:59:04 @multi_evo_agent_runner.py:105] Total time:     910.52 min
[20260604 10:59:04 @multi_evo_agent_runner.py:115] Agent_0 gets eval reward: -340.16.
[20260604 10:59:04 @multi_evo_agent_runner.py:116] Agent_0 gets win rate: 0.23.
[20260604 10:59:04 @multi_evo_agent_runner.py:115] Agent_1 gets eval reward: -834.09.
[20260604 10:59:04 @multi_evo_agent_runner.py:116] Agent_1 gets win rate: 0.12.
[20260604 10:59:04 @multi_evo_agent_runner.py:79] #------------------------ Iteration 926 --------------------------#
[20260604 10:59:17 @multi_evo_agent_runner.py:85] Sampling 50000 steps by 12 slaves, spending 13.08 s.
[20260604 10:59:56 @multi_evo_agent_runner.py:94] Policy update, spending: 38.44 s.
[20260604 10:59:58 @multi_evo_agent_runner.py:99] Evaluation time: 2.67 s.
[20260604 10:59:58 @multi_evo_agent_runner.py:105] Total time:     911.42 min
[20260604 10:59:58 @multi_evo_agent_runner.py:115] Agent_0 gets eval reward: 17.42.
[20260604 10:59:58 @multi_evo_agent_runner.py:116] Agent_0 gets win rate: 0.33.
[20260604 10:59:58 @multi_evo_agent_runner.py:115] Agent_1 gets eval reward: -1085.79.
[20260604 10:59:58 @multi_evo_agent_runner.py:116] Agent_1 gets win rate: 0.07.
[20260604 10:59:59 @multi_evo_agent_runner.py:79] #------------------------ Iteration 927 --------------------------#
[20260604 11:00:13 @multi_evo_agent_runner.py:85] Sampling 50000 steps by 12 slaves, spending 14.47 s.
[20260604 11:00:49 @multi_evo_agent_runner.py:94] Policy update, spending: 36.12 s.
[20260604 11:00:51 @multi_evo_agent_runner.py:99] Evaluation time: 1.73 s.
[20260604 11:00:51 @multi_evo_agent_runner.py:105] Total time:     912.30 min
[20260604 11:00:51 @multi_evo_agent_runner.py:115] Agent_0 gets eval reward: -947.79.
[20260604 11:00:51 @multi_evo_agent_runner.py:116] Agent_0 gets win rate: 0.00.
[20260604 11:00:51 @multi_evo_agent_runner.py:115] Agent_1 gets eval reward: -646.03.
[20260604 11:00:51 @multi_evo_agent_runner.py:116] Agent_1 gets win rate: 0.09.
[20260604 11:00:51 @multi_evo_agent_runner.py:79] #------------------------ Iteration 928 --------------------------#
[20260604 11:01:04 @multi_evo_agent_runner.py:85] Sampling 50000 steps by 12 slaves, spending 12.85 s.
[20260604 11:01:50 @multi_evo_agent_runner.py:94] Policy update, spending: 46.13 s.
[20260604 11:01:52 @multi_evo_agent_runner.py:99] Evaluation time: 1.94 s.
[20260604 11:01:52 @multi_evo_agent_runner.py:105] Total time:     913.32 min
[20260604 11:01:52 @multi_evo_agent_runner.py:115] Agent_0 gets eval reward: -355.31.
[20260604 11:01:52 @multi_evo_agent_runner.py:116] Agent_0 gets win rate: 0.19.
[20260604 11:01:52 @multi_evo_agent_runner.py:115] Agent_1 gets eval reward: -907.14.
[20260604 11:01:52 @multi_evo_agent_runner.py:116] Agent_1 gets win rate: 0.07.
[20260604 11:01:52 @multi_evo_agent_runner.py:79] #------------------------ Iteration 929 --------------------------#
[20260604 11:02:05 @multi_evo_agent_runner.py:85] Sampling 50000 steps by 12 slaves, spending 12.87 s.
[20260604 11:02:44 @multi_evo_agent_runner.py:94] Policy update, spending: 38.72 s.
[20260604 11:02:46 @multi_evo_agent_runner.py:99] Evaluation time: 2.48 s.
[20260604 11:02:46 @multi_evo_agent_runner.py:105] Total time:     914.22 min
[20260604 11:02:46 @multi_evo_agent_runner.py:115] Agent_0 gets eval reward: -191.97.
[20260604 11:02:46 @multi_evo_agent_runner.py:116] Agent_0 gets win rate: 0.24.
[20260604 11:02:46 @multi_evo_agent_runner.py:115] Agent_1 gets eval reward: -1066.80.
[20260604 11:02:46 @multi_evo_agent_runner.py:116] Agent_1 gets win rate: 0.04.
[20260604 11:02:46 @multi_evo_agent_runner.py:79] #------------------------ Iteration 930 --------------------------#
[20260604 11:03:01 @multi_evo_agent_runner.py:85] Sampling 50000 steps by 12 slaves, spending 14.34 s.
[20260604 11:03:36 @multi_evo_agent_runner.py:94] Policy update, spending: 35.09 s.
[20260604 11:03:37 @multi_evo_agent_runner.py:99] Evaluation time: 1.67 s.
[20260604 11:03:37 @multi_evo_agent_runner.py:105] Total time:     915.08 min
[20260604 11:03:38 @multi_evo_agent_runner.py:115] Agent_0 gets eval reward: -307.90.
[20260604 11:03:38 @multi_evo_agent_runner.py:116] Agent_0 gets win rate: 0.23.
[20260604 11:03:38 @multi_evo_agent_runner.py:115] Agent_1 gets eval reward: -854.71.
[20260604 11:03:38 @multi_evo_agent_runner.py:116] Agent_1 gets win rate: 0.12.
[20260604 11:03:38 @multi_evo_agent_runner.py:79] #------------------------ Iteration 931 --------------------------#
[20260604 11:03:52 @multi_evo_agent_runner.py:85] Sampling 50000 steps by 12 slaves, spending 13.95 s.
[20260604 11:04:47 @multi_evo_agent_runner.py:94] Policy update, spending: 55.89 s.
[20260604 11:04:49 @multi_evo_agent_runner.py:99] Evaluation time: 1.53 s.
[20260604 11:04:49 @multi_evo_agent_runner.py:105] Total time:     916.27 min
[20260604 11:04:49 @multi_evo_agent_runner.py:115] Agent_0 gets eval reward: -571.88.
[20260604 11:04:49 @multi_evo_agent_runner.py:116] Agent_0 gets win rate: 0.10.
[20260604 11:04:49 @multi_evo_agent_runner.py:115] Agent_1 gets eval reward: -861.48.
[20260604 11:04:49 @multi_evo_agent_runner.py:116] Agent_1 gets win rate: 0.05.
[20260604 11:04:49 @multi_evo_agent_runner.py:79] #------------------------ Iteration 932 --------------------------#
[20260604 11:05:03 @multi_evo_agent_runner.py:85] Sampling 50000 steps by 12 slaves, spending 13.72 s.
[20260604 11:05:39 @multi_evo_agent_runner.py:94] Policy update, spending: 35.91 s.
[20260604 11:05:41 @multi_evo_agent_runner.py:99] Evaluation time: 2.01 s.
[20260604 11:05:41 @multi_evo_agent_runner.py:105] Total time:     917.13 min
[20260604 11:05:41 @multi_evo_agent_runner.py:115] Agent_0 gets eval reward: -614.46.
[20260604 11:05:41 @multi_evo_agent_runner.py:116] Agent_0 gets win rate: 0.12.
[20260604 11:05:41 @multi_evo_agent_runner.py:115] Agent_1 gets eval reward: -743.35.
[20260604 11:05:41 @multi_evo_agent_runner.py:116] Agent_1 gets win rate: 0.12.
[20260604 11:05:41 @multi_evo_agent_runner.py:79] #------------------------ Iteration 933 --------------------------#
[20260604 11:05:54 @multi_evo_agent_runner.py:85] Sampling 50000 steps by 12 slaves, spending 12.86 s.
[20260604 11:06:32 @multi_evo_agent_runner.py:94] Policy update, spending: 37.76 s.
[20260604 11:06:34 @multi_evo_agent_runner.py:99] Evaluation time: 2.63 s.
[20260604 11:06:34 @multi_evo_agent_runner.py:105] Total time:     918.02 min
[20260604 11:06:34 @multi_evo_agent_runner.py:115] Agent_0 gets eval reward: -258.12.
[20260604 11:06:34 @multi_evo_agent_runner.py:116] Agent_0 gets win rate: 0.20.
[20260604 11:06:34 @multi_evo_agent_runner.py:115] Agent_1 gets eval reward: -1144.78.
[20260604 11:06:34 @multi_evo_agent_runner.py:116] Agent_1 gets win rate: 0.00.
[20260604 11:06:34 @multi_evo_agent_runner.py:79] #------------------------ Iteration 934 --------------------------#
[20260604 11:06:50 @multi_evo_agent_runner.py:85] Sampling 50000 steps by 12 slaves, spending 15.42 s.
[20260604 11:07:26 @multi_evo_agent_runner.py:94] Policy update, spending: 36.13 s.
[20260604 11:07:28 @multi_evo_agent_runner.py:99] Evaluation time: 1.74 s.
[20260604 11:07:28 @multi_evo_agent_runner.py:105] Total time:     918.91 min
[20260604 11:07:28 @multi_evo_agent_runner.py:115] Agent_0 gets eval reward: -425.07.
[20260604 11:07:28 @multi_evo_agent_runner.py:116] Agent_0 gets win rate: 0.13.
[20260604 11:07:28 @multi_evo_agent_runner.py:115] Agent_1 gets eval reward: -1051.63.
[20260604 11:07:28 @multi_evo_agent_runner.py:116] Agent_1 gets win rate: 0.00.
[20260604 11:07:28 @multi_evo_agent_runner.py:79] #------------------------ Iteration 935 --------------------------#
[20260604 11:07:42 @multi_evo_agent_runner.py:85] Sampling 50000 steps by 12 slaves, spending 14.41 s.
[20260604 11:08:32 @multi_evo_agent_runner.py:94] Policy update, spending: 49.46 s.
[20260604 11:08:34 @multi_evo_agent_runner.py:99] Evaluation time: 2.06 s.
[20260604 11:08:34 @multi_evo_agent_runner.py:105] Total time:     920.01 min
[20260604 11:08:34 @multi_evo_agent_runner.py:115] Agent_0 gets eval reward: -129.31.
[20260604 11:08:34 @multi_evo_agent_runner.py:116] Agent_0 gets win rate: 0.25.
[20260604 11:08:34 @multi_evo_agent_runner.py:115] Agent_1 gets eval reward: -1204.10.
[20260604 11:08:34 @multi_evo_agent_runner.py:116] Agent_1 gets win rate: 0.00.
[20260604 11:08:34 @multi_evo_agent_runner.py:79] #------------------------ Iteration 936 --------------------------#
[20260604 11:08:47 @multi_evo_agent_runner.py:85] Sampling 50000 steps by 12 slaves, spending 12.67 s.
[20260604 11:09:24 @multi_evo_agent_runner.py:94] Policy update, spending: 36.93 s.
[20260604 11:09:25 @multi_evo_agent_runner.py:99] Evaluation time: 1.76 s.
[20260604 11:09:25 @multi_evo_agent_runner.py:105] Total time:     920.87 min
[20260604 11:09:25 @multi_evo_agent_runner.py:115] Agent_0 gets eval reward: -484.39.
[20260604 11:09:25 @multi_evo_agent_runner.py:116] Agent_0 gets win rate: 0.16.
[20260604 11:09:25 @multi_evo_agent_runner.py:115] Agent_1 gets eval reward: -716.21.
[20260604 11:09:25 @multi_evo_agent_runner.py:116] Agent_1 gets win rate: 0.12.
[20260604 11:09:26 @multi_evo_agent_runner.py:79] #------------------------ Iteration 937 --------------------------#
[20260604 11:09:39 @multi_evo_agent_runner.py:85] Sampling 50000 steps by 12 slaves, spending 13.57 s.
[20260604 11:10:17 @multi_evo_agent_runner.py:94] Policy update, spending: 37.77 s.
[20260604 11:10:19 @multi_evo_agent_runner.py:99] Evaluation time: 2.31 s.
[20260604 11:10:19 @multi_evo_agent_runner.py:105] Total time:     921.77 min
[20260604 11:10:19 @multi_evo_agent_runner.py:115] Agent_0 gets eval reward: -558.82.
[20260604 11:10:19 @multi_evo_agent_runner.py:116] Agent_0 gets win rate: 0.12.
[20260604 11:10:19 @multi_evo_agent_runner.py:115] Agent_1 gets eval reward: -902.63.
[20260604 11:10:19 @multi_evo_agent_runner.py:116] Agent_1 gets win rate: 0.04.
[20260604 11:10:19 @multi_evo_agent_runner.py:79] #------------------------ Iteration 938 --------------------------#
[20260604 11:10:36 @multi_evo_agent_runner.py:85] Sampling 50000 steps by 12 slaves, spending 16.46 s.
[20260604 11:11:13 @multi_evo_agent_runner.py:94] Policy update, spending: 37.15 s.
[20260604 11:11:15 @multi_evo_agent_runner.py:99] Evaluation time: 1.59 s.
[20260604 11:11:15 @multi_evo_agent_runner.py:105] Total time:     922.69 min
[20260604 11:11:15 @multi_evo_agent_runner.py:115] Agent_0 gets eval reward: -579.44.
[20260604 11:11:15 @multi_evo_agent_runner.py:116] Agent_0 gets win rate: 0.09.
[20260604 11:11:15 @multi_evo_agent_runner.py:115] Agent_1 gets eval reward: -1041.45.
[20260604 11:11:15 @multi_evo_agent_runner.py:116] Agent_1 gets win rate: 0.00.
[20260604 11:11:15 @multi_evo_agent_runner.py:79] #------------------------ Iteration 939 --------------------------#
[20260604 11:11:29 @multi_evo_agent_runner.py:85] Sampling 50000 steps by 12 slaves, spending 14.45 s.
[20260604 11:12:20 @multi_evo_agent_runner.py:94] Policy update, spending: 50.34 s.
[20260604 11:12:21 @multi_evo_agent_runner.py:99] Evaluation time: 1.79 s.
[20260604 11:12:21 @multi_evo_agent_runner.py:105] Total time:     923.81 min
[20260604 11:12:21 @multi_evo_agent_runner.py:115] Agent_0 gets eval reward: 312.59.
[20260604 11:12:21 @multi_evo_agent_runner.py:116] Agent_0 gets win rate: 0.41.
[20260604 11:12:21 @multi_evo_agent_runner.py:115] Agent_1 gets eval reward: -1327.26.
[20260604 11:12:21 @multi_evo_agent_runner.py:116] Agent_1 gets win rate: 0.00.
[20260604 11:12:22 @multi_evo_agent_runner.py:79] #------------------------ Iteration 940 --------------------------#
[20260604 11:12:35 @multi_evo_agent_runner.py:85] Sampling 50000 steps by 12 slaves, spending 13.42 s.
[20260604 11:13:14 @multi_evo_agent_runner.py:94] Policy update, spending: 39.06 s.
[20260604 11:13:16 @multi_evo_agent_runner.py:99] Evaluation time: 2.46 s.
[20260604 11:13:16 @multi_evo_agent_runner.py:105] Total time:     924.72 min
[20260604 11:13:17 @multi_evo_agent_runner.py:115] Agent_0 gets eval reward: -704.81.
[20260604 11:13:17 @multi_evo_agent_runner.py:116] Agent_0 gets win rate: 0.09.
[20260604 11:13:17 @multi_evo_agent_runner.py:115] Agent_1 gets eval reward: -791.26.
[20260604 11:13:17 @multi_evo_agent_runner.py:116] Agent_1 gets win rate: 0.09.
[20260604 11:13:17 @multi_evo_agent_runner.py:79] #------------------------ Iteration 941 --------------------------#
[20260604 11:13:29 @multi_evo_agent_runner.py:85] Sampling 50000 steps by 12 slaves, spending 12.85 s.
[20260604 11:14:08 @multi_evo_agent_runner.py:94] Policy update, spending: 38.27 s.
[20260604 11:14:10 @multi_evo_agent_runner.py:99] Evaluation time: 1.90 s.
[20260604 11:14:10 @multi_evo_agent_runner.py:105] Total time:     925.61 min
[20260604 11:14:10 @multi_evo_agent_runner.py:115] Agent_0 gets eval reward: -458.72.
[20260604 11:14:10 @multi_evo_agent_runner.py:116] Agent_0 gets win rate: 0.19.
[20260604 11:14:10 @multi_evo_agent_runner.py:115] Agent_1 gets eval reward: -797.90.
[20260604 11:14:10 @multi_evo_agent_runner.py:116] Agent_1 gets win rate: 0.11.
[20260604 11:14:10 @multi_evo_agent_runner.py:79] #------------------------ Iteration 942 --------------------------#
[20260604 11:14:27 @multi_evo_agent_runner.py:85] Sampling 50000 steps by 12 slaves, spending 16.95 s.
[20260604 11:15:03 @multi_evo_agent_runner.py:94] Policy update, spending: 36.25 s.
[20260604 11:15:05 @multi_evo_agent_runner.py:99] Evaluation time: 1.81 s.
[20260604 11:15:05 @multi_evo_agent_runner.py:105] Total time:     926.53 min
[20260604 11:15:05 @multi_evo_agent_runner.py:115] Agent_0 gets eval reward: -408.00.
[20260604 11:15:05 @multi_evo_agent_runner.py:116] Agent_0 gets win rate: 0.20.
[20260604 11:15:05 @multi_evo_agent_runner.py:115] Agent_1 gets eval reward: -913.33.
[20260604 11:15:05 @multi_evo_agent_runner.py:116] Agent_1 gets win rate: 0.08.
[20260604 11:15:05 @multi_evo_agent_runner.py:79] #------------------------ Iteration 943 --------------------------#
[20260604 11:15:19 @multi_evo_agent_runner.py:85] Sampling 50000 steps by 12 slaves, spending 13.83 s.
[20260604 11:16:07 @multi_evo_agent_runner.py:94] Policy update, spending: 48.42 s.
[20260604 11:16:09 @multi_evo_agent_runner.py:99] Evaluation time: 1.94 s.
[20260604 11:16:09 @multi_evo_agent_runner.py:105] Total time:     927.60 min
[20260604 11:16:09 @multi_evo_agent_runner.py:115] Agent_0 gets eval reward: -261.66.
[20260604 11:16:09 @multi_evo_agent_runner.py:116] Agent_0 gets win rate: 0.21.
[20260604 11:16:09 @multi_evo_agent_runner.py:115] Agent_1 gets eval reward: -1183.25.
[20260604 11:16:09 @multi_evo_agent_runner.py:116] Agent_1 gets win rate: 0.00.
[20260604 11:16:09 @multi_evo_agent_runner.py:79] #------------------------ Iteration 944 --------------------------#
[20260604 11:16:23 @multi_evo_agent_runner.py:85] Sampling 50000 steps by 12 slaves, spending 13.26 s.
[20260604 11:17:02 @multi_evo_agent_runner.py:94] Policy update, spending: 38.92 s.
[20260604 11:17:04 @multi_evo_agent_runner.py:99] Evaluation time: 2.49 s.
[20260604 11:17:04 @multi_evo_agent_runner.py:105] Total time:     928.52 min
[20260604 11:17:04 @multi_evo_agent_runner.py:115] Agent_0 gets eval reward: -302.93.
[20260604 11:17:04 @multi_evo_agent_runner.py:116] Agent_0 gets win rate: 0.21.
[20260604 11:17:04 @multi_evo_agent_runner.py:115] Agent_1 gets eval reward: -1180.60.
[20260604 11:17:04 @multi_evo_agent_runner.py:116] Agent_1 gets win rate: 0.00.
[20260604 11:17:04 @multi_evo_agent_runner.py:79] #------------------------ Iteration 945 --------------------------#
[20260604 11:17:19 @multi_evo_agent_runner.py:85] Sampling 50000 steps by 12 slaves, spending 14.85 s.
[20260604 11:18:06 @multi_evo_agent_runner.py:94] Policy update, spending: 46.65 s.
[20260604 11:18:08 @multi_evo_agent_runner.py:99] Evaluation time: 1.97 s.
[20260604 11:18:08 @multi_evo_agent_runner.py:105] Total time:     929.58 min
[20260604 11:18:08 @multi_evo_agent_runner.py:115] Agent_0 gets eval reward: -322.33.
[20260604 11:18:08 @multi_evo_agent_runner.py:116] Agent_0 gets win rate: 0.21.
[20260604 11:18:08 @multi_evo_agent_runner.py:115] Agent_1 gets eval reward: -975.16.
[20260604 11:18:08 @multi_evo_agent_runner.py:116] Agent_1 gets win rate: 0.07.
[20260604 11:18:08 @multi_evo_agent_runner.py:79] #------------------------ Iteration 946 --------------------------#
[20260604 11:18:25 @multi_evo_agent_runner.py:85] Sampling 50000 steps by 12 slaves, spending 16.71 s.
[20260604 11:19:03 @multi_evo_agent_runner.py:94] Policy update, spending: 37.83 s.
[20260604 11:19:05 @multi_evo_agent_runner.py:99] Evaluation time: 1.95 s.
[20260604 11:19:05 @multi_evo_agent_runner.py:105] Total time:     930.53 min
[20260604 11:19:05 @multi_evo_agent_runner.py:115] Agent_0 gets eval reward: -262.59.
[20260604 11:19:05 @multi_evo_agent_runner.py:116] Agent_0 gets win rate: 0.25.
[20260604 11:19:05 @multi_evo_agent_runner.py:115] Agent_1 gets eval reward: -909.47.
[20260604 11:19:05 @multi_evo_agent_runner.py:116] Agent_1 gets win rate: 0.11.
[20260604 11:19:05 @multi_evo_agent_runner.py:79] #------------------------ Iteration 947 --------------------------#
[20260604 11:19:18 @multi_evo_agent_runner.py:85] Sampling 50000 steps by 12 slaves, spending 13.33 s.
[20260604 11:20:12 @multi_evo_agent_runner.py:94] Policy update, spending: 53.96 s.
[20260604 11:20:14 @multi_evo_agent_runner.py:99] Evaluation time: 1.92 s.
[20260604 11:20:14 @multi_evo_agent_runner.py:105] Total time:     931.68 min
[20260604 11:20:14 @multi_evo_agent_runner.py:115] Agent_0 gets eval reward: -94.68.
[20260604 11:20:14 @multi_evo_agent_runner.py:116] Agent_0 gets win rate: 0.27.
[20260604 11:20:14 @multi_evo_agent_runner.py:115] Agent_1 gets eval reward: -1208.01.
[20260604 11:20:14 @multi_evo_agent_runner.py:116] Agent_1 gets win rate: 0.00.
[20260604 11:20:14 @multi_evo_agent_runner.py:79] #------------------------ Iteration 948 --------------------------#
[20260604 11:20:28 @multi_evo_agent_runner.py:85] Sampling 50000 steps by 12 slaves, spending 13.80 s.
[20260604 11:21:04 @multi_evo_agent_runner.py:94] Policy update, spending: 35.92 s.
[20260604 11:21:06 @multi_evo_agent_runner.py:99] Evaluation time: 2.07 s.
[20260604 11:21:06 @multi_evo_agent_runner.py:105] Total time:     932.55 min
[20260604 11:21:06 @multi_evo_agent_runner.py:115] Agent_0 gets eval reward: -730.17.
[20260604 11:21:06 @multi_evo_agent_runner.py:116] Agent_0 gets win rate: 0.09.
[20260604 11:21:06 @multi_evo_agent_runner.py:115] Agent_1 gets eval reward: -802.90.
[20260604 11:21:06 @multi_evo_agent_runner.py:116] Agent_1 gets win rate: 0.09.
[20260604 11:21:06 @multi_evo_agent_runner.py:79] #------------------------ Iteration 949 --------------------------#
[20260604 11:21:19 @multi_evo_agent_runner.py:85] Sampling 50000 steps by 12 slaves, spending 12.70 s.
[20260604 11:22:14 @multi_evo_agent_runner.py:94] Policy update, spending: 55.24 s.
[20260604 11:22:16 @multi_evo_agent_runner.py:99] Evaluation time: 1.80 s.
[20260604 11:22:16 @multi_evo_agent_runner.py:105] Total time:     933.71 min
[20260604 11:22:16 @multi_evo_agent_runner.py:115] Agent_0 gets eval reward: -562.99.
[20260604 11:22:16 @multi_evo_agent_runner.py:116] Agent_0 gets win rate: 0.13.
[20260604 11:22:16 @multi_evo_agent_runner.py:115] Agent_1 gets eval reward: -971.21.
[20260604 11:22:16 @multi_evo_agent_runner.py:116] Agent_1 gets win rate: 0.04.
[20260604 11:22:16 @multi_evo_agent_runner.py:79] #------------------------ Iteration 950 --------------------------#
[20260604 11:22:31 @multi_evo_agent_runner.py:85] Sampling 50000 steps by 12 slaves, spending 14.94 s.
[20260604 11:23:07 @multi_evo_agent_runner.py:94] Policy update, spending: 36.06 s.
[20260604 11:23:09 @multi_evo_agent_runner.py:99] Evaluation time: 1.72 s.
[20260604 11:23:09 @multi_evo_agent_runner.py:105] Total time:     934.59 min
[20260604 11:23:09 @multi_evo_agent_runner.py:115] Agent_0 gets eval reward: -570.27.
[20260604 11:23:09 @multi_evo_agent_runner.py:116] Agent_0 gets win rate: 0.12.
[20260604 11:23:09 @multi_evo_agent_runner.py:115] Agent_1 gets eval reward: -970.36.
[20260604 11:23:09 @multi_evo_agent_runner.py:116] Agent_1 gets win rate: 0.04.
[20260604 11:23:09 @multi_evo_agent_runner.py:79] #------------------------ Iteration 951 --------------------------#
[20260604 11:23:22 @multi_evo_agent_runner.py:85] Sampling 50000 steps by 12 slaves, spending 13.54 s.
[20260604 11:24:01 @multi_evo_agent_runner.py:94] Policy update, spending: 39.09 s.
[20260604 11:24:03 @multi_evo_agent_runner.py:99] Evaluation time: 1.96 s.
[20260604 11:24:03 @multi_evo_agent_runner.py:105] Total time:     935.51 min
[20260604 11:24:04 @multi_evo_agent_runner.py:115] Agent_0 gets eval reward: -461.04.
[20260604 11:24:04 @multi_evo_agent_runner.py:116] Agent_0 gets win rate: 0.17.
[20260604 11:24:04 @multi_evo_agent_runner.py:115] Agent_1 gets eval reward: -980.11.
[20260604 11:24:04 @multi_evo_agent_runner.py:116] Agent_1 gets win rate: 0.04.
[20260604 11:24:04 @multi_evo_agent_runner.py:79] #------------------------ Iteration 952 --------------------------#
[20260604 11:24:17 @multi_evo_agent_runner.py:85] Sampling 50000 steps by 12 slaves, spending 13.25 s.
[20260604 11:24:55 @multi_evo_agent_runner.py:94] Policy update, spending: 37.71 s.
[20260604 11:24:57 @multi_evo_agent_runner.py:99] Evaluation time: 2.57 s.
[20260604 11:24:57 @multi_evo_agent_runner.py:105] Total time:     936.40 min
[20260604 11:24:57 @multi_evo_agent_runner.py:115] Agent_0 gets eval reward: 85.31.
[20260604 11:24:57 @multi_evo_agent_runner.py:116] Agent_0 gets win rate: 0.42.
[20260604 11:24:57 @multi_evo_agent_runner.py:115] Agent_1 gets eval reward: -825.25.
[20260604 11:24:57 @multi_evo_agent_runner.py:116] Agent_1 gets win rate: 0.19.
[20260604 11:24:57 @multi_evo_agent_runner.py:79] #------------------------ Iteration 953 --------------------------#
[20260604 11:25:11 @multi_evo_agent_runner.py:85] Sampling 50000 steps by 12 slaves, spending 13.90 s.
[20260604 11:25:48 @multi_evo_agent_runner.py:94] Policy update, spending: 36.78 s.
[20260604 11:25:50 @multi_evo_agent_runner.py:99] Evaluation time: 1.96 s.
[20260604 11:25:50 @multi_evo_agent_runner.py:105] Total time:     937.28 min
[20260604 11:25:50 @multi_evo_agent_runner.py:115] Agent_0 gets eval reward: -673.79.
[20260604 11:25:50 @multi_evo_agent_runner.py:116] Agent_0 gets win rate: 0.09.
[20260604 11:25:50 @multi_evo_agent_runner.py:115] Agent_1 gets eval reward: -936.33.
[20260604 11:25:50 @multi_evo_agent_runner.py:116] Agent_1 gets win rate: 0.04.
[20260604 11:25:50 @multi_evo_agent_runner.py:79] #------------------------ Iteration 954 --------------------------#
[20260604 11:26:05 @multi_evo_agent_runner.py:85] Sampling 50000 steps by 12 slaves, spending 14.43 s.
[20260604 11:26:51 @multi_evo_agent_runner.py:94] Policy update, spending: 46.48 s.
[20260604 11:26:53 @multi_evo_agent_runner.py:99] Evaluation time: 1.60 s.
[20260604 11:26:53 @multi_evo_agent_runner.py:105] Total time:     938.33 min
[20260604 11:26:53 @multi_evo_agent_runner.py:115] Agent_0 gets eval reward: -645.66.
[20260604 11:26:53 @multi_evo_agent_runner.py:116] Agent_0 gets win rate: 0.09.
[20260604 11:26:53 @multi_evo_agent_runner.py:115] Agent_1 gets eval reward: -915.06.
[20260604 11:26:53 @multi_evo_agent_runner.py:116] Agent_1 gets win rate: 0.05.
[20260604 11:26:53 @multi_evo_agent_runner.py:79] #------------------------ Iteration 955 --------------------------#
[20260604 11:27:05 @multi_evo_agent_runner.py:85] Sampling 50000 steps by 12 slaves, spending 12.31 s.
[20260604 11:27:42 @multi_evo_agent_runner.py:94] Policy update, spending: 36.79 s.
[20260604 11:27:44 @multi_evo_agent_runner.py:99] Evaluation time: 1.93 s.
[20260604 11:27:44 @multi_evo_agent_runner.py:105] Total time:     939.18 min
[20260604 11:27:44 @multi_evo_agent_runner.py:115] Agent_0 gets eval reward: -671.22.
[20260604 11:27:44 @multi_evo_agent_runner.py:116] Agent_0 gets win rate: 0.09.
[20260604 11:27:44 @multi_evo_agent_runner.py:115] Agent_1 gets eval reward: -939.31.
[20260604 11:27:44 @multi_evo_agent_runner.py:116] Agent_1 gets win rate: 0.04.
[20260604 11:27:44 @multi_evo_agent_runner.py:79] #------------------------ Iteration 956 --------------------------#
[20260604 11:27:57 @multi_evo_agent_runner.py:85] Sampling 50000 steps by 12 slaves, spending 13.12 s.
[20260604 11:28:37 @multi_evo_agent_runner.py:94] Policy update, spending: 39.38 s.
[20260604 11:28:39 @multi_evo_agent_runner.py:99] Evaluation time: 2.00 s.
[20260604 11:28:39 @multi_evo_agent_runner.py:105] Total time:     940.09 min
[20260604 11:28:39 @multi_evo_agent_runner.py:115] Agent_0 gets eval reward: -436.15.
[20260604 11:28:39 @multi_evo_agent_runner.py:116] Agent_0 gets win rate: 0.21.
[20260604 11:28:39 @multi_evo_agent_runner.py:115] Agent_1 gets eval reward: -797.01.
[20260604 11:28:39 @multi_evo_agent_runner.py:116] Agent_1 gets win rate: 0.12.
[20260604 11:28:39 @multi_evo_agent_runner.py:79] #------------------------ Iteration 957 --------------------------#
[20260604 11:28:56 @multi_evo_agent_runner.py:85] Sampling 50000 steps by 12 slaves, spending 16.80 s.
[20260604 11:29:32 @multi_evo_agent_runner.py:94] Policy update, spending: 36.43 s.
[20260604 11:29:34 @multi_evo_agent_runner.py:99] Evaluation time: 1.80 s.
[20260604 11:29:34 @multi_evo_agent_runner.py:105] Total time:     941.01 min
[20260604 11:29:34 @multi_evo_agent_runner.py:115] Agent_0 gets eval reward: -365.50.
[20260604 11:29:34 @multi_evo_agent_runner.py:116] Agent_0 gets win rate: 0.21.
[20260604 11:29:34 @multi_evo_agent_runner.py:115] Agent_1 gets eval reward: -1061.68.
[20260604 11:29:34 @multi_evo_agent_runner.py:116] Agent_1 gets win rate: 0.04.
[20260604 11:29:34 @multi_evo_agent_runner.py:79] #------------------------ Iteration 958 --------------------------#
[20260604 11:29:47 @multi_evo_agent_runner.py:85] Sampling 50000 steps by 12 slaves, spending 13.21 s.
[20260604 11:30:36 @multi_evo_agent_runner.py:94] Policy update, spending: 49.15 s.
[20260604 11:30:38 @multi_evo_agent_runner.py:99] Evaluation time: 1.66 s.
[20260604 11:30:38 @multi_evo_agent_runner.py:105] Total time:     942.08 min
[20260604 11:30:38 @multi_evo_agent_runner.py:115] Agent_0 gets eval reward: -606.05.
[20260604 11:30:38 @multi_evo_agent_runner.py:116] Agent_0 gets win rate: 0.15.
[20260604 11:30:38 @multi_evo_agent_runner.py:115] Agent_1 gets eval reward: -767.43.
[20260604 11:30:38 @multi_evo_agent_runner.py:116] Agent_1 gets win rate: 0.12.
[20260604 11:30:38 @multi_evo_agent_runner.py:79] #------------------------ Iteration 959 --------------------------#
[20260604 11:30:52 @multi_evo_agent_runner.py:85] Sampling 50000 steps by 12 slaves, spending 14.06 s.
[20260604 11:31:30 @multi_evo_agent_runner.py:94] Policy update, spending: 37.26 s.
[20260604 11:31:32 @multi_evo_agent_runner.py:99] Evaluation time: 2.13 s.
[20260604 11:31:32 @multi_evo_agent_runner.py:105] Total time:     942.98 min
[20260604 11:31:32 @multi_evo_agent_runner.py:115] Agent_0 gets eval reward: -519.42.
[20260604 11:31:32 @multi_evo_agent_runner.py:116] Agent_0 gets win rate: 0.13.
[20260604 11:31:32 @multi_evo_agent_runner.py:115] Agent_1 gets eval reward: -1103.21.
[20260604 11:31:32 @multi_evo_agent_runner.py:116] Agent_1 gets win rate: 0.00.
[20260604 11:31:32 @multi_evo_agent_runner.py:79] #------------------------ Iteration 960 --------------------------#
[20260604 11:31:45 @multi_evo_agent_runner.py:85] Sampling 50000 steps by 12 slaves, spending 13.61 s.
[20260604 11:32:26 @multi_evo_agent_runner.py:94] Policy update, spending: 40.83 s.
[20260604 11:32:29 @multi_evo_agent_runner.py:99] Evaluation time: 2.54 s.
[20260604 11:32:29 @multi_evo_agent_runner.py:105] Total time:     943.93 min
[20260604 11:32:29 @multi_evo_agent_runner.py:115] Agent_0 gets eval reward: 102.09.
[20260604 11:32:29 @multi_evo_agent_runner.py:116] Agent_0 gets win rate: 0.37.
[20260604 11:32:29 @multi_evo_agent_runner.py:115] Agent_1 gets eval reward: -1120.01.
[20260604 11:32:29 @multi_evo_agent_runner.py:116] Agent_1 gets win rate: 0.07.
[20260604 11:32:29 @multi_evo_agent_runner.py:79] #------------------------ Iteration 961 --------------------------#
[20260604 11:32:43 @multi_evo_agent_runner.py:85] Sampling 50000 steps by 12 slaves, spending 14.26 s.
[20260604 11:33:19 @multi_evo_agent_runner.py:94] Policy update, spending: 35.34 s.
[20260604 11:33:20 @multi_evo_agent_runner.py:99] Evaluation time: 1.78 s.
[20260604 11:33:20 @multi_evo_agent_runner.py:105] Total time:     944.79 min
[20260604 11:33:21 @multi_evo_agent_runner.py:115] Agent_0 gets eval reward: -431.67.
[20260604 11:33:21 @multi_evo_agent_runner.py:116] Agent_0 gets win rate: 0.17.
[20260604 11:33:21 @multi_evo_agent_runner.py:115] Agent_1 gets eval reward: -1141.70.
[20260604 11:33:21 @multi_evo_agent_runner.py:116] Agent_1 gets win rate: 0.00.
[20260604 11:33:21 @multi_evo_agent_runner.py:79] #------------------------ Iteration 962 --------------------------#
[20260604 11:33:35 @multi_evo_agent_runner.py:85] Sampling 50000 steps by 12 slaves, spending 14.25 s.
[20260604 11:34:28 @multi_evo_agent_runner.py:94] Policy update, spending: 53.58 s.
[20260604 11:34:30 @multi_evo_agent_runner.py:99] Evaluation time: 1.69 s.
[20260604 11:34:30 @multi_evo_agent_runner.py:105] Total time:     945.95 min
[20260604 11:34:30 @multi_evo_agent_runner.py:115] Agent_0 gets eval reward: -462.71.
[20260604 11:34:30 @multi_evo_agent_runner.py:116] Agent_0 gets win rate: 0.17.
[20260604 11:34:30 @multi_evo_agent_runner.py:115] Agent_1 gets eval reward: -1024.83.
[20260604 11:34:30 @multi_evo_agent_runner.py:116] Agent_1 gets win rate: 0.04.
[20260604 11:34:30 @multi_evo_agent_runner.py:79] #------------------------ Iteration 963 --------------------------#
[20260604 11:34:43 @multi_evo_agent_runner.py:85] Sampling 50000 steps by 12 slaves, spending 12.58 s.
[20260604 11:35:19 @multi_evo_agent_runner.py:94] Policy update, spending: 35.89 s.
[20260604 11:35:21 @multi_evo_agent_runner.py:99] Evaluation time: 2.35 s.
[20260604 11:35:21 @multi_evo_agent_runner.py:105] Total time:     946.80 min
[20260604 11:35:21 @multi_evo_agent_runner.py:115] Agent_0 gets eval reward: -237.10.
[20260604 11:35:21 @multi_evo_agent_runner.py:116] Agent_0 gets win rate: 0.25.
[20260604 11:35:21 @multi_evo_agent_runner.py:115] Agent_1 gets eval reward: -1105.71.
[20260604 11:35:21 @multi_evo_agent_runner.py:116] Agent_1 gets win rate: 0.04.
[20260604 11:35:21 @multi_evo_agent_runner.py:79] #------------------------ Iteration 964 --------------------------#
[20260604 11:35:34 @multi_evo_agent_runner.py:85] Sampling 50000 steps by 12 slaves, spending 12.51 s.
[20260604 11:36:29 @multi_evo_agent_runner.py:94] Policy update, spending: 55.28 s.
[20260604 11:36:31 @multi_evo_agent_runner.py:99] Evaluation time: 1.55 s.
[20260604 11:36:31 @multi_evo_agent_runner.py:105] Total time:     947.96 min
[20260604 11:36:31 @multi_evo_agent_runner.py:115] Agent_0 gets eval reward: -763.60.
[20260604 11:36:31 @multi_evo_agent_runner.py:116] Agent_0 gets win rate: 0.05.
[20260604 11:36:31 @multi_evo_agent_runner.py:115] Agent_1 gets eval reward: -988.85.
[20260604 11:36:31 @multi_evo_agent_runner.py:116] Agent_1 gets win rate: 0.00.
[20260604 11:36:31 @multi_evo_agent_runner.py:79] #------------------------ Iteration 965 --------------------------#
[20260604 11:36:47 @multi_evo_agent_runner.py:85] Sampling 50000 steps by 12 slaves, spending 15.91 s.
[20260604 11:37:23 @multi_evo_agent_runner.py:94] Policy update, spending: 36.35 s.
[20260604 11:37:25 @multi_evo_agent_runner.py:99] Evaluation time: 2.00 s.
[20260604 11:37:25 @multi_evo_agent_runner.py:105] Total time:     948.87 min
[20260604 11:37:25 @multi_evo_agent_runner.py:115] Agent_0 gets eval reward: -392.99.
[20260604 11:37:25 @multi_evo_agent_runner.py:116] Agent_0 gets win rate: 0.24.
[20260604 11:37:25 @multi_evo_agent_runner.py:115] Agent_1 gets eval reward: -716.45.
[20260604 11:37:25 @multi_evo_agent_runner.py:116] Agent_1 gets win rate: 0.17.
[20260604 11:37:25 @multi_evo_agent_runner.py:79] #------------------------ Iteration 966 --------------------------#
[20260604 11:37:38 @multi_evo_agent_runner.py:85] Sampling 50000 steps by 12 slaves, spending 12.75 s.
[20260604 11:38:15 @multi_evo_agent_runner.py:94] Policy update, spending: 36.70 s.
[20260604 11:38:17 @multi_evo_agent_runner.py:99] Evaluation time: 1.92 s.
[20260604 11:38:17 @multi_evo_agent_runner.py:105] Total time:     949.73 min
[20260604 11:38:17 @multi_evo_agent_runner.py:115] Agent_0 gets eval reward: -188.77.
[20260604 11:38:17 @multi_evo_agent_runner.py:116] Agent_0 gets win rate: 0.26.
[20260604 11:38:17 @multi_evo_agent_runner.py:115] Agent_1 gets eval reward: -1112.28.
[20260604 11:38:17 @multi_evo_agent_runner.py:116] Agent_1 gets win rate: 0.04.
[20260604 11:38:17 @multi_evo_agent_runner.py:79] #------------------------ Iteration 967 --------------------------#
[20260604 11:38:31 @multi_evo_agent_runner.py:85] Sampling 50000 steps by 12 slaves, spending 13.87 s.
[20260604 11:39:09 @multi_evo_agent_runner.py:94] Policy update, spending: 38.10 s.
[20260604 11:39:11 @multi_evo_agent_runner.py:99] Evaluation time: 1.92 s.
[20260604 11:39:11 @multi_evo_agent_runner.py:105] Total time:     950.63 min
[20260604 11:39:11 @multi_evo_agent_runner.py:115] Agent_0 gets eval reward: -314.23.
[20260604 11:39:11 @multi_evo_agent_runner.py:116] Agent_0 gets win rate: 0.22.
[20260604 11:39:11 @multi_evo_agent_runner.py:115] Agent_1 gets eval reward: -1042.83.
[20260604 11:39:11 @multi_evo_agent_runner.py:116] Agent_1 gets win rate: 0.04.
[20260604 11:39:11 @multi_evo_agent_runner.py:79] #------------------------ Iteration 968 --------------------------#
[20260604 11:39:25 @multi_evo_agent_runner.py:85] Sampling 50000 steps by 12 slaves, spending 14.16 s.
[20260604 11:40:02 @multi_evo_agent_runner.py:94] Policy update, spending: 37.00 s.
[20260604 11:40:04 @multi_evo_agent_runner.py:99] Evaluation time: 2.02 s.
[20260604 11:40:04 @multi_evo_agent_runner.py:105] Total time:     951.52 min
[20260604 11:40:04 @multi_evo_agent_runner.py:115] Agent_0 gets eval reward: -157.17.
[20260604 11:40:04 @multi_evo_agent_runner.py:116] Agent_0 gets win rate: 0.33.
[20260604 11:40:04 @multi_evo_agent_runner.py:115] Agent_1 gets eval reward: -714.80.
[20260604 11:40:04 @multi_evo_agent_runner.py:116] Agent_1 gets win rate: 0.20.
[20260604 11:40:04 @multi_evo_agent_runner.py:79] #------------------------ Iteration 969 --------------------------#
[20260604 11:40:18 @multi_evo_agent_runner.py:85] Sampling 50000 steps by 12 slaves, spending 13.94 s.
[20260604 11:40:59 @multi_evo_agent_runner.py:94] Policy update, spending: 41.20 s.
[20260604 11:41:01 @multi_evo_agent_runner.py:99] Evaluation time: 1.85 s.
[20260604 11:41:01 @multi_evo_agent_runner.py:105] Total time:     952.47 min
[20260604 11:41:01 @multi_evo_agent_runner.py:115] Agent_0 gets eval reward: -635.15.
[20260604 11:41:01 @multi_evo_agent_runner.py:116] Agent_0 gets win rate: 0.15.
[20260604 11:41:01 @multi_evo_agent_runner.py:115] Agent_1 gets eval reward: -677.03.
[20260604 11:41:01 @multi_evo_agent_runner.py:116] Agent_1 gets win rate: 0.15.
[20260604 11:41:01 @multi_evo_agent_runner.py:79] #------------------------ Iteration 970 --------------------------#
[20260604 11:41:15 @multi_evo_agent_runner.py:85] Sampling 50000 steps by 12 slaves, spending 13.22 s.
[20260604 11:41:52 @multi_evo_agent_runner.py:94] Policy update, spending: 37.78 s.
[20260604 11:41:55 @multi_evo_agent_runner.py:99] Evaluation time: 2.53 s.
[20260604 11:41:55 @multi_evo_agent_runner.py:105] Total time:     953.37 min
[20260604 11:41:55 @multi_evo_agent_runner.py:115] Agent_0 gets eval reward: -575.39.
[20260604 11:41:55 @multi_evo_agent_runner.py:116] Agent_0 gets win rate: 0.13.
[20260604 11:41:55 @multi_evo_agent_runner.py:115] Agent_1 gets eval reward: -973.01.
[20260604 11:41:55 @multi_evo_agent_runner.py:116] Agent_1 gets win rate: 0.04.
[20260604 11:41:55 @multi_evo_agent_runner.py:79] #------------------------ Iteration 971 --------------------------#
[20260604 11:42:09 @multi_evo_agent_runner.py:85] Sampling 50000 steps by 12 slaves, spending 13.71 s.
[20260604 11:42:47 @multi_evo_agent_runner.py:94] Policy update, spending: 38.37 s.
[20260604 11:42:49 @multi_evo_agent_runner.py:99] Evaluation time: 2.12 s.
[20260604 11:42:49 @multi_evo_agent_runner.py:105] Total time:     954.27 min
[20260604 11:42:49 @multi_evo_agent_runner.py:115] Agent_0 gets eval reward: -183.15.
[20260604 11:42:49 @multi_evo_agent_runner.py:116] Agent_0 gets win rate: 0.29.
[20260604 11:42:49 @multi_evo_agent_runner.py:115] Agent_1 gets eval reward: -983.49.
[20260604 11:42:49 @multi_evo_agent_runner.py:116] Agent_1 gets win rate: 0.10.
[20260604 11:42:50 @multi_evo_agent_runner.py:79] #------------------------ Iteration 972 --------------------------#
[20260604 11:43:06 @multi_evo_agent_runner.py:85] Sampling 50000 steps by 12 slaves, spending 16.11 s.
[20260604 11:43:43 @multi_evo_agent_runner.py:94] Policy update, spending: 36.85 s.
[20260604 11:43:44 @multi_evo_agent_runner.py:99] Evaluation time: 1.61 s.
[20260604 11:43:44 @multi_evo_agent_runner.py:105] Total time:     955.19 min
[20260604 11:43:44 @multi_evo_agent_runner.py:115] Agent_0 gets eval reward: -778.39.
[20260604 11:43:44 @multi_evo_agent_runner.py:116] Agent_0 gets win rate: 0.05.
[20260604 11:43:44 @multi_evo_agent_runner.py:115] Agent_1 gets eval reward: -1028.51.
[20260604 11:43:44 @multi_evo_agent_runner.py:116] Agent_1 gets win rate: 0.00.
[20260604 11:43:44 @multi_evo_agent_runner.py:79] #------------------------ Iteration 973 --------------------------#
[20260604 11:43:57 @multi_evo_agent_runner.py:85] Sampling 50000 steps by 12 slaves, spending 12.41 s.
[20260604 11:44:38 @multi_evo_agent_runner.py:94] Policy update, spending: 41.73 s.
[20260604 11:44:41 @multi_evo_agent_runner.py:99] Evaluation time: 2.44 s.
[20260604 11:44:41 @multi_evo_agent_runner.py:105] Total time:     956.13 min
[20260604 11:44:41 @multi_evo_agent_runner.py:115] Agent_0 gets eval reward: -478.33.
[20260604 11:44:41 @multi_evo_agent_runner.py:116] Agent_0 gets win rate: 0.19.
[20260604 11:44:41 @multi_evo_agent_runner.py:115] Agent_1 gets eval reward: -954.97.
[20260604 11:44:41 @multi_evo_agent_runner.py:116] Agent_1 gets win rate: 0.07.
[20260604 11:44:41 @multi_evo_agent_runner.py:79] #------------------------ Iteration 974 --------------------------#
[20260604 11:44:55 @multi_evo_agent_runner.py:85] Sampling 50000 steps by 12 slaves, spending 14.12 s.
[20260604 11:45:43 @multi_evo_agent_runner.py:94] Policy update, spending: 47.41 s.
[20260604 11:45:46 @multi_evo_agent_runner.py:99] Evaluation time: 2.95 s.
[20260604 11:45:46 @multi_evo_agent_runner.py:105] Total time:     957.21 min
[20260604 11:45:46 @multi_evo_agent_runner.py:115] Agent_0 gets eval reward: -679.50.
[20260604 11:45:46 @multi_evo_agent_runner.py:116] Agent_0 gets win rate: 0.12.
[20260604 11:45:46 @multi_evo_agent_runner.py:115] Agent_1 gets eval reward: -711.22.
[20260604 11:45:46 @multi_evo_agent_runner.py:116] Agent_1 gets win rate: 0.16.
[20260604 11:45:46 @multi_evo_agent_runner.py:79] #------------------------ Iteration 975 --------------------------#
[20260604 11:46:01 @multi_evo_agent_runner.py:85] Sampling 50000 steps by 12 slaves, spending 15.65 s.
[20260604 11:47:03 @multi_evo_agent_runner.py:94] Policy update, spending: 61.82 s.
[20260604 11:47:05 @multi_evo_agent_runner.py:99] Evaluation time: 2.22 s.
[20260604 11:47:05 @multi_evo_agent_runner.py:105] Total time:     958.54 min
[20260604 11:47:06 @multi_evo_agent_runner.py:115] Agent_0 gets eval reward: -659.92.
[20260604 11:47:06 @multi_evo_agent_runner.py:116] Agent_0 gets win rate: 0.12.
[20260604 11:47:06 @multi_evo_agent_runner.py:115] Agent_1 gets eval reward: -860.92.
[20260604 11:47:06 @multi_evo_agent_runner.py:116] Agent_1 gets win rate: 0.08.
[20260604 11:47:06 @multi_evo_agent_runner.py:79] #------------------------ Iteration 976 --------------------------#
[20260604 11:47:25 @multi_evo_agent_runner.py:85] Sampling 50000 steps by 12 slaves, spending 19.02 s.
[20260604 11:48:09 @multi_evo_agent_runner.py:94] Policy update, spending: 44.22 s.
[20260604 11:48:11 @multi_evo_agent_runner.py:99] Evaluation time: 1.98 s.
[20260604 11:48:11 @multi_evo_agent_runner.py:105] Total time:     959.63 min
[20260604 11:48:11 @multi_evo_agent_runner.py:115] Agent_0 gets eval reward: -478.74.
[20260604 11:48:11 @multi_evo_agent_runner.py:116] Agent_0 gets win rate: 0.17.
[20260604 11:48:11 @multi_evo_agent_runner.py:115] Agent_1 gets eval reward: -1003.16.
[20260604 11:48:11 @multi_evo_agent_runner.py:116] Agent_1 gets win rate: 0.04.
[20260604 11:48:11 @multi_evo_agent_runner.py:79] #------------------------ Iteration 977 --------------------------#
[20260604 11:48:26 @multi_evo_agent_runner.py:85] Sampling 50000 steps by 12 slaves, spending 14.60 s.
[20260604 11:49:14 @multi_evo_agent_runner.py:94] Policy update, spending: 48.40 s.
[20260604 11:49:16 @multi_evo_agent_runner.py:99] Evaluation time: 1.90 s.
[20260604 11:49:16 @multi_evo_agent_runner.py:105] Total time:     960.72 min
[20260604 11:49:16 @multi_evo_agent_runner.py:115] Agent_0 gets eval reward: -431.18.
[20260604 11:49:16 @multi_evo_agent_runner.py:116] Agent_0 gets win rate: 0.17.
[20260604 11:49:16 @multi_evo_agent_runner.py:115] Agent_1 gets eval reward: -1161.06.
[20260604 11:49:16 @multi_evo_agent_runner.py:116] Agent_1 gets win rate: 0.00.
[20260604 11:49:16 @multi_evo_agent_runner.py:79] #------------------------ Iteration 978 --------------------------#
[20260604 11:49:30 @multi_evo_agent_runner.py:85] Sampling 50000 steps by 12 slaves, spending 13.67 s.
[20260604 11:50:18 @multi_evo_agent_runner.py:94] Policy update, spending: 47.76 s.
[20260604 11:50:21 @multi_evo_agent_runner.py:99] Evaluation time: 3.43 s.
[20260604 11:50:21 @multi_evo_agent_runner.py:105] Total time:     961.80 min
[20260604 11:50:21 @multi_evo_agent_runner.py:115] Agent_0 gets eval reward: -383.44.
[20260604 11:50:21 @multi_evo_agent_runner.py:116] Agent_0 gets win rate: 0.24.
[20260604 11:50:21 @multi_evo_agent_runner.py:115] Agent_1 gets eval reward: -814.96.
[20260604 11:50:21 @multi_evo_agent_runner.py:116] Agent_1 gets win rate: 0.14.
[20260604 11:50:21 @multi_evo_agent_runner.py:79] #------------------------ Iteration 979 --------------------------#
[20260604 11:50:37 @multi_evo_agent_runner.py:85] Sampling 50000 steps by 12 slaves, spending 15.23 s.
[20260604 11:51:33 @multi_evo_agent_runner.py:94] Policy update, spending: 56.65 s.
[20260604 11:51:36 @multi_evo_agent_runner.py:99] Evaluation time: 2.52 s.
[20260604 11:51:36 @multi_evo_agent_runner.py:105] Total time:     963.05 min
[20260604 11:51:36 @multi_evo_agent_runner.py:115] Agent_0 gets eval reward: -614.30.
[20260604 11:51:36 @multi_evo_agent_runner.py:116] Agent_0 gets win rate: 0.16.
[20260604 11:51:36 @multi_evo_agent_runner.py:115] Agent_1 gets eval reward: -948.55.
[20260604 11:51:36 @multi_evo_agent_runner.py:116] Agent_1 gets win rate: 0.04.
[20260604 11:51:36 @multi_evo_agent_runner.py:79] #------------------------ Iteration 980 --------------------------#
[20260604 11:51:53 @multi_evo_agent_runner.py:85] Sampling 50000 steps by 12 slaves, spending 17.25 s.
[20260604 11:52:37 @multi_evo_agent_runner.py:94] Policy update, spending: 44.05 s.
[20260604 11:52:39 @multi_evo_agent_runner.py:99] Evaluation time: 1.90 s.
[20260604 11:52:39 @multi_evo_agent_runner.py:105] Total time:     964.10 min
[20260604 11:52:39 @multi_evo_agent_runner.py:115] Agent_0 gets eval reward: -729.23.
[20260604 11:52:39 @multi_evo_agent_runner.py:116] Agent_0 gets win rate: 0.12.
[20260604 11:52:39 @multi_evo_agent_runner.py:115] Agent_1 gets eval reward: -746.67.
[20260604 11:52:39 @multi_evo_agent_runner.py:116] Agent_1 gets win rate: 0.12.
[20260604 11:52:39 @multi_evo_agent_runner.py:79] #------------------------ Iteration 981 --------------------------#
[20260604 11:52:57 @multi_evo_agent_runner.py:85] Sampling 50000 steps by 12 slaves, spending 17.16 s.
[20260604 11:53:42 @multi_evo_agent_runner.py:94] Policy update, spending: 45.82 s.
[20260604 11:53:44 @multi_evo_agent_runner.py:99] Evaluation time: 1.89 s.
[20260604 11:53:44 @multi_evo_agent_runner.py:105] Total time:     965.19 min
[20260604 11:53:44 @multi_evo_agent_runner.py:115] Agent_0 gets eval reward: -218.48.
[20260604 11:53:44 @multi_evo_agent_runner.py:116] Agent_0 gets win rate: 0.29.
[20260604 11:53:44 @multi_evo_agent_runner.py:115] Agent_1 gets eval reward: -1066.53.
[20260604 11:53:44 @multi_evo_agent_runner.py:116] Agent_1 gets win rate: 0.04.
[20260604 11:53:44 @multi_evo_agent_runner.py:79] #------------------------ Iteration 982 --------------------------#
[20260604 11:53:59 @multi_evo_agent_runner.py:85] Sampling 50000 steps by 12 slaves, spending 14.69 s.
[20260604 11:54:47 @multi_evo_agent_runner.py:94] Policy update, spending: 48.26 s.
[20260604 11:54:50 @multi_evo_agent_runner.py:99] Evaluation time: 2.14 s.
[20260604 11:54:50 @multi_evo_agent_runner.py:105] Total time:     966.28 min
[20260604 11:54:50 @multi_evo_agent_runner.py:115] Agent_0 gets eval reward: -883.63.
[20260604 11:54:50 @multi_evo_agent_runner.py:116] Agent_0 gets win rate: 0.08.
[20260604 11:54:50 @multi_evo_agent_runner.py:115] Agent_1 gets eval reward: -590.84.
[20260604 11:54:50 @multi_evo_agent_runner.py:116] Agent_1 gets win rate: 0.16.
[20260604 11:54:50 @multi_evo_agent_runner.py:79] #------------------------ Iteration 983 --------------------------#
[20260604 11:55:04 @multi_evo_agent_runner.py:85] Sampling 50000 steps by 12 slaves, spending 14.00 s.
[20260604 11:55:53 @multi_evo_agent_runner.py:94] Policy update, spending: 49.22 s.
[20260604 11:55:55 @multi_evo_agent_runner.py:99] Evaluation time: 1.92 s.
[20260604 11:55:55 @multi_evo_agent_runner.py:105] Total time:     967.36 min
[20260604 11:55:55 @multi_evo_agent_runner.py:115] Agent_0 gets eval reward: -469.89.
[20260604 11:55:55 @multi_evo_agent_runner.py:116] Agent_0 gets win rate: 0.17.
[20260604 11:55:55 @multi_evo_agent_runner.py:115] Agent_1 gets eval reward: -1151.29.
[20260604 11:55:55 @multi_evo_agent_runner.py:116] Agent_1 gets win rate: 0.00.
[20260604 11:55:55 @multi_evo_agent_runner.py:79] #------------------------ Iteration 984 --------------------------#
[20260604 11:56:14 @multi_evo_agent_runner.py:85] Sampling 50000 steps by 12 slaves, spending 19.12 s.
[20260604 11:56:58 @multi_evo_agent_runner.py:94] Policy update, spending: 43.95 s.
[20260604 11:57:00 @multi_evo_agent_runner.py:99] Evaluation time: 2.05 s.
[20260604 11:57:00 @multi_evo_agent_runner.py:105] Total time:     968.45 min
[20260604 11:57:00 @multi_evo_agent_runner.py:115] Agent_0 gets eval reward: -834.98.
[20260604 11:57:00 @multi_evo_agent_runner.py:116] Agent_0 gets win rate: 0.13.
[20260604 11:57:00 @multi_evo_agent_runner.py:115] Agent_1 gets eval reward: -332.64.
[20260604 11:57:00 @multi_evo_agent_runner.py:116] Agent_1 gets win rate: 0.27.
[20260604 11:57:00 @multi_evo_agent_runner.py:79] #------------------------ Iteration 985 --------------------------#
[20260604 11:57:15 @multi_evo_agent_runner.py:85] Sampling 50000 steps by 12 slaves, spending 14.59 s.
[20260604 11:58:06 @multi_evo_agent_runner.py:94] Policy update, spending: 51.13 s.
[20260604 11:58:08 @multi_evo_agent_runner.py:99] Evaluation time: 2.10 s.
[20260604 11:58:08 @multi_evo_agent_runner.py:105] Total time:     969.59 min
[20260604 11:58:08 @multi_evo_agent_runner.py:115] Agent_0 gets eval reward: -622.22.
[20260604 11:58:08 @multi_evo_agent_runner.py:116] Agent_0 gets win rate: 0.15.
[20260604 11:58:08 @multi_evo_agent_runner.py:115] Agent_1 gets eval reward: -805.36.
[20260604 11:58:08 @multi_evo_agent_runner.py:116] Agent_1 gets win rate: 0.12.
[20260604 11:58:08 @multi_evo_agent_runner.py:79] #------------------------ Iteration 986 --------------------------#
[20260604 11:58:22 @multi_evo_agent_runner.py:85] Sampling 50000 steps by 12 slaves, spending 14.09 s.
[20260604 11:59:10 @multi_evo_agent_runner.py:94] Policy update, spending: 47.19 s.
[20260604 11:59:12 @multi_evo_agent_runner.py:99] Evaluation time: 2.23 s.
[20260604 11:59:12 @multi_evo_agent_runner.py:105] Total time:     970.65 min
[20260604 11:59:12 @multi_evo_agent_runner.py:115] Agent_0 gets eval reward: -331.56.
[20260604 11:59:12 @multi_evo_agent_runner.py:116] Agent_0 gets win rate: 0.24.
[20260604 11:59:12 @multi_evo_agent_runner.py:115] Agent_1 gets eval reward: -990.42.
[20260604 11:59:12 @multi_evo_agent_runner.py:116] Agent_1 gets win rate: 0.08.
[20260604 11:59:12 @multi_evo_agent_runner.py:79] #------------------------ Iteration 987 --------------------------#
[20260604 11:59:26 @multi_evo_agent_runner.py:85] Sampling 50000 steps by 12 slaves, spending 14.15 s.
[20260604 12:00:27 @multi_evo_agent_runner.py:94] Policy update, spending: 60.46 s.
[20260604 12:00:28 @multi_evo_agent_runner.py:99] Evaluation time: 1.80 s.
[20260604 12:00:28 @multi_evo_agent_runner.py:105] Total time:     971.93 min
[20260604 12:00:29 @multi_evo_agent_runner.py:115] Agent_0 gets eval reward: -930.07.
[20260604 12:00:29 @multi_evo_agent_runner.py:116] Agent_0 gets win rate: 0.05.
[20260604 12:00:29 @multi_evo_agent_runner.py:115] Agent_1 gets eval reward: -762.43.
[20260604 12:00:29 @multi_evo_agent_runner.py:116] Agent_1 gets win rate: 0.09.
[20260604 12:00:29 @multi_evo_agent_runner.py:79] #------------------------ Iteration 988 --------------------------#
[20260604 12:00:46 @multi_evo_agent_runner.py:85] Sampling 50000 steps by 12 slaves, spending 17.53 s.
[20260604 12:01:29 @multi_evo_agent_runner.py:94] Policy update, spending: 42.73 s.
[20260604 12:01:31 @multi_evo_agent_runner.py:99] Evaluation time: 2.01 s.
[20260604 12:01:31 @multi_evo_agent_runner.py:105] Total time:     972.97 min
[20260604 12:01:31 @multi_evo_agent_runner.py:115] Agent_0 gets eval reward: -752.49.
[20260604 12:01:31 @multi_evo_agent_runner.py:116] Agent_0 gets win rate: 0.12.
[20260604 12:01:31 @multi_evo_agent_runner.py:115] Agent_1 gets eval reward: -761.55.
[20260604 12:01:31 @multi_evo_agent_runner.py:116] Agent_1 gets win rate: 0.12.
[20260604 12:01:31 @multi_evo_agent_runner.py:79] #------------------------ Iteration 989 --------------------------#
[20260604 12:01:46 @multi_evo_agent_runner.py:85] Sampling 50000 steps by 12 slaves, spending 14.89 s.
[20260604 12:02:30 @multi_evo_agent_runner.py:94] Policy update, spending: 43.93 s.
[20260604 12:02:32 @multi_evo_agent_runner.py:99] Evaluation time: 1.95 s.
[20260604 12:02:32 @multi_evo_agent_runner.py:105] Total time:     973.98 min
[20260604 12:02:32 @multi_evo_agent_runner.py:115] Agent_0 gets eval reward: -706.07.
[20260604 12:02:32 @multi_evo_agent_runner.py:116] Agent_0 gets win rate: 0.09.
[20260604 12:02:32 @multi_evo_agent_runner.py:115] Agent_1 gets eval reward: -1083.84.
[20260604 12:02:32 @multi_evo_agent_runner.py:116] Agent_1 gets win rate: 0.00.
[20260604 12:02:32 @multi_evo_agent_runner.py:79] #------------------------ Iteration 990 --------------------------#
[20260604 12:02:47 @multi_evo_agent_runner.py:85] Sampling 50000 steps by 12 slaves, spending 14.49 s.
[20260604 12:03:33 @multi_evo_agent_runner.py:94] Policy update, spending: 45.93 s.
[20260604 12:03:35 @multi_evo_agent_runner.py:99] Evaluation time: 2.29 s.
[20260604 12:03:35 @multi_evo_agent_runner.py:105] Total time:     975.03 min
[20260604 12:03:35 @multi_evo_agent_runner.py:115] Agent_0 gets eval reward: -613.78.
[20260604 12:03:35 @multi_evo_agent_runner.py:116] Agent_0 gets win rate: 0.09.
[20260604 12:03:35 @multi_evo_agent_runner.py:115] Agent_1 gets eval reward: -1174.52.
[20260604 12:03:35 @multi_evo_agent_runner.py:116] Agent_1 gets win rate: 0.00.
[20260604 12:03:35 @multi_evo_agent_runner.py:79] #------------------------ Iteration 991 --------------------------#
[20260604 12:03:50 @multi_evo_agent_runner.py:85] Sampling 50000 steps by 12 slaves, spending 15.30 s.
[20260604 12:04:48 @multi_evo_agent_runner.py:94] Policy update, spending: 57.88 s.
[20260604 12:04:50 @multi_evo_agent_runner.py:99] Evaluation time: 2.14 s.
[20260604 12:04:50 @multi_evo_agent_runner.py:105] Total time:     976.29 min
[20260604 12:04:50 @multi_evo_agent_runner.py:115] Agent_0 gets eval reward: -543.40.
[20260604 12:04:50 @multi_evo_agent_runner.py:116] Agent_0 gets win rate: 0.16.
[20260604 12:04:50 @multi_evo_agent_runner.py:115] Agent_1 gets eval reward: -1035.26.
[20260604 12:04:50 @multi_evo_agent_runner.py:116] Agent_1 gets win rate: 0.04.
[20260604 12:04:51 @multi_evo_agent_runner.py:79] #------------------------ Iteration 992 --------------------------#
[20260604 12:05:08 @multi_evo_agent_runner.py:85] Sampling 50000 steps by 12 slaves, spending 17.84 s.
[20260604 12:05:52 @multi_evo_agent_runner.py:94] Policy update, spending: 43.29 s.
[20260604 12:05:54 @multi_evo_agent_runner.py:99] Evaluation time: 2.09 s.
[20260604 12:05:54 @multi_evo_agent_runner.py:105] Total time:     977.35 min
[20260604 12:05:54 @multi_evo_agent_runner.py:115] Agent_0 gets eval reward: -402.80.
[20260604 12:05:54 @multi_evo_agent_runner.py:116] Agent_0 gets win rate: 0.21.
[20260604 12:05:54 @multi_evo_agent_runner.py:115] Agent_1 gets eval reward: -1074.56.
[20260604 12:05:54 @multi_evo_agent_runner.py:116] Agent_1 gets win rate: 0.04.
[20260604 12:05:54 @multi_evo_agent_runner.py:79] #------------------------ Iteration 993 --------------------------#
[20260604 12:06:08 @multi_evo_agent_runner.py:85] Sampling 50000 steps by 12 slaves, spending 13.95 s.
[20260604 12:06:51 @multi_evo_agent_runner.py:94] Policy update, spending: 43.28 s.
[20260604 12:06:53 @multi_evo_agent_runner.py:99] Evaluation time: 2.09 s.
[20260604 12:06:53 @multi_evo_agent_runner.py:105] Total time:     978.34 min
[20260604 12:06:53 @multi_evo_agent_runner.py:115] Agent_0 gets eval reward: -713.09.
[20260604 12:06:53 @multi_evo_agent_runner.py:116] Agent_0 gets win rate: 0.09.
[20260604 12:06:53 @multi_evo_agent_runner.py:115] Agent_1 gets eval reward: -1084.52.
[20260604 12:06:53 @multi_evo_agent_runner.py:116] Agent_1 gets win rate: 0.00.
[20260604 12:06:53 @multi_evo_agent_runner.py:79] #------------------------ Iteration 994 --------------------------#
[20260604 12:07:08 @multi_evo_agent_runner.py:85] Sampling 50000 steps by 12 slaves, spending 14.53 s.
[20260604 12:08:00 @multi_evo_agent_runner.py:94] Policy update, spending: 52.43 s.
[20260604 12:08:03 @multi_evo_agent_runner.py:99] Evaluation time: 2.51 s.
[20260604 12:08:03 @multi_evo_agent_runner.py:105] Total time:     979.50 min
[20260604 12:08:03 @multi_evo_agent_runner.py:115] Agent_0 gets eval reward: -814.26.
[20260604 12:08:03 @multi_evo_agent_runner.py:116] Agent_0 gets win rate: 0.09.
[20260604 12:08:03 @multi_evo_agent_runner.py:115] Agent_1 gets eval reward: -822.06.
[20260604 12:08:03 @multi_evo_agent_runner.py:116] Agent_1 gets win rate: 0.09.
[20260604 12:08:03 @multi_evo_agent_runner.py:79] #------------------------ Iteration 995 --------------------------#
[20260604 12:08:20 @multi_evo_agent_runner.py:85] Sampling 50000 steps by 12 slaves, spending 16.91 s.
[20260604 12:09:04 @multi_evo_agent_runner.py:94] Policy update, spending: 44.39 s.
[20260604 12:09:07 @multi_evo_agent_runner.py:99] Evaluation time: 2.15 s.
[20260604 12:09:07 @multi_evo_agent_runner.py:105] Total time:     980.56 min
[20260604 12:09:07 @multi_evo_agent_runner.py:115] Agent_0 gets eval reward: -740.34.
[20260604 12:09:07 @multi_evo_agent_runner.py:116] Agent_0 gets win rate: 0.12.
[20260604 12:09:07 @multi_evo_agent_runner.py:115] Agent_1 gets eval reward: -911.29.
[20260604 12:09:07 @multi_evo_agent_runner.py:116] Agent_1 gets win rate: 0.04.
[20260604 12:09:07 @multi_evo_agent_runner.py:79] #------------------------ Iteration 996 --------------------------#
[20260604 12:09:20 @multi_evo_agent_runner.py:85] Sampling 50000 steps by 12 slaves, spending 13.41 s.
[20260604 12:10:04 @multi_evo_agent_runner.py:94] Policy update, spending: 44.02 s.
[20260604 12:10:06 @multi_evo_agent_runner.py:99] Evaluation time: 1.70 s.
[20260604 12:10:06 @multi_evo_agent_runner.py:105] Total time:     981.55 min
[20260604 12:10:06 @multi_evo_agent_runner.py:115] Agent_0 gets eval reward: -685.15.
[20260604 12:10:06 @multi_evo_agent_runner.py:116] Agent_0 gets win rate: 0.13.
[20260604 12:10:06 @multi_evo_agent_runner.py:115] Agent_1 gets eval reward: -864.96.
[20260604 12:10:06 @multi_evo_agent_runner.py:116] Agent_1 gets win rate: 0.09.
[20260604 12:10:06 @multi_evo_agent_runner.py:79] #------------------------ Iteration 997 --------------------------#
[20260604 12:10:21 @multi_evo_agent_runner.py:85] Sampling 50000 steps by 12 slaves, spending 15.00 s.
[20260604 12:11:14 @multi_evo_agent_runner.py:94] Policy update, spending: 52.66 s.
[20260604 12:11:16 @multi_evo_agent_runner.py:99] Evaluation time: 2.41 s.
[20260604 12:11:16 @multi_evo_agent_runner.py:105] Total time:     982.72 min
[20260604 12:11:16 @multi_evo_agent_runner.py:115] Agent_0 gets eval reward: -515.02.
[20260604 12:11:16 @multi_evo_agent_runner.py:116] Agent_0 gets win rate: 0.20.
[20260604 12:11:16 @multi_evo_agent_runner.py:115] Agent_1 gets eval reward: -838.56.
[20260604 12:11:16 @multi_evo_agent_runner.py:116] Agent_1 gets win rate: 0.12.
[20260604 12:11:16 @multi_evo_agent_runner.py:79] #------------------------ Iteration 998 --------------------------#
[20260604 12:11:34 @multi_evo_agent_runner.py:85] Sampling 50000 steps by 12 slaves, spending 17.77 s.
[20260604 12:12:19 @multi_evo_agent_runner.py:94] Policy update, spending: 44.45 s.
[20260604 12:12:21 @multi_evo_agent_runner.py:99] Evaluation time: 2.03 s.
[20260604 12:12:21 @multi_evo_agent_runner.py:105] Total time:     983.80 min
[20260604 12:12:21 @multi_evo_agent_runner.py:115] Agent_0 gets eval reward: -812.56.
[20260604 12:12:21 @multi_evo_agent_runner.py:116] Agent_0 gets win rate: 0.15.
[20260604 12:12:21 @multi_evo_agent_runner.py:115] Agent_1 gets eval reward: -370.56.
[20260604 12:12:21 @multi_evo_agent_runner.py:116] Agent_1 gets win rate: 0.26.
[20260604 12:12:21 @multi_evo_agent_runner.py:79] #------------------------ Iteration 999 --------------------------#
[20260604 12:12:36 @multi_evo_agent_runner.py:85] Sampling 50000 steps by 12 slaves, spending 14.72 s.
[20260604 12:13:20 @multi_evo_agent_runner.py:94] Policy update, spending: 44.77 s.
[20260604 12:13:22 @multi_evo_agent_runner.py:99] Evaluation time: 1.99 s.
[20260604 12:13:22 @multi_evo_agent_runner.py:105] Total time:     984.82 min
[20260604 12:13:23 @multi_evo_agent_runner.py:115] Agent_0 gets eval reward: -1044.60.
[20260604 12:13:23 @multi_evo_agent_runner.py:116] Agent_0 gets win rate: 0.00.
[20260604 12:13:23 @multi_evo_agent_runner.py:115] Agent_1 gets eval reward: -856.63.
[20260604 12:13:23 @multi_evo_agent_runner.py:116] Agent_1 gets win rate: 0.05.
[20260604 12:13:23 @train.py:183] training done!
/home/user/Data/miniconda3/envs/EAI/lib/python3.11/site-packages/gymnasium/spaces/box.py:130: UserWarning: [33mWARN: Box bound precision lowered by casting to float32[0m
  gym.logger.warn(f"Box bound precision lowered by casting to {self.dtype}")
