[20260604 12:13:41 @logger.py:85] Hardware info: x86_64
[20260604 12:13:41 @logger.py:86] Device info: 15002
[20260604 12:13:41 @logger.py:87] Platform info: Linux-6.17.0-29-generic-x86_64-with-glibc2.39
[20260604 12:13:41 @logger.py:88] System info: Linux
[20260604 12:13:41 @logger.py:89] Current Python version: 3.11.15
[20260604 12:13:41 @train.py:133] CRITICAL The current environment is robo-sumo-devants-v0.
[20260604 12:13:41 @train.py:134] Running directory: ./tmp/robo-sumo-devants-v0/formal-parallel-20260603_1950-tp-morph-20260604_121341
[20260604 12:13:41 @train.py:135] Type of current running: Training
[20260604 12:13:41 @logger.py:113] Log file set to ./tmp/robo-sumo-devants-v0/formal-parallel-20260603_1950-tp-morph-20260604_121341/log/robo-sumo-devants-v0-20260604_121341.log
Config file is saved at ./tmp/robo-sumo-devants-v0/formal-parallel-20260603_1950-tp-morph-20260604_121341/config.yml
[20260604 12:13:41 @multi_evo_agent_runner.py:483] loading agent_0 model from checkpoint: tmp/robo-sumo-devants-v0/base-rtg-fixed-epoch100-20260603_183245/models/best.p
[20260604 12:13:41 @multi_evo_agent_runner.py:483] loading agent_1 model from checkpoint: tmp/robo-sumo-devants-v0/base-rtg-fixed-epoch100-20260603_183245/models/best.p
[20260604 12:13:41 @base_runner.py:68] Checkpoint tmp/robo-sumo-devants-v0/base-rtg-fixed-epoch100-20260603_183245/models/best.p copied successfully to ./tmp/robo-sumo-devants-v0/formal-parallel-20260603_1950-tp-morph-20260604_121341/models/agent_0/epoch_0000.p
[20260604 12:13:41 @base_runner.py:68] Checkpoint tmp/robo-sumo-devants-v0/base-rtg-fixed-epoch100-20260603_183245/models/best.p copied successfully to ./tmp/robo-sumo-devants-v0/formal-parallel-20260603_1950-tp-morph-20260604_121341/models/agent_1/epoch_0000.p
[20260604 12:13:41 @multi_evo_agent_runner.py:79] #------------------------ Iteration 0 --------------------------#
[20260604 12:13:57 @multi_evo_agent_runner.py:85] Sampling 50000 steps by 12 slaves, spending 15.63 s.
[20260604 12:14:47 @multi_evo_agent_runner.py:94] Policy update, spending: 50.29 s.
[20260604 12:14:50 @multi_evo_agent_runner.py:99] Evaluation time: 2.49 s.
[20260604 12:14:50 @multi_evo_agent_runner.py:105] Total time:       1.14 min
[20260604 12:14:50 @multi_evo_agent_runner.py:115] Agent_0 gets eval reward: 735.01.
[20260604 12:14:50 @multi_evo_agent_runner.py:116] Agent_0 gets win rate: 0.24.
[20260604 12:14:50 @multi_evo_agent_runner.py:115] Agent_1 gets eval reward: 127.96.
[20260604 12:14:50 @multi_evo_agent_runner.py:116] Agent_1 gets win rate: 0.32.
[20260604 12:14:50 @multi_evo_agent_runner.py:510] CRITICAL save best checkpoint with agent_0's rewards 735.01!
[20260604 12:14:50 @multi_evo_agent_runner.py:510] CRITICAL save best checkpoint with agent_1's rewards 127.96!
[20260604 12:14:50 @multi_evo_agent_runner.py:79] #------------------------ Iteration 1 --------------------------#
[20260604 12:15:05 @multi_evo_agent_runner.py:85] Sampling 50000 steps by 12 slaves, spending 14.93 s.
[20260604 12:16:07 @multi_evo_agent_runner.py:94] Policy update, spending: 62.14 s.
[20260604 12:16:09 @multi_evo_agent_runner.py:99] Evaluation time: 1.97 s.
[20260604 12:16:09 @multi_evo_agent_runner.py:105] Total time:       2.46 min
[20260604 12:16:09 @multi_evo_agent_runner.py:115] Agent_0 gets eval reward: 464.16.
[20260604 12:16:09 @multi_evo_agent_runner.py:116] Agent_0 gets win rate: 0.55.
[20260604 12:16:09 @multi_evo_agent_runner.py:115] Agent_1 gets eval reward: -72.50.
[20260604 12:16:09 @multi_evo_agent_runner.py:116] Agent_1 gets win rate: 0.24.
[20260604 12:16:09 @multi_evo_agent_runner.py:510] CRITICAL save best checkpoint with agent_0's rewards 464.16!
[20260604 12:16:09 @multi_evo_agent_runner.py:79] #------------------------ Iteration 2 --------------------------#
[20260604 12:16:23 @multi_evo_agent_runner.py:85] Sampling 50000 steps by 12 slaves, spending 14.05 s.
[20260604 12:17:17 @multi_evo_agent_runner.py:94] Policy update, spending: 53.48 s.
[20260604 12:17:19 @multi_evo_agent_runner.py:99] Evaluation time: 2.12 s.
[20260604 12:17:19 @multi_evo_agent_runner.py:105] Total time:       3.63 min
[20260604 12:17:19 @multi_evo_agent_runner.py:115] Agent_0 gets eval reward: 588.30.
[20260604 12:17:19 @multi_evo_agent_runner.py:116] Agent_0 gets win rate: 0.25.
[20260604 12:17:19 @multi_evo_agent_runner.py:115] Agent_1 gets eval reward: -47.78.
[20260604 12:17:19 @multi_evo_agent_runner.py:116] Agent_1 gets win rate: 0.11.
[20260604 12:17:19 @multi_evo_agent_runner.py:510] CRITICAL save best checkpoint with agent_0's rewards 588.30!
[20260604 12:17:19 @multi_evo_agent_runner.py:79] #------------------------ Iteration 3 --------------------------#
[20260604 12:17:34 @multi_evo_agent_runner.py:85] Sampling 50000 steps by 12 slaves, spending 14.70 s.
[20260604 12:18:34 @multi_evo_agent_runner.py:94] Policy update, spending: 60.24 s.
[20260604 12:18:36 @multi_evo_agent_runner.py:99] Evaluation time: 2.27 s.
[20260604 12:18:36 @multi_evo_agent_runner.py:105] Total time:       4.92 min
[20260604 12:18:36 @multi_evo_agent_runner.py:115] Agent_0 gets eval reward: 716.07.
[20260604 12:18:36 @multi_evo_agent_runner.py:116] Agent_0 gets win rate: 0.40.
[20260604 12:18:36 @multi_evo_agent_runner.py:115] Agent_1 gets eval reward: -232.29.
[20260604 12:18:36 @multi_evo_agent_runner.py:116] Agent_1 gets win rate: 0.33.
[20260604 12:18:36 @multi_evo_agent_runner.py:510] CRITICAL save best checkpoint with agent_0's rewards 716.07!
[20260604 12:18:36 @multi_evo_agent_runner.py:510] CRITICAL save best checkpoint with agent_1's rewards -232.29!
[20260604 12:18:36 @multi_evo_agent_runner.py:79] #------------------------ Iteration 4 --------------------------#
[20260604 12:18:51 @multi_evo_agent_runner.py:85] Sampling 50000 steps by 12 slaves, spending 14.52 s.
[20260604 12:19:43 @multi_evo_agent_runner.py:94] Policy update, spending: 51.93 s.
[20260604 12:19:46 @multi_evo_agent_runner.py:99] Evaluation time: 2.92 s.
[20260604 12:19:46 @multi_evo_agent_runner.py:105] Total time:       6.07 min
[20260604 12:19:46 @multi_evo_agent_runner.py:115] Agent_0 gets eval reward: 612.39.
[20260604 12:19:46 @multi_evo_agent_runner.py:116] Agent_0 gets win rate: 0.51.
[20260604 12:19:46 @multi_evo_agent_runner.py:115] Agent_1 gets eval reward: -180.50.
[20260604 12:19:46 @multi_evo_agent_runner.py:116] Agent_1 gets win rate: 0.09.
[20260604 12:19:46 @multi_evo_agent_runner.py:510] CRITICAL save best checkpoint with agent_0's rewards 612.39!
[20260604 12:19:46 @multi_evo_agent_runner.py:510] CRITICAL save best checkpoint with agent_1's rewards -180.50!
[20260604 12:19:46 @multi_evo_agent_runner.py:79] #------------------------ Iteration 5 --------------------------#
[20260604 12:20:00 @multi_evo_agent_runner.py:85] Sampling 50000 steps by 12 slaves, spending 13.81 s.
[20260604 12:20:56 @multi_evo_agent_runner.py:94] Policy update, spending: 56.33 s.
[20260604 12:20:58 @multi_evo_agent_runner.py:99] Evaluation time: 2.23 s.
[20260604 12:20:58 @multi_evo_agent_runner.py:105] Total time:       7.28 min
[20260604 12:20:58 @multi_evo_agent_runner.py:115] Agent_0 gets eval reward: 424.55.
[20260604 12:20:58 @multi_evo_agent_runner.py:116] Agent_0 gets win rate: 0.46.
[20260604 12:20:58 @multi_evo_agent_runner.py:115] Agent_1 gets eval reward: 162.65.
[20260604 12:20:58 @multi_evo_agent_runner.py:116] Agent_1 gets win rate: 0.24.
[20260604 12:20:58 @multi_evo_agent_runner.py:510] CRITICAL save best checkpoint with agent_1's rewards 162.65!
[20260604 12:20:58 @multi_evo_agent_runner.py:79] #------------------------ Iteration 6 --------------------------#
[20260604 12:21:14 @multi_evo_agent_runner.py:85] Sampling 50000 steps by 12 slaves, spending 15.32 s.
[20260604 12:22:17 @multi_evo_agent_runner.py:94] Policy update, spending: 63.38 s.
[20260604 12:22:20 @multi_evo_agent_runner.py:99] Evaluation time: 2.66 s.
[20260604 12:22:20 @multi_evo_agent_runner.py:105] Total time:       8.64 min
[20260604 12:22:20 @multi_evo_agent_runner.py:115] Agent_0 gets eval reward: 790.99.
[20260604 12:22:20 @multi_evo_agent_runner.py:116] Agent_0 gets win rate: 0.28.
[20260604 12:22:20 @multi_evo_agent_runner.py:115] Agent_1 gets eval reward: 116.06.
[20260604 12:22:20 @multi_evo_agent_runner.py:116] Agent_1 gets win rate: 0.14.
[20260604 12:22:20 @multi_evo_agent_runner.py:510] CRITICAL save best checkpoint with agent_0's rewards 790.99!
[20260604 12:22:20 @multi_evo_agent_runner.py:79] #------------------------ Iteration 7 --------------------------#
[20260604 12:22:37 @multi_evo_agent_runner.py:85] Sampling 50000 steps by 12 slaves, spending 17.33 s.
[20260604 12:23:43 @multi_evo_agent_runner.py:94] Policy update, spending: 65.61 s.
[20260604 12:23:45 @multi_evo_agent_runner.py:99] Evaluation time: 2.23 s.
[20260604 12:23:45 @multi_evo_agent_runner.py:105] Total time:      10.07 min
[20260604 12:23:45 @multi_evo_agent_runner.py:115] Agent_0 gets eval reward: 465.54.
[20260604 12:23:45 @multi_evo_agent_runner.py:116] Agent_0 gets win rate: 0.09.
[20260604 12:23:45 @multi_evo_agent_runner.py:115] Agent_1 gets eval reward: 161.59.
[20260604 12:23:45 @multi_evo_agent_runner.py:116] Agent_1 gets win rate: 0.09.
[20260604 12:23:45 @multi_evo_agent_runner.py:79] #------------------------ Iteration 8 --------------------------#
[20260604 12:23:59 @multi_evo_agent_runner.py:85] Sampling 50000 steps by 12 slaves, spending 13.18 s.
[20260604 12:24:49 @multi_evo_agent_runner.py:94] Policy update, spending: 50.83 s.
[20260604 12:24:52 @multi_evo_agent_runner.py:99] Evaluation time: 2.22 s.
[20260604 12:24:52 @multi_evo_agent_runner.py:105] Total time:      11.17 min
[20260604 12:24:52 @multi_evo_agent_runner.py:115] Agent_0 gets eval reward: 1009.65.
[20260604 12:24:52 @multi_evo_agent_runner.py:116] Agent_0 gets win rate: 0.30.
[20260604 12:24:52 @multi_evo_agent_runner.py:115] Agent_1 gets eval reward: 325.50.
[20260604 12:24:52 @multi_evo_agent_runner.py:116] Agent_1 gets win rate: 0.00.
[20260604 12:24:52 @multi_evo_agent_runner.py:510] CRITICAL save best checkpoint with agent_0's rewards 1009.65!
[20260604 12:24:52 @multi_evo_agent_runner.py:510] CRITICAL save best checkpoint with agent_1's rewards 325.50!
[20260604 12:24:52 @multi_evo_agent_runner.py:79] #------------------------ Iteration 9 --------------------------#
[20260604 12:25:06 @multi_evo_agent_runner.py:85] Sampling 50000 steps by 12 slaves, spending 14.41 s.
[20260604 12:26:01 @multi_evo_agent_runner.py:94] Policy update, spending: 54.49 s.
[20260604 12:26:03 @multi_evo_agent_runner.py:99] Evaluation time: 2.52 s.
[20260604 12:26:03 @multi_evo_agent_runner.py:105] Total time:      12.37 min
[20260604 12:26:03 @multi_evo_agent_runner.py:115] Agent_0 gets eval reward: 434.56.
[20260604 12:26:03 @multi_evo_agent_runner.py:116] Agent_0 gets win rate: 0.60.
[20260604 12:26:03 @multi_evo_agent_runner.py:115] Agent_1 gets eval reward: 34.15.
[20260604 12:26:03 @multi_evo_agent_runner.py:116] Agent_1 gets win rate: 0.15.
[20260604 12:26:03 @multi_evo_agent_runner.py:510] CRITICAL save best checkpoint with agent_0's rewards 434.56!
[20260604 12:26:03 @multi_evo_agent_runner.py:510] CRITICAL save best checkpoint with agent_1's rewards 34.15!
[20260604 12:26:04 @multi_evo_agent_runner.py:79] #------------------------ Iteration 10 --------------------------#
[20260604 12:26:18 @multi_evo_agent_runner.py:85] Sampling 50000 steps by 12 slaves, spending 14.27 s.
[20260604 12:27:11 @multi_evo_agent_runner.py:94] Policy update, spending: 53.30 s.
[20260604 12:27:13 @multi_evo_agent_runner.py:99] Evaluation time: 2.21 s.
[20260604 12:27:13 @multi_evo_agent_runner.py:105] Total time:      13.54 min
[20260604 12:27:13 @multi_evo_agent_runner.py:115] Agent_0 gets eval reward: 1028.75.
[20260604 12:27:13 @multi_evo_agent_runner.py:116] Agent_0 gets win rate: 0.28.
[20260604 12:27:13 @multi_evo_agent_runner.py:115] Agent_1 gets eval reward: -1.19.
[20260604 12:27:13 @multi_evo_agent_runner.py:116] Agent_1 gets win rate: 0.42.
[20260604 12:27:13 @multi_evo_agent_runner.py:510] CRITICAL save best checkpoint with agent_0's rewards 1028.75!
[20260604 12:27:13 @multi_evo_agent_runner.py:510] CRITICAL save best checkpoint with agent_1's rewards -1.19!
[20260604 12:27:14 @multi_evo_agent_runner.py:79] #------------------------ Iteration 11 --------------------------#
[20260604 12:27:28 @multi_evo_agent_runner.py:85] Sampling 50000 steps by 12 slaves, spending 14.38 s.
[20260604 12:28:20 @multi_evo_agent_runner.py:94] Policy update, spending: 52.21 s.
[20260604 12:28:23 @multi_evo_agent_runner.py:99] Evaluation time: 2.60 s.
[20260604 12:28:23 @multi_evo_agent_runner.py:105] Total time:      14.69 min
[20260604 12:28:23 @multi_evo_agent_runner.py:115] Agent_0 gets eval reward: 1241.07.
[20260604 12:28:23 @multi_evo_agent_runner.py:116] Agent_0 gets win rate: 0.13.
[20260604 12:28:23 @multi_evo_agent_runner.py:115] Agent_1 gets eval reward: 154.03.
[20260604 12:28:23 @multi_evo_agent_runner.py:116] Agent_1 gets win rate: 0.30.
[20260604 12:28:23 @multi_evo_agent_runner.py:510] CRITICAL save best checkpoint with agent_0's rewards 1241.07!
[20260604 12:28:23 @multi_evo_agent_runner.py:510] CRITICAL save best checkpoint with agent_1's rewards 154.03!
[20260604 12:28:23 @multi_evo_agent_runner.py:79] #------------------------ Iteration 12 --------------------------#
[20260604 12:28:37 @multi_evo_agent_runner.py:85] Sampling 50000 steps by 12 slaves, spending 13.74 s.
[20260604 12:29:33 @multi_evo_agent_runner.py:94] Policy update, spending: 56.78 s.
[20260604 12:29:36 @multi_evo_agent_runner.py:99] Evaluation time: 2.27 s.
[20260604 12:29:36 @multi_evo_agent_runner.py:105] Total time:      15.91 min
[20260604 12:29:36 @multi_evo_agent_runner.py:115] Agent_0 gets eval reward: 878.35.
[20260604 12:29:36 @multi_evo_agent_runner.py:116] Agent_0 gets win rate: 0.46.
[20260604 12:29:36 @multi_evo_agent_runner.py:115] Agent_1 gets eval reward: -23.66.
[20260604 12:29:36 @multi_evo_agent_runner.py:116] Agent_1 gets win rate: 0.18.
[20260604 12:29:36 @multi_evo_agent_runner.py:510] CRITICAL save best checkpoint with agent_0's rewards 878.35!
[20260604 12:29:36 @multi_evo_agent_runner.py:79] #------------------------ Iteration 13 --------------------------#
[20260604 12:29:51 @multi_evo_agent_runner.py:85] Sampling 50000 steps by 12 slaves, spending 14.70 s.
[20260604 12:30:46 @multi_evo_agent_runner.py:94] Policy update, spending: 54.93 s.
[20260604 12:30:48 @multi_evo_agent_runner.py:99] Evaluation time: 2.48 s.
[20260604 12:30:48 @multi_evo_agent_runner.py:105] Total time:      17.11 min
[20260604 12:30:48 @multi_evo_agent_runner.py:115] Agent_0 gets eval reward: 1246.89.
[20260604 12:30:48 @multi_evo_agent_runner.py:116] Agent_0 gets win rate: 0.34.
[20260604 12:30:48 @multi_evo_agent_runner.py:115] Agent_1 gets eval reward: 121.32.
[20260604 12:30:48 @multi_evo_agent_runner.py:116] Agent_1 gets win rate: 0.31.
[20260604 12:30:48 @multi_evo_agent_runner.py:510] CRITICAL save best checkpoint with agent_0's rewards 1246.89!
[20260604 12:30:48 @multi_evo_agent_runner.py:510] CRITICAL save best checkpoint with agent_1's rewards 121.32!
[20260604 12:30:48 @multi_evo_agent_runner.py:79] #------------------------ Iteration 14 --------------------------#
[20260604 12:31:03 @multi_evo_agent_runner.py:85] Sampling 50000 steps by 12 slaves, spending 15.10 s.
[20260604 12:31:59 @multi_evo_agent_runner.py:94] Policy update, spending: 55.30 s.
[20260604 12:32:01 @multi_evo_agent_runner.py:99] Evaluation time: 2.24 s.
[20260604 12:32:01 @multi_evo_agent_runner.py:105] Total time:      18.33 min
[20260604 12:32:01 @multi_evo_agent_runner.py:115] Agent_0 gets eval reward: 469.27.
[20260604 12:32:01 @multi_evo_agent_runner.py:116] Agent_0 gets win rate: 0.50.
[20260604 12:32:01 @multi_evo_agent_runner.py:115] Agent_1 gets eval reward: 383.17.
[20260604 12:32:01 @multi_evo_agent_runner.py:116] Agent_1 gets win rate: 0.31.
[20260604 12:32:01 @multi_evo_agent_runner.py:510] CRITICAL save best checkpoint with agent_0's rewards 469.27!
[20260604 12:32:01 @multi_evo_agent_runner.py:510] CRITICAL save best checkpoint with agent_1's rewards 383.17!
[20260604 12:32:01 @multi_evo_agent_runner.py:79] #------------------------ Iteration 15 --------------------------#
[20260604 12:32:15 @multi_evo_agent_runner.py:85] Sampling 50000 steps by 12 slaves, spending 13.45 s.
[20260604 12:33:09 @multi_evo_agent_runner.py:94] Policy update, spending: 54.10 s.
[20260604 12:33:11 @multi_evo_agent_runner.py:99] Evaluation time: 2.50 s.
[20260604 12:33:11 @multi_evo_agent_runner.py:105] Total time:      19.50 min
[20260604 12:33:11 @multi_evo_agent_runner.py:115] Agent_0 gets eval reward: 233.13.
[20260604 12:33:11 @multi_evo_agent_runner.py:116] Agent_0 gets win rate: 0.51.
[20260604 12:33:11 @multi_evo_agent_runner.py:115] Agent_1 gets eval reward: 423.95.
[20260604 12:33:11 @multi_evo_agent_runner.py:116] Agent_1 gets win rate: 0.40.
[20260604 12:33:11 @multi_evo_agent_runner.py:510] CRITICAL save best checkpoint with agent_0's rewards 233.13!
[20260604 12:33:11 @multi_evo_agent_runner.py:510] CRITICAL save best checkpoint with agent_1's rewards 423.95!
[20260604 12:33:11 @multi_evo_agent_runner.py:79] #------------------------ Iteration 16 --------------------------#
[20260604 12:33:25 @multi_evo_agent_runner.py:85] Sampling 50000 steps by 12 slaves, spending 14.06 s.
[20260604 12:34:23 @multi_evo_agent_runner.py:94] Policy update, spending: 57.89 s.
[20260604 12:34:26 @multi_evo_agent_runner.py:99] Evaluation time: 2.88 s.
[20260604 12:34:26 @multi_evo_agent_runner.py:105] Total time:      20.75 min
[20260604 12:34:26 @multi_evo_agent_runner.py:115] Agent_0 gets eval reward: 340.64.
[20260604 12:34:26 @multi_evo_agent_runner.py:116] Agent_0 gets win rate: 0.56.
[20260604 12:34:26 @multi_evo_agent_runner.py:115] Agent_1 gets eval reward: -18.81.
[20260604 12:34:26 @multi_evo_agent_runner.py:116] Agent_1 gets win rate: 0.44.
[20260604 12:34:26 @multi_evo_agent_runner.py:510] CRITICAL save best checkpoint with agent_0's rewards 340.64!
[20260604 12:34:26 @multi_evo_agent_runner.py:510] CRITICAL save best checkpoint with agent_1's rewards -18.81!
[20260604 12:34:26 @multi_evo_agent_runner.py:79] #------------------------ Iteration 17 --------------------------#
[20260604 12:34:41 @multi_evo_agent_runner.py:85] Sampling 50000 steps by 12 slaves, spending 14.99 s.
[20260604 12:35:34 @multi_evo_agent_runner.py:94] Policy update, spending: 52.26 s.
[20260604 12:35:36 @multi_evo_agent_runner.py:99] Evaluation time: 1.95 s.
[20260604 12:35:36 @multi_evo_agent_runner.py:105] Total time:      21.91 min
[20260604 12:35:36 @multi_evo_agent_runner.py:115] Agent_0 gets eval reward: 616.66.
[20260604 12:35:36 @multi_evo_agent_runner.py:116] Agent_0 gets win rate: 0.39.
[20260604 12:35:36 @multi_evo_agent_runner.py:115] Agent_1 gets eval reward: 362.16.
[20260604 12:35:36 @multi_evo_agent_runner.py:116] Agent_1 gets win rate: 0.16.
[20260604 12:35:36 @multi_evo_agent_runner.py:510] CRITICAL save best checkpoint with agent_0's rewards 616.66!
[20260604 12:35:36 @multi_evo_agent_runner.py:510] CRITICAL save best checkpoint with agent_1's rewards 362.16!
[20260604 12:35:36 @multi_evo_agent_runner.py:79] #------------------------ Iteration 18 --------------------------#
[20260604 12:35:50 @multi_evo_agent_runner.py:85] Sampling 50000 steps by 12 slaves, spending 14.18 s.
[20260604 12:36:43 @multi_evo_agent_runner.py:94] Policy update, spending: 52.84 s.
[20260604 12:36:45 @multi_evo_agent_runner.py:99] Evaluation time: 2.40 s.
[20260604 12:36:45 @multi_evo_agent_runner.py:105] Total time:      23.07 min
[20260604 12:36:45 @multi_evo_agent_runner.py:115] Agent_0 gets eval reward: 836.23.
[20260604 12:36:45 @multi_evo_agent_runner.py:116] Agent_0 gets win rate: 0.33.
[20260604 12:36:45 @multi_evo_agent_runner.py:115] Agent_1 gets eval reward: 370.10.
[20260604 12:36:45 @multi_evo_agent_runner.py:116] Agent_1 gets win rate: 0.41.
[20260604 12:36:45 @multi_evo_agent_runner.py:510] CRITICAL save best checkpoint with agent_0's rewards 836.23!
[20260604 12:36:45 @multi_evo_agent_runner.py:510] CRITICAL save best checkpoint with agent_1's rewards 370.10!
[20260604 12:36:45 @multi_evo_agent_runner.py:79] #------------------------ Iteration 19 --------------------------#
[20260604 12:37:00 @multi_evo_agent_runner.py:85] Sampling 50000 steps by 12 slaves, spending 14.06 s.
[20260604 12:37:50 @multi_evo_agent_runner.py:94] Policy update, spending: 50.88 s.
[20260604 12:37:53 @multi_evo_agent_runner.py:99] Evaluation time: 2.82 s.
[20260604 12:37:53 @multi_evo_agent_runner.py:105] Total time:      24.20 min
[20260604 12:37:53 @multi_evo_agent_runner.py:115] Agent_0 gets eval reward: 606.13.
[20260604 12:37:53 @multi_evo_agent_runner.py:116] Agent_0 gets win rate: 0.55.
[20260604 12:37:53 @multi_evo_agent_runner.py:115] Agent_1 gets eval reward: 332.35.
[20260604 12:37:53 @multi_evo_agent_runner.py:116] Agent_1 gets win rate: 0.36.
[20260604 12:37:53 @multi_evo_agent_runner.py:510] CRITICAL save best checkpoint with agent_0's rewards 606.13!
[20260604 12:37:53 @multi_evo_agent_runner.py:79] #------------------------ Iteration 20 --------------------------#
[20260604 12:38:07 @multi_evo_agent_runner.py:85] Sampling 50000 steps by 12 slaves, spending 13.51 s.
[20260604 12:39:02 @multi_evo_agent_runner.py:94] Policy update, spending: 55.52 s.
[20260604 12:39:05 @multi_evo_agent_runner.py:99] Evaluation time: 2.06 s.
[20260604 12:39:05 @multi_evo_agent_runner.py:105] Total time:      25.39 min
[20260604 12:39:05 @multi_evo_agent_runner.py:115] Agent_0 gets eval reward: 617.68.
[20260604 12:39:05 @multi_evo_agent_runner.py:116] Agent_0 gets win rate: 0.42.
[20260604 12:39:05 @multi_evo_agent_runner.py:115] Agent_1 gets eval reward: 226.35.
[20260604 12:39:05 @multi_evo_agent_runner.py:116] Agent_1 gets win rate: 0.42.
[20260604 12:39:05 @multi_evo_agent_runner.py:510] CRITICAL save best checkpoint with agent_0's rewards 617.68!
[20260604 12:39:05 @multi_evo_agent_runner.py:510] CRITICAL save best checkpoint with agent_1's rewards 226.35!
[20260604 12:39:05 @multi_evo_agent_runner.py:79] #------------------------ Iteration 21 --------------------------#
[20260604 12:39:18 @multi_evo_agent_runner.py:85] Sampling 50000 steps by 12 slaves, spending 13.61 s.
[20260604 12:40:12 @multi_evo_agent_runner.py:94] Policy update, spending: 53.89 s.
[20260604 12:40:15 @multi_evo_agent_runner.py:99] Evaluation time: 2.64 s.
[20260604 12:40:15 @multi_evo_agent_runner.py:105] Total time:      26.56 min
[20260604 12:40:15 @multi_evo_agent_runner.py:115] Agent_0 gets eval reward: 532.02.
[20260604 12:40:15 @multi_evo_agent_runner.py:116] Agent_0 gets win rate: 0.50.
[20260604 12:40:15 @multi_evo_agent_runner.py:115] Agent_1 gets eval reward: 310.09.
[20260604 12:40:15 @multi_evo_agent_runner.py:116] Agent_1 gets win rate: 0.45.
[20260604 12:40:15 @multi_evo_agent_runner.py:510] CRITICAL save best checkpoint with agent_0's rewards 532.02!
[20260604 12:40:15 @multi_evo_agent_runner.py:510] CRITICAL save best checkpoint with agent_1's rewards 310.09!
[20260604 12:40:15 @multi_evo_agent_runner.py:79] #------------------------ Iteration 22 --------------------------#
[20260604 12:40:28 @multi_evo_agent_runner.py:85] Sampling 50000 steps by 12 slaves, spending 13.10 s.
[20260604 12:41:22 @multi_evo_agent_runner.py:94] Policy update, spending: 53.77 s.
[20260604 12:41:24 @multi_evo_agent_runner.py:99] Evaluation time: 2.10 s.
[20260604 12:41:24 @multi_evo_agent_runner.py:105] Total time:      27.71 min
[20260604 12:41:24 @multi_evo_agent_runner.py:115] Agent_0 gets eval reward: 433.36.
[20260604 12:41:24 @multi_evo_agent_runner.py:116] Agent_0 gets win rate: 0.38.
[20260604 12:41:24 @multi_evo_agent_runner.py:115] Agent_1 gets eval reward: 345.13.
[20260604 12:41:24 @multi_evo_agent_runner.py:116] Agent_1 gets win rate: 0.50.
[20260604 12:41:24 @multi_evo_agent_runner.py:510] CRITICAL save best checkpoint with agent_1's rewards 345.13!
[20260604 12:41:24 @multi_evo_agent_runner.py:79] #------------------------ Iteration 23 --------------------------#
[20260604 12:41:38 @multi_evo_agent_runner.py:85] Sampling 50000 steps by 12 slaves, spending 13.39 s.
[20260604 12:42:30 @multi_evo_agent_runner.py:94] Policy update, spending: 52.23 s.
[20260604 12:42:33 @multi_evo_agent_runner.py:99] Evaluation time: 2.71 s.
[20260604 12:42:33 @multi_evo_agent_runner.py:105] Total time:      28.86 min
[20260604 12:42:33 @multi_evo_agent_runner.py:115] Agent_0 gets eval reward: 532.45.
[20260604 12:42:33 @multi_evo_agent_runner.py:116] Agent_0 gets win rate: 0.70.
[20260604 12:42:33 @multi_evo_agent_runner.py:115] Agent_1 gets eval reward: 66.19.
[20260604 12:42:33 @multi_evo_agent_runner.py:116] Agent_1 gets win rate: 0.26.
[20260604 12:42:33 @multi_evo_agent_runner.py:510] CRITICAL save best checkpoint with agent_0's rewards 532.45!
[20260604 12:42:33 @multi_evo_agent_runner.py:79] #------------------------ Iteration 24 --------------------------#
[20260604 12:42:50 @multi_evo_agent_runner.py:85] Sampling 50000 steps by 12 slaves, spending 16.86 s.
[20260604 12:43:44 @multi_evo_agent_runner.py:94] Policy update, spending: 54.30 s.
[20260604 12:43:47 @multi_evo_agent_runner.py:99] Evaluation time: 2.69 s.
[20260604 12:43:47 @multi_evo_agent_runner.py:105] Total time:      30.09 min
[20260604 12:43:47 @multi_evo_agent_runner.py:115] Agent_0 gets eval reward: 571.62.
[20260604 12:43:47 @multi_evo_agent_runner.py:116] Agent_0 gets win rate: 0.52.
[20260604 12:43:47 @multi_evo_agent_runner.py:115] Agent_1 gets eval reward: 246.30.
[20260604 12:43:47 @multi_evo_agent_runner.py:116] Agent_1 gets win rate: 0.40.
[20260604 12:43:47 @multi_evo_agent_runner.py:510] CRITICAL save best checkpoint with agent_0's rewards 571.62!
[20260604 12:43:47 @multi_evo_agent_runner.py:79] #------------------------ Iteration 25 --------------------------#
[20260604 12:44:02 @multi_evo_agent_runner.py:85] Sampling 50000 steps by 12 slaves, spending 14.67 s.
[20260604 12:45:02 @multi_evo_agent_runner.py:94] Policy update, spending: 59.96 s.
[20260604 12:45:04 @multi_evo_agent_runner.py:99] Evaluation time: 2.60 s.
[20260604 12:45:04 @multi_evo_agent_runner.py:105] Total time:      31.38 min
[20260604 12:45:04 @multi_evo_agent_runner.py:115] Agent_0 gets eval reward: 709.53.
[20260604 12:45:04 @multi_evo_agent_runner.py:116] Agent_0 gets win rate: 0.56.
[20260604 12:45:04 @multi_evo_agent_runner.py:115] Agent_1 gets eval reward: 286.86.
[20260604 12:45:04 @multi_evo_agent_runner.py:116] Agent_1 gets win rate: 0.41.
[20260604 12:45:04 @multi_evo_agent_runner.py:510] CRITICAL save best checkpoint with agent_0's rewards 709.53!
[20260604 12:45:04 @multi_evo_agent_runner.py:79] #------------------------ Iteration 26 --------------------------#
[20260604 12:45:18 @multi_evo_agent_runner.py:85] Sampling 50000 steps by 12 slaves, spending 13.91 s.
[20260604 12:46:32 @multi_evo_agent_runner.py:94] Policy update, spending: 73.31 s.
[20260604 12:46:34 @multi_evo_agent_runner.py:99] Evaluation time: 2.46 s.
[20260604 12:46:34 @multi_evo_agent_runner.py:105] Total time:      32.88 min
[20260604 12:46:34 @multi_evo_agent_runner.py:115] Agent_0 gets eval reward: 580.83.
[20260604 12:46:34 @multi_evo_agent_runner.py:116] Agent_0 gets win rate: 0.53.
[20260604 12:46:34 @multi_evo_agent_runner.py:115] Agent_1 gets eval reward: 392.75.
[20260604 12:46:34 @multi_evo_agent_runner.py:116] Agent_1 gets win rate: 0.28.
[20260604 12:46:34 @multi_evo_agent_runner.py:510] CRITICAL save best checkpoint with agent_1's rewards 392.75!
[20260604 12:46:34 @multi_evo_agent_runner.py:79] #------------------------ Iteration 27 --------------------------#
[20260604 12:46:51 @multi_evo_agent_runner.py:85] Sampling 50000 steps by 12 slaves, spending 16.69 s.
[20260604 12:47:42 @multi_evo_agent_runner.py:94] Policy update, spending: 51.12 s.
[20260604 12:47:45 @multi_evo_agent_runner.py:99] Evaluation time: 2.43 s.
[20260604 12:47:45 @multi_evo_agent_runner.py:105] Total time:      34.06 min
[20260604 12:47:45 @multi_evo_agent_runner.py:115] Agent_0 gets eval reward: 528.53.
[20260604 12:47:45 @multi_evo_agent_runner.py:116] Agent_0 gets win rate: 0.43.
[20260604 12:47:45 @multi_evo_agent_runner.py:115] Agent_1 gets eval reward: 454.67.
[20260604 12:47:45 @multi_evo_agent_runner.py:116] Agent_1 gets win rate: 0.42.
[20260604 12:47:45 @multi_evo_agent_runner.py:510] CRITICAL save best checkpoint with agent_1's rewards 454.67!
[20260604 12:47:45 @multi_evo_agent_runner.py:79] #------------------------ Iteration 28 --------------------------#
[20260604 12:48:04 @multi_evo_agent_runner.py:85] Sampling 50000 steps by 12 slaves, spending 18.71 s.
[20260604 12:49:19 @multi_evo_agent_runner.py:94] Policy update, spending: 75.75 s.
[20260604 12:49:22 @multi_evo_agent_runner.py:99] Evaluation time: 2.59 s.
[20260604 12:49:22 @multi_evo_agent_runner.py:105] Total time:      35.68 min
[20260604 12:49:22 @multi_evo_agent_runner.py:115] Agent_0 gets eval reward: 769.68.
[20260604 12:49:22 @multi_evo_agent_runner.py:116] Agent_0 gets win rate: 0.40.
[20260604 12:49:22 @multi_evo_agent_runner.py:115] Agent_1 gets eval reward: 375.11.
[20260604 12:49:22 @multi_evo_agent_runner.py:116] Agent_1 gets win rate: 0.49.
[20260604 12:49:22 @multi_evo_agent_runner.py:510] CRITICAL save best checkpoint with agent_0's rewards 769.68!
[20260604 12:49:22 @multi_evo_agent_runner.py:510] CRITICAL save best checkpoint with agent_1's rewards 375.11!
[20260604 12:49:22 @multi_evo_agent_runner.py:79] #------------------------ Iteration 29 --------------------------#
[20260604 12:49:40 @multi_evo_agent_runner.py:85] Sampling 50000 steps by 12 slaves, spending 17.34 s.
[20260604 12:50:54 @multi_evo_agent_runner.py:94] Policy update, spending: 74.54 s.
[20260604 12:50:56 @multi_evo_agent_runner.py:99] Evaluation time: 2.29 s.
[20260604 12:50:56 @multi_evo_agent_runner.py:105] Total time:      37.25 min
[20260604 12:50:57 @multi_evo_agent_runner.py:115] Agent_0 gets eval reward: 842.06.
[20260604 12:50:57 @multi_evo_agent_runner.py:116] Agent_0 gets win rate: 0.16.
[20260604 12:50:57 @multi_evo_agent_runner.py:115] Agent_1 gets eval reward: 636.72.
[20260604 12:50:57 @multi_evo_agent_runner.py:116] Agent_1 gets win rate: 0.67.
[20260604 12:50:57 @multi_evo_agent_runner.py:510] CRITICAL save best checkpoint with agent_0's rewards 842.06!
[20260604 12:50:57 @multi_evo_agent_runner.py:510] CRITICAL save best checkpoint with agent_1's rewards 636.72!
[20260604 12:50:57 @multi_evo_agent_runner.py:79] #------------------------ Iteration 30 --------------------------#
[20260604 12:51:15 @multi_evo_agent_runner.py:85] Sampling 50000 steps by 12 slaves, spending 17.87 s.
[20260604 12:52:29 @multi_evo_agent_runner.py:94] Policy update, spending: 74.03 s.
[20260604 12:52:31 @multi_evo_agent_runner.py:99] Evaluation time: 2.25 s.
[20260604 12:52:31 @multi_evo_agent_runner.py:105] Total time:      38.83 min
[20260604 12:52:31 @multi_evo_agent_runner.py:115] Agent_0 gets eval reward: 616.94.
[20260604 12:52:31 @multi_evo_agent_runner.py:116] Agent_0 gets win rate: 0.60.
[20260604 12:52:31 @multi_evo_agent_runner.py:115] Agent_1 gets eval reward: 461.85.
[20260604 12:52:31 @multi_evo_agent_runner.py:116] Agent_1 gets win rate: 0.27.
[20260604 12:52:31 @multi_evo_agent_runner.py:510] CRITICAL save best checkpoint with agent_0's rewards 616.94!
[20260604 12:52:31 @multi_evo_agent_runner.py:79] #------------------------ Iteration 31 --------------------------#
[20260604 12:52:48 @multi_evo_agent_runner.py:85] Sampling 50000 steps by 12 slaves, spending 17.08 s.
[20260604 12:53:53 @multi_evo_agent_runner.py:94] Policy update, spending: 64.87 s.
[20260604 12:53:55 @multi_evo_agent_runner.py:99] Evaluation time: 2.43 s.
[20260604 12:53:55 @multi_evo_agent_runner.py:105] Total time:      40.24 min
[20260604 12:53:56 @multi_evo_agent_runner.py:115] Agent_0 gets eval reward: 832.92.
[20260604 12:53:56 @multi_evo_agent_runner.py:116] Agent_0 gets win rate: 0.54.
[20260604 12:53:56 @multi_evo_agent_runner.py:115] Agent_1 gets eval reward: 545.62.
[20260604 12:53:56 @multi_evo_agent_runner.py:116] Agent_1 gets win rate: 0.35.
[20260604 12:53:56 @multi_evo_agent_runner.py:510] CRITICAL save best checkpoint with agent_0's rewards 832.92!
[20260604 12:53:56 @multi_evo_agent_runner.py:79] #------------------------ Iteration 32 --------------------------#
[20260604 12:54:14 @multi_evo_agent_runner.py:85] Sampling 50000 steps by 12 slaves, spending 17.85 s.
[20260604 12:55:25 @multi_evo_agent_runner.py:94] Policy update, spending: 71.92 s.
[20260604 12:55:28 @multi_evo_agent_runner.py:99] Evaluation time: 2.45 s.
[20260604 12:55:28 @multi_evo_agent_runner.py:105] Total time:      41.78 min
[20260604 12:55:28 @multi_evo_agent_runner.py:115] Agent_0 gets eval reward: 469.49.
[20260604 12:55:28 @multi_evo_agent_runner.py:116] Agent_0 gets win rate: 0.31.
[20260604 12:55:28 @multi_evo_agent_runner.py:115] Agent_1 gets eval reward: 409.19.
[20260604 12:55:28 @multi_evo_agent_runner.py:116] Agent_1 gets win rate: 0.53.
[20260604 12:55:28 @multi_evo_agent_runner.py:79] #------------------------ Iteration 33 --------------------------#
[20260604 12:55:45 @multi_evo_agent_runner.py:85] Sampling 50000 steps by 12 slaves, spending 16.62 s.
[20260604 12:56:46 @multi_evo_agent_runner.py:94] Policy update, spending: 61.48 s.
[20260604 12:56:48 @multi_evo_agent_runner.py:99] Evaluation time: 2.06 s.
[20260604 12:56:48 @multi_evo_agent_runner.py:105] Total time:      43.12 min
[20260604 12:56:48 @multi_evo_agent_runner.py:115] Agent_0 gets eval reward: 280.94.
[20260604 12:56:48 @multi_evo_agent_runner.py:116] Agent_0 gets win rate: 0.52.
[20260604 12:56:48 @multi_evo_agent_runner.py:115] Agent_1 gets eval reward: 142.44.
[20260604 12:56:48 @multi_evo_agent_runner.py:116] Agent_1 gets win rate: 0.47.
[20260604 12:56:48 @multi_evo_agent_runner.py:79] #------------------------ Iteration 34 --------------------------#
[20260604 12:57:05 @multi_evo_agent_runner.py:85] Sampling 50000 steps by 12 slaves, spending 16.82 s.
[20260604 12:57:55 @multi_evo_agent_runner.py:94] Policy update, spending: 49.34 s.
[20260604 12:57:57 @multi_evo_agent_runner.py:99] Evaluation time: 2.31 s.
[20260604 12:57:57 @multi_evo_agent_runner.py:105] Total time:      44.26 min
[20260604 12:57:57 @multi_evo_agent_runner.py:115] Agent_0 gets eval reward: 566.87.
[20260604 12:57:57 @multi_evo_agent_runner.py:116] Agent_0 gets win rate: 0.56.
[20260604 12:57:57 @multi_evo_agent_runner.py:115] Agent_1 gets eval reward: 393.57.
[20260604 12:57:57 @multi_evo_agent_runner.py:116] Agent_1 gets win rate: 0.38.
[20260604 12:57:57 @multi_evo_agent_runner.py:510] CRITICAL save best checkpoint with agent_0's rewards 566.87!
[20260604 12:57:57 @multi_evo_agent_runner.py:79] #------------------------ Iteration 35 --------------------------#
[20260604 12:58:13 @multi_evo_agent_runner.py:85] Sampling 50000 steps by 12 slaves, spending 15.57 s.
[20260604 12:59:26 @multi_evo_agent_runner.py:94] Policy update, spending: 73.39 s.
[20260604 12:59:28 @multi_evo_agent_runner.py:99] Evaluation time: 2.07 s.
[20260604 12:59:28 @multi_evo_agent_runner.py:105] Total time:      45.78 min
[20260604 12:59:28 @multi_evo_agent_runner.py:115] Agent_0 gets eval reward: 408.65.
[20260604 12:59:28 @multi_evo_agent_runner.py:116] Agent_0 gets win rate: 0.53.
[20260604 12:59:28 @multi_evo_agent_runner.py:115] Agent_1 gets eval reward: 209.57.
[20260604 12:59:28 @multi_evo_agent_runner.py:116] Agent_1 gets win rate: 0.45.
[20260604 12:59:28 @multi_evo_agent_runner.py:79] #------------------------ Iteration 36 --------------------------#
[20260604 12:59:43 @multi_evo_agent_runner.py:85] Sampling 50000 steps by 12 slaves, spending 14.99 s.
[20260604 13:00:34 @multi_evo_agent_runner.py:94] Policy update, spending: 50.09 s.
[20260604 13:00:36 @multi_evo_agent_runner.py:99] Evaluation time: 2.16 s.
[20260604 13:00:36 @multi_evo_agent_runner.py:105] Total time:      46.91 min
[20260604 13:00:36 @multi_evo_agent_runner.py:115] Agent_0 gets eval reward: 569.80.
[20260604 13:00:36 @multi_evo_agent_runner.py:116] Agent_0 gets win rate: 0.29.
[20260604 13:00:36 @multi_evo_agent_runner.py:115] Agent_1 gets eval reward: 461.90.
[20260604 13:00:36 @multi_evo_agent_runner.py:116] Agent_1 gets win rate: 0.64.
[20260604 13:00:36 @multi_evo_agent_runner.py:510] CRITICAL save best checkpoint with agent_0's rewards 569.80!
[20260604 13:00:36 @multi_evo_agent_runner.py:79] #------------------------ Iteration 37 --------------------------#
[20260604 13:00:51 @multi_evo_agent_runner.py:85] Sampling 50000 steps by 12 slaves, spending 15.07 s.
[20260604 13:01:43 @multi_evo_agent_runner.py:94] Policy update, spending: 52.42 s.
[20260604 13:01:46 @multi_evo_agent_runner.py:99] Evaluation time: 2.25 s.
[20260604 13:01:46 @multi_evo_agent_runner.py:105] Total time:      48.07 min
[20260604 13:01:46 @multi_evo_agent_runner.py:115] Agent_0 gets eval reward: 810.35.
[20260604 13:01:46 @multi_evo_agent_runner.py:116] Agent_0 gets win rate: 0.55.
[20260604 13:01:46 @multi_evo_agent_runner.py:115] Agent_1 gets eval reward: 440.58.
[20260604 13:01:46 @multi_evo_agent_runner.py:116] Agent_1 gets win rate: 0.45.
[20260604 13:01:46 @multi_evo_agent_runner.py:510] CRITICAL save best checkpoint with agent_0's rewards 810.35!
[20260604 13:01:46 @multi_evo_agent_runner.py:79] #------------------------ Iteration 38 --------------------------#
[20260604 13:02:00 @multi_evo_agent_runner.py:85] Sampling 50000 steps by 12 slaves, spending 14.26 s.
[20260604 13:02:52 @multi_evo_agent_runner.py:94] Policy update, spending: 51.92 s.
[20260604 13:02:54 @multi_evo_agent_runner.py:99] Evaluation time: 1.79 s.
[20260604 13:02:54 @multi_evo_agent_runner.py:105] Total time:      49.21 min
[20260604 13:02:54 @multi_evo_agent_runner.py:115] Agent_0 gets eval reward: 707.23.
[20260604 13:02:54 @multi_evo_agent_runner.py:116] Agent_0 gets win rate: 0.26.
[20260604 13:02:54 @multi_evo_agent_runner.py:115] Agent_1 gets eval reward: 606.96.
[20260604 13:02:54 @multi_evo_agent_runner.py:116] Agent_1 gets win rate: 0.57.
[20260604 13:02:54 @multi_evo_agent_runner.py:79] #------------------------ Iteration 39 --------------------------#
[20260604 13:03:08 @multi_evo_agent_runner.py:85] Sampling 50000 steps by 12 slaves, spending 14.15 s.
[20260604 13:04:04 @multi_evo_agent_runner.py:94] Policy update, spending: 55.79 s.
[20260604 13:04:06 @multi_evo_agent_runner.py:99] Evaluation time: 2.31 s.
[20260604 13:04:06 @multi_evo_agent_runner.py:105] Total time:      50.42 min
[20260604 13:04:06 @multi_evo_agent_runner.py:115] Agent_0 gets eval reward: 879.90.
[20260604 13:04:06 @multi_evo_agent_runner.py:116] Agent_0 gets win rate: 0.49.
[20260604 13:04:06 @multi_evo_agent_runner.py:115] Agent_1 gets eval reward: 303.75.
[20260604 13:04:06 @multi_evo_agent_runner.py:116] Agent_1 gets win rate: 0.47.
[20260604 13:04:06 @multi_evo_agent_runner.py:510] CRITICAL save best checkpoint with agent_0's rewards 879.90!
[20260604 13:04:06 @multi_evo_agent_runner.py:79] #------------------------ Iteration 40 --------------------------#
[20260604 13:04:19 @multi_evo_agent_runner.py:85] Sampling 50000 steps by 12 slaves, spending 12.90 s.
[20260604 13:05:16 @multi_evo_agent_runner.py:94] Policy update, spending: 56.31 s.
[20260604 13:05:18 @multi_evo_agent_runner.py:99] Evaluation time: 1.91 s.
[20260604 13:05:18 @multi_evo_agent_runner.py:105] Total time:      51.61 min
[20260604 13:05:18 @multi_evo_agent_runner.py:115] Agent_0 gets eval reward: 485.76.
[20260604 13:05:18 @multi_evo_agent_runner.py:116] Agent_0 gets win rate: 0.55.
[20260604 13:05:18 @multi_evo_agent_runner.py:115] Agent_1 gets eval reward: 269.36.
[20260604 13:05:18 @multi_evo_agent_runner.py:116] Agent_1 gets win rate: 0.40.
[20260604 13:05:18 @multi_evo_agent_runner.py:510] CRITICAL save best checkpoint with agent_0's rewards 485.76!
[20260604 13:05:18 @multi_evo_agent_runner.py:79] #------------------------ Iteration 41 --------------------------#
[20260604 13:05:31 @multi_evo_agent_runner.py:85] Sampling 50000 steps by 12 slaves, spending 13.50 s.
[20260604 13:06:25 @multi_evo_agent_runner.py:94] Policy update, spending: 53.50 s.
[20260604 13:06:27 @multi_evo_agent_runner.py:99] Evaluation time: 2.36 s.
[20260604 13:06:27 @multi_evo_agent_runner.py:105] Total time:      52.76 min
[20260604 13:06:27 @multi_evo_agent_runner.py:115] Agent_0 gets eval reward: 614.38.
[20260604 13:06:27 @multi_evo_agent_runner.py:116] Agent_0 gets win rate: 0.44.
[20260604 13:06:27 @multi_evo_agent_runner.py:115] Agent_1 gets eval reward: 377.00.
[20260604 13:06:27 @multi_evo_agent_runner.py:116] Agent_1 gets win rate: 0.57.
[20260604 13:06:27 @multi_evo_agent_runner.py:510] CRITICAL save best checkpoint with agent_0's rewards 614.38!
[20260604 13:06:27 @multi_evo_agent_runner.py:79] #------------------------ Iteration 42 --------------------------#
[20260604 13:06:40 @multi_evo_agent_runner.py:85] Sampling 50000 steps by 12 slaves, spending 12.50 s.
[20260604 13:07:35 @multi_evo_agent_runner.py:94] Policy update, spending: 55.14 s.
[20260604 13:07:37 @multi_evo_agent_runner.py:99] Evaluation time: 1.92 s.
[20260604 13:07:37 @multi_evo_agent_runner.py:105] Total time:      53.93 min
[20260604 13:07:37 @multi_evo_agent_runner.py:115] Agent_0 gets eval reward: 528.73.
[20260604 13:07:37 @multi_evo_agent_runner.py:116] Agent_0 gets win rate: 0.47.
[20260604 13:07:37 @multi_evo_agent_runner.py:115] Agent_1 gets eval reward: 284.71.
[20260604 13:07:37 @multi_evo_agent_runner.py:116] Agent_1 gets win rate: 0.51.
[20260604 13:07:37 @multi_evo_agent_runner.py:510] CRITICAL save best checkpoint with agent_0's rewards 528.73!
[20260604 13:07:37 @multi_evo_agent_runner.py:79] #------------------------ Iteration 43 --------------------------#
[20260604 13:07:53 @multi_evo_agent_runner.py:85] Sampling 50000 steps by 12 slaves, spending 15.95 s.
[20260604 13:08:44 @multi_evo_agent_runner.py:94] Policy update, spending: 51.12 s.
[20260604 13:08:47 @multi_evo_agent_runner.py:99] Evaluation time: 2.61 s.
[20260604 13:08:47 @multi_evo_agent_runner.py:105] Total time:      55.09 min
[20260604 13:08:47 @multi_evo_agent_runner.py:115] Agent_0 gets eval reward: 736.16.
[20260604 13:08:47 @multi_evo_agent_runner.py:116] Agent_0 gets win rate: 0.56.
[20260604 13:08:47 @multi_evo_agent_runner.py:115] Agent_1 gets eval reward: 297.18.
[20260604 13:08:47 @multi_evo_agent_runner.py:116] Agent_1 gets win rate: 0.44.
[20260604 13:08:47 @multi_evo_agent_runner.py:510] CRITICAL save best checkpoint with agent_0's rewards 736.16!
[20260604 13:08:47 @multi_evo_agent_runner.py:79] #------------------------ Iteration 44 --------------------------#
[20260604 13:09:03 @multi_evo_agent_runner.py:85] Sampling 50000 steps by 12 slaves, spending 15.51 s.
[20260604 13:10:08 @multi_evo_agent_runner.py:94] Policy update, spending: 65.14 s.
[20260604 13:10:10 @multi_evo_agent_runner.py:99] Evaluation time: 1.90 s.
[20260604 13:10:10 @multi_evo_agent_runner.py:105] Total time:      56.47 min
[20260604 13:10:10 @multi_evo_agent_runner.py:115] Agent_0 gets eval reward: 631.74.
[20260604 13:10:10 @multi_evo_agent_runner.py:116] Agent_0 gets win rate: 0.81.
[20260604 13:10:10 @multi_evo_agent_runner.py:115] Agent_1 gets eval reward: 123.34.
[20260604 13:10:10 @multi_evo_agent_runner.py:116] Agent_1 gets win rate: 0.17.
[20260604 13:10:10 @multi_evo_agent_runner.py:510] CRITICAL save best checkpoint with agent_0's rewards 631.74!
[20260604 13:10:10 @multi_evo_agent_runner.py:79] #------------------------ Iteration 45 --------------------------#
[20260604 13:10:27 @multi_evo_agent_runner.py:85] Sampling 50000 steps by 12 slaves, spending 17.02 s.
[20260604 13:11:35 @multi_evo_agent_runner.py:94] Policy update, spending: 67.94 s.
[20260604 13:11:37 @multi_evo_agent_runner.py:99] Evaluation time: 2.56 s.
[20260604 13:11:37 @multi_evo_agent_runner.py:105] Total time:      57.94 min
[20260604 13:11:37 @multi_evo_agent_runner.py:115] Agent_0 gets eval reward: 747.57.
[20260604 13:11:37 @multi_evo_agent_runner.py:116] Agent_0 gets win rate: 0.61.
[20260604 13:11:37 @multi_evo_agent_runner.py:115] Agent_1 gets eval reward: 243.13.
[20260604 13:11:37 @multi_evo_agent_runner.py:116] Agent_1 gets win rate: 0.20.
[20260604 13:11:37 @multi_evo_agent_runner.py:510] CRITICAL save best checkpoint with agent_0's rewards 747.57!
[20260604 13:11:38 @multi_evo_agent_runner.py:79] #------------------------ Iteration 46 --------------------------#
[20260604 13:11:53 @multi_evo_agent_runner.py:85] Sampling 50000 steps by 12 slaves, spending 14.94 s.
[20260604 13:12:54 @multi_evo_agent_runner.py:94] Policy update, spending: 61.52 s.
[20260604 13:12:56 @multi_evo_agent_runner.py:99] Evaluation time: 2.14 s.
[20260604 13:12:56 @multi_evo_agent_runner.py:105] Total time:      59.25 min
[20260604 13:12:56 @multi_evo_agent_runner.py:115] Agent_0 gets eval reward: 706.14.
[20260604 13:12:56 @multi_evo_agent_runner.py:116] Agent_0 gets win rate: 0.59.
[20260604 13:12:56 @multi_evo_agent_runner.py:115] Agent_1 gets eval reward: 185.26.
[20260604 13:12:56 @multi_evo_agent_runner.py:116] Agent_1 gets win rate: 0.38.
[20260604 13:12:56 @multi_evo_agent_runner.py:79] #------------------------ Iteration 47 --------------------------#
[20260604 13:13:13 @multi_evo_agent_runner.py:85] Sampling 50000 steps by 12 slaves, spending 16.35 s.
[20260604 13:14:03 @multi_evo_agent_runner.py:94] Policy update, spending: 49.84 s.
[20260604 13:14:04 @multi_evo_agent_runner.py:99] Evaluation time: 1.88 s.
[20260604 13:14:04 @multi_evo_agent_runner.py:105] Total time:      60.39 min
[20260604 13:14:05 @multi_evo_agent_runner.py:115] Agent_0 gets eval reward: 779.05.
[20260604 13:14:05 @multi_evo_agent_runner.py:116] Agent_0 gets win rate: 0.45.
[20260604 13:14:05 @multi_evo_agent_runner.py:115] Agent_1 gets eval reward: 462.40.
[20260604 13:14:05 @multi_evo_agent_runner.py:116] Agent_1 gets win rate: 0.42.
[20260604 13:14:05 @multi_evo_agent_runner.py:510] CRITICAL save best checkpoint with agent_0's rewards 779.05!
[20260604 13:14:05 @multi_evo_agent_runner.py:79] #------------------------ Iteration 48 --------------------------#
[20260604 13:14:23 @multi_evo_agent_runner.py:85] Sampling 50000 steps by 12 slaves, spending 18.50 s.
[20260604 13:15:22 @multi_evo_agent_runner.py:94] Policy update, spending: 59.05 s.
[20260604 13:15:24 @multi_evo_agent_runner.py:99] Evaluation time: 1.96 s.
[20260604 13:15:24 @multi_evo_agent_runner.py:105] Total time:      61.71 min
[20260604 13:15:24 @multi_evo_agent_runner.py:115] Agent_0 gets eval reward: 702.85.
[20260604 13:15:24 @multi_evo_agent_runner.py:116] Agent_0 gets win rate: 0.51.
[20260604 13:15:24 @multi_evo_agent_runner.py:115] Agent_1 gets eval reward: 214.44.
[20260604 13:15:24 @multi_evo_agent_runner.py:116] Agent_1 gets win rate: 0.48.
[20260604 13:15:24 @multi_evo_agent_runner.py:510] CRITICAL save best checkpoint with agent_0's rewards 702.85!
[20260604 13:15:24 @multi_evo_agent_runner.py:79] #------------------------ Iteration 49 --------------------------#
[20260604 13:15:42 @multi_evo_agent_runner.py:85] Sampling 50000 steps by 12 slaves, spending 17.97 s.
[20260604 13:16:32 @multi_evo_agent_runner.py:94] Policy update, spending: 49.30 s.
[20260604 13:16:34 @multi_evo_agent_runner.py:99] Evaluation time: 1.95 s.
[20260604 13:16:34 @multi_evo_agent_runner.py:105] Total time:      62.87 min
[20260604 13:16:34 @multi_evo_agent_runner.py:115] Agent_0 gets eval reward: 597.14.
[20260604 13:16:34 @multi_evo_agent_runner.py:116] Agent_0 gets win rate: 0.52.
[20260604 13:16:34 @multi_evo_agent_runner.py:115] Agent_1 gets eval reward: 500.05.
[20260604 13:16:34 @multi_evo_agent_runner.py:116] Agent_1 gets win rate: 0.42.
[20260604 13:16:34 @multi_evo_agent_runner.py:510] CRITICAL save best checkpoint with agent_0's rewards 597.14!
[20260604 13:16:34 @multi_evo_agent_runner.py:79] #------------------------ Iteration 50 --------------------------#
[20260604 13:16:51 @multi_evo_agent_runner.py:85] Sampling 50000 steps by 12 slaves, spending 17.68 s.
[20260604 13:17:43 @multi_evo_agent_runner.py:94] Policy update, spending: 51.97 s.
[20260604 13:17:46 @multi_evo_agent_runner.py:99] Evaluation time: 2.17 s.
[20260604 13:17:46 @multi_evo_agent_runner.py:105] Total time:      64.07 min
[20260604 13:17:46 @multi_evo_agent_runner.py:115] Agent_0 gets eval reward: 508.69.
[20260604 13:17:46 @multi_evo_agent_runner.py:116] Agent_0 gets win rate: 0.52.
[20260604 13:17:46 @multi_evo_agent_runner.py:115] Agent_1 gets eval reward: 102.30.
[20260604 13:17:46 @multi_evo_agent_runner.py:116] Agent_1 gets win rate: 0.47.
[20260604 13:17:46 @multi_evo_agent_runner.py:79] #------------------------ Iteration 51 --------------------------#
[20260604 13:18:02 @multi_evo_agent_runner.py:85] Sampling 50000 steps by 12 slaves, spending 15.73 s.
[20260604 13:18:52 @multi_evo_agent_runner.py:94] Policy update, spending: 50.64 s.
[20260604 13:18:54 @multi_evo_agent_runner.py:99] Evaluation time: 1.72 s.
[20260604 13:18:54 @multi_evo_agent_runner.py:105] Total time:      65.21 min
[20260604 13:18:54 @multi_evo_agent_runner.py:115] Agent_0 gets eval reward: 500.16.
[20260604 13:18:54 @multi_evo_agent_runner.py:116] Agent_0 gets win rate: 0.51.
[20260604 13:18:54 @multi_evo_agent_runner.py:115] Agent_1 gets eval reward: 249.27.
[20260604 13:18:54 @multi_evo_agent_runner.py:116] Agent_1 gets win rate: 0.49.
[20260604 13:18:54 @multi_evo_agent_runner.py:79] #------------------------ Iteration 52 --------------------------#
[20260604 13:19:11 @multi_evo_agent_runner.py:85] Sampling 50000 steps by 12 slaves, spending 17.13 s.
[20260604 13:20:00 @multi_evo_agent_runner.py:94] Policy update, spending: 48.64 s.
[20260604 13:20:02 @multi_evo_agent_runner.py:99] Evaluation time: 2.00 s.
[20260604 13:20:02 @multi_evo_agent_runner.py:105] Total time:      66.34 min
[20260604 13:20:02 @multi_evo_agent_runner.py:115] Agent_0 gets eval reward: 324.17.
[20260604 13:20:02 @multi_evo_agent_runner.py:116] Agent_0 gets win rate: 0.42.
[20260604 13:20:02 @multi_evo_agent_runner.py:115] Agent_1 gets eval reward: 460.49.
[20260604 13:20:02 @multi_evo_agent_runner.py:116] Agent_1 gets win rate: 0.58.
[20260604 13:20:02 @multi_evo_agent_runner.py:79] #------------------------ Iteration 53 --------------------------#
[20260604 13:20:19 @multi_evo_agent_runner.py:85] Sampling 50000 steps by 12 slaves, spending 17.49 s.
[20260604 13:21:12 @multi_evo_agent_runner.py:94] Policy update, spending: 52.09 s.
[20260604 13:21:14 @multi_evo_agent_runner.py:99] Evaluation time: 2.22 s.
[20260604 13:21:14 @multi_evo_agent_runner.py:105] Total time:      67.54 min
[20260604 13:21:14 @multi_evo_agent_runner.py:115] Agent_0 gets eval reward: 519.52.
[20260604 13:21:14 @multi_evo_agent_runner.py:116] Agent_0 gets win rate: 0.47.
[20260604 13:21:14 @multi_evo_agent_runner.py:115] Agent_1 gets eval reward: 444.41.
[20260604 13:21:14 @multi_evo_agent_runner.py:116] Agent_1 gets win rate: 0.53.
[20260604 13:21:14 @multi_evo_agent_runner.py:79] #------------------------ Iteration 54 --------------------------#
[20260604 13:21:29 @multi_evo_agent_runner.py:85] Sampling 50000 steps by 12 slaves, spending 14.55 s.
[20260604 13:22:30 @multi_evo_agent_runner.py:94] Policy update, spending: 61.27 s.
[20260604 13:22:32 @multi_evo_agent_runner.py:99] Evaluation time: 2.35 s.
[20260604 13:22:32 @multi_evo_agent_runner.py:105] Total time:      68.85 min
[20260604 13:22:32 @multi_evo_agent_runner.py:115] Agent_0 gets eval reward: 863.85.
[20260604 13:22:32 @multi_evo_agent_runner.py:116] Agent_0 gets win rate: 0.50.
[20260604 13:22:32 @multi_evo_agent_runner.py:115] Agent_1 gets eval reward: 345.41.
[20260604 13:22:32 @multi_evo_agent_runner.py:116] Agent_1 gets win rate: 0.43.
[20260604 13:22:32 @multi_evo_agent_runner.py:510] CRITICAL save best checkpoint with agent_0's rewards 863.85!
[20260604 13:22:32 @multi_evo_agent_runner.py:79] #------------------------ Iteration 55 --------------------------#
[20260604 13:22:47 @multi_evo_agent_runner.py:85] Sampling 50000 steps by 12 slaves, spending 14.55 s.
[20260604 13:23:39 @multi_evo_agent_runner.py:94] Policy update, spending: 52.31 s.
[20260604 13:23:41 @multi_evo_agent_runner.py:99] Evaluation time: 1.78 s.
[20260604 13:23:41 @multi_evo_agent_runner.py:105] Total time:      70.00 min
[20260604 13:23:41 @multi_evo_agent_runner.py:115] Agent_0 gets eval reward: 460.17.
[20260604 13:23:41 @multi_evo_agent_runner.py:116] Agent_0 gets win rate: 0.69.
[20260604 13:23:41 @multi_evo_agent_runner.py:115] Agent_1 gets eval reward: 182.08.
[20260604 13:23:41 @multi_evo_agent_runner.py:116] Agent_1 gets win rate: 0.22.
[20260604 13:23:41 @multi_evo_agent_runner.py:510] CRITICAL save best checkpoint with agent_0's rewards 460.17!
[20260604 13:23:41 @multi_evo_agent_runner.py:79] #------------------------ Iteration 56 --------------------------#
[20260604 13:23:55 @multi_evo_agent_runner.py:85] Sampling 50000 steps by 12 slaves, spending 14.20 s.
[20260604 13:24:47 @multi_evo_agent_runner.py:94] Policy update, spending: 51.57 s.
[20260604 13:24:49 @multi_evo_agent_runner.py:99] Evaluation time: 2.12 s.
[20260604 13:24:49 @multi_evo_agent_runner.py:105] Total time:      71.13 min
[20260604 13:24:49 @multi_evo_agent_runner.py:115] Agent_0 gets eval reward: 663.06.
[20260604 13:24:49 @multi_evo_agent_runner.py:116] Agent_0 gets win rate: 0.65.
[20260604 13:24:49 @multi_evo_agent_runner.py:115] Agent_1 gets eval reward: 302.26.
[20260604 13:24:49 @multi_evo_agent_runner.py:116] Agent_1 gets win rate: 0.35.
[20260604 13:24:49 @multi_evo_agent_runner.py:510] CRITICAL save best checkpoint with agent_0's rewards 663.06!
[20260604 13:24:49 @multi_evo_agent_runner.py:79] #------------------------ Iteration 57 --------------------------#
[20260604 13:25:05 @multi_evo_agent_runner.py:85] Sampling 50000 steps by 12 slaves, spending 15.66 s.
[20260604 13:25:57 @multi_evo_agent_runner.py:94] Policy update, spending: 52.02 s.
[20260604 13:25:59 @multi_evo_agent_runner.py:99] Evaluation time: 2.16 s.
[20260604 13:25:59 @multi_evo_agent_runner.py:105] Total time:      72.30 min
[20260604 13:25:59 @multi_evo_agent_runner.py:115] Agent_0 gets eval reward: 673.32.
[20260604 13:25:59 @multi_evo_agent_runner.py:116] Agent_0 gets win rate: 0.55.
[20260604 13:25:59 @multi_evo_agent_runner.py:115] Agent_1 gets eval reward: 428.08.
[20260604 13:25:59 @multi_evo_agent_runner.py:116] Agent_1 gets win rate: 0.43.
[20260604 13:25:59 @multi_evo_agent_runner.py:510] CRITICAL save best checkpoint with agent_0's rewards 673.32!
[20260604 13:25:59 @multi_evo_agent_runner.py:79] #------------------------ Iteration 58 --------------------------#
[20260604 13:26:15 @multi_evo_agent_runner.py:85] Sampling 50000 steps by 12 slaves, spending 15.70 s.
[20260604 13:27:08 @multi_evo_agent_runner.py:94] Policy update, spending: 52.87 s.
[20260604 13:27:10 @multi_evo_agent_runner.py:99] Evaluation time: 1.88 s.
[20260604 13:27:10 @multi_evo_agent_runner.py:105] Total time:      73.48 min
[20260604 13:27:10 @multi_evo_agent_runner.py:115] Agent_0 gets eval reward: 774.91.
[20260604 13:27:10 @multi_evo_agent_runner.py:116] Agent_0 gets win rate: 0.43.
[20260604 13:27:10 @multi_evo_agent_runner.py:115] Agent_1 gets eval reward: 393.71.
[20260604 13:27:10 @multi_evo_agent_runner.py:116] Agent_1 gets win rate: 0.52.
[20260604 13:27:10 @multi_evo_agent_runner.py:510] CRITICAL save best checkpoint with agent_0's rewards 774.91!
[20260604 13:27:10 @multi_evo_agent_runner.py:79] #------------------------ Iteration 59 --------------------------#
[20260604 13:27:25 @multi_evo_agent_runner.py:85] Sampling 50000 steps by 12 slaves, spending 15.42 s.
[20260604 13:28:17 @multi_evo_agent_runner.py:94] Policy update, spending: 51.52 s.
[20260604 13:28:19 @multi_evo_agent_runner.py:99] Evaluation time: 2.21 s.
[20260604 13:28:19 @multi_evo_agent_runner.py:105] Total time:      74.63 min
[20260604 13:28:19 @multi_evo_agent_runner.py:115] Agent_0 gets eval reward: 557.61.
[20260604 13:28:19 @multi_evo_agent_runner.py:116] Agent_0 gets win rate: 0.49.
[20260604 13:28:19 @multi_evo_agent_runner.py:115] Agent_1 gets eval reward: 265.72.
[20260604 13:28:19 @multi_evo_agent_runner.py:116] Agent_1 gets win rate: 0.51.
[20260604 13:28:19 @multi_evo_agent_runner.py:510] CRITICAL save best checkpoint with agent_0's rewards 557.61!
[20260604 13:28:19 @multi_evo_agent_runner.py:79] #------------------------ Iteration 60 --------------------------#
[20260604 13:28:35 @multi_evo_agent_runner.py:85] Sampling 50000 steps by 12 slaves, spending 15.15 s.
[20260604 13:29:26 @multi_evo_agent_runner.py:94] Policy update, spending: 51.30 s.
[20260604 13:29:28 @multi_evo_agent_runner.py:99] Evaluation time: 2.47 s.
[20260604 13:29:28 @multi_evo_agent_runner.py:105] Total time:      75.78 min
[20260604 13:29:28 @multi_evo_agent_runner.py:115] Agent_0 gets eval reward: 562.01.
[20260604 13:29:28 @multi_evo_agent_runner.py:116] Agent_0 gets win rate: 0.69.
[20260604 13:29:28 @multi_evo_agent_runner.py:115] Agent_1 gets eval reward: 226.53.
[20260604 13:29:28 @multi_evo_agent_runner.py:116] Agent_1 gets win rate: 0.29.
[20260604 13:29:28 @multi_evo_agent_runner.py:510] CRITICAL save best checkpoint with agent_0's rewards 562.01!
[20260604 13:29:28 @multi_evo_agent_runner.py:79] #------------------------ Iteration 61 --------------------------#
[20260604 13:29:41 @multi_evo_agent_runner.py:85] Sampling 50000 steps by 12 slaves, spending 12.98 s.
[20260604 13:30:35 @multi_evo_agent_runner.py:94] Policy update, spending: 53.36 s.
[20260604 13:30:37 @multi_evo_agent_runner.py:99] Evaluation time: 2.12 s.
[20260604 13:30:37 @multi_evo_agent_runner.py:105] Total time:      76.93 min
[20260604 13:30:37 @multi_evo_agent_runner.py:115] Agent_0 gets eval reward: 367.54.
[20260604 13:30:37 @multi_evo_agent_runner.py:116] Agent_0 gets win rate: 0.62.
[20260604 13:30:37 @multi_evo_agent_runner.py:115] Agent_1 gets eval reward: 404.50.
[20260604 13:30:37 @multi_evo_agent_runner.py:116] Agent_1 gets win rate: 0.37.
[20260604 13:30:37 @multi_evo_agent_runner.py:79] #------------------------ Iteration 62 --------------------------#
[20260604 13:30:51 @multi_evo_agent_runner.py:85] Sampling 50000 steps by 12 slaves, spending 13.67 s.
[20260604 13:31:46 @multi_evo_agent_runner.py:94] Policy update, spending: 54.81 s.
[20260604 13:31:48 @multi_evo_agent_runner.py:99] Evaluation time: 2.14 s.
[20260604 13:31:48 @multi_evo_agent_runner.py:105] Total time:      78.11 min
[20260604 13:31:48 @multi_evo_agent_runner.py:115] Agent_0 gets eval reward: 989.11.
[20260604 13:31:48 @multi_evo_agent_runner.py:116] Agent_0 gets win rate: 0.51.
[20260604 13:31:48 @multi_evo_agent_runner.py:115] Agent_1 gets eval reward: 457.49.
[20260604 13:31:48 @multi_evo_agent_runner.py:116] Agent_1 gets win rate: 0.47.
[20260604 13:31:48 @multi_evo_agent_runner.py:510] CRITICAL save best checkpoint with agent_0's rewards 989.11!
[20260604 13:31:48 @multi_evo_agent_runner.py:79] #------------------------ Iteration 63 --------------------------#
[20260604 13:32:03 @multi_evo_agent_runner.py:85] Sampling 50000 steps by 12 slaves, spending 15.15 s.
[20260604 13:32:59 @multi_evo_agent_runner.py:94] Policy update, spending: 55.45 s.
[20260604 13:33:00 @multi_evo_agent_runner.py:99] Evaluation time: 1.87 s.
[20260604 13:33:00 @multi_evo_agent_runner.py:105] Total time:      79.32 min
[20260604 13:33:01 @multi_evo_agent_runner.py:115] Agent_0 gets eval reward: 745.36.
[20260604 13:33:01 @multi_evo_agent_runner.py:116] Agent_0 gets win rate: 0.58.
[20260604 13:33:01 @multi_evo_agent_runner.py:115] Agent_1 gets eval reward: 402.73.
[20260604 13:33:01 @multi_evo_agent_runner.py:116] Agent_1 gets win rate: 0.40.
[20260604 13:33:01 @multi_evo_agent_runner.py:510] CRITICAL save best checkpoint with agent_0's rewards 745.36!
[20260604 13:33:01 @multi_evo_agent_runner.py:79] #------------------------ Iteration 64 --------------------------#
[20260604 13:33:16 @multi_evo_agent_runner.py:85] Sampling 50000 steps by 12 slaves, spending 15.52 s.
[20260604 13:34:10 @multi_evo_agent_runner.py:94] Policy update, spending: 53.51 s.
[20260604 13:34:12 @multi_evo_agent_runner.py:99] Evaluation time: 2.30 s.
[20260604 13:34:12 @multi_evo_agent_runner.py:105] Total time:      80.51 min
[20260604 13:34:12 @multi_evo_agent_runner.py:115] Agent_0 gets eval reward: 582.72.
[20260604 13:34:12 @multi_evo_agent_runner.py:116] Agent_0 gets win rate: 0.65.
[20260604 13:34:12 @multi_evo_agent_runner.py:115] Agent_1 gets eval reward: 255.34.
[20260604 13:34:12 @multi_evo_agent_runner.py:116] Agent_1 gets win rate: 0.33.
[20260604 13:34:12 @multi_evo_agent_runner.py:510] CRITICAL save best checkpoint with agent_0's rewards 582.72!
[20260604 13:34:12 @multi_evo_agent_runner.py:79] #------------------------ Iteration 65 --------------------------#
[20260604 13:34:26 @multi_evo_agent_runner.py:85] Sampling 50000 steps by 12 slaves, spending 13.56 s.
[20260604 13:35:21 @multi_evo_agent_runner.py:94] Policy update, spending: 54.92 s.
[20260604 13:35:22 @multi_evo_agent_runner.py:99] Evaluation time: 1.75 s.
[20260604 13:35:22 @multi_evo_agent_runner.py:105] Total time:      81.69 min
[20260604 13:35:22 @multi_evo_agent_runner.py:115] Agent_0 gets eval reward: 848.93.
[20260604 13:35:22 @multi_evo_agent_runner.py:116] Agent_0 gets win rate: 0.53.
[20260604 13:35:22 @multi_evo_agent_runner.py:115] Agent_1 gets eval reward: 576.66.
[20260604 13:35:22 @multi_evo_agent_runner.py:116] Agent_1 gets win rate: 0.41.
[20260604 13:35:22 @multi_evo_agent_runner.py:510] CRITICAL save best checkpoint with agent_0's rewards 848.93!
[20260604 13:35:23 @multi_evo_agent_runner.py:79] #------------------------ Iteration 66 --------------------------#
[20260604 13:35:38 @multi_evo_agent_runner.py:85] Sampling 50000 steps by 12 slaves, spending 14.96 s.
[20260604 13:36:31 @multi_evo_agent_runner.py:94] Policy update, spending: 53.30 s.
[20260604 13:36:33 @multi_evo_agent_runner.py:99] Evaluation time: 2.17 s.
[20260604 13:36:33 @multi_evo_agent_runner.py:105] Total time:      82.86 min
[20260604 13:36:33 @multi_evo_agent_runner.py:115] Agent_0 gets eval reward: 496.62.
[20260604 13:36:33 @multi_evo_agent_runner.py:116] Agent_0 gets win rate: 0.65.
[20260604 13:36:33 @multi_evo_agent_runner.py:115] Agent_1 gets eval reward: 374.67.
[20260604 13:36:33 @multi_evo_agent_runner.py:116] Agent_1 gets win rate: 0.35.
[20260604 13:36:33 @multi_evo_agent_runner.py:510] CRITICAL save best checkpoint with agent_0's rewards 496.62!
[20260604 13:36:33 @multi_evo_agent_runner.py:79] #------------------------ Iteration 67 --------------------------#
[20260604 13:36:47 @multi_evo_agent_runner.py:85] Sampling 50000 steps by 12 slaves, spending 14.26 s.
[20260604 13:37:42 @multi_evo_agent_runner.py:94] Policy update, spending: 54.24 s.
[20260604 13:37:44 @multi_evo_agent_runner.py:99] Evaluation time: 2.03 s.
[20260604 13:37:44 @multi_evo_agent_runner.py:105] Total time:      84.04 min
[20260604 13:37:44 @multi_evo_agent_runner.py:115] Agent_0 gets eval reward: 535.79.
[20260604 13:37:44 @multi_evo_agent_runner.py:116] Agent_0 gets win rate: 0.55.
[20260604 13:37:44 @multi_evo_agent_runner.py:115] Agent_1 gets eval reward: 348.19.
[20260604 13:37:44 @multi_evo_agent_runner.py:116] Agent_1 gets win rate: 0.43.
[20260604 13:37:44 @multi_evo_agent_runner.py:510] CRITICAL save best checkpoint with agent_0's rewards 535.79!
[20260604 13:37:44 @multi_evo_agent_runner.py:79] #------------------------ Iteration 68 --------------------------#
[20260604 13:37:59 @multi_evo_agent_runner.py:85] Sampling 50000 steps by 12 slaves, spending 14.74 s.
[20260604 13:38:56 @multi_evo_agent_runner.py:94] Policy update, spending: 57.44 s.
[20260604 13:38:58 @multi_evo_agent_runner.py:99] Evaluation time: 2.20 s.
[20260604 13:38:58 @multi_evo_agent_runner.py:105] Total time:      85.28 min
[20260604 13:38:58 @multi_evo_agent_runner.py:115] Agent_0 gets eval reward: 518.72.
[20260604 13:38:58 @multi_evo_agent_runner.py:116] Agent_0 gets win rate: 0.46.
[20260604 13:38:58 @multi_evo_agent_runner.py:115] Agent_1 gets eval reward: 326.71.
[20260604 13:38:58 @multi_evo_agent_runner.py:116] Agent_1 gets win rate: 0.51.
[20260604 13:38:59 @multi_evo_agent_runner.py:79] #------------------------ Iteration 69 --------------------------#
[20260604 13:39:14 @multi_evo_agent_runner.py:85] Sampling 50000 steps by 12 slaves, spending 15.04 s.
[20260604 13:40:08 @multi_evo_agent_runner.py:94] Policy update, spending: 54.54 s.
[20260604 13:40:10 @multi_evo_agent_runner.py:99] Evaluation time: 2.06 s.
[20260604 13:40:10 @multi_evo_agent_runner.py:105] Total time:      86.48 min
[20260604 13:40:10 @multi_evo_agent_runner.py:115] Agent_0 gets eval reward: 612.96.
[20260604 13:40:10 @multi_evo_agent_runner.py:116] Agent_0 gets win rate: 0.54.
[20260604 13:40:10 @multi_evo_agent_runner.py:115] Agent_1 gets eval reward: 293.41.
[20260604 13:40:10 @multi_evo_agent_runner.py:116] Agent_1 gets win rate: 0.47.
[20260604 13:40:10 @multi_evo_agent_runner.py:510] CRITICAL save best checkpoint with agent_0's rewards 612.96!
[20260604 13:40:10 @multi_evo_agent_runner.py:79] #------------------------ Iteration 70 --------------------------#
[20260604 13:40:25 @multi_evo_agent_runner.py:85] Sampling 50000 steps by 12 slaves, spending 14.48 s.
[20260604 13:41:18 @multi_evo_agent_runner.py:94] Policy update, spending: 53.03 s.
[20260604 13:41:20 @multi_evo_agent_runner.py:99] Evaluation time: 1.89 s.
[20260604 13:41:20 @multi_evo_agent_runner.py:105] Total time:      87.64 min
[20260604 13:41:20 @multi_evo_agent_runner.py:115] Agent_0 gets eval reward: 541.94.
[20260604 13:41:20 @multi_evo_agent_runner.py:116] Agent_0 gets win rate: 0.45.
[20260604 13:41:20 @multi_evo_agent_runner.py:115] Agent_1 gets eval reward: 179.94.
[20260604 13:41:20 @multi_evo_agent_runner.py:116] Agent_1 gets win rate: 0.55.
[20260604 13:41:20 @multi_evo_agent_runner.py:79] #------------------------ Iteration 71 --------------------------#
[20260604 13:41:35 @multi_evo_agent_runner.py:85] Sampling 50000 steps by 12 slaves, spending 14.73 s.
[20260604 13:42:17 @multi_evo_agent_runner.py:94] Policy update, spending: 42.75 s.
[20260604 13:42:19 @multi_evo_agent_runner.py:99] Evaluation time: 1.91 s.
[20260604 13:42:19 @multi_evo_agent_runner.py:105] Total time:      88.63 min
[20260604 13:42:19 @multi_evo_agent_runner.py:115] Agent_0 gets eval reward: 765.80.
[20260604 13:42:19 @multi_evo_agent_runner.py:116] Agent_0 gets win rate: 0.54.
[20260604 13:42:19 @multi_evo_agent_runner.py:115] Agent_1 gets eval reward: 508.65.
[20260604 13:42:19 @multi_evo_agent_runner.py:116] Agent_1 gets win rate: 0.40.
[20260604 13:42:19 @multi_evo_agent_runner.py:510] CRITICAL save best checkpoint with agent_0's rewards 765.80!
[20260604 13:42:20 @multi_evo_agent_runner.py:79] #------------------------ Iteration 72 --------------------------#
[20260604 13:42:33 @multi_evo_agent_runner.py:85] Sampling 50000 steps by 12 slaves, spending 13.91 s.
[20260604 13:43:14 @multi_evo_agent_runner.py:94] Policy update, spending: 40.14 s.
[20260604 13:43:16 @multi_evo_agent_runner.py:99] Evaluation time: 2.33 s.
[20260604 13:43:16 @multi_evo_agent_runner.py:105] Total time:      89.58 min
[20260604 13:43:16 @multi_evo_agent_runner.py:115] Agent_0 gets eval reward: 734.80.
[20260604 13:43:16 @multi_evo_agent_runner.py:116] Agent_0 gets win rate: 0.46.
[20260604 13:43:16 @multi_evo_agent_runner.py:115] Agent_1 gets eval reward: 325.29.
[20260604 13:43:16 @multi_evo_agent_runner.py:116] Agent_1 gets win rate: 0.48.
[20260604 13:43:16 @multi_evo_agent_runner.py:79] #------------------------ Iteration 73 --------------------------#
[20260604 13:43:31 @multi_evo_agent_runner.py:85] Sampling 50000 steps by 12 slaves, spending 14.87 s.
[20260604 13:44:19 @multi_evo_agent_runner.py:94] Policy update, spending: 47.90 s.
[20260604 13:44:21 @multi_evo_agent_runner.py:99] Evaluation time: 2.20 s.
[20260604 13:44:21 @multi_evo_agent_runner.py:105] Total time:      90.66 min
[20260604 13:44:21 @multi_evo_agent_runner.py:115] Agent_0 gets eval reward: 485.98.
[20260604 13:44:21 @multi_evo_agent_runner.py:116] Agent_0 gets win rate: 0.72.
[20260604 13:44:21 @multi_evo_agent_runner.py:115] Agent_1 gets eval reward: 329.29.
[20260604 13:44:21 @multi_evo_agent_runner.py:116] Agent_1 gets win rate: 0.25.
[20260604 13:44:21 @multi_evo_agent_runner.py:510] CRITICAL save best checkpoint with agent_0's rewards 485.98!
[20260604 13:44:21 @multi_evo_agent_runner.py:79] #------------------------ Iteration 74 --------------------------#
[20260604 13:44:34 @multi_evo_agent_runner.py:85] Sampling 50000 steps by 12 slaves, spending 12.31 s.
[20260604 13:45:25 @multi_evo_agent_runner.py:94] Policy update, spending: 51.50 s.
[20260604 13:45:28 @multi_evo_agent_runner.py:99] Evaluation time: 2.44 s.
[20260604 13:45:28 @multi_evo_agent_runner.py:105] Total time:      91.77 min
[20260604 13:45:28 @multi_evo_agent_runner.py:115] Agent_0 gets eval reward: 618.24.
[20260604 13:45:28 @multi_evo_agent_runner.py:116] Agent_0 gets win rate: 0.45.
[20260604 13:45:28 @multi_evo_agent_runner.py:115] Agent_1 gets eval reward: 179.46.
[20260604 13:45:28 @multi_evo_agent_runner.py:116] Agent_1 gets win rate: 0.53.
[20260604 13:45:28 @multi_evo_agent_runner.py:510] CRITICAL save best checkpoint with agent_0's rewards 618.24!
[20260604 13:45:28 @multi_evo_agent_runner.py:79] #------------------------ Iteration 75 --------------------------#
[20260604 13:45:41 @multi_evo_agent_runner.py:85] Sampling 50000 steps by 12 slaves, spending 13.58 s.
[20260604 13:46:57 @multi_evo_agent_runner.py:94] Policy update, spending: 75.47 s.
[20260604 13:46:59 @multi_evo_agent_runner.py:99] Evaluation time: 2.40 s.
[20260604 13:46:59 @multi_evo_agent_runner.py:105] Total time:      93.30 min
[20260604 13:46:59 @multi_evo_agent_runner.py:115] Agent_0 gets eval reward: 629.67.
[20260604 13:46:59 @multi_evo_agent_runner.py:116] Agent_0 gets win rate: 0.67.
[20260604 13:46:59 @multi_evo_agent_runner.py:115] Agent_1 gets eval reward: 487.45.
[20260604 13:46:59 @multi_evo_agent_runner.py:116] Agent_1 gets win rate: 0.31.
[20260604 13:46:59 @multi_evo_agent_runner.py:510] CRITICAL save best checkpoint with agent_0's rewards 629.67!
[20260604 13:46:59 @multi_evo_agent_runner.py:79] #------------------------ Iteration 76 --------------------------#
[20260604 13:47:14 @multi_evo_agent_runner.py:85] Sampling 50000 steps by 12 slaves, spending 14.71 s.
[20260604 13:48:08 @multi_evo_agent_runner.py:94] Policy update, spending: 54.16 s.
[20260604 13:48:11 @multi_evo_agent_runner.py:99] Evaluation time: 2.34 s.
[20260604 13:48:11 @multi_evo_agent_runner.py:105] Total time:      94.49 min
[20260604 13:48:11 @multi_evo_agent_runner.py:115] Agent_0 gets eval reward: 609.20.
[20260604 13:48:11 @multi_evo_agent_runner.py:116] Agent_0 gets win rate: 0.32.
[20260604 13:48:11 @multi_evo_agent_runner.py:115] Agent_1 gets eval reward: 249.41.
[20260604 13:48:11 @multi_evo_agent_runner.py:116] Agent_1 gets win rate: 0.57.
[20260604 13:48:11 @multi_evo_agent_runner.py:79] #------------------------ Iteration 77 --------------------------#
[20260604 13:48:24 @multi_evo_agent_runner.py:85] Sampling 50000 steps by 12 slaves, spending 13.04 s.
[20260604 13:49:20 @multi_evo_agent_runner.py:94] Policy update, spending: 55.55 s.
[20260604 13:49:22 @multi_evo_agent_runner.py:99] Evaluation time: 2.11 s.
[20260604 13:49:22 @multi_evo_agent_runner.py:105] Total time:      95.67 min
[20260604 13:49:22 @multi_evo_agent_runner.py:115] Agent_0 gets eval reward: 524.65.
[20260604 13:49:22 @multi_evo_agent_runner.py:116] Agent_0 gets win rate: 0.36.
[20260604 13:49:22 @multi_evo_agent_runner.py:115] Agent_1 gets eval reward: 666.96.
[20260604 13:49:22 @multi_evo_agent_runner.py:116] Agent_1 gets win rate: 0.40.
[20260604 13:49:22 @multi_evo_agent_runner.py:510] CRITICAL save best checkpoint with agent_1's rewards 666.96!
[20260604 13:49:22 @multi_evo_agent_runner.py:79] #------------------------ Iteration 78 --------------------------#
[20260604 13:49:35 @multi_evo_agent_runner.py:85] Sampling 50000 steps by 12 slaves, spending 13.48 s.
[20260604 13:50:31 @multi_evo_agent_runner.py:94] Policy update, spending: 55.72 s.
[20260604 13:50:33 @multi_evo_agent_runner.py:99] Evaluation time: 1.90 s.
[20260604 13:50:33 @multi_evo_agent_runner.py:105] Total time:      96.86 min
[20260604 13:50:33 @multi_evo_agent_runner.py:115] Agent_0 gets eval reward: 860.44.
[20260604 13:50:33 @multi_evo_agent_runner.py:116] Agent_0 gets win rate: 0.47.
[20260604 13:50:33 @multi_evo_agent_runner.py:115] Agent_1 gets eval reward: 549.91.
[20260604 13:50:33 @multi_evo_agent_runner.py:116] Agent_1 gets win rate: 0.53.
[20260604 13:50:33 @multi_evo_agent_runner.py:510] CRITICAL save best checkpoint with agent_0's rewards 860.44!
[20260604 13:50:33 @multi_evo_agent_runner.py:510] CRITICAL save best checkpoint with agent_1's rewards 549.91!
[20260604 13:50:33 @multi_evo_agent_runner.py:79] #------------------------ Iteration 79 --------------------------#
[20260604 13:50:49 @multi_evo_agent_runner.py:85] Sampling 50000 steps by 12 slaves, spending 15.42 s.
[20260604 13:51:44 @multi_evo_agent_runner.py:94] Policy update, spending: 55.41 s.
[20260604 13:51:47 @multi_evo_agent_runner.py:99] Evaluation time: 2.88 s.
[20260604 13:51:47 @multi_evo_agent_runner.py:105] Total time:      98.09 min
[20260604 13:51:47 @multi_evo_agent_runner.py:115] Agent_0 gets eval reward: 526.36.
[20260604 13:51:47 @multi_evo_agent_runner.py:116] Agent_0 gets win rate: 0.40.
[20260604 13:51:47 @multi_evo_agent_runner.py:115] Agent_1 gets eval reward: 714.90.
[20260604 13:51:47 @multi_evo_agent_runner.py:116] Agent_1 gets win rate: 0.49.
[20260604 13:51:47 @multi_evo_agent_runner.py:510] CRITICAL save best checkpoint with agent_1's rewards 714.90!
[20260604 13:51:47 @multi_evo_agent_runner.py:79] #------------------------ Iteration 80 --------------------------#
[20260604 13:52:02 @multi_evo_agent_runner.py:85] Sampling 50000 steps by 12 slaves, spending 15.21 s.
[20260604 13:52:57 @multi_evo_agent_runner.py:94] Policy update, spending: 54.60 s.
[20260604 13:52:59 @multi_evo_agent_runner.py:99] Evaluation time: 2.11 s.
[20260604 13:52:59 @multi_evo_agent_runner.py:105] Total time:      99.30 min
[20260604 13:52:59 @multi_evo_agent_runner.py:115] Agent_0 gets eval reward: 500.12.
[20260604 13:52:59 @multi_evo_agent_runner.py:116] Agent_0 gets win rate: 0.55.
[20260604 13:52:59 @multi_evo_agent_runner.py:115] Agent_1 gets eval reward: 458.80.
[20260604 13:52:59 @multi_evo_agent_runner.py:116] Agent_1 gets win rate: 0.42.
[20260604 13:52:59 @multi_evo_agent_runner.py:510] CRITICAL save best checkpoint with agent_0's rewards 500.12!
[20260604 13:52:59 @multi_evo_agent_runner.py:79] #------------------------ Iteration 81 --------------------------#
[20260604 13:53:18 @multi_evo_agent_runner.py:85] Sampling 50000 steps by 12 slaves, spending 18.70 s.
[20260604 13:54:12 @multi_evo_agent_runner.py:94] Policy update, spending: 54.11 s.
[20260604 13:54:14 @multi_evo_agent_runner.py:99] Evaluation time: 1.99 s.
[20260604 13:54:14 @multi_evo_agent_runner.py:105] Total time:     100.55 min
[20260604 13:54:14 @multi_evo_agent_runner.py:115] Agent_0 gets eval reward: 575.81.
[20260604 13:54:14 @multi_evo_agent_runner.py:116] Agent_0 gets win rate: 0.57.
[20260604 13:54:14 @multi_evo_agent_runner.py:115] Agent_1 gets eval reward: 779.01.
[20260604 13:54:14 @multi_evo_agent_runner.py:116] Agent_1 gets win rate: 0.39.
[20260604 13:54:14 @multi_evo_agent_runner.py:510] CRITICAL save best checkpoint with agent_0's rewards 575.81!
[20260604 13:54:14 @multi_evo_agent_runner.py:510] CRITICAL save best checkpoint with agent_1's rewards 779.01!
[20260604 13:54:14 @multi_evo_agent_runner.py:79] #------------------------ Iteration 82 --------------------------#
[20260604 13:54:35 @multi_evo_agent_runner.py:85] Sampling 50000 steps by 12 slaves, spending 20.79 s.
[20260604 13:55:28 @multi_evo_agent_runner.py:94] Policy update, spending: 52.93 s.
[20260604 13:55:30 @multi_evo_agent_runner.py:99] Evaluation time: 2.09 s.
[20260604 13:55:30 @multi_evo_agent_runner.py:105] Total time:     101.81 min
[20260604 13:55:30 @multi_evo_agent_runner.py:115] Agent_0 gets eval reward: 518.23.
[20260604 13:55:30 @multi_evo_agent_runner.py:116] Agent_0 gets win rate: 0.56.
[20260604 13:55:30 @multi_evo_agent_runner.py:115] Agent_1 gets eval reward: 339.11.
[20260604 13:55:30 @multi_evo_agent_runner.py:116] Agent_1 gets win rate: 0.43.
[20260604 13:55:30 @multi_evo_agent_runner.py:510] CRITICAL save best checkpoint with agent_1's rewards 339.11!
[20260604 13:55:30 @multi_evo_agent_runner.py:79] #------------------------ Iteration 83 --------------------------#
[20260604 13:55:51 @multi_evo_agent_runner.py:85] Sampling 50000 steps by 12 slaves, spending 21.06 s.
[20260604 13:57:01 @multi_evo_agent_runner.py:94] Policy update, spending: 69.86 s.
[20260604 13:57:03 @multi_evo_agent_runner.py:99] Evaluation time: 1.78 s.
[20260604 13:57:03 @multi_evo_agent_runner.py:105] Total time:     103.36 min
[20260604 13:57:03 @multi_evo_agent_runner.py:115] Agent_0 gets eval reward: 488.50.
[20260604 13:57:03 @multi_evo_agent_runner.py:116] Agent_0 gets win rate: 0.41.
[20260604 13:57:03 @multi_evo_agent_runner.py:115] Agent_1 gets eval reward: 260.23.
[20260604 13:57:03 @multi_evo_agent_runner.py:116] Agent_1 gets win rate: 0.59.
[20260604 13:57:03 @multi_evo_agent_runner.py:510] CRITICAL save best checkpoint with agent_1's rewards 260.23!
[20260604 13:57:03 @multi_evo_agent_runner.py:79] #------------------------ Iteration 84 --------------------------#
[20260604 13:57:25 @multi_evo_agent_runner.py:85] Sampling 50000 steps by 12 slaves, spending 21.69 s.
[20260604 13:58:57 @multi_evo_agent_runner.py:94] Policy update, spending: 92.39 s.
[20260604 13:59:02 @multi_evo_agent_runner.py:99] Evaluation time: 4.53 s.
[20260604 13:59:02 @multi_evo_agent_runner.py:105] Total time:     105.34 min
[20260604 13:59:02 @multi_evo_agent_runner.py:115] Agent_0 gets eval reward: 380.28.
[20260604 13:59:02 @multi_evo_agent_runner.py:116] Agent_0 gets win rate: 0.47.
[20260604 13:59:02 @multi_evo_agent_runner.py:115] Agent_1 gets eval reward: 187.74.
[20260604 13:59:02 @multi_evo_agent_runner.py:116] Agent_1 gets win rate: 0.52.
[20260604 13:59:02 @multi_evo_agent_runner.py:79] #------------------------ Iteration 85 --------------------------#
[20260604 13:59:15 @multi_evo_agent_runner.py:85] Sampling 50000 steps by 12 slaves, spending 13.61 s.
[20260604 14:00:11 @multi_evo_agent_runner.py:94] Policy update, spending: 55.36 s.
[20260604 14:00:13 @multi_evo_agent_runner.py:99] Evaluation time: 1.97 s.
[20260604 14:00:13 @multi_evo_agent_runner.py:105] Total time:     106.53 min
[20260604 14:00:13 @multi_evo_agent_runner.py:115] Agent_0 gets eval reward: 649.05.
[20260604 14:00:13 @multi_evo_agent_runner.py:116] Agent_0 gets win rate: 0.45.
[20260604 14:00:13 @multi_evo_agent_runner.py:115] Agent_1 gets eval reward: 253.83.
[20260604 14:00:13 @multi_evo_agent_runner.py:116] Agent_1 gets win rate: 0.52.
[20260604 14:00:13 @multi_evo_agent_runner.py:510] CRITICAL save best checkpoint with agent_0's rewards 649.05!
[20260604 14:00:13 @multi_evo_agent_runner.py:79] #------------------------ Iteration 86 --------------------------#
[20260604 14:00:28 @multi_evo_agent_runner.py:85] Sampling 50000 steps by 12 slaves, spending 15.00 s.
[20260604 14:01:21 @multi_evo_agent_runner.py:94] Policy update, spending: 53.19 s.
[20260604 14:01:24 @multi_evo_agent_runner.py:99] Evaluation time: 3.02 s.
[20260604 14:01:24 @multi_evo_agent_runner.py:105] Total time:     107.72 min
[20260604 14:01:24 @multi_evo_agent_runner.py:115] Agent_0 gets eval reward: 635.81.
[20260604 14:01:24 @multi_evo_agent_runner.py:116] Agent_0 gets win rate: 0.72.
[20260604 14:01:24 @multi_evo_agent_runner.py:115] Agent_1 gets eval reward: 187.22.
[20260604 14:01:24 @multi_evo_agent_runner.py:116] Agent_1 gets win rate: 0.28.
[20260604 14:01:24 @multi_evo_agent_runner.py:510] CRITICAL save best checkpoint with agent_0's rewards 635.81!
[20260604 14:01:24 @multi_evo_agent_runner.py:79] #------------------------ Iteration 87 --------------------------#
[20260604 14:01:38 @multi_evo_agent_runner.py:85] Sampling 50000 steps by 12 slaves, spending 14.05 s.
[20260604 14:02:30 @multi_evo_agent_runner.py:94] Policy update, spending: 51.34 s.
[20260604 14:02:33 @multi_evo_agent_runner.py:99] Evaluation time: 3.35 s.
[20260604 14:02:33 @multi_evo_agent_runner.py:105] Total time:     108.86 min
[20260604 14:02:33 @multi_evo_agent_runner.py:115] Agent_0 gets eval reward: 979.01.
[20260604 14:02:33 @multi_evo_agent_runner.py:116] Agent_0 gets win rate: 0.51.
[20260604 14:02:33 @multi_evo_agent_runner.py:115] Agent_1 gets eval reward: 523.83.
[20260604 14:02:33 @multi_evo_agent_runner.py:116] Agent_1 gets win rate: 0.52.
[20260604 14:02:33 @multi_evo_agent_runner.py:510] CRITICAL save best checkpoint with agent_0's rewards 979.01!
[20260604 14:02:33 @multi_evo_agent_runner.py:510] CRITICAL save best checkpoint with agent_1's rewards 523.83!
[20260604 14:02:33 @multi_evo_agent_runner.py:79] #------------------------ Iteration 88 --------------------------#
[20260604 14:02:48 @multi_evo_agent_runner.py:85] Sampling 50000 steps by 12 slaves, spending 14.30 s.
[20260604 14:03:43 @multi_evo_agent_runner.py:94] Policy update, spending: 55.77 s.
[20260604 14:03:46 @multi_evo_agent_runner.py:99] Evaluation time: 2.53 s.
[20260604 14:03:46 @multi_evo_agent_runner.py:105] Total time:     110.08 min
[20260604 14:03:46 @multi_evo_agent_runner.py:115] Agent_0 gets eval reward: 643.99.
[20260604 14:03:46 @multi_evo_agent_runner.py:116] Agent_0 gets win rate: 0.55.
[20260604 14:03:46 @multi_evo_agent_runner.py:115] Agent_1 gets eval reward: 289.55.
[20260604 14:03:46 @multi_evo_agent_runner.py:116] Agent_1 gets win rate: 0.44.
[20260604 14:03:46 @multi_evo_agent_runner.py:510] CRITICAL save best checkpoint with agent_0's rewards 643.99!
[20260604 14:03:46 @multi_evo_agent_runner.py:79] #------------------------ Iteration 89 --------------------------#
[20260604 14:03:59 @multi_evo_agent_runner.py:85] Sampling 50000 steps by 12 slaves, spending 13.09 s.
[20260604 14:04:57 @multi_evo_agent_runner.py:94] Policy update, spending: 57.63 s.
[20260604 14:04:59 @multi_evo_agent_runner.py:99] Evaluation time: 1.85 s.
[20260604 14:04:59 @multi_evo_agent_runner.py:105] Total time:     111.29 min
[20260604 14:04:59 @multi_evo_agent_runner.py:115] Agent_0 gets eval reward: 612.55.
[20260604 14:04:59 @multi_evo_agent_runner.py:116] Agent_0 gets win rate: 0.55.
[20260604 14:04:59 @multi_evo_agent_runner.py:115] Agent_1 gets eval reward: 223.69.
[20260604 14:04:59 @multi_evo_agent_runner.py:116] Agent_1 gets win rate: 0.43.
[20260604 14:04:59 @multi_evo_agent_runner.py:510] CRITICAL save best checkpoint with agent_0's rewards 612.55!
[20260604 14:04:59 @multi_evo_agent_runner.py:79] #------------------------ Iteration 90 --------------------------#
[20260604 14:05:14 @multi_evo_agent_runner.py:85] Sampling 50000 steps by 12 slaves, spending 14.89 s.
[20260604 14:06:12 @multi_evo_agent_runner.py:94] Policy update, spending: 57.72 s.
[20260604 14:06:14 @multi_evo_agent_runner.py:99] Evaluation time: 2.43 s.
[20260604 14:06:14 @multi_evo_agent_runner.py:105] Total time:     112.55 min
[20260604 14:06:14 @multi_evo_agent_runner.py:115] Agent_0 gets eval reward: 940.58.
[20260604 14:06:14 @multi_evo_agent_runner.py:116] Agent_0 gets win rate: 0.47.
[20260604 14:06:14 @multi_evo_agent_runner.py:115] Agent_1 gets eval reward: 385.26.
[20260604 14:06:14 @multi_evo_agent_runner.py:116] Agent_1 gets win rate: 0.52.
[20260604 14:06:14 @multi_evo_agent_runner.py:510] CRITICAL save best checkpoint with agent_0's rewards 940.58!
[20260604 14:06:14 @multi_evo_agent_runner.py:79] #------------------------ Iteration 91 --------------------------#
[20260604 14:06:27 @multi_evo_agent_runner.py:85] Sampling 50000 steps by 12 slaves, spending 13.25 s.
[20260604 14:07:22 @multi_evo_agent_runner.py:94] Policy update, spending: 54.98 s.
[20260604 14:07:24 @multi_evo_agent_runner.py:99] Evaluation time: 1.88 s.
[20260604 14:07:24 @multi_evo_agent_runner.py:105] Total time:     113.72 min
[20260604 14:07:24 @multi_evo_agent_runner.py:115] Agent_0 gets eval reward: 557.02.
[20260604 14:07:24 @multi_evo_agent_runner.py:116] Agent_0 gets win rate: 0.56.
[20260604 14:07:24 @multi_evo_agent_runner.py:115] Agent_1 gets eval reward: 316.83.
[20260604 14:07:24 @multi_evo_agent_runner.py:116] Agent_1 gets win rate: 0.43.
[20260604 14:07:24 @multi_evo_agent_runner.py:510] CRITICAL save best checkpoint with agent_0's rewards 557.02!
[20260604 14:07:25 @multi_evo_agent_runner.py:79] #------------------------ Iteration 92 --------------------------#
[20260604 14:07:38 @multi_evo_agent_runner.py:85] Sampling 50000 steps by 12 slaves, spending 13.62 s.
[20260604 14:08:43 @multi_evo_agent_runner.py:94] Policy update, spending: 65.26 s.
[20260604 14:08:45 @multi_evo_agent_runner.py:99] Evaluation time: 1.82 s.
[20260604 14:08:45 @multi_evo_agent_runner.py:105] Total time:     115.07 min
[20260604 14:08:45 @multi_evo_agent_runner.py:115] Agent_0 gets eval reward: 555.50.
[20260604 14:08:45 @multi_evo_agent_runner.py:116] Agent_0 gets win rate: 0.45.
[20260604 14:08:45 @multi_evo_agent_runner.py:115] Agent_1 gets eval reward: 337.92.
[20260604 14:08:45 @multi_evo_agent_runner.py:116] Agent_1 gets win rate: 0.54.
[20260604 14:08:45 @multi_evo_agent_runner.py:510] CRITICAL save best checkpoint with agent_1's rewards 337.92!
[20260604 14:08:45 @multi_evo_agent_runner.py:79] #------------------------ Iteration 93 --------------------------#
[20260604 14:08:59 @multi_evo_agent_runner.py:85] Sampling 50000 steps by 12 slaves, spending 14.06 s.
[20260604 14:09:51 @multi_evo_agent_runner.py:94] Policy update, spending: 52.00 s.
[20260604 14:09:53 @multi_evo_agent_runner.py:99] Evaluation time: 1.89 s.
[20260604 14:09:53 @multi_evo_agent_runner.py:105] Total time:     116.20 min
[20260604 14:09:53 @multi_evo_agent_runner.py:115] Agent_0 gets eval reward: 509.70.
[20260604 14:09:53 @multi_evo_agent_runner.py:116] Agent_0 gets win rate: 0.55.
[20260604 14:09:53 @multi_evo_agent_runner.py:115] Agent_1 gets eval reward: 306.93.
[20260604 14:09:53 @multi_evo_agent_runner.py:116] Agent_1 gets win rate: 0.42.
[20260604 14:09:54 @multi_evo_agent_runner.py:79] #------------------------ Iteration 94 --------------------------#
[20260604 14:10:07 @multi_evo_agent_runner.py:85] Sampling 50000 steps by 12 slaves, spending 13.81 s.
[20260604 14:11:08 @multi_evo_agent_runner.py:94] Policy update, spending: 61.05 s.
[20260604 14:11:10 @multi_evo_agent_runner.py:99] Evaluation time: 1.82 s.
[20260604 14:11:10 @multi_evo_agent_runner.py:105] Total time:     117.48 min
[20260604 14:11:10 @multi_evo_agent_runner.py:115] Agent_0 gets eval reward: 593.42.
[20260604 14:11:10 @multi_evo_agent_runner.py:116] Agent_0 gets win rate: 0.51.
[20260604 14:11:10 @multi_evo_agent_runner.py:115] Agent_1 gets eval reward: 555.16.
[20260604 14:11:10 @multi_evo_agent_runner.py:116] Agent_1 gets win rate: 0.39.
[20260604 14:11:10 @multi_evo_agent_runner.py:510] CRITICAL save best checkpoint with agent_0's rewards 593.42!
[20260604 14:11:10 @multi_evo_agent_runner.py:510] CRITICAL save best checkpoint with agent_1's rewards 555.16!
[20260604 14:11:10 @multi_evo_agent_runner.py:79] #------------------------ Iteration 95 --------------------------#
[20260604 14:11:25 @multi_evo_agent_runner.py:85] Sampling 50000 steps by 12 slaves, spending 14.28 s.
[20260604 14:12:18 @multi_evo_agent_runner.py:94] Policy update, spending: 52.82 s.
[20260604 14:12:19 @multi_evo_agent_runner.py:99] Evaluation time: 1.64 s.
[20260604 14:12:19 @multi_evo_agent_runner.py:105] Total time:     118.63 min
[20260604 14:12:19 @multi_evo_agent_runner.py:115] Agent_0 gets eval reward: 681.39.
[20260604 14:12:19 @multi_evo_agent_runner.py:116] Agent_0 gets win rate: 0.43.
[20260604 14:12:19 @multi_evo_agent_runner.py:115] Agent_1 gets eval reward: 325.74.
[20260604 14:12:19 @multi_evo_agent_runner.py:116] Agent_1 gets win rate: 0.57.
[20260604 14:12:19 @multi_evo_agent_runner.py:510] CRITICAL save best checkpoint with agent_0's rewards 681.39!
[20260604 14:12:19 @multi_evo_agent_runner.py:510] CRITICAL save best checkpoint with agent_1's rewards 325.74!
[20260604 14:12:19 @multi_evo_agent_runner.py:79] #------------------------ Iteration 96 --------------------------#
[20260604 14:12:33 @multi_evo_agent_runner.py:85] Sampling 50000 steps by 12 slaves, spending 14.07 s.
[20260604 14:13:24 @multi_evo_agent_runner.py:94] Policy update, spending: 50.88 s.
[20260604 14:13:26 @multi_evo_agent_runner.py:99] Evaluation time: 1.67 s.
[20260604 14:13:26 @multi_evo_agent_runner.py:105] Total time:     119.75 min
[20260604 14:13:26 @multi_evo_agent_runner.py:115] Agent_0 gets eval reward: 731.39.
[20260604 14:13:26 @multi_evo_agent_runner.py:116] Agent_0 gets win rate: 0.46.
[20260604 14:13:26 @multi_evo_agent_runner.py:115] Agent_1 gets eval reward: 615.10.
[20260604 14:13:26 @multi_evo_agent_runner.py:116] Agent_1 gets win rate: 0.54.
[20260604 14:13:26 @multi_evo_agent_runner.py:510] CRITICAL save best checkpoint with agent_0's rewards 731.39!
[20260604 14:13:26 @multi_evo_agent_runner.py:510] CRITICAL save best checkpoint with agent_1's rewards 615.10!
[20260604 14:13:26 @multi_evo_agent_runner.py:79] #------------------------ Iteration 97 --------------------------#
[20260604 14:13:40 @multi_evo_agent_runner.py:85] Sampling 50000 steps by 12 slaves, spending 13.98 s.
[20260604 14:14:37 @multi_evo_agent_runner.py:94] Policy update, spending: 57.05 s.
[20260604 14:14:39 @multi_evo_agent_runner.py:99] Evaluation time: 2.11 s.
[20260604 14:14:39 @multi_evo_agent_runner.py:105] Total time:     120.97 min
[20260604 14:14:39 @multi_evo_agent_runner.py:115] Agent_0 gets eval reward: 688.29.
[20260604 14:14:39 @multi_evo_agent_runner.py:116] Agent_0 gets win rate: 0.48.
[20260604 14:14:39 @multi_evo_agent_runner.py:115] Agent_1 gets eval reward: 334.73.
[20260604 14:14:39 @multi_evo_agent_runner.py:116] Agent_1 gets win rate: 0.52.
[20260604 14:14:39 @multi_evo_agent_runner.py:510] CRITICAL save best checkpoint with agent_0's rewards 688.29!
[20260604 14:14:39 @multi_evo_agent_runner.py:79] #------------------------ Iteration 98 --------------------------#
[20260604 14:14:54 @multi_evo_agent_runner.py:85] Sampling 50000 steps by 12 slaves, spending 14.24 s.
[20260604 14:15:50 @multi_evo_agent_runner.py:94] Policy update, spending: 55.85 s.
[20260604 14:15:52 @multi_evo_agent_runner.py:99] Evaluation time: 2.22 s.
[20260604 14:15:52 @multi_evo_agent_runner.py:105] Total time:     122.18 min
[20260604 14:15:52 @multi_evo_agent_runner.py:115] Agent_0 gets eval reward: 546.74.
[20260604 14:15:52 @multi_evo_agent_runner.py:116] Agent_0 gets win rate: 0.46.
[20260604 14:15:52 @multi_evo_agent_runner.py:115] Agent_1 gets eval reward: 593.25.
[20260604 14:15:52 @multi_evo_agent_runner.py:116] Agent_1 gets win rate: 0.51.
[20260604 14:15:52 @multi_evo_agent_runner.py:79] #------------------------ Iteration 99 --------------------------#
[20260604 14:16:06 @multi_evo_agent_runner.py:85] Sampling 50000 steps by 12 slaves, spending 13.66 s.
[20260604 14:17:18 @multi_evo_agent_runner.py:94] Policy update, spending: 72.59 s.
[20260604 14:17:21 @multi_evo_agent_runner.py:99] Evaluation time: 2.25 s.
[20260604 14:17:21 @multi_evo_agent_runner.py:105] Total time:     123.65 min
[20260604 14:17:21 @multi_evo_agent_runner.py:115] Agent_0 gets eval reward: 528.95.
[20260604 14:17:21 @multi_evo_agent_runner.py:116] Agent_0 gets win rate: 0.44.
[20260604 14:17:21 @multi_evo_agent_runner.py:115] Agent_1 gets eval reward: 477.16.
[20260604 14:17:21 @multi_evo_agent_runner.py:116] Agent_1 gets win rate: 0.56.
[20260604 14:17:21 @multi_evo_agent_runner.py:510] CRITICAL save best checkpoint with agent_1's rewards 477.16!
[20260604 14:17:21 @multi_evo_agent_runner.py:79] #------------------------ Iteration 100 --------------------------#
[20260604 14:17:35 @multi_evo_agent_runner.py:85] Sampling 50000 steps by 12 slaves, spending 14.36 s.
[20260604 14:18:29 @multi_evo_agent_runner.py:94] Policy update, spending: 54.30 s.
[20260604 14:18:31 @multi_evo_agent_runner.py:99] Evaluation time: 1.75 s.
[20260604 14:18:31 @multi_evo_agent_runner.py:105] Total time:     124.83 min
[20260604 14:18:31 @multi_evo_agent_runner.py:115] Agent_0 gets eval reward: 533.29.
[20260604 14:18:31 @multi_evo_agent_runner.py:116] Agent_0 gets win rate: 0.47.
[20260604 14:18:31 @multi_evo_agent_runner.py:115] Agent_1 gets eval reward: 273.64.
[20260604 14:18:31 @multi_evo_agent_runner.py:116] Agent_1 gets win rate: 0.53.
[20260604 14:18:31 @multi_evo_agent_runner.py:79] #------------------------ Iteration 101 --------------------------#
[20260604 14:18:46 @multi_evo_agent_runner.py:85] Sampling 50000 steps by 12 slaves, spending 14.54 s.
[20260604 14:19:41 @multi_evo_agent_runner.py:94] Policy update, spending: 54.80 s.
[20260604 14:19:43 @multi_evo_agent_runner.py:99] Evaluation time: 1.91 s.
[20260604 14:19:43 @multi_evo_agent_runner.py:105] Total time:     126.02 min
[20260604 14:19:43 @multi_evo_agent_runner.py:115] Agent_0 gets eval reward: 437.29.
[20260604 14:19:43 @multi_evo_agent_runner.py:116] Agent_0 gets win rate: 0.36.
[20260604 14:19:43 @multi_evo_agent_runner.py:115] Agent_1 gets eval reward: 237.25.
[20260604 14:19:43 @multi_evo_agent_runner.py:116] Agent_1 gets win rate: 0.62.
[20260604 14:19:43 @multi_evo_agent_runner.py:510] CRITICAL save best checkpoint with agent_1's rewards 237.25!
[20260604 14:19:43 @multi_evo_agent_runner.py:79] #------------------------ Iteration 102 --------------------------#
[20260604 14:20:00 @multi_evo_agent_runner.py:85] Sampling 50000 steps by 12 slaves, spending 17.02 s.
[20260604 14:20:53 @multi_evo_agent_runner.py:94] Policy update, spending: 52.80 s.
[20260604 14:20:55 @multi_evo_agent_runner.py:99] Evaluation time: 2.19 s.
[20260604 14:20:55 @multi_evo_agent_runner.py:105] Total time:     127.23 min
[20260604 14:20:55 @multi_evo_agent_runner.py:115] Agent_0 gets eval reward: 721.75.
[20260604 14:20:55 @multi_evo_agent_runner.py:116] Agent_0 gets win rate: 0.48.
[20260604 14:20:55 @multi_evo_agent_runner.py:115] Agent_1 gets eval reward: 490.95.
[20260604 14:20:55 @multi_evo_agent_runner.py:116] Agent_1 gets win rate: 0.51.
[20260604 14:20:55 @multi_evo_agent_runner.py:510] CRITICAL save best checkpoint with agent_0's rewards 721.75!
[20260604 14:20:55 @multi_evo_agent_runner.py:510] CRITICAL save best checkpoint with agent_1's rewards 490.95!
[20260604 14:20:55 @multi_evo_agent_runner.py:79] #------------------------ Iteration 103 --------------------------#
[20260604 14:21:15 @multi_evo_agent_runner.py:85] Sampling 50000 steps by 12 slaves, spending 19.80 s.
[20260604 14:22:08 @multi_evo_agent_runner.py:94] Policy update, spending: 52.99 s.
[20260604 14:22:10 @multi_evo_agent_runner.py:99] Evaluation time: 2.49 s.
[20260604 14:22:10 @multi_evo_agent_runner.py:105] Total time:     128.48 min
[20260604 14:22:10 @multi_evo_agent_runner.py:115] Agent_0 gets eval reward: 691.51.
[20260604 14:22:10 @multi_evo_agent_runner.py:116] Agent_0 gets win rate: 0.40.
[20260604 14:22:10 @multi_evo_agent_runner.py:115] Agent_1 gets eval reward: 716.99.
[20260604 14:22:10 @multi_evo_agent_runner.py:116] Agent_1 gets win rate: 0.56.
[20260604 14:22:10 @multi_evo_agent_runner.py:510] CRITICAL save best checkpoint with agent_1's rewards 716.99!
[20260604 14:22:11 @multi_evo_agent_runner.py:79] #------------------------ Iteration 104 --------------------------#
[20260604 14:22:32 @multi_evo_agent_runner.py:85] Sampling 50000 steps by 12 slaves, spending 21.55 s.
[20260604 14:23:38 @multi_evo_agent_runner.py:94] Policy update, spending: 66.29 s.
[20260604 14:23:41 @multi_evo_agent_runner.py:99] Evaluation time: 2.98 s.
[20260604 14:23:41 @multi_evo_agent_runner.py:105] Total time:     130.00 min
[20260604 14:23:42 @multi_evo_agent_runner.py:115] Agent_0 gets eval reward: 597.29.
[20260604 14:23:42 @multi_evo_agent_runner.py:116] Agent_0 gets win rate: 0.66.
[20260604 14:23:42 @multi_evo_agent_runner.py:115] Agent_1 gets eval reward: 296.01.
[20260604 14:23:42 @multi_evo_agent_runner.py:116] Agent_1 gets win rate: 0.34.
[20260604 14:23:42 @multi_evo_agent_runner.py:510] CRITICAL save best checkpoint with agent_0's rewards 597.29!
[20260604 14:23:42 @multi_evo_agent_runner.py:79] #------------------------ Iteration 105 --------------------------#
[20260604 14:24:02 @multi_evo_agent_runner.py:85] Sampling 50000 steps by 12 slaves, spending 19.71 s.
[20260604 14:25:19 @multi_evo_agent_runner.py:94] Policy update, spending: 76.92 s.
[20260604 14:25:23 @multi_evo_agent_runner.py:99] Evaluation time: 4.42 s.
[20260604 14:25:23 @multi_evo_agent_runner.py:105] Total time:     131.70 min
[20260604 14:25:23 @multi_evo_agent_runner.py:115] Agent_0 gets eval reward: 589.66.
[20260604 14:25:23 @multi_evo_agent_runner.py:116] Agent_0 gets win rate: 0.39.
[20260604 14:25:23 @multi_evo_agent_runner.py:115] Agent_1 gets eval reward: 547.80.
[20260604 14:25:23 @multi_evo_agent_runner.py:116] Agent_1 gets win rate: 0.61.
[20260604 14:25:23 @multi_evo_agent_runner.py:510] CRITICAL save best checkpoint with agent_1's rewards 547.80!
[20260604 14:25:24 @multi_evo_agent_runner.py:79] #------------------------ Iteration 106 --------------------------#
[20260604 14:25:40 @multi_evo_agent_runner.py:85] Sampling 50000 steps by 12 slaves, spending 16.91 s.
[20260604 14:26:40 @multi_evo_agent_runner.py:94] Policy update, spending: 59.29 s.
[20260604 14:26:42 @multi_evo_agent_runner.py:99] Evaluation time: 2.06 s.
[20260604 14:26:42 @multi_evo_agent_runner.py:105] Total time:     133.01 min
[20260604 14:26:42 @multi_evo_agent_runner.py:115] Agent_0 gets eval reward: 338.51.
[20260604 14:26:42 @multi_evo_agent_runner.py:116] Agent_0 gets win rate: 0.49.
[20260604 14:26:42 @multi_evo_agent_runner.py:115] Agent_1 gets eval reward: 284.46.
[20260604 14:26:42 @multi_evo_agent_runner.py:116] Agent_1 gets win rate: 0.52.
[20260604 14:26:42 @multi_evo_agent_runner.py:79] #------------------------ Iteration 107 --------------------------#
[20260604 14:26:56 @multi_evo_agent_runner.py:85] Sampling 50000 steps by 12 slaves, spending 14.01 s.
[20260604 14:27:53 @multi_evo_agent_runner.py:94] Policy update, spending: 57.38 s.
[20260604 14:27:56 @multi_evo_agent_runner.py:99] Evaluation time: 2.40 s.
[20260604 14:27:56 @multi_evo_agent_runner.py:105] Total time:     134.24 min
[20260604 14:27:56 @multi_evo_agent_runner.py:115] Agent_0 gets eval reward: 332.44.
[20260604 14:27:56 @multi_evo_agent_runner.py:116] Agent_0 gets win rate: 0.40.
[20260604 14:27:56 @multi_evo_agent_runner.py:115] Agent_1 gets eval reward: 399.98.
[20260604 14:27:56 @multi_evo_agent_runner.py:116] Agent_1 gets win rate: 0.57.
[20260604 14:27:56 @multi_evo_agent_runner.py:79] #------------------------ Iteration 108 --------------------------#
[20260604 14:28:09 @multi_evo_agent_runner.py:85] Sampling 50000 steps by 12 slaves, spending 13.24 s.
[20260604 14:29:11 @multi_evo_agent_runner.py:94] Policy update, spending: 61.59 s.
[20260604 14:29:13 @multi_evo_agent_runner.py:99] Evaluation time: 1.80 s.
[20260604 14:29:13 @multi_evo_agent_runner.py:105] Total time:     135.52 min
[20260604 14:29:13 @multi_evo_agent_runner.py:115] Agent_0 gets eval reward: 460.77.
[20260604 14:29:13 @multi_evo_agent_runner.py:116] Agent_0 gets win rate: 0.39.
[20260604 14:29:13 @multi_evo_agent_runner.py:115] Agent_1 gets eval reward: 290.46.
[20260604 14:29:13 @multi_evo_agent_runner.py:116] Agent_1 gets win rate: 0.59.
[20260604 14:29:13 @multi_evo_agent_runner.py:79] #------------------------ Iteration 109 --------------------------#
[20260604 14:29:29 @multi_evo_agent_runner.py:85] Sampling 50000 steps by 12 slaves, spending 15.88 s.
[20260604 14:30:26 @multi_evo_agent_runner.py:94] Policy update, spending: 57.14 s.
[20260604 14:30:28 @multi_evo_agent_runner.py:99] Evaluation time: 2.35 s.
[20260604 14:30:28 @multi_evo_agent_runner.py:105] Total time:     136.78 min
[20260604 14:30:28 @multi_evo_agent_runner.py:115] Agent_0 gets eval reward: 521.49.
[20260604 14:30:28 @multi_evo_agent_runner.py:116] Agent_0 gets win rate: 0.48.
[20260604 14:30:28 @multi_evo_agent_runner.py:115] Agent_1 gets eval reward: 411.42.
[20260604 14:30:28 @multi_evo_agent_runner.py:116] Agent_1 gets win rate: 0.51.
[20260604 14:30:28 @multi_evo_agent_runner.py:79] #------------------------ Iteration 110 --------------------------#
[20260604 14:30:42 @multi_evo_agent_runner.py:85] Sampling 50000 steps by 12 slaves, spending 13.03 s.
[20260604 14:31:55 @multi_evo_agent_runner.py:94] Policy update, spending: 73.01 s.
[20260604 14:31:56 @multi_evo_agent_runner.py:99] Evaluation time: 1.91 s.
[20260604 14:31:56 @multi_evo_agent_runner.py:105] Total time:     138.25 min
[20260604 14:31:57 @multi_evo_agent_runner.py:115] Agent_0 gets eval reward: 710.77.
[20260604 14:31:57 @multi_evo_agent_runner.py:116] Agent_0 gets win rate: 0.47.
[20260604 14:31:57 @multi_evo_agent_runner.py:115] Agent_1 gets eval reward: 234.44.
[20260604 14:31:57 @multi_evo_agent_runner.py:116] Agent_1 gets win rate: 0.51.
[20260604 14:31:57 @multi_evo_agent_runner.py:510] CRITICAL save best checkpoint with agent_0's rewards 710.77!
[20260604 14:31:57 @multi_evo_agent_runner.py:79] #------------------------ Iteration 111 --------------------------#
[20260604 14:32:12 @multi_evo_agent_runner.py:85] Sampling 50000 steps by 12 slaves, spending 14.94 s.
[20260604 14:33:12 @multi_evo_agent_runner.py:94] Policy update, spending: 60.67 s.
[20260604 14:33:14 @multi_evo_agent_runner.py:99] Evaluation time: 2.07 s.
[20260604 14:33:14 @multi_evo_agent_runner.py:105] Total time:     139.55 min
[20260604 14:33:14 @multi_evo_agent_runner.py:115] Agent_0 gets eval reward: 745.60.
[20260604 14:33:14 @multi_evo_agent_runner.py:116] Agent_0 gets win rate: 0.40.
[20260604 14:33:14 @multi_evo_agent_runner.py:115] Agent_1 gets eval reward: 532.38.
[20260604 14:33:14 @multi_evo_agent_runner.py:116] Agent_1 gets win rate: 0.55.
[20260604 14:33:14 @multi_evo_agent_runner.py:510] CRITICAL save best checkpoint with agent_0's rewards 745.60!
[20260604 14:33:15 @multi_evo_agent_runner.py:79] #------------------------ Iteration 112 --------------------------#
[20260604 14:33:29 @multi_evo_agent_runner.py:85] Sampling 50000 steps by 12 slaves, spending 14.56 s.
[20260604 14:34:39 @multi_evo_agent_runner.py:94] Policy update, spending: 69.95 s.
[20260604 14:34:41 @multi_evo_agent_runner.py:99] Evaluation time: 2.08 s.
[20260604 14:34:41 @multi_evo_agent_runner.py:105] Total time:     141.00 min
[20260604 14:34:41 @multi_evo_agent_runner.py:115] Agent_0 gets eval reward: 668.38.
[20260604 14:34:41 @multi_evo_agent_runner.py:116] Agent_0 gets win rate: 0.49.
[20260604 14:34:41 @multi_evo_agent_runner.py:115] Agent_1 gets eval reward: 301.38.
[20260604 14:34:41 @multi_evo_agent_runner.py:116] Agent_1 gets win rate: 0.51.
[20260604 14:34:41 @multi_evo_agent_runner.py:510] CRITICAL save best checkpoint with agent_0's rewards 668.38!
[20260604 14:34:41 @multi_evo_agent_runner.py:79] #------------------------ Iteration 113 --------------------------#
[20260604 14:34:57 @multi_evo_agent_runner.py:85] Sampling 50000 steps by 12 slaves, spending 15.23 s.
[20260604 14:35:53 @multi_evo_agent_runner.py:94] Policy update, spending: 56.65 s.
[20260604 14:35:55 @multi_evo_agent_runner.py:99] Evaluation time: 1.80 s.
[20260604 14:35:55 @multi_evo_agent_runner.py:105] Total time:     142.23 min
[20260604 14:35:55 @multi_evo_agent_runner.py:115] Agent_0 gets eval reward: 700.57.
[20260604 14:35:55 @multi_evo_agent_runner.py:116] Agent_0 gets win rate: 0.48.
[20260604 14:35:55 @multi_evo_agent_runner.py:115] Agent_1 gets eval reward: 366.77.
[20260604 14:35:55 @multi_evo_agent_runner.py:116] Agent_1 gets win rate: 0.48.
[20260604 14:35:55 @multi_evo_agent_runner.py:510] CRITICAL save best checkpoint with agent_0's rewards 700.57!
[20260604 14:35:55 @multi_evo_agent_runner.py:79] #------------------------ Iteration 114 --------------------------#
[20260604 14:36:09 @multi_evo_agent_runner.py:85] Sampling 50000 steps by 12 slaves, spending 13.95 s.
[20260604 14:37:07 @multi_evo_agent_runner.py:94] Policy update, spending: 58.15 s.
[20260604 14:37:10 @multi_evo_agent_runner.py:99] Evaluation time: 2.34 s.
[20260604 14:37:10 @multi_evo_agent_runner.py:105] Total time:     143.47 min
[20260604 14:37:10 @multi_evo_agent_runner.py:115] Agent_0 gets eval reward: 501.69.
[20260604 14:37:10 @multi_evo_agent_runner.py:116] Agent_0 gets win rate: 0.49.
[20260604 14:37:10 @multi_evo_agent_runner.py:115] Agent_1 gets eval reward: 164.50.
[20260604 14:37:10 @multi_evo_agent_runner.py:116] Agent_1 gets win rate: 0.49.
[20260604 14:37:10 @multi_evo_agent_runner.py:510] CRITICAL save best checkpoint with agent_0's rewards 501.69!
[20260604 14:37:10 @multi_evo_agent_runner.py:79] #------------------------ Iteration 115 --------------------------#
[20260604 14:37:25 @multi_evo_agent_runner.py:85] Sampling 50000 steps by 12 slaves, spending 15.31 s.
[20260604 14:38:22 @multi_evo_agent_runner.py:94] Policy update, spending: 56.84 s.
[20260604 14:38:24 @multi_evo_agent_runner.py:99] Evaluation time: 1.94 s.
[20260604 14:38:24 @multi_evo_agent_runner.py:105] Total time:     144.71 min
[20260604 14:38:24 @multi_evo_agent_runner.py:115] Agent_0 gets eval reward: 325.40.
[20260604 14:38:24 @multi_evo_agent_runner.py:116] Agent_0 gets win rate: 0.33.
[20260604 14:38:24 @multi_evo_agent_runner.py:115] Agent_1 gets eval reward: 362.08.
[20260604 14:38:24 @multi_evo_agent_runner.py:116] Agent_1 gets win rate: 0.64.
[20260604 14:38:24 @multi_evo_agent_runner.py:510] CRITICAL save best checkpoint with agent_1's rewards 362.08!
[20260604 14:38:24 @multi_evo_agent_runner.py:79] #------------------------ Iteration 116 --------------------------#
[20260604 14:38:45 @multi_evo_agent_runner.py:85] Sampling 50000 steps by 12 slaves, spending 20.66 s.
[20260604 14:39:41 @multi_evo_agent_runner.py:94] Policy update, spending: 56.45 s.
[20260604 14:39:43 @multi_evo_agent_runner.py:99] Evaluation time: 1.96 s.
[20260604 14:39:43 @multi_evo_agent_runner.py:105] Total time:     146.03 min
[20260604 14:39:43 @multi_evo_agent_runner.py:115] Agent_0 gets eval reward: 623.08.
[20260604 14:39:43 @multi_evo_agent_runner.py:116] Agent_0 gets win rate: 0.37.
[20260604 14:39:43 @multi_evo_agent_runner.py:115] Agent_1 gets eval reward: 446.54.
[20260604 14:39:43 @multi_evo_agent_runner.py:116] Agent_1 gets win rate: 0.55.
[20260604 14:39:43 @multi_evo_agent_runner.py:510] CRITICAL save best checkpoint with agent_0's rewards 623.08!
[20260604 14:39:43 @multi_evo_agent_runner.py:510] CRITICAL save best checkpoint with agent_1's rewards 446.54!
[20260604 14:39:43 @multi_evo_agent_runner.py:79] #------------------------ Iteration 117 --------------------------#
[20260604 14:40:04 @multi_evo_agent_runner.py:85] Sampling 50000 steps by 12 slaves, spending 20.14 s.
[20260604 14:40:59 @multi_evo_agent_runner.py:94] Policy update, spending: 55.73 s.
[20260604 14:41:02 @multi_evo_agent_runner.py:99] Evaluation time: 2.64 s.
[20260604 14:41:02 @multi_evo_agent_runner.py:105] Total time:     147.34 min
[20260604 14:41:02 @multi_evo_agent_runner.py:115] Agent_0 gets eval reward: 554.68.
[20260604 14:41:02 @multi_evo_agent_runner.py:116] Agent_0 gets win rate: 0.31.
[20260604 14:41:02 @multi_evo_agent_runner.py:115] Agent_1 gets eval reward: 594.51.
[20260604 14:41:02 @multi_evo_agent_runner.py:116] Agent_1 gets win rate: 0.66.
[20260604 14:41:02 @multi_evo_agent_runner.py:510] CRITICAL save best checkpoint with agent_1's rewards 594.51!
[20260604 14:41:02 @multi_evo_agent_runner.py:79] #------------------------ Iteration 118 --------------------------#
[20260604 14:41:22 @multi_evo_agent_runner.py:85] Sampling 50000 steps by 12 slaves, spending 19.94 s.
[20260604 14:42:19 @multi_evo_agent_runner.py:94] Policy update, spending: 57.17 s.
[20260604 14:42:24 @multi_evo_agent_runner.py:99] Evaluation time: 4.77 s.
[20260604 14:42:24 @multi_evo_agent_runner.py:105] Total time:     148.72 min
[20260604 14:42:24 @multi_evo_agent_runner.py:115] Agent_0 gets eval reward: 595.13.
[20260604 14:42:24 @multi_evo_agent_runner.py:116] Agent_0 gets win rate: 0.59.
[20260604 14:42:24 @multi_evo_agent_runner.py:115] Agent_1 gets eval reward: 322.95.
[20260604 14:42:24 @multi_evo_agent_runner.py:116] Agent_1 gets win rate: 0.39.
[20260604 14:42:24 @multi_evo_agent_runner.py:510] CRITICAL save best checkpoint with agent_0's rewards 595.13!
[20260604 14:42:25 @multi_evo_agent_runner.py:79] #------------------------ Iteration 119 --------------------------#
[20260604 14:42:44 @multi_evo_agent_runner.py:85] Sampling 50000 steps by 12 slaves, spending 19.36 s.
[20260604 14:43:37 @multi_evo_agent_runner.py:94] Policy update, spending: 52.67 s.
[20260604 14:43:41 @multi_evo_agent_runner.py:99] Evaluation time: 4.41 s.
[20260604 14:43:41 @multi_evo_agent_runner.py:105] Total time:     150.00 min
[20260604 14:43:41 @multi_evo_agent_runner.py:115] Agent_0 gets eval reward: 522.96.
[20260604 14:43:41 @multi_evo_agent_runner.py:116] Agent_0 gets win rate: 0.55.
[20260604 14:43:41 @multi_evo_agent_runner.py:115] Agent_1 gets eval reward: 269.99.
[20260604 14:43:41 @multi_evo_agent_runner.py:116] Agent_1 gets win rate: 0.44.
[20260604 14:43:41 @multi_evo_agent_runner.py:79] #------------------------ Iteration 120 --------------------------#
[20260604 14:43:57 @multi_evo_agent_runner.py:85] Sampling 50000 steps by 12 slaves, spending 15.82 s.
[20260604 14:44:57 @multi_evo_agent_runner.py:94] Policy update, spending: 59.69 s.
[20260604 14:44:59 @multi_evo_agent_runner.py:99] Evaluation time: 1.78 s.
[20260604 14:44:59 @multi_evo_agent_runner.py:105] Total time:     151.29 min
[20260604 14:44:59 @multi_evo_agent_runner.py:115] Agent_0 gets eval reward: 584.44.
[20260604 14:44:59 @multi_evo_agent_runner.py:116] Agent_0 gets win rate: 0.52.
[20260604 14:44:59 @multi_evo_agent_runner.py:115] Agent_1 gets eval reward: 280.21.
[20260604 14:44:59 @multi_evo_agent_runner.py:116] Agent_1 gets win rate: 0.49.
[20260604 14:44:59 @multi_evo_agent_runner.py:79] #------------------------ Iteration 121 --------------------------#
[20260604 14:45:14 @multi_evo_agent_runner.py:85] Sampling 50000 steps by 12 slaves, spending 14.79 s.
[20260604 14:46:16 @multi_evo_agent_runner.py:94] Policy update, spending: 61.99 s.
[20260604 14:46:18 @multi_evo_agent_runner.py:99] Evaluation time: 2.26 s.
[20260604 14:46:18 @multi_evo_agent_runner.py:105] Total time:     152.61 min
[20260604 14:46:18 @multi_evo_agent_runner.py:115] Agent_0 gets eval reward: 453.64.
[20260604 14:46:18 @multi_evo_agent_runner.py:116] Agent_0 gets win rate: 0.48.
[20260604 14:46:18 @multi_evo_agent_runner.py:115] Agent_1 gets eval reward: 286.95.
[20260604 14:46:18 @multi_evo_agent_runner.py:116] Agent_1 gets win rate: 0.53.
[20260604 14:46:18 @multi_evo_agent_runner.py:79] #------------------------ Iteration 122 --------------------------#
[20260604 14:46:32 @multi_evo_agent_runner.py:85] Sampling 50000 steps by 12 slaves, spending 13.65 s.
[20260604 14:47:35 @multi_evo_agent_runner.py:94] Policy update, spending: 63.33 s.
[20260604 14:47:37 @multi_evo_agent_runner.py:99] Evaluation time: 2.20 s.
[20260604 14:47:37 @multi_evo_agent_runner.py:105] Total time:     153.93 min
[20260604 14:47:37 @multi_evo_agent_runner.py:115] Agent_0 gets eval reward: 640.51.
[20260604 14:47:37 @multi_evo_agent_runner.py:116] Agent_0 gets win rate: 0.57.
[20260604 14:47:37 @multi_evo_agent_runner.py:115] Agent_1 gets eval reward: 270.49.
[20260604 14:47:37 @multi_evo_agent_runner.py:116] Agent_1 gets win rate: 0.44.
[20260604 14:47:37 @multi_evo_agent_runner.py:510] CRITICAL save best checkpoint with agent_0's rewards 640.51!
[20260604 14:47:37 @multi_evo_agent_runner.py:79] #------------------------ Iteration 123 --------------------------#
[20260604 14:47:52 @multi_evo_agent_runner.py:85] Sampling 50000 steps by 12 slaves, spending 14.45 s.
[20260604 14:48:52 @multi_evo_agent_runner.py:94] Policy update, spending: 59.85 s.
[20260604 14:48:54 @multi_evo_agent_runner.py:99] Evaluation time: 2.01 s.
[20260604 14:48:54 @multi_evo_agent_runner.py:105] Total time:     155.21 min
[20260604 14:48:54 @multi_evo_agent_runner.py:115] Agent_0 gets eval reward: 444.66.
[20260604 14:48:54 @multi_evo_agent_runner.py:116] Agent_0 gets win rate: 0.42.
[20260604 14:48:54 @multi_evo_agent_runner.py:115] Agent_1 gets eval reward: 352.10.
[20260604 14:48:54 @multi_evo_agent_runner.py:116] Agent_1 gets win rate: 0.58.
[20260604 14:48:54 @multi_evo_agent_runner.py:79] #------------------------ Iteration 124 --------------------------#
[20260604 14:49:09 @multi_evo_agent_runner.py:85] Sampling 50000 steps by 12 slaves, spending 14.63 s.
[20260604 14:50:18 @multi_evo_agent_runner.py:94] Policy update, spending: 69.65 s.
[20260604 14:50:20 @multi_evo_agent_runner.py:99] Evaluation time: 2.08 s.
[20260604 14:50:20 @multi_evo_agent_runner.py:105] Total time:     156.65 min
[20260604 14:50:20 @multi_evo_agent_runner.py:115] Agent_0 gets eval reward: 701.68.
[20260604 14:50:20 @multi_evo_agent_runner.py:116] Agent_0 gets win rate: 0.58.
[20260604 14:50:20 @multi_evo_agent_runner.py:115] Agent_1 gets eval reward: 46.40.
[20260604 14:50:20 @multi_evo_agent_runner.py:116] Agent_1 gets win rate: 0.42.
[20260604 14:50:20 @multi_evo_agent_runner.py:510] CRITICAL save best checkpoint with agent_0's rewards 701.68!
[20260604 14:50:21 @multi_evo_agent_runner.py:79] #------------------------ Iteration 125 --------------------------#
[20260604 14:50:33 @multi_evo_agent_runner.py:85] Sampling 50000 steps by 12 slaves, spending 12.76 s.
[20260604 14:51:41 @multi_evo_agent_runner.py:94] Policy update, spending: 68.11 s.
[20260604 14:51:43 @multi_evo_agent_runner.py:99] Evaluation time: 1.82 s.
[20260604 14:51:43 @multi_evo_agent_runner.py:105] Total time:     158.03 min
[20260604 14:51:43 @multi_evo_agent_runner.py:115] Agent_0 gets eval reward: 782.61.
[20260604 14:51:43 @multi_evo_agent_runner.py:116] Agent_0 gets win rate: 0.49.
[20260604 14:51:43 @multi_evo_agent_runner.py:115] Agent_1 gets eval reward: 273.76.
[20260604 14:51:43 @multi_evo_agent_runner.py:116] Agent_1 gets win rate: 0.48.
[20260604 14:51:43 @multi_evo_agent_runner.py:510] CRITICAL save best checkpoint with agent_0's rewards 782.61!
[20260604 14:51:43 @multi_evo_agent_runner.py:79] #------------------------ Iteration 126 --------------------------#
[20260604 14:51:58 @multi_evo_agent_runner.py:85] Sampling 50000 steps by 12 slaves, spending 14.92 s.
[20260604 14:52:56 @multi_evo_agent_runner.py:94] Policy update, spending: 58.07 s.
[20260604 14:52:59 @multi_evo_agent_runner.py:99] Evaluation time: 2.17 s.
[20260604 14:52:59 @multi_evo_agent_runner.py:105] Total time:     159.29 min
[20260604 14:52:59 @multi_evo_agent_runner.py:115] Agent_0 gets eval reward: 343.95.
[20260604 14:52:59 @multi_evo_agent_runner.py:116] Agent_0 gets win rate: 0.45.
[20260604 14:52:59 @multi_evo_agent_runner.py:115] Agent_1 gets eval reward: 307.05.
[20260604 14:52:59 @multi_evo_agent_runner.py:116] Agent_1 gets win rate: 0.55.
[20260604 14:52:59 @multi_evo_agent_runner.py:79] #------------------------ Iteration 127 --------------------------#
[20260604 14:53:13 @multi_evo_agent_runner.py:85] Sampling 50000 steps by 12 slaves, spending 14.14 s.
[20260604 14:54:10 @multi_evo_agent_runner.py:94] Policy update, spending: 56.54 s.
[20260604 14:54:12 @multi_evo_agent_runner.py:99] Evaluation time: 2.27 s.
[20260604 14:54:12 @multi_evo_agent_runner.py:105] Total time:     160.51 min
[20260604 14:54:12 @multi_evo_agent_runner.py:115] Agent_0 gets eval reward: 697.34.
[20260604 14:54:12 @multi_evo_agent_runner.py:116] Agent_0 gets win rate: 0.37.
[20260604 14:54:12 @multi_evo_agent_runner.py:115] Agent_1 gets eval reward: 438.49.
[20260604 14:54:12 @multi_evo_agent_runner.py:116] Agent_1 gets win rate: 0.61.
[20260604 14:54:12 @multi_evo_agent_runner.py:79] #------------------------ Iteration 128 --------------------------#
[20260604 14:54:27 @multi_evo_agent_runner.py:85] Sampling 50000 steps by 12 slaves, spending 15.13 s.
[20260604 14:55:35 @multi_evo_agent_runner.py:94] Policy update, spending: 68.10 s.
[20260604 14:55:38 @multi_evo_agent_runner.py:99] Evaluation time: 2.41 s.
[20260604 14:55:38 @multi_evo_agent_runner.py:105] Total time:     161.94 min
[20260604 14:55:38 @multi_evo_agent_runner.py:115] Agent_0 gets eval reward: 639.71.
[20260604 14:55:38 @multi_evo_agent_runner.py:116] Agent_0 gets win rate: 0.56.
[20260604 14:55:38 @multi_evo_agent_runner.py:115] Agent_1 gets eval reward: 133.21.
[20260604 14:55:38 @multi_evo_agent_runner.py:116] Agent_1 gets win rate: 0.44.
[20260604 14:55:38 @multi_evo_agent_runner.py:510] CRITICAL save best checkpoint with agent_0's rewards 639.71!
[20260604 14:55:38 @multi_evo_agent_runner.py:79] #------------------------ Iteration 129 --------------------------#
[20260604 14:55:52 @multi_evo_agent_runner.py:85] Sampling 50000 steps by 12 slaves, spending 14.19 s.
[20260604 14:56:55 @multi_evo_agent_runner.py:94] Policy update, spending: 62.86 s.
[20260604 14:56:57 @multi_evo_agent_runner.py:99] Evaluation time: 2.48 s.
[20260604 14:56:57 @multi_evo_agent_runner.py:105] Total time:     163.27 min
[20260604 14:56:57 @multi_evo_agent_runner.py:115] Agent_0 gets eval reward: 895.48.
[20260604 14:56:57 @multi_evo_agent_runner.py:116] Agent_0 gets win rate: 0.31.
[20260604 14:56:57 @multi_evo_agent_runner.py:115] Agent_1 gets eval reward: 407.03.
[20260604 14:56:57 @multi_evo_agent_runner.py:116] Agent_1 gets win rate: 0.58.
[20260604 14:56:58 @multi_evo_agent_runner.py:510] CRITICAL save best checkpoint with agent_0's rewards 895.48!
[20260604 14:56:58 @multi_evo_agent_runner.py:79] #------------------------ Iteration 130 --------------------------#
[20260604 14:57:13 @multi_evo_agent_runner.py:85] Sampling 50000 steps by 12 slaves, spending 15.51 s.
[20260604 14:58:09 @multi_evo_agent_runner.py:94] Policy update, spending: 56.06 s.
[20260604 14:58:12 @multi_evo_agent_runner.py:99] Evaluation time: 2.57 s.
[20260604 14:58:12 @multi_evo_agent_runner.py:105] Total time:     164.51 min
[20260604 14:58:12 @multi_evo_agent_runner.py:115] Agent_0 gets eval reward: 576.78.
[20260604 14:58:12 @multi_evo_agent_runner.py:116] Agent_0 gets win rate: 0.42.
[20260604 14:58:12 @multi_evo_agent_runner.py:115] Agent_1 gets eval reward: 394.73.
[20260604 14:58:12 @multi_evo_agent_runner.py:116] Agent_1 gets win rate: 0.49.
[20260604 14:58:12 @multi_evo_agent_runner.py:510] CRITICAL save best checkpoint with agent_0's rewards 576.78!
[20260604 14:58:12 @multi_evo_agent_runner.py:79] #------------------------ Iteration 131 --------------------------#
[20260604 14:58:25 @multi_evo_agent_runner.py:85] Sampling 50000 steps by 12 slaves, spending 13.54 s.
[20260604 14:59:23 @multi_evo_agent_runner.py:94] Policy update, spending: 58.01 s.
[20260604 14:59:26 @multi_evo_agent_runner.py:99] Evaluation time: 2.57 s.
[20260604 14:59:26 @multi_evo_agent_runner.py:105] Total time:     165.75 min
[20260604 14:59:26 @multi_evo_agent_runner.py:115] Agent_0 gets eval reward: 475.33.
[20260604 14:59:26 @multi_evo_agent_runner.py:116] Agent_0 gets win rate: 0.32.
[20260604 14:59:26 @multi_evo_agent_runner.py:115] Agent_1 gets eval reward: 493.14.
[20260604 14:59:26 @multi_evo_agent_runner.py:116] Agent_1 gets win rate: 0.63.
[20260604 14:59:26 @multi_evo_agent_runner.py:79] #------------------------ Iteration 132 --------------------------#
[20260604 14:59:40 @multi_evo_agent_runner.py:85] Sampling 50000 steps by 12 slaves, spending 13.31 s.
[20260604 15:00:38 @multi_evo_agent_runner.py:94] Policy update, spending: 58.35 s.
[20260604 15:00:40 @multi_evo_agent_runner.py:99] Evaluation time: 2.24 s.
[20260604 15:00:40 @multi_evo_agent_runner.py:105] Total time:     166.98 min
[20260604 15:00:40 @multi_evo_agent_runner.py:115] Agent_0 gets eval reward: 330.14.
[20260604 15:00:40 @multi_evo_agent_runner.py:116] Agent_0 gets win rate: 0.26.
[20260604 15:00:40 @multi_evo_agent_runner.py:115] Agent_1 gets eval reward: 423.07.
[20260604 15:00:40 @multi_evo_agent_runner.py:116] Agent_1 gets win rate: 0.70.
[20260604 15:00:40 @multi_evo_agent_runner.py:510] CRITICAL save best checkpoint with agent_1's rewards 423.07!
[20260604 15:00:40 @multi_evo_agent_runner.py:79] #------------------------ Iteration 133 --------------------------#
[20260604 15:00:55 @multi_evo_agent_runner.py:85] Sampling 50000 steps by 12 slaves, spending 14.22 s.
[20260604 15:01:56 @multi_evo_agent_runner.py:94] Policy update, spending: 61.34 s.
[20260604 15:01:58 @multi_evo_agent_runner.py:99] Evaluation time: 2.14 s.
[20260604 15:01:58 @multi_evo_agent_runner.py:105] Total time:     168.28 min
[20260604 15:01:58 @multi_evo_agent_runner.py:115] Agent_0 gets eval reward: 398.46.
[20260604 15:01:58 @multi_evo_agent_runner.py:116] Agent_0 gets win rate: 0.43.
[20260604 15:01:58 @multi_evo_agent_runner.py:115] Agent_1 gets eval reward: 412.15.
[20260604 15:01:58 @multi_evo_agent_runner.py:116] Agent_1 gets win rate: 0.47.
[20260604 15:01:58 @multi_evo_agent_runner.py:510] CRITICAL save best checkpoint with agent_0's rewards 398.46!
[20260604 15:01:58 @multi_evo_agent_runner.py:79] #------------------------ Iteration 134 --------------------------#
[20260604 15:02:18 @multi_evo_agent_runner.py:85] Sampling 50000 steps by 12 slaves, spending 19.34 s.
[20260604 15:03:15 @multi_evo_agent_runner.py:94] Policy update, spending: 57.14 s.
[20260604 15:03:17 @multi_evo_agent_runner.py:99] Evaluation time: 2.68 s.
[20260604 15:03:17 @multi_evo_agent_runner.py:105] Total time:     169.60 min
[20260604 15:03:18 @multi_evo_agent_runner.py:115] Agent_0 gets eval reward: 706.88.
[20260604 15:03:18 @multi_evo_agent_runner.py:116] Agent_0 gets win rate: 0.53.
[20260604 15:03:18 @multi_evo_agent_runner.py:115] Agent_1 gets eval reward: 388.27.
[20260604 15:03:18 @multi_evo_agent_runner.py:116] Agent_1 gets win rate: 0.47.
[20260604 15:03:18 @multi_evo_agent_runner.py:510] CRITICAL save best checkpoint with agent_0's rewards 706.88!
[20260604 15:03:18 @multi_evo_agent_runner.py:79] #------------------------ Iteration 135 --------------------------#
[20260604 15:03:39 @multi_evo_agent_runner.py:85] Sampling 50000 steps by 12 slaves, spending 21.59 s.
[20260604 15:05:19 @multi_evo_agent_runner.py:94] Policy update, spending: 99.47 s.
[20260604 15:05:23 @multi_evo_agent_runner.py:99] Evaluation time: 4.63 s.
[20260604 15:05:23 @multi_evo_agent_runner.py:105] Total time:     171.70 min
[20260604 15:05:24 @multi_evo_agent_runner.py:115] Agent_0 gets eval reward: 687.66.
[20260604 15:05:24 @multi_evo_agent_runner.py:116] Agent_0 gets win rate: 0.37.
[20260604 15:05:24 @multi_evo_agent_runner.py:115] Agent_1 gets eval reward: 374.86.
[20260604 15:05:24 @multi_evo_agent_runner.py:116] Agent_1 gets win rate: 0.63.
[20260604 15:05:24 @multi_evo_agent_runner.py:79] #------------------------ Iteration 136 --------------------------#
[20260604 15:05:38 @multi_evo_agent_runner.py:85] Sampling 50000 steps by 12 slaves, spending 14.45 s.
[20260604 15:07:01 @multi_evo_agent_runner.py:94] Policy update, spending: 82.58 s.
[20260604 15:07:05 @multi_evo_agent_runner.py:99] Evaluation time: 4.07 s.
[20260604 15:07:05 @multi_evo_agent_runner.py:105] Total time:     173.39 min
[20260604 15:07:05 @multi_evo_agent_runner.py:115] Agent_0 gets eval reward: 508.67.
[20260604 15:07:05 @multi_evo_agent_runner.py:116] Agent_0 gets win rate: 0.43.
[20260604 15:07:05 @multi_evo_agent_runner.py:115] Agent_1 gets eval reward: 335.55.
[20260604 15:07:05 @multi_evo_agent_runner.py:116] Agent_1 gets win rate: 0.43.
[20260604 15:07:05 @multi_evo_agent_runner.py:79] #------------------------ Iteration 137 --------------------------#
[20260604 15:07:21 @multi_evo_agent_runner.py:85] Sampling 50000 steps by 12 slaves, spending 15.82 s.
[20260604 15:08:16 @multi_evo_agent_runner.py:94] Policy update, spending: 54.70 s.
[20260604 15:08:18 @multi_evo_agent_runner.py:99] Evaluation time: 2.48 s.
[20260604 15:08:18 @multi_evo_agent_runner.py:105] Total time:     174.61 min
[20260604 15:08:18 @multi_evo_agent_runner.py:115] Agent_0 gets eval reward: 516.61.
[20260604 15:08:18 @multi_evo_agent_runner.py:116] Agent_0 gets win rate: 0.63.
[20260604 15:08:18 @multi_evo_agent_runner.py:115] Agent_1 gets eval reward: 203.95.
[20260604 15:08:18 @multi_evo_agent_runner.py:116] Agent_1 gets win rate: 0.32.
[20260604 15:08:18 @multi_evo_agent_runner.py:510] CRITICAL save best checkpoint with agent_0's rewards 516.61!
[20260604 15:08:18 @multi_evo_agent_runner.py:79] #------------------------ Iteration 138 --------------------------#
[20260604 15:08:33 @multi_evo_agent_runner.py:85] Sampling 50000 steps by 12 slaves, spending 14.61 s.
[20260604 15:09:29 @multi_evo_agent_runner.py:94] Policy update, spending: 56.14 s.
[20260604 15:09:31 @multi_evo_agent_runner.py:99] Evaluation time: 2.23 s.
[20260604 15:09:31 @multi_evo_agent_runner.py:105] Total time:     175.83 min
[20260604 15:09:31 @multi_evo_agent_runner.py:115] Agent_0 gets eval reward: 467.10.
[20260604 15:09:31 @multi_evo_agent_runner.py:116] Agent_0 gets win rate: 0.52.
[20260604 15:09:31 @multi_evo_agent_runner.py:115] Agent_1 gets eval reward: 150.73.
[20260604 15:09:31 @multi_evo_agent_runner.py:116] Agent_1 gets win rate: 0.28.
[20260604 15:09:31 @multi_evo_agent_runner.py:79] #------------------------ Iteration 139 --------------------------#
[20260604 15:09:46 @multi_evo_agent_runner.py:85] Sampling 50000 steps by 12 slaves, spending 14.05 s.
[20260604 15:10:46 @multi_evo_agent_runner.py:94] Policy update, spending: 60.39 s.
[20260604 15:10:48 @multi_evo_agent_runner.py:99] Evaluation time: 1.81 s.
[20260604 15:10:48 @multi_evo_agent_runner.py:105] Total time:     177.11 min
[20260604 15:10:48 @multi_evo_agent_runner.py:115] Agent_0 gets eval reward: 687.04.
[20260604 15:10:48 @multi_evo_agent_runner.py:116] Agent_0 gets win rate: 0.28.
[20260604 15:10:48 @multi_evo_agent_runner.py:115] Agent_1 gets eval reward: 662.42.
[20260604 15:10:48 @multi_evo_agent_runner.py:116] Agent_1 gets win rate: 0.70.
[20260604 15:10:48 @multi_evo_agent_runner.py:510] CRITICAL save best checkpoint with agent_0's rewards 687.04!
[20260604 15:10:48 @multi_evo_agent_runner.py:510] CRITICAL save best checkpoint with agent_1's rewards 662.42!
[20260604 15:10:48 @multi_evo_agent_runner.py:79] #------------------------ Iteration 140 --------------------------#
[20260604 15:11:01 @multi_evo_agent_runner.py:85] Sampling 50000 steps by 12 slaves, spending 13.52 s.
[20260604 15:11:58 @multi_evo_agent_runner.py:94] Policy update, spending: 56.82 s.
[20260604 15:12:01 @multi_evo_agent_runner.py:99] Evaluation time: 2.34 s.
[20260604 15:12:01 @multi_evo_agent_runner.py:105] Total time:     178.32 min
[20260604 15:12:01 @multi_evo_agent_runner.py:115] Agent_0 gets eval reward: 531.13.
[20260604 15:12:01 @multi_evo_agent_runner.py:116] Agent_0 gets win rate: 0.41.
[20260604 15:12:01 @multi_evo_agent_runner.py:115] Agent_1 gets eval reward: 388.38.
[20260604 15:12:01 @multi_evo_agent_runner.py:116] Agent_1 gets win rate: 0.54.
[20260604 15:12:01 @multi_evo_agent_runner.py:510] CRITICAL save best checkpoint with agent_0's rewards 531.13!
[20260604 15:12:01 @multi_evo_agent_runner.py:79] #------------------------ Iteration 141 --------------------------#
[20260604 15:12:15 @multi_evo_agent_runner.py:85] Sampling 50000 steps by 12 slaves, spending 13.80 s.
[20260604 15:13:14 @multi_evo_agent_runner.py:94] Policy update, spending: 59.09 s.
[20260604 15:13:17 @multi_evo_agent_runner.py:99] Evaluation time: 2.85 s.
[20260604 15:13:17 @multi_evo_agent_runner.py:105] Total time:     179.59 min
[20260604 15:13:17 @multi_evo_agent_runner.py:115] Agent_0 gets eval reward: 681.40.
[20260604 15:13:17 @multi_evo_agent_runner.py:116] Agent_0 gets win rate: 0.33.
[20260604 15:13:17 @multi_evo_agent_runner.py:115] Agent_1 gets eval reward: 545.65.
[20260604 15:13:17 @multi_evo_agent_runner.py:116] Agent_1 gets win rate: 0.62.
[20260604 15:13:17 @multi_evo_agent_runner.py:510] CRITICAL save best checkpoint with agent_0's rewards 681.40!
[20260604 15:13:17 @multi_evo_agent_runner.py:79] #------------------------ Iteration 142 --------------------------#
[20260604 15:13:29 @multi_evo_agent_runner.py:85] Sampling 50000 steps by 12 slaves, spending 12.49 s.
[20260604 15:14:30 @multi_evo_agent_runner.py:94] Policy update, spending: 60.53 s.
[20260604 15:14:32 @multi_evo_agent_runner.py:99] Evaluation time: 2.16 s.
[20260604 15:14:32 @multi_evo_agent_runner.py:105] Total time:     180.84 min
[20260604 15:14:32 @multi_evo_agent_runner.py:115] Agent_0 gets eval reward: 428.30.
[20260604 15:14:32 @multi_evo_agent_runner.py:116] Agent_0 gets win rate: 0.37.
[20260604 15:14:32 @multi_evo_agent_runner.py:115] Agent_1 gets eval reward: 450.20.
[20260604 15:14:32 @multi_evo_agent_runner.py:116] Agent_1 gets win rate: 0.54.
[20260604 15:14:32 @multi_evo_agent_runner.py:510] CRITICAL save best checkpoint with agent_0's rewards 428.30!
[20260604 15:14:32 @multi_evo_agent_runner.py:79] #------------------------ Iteration 143 --------------------------#
[20260604 15:14:47 @multi_evo_agent_runner.py:85] Sampling 50000 steps by 12 slaves, spending 15.18 s.
[20260604 15:15:46 @multi_evo_agent_runner.py:94] Policy update, spending: 59.09 s.
[20260604 15:15:49 @multi_evo_agent_runner.py:99] Evaluation time: 2.26 s.
[20260604 15:15:49 @multi_evo_agent_runner.py:105] Total time:     182.12 min
[20260604 15:15:49 @multi_evo_agent_runner.py:115] Agent_0 gets eval reward: 700.96.
[20260604 15:15:49 @multi_evo_agent_runner.py:116] Agent_0 gets win rate: 0.50.
[20260604 15:15:49 @multi_evo_agent_runner.py:115] Agent_1 gets eval reward: 149.61.
[20260604 15:15:49 @multi_evo_agent_runner.py:116] Agent_1 gets win rate: 0.41.
[20260604 15:15:49 @multi_evo_agent_runner.py:510] CRITICAL save best checkpoint with agent_0's rewards 700.96!
[20260604 15:15:49 @multi_evo_agent_runner.py:79] #------------------------ Iteration 144 --------------------------#
[20260604 15:16:03 @multi_evo_agent_runner.py:85] Sampling 50000 steps by 12 slaves, spending 14.61 s.
[20260604 15:17:17 @multi_evo_agent_runner.py:94] Policy update, spending: 74.04 s.
[20260604 15:17:20 @multi_evo_agent_runner.py:99] Evaluation time: 2.48 s.
[20260604 15:17:20 @multi_evo_agent_runner.py:105] Total time:     183.65 min
[20260604 15:17:20 @multi_evo_agent_runner.py:115] Agent_0 gets eval reward: 707.68.
[20260604 15:17:20 @multi_evo_agent_runner.py:116] Agent_0 gets win rate: 0.29.
[20260604 15:17:20 @multi_evo_agent_runner.py:115] Agent_1 gets eval reward: 511.29.
[20260604 15:17:20 @multi_evo_agent_runner.py:116] Agent_1 gets win rate: 0.71.
[20260604 15:17:20 @multi_evo_agent_runner.py:510] CRITICAL save best checkpoint with agent_0's rewards 707.68!
[20260604 15:17:20 @multi_evo_agent_runner.py:510] CRITICAL save best checkpoint with agent_1's rewards 511.29!
[20260604 15:17:20 @multi_evo_agent_runner.py:79] #------------------------ Iteration 145 --------------------------#
[20260604 15:17:35 @multi_evo_agent_runner.py:85] Sampling 50000 steps by 12 slaves, spending 14.91 s.
[20260604 15:18:33 @multi_evo_agent_runner.py:94] Policy update, spending: 57.68 s.
[20260604 15:18:35 @multi_evo_agent_runner.py:99] Evaluation time: 1.96 s.
[20260604 15:18:35 @multi_evo_agent_runner.py:105] Total time:     184.89 min
[20260604 15:18:35 @multi_evo_agent_runner.py:115] Agent_0 gets eval reward: 693.65.
[20260604 15:18:35 @multi_evo_agent_runner.py:116] Agent_0 gets win rate: 0.38.
[20260604 15:18:35 @multi_evo_agent_runner.py:115] Agent_1 gets eval reward: 674.11.
[20260604 15:18:35 @multi_evo_agent_runner.py:116] Agent_1 gets win rate: 0.57.
[20260604 15:18:35 @multi_evo_agent_runner.py:510] CRITICAL save best checkpoint with agent_0's rewards 693.65!
[20260604 15:18:35 @multi_evo_agent_runner.py:510] CRITICAL save best checkpoint with agent_1's rewards 674.11!
[20260604 15:18:35 @multi_evo_agent_runner.py:79] #------------------------ Iteration 146 --------------------------#
[20260604 15:18:49 @multi_evo_agent_runner.py:85] Sampling 50000 steps by 12 slaves, spending 14.11 s.
[20260604 15:20:01 @multi_evo_agent_runner.py:94] Policy update, spending: 71.80 s.
[20260604 15:20:03 @multi_evo_agent_runner.py:99] Evaluation time: 2.35 s.
[20260604 15:20:03 @multi_evo_agent_runner.py:105] Total time:     186.37 min
[20260604 15:20:03 @multi_evo_agent_runner.py:115] Agent_0 gets eval reward: 539.32.
[20260604 15:20:03 @multi_evo_agent_runner.py:116] Agent_0 gets win rate: 0.48.
[20260604 15:20:03 @multi_evo_agent_runner.py:115] Agent_1 gets eval reward: 380.99.
[20260604 15:20:03 @multi_evo_agent_runner.py:116] Agent_1 gets win rate: 0.44.
[20260604 15:20:03 @multi_evo_agent_runner.py:510] CRITICAL save best checkpoint with agent_0's rewards 539.32!
[20260604 15:20:03 @multi_evo_agent_runner.py:79] #------------------------ Iteration 147 --------------------------#
[20260604 15:20:19 @multi_evo_agent_runner.py:85] Sampling 50000 steps by 12 slaves, spending 15.19 s.
[20260604 15:21:20 @multi_evo_agent_runner.py:94] Policy update, spending: 61.36 s.
[20260604 15:21:22 @multi_evo_agent_runner.py:99] Evaluation time: 2.22 s.
[20260604 15:21:22 @multi_evo_agent_runner.py:105] Total time:     187.68 min
[20260604 15:21:22 @multi_evo_agent_runner.py:115] Agent_0 gets eval reward: 673.22.
[20260604 15:21:22 @multi_evo_agent_runner.py:116] Agent_0 gets win rate: 0.48.
[20260604 15:21:22 @multi_evo_agent_runner.py:115] Agent_1 gets eval reward: 315.37.
[20260604 15:21:22 @multi_evo_agent_runner.py:116] Agent_1 gets win rate: 0.48.
[20260604 15:21:22 @multi_evo_agent_runner.py:510] CRITICAL save best checkpoint with agent_0's rewards 673.22!
[20260604 15:21:22 @multi_evo_agent_runner.py:79] #------------------------ Iteration 148 --------------------------#
[20260604 15:21:36 @multi_evo_agent_runner.py:85] Sampling 50000 steps by 12 slaves, spending 13.26 s.
[20260604 15:22:35 @multi_evo_agent_runner.py:94] Policy update, spending: 59.25 s.
[20260604 15:22:37 @multi_evo_agent_runner.py:99] Evaluation time: 1.99 s.
[20260604 15:22:37 @multi_evo_agent_runner.py:105] Total time:     188.93 min
[20260604 15:22:37 @multi_evo_agent_runner.py:115] Agent_0 gets eval reward: 562.14.
[20260604 15:22:37 @multi_evo_agent_runner.py:116] Agent_0 gets win rate: 0.54.
[20260604 15:22:37 @multi_evo_agent_runner.py:115] Agent_1 gets eval reward: 177.24.
[20260604 15:22:37 @multi_evo_agent_runner.py:116] Agent_1 gets win rate: 0.32.
[20260604 15:22:37 @multi_evo_agent_runner.py:510] CRITICAL save best checkpoint with agent_0's rewards 562.14!
[20260604 15:22:37 @multi_evo_agent_runner.py:79] #------------------------ Iteration 149 --------------------------#
[20260604 15:22:56 @multi_evo_agent_runner.py:85] Sampling 50000 steps by 12 slaves, spending 19.25 s.
[20260604 15:23:54 @multi_evo_agent_runner.py:94] Policy update, spending: 57.24 s.
[20260604 15:23:56 @multi_evo_agent_runner.py:99] Evaluation time: 2.35 s.
[20260604 15:23:56 @multi_evo_agent_runner.py:105] Total time:     190.24 min
[20260604 15:23:56 @multi_evo_agent_runner.py:115] Agent_0 gets eval reward: 331.88.
[20260604 15:23:56 @multi_evo_agent_runner.py:116] Agent_0 gets win rate: 0.33.
[20260604 15:23:56 @multi_evo_agent_runner.py:115] Agent_1 gets eval reward: 191.99.
[20260604 15:23:56 @multi_evo_agent_runner.py:116] Agent_1 gets win rate: 0.47.
[20260604 15:23:56 @multi_evo_agent_runner.py:79] #------------------------ Iteration 150 --------------------------#
[20260604 15:24:16 @multi_evo_agent_runner.py:85] Sampling 50000 steps by 12 slaves, spending 20.05 s.
[20260604 15:25:25 @multi_evo_agent_runner.py:94] Policy update, spending: 69.12 s.
[20260604 15:25:29 @multi_evo_agent_runner.py:99] Evaluation time: 4.00 s.
[20260604 15:25:29 @multi_evo_agent_runner.py:105] Total time:     191.80 min
[20260604 15:25:29 @multi_evo_agent_runner.py:115] Agent_0 gets eval reward: 616.19.
[20260604 15:25:29 @multi_evo_agent_runner.py:116] Agent_0 gets win rate: 0.44.
[20260604 15:25:29 @multi_evo_agent_runner.py:115] Agent_1 gets eval reward: 160.61.
[20260604 15:25:29 @multi_evo_agent_runner.py:116] Agent_1 gets win rate: 0.58.
[20260604 15:25:30 @multi_evo_agent_runner.py:510] CRITICAL save best checkpoint with agent_0's rewards 616.19!
[20260604 15:25:30 @multi_evo_agent_runner.py:510] CRITICAL save best checkpoint with agent_1's rewards 160.61!
[20260604 15:25:30 @multi_evo_agent_runner.py:79] #------------------------ Iteration 151 --------------------------#
[20260604 15:25:46 @multi_evo_agent_runner.py:85] Sampling 50000 steps by 12 slaves, spending 16.12 s.
[20260604 15:26:45 @multi_evo_agent_runner.py:94] Policy update, spending: 59.76 s.
[20260604 15:26:49 @multi_evo_agent_runner.py:99] Evaluation time: 3.63 s.
[20260604 15:26:49 @multi_evo_agent_runner.py:105] Total time:     193.13 min
[20260604 15:26:49 @multi_evo_agent_runner.py:115] Agent_0 gets eval reward: 711.34.
[20260604 15:26:49 @multi_evo_agent_runner.py:116] Agent_0 gets win rate: 0.49.
[20260604 15:26:49 @multi_evo_agent_runner.py:115] Agent_1 gets eval reward: 292.76.
[20260604 15:26:49 @multi_evo_agent_runner.py:116] Agent_1 gets win rate: 0.45.
[20260604 15:26:49 @multi_evo_agent_runner.py:510] CRITICAL save best checkpoint with agent_0's rewards 711.34!
[20260604 15:26:49 @multi_evo_agent_runner.py:510] CRITICAL save best checkpoint with agent_1's rewards 292.76!
[20260604 15:26:49 @multi_evo_agent_runner.py:79] #------------------------ Iteration 152 --------------------------#
[20260604 15:27:02 @multi_evo_agent_runner.py:85] Sampling 50000 steps by 12 slaves, spending 12.97 s.
[20260604 15:27:51 @multi_evo_agent_runner.py:94] Policy update, spending: 48.77 s.
[20260604 15:27:53 @multi_evo_agent_runner.py:99] Evaluation time: 2.11 s.
[20260604 15:27:53 @multi_evo_agent_runner.py:105] Total time:     194.20 min
[20260604 15:27:53 @multi_evo_agent_runner.py:115] Agent_0 gets eval reward: 804.10.
[20260604 15:27:53 @multi_evo_agent_runner.py:116] Agent_0 gets win rate: 0.48.
[20260604 15:27:53 @multi_evo_agent_runner.py:115] Agent_1 gets eval reward: 390.70.
[20260604 15:27:53 @multi_evo_agent_runner.py:116] Agent_1 gets win rate: 0.44.
[20260604 15:27:53 @multi_evo_agent_runner.py:510] CRITICAL save best checkpoint with agent_0's rewards 804.10!
[20260604 15:27:53 @multi_evo_agent_runner.py:510] CRITICAL save best checkpoint with agent_1's rewards 390.70!
[20260604 15:27:53 @multi_evo_agent_runner.py:79] #------------------------ Iteration 153 --------------------------#
[20260604 15:28:07 @multi_evo_agent_runner.py:85] Sampling 50000 steps by 12 slaves, spending 13.16 s.
[20260604 15:28:56 @multi_evo_agent_runner.py:94] Policy update, spending: 49.63 s.
[20260604 15:28:58 @multi_evo_agent_runner.py:99] Evaluation time: 2.21 s.
[20260604 15:28:58 @multi_evo_agent_runner.py:105] Total time:     195.29 min
[20260604 15:28:58 @multi_evo_agent_runner.py:115] Agent_0 gets eval reward: 662.01.
[20260604 15:28:58 @multi_evo_agent_runner.py:116] Agent_0 gets win rate: 0.56.
[20260604 15:28:58 @multi_evo_agent_runner.py:115] Agent_1 gets eval reward: 187.49.
[20260604 15:28:58 @multi_evo_agent_runner.py:116] Agent_1 gets win rate: 0.35.
[20260604 15:28:58 @multi_evo_agent_runner.py:510] CRITICAL save best checkpoint with agent_0's rewards 662.01!
[20260604 15:28:59 @multi_evo_agent_runner.py:79] #------------------------ Iteration 154 --------------------------#
[20260604 15:29:12 @multi_evo_agent_runner.py:85] Sampling 50000 steps by 12 slaves, spending 13.10 s.
[20260604 15:30:02 @multi_evo_agent_runner.py:94] Policy update, spending: 50.67 s.
[20260604 15:30:04 @multi_evo_agent_runner.py:99] Evaluation time: 1.91 s.
[20260604 15:30:04 @multi_evo_agent_runner.py:105] Total time:     196.38 min
[20260604 15:30:04 @multi_evo_agent_runner.py:115] Agent_0 gets eval reward: 684.78.
[20260604 15:30:04 @multi_evo_agent_runner.py:116] Agent_0 gets win rate: 0.58.
[20260604 15:30:04 @multi_evo_agent_runner.py:115] Agent_1 gets eval reward: 176.23.
[20260604 15:30:04 @multi_evo_agent_runner.py:116] Agent_1 gets win rate: 0.30.
[20260604 15:30:04 @multi_evo_agent_runner.py:510] CRITICAL save best checkpoint with agent_0's rewards 684.78!
[20260604 15:30:04 @multi_evo_agent_runner.py:79] #------------------------ Iteration 155 --------------------------#
[20260604 15:30:18 @multi_evo_agent_runner.py:85] Sampling 50000 steps by 12 slaves, spending 13.32 s.
[20260604 15:31:07 @multi_evo_agent_runner.py:94] Policy update, spending: 48.95 s.
[20260604 15:31:09 @multi_evo_agent_runner.py:99] Evaluation time: 1.96 s.
[20260604 15:31:09 @multi_evo_agent_runner.py:105] Total time:     197.46 min
[20260604 15:31:09 @multi_evo_agent_runner.py:115] Agent_0 gets eval reward: 244.09.
[20260604 15:31:09 @multi_evo_agent_runner.py:116] Agent_0 gets win rate: 0.37.
[20260604 15:31:09 @multi_evo_agent_runner.py:115] Agent_1 gets eval reward: 441.09.
[20260604 15:31:09 @multi_evo_agent_runner.py:116] Agent_1 gets win rate: 0.46.
[20260604 15:31:09 @multi_evo_agent_runner.py:510] CRITICAL save best checkpoint with agent_1's rewards 441.09!
[20260604 15:31:09 @multi_evo_agent_runner.py:79] #------------------------ Iteration 156 --------------------------#
[20260604 15:31:22 @multi_evo_agent_runner.py:85] Sampling 50000 steps by 12 slaves, spending 13.04 s.
[20260604 15:32:12 @multi_evo_agent_runner.py:94] Policy update, spending: 50.29 s.
[20260604 15:32:14 @multi_evo_agent_runner.py:99] Evaluation time: 1.76 s.
[20260604 15:32:14 @multi_evo_agent_runner.py:105] Total time:     198.54 min
[20260604 15:32:14 @multi_evo_agent_runner.py:115] Agent_0 gets eval reward: 530.33.
[20260604 15:32:14 @multi_evo_agent_runner.py:116] Agent_0 gets win rate: 0.32.
[20260604 15:32:14 @multi_evo_agent_runner.py:115] Agent_1 gets eval reward: 566.74.
[20260604 15:32:14 @multi_evo_agent_runner.py:116] Agent_1 gets win rate: 0.61.
[20260604 15:32:14 @multi_evo_agent_runner.py:510] CRITICAL save best checkpoint with agent_1's rewards 566.74!
[20260604 15:32:14 @multi_evo_agent_runner.py:79] #------------------------ Iteration 157 --------------------------#
[20260604 15:32:28 @multi_evo_agent_runner.py:85] Sampling 50000 steps by 12 slaves, spending 13.61 s.
[20260604 15:33:15 @multi_evo_agent_runner.py:94] Policy update, spending: 47.25 s.
[20260604 15:33:17 @multi_evo_agent_runner.py:99] Evaluation time: 1.99 s.
[20260604 15:33:17 @multi_evo_agent_runner.py:105] Total time:     199.59 min
[20260604 15:33:17 @multi_evo_agent_runner.py:115] Agent_0 gets eval reward: 754.74.
[20260604 15:33:17 @multi_evo_agent_runner.py:116] Agent_0 gets win rate: 0.46.
[20260604 15:33:17 @multi_evo_agent_runner.py:115] Agent_1 gets eval reward: 342.02.
[20260604 15:33:17 @multi_evo_agent_runner.py:116] Agent_1 gets win rate: 0.52.
[20260604 15:33:17 @multi_evo_agent_runner.py:510] CRITICAL save best checkpoint with agent_0's rewards 754.74!
[20260604 15:33:17 @multi_evo_agent_runner.py:79] #------------------------ Iteration 158 --------------------------#
[20260604 15:33:29 @multi_evo_agent_runner.py:85] Sampling 50000 steps by 12 slaves, spending 12.12 s.
[20260604 15:34:28 @multi_evo_agent_runner.py:94] Policy update, spending: 59.09 s.
[20260604 15:34:30 @multi_evo_agent_runner.py:99] Evaluation time: 1.71 s.
[20260604 15:34:30 @multi_evo_agent_runner.py:105] Total time:     200.81 min
[20260604 15:34:30 @multi_evo_agent_runner.py:115] Agent_0 gets eval reward: 405.92.
[20260604 15:34:30 @multi_evo_agent_runner.py:116] Agent_0 gets win rate: 0.47.
[20260604 15:34:30 @multi_evo_agent_runner.py:115] Agent_1 gets eval reward: 154.54.
[20260604 15:34:30 @multi_evo_agent_runner.py:116] Agent_1 gets win rate: 0.44.
[20260604 15:34:30 @multi_evo_agent_runner.py:510] CRITICAL save best checkpoint with agent_0's rewards 405.92!
[20260604 15:34:30 @multi_evo_agent_runner.py:79] #------------------------ Iteration 159 --------------------------#
[20260604 15:34:44 @multi_evo_agent_runner.py:85] Sampling 50000 steps by 12 slaves, spending 13.43 s.
[20260604 15:35:36 @multi_evo_agent_runner.py:94] Policy update, spending: 52.09 s.
[20260604 15:35:38 @multi_evo_agent_runner.py:99] Evaluation time: 1.86 s.
[20260604 15:35:38 @multi_evo_agent_runner.py:105] Total time:     201.94 min
[20260604 15:35:38 @multi_evo_agent_runner.py:115] Agent_0 gets eval reward: 676.61.
[20260604 15:35:38 @multi_evo_agent_runner.py:116] Agent_0 gets win rate: 0.18.
[20260604 15:35:38 @multi_evo_agent_runner.py:115] Agent_1 gets eval reward: 739.48.
[20260604 15:35:38 @multi_evo_agent_runner.py:116] Agent_1 gets win rate: 0.68.
[20260604 15:35:38 @multi_evo_agent_runner.py:510] CRITICAL save best checkpoint with agent_0's rewards 676.61!
[20260604 15:35:38 @multi_evo_agent_runner.py:510] CRITICAL save best checkpoint with agent_1's rewards 739.48!
[20260604 15:35:38 @multi_evo_agent_runner.py:79] #------------------------ Iteration 160 --------------------------#
[20260604 15:35:52 @multi_evo_agent_runner.py:85] Sampling 50000 steps by 12 slaves, spending 14.07 s.
[20260604 15:36:43 @multi_evo_agent_runner.py:94] Policy update, spending: 51.32 s.
[20260604 15:36:45 @multi_evo_agent_runner.py:99] Evaluation time: 1.79 s.
[20260604 15:36:45 @multi_evo_agent_runner.py:105] Total time:     203.06 min
[20260604 15:36:45 @multi_evo_agent_runner.py:115] Agent_0 gets eval reward: 514.91.
[20260604 15:36:45 @multi_evo_agent_runner.py:116] Agent_0 gets win rate: 0.50.
[20260604 15:36:45 @multi_evo_agent_runner.py:115] Agent_1 gets eval reward: 350.86.
[20260604 15:36:45 @multi_evo_agent_runner.py:116] Agent_1 gets win rate: 0.49.
[20260604 15:36:45 @multi_evo_agent_runner.py:510] CRITICAL save best checkpoint with agent_0's rewards 514.91!
[20260604 15:36:45 @multi_evo_agent_runner.py:79] #------------------------ Iteration 161 --------------------------#
[20260604 15:37:02 @multi_evo_agent_runner.py:85] Sampling 50000 steps by 12 slaves, spending 17.00 s.
[20260604 15:37:51 @multi_evo_agent_runner.py:94] Policy update, spending: 48.88 s.
[20260604 15:37:53 @multi_evo_agent_runner.py:99] Evaluation time: 1.74 s.
[20260604 15:37:53 @multi_evo_agent_runner.py:105] Total time:     204.19 min
[20260604 15:37:53 @multi_evo_agent_runner.py:115] Agent_0 gets eval reward: 513.37.
[20260604 15:37:53 @multi_evo_agent_runner.py:116] Agent_0 gets win rate: 0.33.
[20260604 15:37:53 @multi_evo_agent_runner.py:115] Agent_1 gets eval reward: 477.14.
[20260604 15:37:53 @multi_evo_agent_runner.py:116] Agent_1 gets win rate: 0.67.
[20260604 15:37:53 @multi_evo_agent_runner.py:79] #------------------------ Iteration 162 --------------------------#
[20260604 15:38:11 @multi_evo_agent_runner.py:85] Sampling 50000 steps by 12 slaves, spending 17.71 s.
[20260604 15:38:59 @multi_evo_agent_runner.py:94] Policy update, spending: 48.16 s.
[20260604 15:39:01 @multi_evo_agent_runner.py:99] Evaluation time: 2.24 s.
[20260604 15:39:01 @multi_evo_agent_runner.py:105] Total time:     205.33 min
[20260604 15:39:01 @multi_evo_agent_runner.py:115] Agent_0 gets eval reward: 809.32.
[20260604 15:39:01 @multi_evo_agent_runner.py:116] Agent_0 gets win rate: 0.59.
[20260604 15:39:01 @multi_evo_agent_runner.py:115] Agent_1 gets eval reward: 335.14.
[20260604 15:39:01 @multi_evo_agent_runner.py:116] Agent_1 gets win rate: 0.39.
[20260604 15:39:01 @multi_evo_agent_runner.py:510] CRITICAL save best checkpoint with agent_0's rewards 809.32!
[20260604 15:39:01 @multi_evo_agent_runner.py:79] #------------------------ Iteration 163 --------------------------#
[20260604 15:39:22 @multi_evo_agent_runner.py:85] Sampling 50000 steps by 12 slaves, spending 21.07 s.
[20260604 15:40:29 @multi_evo_agent_runner.py:94] Policy update, spending: 66.49 s.
[20260604 15:40:34 @multi_evo_agent_runner.py:99] Evaluation time: 5.04 s.
[20260604 15:40:34 @multi_evo_agent_runner.py:105] Total time:     206.88 min
[20260604 15:40:34 @multi_evo_agent_runner.py:115] Agent_0 gets eval reward: 811.78.
[20260604 15:40:34 @multi_evo_agent_runner.py:116] Agent_0 gets win rate: 0.43.
[20260604 15:40:34 @multi_evo_agent_runner.py:115] Agent_1 gets eval reward: 546.62.
[20260604 15:40:34 @multi_evo_agent_runner.py:116] Agent_1 gets win rate: 0.53.
[20260604 15:40:34 @multi_evo_agent_runner.py:510] CRITICAL save best checkpoint with agent_0's rewards 811.78!
[20260604 15:40:34 @multi_evo_agent_runner.py:79] #------------------------ Iteration 164 --------------------------#
[20260604 15:40:50 @multi_evo_agent_runner.py:85] Sampling 50000 steps by 12 slaves, spending 15.50 s.
[20260604 15:41:39 @multi_evo_agent_runner.py:94] Policy update, spending: 48.71 s.
[20260604 15:41:42 @multi_evo_agent_runner.py:99] Evaluation time: 3.28 s.
[20260604 15:41:42 @multi_evo_agent_runner.py:105] Total time:     208.01 min
[20260604 15:41:42 @multi_evo_agent_runner.py:115] Agent_0 gets eval reward: 690.03.
[20260604 15:41:42 @multi_evo_agent_runner.py:116] Agent_0 gets win rate: 0.43.
[20260604 15:41:42 @multi_evo_agent_runner.py:115] Agent_1 gets eval reward: 921.88.
[20260604 15:41:42 @multi_evo_agent_runner.py:116] Agent_1 gets win rate: 0.53.
[20260604 15:41:42 @multi_evo_agent_runner.py:510] CRITICAL save best checkpoint with agent_0's rewards 690.03!
[20260604 15:41:42 @multi_evo_agent_runner.py:510] CRITICAL save best checkpoint with agent_1's rewards 921.88!
[20260604 15:41:42 @multi_evo_agent_runner.py:79] #------------------------ Iteration 165 --------------------------#
[20260604 15:41:55 @multi_evo_agent_runner.py:85] Sampling 50000 steps by 12 slaves, spending 13.38 s.
[20260604 15:42:48 @multi_evo_agent_runner.py:94] Policy update, spending: 52.85 s.
[20260604 15:42:50 @multi_evo_agent_runner.py:99] Evaluation time: 1.80 s.
[20260604 15:42:50 @multi_evo_agent_runner.py:105] Total time:     209.15 min
[20260604 15:42:50 @multi_evo_agent_runner.py:115] Agent_0 gets eval reward: 360.65.
[20260604 15:42:50 @multi_evo_agent_runner.py:116] Agent_0 gets win rate: 0.49.
[20260604 15:42:50 @multi_evo_agent_runner.py:115] Agent_1 gets eval reward: 480.56.
[20260604 15:42:50 @multi_evo_agent_runner.py:116] Agent_1 gets win rate: 0.44.
[20260604 15:42:50 @multi_evo_agent_runner.py:510] CRITICAL save best checkpoint with agent_0's rewards 360.65!
[20260604 15:42:50 @multi_evo_agent_runner.py:79] #------------------------ Iteration 166 --------------------------#
[20260604 15:43:04 @multi_evo_agent_runner.py:85] Sampling 50000 steps by 12 slaves, spending 13.54 s.
[20260604 15:43:54 @multi_evo_agent_runner.py:94] Policy update, spending: 50.64 s.
[20260604 15:43:56 @multi_evo_agent_runner.py:99] Evaluation time: 1.84 s.
[20260604 15:43:56 @multi_evo_agent_runner.py:105] Total time:     210.25 min
[20260604 15:43:56 @multi_evo_agent_runner.py:115] Agent_0 gets eval reward: 663.46.
[20260604 15:43:56 @multi_evo_agent_runner.py:116] Agent_0 gets win rate: 0.51.
[20260604 15:43:56 @multi_evo_agent_runner.py:115] Agent_1 gets eval reward: 201.66.
[20260604 15:43:56 @multi_evo_agent_runner.py:116] Agent_1 gets win rate: 0.46.
[20260604 15:43:56 @multi_evo_agent_runner.py:510] CRITICAL save best checkpoint with agent_0's rewards 663.46!
[20260604 15:43:56 @multi_evo_agent_runner.py:79] #------------------------ Iteration 167 --------------------------#
[20260604 15:44:09 @multi_evo_agent_runner.py:85] Sampling 50000 steps by 12 slaves, spending 12.38 s.
[20260604 15:45:04 @multi_evo_agent_runner.py:94] Policy update, spending: 54.87 s.
[20260604 15:45:06 @multi_evo_agent_runner.py:99] Evaluation time: 2.18 s.
[20260604 15:45:06 @multi_evo_agent_runner.py:105] Total time:     211.41 min
[20260604 15:45:06 @multi_evo_agent_runner.py:115] Agent_0 gets eval reward: 785.53.
[20260604 15:45:06 @multi_evo_agent_runner.py:116] Agent_0 gets win rate: 0.53.
[20260604 15:45:06 @multi_evo_agent_runner.py:115] Agent_1 gets eval reward: 489.08.
[20260604 15:45:06 @multi_evo_agent_runner.py:116] Agent_1 gets win rate: 0.46.
[20260604 15:45:06 @multi_evo_agent_runner.py:510] CRITICAL save best checkpoint with agent_0's rewards 785.53!
[20260604 15:45:06 @multi_evo_agent_runner.py:79] #------------------------ Iteration 168 --------------------------#
[20260604 15:45:19 @multi_evo_agent_runner.py:85] Sampling 50000 steps by 12 slaves, spending 13.08 s.
[20260604 15:46:25 @multi_evo_agent_runner.py:94] Policy update, spending: 65.86 s.
[20260604 15:46:27 @multi_evo_agent_runner.py:99] Evaluation time: 1.79 s.
[20260604 15:46:27 @multi_evo_agent_runner.py:105] Total time:     212.76 min
[20260604 15:46:27 @multi_evo_agent_runner.py:115] Agent_0 gets eval reward: 841.86.
[20260604 15:46:27 @multi_evo_agent_runner.py:116] Agent_0 gets win rate: 0.38.
[20260604 15:46:27 @multi_evo_agent_runner.py:115] Agent_1 gets eval reward: 556.15.
[20260604 15:46:27 @multi_evo_agent_runner.py:116] Agent_1 gets win rate: 0.57.
[20260604 15:46:27 @multi_evo_agent_runner.py:510] CRITICAL save best checkpoint with agent_0's rewards 841.86!
[20260604 15:46:27 @multi_evo_agent_runner.py:510] CRITICAL save best checkpoint with agent_1's rewards 556.15!
[20260604 15:46:27 @multi_evo_agent_runner.py:79] #------------------------ Iteration 169 --------------------------#
[20260604 15:46:39 @multi_evo_agent_runner.py:85] Sampling 50000 steps by 12 slaves, spending 12.54 s.
[20260604 15:47:26 @multi_evo_agent_runner.py:94] Policy update, spending: 46.69 s.
[20260604 15:47:28 @multi_evo_agent_runner.py:99] Evaluation time: 1.85 s.
[20260604 15:47:28 @multi_evo_agent_runner.py:105] Total time:     213.78 min
[20260604 15:47:28 @multi_evo_agent_runner.py:115] Agent_0 gets eval reward: 780.55.
[20260604 15:47:28 @multi_evo_agent_runner.py:116] Agent_0 gets win rate: 0.48.
[20260604 15:47:28 @multi_evo_agent_runner.py:115] Agent_1 gets eval reward: 431.12.
[20260604 15:47:28 @multi_evo_agent_runner.py:116] Agent_1 gets win rate: 0.47.
[20260604 15:47:28 @multi_evo_agent_runner.py:510] CRITICAL save best checkpoint with agent_0's rewards 780.55!
[20260604 15:47:28 @multi_evo_agent_runner.py:79] #------------------------ Iteration 170 --------------------------#
[20260604 15:47:41 @multi_evo_agent_runner.py:85] Sampling 50000 steps by 12 slaves, spending 13.05 s.
[20260604 15:48:42 @multi_evo_agent_runner.py:94] Policy update, spending: 61.20 s.
[20260604 15:48:44 @multi_evo_agent_runner.py:99] Evaluation time: 1.74 s.
[20260604 15:48:44 @multi_evo_agent_runner.py:105] Total time:     215.05 min
[20260604 15:48:44 @multi_evo_agent_runner.py:115] Agent_0 gets eval reward: 1053.89.
[20260604 15:48:44 @multi_evo_agent_runner.py:116] Agent_0 gets win rate: 0.40.
[20260604 15:48:44 @multi_evo_agent_runner.py:115] Agent_1 gets eval reward: 555.71.
[20260604 15:48:44 @multi_evo_agent_runner.py:116] Agent_1 gets win rate: 0.51.
[20260604 15:48:44 @multi_evo_agent_runner.py:510] CRITICAL save best checkpoint with agent_0's rewards 1053.89!
[20260604 15:48:44 @multi_evo_agent_runner.py:79] #------------------------ Iteration 171 --------------------------#
[20260604 15:48:57 @multi_evo_agent_runner.py:85] Sampling 50000 steps by 12 slaves, spending 12.66 s.
[20260604 15:50:02 @multi_evo_agent_runner.py:94] Policy update, spending: 65.36 s.
[20260604 15:50:05 @multi_evo_agent_runner.py:99] Evaluation time: 2.13 s.
[20260604 15:50:05 @multi_evo_agent_runner.py:105] Total time:     216.39 min
[20260604 15:50:05 @multi_evo_agent_runner.py:115] Agent_0 gets eval reward: 477.15.
[20260604 15:50:05 @multi_evo_agent_runner.py:116] Agent_0 gets win rate: 0.34.
[20260604 15:50:05 @multi_evo_agent_runner.py:115] Agent_1 gets eval reward: 637.59.
[20260604 15:50:05 @multi_evo_agent_runner.py:116] Agent_1 gets win rate: 0.55.
[20260604 15:50:05 @multi_evo_agent_runner.py:510] CRITICAL save best checkpoint with agent_1's rewards 637.59!
[20260604 15:50:05 @multi_evo_agent_runner.py:79] #------------------------ Iteration 172 --------------------------#
[20260604 15:50:17 @multi_evo_agent_runner.py:85] Sampling 50000 steps by 12 slaves, spending 12.18 s.
[20260604 15:51:05 @multi_evo_agent_runner.py:94] Policy update, spending: 47.91 s.
[20260604 15:51:07 @multi_evo_agent_runner.py:99] Evaluation time: 1.84 s.
[20260604 15:51:07 @multi_evo_agent_runner.py:105] Total time:     217.42 min
[20260604 15:51:07 @multi_evo_agent_runner.py:115] Agent_0 gets eval reward: 627.39.
[20260604 15:51:07 @multi_evo_agent_runner.py:116] Agent_0 gets win rate: 0.49.
[20260604 15:51:07 @multi_evo_agent_runner.py:115] Agent_1 gets eval reward: 404.89.
[20260604 15:51:07 @multi_evo_agent_runner.py:116] Agent_1 gets win rate: 0.48.
[20260604 15:51:07 @multi_evo_agent_runner.py:510] CRITICAL save best checkpoint with agent_0's rewards 627.39!
[20260604 15:51:07 @multi_evo_agent_runner.py:79] #------------------------ Iteration 173 --------------------------#
[20260604 15:51:19 @multi_evo_agent_runner.py:85] Sampling 50000 steps by 12 slaves, spending 12.50 s.
[20260604 15:52:09 @multi_evo_agent_runner.py:94] Policy update, spending: 49.26 s.
[20260604 15:52:10 @multi_evo_agent_runner.py:99] Evaluation time: 1.81 s.
[20260604 15:52:10 @multi_evo_agent_runner.py:105] Total time:     218.49 min
[20260604 15:52:11 @multi_evo_agent_runner.py:115] Agent_0 gets eval reward: 776.44.
[20260604 15:52:11 @multi_evo_agent_runner.py:116] Agent_0 gets win rate: 0.47.
[20260604 15:52:11 @multi_evo_agent_runner.py:115] Agent_1 gets eval reward: 448.88.
[20260604 15:52:11 @multi_evo_agent_runner.py:116] Agent_1 gets win rate: 0.47.
[20260604 15:52:11 @multi_evo_agent_runner.py:510] CRITICAL save best checkpoint with agent_0's rewards 776.44!
[20260604 15:52:11 @multi_evo_agent_runner.py:79] #------------------------ Iteration 174 --------------------------#
[20260604 15:52:24 @multi_evo_agent_runner.py:85] Sampling 50000 steps by 12 slaves, spending 13.15 s.
[20260604 15:53:12 @multi_evo_agent_runner.py:94] Policy update, spending: 48.38 s.
[20260604 15:53:14 @multi_evo_agent_runner.py:99] Evaluation time: 1.94 s.
[20260604 15:53:14 @multi_evo_agent_runner.py:105] Total time:     219.55 min
[20260604 15:53:14 @multi_evo_agent_runner.py:115] Agent_0 gets eval reward: 685.57.
[20260604 15:53:14 @multi_evo_agent_runner.py:116] Agent_0 gets win rate: 0.41.
[20260604 15:53:14 @multi_evo_agent_runner.py:115] Agent_1 gets eval reward: 596.13.
[20260604 15:53:14 @multi_evo_agent_runner.py:116] Agent_1 gets win rate: 0.55.
[20260604 15:53:14 @multi_evo_agent_runner.py:79] #------------------------ Iteration 175 --------------------------#
[20260604 15:53:31 @multi_evo_agent_runner.py:85] Sampling 50000 steps by 12 slaves, spending 16.72 s.
[20260604 15:54:21 @multi_evo_agent_runner.py:94] Policy update, spending: 50.25 s.
[20260604 15:54:23 @multi_evo_agent_runner.py:99] Evaluation time: 1.91 s.
[20260604 15:54:23 @multi_evo_agent_runner.py:105] Total time:     220.70 min
[20260604 15:54:23 @multi_evo_agent_runner.py:115] Agent_0 gets eval reward: 590.53.
[20260604 15:54:23 @multi_evo_agent_runner.py:116] Agent_0 gets win rate: 0.41.
[20260604 15:54:23 @multi_evo_agent_runner.py:115] Agent_1 gets eval reward: 551.11.
[20260604 15:54:23 @multi_evo_agent_runner.py:116] Agent_1 gets win rate: 0.43.
[20260604 15:54:23 @multi_evo_agent_runner.py:79] #------------------------ Iteration 176 --------------------------#
[20260604 15:54:42 @multi_evo_agent_runner.py:85] Sampling 50000 steps by 12 slaves, spending 18.42 s.
[20260604 15:55:30 @multi_evo_agent_runner.py:94] Policy update, spending: 48.02 s.
[20260604 15:55:32 @multi_evo_agent_runner.py:99] Evaluation time: 2.28 s.
[20260604 15:55:32 @multi_evo_agent_runner.py:105] Total time:     221.85 min
[20260604 15:55:32 @multi_evo_agent_runner.py:115] Agent_0 gets eval reward: 717.82.
[20260604 15:55:32 @multi_evo_agent_runner.py:116] Agent_0 gets win rate: 0.63.
[20260604 15:55:32 @multi_evo_agent_runner.py:115] Agent_1 gets eval reward: 157.75.
[20260604 15:55:32 @multi_evo_agent_runner.py:116] Agent_1 gets win rate: 0.37.
[20260604 15:55:32 @multi_evo_agent_runner.py:510] CRITICAL save best checkpoint with agent_0's rewards 717.82!
[20260604 15:55:32 @multi_evo_agent_runner.py:79] #------------------------ Iteration 177 --------------------------#
[20260604 15:55:53 @multi_evo_agent_runner.py:85] Sampling 50000 steps by 12 slaves, spending 20.84 s.
[20260604 15:57:14 @multi_evo_agent_runner.py:94] Policy update, spending: 81.30 s.
[20260604 15:57:18 @multi_evo_agent_runner.py:99] Evaluation time: 3.70 s.
[20260604 15:57:18 @multi_evo_agent_runner.py:105] Total time:     223.61 min
[20260604 15:57:18 @multi_evo_agent_runner.py:115] Agent_0 gets eval reward: 663.49.
[20260604 15:57:18 @multi_evo_agent_runner.py:116] Agent_0 gets win rate: 0.53.
[20260604 15:57:18 @multi_evo_agent_runner.py:115] Agent_1 gets eval reward: 320.95.
[20260604 15:57:18 @multi_evo_agent_runner.py:116] Agent_1 gets win rate: 0.47.
[20260604 15:57:18 @multi_evo_agent_runner.py:79] #------------------------ Iteration 178 --------------------------#
[20260604 15:57:32 @multi_evo_agent_runner.py:85] Sampling 50000 steps by 12 slaves, spending 14.05 s.
[20260604 15:58:23 @multi_evo_agent_runner.py:94] Policy update, spending: 50.77 s.
[20260604 15:58:25 @multi_evo_agent_runner.py:99] Evaluation time: 1.86 s.
[20260604 15:58:25 @multi_evo_agent_runner.py:105] Total time:     224.73 min
[20260604 15:58:25 @multi_evo_agent_runner.py:115] Agent_0 gets eval reward: 572.53.
[20260604 15:58:25 @multi_evo_agent_runner.py:116] Agent_0 gets win rate: 0.50.
[20260604 15:58:25 @multi_evo_agent_runner.py:115] Agent_1 gets eval reward: 511.65.
[20260604 15:58:25 @multi_evo_agent_runner.py:116] Agent_1 gets win rate: 0.46.
[20260604 15:58:25 @multi_evo_agent_runner.py:79] #------------------------ Iteration 179 --------------------------#
[20260604 15:58:38 @multi_evo_agent_runner.py:85] Sampling 50000 steps by 12 slaves, spending 12.34 s.
[20260604 15:59:31 @multi_evo_agent_runner.py:94] Policy update, spending: 53.29 s.
[20260604 15:59:33 @multi_evo_agent_runner.py:99] Evaluation time: 1.84 s.
[20260604 15:59:33 @multi_evo_agent_runner.py:105] Total time:     225.86 min
[20260604 15:59:33 @multi_evo_agent_runner.py:115] Agent_0 gets eval reward: 487.04.
[20260604 15:59:33 @multi_evo_agent_runner.py:116] Agent_0 gets win rate: 0.44.
[20260604 15:59:33 @multi_evo_agent_runner.py:115] Agent_1 gets eval reward: 560.30.
[20260604 15:59:33 @multi_evo_agent_runner.py:116] Agent_1 gets win rate: 0.56.
[20260604 15:59:33 @multi_evo_agent_runner.py:510] CRITICAL save best checkpoint with agent_1's rewards 560.30!
[20260604 15:59:33 @multi_evo_agent_runner.py:79] #------------------------ Iteration 180 --------------------------#
[20260604 15:59:46 @multi_evo_agent_runner.py:85] Sampling 50000 steps by 12 slaves, spending 13.63 s.
[20260604 16:00:36 @multi_evo_agent_runner.py:94] Policy update, spending: 49.02 s.
[20260604 16:00:37 @multi_evo_agent_runner.py:99] Evaluation time: 1.81 s.
[20260604 16:00:37 @multi_evo_agent_runner.py:105] Total time:     226.93 min
[20260604 16:00:37 @multi_evo_agent_runner.py:115] Agent_0 gets eval reward: 171.62.
[20260604 16:00:37 @multi_evo_agent_runner.py:116] Agent_0 gets win rate: 0.44.
[20260604 16:00:37 @multi_evo_agent_runner.py:115] Agent_1 gets eval reward: 286.56.
[20260604 16:00:37 @multi_evo_agent_runner.py:116] Agent_1 gets win rate: 0.53.
[20260604 16:00:38 @multi_evo_agent_runner.py:79] #------------------------ Iteration 181 --------------------------#
[20260604 16:00:50 @multi_evo_agent_runner.py:85] Sampling 50000 steps by 12 slaves, spending 12.61 s.
[20260604 16:01:51 @multi_evo_agent_runner.py:94] Policy update, spending: 61.25 s.
[20260604 16:01:53 @multi_evo_agent_runner.py:99] Evaluation time: 1.75 s.
[20260604 16:01:53 @multi_evo_agent_runner.py:105] Total time:     228.20 min
[20260604 16:01:53 @multi_evo_agent_runner.py:115] Agent_0 gets eval reward: 496.70.
[20260604 16:01:53 @multi_evo_agent_runner.py:116] Agent_0 gets win rate: 0.48.
[20260604 16:01:53 @multi_evo_agent_runner.py:115] Agent_1 gets eval reward: 288.97.
[20260604 16:01:53 @multi_evo_agent_runner.py:116] Agent_1 gets win rate: 0.48.
[20260604 16:01:53 @multi_evo_agent_runner.py:79] #------------------------ Iteration 182 --------------------------#
[20260604 16:02:07 @multi_evo_agent_runner.py:85] Sampling 50000 steps by 12 slaves, spending 13.65 s.
[20260604 16:03:02 @multi_evo_agent_runner.py:94] Policy update, spending: 55.32 s.
[20260604 16:03:04 @multi_evo_agent_runner.py:99] Evaluation time: 1.86 s.
[20260604 16:03:04 @multi_evo_agent_runner.py:105] Total time:     229.38 min
[20260604 16:03:04 @multi_evo_agent_runner.py:115] Agent_0 gets eval reward: 636.13.
[20260604 16:03:04 @multi_evo_agent_runner.py:116] Agent_0 gets win rate: 0.50.
[20260604 16:03:04 @multi_evo_agent_runner.py:115] Agent_1 gets eval reward: 562.07.
[20260604 16:03:04 @multi_evo_agent_runner.py:116] Agent_1 gets win rate: 0.46.
[20260604 16:03:04 @multi_evo_agent_runner.py:510] CRITICAL save best checkpoint with agent_1's rewards 562.07!
[20260604 16:03:04 @multi_evo_agent_runner.py:79] #------------------------ Iteration 183 --------------------------#
[20260604 16:03:18 @multi_evo_agent_runner.py:85] Sampling 50000 steps by 12 slaves, spending 13.78 s.
[20260604 16:04:11 @multi_evo_agent_runner.py:94] Policy update, spending: 52.62 s.
[20260604 16:04:12 @multi_evo_agent_runner.py:99] Evaluation time: 1.75 s.
[20260604 16:04:12 @multi_evo_agent_runner.py:105] Total time:     230.52 min
[20260604 16:04:13 @multi_evo_agent_runner.py:115] Agent_0 gets eval reward: 655.10.
[20260604 16:04:13 @multi_evo_agent_runner.py:116] Agent_0 gets win rate: 0.54.
[20260604 16:04:13 @multi_evo_agent_runner.py:115] Agent_1 gets eval reward: 278.78.
[20260604 16:04:13 @multi_evo_agent_runner.py:116] Agent_1 gets win rate: 0.44.
[20260604 16:04:13 @multi_evo_agent_runner.py:79] #------------------------ Iteration 184 --------------------------#
[20260604 16:04:25 @multi_evo_agent_runner.py:85] Sampling 50000 steps by 12 slaves, spending 12.41 s.
[20260604 16:05:15 @multi_evo_agent_runner.py:94] Policy update, spending: 50.33 s.
[20260604 16:05:17 @multi_evo_agent_runner.py:99] Evaluation time: 1.84 s.
[20260604 16:05:17 @multi_evo_agent_runner.py:105] Total time:     231.60 min
[20260604 16:05:17 @multi_evo_agent_runner.py:115] Agent_0 gets eval reward: 489.74.
[20260604 16:05:17 @multi_evo_agent_runner.py:116] Agent_0 gets win rate: 0.48.
[20260604 16:05:17 @multi_evo_agent_runner.py:115] Agent_1 gets eval reward: 427.41.
[20260604 16:05:17 @multi_evo_agent_runner.py:116] Agent_1 gets win rate: 0.50.
[20260604 16:05:17 @multi_evo_agent_runner.py:510] CRITICAL save best checkpoint with agent_1's rewards 427.41!
[20260604 16:05:17 @multi_evo_agent_runner.py:79] #------------------------ Iteration 185 --------------------------#
[20260604 16:05:32 @multi_evo_agent_runner.py:85] Sampling 50000 steps by 12 slaves, spending 14.72 s.
[20260604 16:06:22 @multi_evo_agent_runner.py:94] Policy update, spending: 49.66 s.
[20260604 16:06:24 @multi_evo_agent_runner.py:99] Evaluation time: 1.74 s.
[20260604 16:06:24 @multi_evo_agent_runner.py:105] Total time:     232.70 min
[20260604 16:06:24 @multi_evo_agent_runner.py:115] Agent_0 gets eval reward: 598.20.
[20260604 16:06:24 @multi_evo_agent_runner.py:116] Agent_0 gets win rate: 0.40.
[20260604 16:06:24 @multi_evo_agent_runner.py:115] Agent_1 gets eval reward: 497.22.
[20260604 16:06:24 @multi_evo_agent_runner.py:116] Agent_1 gets win rate: 0.56.
[20260604 16:06:24 @multi_evo_agent_runner.py:510] CRITICAL save best checkpoint with agent_1's rewards 497.22!
[20260604 16:06:24 @multi_evo_agent_runner.py:79] #------------------------ Iteration 186 --------------------------#
[20260604 16:06:41 @multi_evo_agent_runner.py:85] Sampling 50000 steps by 12 slaves, spending 17.78 s.
[20260604 16:07:30 @multi_evo_agent_runner.py:94] Policy update, spending: 48.34 s.
[20260604 16:07:32 @multi_evo_agent_runner.py:99] Evaluation time: 2.09 s.
[20260604 16:07:32 @multi_evo_agent_runner.py:105] Total time:     233.84 min
[20260604 16:07:32 @multi_evo_agent_runner.py:115] Agent_0 gets eval reward: 779.06.
[20260604 16:07:32 @multi_evo_agent_runner.py:116] Agent_0 gets win rate: 0.46.
[20260604 16:07:32 @multi_evo_agent_runner.py:115] Agent_1 gets eval reward: 388.37.
[20260604 16:07:32 @multi_evo_agent_runner.py:116] Agent_1 gets win rate: 0.48.
[20260604 16:07:32 @multi_evo_agent_runner.py:510] CRITICAL save best checkpoint with agent_0's rewards 779.06!
[20260604 16:07:32 @multi_evo_agent_runner.py:79] #------------------------ Iteration 187 --------------------------#
[20260604 16:07:54 @multi_evo_agent_runner.py:85] Sampling 50000 steps by 12 slaves, spending 21.37 s.
[20260604 16:09:13 @multi_evo_agent_runner.py:94] Policy update, spending: 79.51 s.
[20260604 16:09:16 @multi_evo_agent_runner.py:99] Evaluation time: 3.12 s.
[20260604 16:09:16 @multi_evo_agent_runner.py:105] Total time:     235.58 min
[20260604 16:09:16 @multi_evo_agent_runner.py:115] Agent_0 gets eval reward: 583.08.
[20260604 16:09:16 @multi_evo_agent_runner.py:116] Agent_0 gets win rate: 0.45.
[20260604 16:09:16 @multi_evo_agent_runner.py:115] Agent_1 gets eval reward: 404.79.
[20260604 16:09:16 @multi_evo_agent_runner.py:116] Agent_1 gets win rate: 0.49.
[20260604 16:09:16 @multi_evo_agent_runner.py:79] #------------------------ Iteration 188 --------------------------#
[20260604 16:09:30 @multi_evo_agent_runner.py:85] Sampling 50000 steps by 12 slaves, spending 13.96 s.
[20260604 16:10:20 @multi_evo_agent_runner.py:94] Policy update, spending: 49.70 s.
[20260604 16:10:22 @multi_evo_agent_runner.py:99] Evaluation time: 1.86 s.
[20260604 16:10:22 @multi_evo_agent_runner.py:105] Total time:     236.68 min
[20260604 16:10:22 @multi_evo_agent_runner.py:115] Agent_0 gets eval reward: 579.87.
[20260604 16:10:22 @multi_evo_agent_runner.py:116] Agent_0 gets win rate: 0.51.
[20260604 16:10:22 @multi_evo_agent_runner.py:115] Agent_1 gets eval reward: 193.60.
[20260604 16:10:22 @multi_evo_agent_runner.py:116] Agent_1 gets win rate: 0.48.
[20260604 16:10:22 @multi_evo_agent_runner.py:510] CRITICAL save best checkpoint with agent_0's rewards 579.87!
[20260604 16:10:22 @multi_evo_agent_runner.py:79] #------------------------ Iteration 189 --------------------------#
[20260604 16:10:34 @multi_evo_agent_runner.py:85] Sampling 50000 steps by 12 slaves, spending 12.08 s.
[20260604 16:11:22 @multi_evo_agent_runner.py:94] Policy update, spending: 48.14 s.
[20260604 16:11:25 @multi_evo_agent_runner.py:99] Evaluation time: 2.22 s.
[20260604 16:11:25 @multi_evo_agent_runner.py:105] Total time:     237.72 min
[20260604 16:11:25 @multi_evo_agent_runner.py:115] Agent_0 gets eval reward: 410.41.
[20260604 16:11:25 @multi_evo_agent_runner.py:116] Agent_0 gets win rate: 0.44.
[20260604 16:11:25 @multi_evo_agent_runner.py:115] Agent_1 gets eval reward: 462.26.
[20260604 16:11:25 @multi_evo_agent_runner.py:116] Agent_1 gets win rate: 0.52.
[20260604 16:11:25 @multi_evo_agent_runner.py:79] #------------------------ Iteration 190 --------------------------#
[20260604 16:11:37 @multi_evo_agent_runner.py:85] Sampling 50000 steps by 12 slaves, spending 11.87 s.
[20260604 16:12:27 @multi_evo_agent_runner.py:94] Policy update, spending: 50.71 s.
[20260604 16:12:29 @multi_evo_agent_runner.py:99] Evaluation time: 1.98 s.
[20260604 16:12:29 @multi_evo_agent_runner.py:105] Total time:     238.80 min
[20260604 16:12:29 @multi_evo_agent_runner.py:115] Agent_0 gets eval reward: 536.22.
[20260604 16:12:29 @multi_evo_agent_runner.py:116] Agent_0 gets win rate: 0.45.
[20260604 16:12:29 @multi_evo_agent_runner.py:115] Agent_1 gets eval reward: 359.16.
[20260604 16:12:29 @multi_evo_agent_runner.py:116] Agent_1 gets win rate: 0.52.
[20260604 16:12:29 @multi_evo_agent_runner.py:79] #------------------------ Iteration 191 --------------------------#
[20260604 16:12:43 @multi_evo_agent_runner.py:85] Sampling 50000 steps by 12 slaves, spending 13.09 s.
[20260604 16:13:33 @multi_evo_agent_runner.py:94] Policy update, spending: 50.93 s.
[20260604 16:13:36 @multi_evo_agent_runner.py:99] Evaluation time: 2.25 s.
[20260604 16:13:36 @multi_evo_agent_runner.py:105] Total time:     239.91 min
[20260604 16:13:36 @multi_evo_agent_runner.py:115] Agent_0 gets eval reward: 596.89.
[20260604 16:13:36 @multi_evo_agent_runner.py:116] Agent_0 gets win rate: 0.45.
[20260604 16:13:36 @multi_evo_agent_runner.py:115] Agent_1 gets eval reward: 702.96.
[20260604 16:13:36 @multi_evo_agent_runner.py:116] Agent_1 gets win rate: 0.55.
[20260604 16:13:36 @multi_evo_agent_runner.py:510] CRITICAL save best checkpoint with agent_0's rewards 596.89!
[20260604 16:13:36 @multi_evo_agent_runner.py:510] CRITICAL save best checkpoint with agent_1's rewards 702.96!
[20260604 16:13:36 @multi_evo_agent_runner.py:79] #------------------------ Iteration 192 --------------------------#
[20260604 16:13:49 @multi_evo_agent_runner.py:85] Sampling 50000 steps by 12 slaves, spending 12.74 s.
[20260604 16:14:44 @multi_evo_agent_runner.py:94] Policy update, spending: 54.89 s.
[20260604 16:14:45 @multi_evo_agent_runner.py:99] Evaluation time: 1.68 s.
[20260604 16:14:45 @multi_evo_agent_runner.py:105] Total time:     241.07 min
[20260604 16:14:45 @multi_evo_agent_runner.py:115] Agent_0 gets eval reward: 571.94.
[20260604 16:14:45 @multi_evo_agent_runner.py:116] Agent_0 gets win rate: 0.47.
[20260604 16:14:45 @multi_evo_agent_runner.py:115] Agent_1 gets eval reward: 291.78.
[20260604 16:14:45 @multi_evo_agent_runner.py:116] Agent_1 gets win rate: 0.50.
[20260604 16:14:45 @multi_evo_agent_runner.py:510] CRITICAL save best checkpoint with agent_0's rewards 571.94!
[20260604 16:14:45 @multi_evo_agent_runner.py:79] #------------------------ Iteration 193 --------------------------#
[20260604 16:14:59 @multi_evo_agent_runner.py:85] Sampling 50000 steps by 12 slaves, spending 13.16 s.
[20260604 16:15:45 @multi_evo_agent_runner.py:94] Policy update, spending: 46.13 s.
[20260604 16:15:46 @multi_evo_agent_runner.py:99] Evaluation time: 1.68 s.
[20260604 16:15:46 @multi_evo_agent_runner.py:105] Total time:     242.09 min
[20260604 16:15:46 @multi_evo_agent_runner.py:115] Agent_0 gets eval reward: 699.11.
[20260604 16:15:46 @multi_evo_agent_runner.py:116] Agent_0 gets win rate: 0.45.
[20260604 16:15:46 @multi_evo_agent_runner.py:115] Agent_1 gets eval reward: 526.21.
[20260604 16:15:46 @multi_evo_agent_runner.py:116] Agent_1 gets win rate: 0.45.
[20260604 16:15:46 @multi_evo_agent_runner.py:510] CRITICAL save best checkpoint with agent_0's rewards 699.11!
[20260604 16:15:47 @multi_evo_agent_runner.py:79] #------------------------ Iteration 194 --------------------------#
[20260604 16:15:59 @multi_evo_agent_runner.py:85] Sampling 50000 steps by 12 slaves, spending 12.91 s.
[20260604 16:16:49 @multi_evo_agent_runner.py:94] Policy update, spending: 49.62 s.
[20260604 16:16:51 @multi_evo_agent_runner.py:99] Evaluation time: 1.85 s.
[20260604 16:16:51 @multi_evo_agent_runner.py:105] Total time:     243.16 min
[20260604 16:16:51 @multi_evo_agent_runner.py:115] Agent_0 gets eval reward: 631.51.
[20260604 16:16:51 @multi_evo_agent_runner.py:116] Agent_0 gets win rate: 0.46.
[20260604 16:16:51 @multi_evo_agent_runner.py:115] Agent_1 gets eval reward: 303.70.
[20260604 16:16:51 @multi_evo_agent_runner.py:116] Agent_1 gets win rate: 0.51.
[20260604 16:16:51 @multi_evo_agent_runner.py:510] CRITICAL save best checkpoint with agent_0's rewards 631.51!
[20260604 16:16:51 @multi_evo_agent_runner.py:79] #------------------------ Iteration 195 --------------------------#
[20260604 16:17:04 @multi_evo_agent_runner.py:85] Sampling 50000 steps by 12 slaves, spending 12.47 s.
[20260604 16:17:54 @multi_evo_agent_runner.py:94] Policy update, spending: 50.34 s.
[20260604 16:17:56 @multi_evo_agent_runner.py:99] Evaluation time: 1.89 s.
[20260604 16:17:56 @multi_evo_agent_runner.py:105] Total time:     244.24 min
[20260604 16:17:56 @multi_evo_agent_runner.py:115] Agent_0 gets eval reward: 427.46.
[20260604 16:17:56 @multi_evo_agent_runner.py:116] Agent_0 gets win rate: 0.53.
[20260604 16:17:56 @multi_evo_agent_runner.py:115] Agent_1 gets eval reward: 133.52.
[20260604 16:17:56 @multi_evo_agent_runner.py:116] Agent_1 gets win rate: 0.32.
[20260604 16:17:56 @multi_evo_agent_runner.py:510] CRITICAL save best checkpoint with agent_0's rewards 427.46!
[20260604 16:17:56 @multi_evo_agent_runner.py:79] #------------------------ Iteration 196 --------------------------#
[20260604 16:18:10 @multi_evo_agent_runner.py:85] Sampling 50000 steps by 12 slaves, spending 13.62 s.
[20260604 16:19:00 @multi_evo_agent_runner.py:94] Policy update, spending: 50.40 s.
[20260604 16:19:02 @multi_evo_agent_runner.py:99] Evaluation time: 1.75 s.
[20260604 16:19:02 @multi_evo_agent_runner.py:105] Total time:     245.34 min
[20260604 16:19:02 @multi_evo_agent_runner.py:115] Agent_0 gets eval reward: 881.35.
[20260604 16:19:02 @multi_evo_agent_runner.py:116] Agent_0 gets win rate: 0.60.
[20260604 16:19:02 @multi_evo_agent_runner.py:115] Agent_1 gets eval reward: 216.36.
[20260604 16:19:02 @multi_evo_agent_runner.py:116] Agent_1 gets win rate: 0.40.
[20260604 16:19:02 @multi_evo_agent_runner.py:510] CRITICAL save best checkpoint with agent_0's rewards 881.35!
[20260604 16:19:02 @multi_evo_agent_runner.py:79] #------------------------ Iteration 197 --------------------------#
[20260604 16:19:15 @multi_evo_agent_runner.py:85] Sampling 50000 steps by 12 slaves, spending 12.92 s.
[20260604 16:20:03 @multi_evo_agent_runner.py:94] Policy update, spending: 48.27 s.
[20260604 16:20:05 @multi_evo_agent_runner.py:99] Evaluation time: 1.82 s.
[20260604 16:20:05 @multi_evo_agent_runner.py:105] Total time:     246.40 min
[20260604 16:20:05 @multi_evo_agent_runner.py:115] Agent_0 gets eval reward: 529.86.
[20260604 16:20:05 @multi_evo_agent_runner.py:116] Agent_0 gets win rate: 0.58.
[20260604 16:20:05 @multi_evo_agent_runner.py:115] Agent_1 gets eval reward: 76.73.
[20260604 16:20:05 @multi_evo_agent_runner.py:116] Agent_1 gets win rate: 0.39.
[20260604 16:20:05 @multi_evo_agent_runner.py:79] #------------------------ Iteration 198 --------------------------#
[20260604 16:20:19 @multi_evo_agent_runner.py:85] Sampling 50000 steps by 12 slaves, spending 13.86 s.
[20260604 16:21:07 @multi_evo_agent_runner.py:94] Policy update, spending: 48.43 s.
[20260604 16:21:09 @multi_evo_agent_runner.py:99] Evaluation time: 1.82 s.
[20260604 16:21:09 @multi_evo_agent_runner.py:105] Total time:     247.47 min
[20260604 16:21:09 @multi_evo_agent_runner.py:115] Agent_0 gets eval reward: 858.27.
[20260604 16:21:09 @multi_evo_agent_runner.py:116] Agent_0 gets win rate: 0.56.
[20260604 16:21:09 @multi_evo_agent_runner.py:115] Agent_1 gets eval reward: 169.53.
[20260604 16:21:09 @multi_evo_agent_runner.py:116] Agent_1 gets win rate: 0.40.
[20260604 16:21:09 @multi_evo_agent_runner.py:79] #------------------------ Iteration 199 --------------------------#
[20260604 16:21:24 @multi_evo_agent_runner.py:85] Sampling 50000 steps by 12 slaves, spending 14.76 s.
[20260604 16:22:12 @multi_evo_agent_runner.py:94] Policy update, spending: 47.82 s.
[20260604 16:22:14 @multi_evo_agent_runner.py:99] Evaluation time: 1.84 s.
[20260604 16:22:14 @multi_evo_agent_runner.py:105] Total time:     248.54 min
[20260604 16:22:14 @multi_evo_agent_runner.py:115] Agent_0 gets eval reward: 675.85.
[20260604 16:22:14 @multi_evo_agent_runner.py:116] Agent_0 gets win rate: 0.42.
[20260604 16:22:14 @multi_evo_agent_runner.py:115] Agent_1 gets eval reward: 698.48.
[20260604 16:22:14 @multi_evo_agent_runner.py:116] Agent_1 gets win rate: 0.55.
[20260604 16:22:14 @multi_evo_agent_runner.py:79] #------------------------ Iteration 200 --------------------------#
[20260604 16:22:32 @multi_evo_agent_runner.py:85] Sampling 50000 steps by 12 slaves, spending 18.41 s.
[20260604 16:23:21 @multi_evo_agent_runner.py:94] Policy update, spending: 48.55 s.
[20260604 16:23:23 @multi_evo_agent_runner.py:99] Evaluation time: 1.74 s.
[20260604 16:23:23 @multi_evo_agent_runner.py:105] Total time:     249.69 min
[20260604 16:23:23 @multi_evo_agent_runner.py:115] Agent_0 gets eval reward: 666.88.
[20260604 16:23:23 @multi_evo_agent_runner.py:116] Agent_0 gets win rate: 0.39.
[20260604 16:23:23 @multi_evo_agent_runner.py:115] Agent_1 gets eval reward: 560.74.
[20260604 16:23:23 @multi_evo_agent_runner.py:116] Agent_1 gets win rate: 0.60.
[20260604 16:23:23 @multi_evo_agent_runner.py:510] CRITICAL save best checkpoint with agent_1's rewards 560.74!
[20260604 16:23:23 @multi_evo_agent_runner.py:79] #------------------------ Iteration 201 --------------------------#
[20260604 16:23:44 @multi_evo_agent_runner.py:85] Sampling 50000 steps by 12 slaves, spending 20.76 s.
[20260604 16:24:31 @multi_evo_agent_runner.py:94] Policy update, spending: 47.38 s.
[20260604 16:24:34 @multi_evo_agent_runner.py:99] Evaluation time: 3.38 s.
[20260604 16:24:34 @multi_evo_agent_runner.py:105] Total time:     250.89 min
[20260604 16:24:35 @multi_evo_agent_runner.py:115] Agent_0 gets eval reward: 701.48.
[20260604 16:24:35 @multi_evo_agent_runner.py:116] Agent_0 gets win rate: 0.50.
[20260604 16:24:35 @multi_evo_agent_runner.py:115] Agent_1 gets eval reward: 337.31.
[20260604 16:24:35 @multi_evo_agent_runner.py:116] Agent_1 gets win rate: 0.46.
[20260604 16:24:35 @multi_evo_agent_runner.py:79] #------------------------ Iteration 202 --------------------------#
[20260604 16:24:48 @multi_evo_agent_runner.py:85] Sampling 50000 steps by 12 slaves, spending 13.48 s.
[20260604 16:25:38 @multi_evo_agent_runner.py:94] Policy update, spending: 49.83 s.
[20260604 16:25:40 @multi_evo_agent_runner.py:99] Evaluation time: 1.68 s.
[20260604 16:25:40 @multi_evo_agent_runner.py:105] Total time:     251.97 min
[20260604 16:25:40 @multi_evo_agent_runner.py:115] Agent_0 gets eval reward: 434.72.
[20260604 16:25:40 @multi_evo_agent_runner.py:116] Agent_0 gets win rate: 0.45.
[20260604 16:25:40 @multi_evo_agent_runner.py:115] Agent_1 gets eval reward: 246.27.
[20260604 16:25:40 @multi_evo_agent_runner.py:116] Agent_1 gets win rate: 0.50.
[20260604 16:25:40 @multi_evo_agent_runner.py:79] #------------------------ Iteration 203 --------------------------#
[20260604 16:25:52 @multi_evo_agent_runner.py:85] Sampling 50000 steps by 12 slaves, spending 12.35 s.
[20260604 16:26:43 @multi_evo_agent_runner.py:94] Policy update, spending: 51.19 s.
[20260604 16:26:45 @multi_evo_agent_runner.py:99] Evaluation time: 1.94 s.
[20260604 16:26:45 @multi_evo_agent_runner.py:105] Total time:     253.07 min
[20260604 16:26:45 @multi_evo_agent_runner.py:115] Agent_0 gets eval reward: 731.02.
[20260604 16:26:45 @multi_evo_agent_runner.py:116] Agent_0 gets win rate: 0.27.
[20260604 16:26:45 @multi_evo_agent_runner.py:115] Agent_1 gets eval reward: 485.91.
[20260604 16:26:45 @multi_evo_agent_runner.py:116] Agent_1 gets win rate: 0.55.
[20260604 16:26:46 @multi_evo_agent_runner.py:79] #------------------------ Iteration 204 --------------------------#
[20260604 16:26:58 @multi_evo_agent_runner.py:85] Sampling 50000 steps by 12 slaves, spending 12.23 s.
[20260604 16:27:50 @multi_evo_agent_runner.py:94] Policy update, spending: 52.30 s.
[20260604 16:27:52 @multi_evo_agent_runner.py:99] Evaluation time: 1.79 s.
[20260604 16:27:52 @multi_evo_agent_runner.py:105] Total time:     254.18 min
[20260604 16:27:52 @multi_evo_agent_runner.py:115] Agent_0 gets eval reward: 690.06.
[20260604 16:27:52 @multi_evo_agent_runner.py:116] Agent_0 gets win rate: 0.48.
[20260604 16:27:52 @multi_evo_agent_runner.py:115] Agent_1 gets eval reward: 460.31.
[20260604 16:27:52 @multi_evo_agent_runner.py:116] Agent_1 gets win rate: 0.48.
[20260604 16:27:52 @multi_evo_agent_runner.py:79] #------------------------ Iteration 205 --------------------------#
[20260604 16:28:06 @multi_evo_agent_runner.py:85] Sampling 50000 steps by 12 slaves, spending 14.05 s.
[20260604 16:28:57 @multi_evo_agent_runner.py:94] Policy update, spending: 51.21 s.
[20260604 16:28:59 @multi_evo_agent_runner.py:99] Evaluation time: 1.73 s.
[20260604 16:28:59 @multi_evo_agent_runner.py:105] Total time:     255.30 min
[20260604 16:28:59 @multi_evo_agent_runner.py:115] Agent_0 gets eval reward: 799.12.
[20260604 16:28:59 @multi_evo_agent_runner.py:116] Agent_0 gets win rate: 0.55.
[20260604 16:28:59 @multi_evo_agent_runner.py:115] Agent_1 gets eval reward: 275.85.
[20260604 16:28:59 @multi_evo_agent_runner.py:116] Agent_1 gets win rate: 0.42.
[20260604 16:28:59 @multi_evo_agent_runner.py:79] #------------------------ Iteration 206 --------------------------#
[20260604 16:29:12 @multi_evo_agent_runner.py:85] Sampling 50000 steps by 12 slaves, spending 12.89 s.
[20260604 16:30:10 @multi_evo_agent_runner.py:94] Policy update, spending: 57.78 s.
[20260604 16:30:12 @multi_evo_agent_runner.py:99] Evaluation time: 1.91 s.
[20260604 16:30:12 @multi_evo_agent_runner.py:105] Total time:     256.51 min
[20260604 16:30:12 @multi_evo_agent_runner.py:115] Agent_0 gets eval reward: 449.24.
[20260604 16:30:12 @multi_evo_agent_runner.py:116] Agent_0 gets win rate: 0.53.
[20260604 16:30:12 @multi_evo_agent_runner.py:115] Agent_1 gets eval reward: 177.71.
[20260604 16:30:12 @multi_evo_agent_runner.py:116] Agent_1 gets win rate: 0.45.
[20260604 16:30:12 @multi_evo_agent_runner.py:79] #------------------------ Iteration 207 --------------------------#
[20260604 16:30:25 @multi_evo_agent_runner.py:85] Sampling 50000 steps by 12 slaves, spending 12.92 s.
[20260604 16:31:12 @multi_evo_agent_runner.py:94] Policy update, spending: 46.69 s.
[20260604 16:31:14 @multi_evo_agent_runner.py:99] Evaluation time: 1.90 s.
[20260604 16:31:14 @multi_evo_agent_runner.py:105] Total time:     257.54 min
[20260604 16:31:14 @multi_evo_agent_runner.py:115] Agent_0 gets eval reward: 809.72.
[20260604 16:31:14 @multi_evo_agent_runner.py:116] Agent_0 gets win rate: 0.57.
[20260604 16:31:14 @multi_evo_agent_runner.py:115] Agent_1 gets eval reward: 100.56.
[20260604 16:31:14 @multi_evo_agent_runner.py:116] Agent_1 gets win rate: 0.35.
[20260604 16:31:14 @multi_evo_agent_runner.py:79] #------------------------ Iteration 208 --------------------------#
[20260604 16:31:26 @multi_evo_agent_runner.py:85] Sampling 50000 steps by 12 slaves, spending 12.78 s.
[20260604 16:32:14 @multi_evo_agent_runner.py:94] Policy update, spending: 47.55 s.
[20260604 16:32:16 @multi_evo_agent_runner.py:99] Evaluation time: 1.66 s.
[20260604 16:32:16 @multi_evo_agent_runner.py:105] Total time:     258.57 min
[20260604 16:32:16 @multi_evo_agent_runner.py:115] Agent_0 gets eval reward: 711.06.
[20260604 16:32:16 @multi_evo_agent_runner.py:116] Agent_0 gets win rate: 0.62.
[20260604 16:32:16 @multi_evo_agent_runner.py:115] Agent_1 gets eval reward: 224.05.
[20260604 16:32:16 @multi_evo_agent_runner.py:116] Agent_1 gets win rate: 0.34.
[20260604 16:32:16 @multi_evo_agent_runner.py:510] CRITICAL save best checkpoint with agent_0's rewards 711.06!
[20260604 16:32:16 @multi_evo_agent_runner.py:79] #------------------------ Iteration 209 --------------------------#
[20260604 16:32:29 @multi_evo_agent_runner.py:85] Sampling 50000 steps by 12 slaves, spending 12.91 s.
[20260604 16:33:21 @multi_evo_agent_runner.py:94] Policy update, spending: 51.97 s.
[20260604 16:33:23 @multi_evo_agent_runner.py:99] Evaluation time: 1.97 s.
[20260604 16:33:23 @multi_evo_agent_runner.py:105] Total time:     259.69 min
[20260604 16:33:23 @multi_evo_agent_runner.py:115] Agent_0 gets eval reward: 632.31.
[20260604 16:33:23 @multi_evo_agent_runner.py:116] Agent_0 gets win rate: 0.44.
[20260604 16:33:23 @multi_evo_agent_runner.py:115] Agent_1 gets eval reward: 783.22.
[20260604 16:33:23 @multi_evo_agent_runner.py:116] Agent_1 gets win rate: 0.54.
[20260604 16:33:23 @multi_evo_agent_runner.py:510] CRITICAL save best checkpoint with agent_1's rewards 783.22!
[20260604 16:33:23 @multi_evo_agent_runner.py:79] #------------------------ Iteration 210 --------------------------#
[20260604 16:33:35 @multi_evo_agent_runner.py:85] Sampling 50000 steps by 12 slaves, spending 12.47 s.
[20260604 16:34:24 @multi_evo_agent_runner.py:94] Policy update, spending: 49.13 s.
[20260604 16:34:26 @multi_evo_agent_runner.py:99] Evaluation time: 1.77 s.
[20260604 16:34:26 @multi_evo_agent_runner.py:105] Total time:     260.75 min
[20260604 16:34:26 @multi_evo_agent_runner.py:115] Agent_0 gets eval reward: 1134.75.
[20260604 16:34:26 @multi_evo_agent_runner.py:116] Agent_0 gets win rate: 0.59.
[20260604 16:34:26 @multi_evo_agent_runner.py:115] Agent_1 gets eval reward: 421.00.
[20260604 16:34:26 @multi_evo_agent_runner.py:116] Agent_1 gets win rate: 0.37.
[20260604 16:34:26 @multi_evo_agent_runner.py:510] CRITICAL save best checkpoint with agent_0's rewards 1134.75!
[20260604 16:34:26 @multi_evo_agent_runner.py:79] #------------------------ Iteration 211 --------------------------#
[20260604 16:34:39 @multi_evo_agent_runner.py:85] Sampling 50000 steps by 12 slaves, spending 12.56 s.
[20260604 16:35:28 @multi_evo_agent_runner.py:94] Policy update, spending: 49.15 s.
[20260604 16:35:30 @multi_evo_agent_runner.py:99] Evaluation time: 1.68 s.
[20260604 16:35:30 @multi_evo_agent_runner.py:105] Total time:     261.81 min
[20260604 16:35:30 @multi_evo_agent_runner.py:115] Agent_0 gets eval reward: 1086.01.
[20260604 16:35:30 @multi_evo_agent_runner.py:116] Agent_0 gets win rate: 0.40.
[20260604 16:35:30 @multi_evo_agent_runner.py:115] Agent_1 gets eval reward: 772.46.
[20260604 16:35:30 @multi_evo_agent_runner.py:116] Agent_1 gets win rate: 0.56.
[20260604 16:35:30 @multi_evo_agent_runner.py:510] CRITICAL save best checkpoint with agent_1's rewards 772.46!
[20260604 16:35:30 @multi_evo_agent_runner.py:79] #------------------------ Iteration 212 --------------------------#
[20260604 16:35:43 @multi_evo_agent_runner.py:85] Sampling 50000 steps by 12 slaves, spending 13.46 s.
[20260604 16:36:32 @multi_evo_agent_runner.py:94] Policy update, spending: 48.69 s.
[20260604 16:36:34 @multi_evo_agent_runner.py:99] Evaluation time: 1.73 s.
[20260604 16:36:34 @multi_evo_agent_runner.py:105] Total time:     262.88 min
[20260604 16:36:34 @multi_evo_agent_runner.py:115] Agent_0 gets eval reward: 869.15.
[20260604 16:36:34 @multi_evo_agent_runner.py:116] Agent_0 gets win rate: 0.45.
[20260604 16:36:34 @multi_evo_agent_runner.py:115] Agent_1 gets eval reward: 629.01.
[20260604 16:36:34 @multi_evo_agent_runner.py:116] Agent_1 gets win rate: 0.49.
[20260604 16:36:34 @multi_evo_agent_runner.py:79] #------------------------ Iteration 213 --------------------------#
[20260604 16:36:50 @multi_evo_agent_runner.py:85] Sampling 50000 steps by 12 slaves, spending 15.86 s.
[20260604 16:37:41 @multi_evo_agent_runner.py:94] Policy update, spending: 50.71 s.
[20260604 16:37:43 @multi_evo_agent_runner.py:99] Evaluation time: 1.87 s.
[20260604 16:37:43 @multi_evo_agent_runner.py:105] Total time:     264.02 min
[20260604 16:37:43 @multi_evo_agent_runner.py:115] Agent_0 gets eval reward: 406.87.
[20260604 16:37:43 @multi_evo_agent_runner.py:116] Agent_0 gets win rate: 0.39.
[20260604 16:37:43 @multi_evo_agent_runner.py:115] Agent_1 gets eval reward: 367.25.
[20260604 16:37:43 @multi_evo_agent_runner.py:116] Agent_1 gets win rate: 0.55.
[20260604 16:37:43 @multi_evo_agent_runner.py:79] #------------------------ Iteration 214 --------------------------#
[20260604 16:38:01 @multi_evo_agent_runner.py:85] Sampling 50000 steps by 12 slaves, spending 18.44 s.
[20260604 16:38:49 @multi_evo_agent_runner.py:94] Policy update, spending: 48.06 s.
[20260604 16:38:51 @multi_evo_agent_runner.py:99] Evaluation time: 2.29 s.
[20260604 16:38:51 @multi_evo_agent_runner.py:105] Total time:     265.17 min
[20260604 16:38:52 @multi_evo_agent_runner.py:115] Agent_0 gets eval reward: 710.96.
[20260604 16:38:52 @multi_evo_agent_runner.py:116] Agent_0 gets win rate: 0.60.
[20260604 16:38:52 @multi_evo_agent_runner.py:115] Agent_1 gets eval reward: 173.16.
[20260604 16:38:52 @multi_evo_agent_runner.py:116] Agent_1 gets win rate: 0.36.
[20260604 16:38:52 @multi_evo_agent_runner.py:510] CRITICAL save best checkpoint with agent_0's rewards 710.96!
[20260604 16:38:52 @multi_evo_agent_runner.py:79] #------------------------ Iteration 215 --------------------------#
[20260604 16:39:12 @multi_evo_agent_runner.py:85] Sampling 50000 steps by 12 slaves, spending 20.82 s.
[20260604 16:40:37 @multi_evo_agent_runner.py:94] Policy update, spending: 84.88 s.
[20260604 16:40:41 @multi_evo_agent_runner.py:99] Evaluation time: 3.15 s.
[20260604 16:40:41 @multi_evo_agent_runner.py:105] Total time:     266.99 min
[20260604 16:40:41 @multi_evo_agent_runner.py:115] Agent_0 gets eval reward: 570.04.
[20260604 16:40:41 @multi_evo_agent_runner.py:116] Agent_0 gets win rate: 0.46.
[20260604 16:40:41 @multi_evo_agent_runner.py:115] Agent_1 gets eval reward: 398.60.
[20260604 16:40:41 @multi_evo_agent_runner.py:116] Agent_1 gets win rate: 0.54.
[20260604 16:40:41 @multi_evo_agent_runner.py:79] #------------------------ Iteration 216 --------------------------#
[20260604 16:40:53 @multi_evo_agent_runner.py:85] Sampling 50000 steps by 12 slaves, spending 11.98 s.
[20260604 16:41:44 @multi_evo_agent_runner.py:94] Policy update, spending: 51.41 s.
[20260604 16:41:46 @multi_evo_agent_runner.py:99] Evaluation time: 2.01 s.
[20260604 16:41:46 @multi_evo_agent_runner.py:105] Total time:     268.08 min
[20260604 16:41:46 @multi_evo_agent_runner.py:115] Agent_0 gets eval reward: 594.71.
[20260604 16:41:46 @multi_evo_agent_runner.py:116] Agent_0 gets win rate: 0.34.
[20260604 16:41:46 @multi_evo_agent_runner.py:115] Agent_1 gets eval reward: 476.07.
[20260604 16:41:46 @multi_evo_agent_runner.py:116] Agent_1 gets win rate: 0.49.
[20260604 16:41:46 @multi_evo_agent_runner.py:79] #------------------------ Iteration 217 --------------------------#
[20260604 16:41:59 @multi_evo_agent_runner.py:85] Sampling 50000 steps by 12 slaves, spending 12.40 s.
[20260604 16:42:48 @multi_evo_agent_runner.py:94] Policy update, spending: 49.36 s.
[20260604 16:42:50 @multi_evo_agent_runner.py:99] Evaluation time: 2.10 s.
[20260604 16:42:50 @multi_evo_agent_runner.py:105] Total time:     269.15 min
[20260604 16:42:50 @multi_evo_agent_runner.py:115] Agent_0 gets eval reward: 715.86.
[20260604 16:42:50 @multi_evo_agent_runner.py:116] Agent_0 gets win rate: 0.46.
[20260604 16:42:50 @multi_evo_agent_runner.py:115] Agent_1 gets eval reward: 418.73.
[20260604 16:42:50 @multi_evo_agent_runner.py:116] Agent_1 gets win rate: 0.41.
[20260604 16:42:50 @multi_evo_agent_runner.py:510] CRITICAL save best checkpoint with agent_0's rewards 715.86!
[20260604 16:42:50 @multi_evo_agent_runner.py:79] #------------------------ Iteration 218 --------------------------#
[20260604 16:43:04 @multi_evo_agent_runner.py:85] Sampling 50000 steps by 12 slaves, spending 13.59 s.
[20260604 16:43:56 @multi_evo_agent_runner.py:94] Policy update, spending: 52.27 s.
[20260604 16:43:58 @multi_evo_agent_runner.py:99] Evaluation time: 1.64 s.
[20260604 16:43:58 @multi_evo_agent_runner.py:105] Total time:     270.28 min
[20260604 16:43:58 @multi_evo_agent_runner.py:115] Agent_0 gets eval reward: 672.47.
[20260604 16:43:58 @multi_evo_agent_runner.py:116] Agent_0 gets win rate: 0.46.
[20260604 16:43:58 @multi_evo_agent_runner.py:115] Agent_1 gets eval reward: 576.32.
[20260604 16:43:58 @multi_evo_agent_runner.py:116] Agent_1 gets win rate: 0.48.
[20260604 16:43:58 @multi_evo_agent_runner.py:510] CRITICAL save best checkpoint with agent_0's rewards 672.47!
[20260604 16:43:58 @multi_evo_agent_runner.py:79] #------------------------ Iteration 219 --------------------------#
[20260604 16:44:10 @multi_evo_agent_runner.py:85] Sampling 50000 steps by 12 slaves, spending 12.27 s.
[20260604 16:44:59 @multi_evo_agent_runner.py:94] Policy update, spending: 48.29 s.
[20260604 16:45:00 @multi_evo_agent_runner.py:99] Evaluation time: 1.91 s.
[20260604 16:45:00 @multi_evo_agent_runner.py:105] Total time:     271.32 min
[20260604 16:45:01 @multi_evo_agent_runner.py:115] Agent_0 gets eval reward: 828.18.
[20260604 16:45:01 @multi_evo_agent_runner.py:116] Agent_0 gets win rate: 0.58.
[20260604 16:45:01 @multi_evo_agent_runner.py:115] Agent_1 gets eval reward: 177.46.
[20260604 16:45:01 @multi_evo_agent_runner.py:116] Agent_1 gets win rate: 0.33.
[20260604 16:45:01 @multi_evo_agent_runner.py:510] CRITICAL save best checkpoint with agent_0's rewards 828.18!
[20260604 16:45:01 @multi_evo_agent_runner.py:79] #------------------------ Iteration 220 --------------------------#
[20260604 16:45:14 @multi_evo_agent_runner.py:85] Sampling 50000 steps by 12 slaves, spending 13.13 s.
[20260604 16:46:19 @multi_evo_agent_runner.py:94] Policy update, spending: 64.81 s.
[20260604 16:46:21 @multi_evo_agent_runner.py:99] Evaluation time: 1.90 s.
[20260604 16:46:21 @multi_evo_agent_runner.py:105] Total time:     272.65 min
[20260604 16:46:21 @multi_evo_agent_runner.py:115] Agent_0 gets eval reward: 476.09.
[20260604 16:46:21 @multi_evo_agent_runner.py:116] Agent_0 gets win rate: 0.50.
[20260604 16:46:21 @multi_evo_agent_runner.py:115] Agent_1 gets eval reward: 280.57.
[20260604 16:46:21 @multi_evo_agent_runner.py:116] Agent_1 gets win rate: 0.39.
[20260604 16:46:21 @multi_evo_agent_runner.py:79] #------------------------ Iteration 221 --------------------------#
[20260604 16:46:34 @multi_evo_agent_runner.py:85] Sampling 50000 steps by 12 slaves, spending 13.01 s.
[20260604 16:47:19 @multi_evo_agent_runner.py:94] Policy update, spending: 45.03 s.
[20260604 16:47:21 @multi_evo_agent_runner.py:99] Evaluation time: 1.84 s.
[20260604 16:47:21 @multi_evo_agent_runner.py:105] Total time:     273.66 min
[20260604 16:47:21 @multi_evo_agent_runner.py:115] Agent_0 gets eval reward: 817.64.
[20260604 16:47:21 @multi_evo_agent_runner.py:116] Agent_0 gets win rate: 0.42.
[20260604 16:47:21 @multi_evo_agent_runner.py:115] Agent_1 gets eval reward: 488.00.
[20260604 16:47:21 @multi_evo_agent_runner.py:116] Agent_1 gets win rate: 0.56.
[20260604 16:47:21 @multi_evo_agent_runner.py:79] #------------------------ Iteration 222 --------------------------#
[20260604 16:47:34 @multi_evo_agent_runner.py:85] Sampling 50000 steps by 12 slaves, spending 13.41 s.
[20260604 16:48:22 @multi_evo_agent_runner.py:94] Policy update, spending: 47.37 s.
[20260604 16:48:23 @multi_evo_agent_runner.py:99] Evaluation time: 1.81 s.
[20260604 16:48:23 @multi_evo_agent_runner.py:105] Total time:     274.70 min
[20260604 16:48:23 @multi_evo_agent_runner.py:115] Agent_0 gets eval reward: 856.88.
[20260604 16:48:23 @multi_evo_agent_runner.py:116] Agent_0 gets win rate: 0.57.
[20260604 16:48:23 @multi_evo_agent_runner.py:115] Agent_1 gets eval reward: 382.19.
[20260604 16:48:23 @multi_evo_agent_runner.py:116] Agent_1 gets win rate: 0.43.
[20260604 16:48:23 @multi_evo_agent_runner.py:510] CRITICAL save best checkpoint with agent_0's rewards 856.88!
[20260604 16:48:24 @multi_evo_agent_runner.py:79] #------------------------ Iteration 223 --------------------------#
[20260604 16:48:36 @multi_evo_agent_runner.py:85] Sampling 50000 steps by 12 slaves, spending 12.34 s.
[20260604 16:49:23 @multi_evo_agent_runner.py:94] Policy update, spending: 47.48 s.
[20260604 16:49:25 @multi_evo_agent_runner.py:99] Evaluation time: 1.82 s.
[20260604 16:49:25 @multi_evo_agent_runner.py:105] Total time:     275.73 min
[20260604 16:49:25 @multi_evo_agent_runner.py:115] Agent_0 gets eval reward: 767.35.
[20260604 16:49:25 @multi_evo_agent_runner.py:116] Agent_0 gets win rate: 0.58.
[20260604 16:49:25 @multi_evo_agent_runner.py:115] Agent_1 gets eval reward: 417.21.
[20260604 16:49:25 @multi_evo_agent_runner.py:116] Agent_1 gets win rate: 0.42.
[20260604 16:49:25 @multi_evo_agent_runner.py:510] CRITICAL save best checkpoint with agent_0's rewards 767.35!
[20260604 16:49:25 @multi_evo_agent_runner.py:79] #------------------------ Iteration 224 --------------------------#
[20260604 16:49:38 @multi_evo_agent_runner.py:85] Sampling 50000 steps by 12 slaves, spending 12.36 s.
[20260604 16:50:41 @multi_evo_agent_runner.py:94] Policy update, spending: 63.19 s.
[20260604 16:50:43 @multi_evo_agent_runner.py:99] Evaluation time: 1.87 s.
[20260604 16:50:43 @multi_evo_agent_runner.py:105] Total time:     277.03 min
[20260604 16:50:43 @multi_evo_agent_runner.py:115] Agent_0 gets eval reward: 851.95.
[20260604 16:50:43 @multi_evo_agent_runner.py:116] Agent_0 gets win rate: 0.50.
[20260604 16:50:43 @multi_evo_agent_runner.py:115] Agent_1 gets eval reward: 539.65.
[20260604 16:50:43 @multi_evo_agent_runner.py:116] Agent_1 gets win rate: 0.43.
[20260604 16:50:43 @multi_evo_agent_runner.py:510] CRITICAL save best checkpoint with agent_0's rewards 851.95!
[20260604 16:50:43 @multi_evo_agent_runner.py:79] #------------------------ Iteration 225 --------------------------#
[20260604 16:50:55 @multi_evo_agent_runner.py:85] Sampling 50000 steps by 12 slaves, spending 12.39 s.
[20260604 16:51:46 @multi_evo_agent_runner.py:94] Policy update, spending: 50.57 s.
[20260604 16:51:48 @multi_evo_agent_runner.py:99] Evaluation time: 2.13 s.
[20260604 16:51:48 @multi_evo_agent_runner.py:105] Total time:     278.11 min
[20260604 16:51:48 @multi_evo_agent_runner.py:115] Agent_0 gets eval reward: 578.39.
[20260604 16:51:48 @multi_evo_agent_runner.py:116] Agent_0 gets win rate: 0.56.
[20260604 16:51:48 @multi_evo_agent_runner.py:115] Agent_1 gets eval reward: 392.79.
[20260604 16:51:48 @multi_evo_agent_runner.py:116] Agent_1 gets win rate: 0.36.
[20260604 16:51:48 @multi_evo_agent_runner.py:510] CRITICAL save best checkpoint with agent_0's rewards 578.39!
[20260604 16:51:48 @multi_evo_agent_runner.py:79] #------------------------ Iteration 226 --------------------------#
[20260604 16:52:01 @multi_evo_agent_runner.py:85] Sampling 50000 steps by 12 slaves, spending 12.80 s.
[20260604 16:52:49 @multi_evo_agent_runner.py:94] Policy update, spending: 47.86 s.
[20260604 16:52:51 @multi_evo_agent_runner.py:99] Evaluation time: 1.84 s.
[20260604 16:52:51 @multi_evo_agent_runner.py:105] Total time:     279.16 min
[20260604 16:52:51 @multi_evo_agent_runner.py:115] Agent_0 gets eval reward: 497.25.
[20260604 16:52:51 @multi_evo_agent_runner.py:116] Agent_0 gets win rate: 0.49.
[20260604 16:52:51 @multi_evo_agent_runner.py:115] Agent_1 gets eval reward: 272.69.
[20260604 16:52:51 @multi_evo_agent_runner.py:116] Agent_1 gets win rate: 0.44.
[20260604 16:52:51 @multi_evo_agent_runner.py:79] #------------------------ Iteration 227 --------------------------#
[20260604 16:53:04 @multi_evo_agent_runner.py:85] Sampling 50000 steps by 12 slaves, spending 13.13 s.
[20260604 16:53:57 @multi_evo_agent_runner.py:94] Policy update, spending: 52.61 s.
[20260604 16:53:58 @multi_evo_agent_runner.py:99] Evaluation time: 1.80 s.
[20260604 16:53:58 @multi_evo_agent_runner.py:105] Total time:     280.29 min
[20260604 16:53:59 @multi_evo_agent_runner.py:115] Agent_0 gets eval reward: 529.35.
[20260604 16:53:59 @multi_evo_agent_runner.py:116] Agent_0 gets win rate: 0.48.
[20260604 16:53:59 @multi_evo_agent_runner.py:115] Agent_1 gets eval reward: 335.77.
[20260604 16:53:59 @multi_evo_agent_runner.py:116] Agent_1 gets win rate: 0.41.
[20260604 16:53:59 @multi_evo_agent_runner.py:79] #------------------------ Iteration 228 --------------------------#
[20260604 16:54:18 @multi_evo_agent_runner.py:85] Sampling 50000 steps by 12 slaves, spending 19.40 s.
[20260604 16:55:05 @multi_evo_agent_runner.py:94] Policy update, spending: 47.39 s.
[20260604 16:55:08 @multi_evo_agent_runner.py:99] Evaluation time: 2.47 s.
[20260604 16:55:08 @multi_evo_agent_runner.py:105] Total time:     281.44 min
[20260604 16:55:08 @multi_evo_agent_runner.py:115] Agent_0 gets eval reward: 717.07.
[20260604 16:55:08 @multi_evo_agent_runner.py:116] Agent_0 gets win rate: 0.52.
[20260604 16:55:08 @multi_evo_agent_runner.py:115] Agent_1 gets eval reward: 282.12.
[20260604 16:55:08 @multi_evo_agent_runner.py:116] Agent_1 gets win rate: 0.45.
[20260604 16:55:08 @multi_evo_agent_runner.py:510] CRITICAL save best checkpoint with agent_0's rewards 717.07!
[20260604 16:55:08 @multi_evo_agent_runner.py:79] #------------------------ Iteration 229 --------------------------#
[20260604 16:55:29 @multi_evo_agent_runner.py:85] Sampling 50000 steps by 12 slaves, spending 20.93 s.
[20260604 16:56:33 @multi_evo_agent_runner.py:94] Policy update, spending: 63.98 s.
[20260604 16:56:37 @multi_evo_agent_runner.py:99] Evaluation time: 3.96 s.
[20260604 16:56:37 @multi_evo_agent_runner.py:105] Total time:     282.93 min
[20260604 16:56:37 @multi_evo_agent_runner.py:115] Agent_0 gets eval reward: 482.41.
[20260604 16:56:37 @multi_evo_agent_runner.py:116] Agent_0 gets win rate: 0.57.
[20260604 16:56:37 @multi_evo_agent_runner.py:115] Agent_1 gets eval reward: 222.20.
[20260604 16:56:37 @multi_evo_agent_runner.py:116] Agent_1 gets win rate: 0.41.
[20260604 16:56:37 @multi_evo_agent_runner.py:510] CRITICAL save best checkpoint with agent_0's rewards 482.41!
[20260604 16:56:37 @multi_evo_agent_runner.py:79] #------------------------ Iteration 230 --------------------------#
[20260604 16:56:51 @multi_evo_agent_runner.py:85] Sampling 50000 steps by 12 slaves, spending 13.60 s.
[20260604 16:57:42 @multi_evo_agent_runner.py:94] Policy update, spending: 50.81 s.
[20260604 16:57:44 @multi_evo_agent_runner.py:99] Evaluation time: 1.98 s.
[20260604 16:57:44 @multi_evo_agent_runner.py:105] Total time:     284.04 min
[20260604 16:57:44 @multi_evo_agent_runner.py:115] Agent_0 gets eval reward: 691.03.
[20260604 16:57:44 @multi_evo_agent_runner.py:116] Agent_0 gets win rate: 0.42.
[20260604 16:57:44 @multi_evo_agent_runner.py:115] Agent_1 gets eval reward: 562.31.
[20260604 16:57:44 @multi_evo_agent_runner.py:116] Agent_1 gets win rate: 0.47.
[20260604 16:57:44 @multi_evo_agent_runner.py:510] CRITICAL save best checkpoint with agent_0's rewards 691.03!
[20260604 16:57:44 @multi_evo_agent_runner.py:79] #------------------------ Iteration 231 --------------------------#
[20260604 16:57:57 @multi_evo_agent_runner.py:85] Sampling 50000 steps by 12 slaves, spending 12.72 s.
[20260604 16:58:46 @multi_evo_agent_runner.py:94] Policy update, spending: 49.95 s.
[20260604 16:58:49 @multi_evo_agent_runner.py:99] Evaluation time: 2.05 s.
[20260604 16:58:49 @multi_evo_agent_runner.py:105] Total time:     285.12 min
[20260604 16:58:49 @multi_evo_agent_runner.py:115] Agent_0 gets eval reward: 974.74.
[20260604 16:58:49 @multi_evo_agent_runner.py:116] Agent_0 gets win rate: 0.51.
[20260604 16:58:49 @multi_evo_agent_runner.py:115] Agent_1 gets eval reward: 388.51.
[20260604 16:58:49 @multi_evo_agent_runner.py:116] Agent_1 gets win rate: 0.34.
[20260604 16:58:49 @multi_evo_agent_runner.py:510] CRITICAL save best checkpoint with agent_0's rewards 974.74!
[20260604 16:58:49 @multi_evo_agent_runner.py:79] #------------------------ Iteration 232 --------------------------#
[20260604 16:59:01 @multi_evo_agent_runner.py:85] Sampling 50000 steps by 12 slaves, spending 12.56 s.
[20260604 16:59:53 @multi_evo_agent_runner.py:94] Policy update, spending: 51.96 s.
[20260604 16:59:55 @multi_evo_agent_runner.py:99] Evaluation time: 1.92 s.
[20260604 16:59:55 @multi_evo_agent_runner.py:105] Total time:     286.23 min
[20260604 16:59:55 @multi_evo_agent_runner.py:115] Agent_0 gets eval reward: 754.96.
[20260604 16:59:55 @multi_evo_agent_runner.py:116] Agent_0 gets win rate: 0.47.
[20260604 16:59:55 @multi_evo_agent_runner.py:115] Agent_1 gets eval reward: 272.87.
[20260604 16:59:55 @multi_evo_agent_runner.py:116] Agent_1 gets win rate: 0.41.
[20260604 16:59:55 @multi_evo_agent_runner.py:79] #------------------------ Iteration 233 --------------------------#
[20260604 17:00:09 @multi_evo_agent_runner.py:85] Sampling 50000 steps by 12 slaves, spending 13.24 s.
[20260604 17:01:02 @multi_evo_agent_runner.py:94] Policy update, spending: 53.09 s.
[20260604 17:01:04 @multi_evo_agent_runner.py:99] Evaluation time: 1.94 s.
[20260604 17:01:04 @multi_evo_agent_runner.py:105] Total time:     287.37 min
[20260604 17:01:04 @multi_evo_agent_runner.py:115] Agent_0 gets eval reward: 782.04.
[20260604 17:01:04 @multi_evo_agent_runner.py:116] Agent_0 gets win rate: 0.53.
[20260604 17:01:04 @multi_evo_agent_runner.py:115] Agent_1 gets eval reward: 293.19.
[20260604 17:01:04 @multi_evo_agent_runner.py:116] Agent_1 gets win rate: 0.37.
[20260604 17:01:04 @multi_evo_agent_runner.py:510] CRITICAL save best checkpoint with agent_0's rewards 782.04!
[20260604 17:01:04 @multi_evo_agent_runner.py:79] #------------------------ Iteration 234 --------------------------#
[20260604 17:01:18 @multi_evo_agent_runner.py:85] Sampling 50000 steps by 12 slaves, spending 14.09 s.
[20260604 17:02:17 @multi_evo_agent_runner.py:94] Policy update, spending: 59.32 s.
[20260604 17:02:19 @multi_evo_agent_runner.py:99] Evaluation time: 1.92 s.
[20260604 17:02:19 @multi_evo_agent_runner.py:105] Total time:     288.63 min
[20260604 17:02:19 @multi_evo_agent_runner.py:115] Agent_0 gets eval reward: 409.41.
[20260604 17:02:19 @multi_evo_agent_runner.py:116] Agent_0 gets win rate: 0.27.
[20260604 17:02:19 @multi_evo_agent_runner.py:115] Agent_1 gets eval reward: 565.39.
[20260604 17:02:19 @multi_evo_agent_runner.py:116] Agent_1 gets win rate: 0.56.
[20260604 17:02:19 @multi_evo_agent_runner.py:510] CRITICAL save best checkpoint with agent_1's rewards 565.39!
[20260604 17:02:19 @multi_evo_agent_runner.py:79] #------------------------ Iteration 235 --------------------------#
[20260604 17:02:34 @multi_evo_agent_runner.py:85] Sampling 50000 steps by 12 slaves, spending 14.37 s.
[20260604 17:03:21 @multi_evo_agent_runner.py:94] Policy update, spending: 47.31 s.
[20260604 17:03:23 @multi_evo_agent_runner.py:99] Evaluation time: 2.33 s.
[20260604 17:03:23 @multi_evo_agent_runner.py:105] Total time:     289.70 min
[20260604 17:03:23 @multi_evo_agent_runner.py:115] Agent_0 gets eval reward: 1136.59.
[20260604 17:03:23 @multi_evo_agent_runner.py:116] Agent_0 gets win rate: 0.62.
[20260604 17:03:23 @multi_evo_agent_runner.py:115] Agent_1 gets eval reward: 588.47.
[20260604 17:03:23 @multi_evo_agent_runner.py:116] Agent_1 gets win rate: 0.27.
[20260604 17:03:23 @multi_evo_agent_runner.py:510] CRITICAL save best checkpoint with agent_0's rewards 1136.59!
[20260604 17:03:23 @multi_evo_agent_runner.py:510] CRITICAL save best checkpoint with agent_1's rewards 588.47!
[20260604 17:03:24 @multi_evo_agent_runner.py:79] #------------------------ Iteration 236 --------------------------#
[20260604 17:03:36 @multi_evo_agent_runner.py:85] Sampling 50000 steps by 12 slaves, spending 12.66 s.
[20260604 17:04:34 @multi_evo_agent_runner.py:94] Policy update, spending: 57.72 s.
[20260604 17:04:36 @multi_evo_agent_runner.py:99] Evaluation time: 1.94 s.
[20260604 17:04:36 @multi_evo_agent_runner.py:105] Total time:     290.91 min
[20260604 17:04:36 @multi_evo_agent_runner.py:115] Agent_0 gets eval reward: 533.91.
[20260604 17:04:36 @multi_evo_agent_runner.py:116] Agent_0 gets win rate: 0.42.
[20260604 17:04:36 @multi_evo_agent_runner.py:115] Agent_1 gets eval reward: 428.92.
[20260604 17:04:36 @multi_evo_agent_runner.py:116] Agent_1 gets win rate: 0.57.
[20260604 17:04:36 @multi_evo_agent_runner.py:510] CRITICAL save best checkpoint with agent_1's rewards 428.92!
[20260604 17:04:36 @multi_evo_agent_runner.py:79] #------------------------ Iteration 237 --------------------------#
[20260604 17:04:49 @multi_evo_agent_runner.py:85] Sampling 50000 steps by 12 slaves, spending 12.62 s.
[20260604 17:05:46 @multi_evo_agent_runner.py:94] Policy update, spending: 57.73 s.
[20260604 17:05:48 @multi_evo_agent_runner.py:99] Evaluation time: 2.11 s.
[20260604 17:05:48 @multi_evo_agent_runner.py:105] Total time:     292.12 min
[20260604 17:05:49 @multi_evo_agent_runner.py:115] Agent_0 gets eval reward: 789.47.
[20260604 17:05:49 @multi_evo_agent_runner.py:116] Agent_0 gets win rate: 0.45.
[20260604 17:05:49 @multi_evo_agent_runner.py:115] Agent_1 gets eval reward: 258.87.
[20260604 17:05:49 @multi_evo_agent_runner.py:116] Agent_1 gets win rate: 0.41.
[20260604 17:05:49 @multi_evo_agent_runner.py:79] #------------------------ Iteration 238 --------------------------#
[20260604 17:06:01 @multi_evo_agent_runner.py:85] Sampling 50000 steps by 12 slaves, spending 12.29 s.
[20260604 17:06:53 @multi_evo_agent_runner.py:94] Policy update, spending: 51.70 s.
[20260604 17:06:55 @multi_evo_agent_runner.py:99] Evaluation time: 1.92 s.
[20260604 17:06:55 @multi_evo_agent_runner.py:105] Total time:     293.22 min
[20260604 17:06:55 @multi_evo_agent_runner.py:115] Agent_0 gets eval reward: 709.14.
[20260604 17:06:55 @multi_evo_agent_runner.py:116] Agent_0 gets win rate: 0.60.
[20260604 17:06:55 @multi_evo_agent_runner.py:115] Agent_1 gets eval reward: 46.77.
[20260604 17:06:55 @multi_evo_agent_runner.py:116] Agent_1 gets win rate: 0.34.
[20260604 17:06:55 @multi_evo_agent_runner.py:79] #------------------------ Iteration 239 --------------------------#
[20260604 17:07:08 @multi_evo_agent_runner.py:85] Sampling 50000 steps by 12 slaves, spending 13.08 s.
[20260604 17:07:58 @multi_evo_agent_runner.py:94] Policy update, spending: 50.07 s.
[20260604 17:08:00 @multi_evo_agent_runner.py:99] Evaluation time: 2.17 s.
[20260604 17:08:00 @multi_evo_agent_runner.py:105] Total time:     294.31 min
[20260604 17:08:00 @multi_evo_agent_runner.py:115] Agent_0 gets eval reward: 1022.64.
[20260604 17:08:00 @multi_evo_agent_runner.py:116] Agent_0 gets win rate: 0.47.
[20260604 17:08:00 @multi_evo_agent_runner.py:115] Agent_1 gets eval reward: 449.64.
[20260604 17:08:00 @multi_evo_agent_runner.py:116] Agent_1 gets win rate: 0.45.
[20260604 17:08:00 @multi_evo_agent_runner.py:510] CRITICAL save best checkpoint with agent_1's rewards 449.64!
[20260604 17:08:00 @multi_evo_agent_runner.py:79] #------------------------ Iteration 240 --------------------------#
[20260604 17:08:14 @multi_evo_agent_runner.py:85] Sampling 50000 steps by 12 slaves, spending 13.29 s.
[20260604 17:09:03 @multi_evo_agent_runner.py:94] Policy update, spending: 49.94 s.
[20260604 17:09:06 @multi_evo_agent_runner.py:99] Evaluation time: 2.07 s.
[20260604 17:09:06 @multi_evo_agent_runner.py:105] Total time:     295.41 min
[20260604 17:09:06 @multi_evo_agent_runner.py:115] Agent_0 gets eval reward: 436.80.
[20260604 17:09:06 @multi_evo_agent_runner.py:116] Agent_0 gets win rate: 0.50.
[20260604 17:09:06 @multi_evo_agent_runner.py:115] Agent_1 gets eval reward: 274.33.
[20260604 17:09:06 @multi_evo_agent_runner.py:116] Agent_1 gets win rate: 0.41.
[20260604 17:09:06 @multi_evo_agent_runner.py:79] #------------------------ Iteration 241 --------------------------#
[20260604 17:09:22 @multi_evo_agent_runner.py:85] Sampling 50000 steps by 12 slaves, spending 16.12 s.
[20260604 17:10:11 @multi_evo_agent_runner.py:94] Policy update, spending: 48.82 s.
[20260604 17:10:13 @multi_evo_agent_runner.py:99] Evaluation time: 1.86 s.
[20260604 17:10:13 @multi_evo_agent_runner.py:105] Total time:     296.52 min
[20260604 17:10:13 @multi_evo_agent_runner.py:115] Agent_0 gets eval reward: 453.71.
[20260604 17:10:13 @multi_evo_agent_runner.py:116] Agent_0 gets win rate: 0.45.
[20260604 17:10:13 @multi_evo_agent_runner.py:115] Agent_1 gets eval reward: 540.83.
[20260604 17:10:13 @multi_evo_agent_runner.py:116] Agent_1 gets win rate: 0.30.
[20260604 17:10:13 @multi_evo_agent_runner.py:510] CRITICAL save best checkpoint with agent_1's rewards 540.83!
[20260604 17:10:13 @multi_evo_agent_runner.py:79] #------------------------ Iteration 242 --------------------------#
[20260604 17:10:33 @multi_evo_agent_runner.py:85] Sampling 50000 steps by 12 slaves, spending 20.20 s.
[20260604 17:11:25 @multi_evo_agent_runner.py:94] Policy update, spending: 52.53 s.
[20260604 17:11:28 @multi_evo_agent_runner.py:99] Evaluation time: 2.66 s.
[20260604 17:11:28 @multi_evo_agent_runner.py:105] Total time:     297.78 min
[20260604 17:11:29 @multi_evo_agent_runner.py:115] Agent_0 gets eval reward: 945.14.
[20260604 17:11:29 @multi_evo_agent_runner.py:116] Agent_0 gets win rate: 0.73.
[20260604 17:11:29 @multi_evo_agent_runner.py:115] Agent_1 gets eval reward: 35.75.
[20260604 17:11:29 @multi_evo_agent_runner.py:116] Agent_1 gets win rate: 0.19.
[20260604 17:11:29 @multi_evo_agent_runner.py:510] CRITICAL save best checkpoint with agent_0's rewards 945.14!
[20260604 17:11:29 @multi_evo_agent_runner.py:79] #------------------------ Iteration 243 --------------------------#
[20260604 17:11:48 @multi_evo_agent_runner.py:85] Sampling 50000 steps by 12 slaves, spending 19.54 s.
[20260604 17:12:56 @multi_evo_agent_runner.py:94] Policy update, spending: 67.54 s.
[20260604 17:13:00 @multi_evo_agent_runner.py:99] Evaluation time: 3.86 s.
[20260604 17:13:00 @multi_evo_agent_runner.py:105] Total time:     299.31 min
[20260604 17:13:00 @multi_evo_agent_runner.py:115] Agent_0 gets eval reward: 599.70.
[20260604 17:13:00 @multi_evo_agent_runner.py:116] Agent_0 gets win rate: 0.52.
[20260604 17:13:00 @multi_evo_agent_runner.py:115] Agent_1 gets eval reward: 34.43.
[20260604 17:13:00 @multi_evo_agent_runner.py:116] Agent_1 gets win rate: 0.36.
[20260604 17:13:00 @multi_evo_agent_runner.py:510] CRITICAL save best checkpoint with agent_1's rewards 34.43!
[20260604 17:13:00 @multi_evo_agent_runner.py:79] #------------------------ Iteration 244 --------------------------#
[20260604 17:13:13 @multi_evo_agent_runner.py:85] Sampling 50000 steps by 12 slaves, spending 13.39 s.
[20260604 17:14:04 @multi_evo_agent_runner.py:94] Policy update, spending: 50.73 s.
[20260604 17:14:06 @multi_evo_agent_runner.py:99] Evaluation time: 1.70 s.
[20260604 17:14:06 @multi_evo_agent_runner.py:105] Total time:     300.41 min
[20260604 17:14:06 @multi_evo_agent_runner.py:115] Agent_0 gets eval reward: 908.06.
[20260604 17:14:06 @multi_evo_agent_runner.py:116] Agent_0 gets win rate: 0.69.
[20260604 17:14:06 @multi_evo_agent_runner.py:115] Agent_1 gets eval reward: 169.43.
[20260604 17:14:06 @multi_evo_agent_runner.py:116] Agent_1 gets win rate: 0.24.
[20260604 17:14:06 @multi_evo_agent_runner.py:510] CRITICAL save best checkpoint with agent_1's rewards 169.43!
[20260604 17:14:06 @multi_evo_agent_runner.py:79] #------------------------ Iteration 245 --------------------------#
[20260604 17:14:19 @multi_evo_agent_runner.py:85] Sampling 50000 steps by 12 slaves, spending 12.99 s.
[20260604 17:15:10 @multi_evo_agent_runner.py:94] Policy update, spending: 50.85 s.
[20260604 17:15:12 @multi_evo_agent_runner.py:99] Evaluation time: 1.94 s.
[20260604 17:15:12 @multi_evo_agent_runner.py:105] Total time:     301.51 min
[20260604 17:15:12 @multi_evo_agent_runner.py:115] Agent_0 gets eval reward: 874.20.
[20260604 17:15:12 @multi_evo_agent_runner.py:116] Agent_0 gets win rate: 0.37.
[20260604 17:15:12 @multi_evo_agent_runner.py:115] Agent_1 gets eval reward: 789.86.
[20260604 17:15:12 @multi_evo_agent_runner.py:116] Agent_1 gets win rate: 0.54.
[20260604 17:15:12 @multi_evo_agent_runner.py:510] CRITICAL save best checkpoint with agent_1's rewards 789.86!
[20260604 17:15:12 @multi_evo_agent_runner.py:79] #------------------------ Iteration 246 --------------------------#
[20260604 17:15:25 @multi_evo_agent_runner.py:85] Sampling 50000 steps by 12 slaves, spending 12.80 s.
[20260604 17:16:16 @multi_evo_agent_runner.py:94] Policy update, spending: 50.93 s.
[20260604 17:16:17 @multi_evo_agent_runner.py:99] Evaluation time: 1.86 s.
[20260604 17:16:17 @multi_evo_agent_runner.py:105] Total time:     302.60 min
[20260604 17:16:18 @multi_evo_agent_runner.py:115] Agent_0 gets eval reward: 625.80.
[20260604 17:16:18 @multi_evo_agent_runner.py:116] Agent_0 gets win rate: 0.45.
[20260604 17:16:18 @multi_evo_agent_runner.py:115] Agent_1 gets eval reward: 361.59.
[20260604 17:16:18 @multi_evo_agent_runner.py:116] Agent_1 gets win rate: 0.45.
[20260604 17:16:18 @multi_evo_agent_runner.py:79] #------------------------ Iteration 247 --------------------------#
[20260604 17:16:30 @multi_evo_agent_runner.py:85] Sampling 50000 steps by 12 slaves, spending 12.06 s.
[20260604 17:17:20 @multi_evo_agent_runner.py:94] Policy update, spending: 50.04 s.
[20260604 17:17:22 @multi_evo_agent_runner.py:99] Evaluation time: 1.86 s.
[20260604 17:17:22 @multi_evo_agent_runner.py:105] Total time:     303.67 min
[20260604 17:17:22 @multi_evo_agent_runner.py:115] Agent_0 gets eval reward: 710.91.
[20260604 17:17:22 @multi_evo_agent_runner.py:116] Agent_0 gets win rate: 0.38.
[20260604 17:17:22 @multi_evo_agent_runner.py:115] Agent_1 gets eval reward: 267.35.
[20260604 17:17:22 @multi_evo_agent_runner.py:116] Agent_1 gets win rate: 0.40.
[20260604 17:17:22 @multi_evo_agent_runner.py:79] #------------------------ Iteration 248 --------------------------#
[20260604 17:17:35 @multi_evo_agent_runner.py:85] Sampling 50000 steps by 12 slaves, spending 13.13 s.
[20260604 17:18:25 @multi_evo_agent_runner.py:94] Policy update, spending: 50.50 s.
[20260604 17:18:27 @multi_evo_agent_runner.py:99] Evaluation time: 2.01 s.
[20260604 17:18:27 @multi_evo_agent_runner.py:105] Total time:     304.77 min
[20260604 17:18:28 @multi_evo_agent_runner.py:115] Agent_0 gets eval reward: 339.30.
[20260604 17:18:28 @multi_evo_agent_runner.py:116] Agent_0 gets win rate: 0.51.
[20260604 17:18:28 @multi_evo_agent_runner.py:115] Agent_1 gets eval reward: -48.76.
[20260604 17:18:28 @multi_evo_agent_runner.py:116] Agent_1 gets win rate: 0.20.
[20260604 17:18:28 @multi_evo_agent_runner.py:79] #------------------------ Iteration 249 --------------------------#
[20260604 17:18:40 @multi_evo_agent_runner.py:85] Sampling 50000 steps by 12 slaves, spending 12.68 s.
[20260604 17:19:28 @multi_evo_agent_runner.py:94] Policy update, spending: 47.38 s.
[20260604 17:19:30 @multi_evo_agent_runner.py:99] Evaluation time: 1.88 s.
[20260604 17:19:30 @multi_evo_agent_runner.py:105] Total time:     305.80 min
[20260604 17:19:30 @multi_evo_agent_runner.py:115] Agent_0 gets eval reward: 615.26.
[20260604 17:19:30 @multi_evo_agent_runner.py:116] Agent_0 gets win rate: 0.56.
[20260604 17:19:30 @multi_evo_agent_runner.py:115] Agent_1 gets eval reward: 100.65.
[20260604 17:19:30 @multi_evo_agent_runner.py:116] Agent_1 gets win rate: 0.33.
[20260604 17:19:30 @multi_evo_agent_runner.py:79] #------------------------ Iteration 250 --------------------------#
[20260604 17:19:43 @multi_evo_agent_runner.py:85] Sampling 50000 steps by 12 slaves, spending 13.38 s.
[20260604 17:20:51 @multi_evo_agent_runner.py:94] Policy update, spending: 68.22 s.
[20260604 17:20:53 @multi_evo_agent_runner.py:99] Evaluation time: 1.98 s.
[20260604 17:20:53 @multi_evo_agent_runner.py:105] Total time:     307.20 min
[20260604 17:20:53 @multi_evo_agent_runner.py:115] Agent_0 gets eval reward: 767.04.
[20260604 17:20:53 @multi_evo_agent_runner.py:116] Agent_0 gets win rate: 0.46.
[20260604 17:20:53 @multi_evo_agent_runner.py:115] Agent_1 gets eval reward: 300.59.
[20260604 17:20:53 @multi_evo_agent_runner.py:116] Agent_1 gets win rate: 0.44.
[20260604 17:20:53 @multi_evo_agent_runner.py:79] #------------------------ Iteration 251 --------------------------#
[20260604 17:21:06 @multi_evo_agent_runner.py:85] Sampling 50000 steps by 12 slaves, spending 12.92 s.
[20260604 17:21:54 @multi_evo_agent_runner.py:94] Policy update, spending: 48.06 s.
[20260604 17:21:57 @multi_evo_agent_runner.py:99] Evaluation time: 2.14 s.
[20260604 17:21:57 @multi_evo_agent_runner.py:105] Total time:     308.26 min
[20260604 17:21:57 @multi_evo_agent_runner.py:115] Agent_0 gets eval reward: 593.11.
[20260604 17:21:57 @multi_evo_agent_runner.py:116] Agent_0 gets win rate: 0.43.
[20260604 17:21:57 @multi_evo_agent_runner.py:115] Agent_1 gets eval reward: 568.32.
[20260604 17:21:57 @multi_evo_agent_runner.py:116] Agent_1 gets win rate: 0.43.
[20260604 17:21:57 @multi_evo_agent_runner.py:79] #------------------------ Iteration 252 --------------------------#
[20260604 17:22:09 @multi_evo_agent_runner.py:85] Sampling 50000 steps by 12 slaves, spending 12.46 s.
[20260604 17:23:07 @multi_evo_agent_runner.py:94] Policy update, spending: 57.56 s.
[20260604 17:23:09 @multi_evo_agent_runner.py:99] Evaluation time: 2.02 s.
[20260604 17:23:09 @multi_evo_agent_runner.py:105] Total time:     309.46 min
[20260604 17:23:09 @multi_evo_agent_runner.py:115] Agent_0 gets eval reward: 370.05.
[20260604 17:23:09 @multi_evo_agent_runner.py:116] Agent_0 gets win rate: 0.46.
[20260604 17:23:09 @multi_evo_agent_runner.py:115] Agent_1 gets eval reward: 387.68.
[20260604 17:23:09 @multi_evo_agent_runner.py:116] Agent_1 gets win rate: 0.51.
[20260604 17:23:09 @multi_evo_agent_runner.py:79] #------------------------ Iteration 253 --------------------------#
[20260604 17:23:22 @multi_evo_agent_runner.py:85] Sampling 50000 steps by 12 slaves, spending 13.33 s.
[20260604 17:24:11 @multi_evo_agent_runner.py:94] Policy update, spending: 49.16 s.
[20260604 17:24:13 @multi_evo_agent_runner.py:99] Evaluation time: 1.68 s.
[20260604 17:24:13 @multi_evo_agent_runner.py:105] Total time:     310.53 min
[20260604 17:24:13 @multi_evo_agent_runner.py:115] Agent_0 gets eval reward: 483.51.
[20260604 17:24:13 @multi_evo_agent_runner.py:116] Agent_0 gets win rate: 0.35.
[20260604 17:24:13 @multi_evo_agent_runner.py:115] Agent_1 gets eval reward: 617.64.
[20260604 17:24:13 @multi_evo_agent_runner.py:116] Agent_1 gets win rate: 0.60.
[20260604 17:24:13 @multi_evo_agent_runner.py:510] CRITICAL save best checkpoint with agent_1's rewards 617.64!
[20260604 17:24:13 @multi_evo_agent_runner.py:79] #------------------------ Iteration 254 --------------------------#
[20260604 17:24:26 @multi_evo_agent_runner.py:85] Sampling 50000 steps by 12 slaves, spending 12.96 s.
[20260604 17:25:16 @multi_evo_agent_runner.py:94] Policy update, spending: 50.01 s.
[20260604 17:25:18 @multi_evo_agent_runner.py:99] Evaluation time: 1.82 s.
[20260604 17:25:18 @multi_evo_agent_runner.py:105] Total time:     311.61 min
[20260604 17:25:18 @multi_evo_agent_runner.py:115] Agent_0 gets eval reward: 604.16.
[20260604 17:25:18 @multi_evo_agent_runner.py:116] Agent_0 gets win rate: 0.40.
[20260604 17:25:18 @multi_evo_agent_runner.py:115] Agent_1 gets eval reward: 426.98.
[20260604 17:25:18 @multi_evo_agent_runner.py:116] Agent_1 gets win rate: 0.57.
[20260604 17:25:18 @multi_evo_agent_runner.py:79] #------------------------ Iteration 255 --------------------------#
[20260604 17:25:35 @multi_evo_agent_runner.py:85] Sampling 50000 steps by 12 slaves, spending 16.65 s.
[20260604 17:26:23 @multi_evo_agent_runner.py:94] Policy update, spending: 48.52 s.
[20260604 17:26:25 @multi_evo_agent_runner.py:99] Evaluation time: 1.94 s.
[20260604 17:26:25 @multi_evo_agent_runner.py:105] Total time:     312.74 min
[20260604 17:26:26 @multi_evo_agent_runner.py:115] Agent_0 gets eval reward: 676.37.
[20260604 17:26:26 @multi_evo_agent_runner.py:116] Agent_0 gets win rate: 0.52.
[20260604 17:26:26 @multi_evo_agent_runner.py:115] Agent_1 gets eval reward: 155.70.
[20260604 17:26:26 @multi_evo_agent_runner.py:116] Agent_1 gets win rate: 0.34.
[20260604 17:26:26 @multi_evo_agent_runner.py:79] #------------------------ Iteration 256 --------------------------#
[20260604 17:26:44 @multi_evo_agent_runner.py:85] Sampling 50000 steps by 12 slaves, spending 18.66 s.
[20260604 17:27:33 @multi_evo_agent_runner.py:94] Policy update, spending: 48.61 s.
[20260604 17:27:36 @multi_evo_agent_runner.py:99] Evaluation time: 2.74 s.
[20260604 17:27:36 @multi_evo_agent_runner.py:105] Total time:     313.91 min
[20260604 17:27:36 @multi_evo_agent_runner.py:115] Agent_0 gets eval reward: 542.70.
[20260604 17:27:36 @multi_evo_agent_runner.py:116] Agent_0 gets win rate: 0.51.
[20260604 17:27:36 @multi_evo_agent_runner.py:115] Agent_1 gets eval reward: 315.71.
[20260604 17:27:36 @multi_evo_agent_runner.py:116] Agent_1 gets win rate: 0.46.
[20260604 17:27:36 @multi_evo_agent_runner.py:79] #------------------------ Iteration 257 --------------------------#
[20260604 17:27:53 @multi_evo_agent_runner.py:85] Sampling 50000 steps by 12 slaves, spending 16.83 s.
[20260604 17:28:53 @multi_evo_agent_runner.py:94] Policy update, spending: 60.42 s.
[20260604 17:28:58 @multi_evo_agent_runner.py:99] Evaluation time: 4.56 s.
[20260604 17:28:58 @multi_evo_agent_runner.py:105] Total time:     315.28 min
[20260604 17:28:58 @multi_evo_agent_runner.py:115] Agent_0 gets eval reward: 628.48.
[20260604 17:28:58 @multi_evo_agent_runner.py:116] Agent_0 gets win rate: 0.51.
[20260604 17:28:58 @multi_evo_agent_runner.py:115] Agent_1 gets eval reward: 411.59.
[20260604 17:28:58 @multi_evo_agent_runner.py:116] Agent_1 gets win rate: 0.41.
[20260604 17:28:58 @multi_evo_agent_runner.py:79] #------------------------ Iteration 258 --------------------------#
[20260604 17:29:15 @multi_evo_agent_runner.py:85] Sampling 50000 steps by 12 slaves, spending 16.47 s.
[20260604 17:30:14 @multi_evo_agent_runner.py:94] Policy update, spending: 58.96 s.
[20260604 17:30:17 @multi_evo_agent_runner.py:99] Evaluation time: 3.65 s.
[20260604 17:30:17 @multi_evo_agent_runner.py:105] Total time:     316.60 min
[20260604 17:30:17 @multi_evo_agent_runner.py:115] Agent_0 gets eval reward: 693.00.
[20260604 17:30:17 @multi_evo_agent_runner.py:116] Agent_0 gets win rate: 0.75.
[20260604 17:30:17 @multi_evo_agent_runner.py:115] Agent_1 gets eval reward: -27.24.
[20260604 17:30:17 @multi_evo_agent_runner.py:116] Agent_1 gets win rate: 0.20.
[20260604 17:30:17 @multi_evo_agent_runner.py:510] CRITICAL save best checkpoint with agent_0's rewards 693.00!
[20260604 17:30:17 @multi_evo_agent_runner.py:79] #------------------------ Iteration 259 --------------------------#
[20260604 17:30:31 @multi_evo_agent_runner.py:85] Sampling 50000 steps by 12 slaves, spending 13.56 s.
[20260604 17:31:22 @multi_evo_agent_runner.py:94] Policy update, spending: 50.75 s.
[20260604 17:31:24 @multi_evo_agent_runner.py:99] Evaluation time: 2.11 s.
[20260604 17:31:24 @multi_evo_agent_runner.py:105] Total time:     317.71 min
[20260604 17:31:24 @multi_evo_agent_runner.py:115] Agent_0 gets eval reward: 655.74.
[20260604 17:31:24 @multi_evo_agent_runner.py:116] Agent_0 gets win rate: 0.53.
[20260604 17:31:24 @multi_evo_agent_runner.py:115] Agent_1 gets eval reward: 332.39.
[20260604 17:31:24 @multi_evo_agent_runner.py:116] Agent_1 gets win rate: 0.46.
[20260604 17:31:24 @multi_evo_agent_runner.py:79] #------------------------ Iteration 260 --------------------------#
[20260604 17:31:37 @multi_evo_agent_runner.py:85] Sampling 50000 steps by 12 slaves, spending 12.84 s.
[20260604 17:32:27 @multi_evo_agent_runner.py:94] Policy update, spending: 50.64 s.
[20260604 17:32:29 @multi_evo_agent_runner.py:99] Evaluation time: 1.70 s.
[20260604 17:32:29 @multi_evo_agent_runner.py:105] Total time:     318.80 min
[20260604 17:32:29 @multi_evo_agent_runner.py:115] Agent_0 gets eval reward: 276.92.
[20260604 17:32:29 @multi_evo_agent_runner.py:116] Agent_0 gets win rate: 0.45.
[20260604 17:32:29 @multi_evo_agent_runner.py:115] Agent_1 gets eval reward: 537.21.
[20260604 17:32:29 @multi_evo_agent_runner.py:116] Agent_1 gets win rate: 0.55.
[20260604 17:32:29 @multi_evo_agent_runner.py:79] #------------------------ Iteration 261 --------------------------#
[20260604 17:32:43 @multi_evo_agent_runner.py:85] Sampling 50000 steps by 12 slaves, spending 13.72 s.
[20260604 17:33:34 @multi_evo_agent_runner.py:94] Policy update, spending: 50.69 s.
[20260604 17:33:35 @multi_evo_agent_runner.py:99] Evaluation time: 1.73 s.
[20260604 17:33:35 @multi_evo_agent_runner.py:105] Total time:     319.90 min
[20260604 17:33:36 @multi_evo_agent_runner.py:115] Agent_0 gets eval reward: 588.34.
[20260604 17:33:36 @multi_evo_agent_runner.py:116] Agent_0 gets win rate: 0.54.
[20260604 17:33:36 @multi_evo_agent_runner.py:115] Agent_1 gets eval reward: 221.99.
[20260604 17:33:36 @multi_evo_agent_runner.py:116] Agent_1 gets win rate: 0.46.
[20260604 17:33:36 @multi_evo_agent_runner.py:79] #------------------------ Iteration 262 --------------------------#
[20260604 17:33:48 @multi_evo_agent_runner.py:85] Sampling 50000 steps by 12 slaves, spending 12.23 s.
[20260604 17:34:36 @multi_evo_agent_runner.py:94] Policy update, spending: 47.70 s.
[20260604 17:34:37 @multi_evo_agent_runner.py:99] Evaluation time: 1.86 s.
[20260604 17:34:37 @multi_evo_agent_runner.py:105] Total time:     320.94 min
[20260604 17:34:38 @multi_evo_agent_runner.py:115] Agent_0 gets eval reward: 858.91.
[20260604 17:34:38 @multi_evo_agent_runner.py:116] Agent_0 gets win rate: 0.62.
[20260604 17:34:38 @multi_evo_agent_runner.py:115] Agent_1 gets eval reward: 96.58.
[20260604 17:34:38 @multi_evo_agent_runner.py:116] Agent_1 gets win rate: 0.24.
[20260604 17:34:38 @multi_evo_agent_runner.py:510] CRITICAL save best checkpoint with agent_0's rewards 858.91!
[20260604 17:34:38 @multi_evo_agent_runner.py:79] #------------------------ Iteration 263 --------------------------#
[20260604 17:34:51 @multi_evo_agent_runner.py:85] Sampling 50000 steps by 12 slaves, spending 13.03 s.
[20260604 17:35:48 @multi_evo_agent_runner.py:94] Policy update, spending: 57.32 s.
[20260604 17:35:50 @multi_evo_agent_runner.py:99] Evaluation time: 2.11 s.
[20260604 17:35:50 @multi_evo_agent_runner.py:105] Total time:     322.15 min
[20260604 17:35:50 @multi_evo_agent_runner.py:115] Agent_0 gets eval reward: 647.36.
[20260604 17:35:50 @multi_evo_agent_runner.py:116] Agent_0 gets win rate: 0.50.
[20260604 17:35:50 @multi_evo_agent_runner.py:115] Agent_1 gets eval reward: 348.04.
[20260604 17:35:50 @multi_evo_agent_runner.py:116] Agent_1 gets win rate: 0.30.
[20260604 17:35:50 @multi_evo_agent_runner.py:79] #------------------------ Iteration 264 --------------------------#
[20260604 17:36:03 @multi_evo_agent_runner.py:85] Sampling 50000 steps by 12 slaves, spending 12.58 s.
[20260604 17:36:48 @multi_evo_agent_runner.py:94] Policy update, spending: 45.59 s.
[20260604 17:36:50 @multi_evo_agent_runner.py:99] Evaluation time: 1.83 s.
[20260604 17:36:50 @multi_evo_agent_runner.py:105] Total time:     323.15 min
[20260604 17:36:50 @multi_evo_agent_runner.py:115] Agent_0 gets eval reward: 628.38.
[20260604 17:36:50 @multi_evo_agent_runner.py:116] Agent_0 gets win rate: 0.42.
[20260604 17:36:50 @multi_evo_agent_runner.py:115] Agent_1 gets eval reward: 441.81.
[20260604 17:36:50 @multi_evo_agent_runner.py:116] Agent_1 gets win rate: 0.52.
[20260604 17:36:50 @multi_evo_agent_runner.py:79] #------------------------ Iteration 265 --------------------------#
[20260604 17:37:04 @multi_evo_agent_runner.py:85] Sampling 50000 steps by 12 slaves, spending 13.63 s.
[20260604 17:37:51 @multi_evo_agent_runner.py:94] Policy update, spending: 46.61 s.
[20260604 17:37:52 @multi_evo_agent_runner.py:99] Evaluation time: 1.78 s.
[20260604 17:37:52 @multi_evo_agent_runner.py:105] Total time:     324.19 min
[20260604 17:37:53 @multi_evo_agent_runner.py:115] Agent_0 gets eval reward: 478.14.
[20260604 17:37:53 @multi_evo_agent_runner.py:116] Agent_0 gets win rate: 0.44.
[20260604 17:37:53 @multi_evo_agent_runner.py:115] Agent_1 gets eval reward: 490.59.
[20260604 17:37:53 @multi_evo_agent_runner.py:116] Agent_1 gets win rate: 0.48.
[20260604 17:37:53 @multi_evo_agent_runner.py:79] #------------------------ Iteration 266 --------------------------#
[20260604 17:38:06 @multi_evo_agent_runner.py:85] Sampling 50000 steps by 12 slaves, spending 13.02 s.
[20260604 17:39:04 @multi_evo_agent_runner.py:94] Policy update, spending: 58.75 s.
[20260604 17:39:06 @multi_evo_agent_runner.py:99] Evaluation time: 1.86 s.
[20260604 17:39:06 @multi_evo_agent_runner.py:105] Total time:     325.42 min
[20260604 17:39:06 @multi_evo_agent_runner.py:115] Agent_0 gets eval reward: 726.25.
[20260604 17:39:06 @multi_evo_agent_runner.py:116] Agent_0 gets win rate: 0.45.
[20260604 17:39:06 @multi_evo_agent_runner.py:115] Agent_1 gets eval reward: 485.23.
[20260604 17:39:06 @multi_evo_agent_runner.py:116] Agent_1 gets win rate: 0.38.
[20260604 17:39:06 @multi_evo_agent_runner.py:79] #------------------------ Iteration 267 --------------------------#
[20260604 17:39:20 @multi_evo_agent_runner.py:85] Sampling 50000 steps by 12 slaves, spending 13.21 s.
[20260604 17:40:09 @multi_evo_agent_runner.py:94] Policy update, spending: 49.18 s.
[20260604 17:40:11 @multi_evo_agent_runner.py:99] Evaluation time: 2.03 s.
[20260604 17:40:11 @multi_evo_agent_runner.py:105] Total time:     326.49 min
[20260604 17:40:11 @multi_evo_agent_runner.py:115] Agent_0 gets eval reward: 169.90.
[20260604 17:40:11 @multi_evo_agent_runner.py:116] Agent_0 gets win rate: 0.38.
[20260604 17:40:11 @multi_evo_agent_runner.py:115] Agent_1 gets eval reward: 763.67.
[20260604 17:40:11 @multi_evo_agent_runner.py:116] Agent_1 gets win rate: 0.42.
[20260604 17:40:11 @multi_evo_agent_runner.py:510] CRITICAL save best checkpoint with agent_1's rewards 763.67!
[20260604 17:40:11 @multi_evo_agent_runner.py:79] #------------------------ Iteration 268 --------------------------#
[20260604 17:40:24 @multi_evo_agent_runner.py:85] Sampling 50000 steps by 12 slaves, spending 12.86 s.
[20260604 17:41:13 @multi_evo_agent_runner.py:94] Policy update, spending: 49.02 s.
[20260604 17:41:15 @multi_evo_agent_runner.py:99] Evaluation time: 1.83 s.
[20260604 17:41:15 @multi_evo_agent_runner.py:105] Total time:     327.56 min
[20260604 17:41:15 @multi_evo_agent_runner.py:115] Agent_0 gets eval reward: 560.47.
[20260604 17:41:15 @multi_evo_agent_runner.py:116] Agent_0 gets win rate: 0.44.
[20260604 17:41:15 @multi_evo_agent_runner.py:115] Agent_1 gets eval reward: 324.17.
[20260604 17:41:15 @multi_evo_agent_runner.py:116] Agent_1 gets win rate: 0.52.
[20260604 17:41:15 @multi_evo_agent_runner.py:510] CRITICAL save best checkpoint with agent_1's rewards 324.17!
[20260604 17:41:15 @multi_evo_agent_runner.py:79] #------------------------ Iteration 269 --------------------------#
[20260604 17:41:31 @multi_evo_agent_runner.py:85] Sampling 50000 steps by 12 slaves, spending 15.99 s.
[20260604 17:42:19 @multi_evo_agent_runner.py:94] Policy update, spending: 47.58 s.
[20260604 17:42:20 @multi_evo_agent_runner.py:99] Evaluation time: 1.84 s.
[20260604 17:42:20 @multi_evo_agent_runner.py:105] Total time:     328.65 min
[20260604 17:42:20 @multi_evo_agent_runner.py:115] Agent_0 gets eval reward: 710.32.
[20260604 17:42:20 @multi_evo_agent_runner.py:116] Agent_0 gets win rate: 0.43.
[20260604 17:42:20 @multi_evo_agent_runner.py:115] Agent_1 gets eval reward: 384.10.
[20260604 17:42:20 @multi_evo_agent_runner.py:116] Agent_1 gets win rate: 0.49.
[20260604 17:42:20 @multi_evo_agent_runner.py:510] CRITICAL save best checkpoint with agent_1's rewards 384.10!
[20260604 17:42:21 @multi_evo_agent_runner.py:79] #------------------------ Iteration 270 --------------------------#
[20260604 17:42:37 @multi_evo_agent_runner.py:85] Sampling 50000 steps by 12 slaves, spending 16.71 s.
[20260604 17:43:24 @multi_evo_agent_runner.py:94] Policy update, spending: 46.28 s.
[20260604 17:43:26 @multi_evo_agent_runner.py:99] Evaluation time: 2.16 s.
[20260604 17:43:26 @multi_evo_agent_runner.py:105] Total time:     329.74 min
[20260604 17:43:26 @multi_evo_agent_runner.py:115] Agent_0 gets eval reward: 581.59.
[20260604 17:43:26 @multi_evo_agent_runner.py:116] Agent_0 gets win rate: 0.41.
[20260604 17:43:26 @multi_evo_agent_runner.py:115] Agent_1 gets eval reward: 400.86.
[20260604 17:43:26 @multi_evo_agent_runner.py:116] Agent_1 gets win rate: 0.50.
[20260604 17:43:26 @multi_evo_agent_runner.py:510] CRITICAL save best checkpoint with agent_1's rewards 400.86!
[20260604 17:43:26 @multi_evo_agent_runner.py:79] #------------------------ Iteration 271 --------------------------#
[20260604 17:43:44 @multi_evo_agent_runner.py:85] Sampling 50000 steps by 12 slaves, spending 18.54 s.
[20260604 17:44:30 @multi_evo_agent_runner.py:94] Policy update, spending: 45.28 s.
[20260604 17:44:32 @multi_evo_agent_runner.py:99] Evaluation time: 2.34 s.
[20260604 17:44:32 @multi_evo_agent_runner.py:105] Total time:     330.85 min
[20260604 17:44:32 @multi_evo_agent_runner.py:115] Agent_0 gets eval reward: 639.12.
[20260604 17:44:32 @multi_evo_agent_runner.py:116] Agent_0 gets win rate: 0.55.
[20260604 17:44:32 @multi_evo_agent_runner.py:115] Agent_1 gets eval reward: 256.59.
[20260604 17:44:32 @multi_evo_agent_runner.py:116] Agent_1 gets win rate: 0.34.
[20260604 17:44:32 @multi_evo_agent_runner.py:79] #------------------------ Iteration 272 --------------------------#
[20260604 17:44:54 @multi_evo_agent_runner.py:85] Sampling 50000 steps by 12 slaves, spending 21.62 s.
[20260604 17:45:42 @multi_evo_agent_runner.py:94] Policy update, spending: 48.54 s.
[20260604 17:45:44 @multi_evo_agent_runner.py:99] Evaluation time: 1.91 s.
[20260604 17:45:44 @multi_evo_agent_runner.py:105] Total time:     332.05 min
[20260604 17:45:44 @multi_evo_agent_runner.py:115] Agent_0 gets eval reward: 637.67.
[20260604 17:45:44 @multi_evo_agent_runner.py:116] Agent_0 gets win rate: 0.58.
[20260604 17:45:44 @multi_evo_agent_runner.py:115] Agent_1 gets eval reward: -8.81.
[20260604 17:45:44 @multi_evo_agent_runner.py:116] Agent_1 gets win rate: 0.36.
[20260604 17:45:44 @multi_evo_agent_runner.py:79] #------------------------ Iteration 273 --------------------------#
[20260604 17:45:57 @multi_evo_agent_runner.py:85] Sampling 50000 steps by 12 slaves, spending 12.94 s.
[20260604 17:46:46 @multi_evo_agent_runner.py:94] Policy update, spending: 48.77 s.
[20260604 17:46:48 @multi_evo_agent_runner.py:99] Evaluation time: 2.23 s.
[20260604 17:46:48 @multi_evo_agent_runner.py:105] Total time:     333.12 min
[20260604 17:46:49 @multi_evo_agent_runner.py:115] Agent_0 gets eval reward: 630.70.
[20260604 17:46:49 @multi_evo_agent_runner.py:116] Agent_0 gets win rate: 0.48.
[20260604 17:46:49 @multi_evo_agent_runner.py:115] Agent_1 gets eval reward: 481.32.
[20260604 17:46:49 @multi_evo_agent_runner.py:116] Agent_1 gets win rate: 0.41.
[20260604 17:46:49 @multi_evo_agent_runner.py:510] CRITICAL save best checkpoint with agent_1's rewards 481.32!
[20260604 17:46:49 @multi_evo_agent_runner.py:79] #------------------------ Iteration 274 --------------------------#
[20260604 17:47:01 @multi_evo_agent_runner.py:85] Sampling 50000 steps by 12 slaves, spending 12.63 s.
[20260604 17:47:49 @multi_evo_agent_runner.py:94] Policy update, spending: 48.17 s.
[20260604 17:47:51 @multi_evo_agent_runner.py:99] Evaluation time: 1.99 s.
[20260604 17:47:51 @multi_evo_agent_runner.py:105] Total time:     334.17 min
[20260604 17:47:51 @multi_evo_agent_runner.py:115] Agent_0 gets eval reward: 369.05.
[20260604 17:47:51 @multi_evo_agent_runner.py:116] Agent_0 gets win rate: 0.31.
[20260604 17:47:51 @multi_evo_agent_runner.py:115] Agent_1 gets eval reward: 482.39.
[20260604 17:47:51 @multi_evo_agent_runner.py:116] Agent_1 gets win rate: 0.60.
[20260604 17:47:52 @multi_evo_agent_runner.py:510] CRITICAL save best checkpoint with agent_1's rewards 482.39!
[20260604 17:47:52 @multi_evo_agent_runner.py:79] #------------------------ Iteration 275 --------------------------#
[20260604 17:48:04 @multi_evo_agent_runner.py:85] Sampling 50000 steps by 12 slaves, spending 12.11 s.
[20260604 17:48:52 @multi_evo_agent_runner.py:94] Policy update, spending: 47.97 s.
[20260604 17:48:54 @multi_evo_agent_runner.py:99] Evaluation time: 1.87 s.
[20260604 17:48:54 @multi_evo_agent_runner.py:105] Total time:     335.20 min
[20260604 17:48:54 @multi_evo_agent_runner.py:115] Agent_0 gets eval reward: 388.48.
[20260604 17:48:54 @multi_evo_agent_runner.py:116] Agent_0 gets win rate: 0.40.
[20260604 17:48:54 @multi_evo_agent_runner.py:115] Agent_1 gets eval reward: 333.30.
[20260604 17:48:54 @multi_evo_agent_runner.py:116] Agent_1 gets win rate: 0.40.
[20260604 17:48:54 @multi_evo_agent_runner.py:79] #------------------------ Iteration 276 --------------------------#
[20260604 17:49:07 @multi_evo_agent_runner.py:85] Sampling 50000 steps by 12 slaves, spending 13.73 s.
[20260604 17:49:58 @multi_evo_agent_runner.py:94] Policy update, spending: 50.31 s.
[20260604 17:50:00 @multi_evo_agent_runner.py:99] Evaluation time: 1.81 s.
[20260604 17:50:00 @multi_evo_agent_runner.py:105] Total time:     336.31 min
[20260604 17:50:00 @multi_evo_agent_runner.py:115] Agent_0 gets eval reward: 462.00.
[20260604 17:50:00 @multi_evo_agent_runner.py:116] Agent_0 gets win rate: 0.42.
[20260604 17:50:00 @multi_evo_agent_runner.py:115] Agent_1 gets eval reward: 317.23.
[20260604 17:50:00 @multi_evo_agent_runner.py:116] Agent_1 gets win rate: 0.48.
[20260604 17:50:00 @multi_evo_agent_runner.py:79] #------------------------ Iteration 277 --------------------------#
[20260604 17:50:13 @multi_evo_agent_runner.py:85] Sampling 50000 steps by 12 slaves, spending 13.60 s.
[20260604 17:51:14 @multi_evo_agent_runner.py:94] Policy update, spending: 61.01 s.
[20260604 17:51:16 @multi_evo_agent_runner.py:99] Evaluation time: 1.67 s.
[20260604 17:51:16 @multi_evo_agent_runner.py:105] Total time:     337.58 min
[20260604 17:51:16 @multi_evo_agent_runner.py:115] Agent_0 gets eval reward: 744.77.
[20260604 17:51:16 @multi_evo_agent_runner.py:116] Agent_0 gets win rate: 0.53.
[20260604 17:51:16 @multi_evo_agent_runner.py:115] Agent_1 gets eval reward: 428.58.
[20260604 17:51:16 @multi_evo_agent_runner.py:116] Agent_1 gets win rate: 0.45.
[20260604 17:51:16 @multi_evo_agent_runner.py:79] #------------------------ Iteration 278 --------------------------#
[20260604 17:51:29 @multi_evo_agent_runner.py:85] Sampling 50000 steps by 12 slaves, spending 12.51 s.
[20260604 17:52:23 @multi_evo_agent_runner.py:94] Policy update, spending: 54.15 s.
[20260604 17:52:25 @multi_evo_agent_runner.py:99] Evaluation time: 1.96 s.
[20260604 17:52:25 @multi_evo_agent_runner.py:105] Total time:     338.73 min
[20260604 17:52:25 @multi_evo_agent_runner.py:115] Agent_0 gets eval reward: 550.49.
[20260604 17:52:25 @multi_evo_agent_runner.py:116] Agent_0 gets win rate: 0.49.
[20260604 17:52:25 @multi_evo_agent_runner.py:115] Agent_1 gets eval reward: 109.42.
[20260604 17:52:25 @multi_evo_agent_runner.py:116] Agent_1 gets win rate: 0.33.
[20260604 17:52:25 @multi_evo_agent_runner.py:79] #------------------------ Iteration 279 --------------------------#
[20260604 17:52:37 @multi_evo_agent_runner.py:85] Sampling 50000 steps by 12 slaves, spending 12.06 s.
[20260604 17:53:24 @multi_evo_agent_runner.py:94] Policy update, spending: 46.56 s.
[20260604 17:53:26 @multi_evo_agent_runner.py:99] Evaluation time: 1.88 s.
[20260604 17:53:26 @multi_evo_agent_runner.py:105] Total time:     339.74 min
[20260604 17:53:26 @multi_evo_agent_runner.py:115] Agent_0 gets eval reward: 528.00.
[20260604 17:53:26 @multi_evo_agent_runner.py:116] Agent_0 gets win rate: 0.44.
[20260604 17:53:26 @multi_evo_agent_runner.py:115] Agent_1 gets eval reward: 304.29.
[20260604 17:53:26 @multi_evo_agent_runner.py:116] Agent_1 gets win rate: 0.40.
[20260604 17:53:26 @multi_evo_agent_runner.py:79] #------------------------ Iteration 280 --------------------------#
[20260604 17:53:39 @multi_evo_agent_runner.py:85] Sampling 50000 steps by 12 slaves, spending 13.63 s.
[20260604 17:54:26 @multi_evo_agent_runner.py:94] Policy update, spending: 47.04 s.
[20260604 17:54:28 @multi_evo_agent_runner.py:99] Evaluation time: 1.85 s.
[20260604 17:54:28 @multi_evo_agent_runner.py:105] Total time:     340.78 min
[20260604 17:54:28 @multi_evo_agent_runner.py:115] Agent_0 gets eval reward: 708.03.
[20260604 17:54:28 @multi_evo_agent_runner.py:116] Agent_0 gets win rate: 0.51.
[20260604 17:54:28 @multi_evo_agent_runner.py:115] Agent_1 gets eval reward: 248.73.
[20260604 17:54:28 @multi_evo_agent_runner.py:116] Agent_1 gets win rate: 0.37.
[20260604 17:54:28 @multi_evo_agent_runner.py:79] #------------------------ Iteration 281 --------------------------#
[20260604 17:54:41 @multi_evo_agent_runner.py:85] Sampling 50000 steps by 12 slaves, spending 12.83 s.
[20260604 17:55:31 @multi_evo_agent_runner.py:94] Policy update, spending: 49.71 s.
[20260604 17:55:33 @multi_evo_agent_runner.py:99] Evaluation time: 1.89 s.
[20260604 17:55:33 @multi_evo_agent_runner.py:105] Total time:     341.86 min
[20260604 17:55:33 @multi_evo_agent_runner.py:115] Agent_0 gets eval reward: 769.89.
[20260604 17:55:33 @multi_evo_agent_runner.py:116] Agent_0 gets win rate: 0.45.
[20260604 17:55:33 @multi_evo_agent_runner.py:115] Agent_1 gets eval reward: 441.14.
[20260604 17:55:33 @multi_evo_agent_runner.py:116] Agent_1 gets win rate: 0.36.
[20260604 17:55:33 @multi_evo_agent_runner.py:79] #------------------------ Iteration 282 --------------------------#
[20260604 17:55:46 @multi_evo_agent_runner.py:85] Sampling 50000 steps by 12 slaves, spending 12.56 s.
[20260604 17:56:47 @multi_evo_agent_runner.py:94] Policy update, spending: 61.44 s.
[20260604 17:56:49 @multi_evo_agent_runner.py:99] Evaluation time: 2.09 s.
[20260604 17:56:49 @multi_evo_agent_runner.py:105] Total time:     343.13 min
[20260604 17:56:49 @multi_evo_agent_runner.py:115] Agent_0 gets eval reward: 705.49.
[20260604 17:56:49 @multi_evo_agent_runner.py:116] Agent_0 gets win rate: 0.50.
[20260604 17:56:49 @multi_evo_agent_runner.py:115] Agent_1 gets eval reward: 383.30.
[20260604 17:56:49 @multi_evo_agent_runner.py:116] Agent_1 gets win rate: 0.44.
[20260604 17:56:49 @multi_evo_agent_runner.py:79] #------------------------ Iteration 283 --------------------------#
[20260604 17:57:02 @multi_evo_agent_runner.py:85] Sampling 50000 steps by 12 slaves, spending 12.60 s.
[20260604 17:57:53 @multi_evo_agent_runner.py:94] Policy update, spending: 51.26 s.
[20260604 17:57:55 @multi_evo_agent_runner.py:99] Evaluation time: 1.75 s.
[20260604 17:57:55 @multi_evo_agent_runner.py:105] Total time:     344.23 min
[20260604 17:57:55 @multi_evo_agent_runner.py:115] Agent_0 gets eval reward: 866.71.
[20260604 17:57:55 @multi_evo_agent_runner.py:116] Agent_0 gets win rate: 0.49.
[20260604 17:57:55 @multi_evo_agent_runner.py:115] Agent_1 gets eval reward: 618.13.
[20260604 17:57:55 @multi_evo_agent_runner.py:116] Agent_1 gets win rate: 0.47.
[20260604 17:57:55 @multi_evo_agent_runner.py:510] CRITICAL save best checkpoint with agent_0's rewards 866.71!
[20260604 17:57:55 @multi_evo_agent_runner.py:510] CRITICAL save best checkpoint with agent_1's rewards 618.13!
[20260604 17:57:55 @multi_evo_agent_runner.py:79] #------------------------ Iteration 284 --------------------------#
[20260604 17:58:08 @multi_evo_agent_runner.py:85] Sampling 50000 steps by 12 slaves, spending 13.16 s.
[20260604 17:58:57 @multi_evo_agent_runner.py:94] Policy update, spending: 49.04 s.
[20260604 17:58:59 @multi_evo_agent_runner.py:99] Evaluation time: 1.86 s.
[20260604 17:58:59 @multi_evo_agent_runner.py:105] Total time:     345.30 min
[20260604 17:58:59 @multi_evo_agent_runner.py:115] Agent_0 gets eval reward: 988.66.
[20260604 17:58:59 @multi_evo_agent_runner.py:116] Agent_0 gets win rate: 0.39.
[20260604 17:58:59 @multi_evo_agent_runner.py:115] Agent_1 gets eval reward: 390.65.
[20260604 17:58:59 @multi_evo_agent_runner.py:116] Agent_1 gets win rate: 0.31.
[20260604 17:58:59 @multi_evo_agent_runner.py:510] CRITICAL save best checkpoint with agent_0's rewards 988.66!
[20260604 17:58:59 @multi_evo_agent_runner.py:79] #------------------------ Iteration 285 --------------------------#
[20260604 17:59:14 @multi_evo_agent_runner.py:85] Sampling 50000 steps by 12 slaves, spending 14.90 s.
[20260604 18:00:02 @multi_evo_agent_runner.py:94] Policy update, spending: 47.63 s.
[20260604 18:00:04 @multi_evo_agent_runner.py:99] Evaluation time: 1.98 s.
[20260604 18:00:04 @multi_evo_agent_runner.py:105] Total time:     346.38 min
[20260604 18:00:04 @multi_evo_agent_runner.py:115] Agent_0 gets eval reward: 1118.67.
[20260604 18:00:04 @multi_evo_agent_runner.py:116] Agent_0 gets win rate: 0.57.
[20260604 18:00:04 @multi_evo_agent_runner.py:115] Agent_1 gets eval reward: 192.44.
[20260604 18:00:04 @multi_evo_agent_runner.py:116] Agent_1 gets win rate: 0.30.
[20260604 18:00:04 @multi_evo_agent_runner.py:510] CRITICAL save best checkpoint with agent_0's rewards 1118.67!
[20260604 18:00:04 @multi_evo_agent_runner.py:79] #------------------------ Iteration 286 --------------------------#
[20260604 18:00:21 @multi_evo_agent_runner.py:85] Sampling 50000 steps by 12 slaves, spending 16.82 s.
[20260604 18:01:09 @multi_evo_agent_runner.py:94] Policy update, spending: 47.75 s.
[20260604 18:01:11 @multi_evo_agent_runner.py:99] Evaluation time: 2.04 s.
[20260604 18:01:11 @multi_evo_agent_runner.py:105] Total time:     347.49 min
[20260604 18:01:11 @multi_evo_agent_runner.py:115] Agent_0 gets eval reward: 561.04.
[20260604 18:01:11 @multi_evo_agent_runner.py:116] Agent_0 gets win rate: 0.44.
[20260604 18:01:11 @multi_evo_agent_runner.py:115] Agent_1 gets eval reward: 212.94.
[20260604 18:01:11 @multi_evo_agent_runner.py:116] Agent_1 gets win rate: 0.50.
[20260604 18:01:11 @multi_evo_agent_runner.py:510] CRITICAL save best checkpoint with agent_1's rewards 212.94!
[20260604 18:01:11 @multi_evo_agent_runner.py:79] #------------------------ Iteration 287 --------------------------#
[20260604 18:01:30 @multi_evo_agent_runner.py:85] Sampling 50000 steps by 12 slaves, spending 19.50 s.
[20260604 18:02:14 @multi_evo_agent_runner.py:94] Policy update, spending: 44.07 s.
[20260604 18:02:17 @multi_evo_agent_runner.py:99] Evaluation time: 2.14 s.
[20260604 18:02:17 @multi_evo_agent_runner.py:105] Total time:     348.59 min
[20260604 18:02:17 @multi_evo_agent_runner.py:115] Agent_0 gets eval reward: 747.86.
[20260604 18:02:17 @multi_evo_agent_runner.py:116] Agent_0 gets win rate: 0.40.
[20260604 18:02:17 @multi_evo_agent_runner.py:115] Agent_1 gets eval reward: 568.43.
[20260604 18:02:17 @multi_evo_agent_runner.py:116] Agent_1 gets win rate: 0.48.
[20260604 18:02:17 @multi_evo_agent_runner.py:510] CRITICAL save best checkpoint with agent_1's rewards 568.43!
[20260604 18:02:17 @multi_evo_agent_runner.py:79] #------------------------ Iteration 288 --------------------------#
[20260604 18:02:37 @multi_evo_agent_runner.py:85] Sampling 50000 steps by 12 slaves, spending 20.51 s.
[20260604 18:03:46 @multi_evo_agent_runner.py:94] Policy update, spending: 68.70 s.
[20260604 18:03:50 @multi_evo_agent_runner.py:99] Evaluation time: 4.17 s.
[20260604 18:03:50 @multi_evo_agent_runner.py:105] Total time:     350.15 min
[20260604 18:03:50 @multi_evo_agent_runner.py:115] Agent_0 gets eval reward: 898.14.
[20260604 18:03:50 @multi_evo_agent_runner.py:116] Agent_0 gets win rate: 0.56.
[20260604 18:03:50 @multi_evo_agent_runner.py:115] Agent_1 gets eval reward: 418.12.
[20260604 18:03:50 @multi_evo_agent_runner.py:116] Agent_1 gets win rate: 0.38.
[20260604 18:03:50 @multi_evo_agent_runner.py:79] #------------------------ Iteration 289 --------------------------#
[20260604 18:04:08 @multi_evo_agent_runner.py:85] Sampling 50000 steps by 12 slaves, spending 17.08 s.
[20260604 18:04:53 @multi_evo_agent_runner.py:94] Policy update, spending: 45.55 s.
[20260604 18:04:57 @multi_evo_agent_runner.py:99] Evaluation time: 3.88 s.
[20260604 18:04:57 @multi_evo_agent_runner.py:105] Total time:     351.26 min
[20260604 18:04:57 @multi_evo_agent_runner.py:115] Agent_0 gets eval reward: 595.74.
[20260604 18:04:57 @multi_evo_agent_runner.py:116] Agent_0 gets win rate: 0.60.
[20260604 18:04:57 @multi_evo_agent_runner.py:115] Agent_1 gets eval reward: 29.58.
[20260604 18:04:57 @multi_evo_agent_runner.py:116] Agent_1 gets win rate: 0.36.
[20260604 18:04:57 @multi_evo_agent_runner.py:510] CRITICAL save best checkpoint with agent_0's rewards 595.74!
[20260604 18:04:57 @multi_evo_agent_runner.py:79] #------------------------ Iteration 290 --------------------------#
[20260604 18:05:11 @multi_evo_agent_runner.py:85] Sampling 50000 steps by 12 slaves, spending 13.65 s.
[20260604 18:06:00 @multi_evo_agent_runner.py:94] Policy update, spending: 49.68 s.
[20260604 18:06:03 @multi_evo_agent_runner.py:99] Evaluation time: 2.05 s.
[20260604 18:06:03 @multi_evo_agent_runner.py:105] Total time:     352.35 min
[20260604 18:06:03 @multi_evo_agent_runner.py:115] Agent_0 gets eval reward: 797.69.
[20260604 18:06:03 @multi_evo_agent_runner.py:116] Agent_0 gets win rate: 0.47.
[20260604 18:06:03 @multi_evo_agent_runner.py:115] Agent_1 gets eval reward: 379.23.
[20260604 18:06:03 @multi_evo_agent_runner.py:116] Agent_1 gets win rate: 0.45.
[20260604 18:06:03 @multi_evo_agent_runner.py:510] CRITICAL save best checkpoint with agent_0's rewards 797.69!
[20260604 18:06:03 @multi_evo_agent_runner.py:79] #------------------------ Iteration 291 --------------------------#
[20260604 18:06:17 @multi_evo_agent_runner.py:85] Sampling 50000 steps by 12 slaves, spending 14.05 s.
[20260604 18:07:06 @multi_evo_agent_runner.py:94] Policy update, spending: 48.86 s.
[20260604 18:07:07 @multi_evo_agent_runner.py:99] Evaluation time: 1.82 s.
[20260604 18:07:07 @multi_evo_agent_runner.py:105] Total time:     353.44 min
[20260604 18:07:08 @multi_evo_agent_runner.py:115] Agent_0 gets eval reward: 994.65.
[20260604 18:07:08 @multi_evo_agent_runner.py:116] Agent_0 gets win rate: 0.40.
[20260604 18:07:08 @multi_evo_agent_runner.py:115] Agent_1 gets eval reward: 655.38.
[20260604 18:07:08 @multi_evo_agent_runner.py:116] Agent_1 gets win rate: 0.45.
[20260604 18:07:08 @multi_evo_agent_runner.py:510] CRITICAL save best checkpoint with agent_0's rewards 994.65!
[20260604 18:07:08 @multi_evo_agent_runner.py:510] CRITICAL save best checkpoint with agent_1's rewards 655.38!
[20260604 18:07:08 @multi_evo_agent_runner.py:79] #------------------------ Iteration 292 --------------------------#
[20260604 18:07:20 @multi_evo_agent_runner.py:85] Sampling 50000 steps by 12 slaves, spending 12.55 s.
[20260604 18:08:13 @multi_evo_agent_runner.py:94] Policy update, spending: 53.02 s.
[20260604 18:08:15 @multi_evo_agent_runner.py:99] Evaluation time: 1.79 s.
[20260604 18:08:15 @multi_evo_agent_runner.py:105] Total time:     354.56 min
[20260604 18:08:15 @multi_evo_agent_runner.py:115] Agent_0 gets eval reward: 630.13.
[20260604 18:08:15 @multi_evo_agent_runner.py:116] Agent_0 gets win rate: 0.34.
[20260604 18:08:15 @multi_evo_agent_runner.py:115] Agent_1 gets eval reward: 434.99.
[20260604 18:08:15 @multi_evo_agent_runner.py:116] Agent_1 gets win rate: 0.51.
[20260604 18:08:15 @multi_evo_agent_runner.py:510] CRITICAL save best checkpoint with agent_1's rewards 434.99!
[20260604 18:08:15 @multi_evo_agent_runner.py:79] #------------------------ Iteration 293 --------------------------#
[20260604 18:08:30 @multi_evo_agent_runner.py:85] Sampling 50000 steps by 12 slaves, spending 14.35 s.
[20260604 18:09:21 @multi_evo_agent_runner.py:94] Policy update, spending: 51.53 s.
[20260604 18:09:23 @multi_evo_agent_runner.py:99] Evaluation time: 2.02 s.
[20260604 18:09:23 @multi_evo_agent_runner.py:105] Total time:     355.70 min
[20260604 18:09:23 @multi_evo_agent_runner.py:115] Agent_0 gets eval reward: 891.78.
[20260604 18:09:23 @multi_evo_agent_runner.py:116] Agent_0 gets win rate: 0.47.
[20260604 18:09:23 @multi_evo_agent_runner.py:115] Agent_1 gets eval reward: 418.97.
[20260604 18:09:23 @multi_evo_agent_runner.py:116] Agent_1 gets win rate: 0.43.
[20260604 18:09:23 @multi_evo_agent_runner.py:510] CRITICAL save best checkpoint with agent_0's rewards 891.78!
[20260604 18:09:23 @multi_evo_agent_runner.py:79] #------------------------ Iteration 294 --------------------------#
[20260604 18:09:36 @multi_evo_agent_runner.py:85] Sampling 50000 steps by 12 slaves, spending 12.90 s.
[20260604 18:10:23 @multi_evo_agent_runner.py:94] Policy update, spending: 47.13 s.
[20260604 18:10:25 @multi_evo_agent_runner.py:99] Evaluation time: 1.84 s.
[20260604 18:10:25 @multi_evo_agent_runner.py:105] Total time:     356.73 min
[20260604 18:10:25 @multi_evo_agent_runner.py:115] Agent_0 gets eval reward: 420.64.
[20260604 18:10:25 @multi_evo_agent_runner.py:116] Agent_0 gets win rate: 0.43.
[20260604 18:10:25 @multi_evo_agent_runner.py:115] Agent_1 gets eval reward: 288.23.
[20260604 18:10:25 @multi_evo_agent_runner.py:116] Agent_1 gets win rate: 0.45.
[20260604 18:10:25 @multi_evo_agent_runner.py:79] #------------------------ Iteration 295 --------------------------#
[20260604 18:10:38 @multi_evo_agent_runner.py:85] Sampling 50000 steps by 12 slaves, spending 13.14 s.
[20260604 18:11:33 @multi_evo_agent_runner.py:94] Policy update, spending: 54.53 s.
[20260604 18:11:35 @multi_evo_agent_runner.py:99] Evaluation time: 2.12 s.
[20260604 18:11:35 @multi_evo_agent_runner.py:105] Total time:     357.90 min
[20260604 18:11:35 @multi_evo_agent_runner.py:115] Agent_0 gets eval reward: 864.56.
[20260604 18:11:35 @multi_evo_agent_runner.py:116] Agent_0 gets win rate: 0.51.
[20260604 18:11:35 @multi_evo_agent_runner.py:115] Agent_1 gets eval reward: 429.89.
[20260604 18:11:35 @multi_evo_agent_runner.py:116] Agent_1 gets win rate: 0.40.
[20260604 18:11:35 @multi_evo_agent_runner.py:510] CRITICAL save best checkpoint with agent_0's rewards 864.56!
[20260604 18:11:35 @multi_evo_agent_runner.py:79] #------------------------ Iteration 296 --------------------------#
[20260604 18:11:48 @multi_evo_agent_runner.py:85] Sampling 50000 steps by 12 slaves, spending 12.54 s.
[20260604 18:12:42 @multi_evo_agent_runner.py:94] Policy update, spending: 54.00 s.
[20260604 18:12:44 @multi_evo_agent_runner.py:99] Evaluation time: 1.89 s.
[20260604 18:12:44 @multi_evo_agent_runner.py:105] Total time:     359.04 min
[20260604 18:12:44 @multi_evo_agent_runner.py:115] Agent_0 gets eval reward: 565.20.
[20260604 18:12:44 @multi_evo_agent_runner.py:116] Agent_0 gets win rate: 0.42.
[20260604 18:12:44 @multi_evo_agent_runner.py:115] Agent_1 gets eval reward: 524.72.
[20260604 18:12:44 @multi_evo_agent_runner.py:116] Agent_1 gets win rate: 0.48.
[20260604 18:12:44 @multi_evo_agent_runner.py:510] CRITICAL save best checkpoint with agent_1's rewards 524.72!
[20260604 18:12:44 @multi_evo_agent_runner.py:79] #------------------------ Iteration 297 --------------------------#
[20260604 18:12:56 @multi_evo_agent_runner.py:85] Sampling 50000 steps by 12 slaves, spending 12.14 s.
[20260604 18:13:47 @multi_evo_agent_runner.py:94] Policy update, spending: 50.63 s.
[20260604 18:13:48 @multi_evo_agent_runner.py:99] Evaluation time: 1.80 s.
[20260604 18:13:48 @multi_evo_agent_runner.py:105] Total time:     360.12 min
[20260604 18:13:49 @multi_evo_agent_runner.py:115] Agent_0 gets eval reward: 182.63.
[20260604 18:13:49 @multi_evo_agent_runner.py:116] Agent_0 gets win rate: 0.41.
[20260604 18:13:49 @multi_evo_agent_runner.py:115] Agent_1 gets eval reward: 311.18.
[20260604 18:13:49 @multi_evo_agent_runner.py:116] Agent_1 gets win rate: 0.53.
[20260604 18:13:49 @multi_evo_agent_runner.py:510] CRITICAL save best checkpoint with agent_1's rewards 311.18!
[20260604 18:13:49 @multi_evo_agent_runner.py:79] #------------------------ Iteration 298 --------------------------#
[20260604 18:14:01 @multi_evo_agent_runner.py:85] Sampling 50000 steps by 12 slaves, spending 12.27 s.
[20260604 18:14:50 @multi_evo_agent_runner.py:94] Policy update, spending: 48.86 s.
[20260604 18:14:52 @multi_evo_agent_runner.py:99] Evaluation time: 2.00 s.
[20260604 18:14:52 @multi_evo_agent_runner.py:105] Total time:     361.18 min
[20260604 18:14:52 @multi_evo_agent_runner.py:115] Agent_0 gets eval reward: 694.21.
[20260604 18:14:52 @multi_evo_agent_runner.py:116] Agent_0 gets win rate: 0.42.
[20260604 18:14:52 @multi_evo_agent_runner.py:115] Agent_1 gets eval reward: 525.21.
[20260604 18:14:52 @multi_evo_agent_runner.py:116] Agent_1 gets win rate: 0.30.
[20260604 18:14:52 @multi_evo_agent_runner.py:510] CRITICAL save best checkpoint with agent_1's rewards 525.21!
[20260604 18:14:52 @multi_evo_agent_runner.py:79] #------------------------ Iteration 299 --------------------------#
[20260604 18:15:08 @multi_evo_agent_runner.py:85] Sampling 50000 steps by 12 slaves, spending 15.56 s.
[20260604 18:15:56 @multi_evo_agent_runner.py:94] Policy update, spending: 48.46 s.
[20260604 18:15:58 @multi_evo_agent_runner.py:99] Evaluation time: 1.98 s.
[20260604 18:15:58 @multi_evo_agent_runner.py:105] Total time:     362.28 min
[20260604 18:15:58 @multi_evo_agent_runner.py:115] Agent_0 gets eval reward: 741.72.
[20260604 18:15:58 @multi_evo_agent_runner.py:116] Agent_0 gets win rate: 0.38.
[20260604 18:15:58 @multi_evo_agent_runner.py:115] Agent_1 gets eval reward: 578.08.
[20260604 18:15:58 @multi_evo_agent_runner.py:116] Agent_1 gets win rate: 0.41.
[20260604 18:15:58 @multi_evo_agent_runner.py:510] CRITICAL save best checkpoint with agent_1's rewards 578.08!
[20260604 18:15:58 @multi_evo_agent_runner.py:79] #------------------------ Iteration 300 --------------------------#
[20260604 18:16:17 @multi_evo_agent_runner.py:85] Sampling 50000 steps by 12 slaves, spending 18.88 s.
[20260604 18:17:02 @multi_evo_agent_runner.py:94] Policy update, spending: 45.36 s.
[20260604 18:17:05 @multi_evo_agent_runner.py:99] Evaluation time: 2.41 s.
[20260604 18:17:05 @multi_evo_agent_runner.py:105] Total time:     363.39 min
[20260604 18:17:05 @multi_evo_agent_runner.py:115] Agent_0 gets eval reward: 835.86.
[20260604 18:17:05 @multi_evo_agent_runner.py:116] Agent_0 gets win rate: 0.47.
[20260604 18:17:05 @multi_evo_agent_runner.py:115] Agent_1 gets eval reward: 434.22.
[20260604 18:17:05 @multi_evo_agent_runner.py:116] Agent_1 gets win rate: 0.25.
[20260604 18:17:05 @multi_evo_agent_runner.py:79] #------------------------ Iteration 301 --------------------------#
[20260604 18:17:25 @multi_evo_agent_runner.py:85] Sampling 50000 steps by 12 slaves, spending 20.40 s.
[20260604 18:18:37 @multi_evo_agent_runner.py:94] Policy update, spending: 71.94 s.
[20260604 18:18:42 @multi_evo_agent_runner.py:99] Evaluation time: 4.27 s.
[20260604 18:18:42 @multi_evo_agent_runner.py:105] Total time:     365.01 min
[20260604 18:18:42 @multi_evo_agent_runner.py:115] Agent_0 gets eval reward: 796.81.
[20260604 18:18:42 @multi_evo_agent_runner.py:116] Agent_0 gets win rate: 0.37.
[20260604 18:18:42 @multi_evo_agent_runner.py:115] Agent_1 gets eval reward: 488.97.
[20260604 18:18:42 @multi_evo_agent_runner.py:116] Agent_1 gets win rate: 0.43.
[20260604 18:18:42 @multi_evo_agent_runner.py:510] CRITICAL save best checkpoint with agent_1's rewards 488.97!
[20260604 18:18:42 @multi_evo_agent_runner.py:79] #------------------------ Iteration 302 --------------------------#
[20260604 18:18:56 @multi_evo_agent_runner.py:85] Sampling 50000 steps by 12 slaves, spending 13.75 s.
[20260604 18:19:53 @multi_evo_agent_runner.py:94] Policy update, spending: 57.27 s.
[20260604 18:19:57 @multi_evo_agent_runner.py:99] Evaluation time: 4.03 s.
[20260604 18:19:57 @multi_evo_agent_runner.py:105] Total time:     366.26 min
[20260604 18:19:57 @multi_evo_agent_runner.py:115] Agent_0 gets eval reward: 525.15.
[20260604 18:19:57 @multi_evo_agent_runner.py:116] Agent_0 gets win rate: 0.56.
[20260604 18:19:57 @multi_evo_agent_runner.py:115] Agent_1 gets eval reward: 69.87.
[20260604 18:19:57 @multi_evo_agent_runner.py:116] Agent_1 gets win rate: 0.29.
[20260604 18:19:57 @multi_evo_agent_runner.py:510] CRITICAL save best checkpoint with agent_0's rewards 525.15!
[20260604 18:19:57 @multi_evo_agent_runner.py:79] #------------------------ Iteration 303 --------------------------#
[20260604 18:20:11 @multi_evo_agent_runner.py:85] Sampling 50000 steps by 12 slaves, spending 13.72 s.
[20260604 18:20:58 @multi_evo_agent_runner.py:94] Policy update, spending: 46.68 s.
[20260604 18:21:01 @multi_evo_agent_runner.py:99] Evaluation time: 3.55 s.
[20260604 18:21:01 @multi_evo_agent_runner.py:105] Total time:     367.33 min
[20260604 18:21:01 @multi_evo_agent_runner.py:115] Agent_0 gets eval reward: 368.63.
[20260604 18:21:01 @multi_evo_agent_runner.py:116] Agent_0 gets win rate: 0.45.
[20260604 18:21:01 @multi_evo_agent_runner.py:115] Agent_1 gets eval reward: 442.27.
[20260604 18:21:01 @multi_evo_agent_runner.py:116] Agent_1 gets win rate: 0.47.
[20260604 18:21:01 @multi_evo_agent_runner.py:510] CRITICAL save best checkpoint with agent_1's rewards 442.27!
[20260604 18:21:01 @multi_evo_agent_runner.py:79] #------------------------ Iteration 304 --------------------------#
[20260604 18:21:14 @multi_evo_agent_runner.py:85] Sampling 50000 steps by 12 slaves, spending 12.81 s.
[20260604 18:22:06 @multi_evo_agent_runner.py:94] Policy update, spending: 51.99 s.
[20260604 18:22:08 @multi_evo_agent_runner.py:99] Evaluation time: 1.75 s.
[20260604 18:22:08 @multi_evo_agent_runner.py:105] Total time:     368.44 min
[20260604 18:22:08 @multi_evo_agent_runner.py:115] Agent_0 gets eval reward: 806.01.
[20260604 18:22:08 @multi_evo_agent_runner.py:116] Agent_0 gets win rate: 0.50.
[20260604 18:22:08 @multi_evo_agent_runner.py:115] Agent_1 gets eval reward: 543.70.
[20260604 18:22:08 @multi_evo_agent_runner.py:116] Agent_1 gets win rate: 0.43.
[20260604 18:22:08 @multi_evo_agent_runner.py:510] CRITICAL save best checkpoint with agent_0's rewards 806.01!
[20260604 18:22:08 @multi_evo_agent_runner.py:510] CRITICAL save best checkpoint with agent_1's rewards 543.70!
[20260604 18:22:08 @multi_evo_agent_runner.py:79] #------------------------ Iteration 305 --------------------------#
[20260604 18:22:21 @multi_evo_agent_runner.py:85] Sampling 50000 steps by 12 slaves, spending 13.31 s.
[20260604 18:23:09 @multi_evo_agent_runner.py:94] Policy update, spending: 47.59 s.
[20260604 18:23:11 @multi_evo_agent_runner.py:99] Evaluation time: 1.84 s.
[20260604 18:23:11 @multi_evo_agent_runner.py:105] Total time:     369.49 min
[20260604 18:23:11 @multi_evo_agent_runner.py:115] Agent_0 gets eval reward: 464.52.
[20260604 18:23:11 @multi_evo_agent_runner.py:116] Agent_0 gets win rate: 0.40.
[20260604 18:23:11 @multi_evo_agent_runner.py:115] Agent_1 gets eval reward: 534.26.
[20260604 18:23:11 @multi_evo_agent_runner.py:116] Agent_1 gets win rate: 0.54.
[20260604 18:23:11 @multi_evo_agent_runner.py:510] CRITICAL save best checkpoint with agent_1's rewards 534.26!
[20260604 18:23:11 @multi_evo_agent_runner.py:79] #------------------------ Iteration 306 --------------------------#
[20260604 18:23:25 @multi_evo_agent_runner.py:85] Sampling 50000 steps by 12 slaves, spending 13.64 s.
[20260604 18:24:14 @multi_evo_agent_runner.py:94] Policy update, spending: 49.10 s.
[20260604 18:24:16 @multi_evo_agent_runner.py:99] Evaluation time: 1.93 s.
[20260604 18:24:16 @multi_evo_agent_runner.py:105] Total time:     370.57 min
[20260604 18:24:16 @multi_evo_agent_runner.py:115] Agent_0 gets eval reward: 564.25.
[20260604 18:24:16 @multi_evo_agent_runner.py:116] Agent_0 gets win rate: 0.35.
[20260604 18:24:16 @multi_evo_agent_runner.py:115] Agent_1 gets eval reward: 531.51.
[20260604 18:24:16 @multi_evo_agent_runner.py:116] Agent_1 gets win rate: 0.57.
[20260604 18:24:16 @multi_evo_agent_runner.py:510] CRITICAL save best checkpoint with agent_1's rewards 531.51!
[20260604 18:24:16 @multi_evo_agent_runner.py:79] #------------------------ Iteration 307 --------------------------#
[20260604 18:24:29 @multi_evo_agent_runner.py:85] Sampling 50000 steps by 12 slaves, spending 13.66 s.
[20260604 18:25:19 @multi_evo_agent_runner.py:94] Policy update, spending: 49.32 s.
[20260604 18:25:21 @multi_evo_agent_runner.py:99] Evaluation time: 1.83 s.
[20260604 18:25:21 @multi_evo_agent_runner.py:105] Total time:     371.66 min
[20260604 18:25:21 @multi_evo_agent_runner.py:115] Agent_0 gets eval reward: 601.85.
[20260604 18:25:21 @multi_evo_agent_runner.py:116] Agent_0 gets win rate: 0.60.
[20260604 18:25:21 @multi_evo_agent_runner.py:115] Agent_1 gets eval reward: 120.10.
[20260604 18:25:21 @multi_evo_agent_runner.py:116] Agent_1 gets win rate: 0.40.
[20260604 18:25:21 @multi_evo_agent_runner.py:510] CRITICAL save best checkpoint with agent_0's rewards 601.85!
[20260604 18:25:21 @multi_evo_agent_runner.py:79] #------------------------ Iteration 308 --------------------------#
[20260604 18:25:34 @multi_evo_agent_runner.py:85] Sampling 50000 steps by 12 slaves, spending 12.87 s.
[20260604 18:26:24 @multi_evo_agent_runner.py:94] Policy update, spending: 49.87 s.
[20260604 18:26:25 @multi_evo_agent_runner.py:99] Evaluation time: 1.95 s.
[20260604 18:26:25 @multi_evo_agent_runner.py:105] Total time:     372.74 min
[20260604 18:26:26 @multi_evo_agent_runner.py:115] Agent_0 gets eval reward: 578.77.
[20260604 18:26:26 @multi_evo_agent_runner.py:116] Agent_0 gets win rate: 0.51.
[20260604 18:26:26 @multi_evo_agent_runner.py:115] Agent_1 gets eval reward: 154.23.
[20260604 18:26:26 @multi_evo_agent_runner.py:116] Agent_1 gets win rate: 0.37.
[20260604 18:26:26 @multi_evo_agent_runner.py:79] #------------------------ Iteration 309 --------------------------#
[20260604 18:26:39 @multi_evo_agent_runner.py:85] Sampling 50000 steps by 12 slaves, spending 13.00 s.
[20260604 18:27:32 @multi_evo_agent_runner.py:94] Policy update, spending: 53.75 s.
[20260604 18:27:34 @multi_evo_agent_runner.py:99] Evaluation time: 1.97 s.
[20260604 18:27:34 @multi_evo_agent_runner.py:105] Total time:     373.89 min
[20260604 18:27:34 @multi_evo_agent_runner.py:115] Agent_0 gets eval reward: 540.73.
[20260604 18:27:34 @multi_evo_agent_runner.py:116] Agent_0 gets win rate: 0.47.
[20260604 18:27:34 @multi_evo_agent_runner.py:115] Agent_1 gets eval reward: 43.81.
[20260604 18:27:34 @multi_evo_agent_runner.py:116] Agent_1 gets win rate: 0.38.
[20260604 18:27:35 @multi_evo_agent_runner.py:79] #------------------------ Iteration 310 --------------------------#
[20260604 18:27:48 @multi_evo_agent_runner.py:85] Sampling 50000 steps by 12 slaves, spending 13.55 s.
[20260604 18:28:33 @multi_evo_agent_runner.py:94] Policy update, spending: 44.76 s.
[20260604 18:28:35 @multi_evo_agent_runner.py:99] Evaluation time: 1.78 s.
[20260604 18:28:35 @multi_evo_agent_runner.py:105] Total time:     374.89 min
[20260604 18:28:35 @multi_evo_agent_runner.py:115] Agent_0 gets eval reward: 493.94.
[20260604 18:28:35 @multi_evo_agent_runner.py:116] Agent_0 gets win rate: 0.43.
[20260604 18:28:35 @multi_evo_agent_runner.py:115] Agent_1 gets eval reward: 385.44.
[20260604 18:28:35 @multi_evo_agent_runner.py:116] Agent_1 gets win rate: 0.53.
[20260604 18:28:35 @multi_evo_agent_runner.py:79] #------------------------ Iteration 311 --------------------------#
[20260604 18:28:48 @multi_evo_agent_runner.py:85] Sampling 50000 steps by 12 slaves, spending 13.37 s.
[20260604 18:29:38 @multi_evo_agent_runner.py:94] Policy update, spending: 49.75 s.
[20260604 18:29:40 @multi_evo_agent_runner.py:99] Evaluation time: 1.95 s.
[20260604 18:29:40 @multi_evo_agent_runner.py:105] Total time:     375.98 min
[20260604 18:29:40 @multi_evo_agent_runner.py:115] Agent_0 gets eval reward: 678.45.
[20260604 18:29:40 @multi_evo_agent_runner.py:116] Agent_0 gets win rate: 0.41.
[20260604 18:29:40 @multi_evo_agent_runner.py:115] Agent_1 gets eval reward: 490.98.
[20260604 18:29:40 @multi_evo_agent_runner.py:116] Agent_1 gets win rate: 0.37.
[20260604 18:29:40 @multi_evo_agent_runner.py:510] CRITICAL save best checkpoint with agent_0's rewards 678.45!
[20260604 18:29:40 @multi_evo_agent_runner.py:79] #------------------------ Iteration 312 --------------------------#
[20260604 18:29:54 @multi_evo_agent_runner.py:85] Sampling 50000 steps by 12 slaves, spending 13.49 s.
[20260604 18:30:44 @multi_evo_agent_runner.py:94] Policy update, spending: 50.51 s.
[20260604 18:30:46 @multi_evo_agent_runner.py:99] Evaluation time: 1.92 s.
[20260604 18:30:46 @multi_evo_agent_runner.py:105] Total time:     377.08 min
[20260604 18:30:46 @multi_evo_agent_runner.py:115] Agent_0 gets eval reward: 426.86.
[20260604 18:30:46 @multi_evo_agent_runner.py:116] Agent_0 gets win rate: 0.46.
[20260604 18:30:46 @multi_evo_agent_runner.py:115] Agent_1 gets eval reward: 344.33.
[20260604 18:30:46 @multi_evo_agent_runner.py:116] Agent_1 gets win rate: 0.51.
[20260604 18:30:46 @multi_evo_agent_runner.py:510] CRITICAL save best checkpoint with agent_0's rewards 426.86!
[20260604 18:30:46 @multi_evo_agent_runner.py:79] #------------------------ Iteration 313 --------------------------#
[20260604 18:30:59 @multi_evo_agent_runner.py:85] Sampling 50000 steps by 12 slaves, spending 12.90 s.
[20260604 18:31:46 @multi_evo_agent_runner.py:94] Policy update, spending: 46.98 s.
[20260604 18:31:48 @multi_evo_agent_runner.py:99] Evaluation time: 1.83 s.
[20260604 18:31:48 @multi_evo_agent_runner.py:105] Total time:     378.11 min
[20260604 18:31:48 @multi_evo_agent_runner.py:115] Agent_0 gets eval reward: 536.21.
[20260604 18:31:48 @multi_evo_agent_runner.py:116] Agent_0 gets win rate: 0.36.
[20260604 18:31:48 @multi_evo_agent_runner.py:115] Agent_1 gets eval reward: 461.27.
[20260604 18:31:48 @multi_evo_agent_runner.py:116] Agent_1 gets win rate: 0.51.
[20260604 18:31:48 @multi_evo_agent_runner.py:510] CRITICAL save best checkpoint with agent_0's rewards 536.21!
[20260604 18:31:48 @multi_evo_agent_runner.py:79] #------------------------ Iteration 314 --------------------------#
[20260604 18:32:01 @multi_evo_agent_runner.py:85] Sampling 50000 steps by 12 slaves, spending 12.41 s.
[20260604 18:32:48 @multi_evo_agent_runner.py:94] Policy update, spending: 47.08 s.
[20260604 18:32:50 @multi_evo_agent_runner.py:99] Evaluation time: 1.95 s.
[20260604 18:32:50 @multi_evo_agent_runner.py:105] Total time:     379.14 min
[20260604 18:32:50 @multi_evo_agent_runner.py:115] Agent_0 gets eval reward: 625.26.
[20260604 18:32:50 @multi_evo_agent_runner.py:116] Agent_0 gets win rate: 0.55.
[20260604 18:32:50 @multi_evo_agent_runner.py:115] Agent_1 gets eval reward: 227.94.
[20260604 18:32:50 @multi_evo_agent_runner.py:116] Agent_1 gets win rate: 0.35.
[20260604 18:32:50 @multi_evo_agent_runner.py:510] CRITICAL save best checkpoint with agent_0's rewards 625.26!
[20260604 18:32:50 @multi_evo_agent_runner.py:79] #------------------------ Iteration 315 --------------------------#
[20260604 18:33:03 @multi_evo_agent_runner.py:85] Sampling 50000 steps by 12 slaves, spending 13.70 s.
[20260604 18:33:55 @multi_evo_agent_runner.py:94] Policy update, spending: 51.14 s.
[20260604 18:33:57 @multi_evo_agent_runner.py:99] Evaluation time: 2.10 s.
[20260604 18:33:57 @multi_evo_agent_runner.py:105] Total time:     380.26 min
[20260604 18:33:57 @multi_evo_agent_runner.py:115] Agent_0 gets eval reward: 728.94.
[20260604 18:33:57 @multi_evo_agent_runner.py:116] Agent_0 gets win rate: 0.48.
[20260604 18:33:57 @multi_evo_agent_runner.py:115] Agent_1 gets eval reward: 304.71.
[20260604 18:33:57 @multi_evo_agent_runner.py:116] Agent_1 gets win rate: 0.39.
[20260604 18:33:57 @multi_evo_agent_runner.py:510] CRITICAL save best checkpoint with agent_0's rewards 728.94!
[20260604 18:33:57 @multi_evo_agent_runner.py:79] #------------------------ Iteration 316 --------------------------#
[20260604 18:34:14 @multi_evo_agent_runner.py:85] Sampling 50000 steps by 12 slaves, spending 17.50 s.
[20260604 18:35:02 @multi_evo_agent_runner.py:94] Policy update, spending: 47.64 s.
[20260604 18:35:05 @multi_evo_agent_runner.py:99] Evaluation time: 2.50 s.
[20260604 18:35:05 @multi_evo_agent_runner.py:105] Total time:     381.39 min
[20260604 18:35:05 @multi_evo_agent_runner.py:115] Agent_0 gets eval reward: 581.42.
[20260604 18:35:05 @multi_evo_agent_runner.py:116] Agent_0 gets win rate: 0.49.
[20260604 18:35:05 @multi_evo_agent_runner.py:115] Agent_1 gets eval reward: 95.86.
[20260604 18:35:05 @multi_evo_agent_runner.py:116] Agent_1 gets win rate: 0.29.
[20260604 18:35:05 @multi_evo_agent_runner.py:510] CRITICAL save best checkpoint with agent_0's rewards 581.42!
[20260604 18:35:05 @multi_evo_agent_runner.py:79] #------------------------ Iteration 317 --------------------------#
[20260604 18:35:25 @multi_evo_agent_runner.py:85] Sampling 50000 steps by 12 slaves, spending 19.90 s.
[20260604 18:36:37 @multi_evo_agent_runner.py:94] Policy update, spending: 72.11 s.
[20260604 18:36:40 @multi_evo_agent_runner.py:99] Evaluation time: 3.72 s.
[20260604 18:36:40 @multi_evo_agent_runner.py:105] Total time:     382.99 min
[20260604 18:36:41 @multi_evo_agent_runner.py:115] Agent_0 gets eval reward: 917.03.
[20260604 18:36:41 @multi_evo_agent_runner.py:116] Agent_0 gets win rate: 0.46.
[20260604 18:36:41 @multi_evo_agent_runner.py:115] Agent_1 gets eval reward: 307.60.
[20260604 18:36:41 @multi_evo_agent_runner.py:116] Agent_1 gets win rate: 0.41.
[20260604 18:36:41 @multi_evo_agent_runner.py:510] CRITICAL save best checkpoint with agent_0's rewards 917.03!
[20260604 18:36:41 @multi_evo_agent_runner.py:79] #------------------------ Iteration 318 --------------------------#
[20260604 18:36:56 @multi_evo_agent_runner.py:85] Sampling 50000 steps by 12 slaves, spending 15.00 s.
[20260604 18:37:54 @multi_evo_agent_runner.py:94] Policy update, spending: 58.01 s.
[20260604 18:37:58 @multi_evo_agent_runner.py:99] Evaluation time: 4.64 s.
[20260604 18:37:58 @multi_evo_agent_runner.py:105] Total time:     384.28 min
[20260604 18:37:58 @multi_evo_agent_runner.py:115] Agent_0 gets eval reward: 617.39.
[20260604 18:37:58 @multi_evo_agent_runner.py:116] Agent_0 gets win rate: 0.40.
[20260604 18:37:58 @multi_evo_agent_runner.py:115] Agent_1 gets eval reward: 430.51.
[20260604 18:37:58 @multi_evo_agent_runner.py:116] Agent_1 gets win rate: 0.45.
[20260604 18:37:59 @multi_evo_agent_runner.py:79] #------------------------ Iteration 319 --------------------------#
[20260604 18:38:12 @multi_evo_agent_runner.py:85] Sampling 50000 steps by 12 slaves, spending 13.24 s.
[20260604 18:39:02 @multi_evo_agent_runner.py:94] Policy update, spending: 50.03 s.
[20260604 18:39:04 @multi_evo_agent_runner.py:99] Evaluation time: 1.87 s.
[20260604 18:39:04 @multi_evo_agent_runner.py:105] Total time:     385.37 min
[20260604 18:39:04 @multi_evo_agent_runner.py:115] Agent_0 gets eval reward: 864.47.
[20260604 18:39:04 @multi_evo_agent_runner.py:116] Agent_0 gets win rate: 0.54.
[20260604 18:39:04 @multi_evo_agent_runner.py:115] Agent_1 gets eval reward: 26.56.
[20260604 18:39:04 @multi_evo_agent_runner.py:116] Agent_1 gets win rate: 0.23.
[20260604 18:39:04 @multi_evo_agent_runner.py:510] CRITICAL save best checkpoint with agent_0's rewards 864.47!
[20260604 18:39:04 @multi_evo_agent_runner.py:79] #------------------------ Iteration 320 --------------------------#
[20260604 18:39:18 @multi_evo_agent_runner.py:85] Sampling 50000 steps by 12 slaves, spending 13.89 s.
[20260604 18:40:07 @multi_evo_agent_runner.py:94] Policy update, spending: 49.16 s.
[20260604 18:40:09 @multi_evo_agent_runner.py:99] Evaluation time: 1.91 s.
[20260604 18:40:09 @multi_evo_agent_runner.py:105] Total time:     386.46 min
[20260604 18:40:09 @multi_evo_agent_runner.py:115] Agent_0 gets eval reward: 698.34.
[20260604 18:40:09 @multi_evo_agent_runner.py:116] Agent_0 gets win rate: 0.50.
[20260604 18:40:09 @multi_evo_agent_runner.py:115] Agent_1 gets eval reward: 160.18.
[20260604 18:40:09 @multi_evo_agent_runner.py:116] Agent_1 gets win rate: 0.21.
[20260604 18:40:09 @multi_evo_agent_runner.py:79] #------------------------ Iteration 321 --------------------------#
[20260604 18:40:21 @multi_evo_agent_runner.py:85] Sampling 50000 steps by 12 slaves, spending 12.30 s.
[20260604 18:41:10 @multi_evo_agent_runner.py:94] Policy update, spending: 48.32 s.
[20260604 18:41:12 @multi_evo_agent_runner.py:99] Evaluation time: 2.12 s.
[20260604 18:41:12 @multi_evo_agent_runner.py:105] Total time:     387.51 min
[20260604 18:41:12 @multi_evo_agent_runner.py:115] Agent_0 gets eval reward: 712.79.
[20260604 18:41:12 @multi_evo_agent_runner.py:116] Agent_0 gets win rate: 0.51.
[20260604 18:41:12 @multi_evo_agent_runner.py:115] Agent_1 gets eval reward: 19.95.
[20260604 18:41:12 @multi_evo_agent_runner.py:116] Agent_1 gets win rate: 0.33.
[20260604 18:41:12 @multi_evo_agent_runner.py:79] #------------------------ Iteration 322 --------------------------#
[20260604 18:41:26 @multi_evo_agent_runner.py:85] Sampling 50000 steps by 12 slaves, spending 13.66 s.
[20260604 18:42:15 @multi_evo_agent_runner.py:94] Policy update, spending: 49.91 s.
[20260604 18:42:18 @multi_evo_agent_runner.py:99] Evaluation time: 2.03 s.
[20260604 18:42:18 @multi_evo_agent_runner.py:105] Total time:     388.60 min
[20260604 18:42:18 @multi_evo_agent_runner.py:115] Agent_0 gets eval reward: 486.21.
[20260604 18:42:18 @multi_evo_agent_runner.py:116] Agent_0 gets win rate: 0.43.
[20260604 18:42:18 @multi_evo_agent_runner.py:115] Agent_1 gets eval reward: 331.52.
[20260604 18:42:18 @multi_evo_agent_runner.py:116] Agent_1 gets win rate: 0.49.
[20260604 18:42:18 @multi_evo_agent_runner.py:79] #------------------------ Iteration 323 --------------------------#
[20260604 18:42:31 @multi_evo_agent_runner.py:85] Sampling 50000 steps by 12 slaves, spending 12.84 s.
[20260604 18:43:20 @multi_evo_agent_runner.py:94] Policy update, spending: 49.22 s.
[20260604 18:43:22 @multi_evo_agent_runner.py:99] Evaluation time: 1.79 s.
[20260604 18:43:22 @multi_evo_agent_runner.py:105] Total time:     389.67 min
[20260604 18:43:22 @multi_evo_agent_runner.py:115] Agent_0 gets eval reward: 548.79.
[20260604 18:43:22 @multi_evo_agent_runner.py:116] Agent_0 gets win rate: 0.36.
[20260604 18:43:22 @multi_evo_agent_runner.py:115] Agent_1 gets eval reward: 428.80.
[20260604 18:43:22 @multi_evo_agent_runner.py:116] Agent_1 gets win rate: 0.47.
[20260604 18:43:22 @multi_evo_agent_runner.py:79] #------------------------ Iteration 324 --------------------------#
[20260604 18:43:35 @multi_evo_agent_runner.py:85] Sampling 50000 steps by 12 slaves, spending 13.44 s.
[20260604 18:44:36 @multi_evo_agent_runner.py:94] Policy update, spending: 60.98 s.
[20260604 18:44:38 @multi_evo_agent_runner.py:99] Evaluation time: 2.11 s.
[20260604 18:44:38 @multi_evo_agent_runner.py:105] Total time:     390.95 min
[20260604 18:44:38 @multi_evo_agent_runner.py:115] Agent_0 gets eval reward: -39.12.
[20260604 18:44:38 @multi_evo_agent_runner.py:116] Agent_0 gets win rate: 0.32.
[20260604 18:44:38 @multi_evo_agent_runner.py:115] Agent_1 gets eval reward: 581.00.
[20260604 18:44:38 @multi_evo_agent_runner.py:116] Agent_1 gets win rate: 0.50.
[20260604 18:44:38 @multi_evo_agent_runner.py:510] CRITICAL save best checkpoint with agent_1's rewards 581.00!
[20260604 18:44:38 @multi_evo_agent_runner.py:79] #------------------------ Iteration 325 --------------------------#
[20260604 18:44:51 @multi_evo_agent_runner.py:85] Sampling 50000 steps by 12 slaves, spending 12.63 s.
[20260604 18:45:37 @multi_evo_agent_runner.py:94] Policy update, spending: 46.27 s.
[20260604 18:45:39 @multi_evo_agent_runner.py:99] Evaluation time: 1.97 s.
[20260604 18:45:39 @multi_evo_agent_runner.py:105] Total time:     391.97 min
[20260604 18:45:39 @multi_evo_agent_runner.py:115] Agent_0 gets eval reward: 739.77.
[20260604 18:45:39 @multi_evo_agent_runner.py:116] Agent_0 gets win rate: 0.64.
[20260604 18:45:39 @multi_evo_agent_runner.py:115] Agent_1 gets eval reward: 11.61.
[20260604 18:45:39 @multi_evo_agent_runner.py:116] Agent_1 gets win rate: 0.23.
[20260604 18:45:39 @multi_evo_agent_runner.py:510] CRITICAL save best checkpoint with agent_0's rewards 739.77!
[20260604 18:45:40 @multi_evo_agent_runner.py:79] #------------------------ Iteration 326 --------------------------#
[20260604 18:45:53 @multi_evo_agent_runner.py:85] Sampling 50000 steps by 12 slaves, spending 13.52 s.
[20260604 18:46:40 @multi_evo_agent_runner.py:94] Policy update, spending: 47.25 s.
[20260604 18:46:42 @multi_evo_agent_runner.py:99] Evaluation time: 2.10 s.
[20260604 18:46:42 @multi_evo_agent_runner.py:105] Total time:     393.02 min
[20260604 18:46:42 @multi_evo_agent_runner.py:115] Agent_0 gets eval reward: 715.90.
[20260604 18:46:42 @multi_evo_agent_runner.py:116] Agent_0 gets win rate: 0.50.
[20260604 18:46:42 @multi_evo_agent_runner.py:115] Agent_1 gets eval reward: 402.07.
[20260604 18:46:42 @multi_evo_agent_runner.py:116] Agent_1 gets win rate: 0.35.
[20260604 18:46:43 @multi_evo_agent_runner.py:79] #------------------------ Iteration 327 --------------------------#
[20260604 18:46:56 @multi_evo_agent_runner.py:85] Sampling 50000 steps by 12 slaves, spending 13.83 s.
[20260604 18:47:52 @multi_evo_agent_runner.py:94] Policy update, spending: 55.24 s.
[20260604 18:47:54 @multi_evo_agent_runner.py:99] Evaluation time: 2.10 s.
[20260604 18:47:54 @multi_evo_agent_runner.py:105] Total time:     394.21 min
[20260604 18:47:54 @multi_evo_agent_runner.py:115] Agent_0 gets eval reward: 808.06.
[20260604 18:47:54 @multi_evo_agent_runner.py:116] Agent_0 gets win rate: 0.64.
[20260604 18:47:54 @multi_evo_agent_runner.py:115] Agent_1 gets eval reward: 151.09.
[20260604 18:47:54 @multi_evo_agent_runner.py:116] Agent_1 gets win rate: 0.20.
[20260604 18:47:54 @multi_evo_agent_runner.py:510] CRITICAL save best checkpoint with agent_0's rewards 808.06!
[20260604 18:47:54 @multi_evo_agent_runner.py:79] #------------------------ Iteration 328 --------------------------#
[20260604 18:48:08 @multi_evo_agent_runner.py:85] Sampling 50000 steps by 12 slaves, spending 13.72 s.
[20260604 18:48:57 @multi_evo_agent_runner.py:94] Policy update, spending: 49.10 s.
[20260604 18:48:59 @multi_evo_agent_runner.py:99] Evaluation time: 1.95 s.
[20260604 18:48:59 @multi_evo_agent_runner.py:105] Total time:     395.29 min
[20260604 18:48:59 @multi_evo_agent_runner.py:115] Agent_0 gets eval reward: 368.16.
[20260604 18:48:59 @multi_evo_agent_runner.py:116] Agent_0 gets win rate: 0.46.
[20260604 18:48:59 @multi_evo_agent_runner.py:115] Agent_1 gets eval reward: 225.00.
[20260604 18:48:59 @multi_evo_agent_runner.py:116] Agent_1 gets win rate: 0.27.
[20260604 18:48:59 @multi_evo_agent_runner.py:79] #------------------------ Iteration 329 --------------------------#
[20260604 18:49:15 @multi_evo_agent_runner.py:85] Sampling 50000 steps by 12 slaves, spending 16.63 s.
[20260604 18:50:03 @multi_evo_agent_runner.py:94] Policy update, spending: 47.34 s.
[20260604 18:50:05 @multi_evo_agent_runner.py:99] Evaluation time: 1.99 s.
[20260604 18:50:05 @multi_evo_agent_runner.py:105] Total time:     396.39 min
[20260604 18:50:05 @multi_evo_agent_runner.py:115] Agent_0 gets eval reward: 924.36.
[20260604 18:50:05 @multi_evo_agent_runner.py:116] Agent_0 gets win rate: 0.69.
[20260604 18:50:05 @multi_evo_agent_runner.py:115] Agent_1 gets eval reward: -123.57.
[20260604 18:50:05 @multi_evo_agent_runner.py:116] Agent_1 gets win rate: 0.24.
[20260604 18:50:05 @multi_evo_agent_runner.py:510] CRITICAL save best checkpoint with agent_0's rewards 924.36!
[20260604 18:50:05 @multi_evo_agent_runner.py:79] #------------------------ Iteration 330 --------------------------#
[20260604 18:50:23 @multi_evo_agent_runner.py:85] Sampling 50000 steps by 12 slaves, spending 17.59 s.
[20260604 18:51:10 @multi_evo_agent_runner.py:94] Policy update, spending: 46.94 s.
[20260604 18:51:12 @multi_evo_agent_runner.py:99] Evaluation time: 2.30 s.
[20260604 18:51:12 @multi_evo_agent_runner.py:105] Total time:     397.51 min
[20260604 18:51:12 @multi_evo_agent_runner.py:115] Agent_0 gets eval reward: 546.86.
[20260604 18:51:12 @multi_evo_agent_runner.py:116] Agent_0 gets win rate: 0.41.
[20260604 18:51:12 @multi_evo_agent_runner.py:115] Agent_1 gets eval reward: 217.41.
[20260604 18:51:12 @multi_evo_agent_runner.py:116] Agent_1 gets win rate: 0.36.
[20260604 18:51:12 @multi_evo_agent_runner.py:79] #------------------------ Iteration 331 --------------------------#
[20260604 18:51:31 @multi_evo_agent_runner.py:85] Sampling 50000 steps by 12 slaves, spending 19.22 s.
[20260604 18:52:17 @multi_evo_agent_runner.py:94] Policy update, spending: 45.71 s.
[20260604 18:52:19 @multi_evo_agent_runner.py:99] Evaluation time: 2.05 s.
[20260604 18:52:19 @multi_evo_agent_runner.py:105] Total time:     398.63 min
[20260604 18:52:19 @multi_evo_agent_runner.py:115] Agent_0 gets eval reward: 694.04.
[20260604 18:52:19 @multi_evo_agent_runner.py:116] Agent_0 gets win rate: 0.42.
[20260604 18:52:19 @multi_evo_agent_runner.py:115] Agent_1 gets eval reward: 335.44.
[20260604 18:52:19 @multi_evo_agent_runner.py:116] Agent_1 gets win rate: 0.42.
[20260604 18:52:19 @multi_evo_agent_runner.py:79] #------------------------ Iteration 332 --------------------------#
[20260604 18:52:39 @multi_evo_agent_runner.py:85] Sampling 50000 steps by 12 slaves, spending 19.76 s.
[20260604 18:53:39 @multi_evo_agent_runner.py:94] Policy update, spending: 60.15 s.
[20260604 18:53:43 @multi_evo_agent_runner.py:99] Evaluation time: 4.41 s.
[20260604 18:53:43 @multi_evo_agent_runner.py:105] Total time:     400.04 min
[20260604 18:53:44 @multi_evo_agent_runner.py:115] Agent_0 gets eval reward: 249.10.
[20260604 18:53:44 @multi_evo_agent_runner.py:116] Agent_0 gets win rate: 0.32.
[20260604 18:53:44 @multi_evo_agent_runner.py:115] Agent_1 gets eval reward: 584.91.
[20260604 18:53:44 @multi_evo_agent_runner.py:116] Agent_1 gets win rate: 0.35.
[20260604 18:53:44 @multi_evo_agent_runner.py:510] CRITICAL save best checkpoint with agent_1's rewards 584.91!
[20260604 18:53:44 @multi_evo_agent_runner.py:79] #------------------------ Iteration 333 --------------------------#
[20260604 18:54:01 @multi_evo_agent_runner.py:85] Sampling 50000 steps by 12 slaves, spending 17.09 s.
[20260604 18:54:48 @multi_evo_agent_runner.py:94] Policy update, spending: 46.69 s.
[20260604 18:54:51 @multi_evo_agent_runner.py:99] Evaluation time: 3.83 s.
[20260604 18:54:51 @multi_evo_agent_runner.py:105] Total time:     401.17 min
[20260604 18:54:51 @multi_evo_agent_runner.py:115] Agent_0 gets eval reward: 379.63.
[20260604 18:54:51 @multi_evo_agent_runner.py:116] Agent_0 gets win rate: 0.30.
[20260604 18:54:51 @multi_evo_agent_runner.py:115] Agent_1 gets eval reward: 688.36.
[20260604 18:54:51 @multi_evo_agent_runner.py:116] Agent_1 gets win rate: 0.53.
[20260604 18:54:52 @multi_evo_agent_runner.py:510] CRITICAL save best checkpoint with agent_1's rewards 688.36!
[20260604 18:54:52 @multi_evo_agent_runner.py:79] #------------------------ Iteration 334 --------------------------#
[20260604 18:55:06 @multi_evo_agent_runner.py:85] Sampling 50000 steps by 12 slaves, spending 14.48 s.
[20260604 18:55:54 @multi_evo_agent_runner.py:94] Policy update, spending: 47.51 s.
[20260604 18:55:56 @multi_evo_agent_runner.py:99] Evaluation time: 2.45 s.
[20260604 18:55:56 @multi_evo_agent_runner.py:105] Total time:     402.25 min
[20260604 18:55:56 @multi_evo_agent_runner.py:115] Agent_0 gets eval reward: 558.05.
[20260604 18:55:56 @multi_evo_agent_runner.py:116] Agent_0 gets win rate: 0.36.
[20260604 18:55:56 @multi_evo_agent_runner.py:115] Agent_1 gets eval reward: 431.70.
[20260604 18:55:56 @multi_evo_agent_runner.py:116] Agent_1 gets win rate: 0.33.
[20260604 18:55:56 @multi_evo_agent_runner.py:79] #------------------------ Iteration 335 --------------------------#
[20260604 18:56:10 @multi_evo_agent_runner.py:85] Sampling 50000 steps by 12 slaves, spending 13.53 s.
[20260604 18:57:01 @multi_evo_agent_runner.py:94] Policy update, spending: 51.18 s.
[20260604 18:57:03 @multi_evo_agent_runner.py:99] Evaluation time: 1.87 s.
[20260604 18:57:03 @multi_evo_agent_runner.py:105] Total time:     403.36 min
[20260604 18:57:03 @multi_evo_agent_runner.py:115] Agent_0 gets eval reward: 499.03.
[20260604 18:57:03 @multi_evo_agent_runner.py:116] Agent_0 gets win rate: 0.40.
[20260604 18:57:03 @multi_evo_agent_runner.py:115] Agent_1 gets eval reward: 425.39.
[20260604 18:57:03 @multi_evo_agent_runner.py:116] Agent_1 gets win rate: 0.38.
[20260604 18:57:03 @multi_evo_agent_runner.py:79] #------------------------ Iteration 336 --------------------------#
[20260604 18:57:15 @multi_evo_agent_runner.py:85] Sampling 50000 steps by 12 slaves, spending 12.08 s.
[20260604 18:58:04 @multi_evo_agent_runner.py:94] Policy update, spending: 48.69 s.
[20260604 18:58:06 @multi_evo_agent_runner.py:99] Evaluation time: 1.99 s.
[20260604 18:58:06 @multi_evo_agent_runner.py:105] Total time:     404.41 min
[20260604 18:58:06 @multi_evo_agent_runner.py:115] Agent_0 gets eval reward: 937.50.
[20260604 18:58:06 @multi_evo_agent_runner.py:116] Agent_0 gets win rate: 0.26.
[20260604 18:58:06 @multi_evo_agent_runner.py:115] Agent_1 gets eval reward: 700.22.
[20260604 18:58:06 @multi_evo_agent_runner.py:116] Agent_1 gets win rate: 0.40.
[20260604 18:58:06 @multi_evo_agent_runner.py:510] CRITICAL save best checkpoint with agent_0's rewards 937.50!
[20260604 18:58:06 @multi_evo_agent_runner.py:510] CRITICAL save best checkpoint with agent_1's rewards 700.22!
[20260604 18:58:06 @multi_evo_agent_runner.py:79] #------------------------ Iteration 337 --------------------------#
[20260604 18:58:18 @multi_evo_agent_runner.py:85] Sampling 50000 steps by 12 slaves, spending 11.98 s.
[20260604 18:59:06 @multi_evo_agent_runner.py:94] Policy update, spending: 47.97 s.
[20260604 18:59:08 @multi_evo_agent_runner.py:99] Evaluation time: 2.29 s.
[20260604 18:59:08 @multi_evo_agent_runner.py:105] Total time:     405.45 min
[20260604 18:59:08 @multi_evo_agent_runner.py:115] Agent_0 gets eval reward: 374.39.
[20260604 18:59:08 @multi_evo_agent_runner.py:116] Agent_0 gets win rate: 0.50.
[20260604 18:59:08 @multi_evo_agent_runner.py:115] Agent_1 gets eval reward: 201.63.
[20260604 18:59:08 @multi_evo_agent_runner.py:116] Agent_1 gets win rate: 0.41.
[20260604 18:59:08 @multi_evo_agent_runner.py:510] CRITICAL save best checkpoint with agent_0's rewards 374.39!
[20260604 18:59:08 @multi_evo_agent_runner.py:510] CRITICAL save best checkpoint with agent_1's rewards 201.63!
[20260604 18:59:08 @multi_evo_agent_runner.py:79] #------------------------ Iteration 338 --------------------------#
[20260604 18:59:22 @multi_evo_agent_runner.py:85] Sampling 50000 steps by 12 slaves, spending 14.13 s.
[20260604 19:00:12 @multi_evo_agent_runner.py:94] Policy update, spending: 49.96 s.
[20260604 19:00:15 @multi_evo_agent_runner.py:99] Evaluation time: 2.10 s.
[20260604 19:00:15 @multi_evo_agent_runner.py:105] Total time:     406.55 min
[20260604 19:00:15 @multi_evo_agent_runner.py:115] Agent_0 gets eval reward: 690.30.
[20260604 19:00:15 @multi_evo_agent_runner.py:116] Agent_0 gets win rate: 0.62.
[20260604 19:00:15 @multi_evo_agent_runner.py:115] Agent_1 gets eval reward: -123.14.
[20260604 19:00:15 @multi_evo_agent_runner.py:116] Agent_1 gets win rate: 0.28.
[20260604 19:00:15 @multi_evo_agent_runner.py:510] CRITICAL save best checkpoint with agent_0's rewards 690.30!
[20260604 19:00:15 @multi_evo_agent_runner.py:79] #------------------------ Iteration 339 --------------------------#
[20260604 19:00:29 @multi_evo_agent_runner.py:85] Sampling 50000 steps by 12 slaves, spending 14.45 s.
[20260604 19:01:35 @multi_evo_agent_runner.py:94] Policy update, spending: 65.41 s.
[20260604 19:01:37 @multi_evo_agent_runner.py:99] Evaluation time: 2.09 s.
[20260604 19:01:37 @multi_evo_agent_runner.py:105] Total time:     407.92 min
[20260604 19:01:37 @multi_evo_agent_runner.py:115] Agent_0 gets eval reward: 586.88.
[20260604 19:01:37 @multi_evo_agent_runner.py:116] Agent_0 gets win rate: 0.45.
[20260604 19:01:37 @multi_evo_agent_runner.py:115] Agent_1 gets eval reward: 238.30.
[20260604 19:01:37 @multi_evo_agent_runner.py:116] Agent_1 gets win rate: 0.36.
[20260604 19:01:37 @multi_evo_agent_runner.py:510] CRITICAL save best checkpoint with agent_1's rewards 238.30!
[20260604 19:01:37 @multi_evo_agent_runner.py:79] #------------------------ Iteration 340 --------------------------#
[20260604 19:01:50 @multi_evo_agent_runner.py:85] Sampling 50000 steps by 12 slaves, spending 13.32 s.
[20260604 19:02:40 @multi_evo_agent_runner.py:94] Policy update, spending: 49.80 s.
[20260604 19:02:42 @multi_evo_agent_runner.py:99] Evaluation time: 2.14 s.
[20260604 19:02:42 @multi_evo_agent_runner.py:105] Total time:     409.01 min
[20260604 19:02:42 @multi_evo_agent_runner.py:115] Agent_0 gets eval reward: 666.97.
[20260604 19:02:42 @multi_evo_agent_runner.py:116] Agent_0 gets win rate: 0.47.
[20260604 19:02:42 @multi_evo_agent_runner.py:115] Agent_1 gets eval reward: 62.65.
[20260604 19:02:42 @multi_evo_agent_runner.py:116] Agent_1 gets win rate: 0.25.
[20260604 19:02:42 @multi_evo_agent_runner.py:79] #------------------------ Iteration 341 --------------------------#
[20260604 19:02:56 @multi_evo_agent_runner.py:85] Sampling 50000 steps by 12 slaves, spending 13.91 s.
[20260604 19:03:47 @multi_evo_agent_runner.py:94] Policy update, spending: 50.94 s.
[20260604 19:03:49 @multi_evo_agent_runner.py:99] Evaluation time: 1.93 s.
[20260604 19:03:49 @multi_evo_agent_runner.py:105] Total time:     410.13 min
[20260604 19:03:49 @multi_evo_agent_runner.py:115] Agent_0 gets eval reward: 806.06.
[20260604 19:03:49 @multi_evo_agent_runner.py:116] Agent_0 gets win rate: 0.61.
[20260604 19:03:49 @multi_evo_agent_runner.py:115] Agent_1 gets eval reward: -53.16.
[20260604 19:03:49 @multi_evo_agent_runner.py:116] Agent_1 gets win rate: 0.24.
[20260604 19:03:49 @multi_evo_agent_runner.py:510] CRITICAL save best checkpoint with agent_0's rewards 806.06!
[20260604 19:03:49 @multi_evo_agent_runner.py:79] #------------------------ Iteration 342 --------------------------#
[20260604 19:04:03 @multi_evo_agent_runner.py:85] Sampling 50000 steps by 12 slaves, spending 14.02 s.
[20260604 19:04:52 @multi_evo_agent_runner.py:94] Policy update, spending: 48.80 s.
[20260604 19:04:54 @multi_evo_agent_runner.py:99] Evaluation time: 1.90 s.
[20260604 19:04:54 @multi_evo_agent_runner.py:105] Total time:     411.21 min
[20260604 19:04:54 @multi_evo_agent_runner.py:115] Agent_0 gets eval reward: 786.36.
[20260604 19:04:54 @multi_evo_agent_runner.py:116] Agent_0 gets win rate: 0.58.
[20260604 19:04:54 @multi_evo_agent_runner.py:115] Agent_1 gets eval reward: 109.55.
[20260604 19:04:54 @multi_evo_agent_runner.py:116] Agent_1 gets win rate: 0.23.
[20260604 19:04:54 @multi_evo_agent_runner.py:79] #------------------------ Iteration 343 --------------------------#
[20260604 19:05:11 @multi_evo_agent_runner.py:85] Sampling 50000 steps by 12 slaves, spending 16.32 s.
[20260604 19:05:57 @multi_evo_agent_runner.py:94] Policy update, spending: 46.71 s.
[20260604 19:06:00 @multi_evo_agent_runner.py:99] Evaluation time: 2.35 s.
[20260604 19:06:00 @multi_evo_agent_runner.py:105] Total time:     412.31 min
[20260604 19:06:00 @multi_evo_agent_runner.py:115] Agent_0 gets eval reward: 418.60.
[20260604 19:06:00 @multi_evo_agent_runner.py:116] Agent_0 gets win rate: 0.34.
[20260604 19:06:00 @multi_evo_agent_runner.py:115] Agent_1 gets eval reward: 605.31.
[20260604 19:06:00 @multi_evo_agent_runner.py:116] Agent_1 gets win rate: 0.41.
[20260604 19:06:00 @multi_evo_agent_runner.py:510] CRITICAL save best checkpoint with agent_1's rewards 605.31!
[20260604 19:06:00 @multi_evo_agent_runner.py:79] #------------------------ Iteration 344 --------------------------#
[20260604 19:06:18 @multi_evo_agent_runner.py:85] Sampling 50000 steps by 12 slaves, spending 18.35 s.
[20260604 19:07:05 @multi_evo_agent_runner.py:94] Policy update, spending: 46.75 s.
[20260604 19:07:07 @multi_evo_agent_runner.py:99] Evaluation time: 2.13 s.
[20260604 19:07:07 @multi_evo_agent_runner.py:105] Total time:     413.43 min
[20260604 19:07:07 @multi_evo_agent_runner.py:115] Agent_0 gets eval reward: 422.05.
[20260604 19:07:07 @multi_evo_agent_runner.py:116] Agent_0 gets win rate: 0.41.
[20260604 19:07:07 @multi_evo_agent_runner.py:115] Agent_1 gets eval reward: 533.42.
[20260604 19:07:07 @multi_evo_agent_runner.py:116] Agent_1 gets win rate: 0.48.
[20260604 19:07:07 @multi_evo_agent_runner.py:510] CRITICAL save best checkpoint with agent_1's rewards 533.42!
[20260604 19:07:07 @multi_evo_agent_runner.py:79] #------------------------ Iteration 345 --------------------------#
[20260604 19:07:28 @multi_evo_agent_runner.py:85] Sampling 50000 steps by 12 slaves, spending 20.22 s.
[20260604 19:08:49 @multi_evo_agent_runner.py:94] Policy update, spending: 81.64 s.
[20260604 19:08:53 @multi_evo_agent_runner.py:99] Evaluation time: 4.20 s.
[20260604 19:08:53 @multi_evo_agent_runner.py:105] Total time:     415.20 min
[20260604 19:08:54 @multi_evo_agent_runner.py:115] Agent_0 gets eval reward: 1008.77.
[20260604 19:08:54 @multi_evo_agent_runner.py:116] Agent_0 gets win rate: 0.46.
[20260604 19:08:54 @multi_evo_agent_runner.py:115] Agent_1 gets eval reward: 231.92.
[20260604 19:08:54 @multi_evo_agent_runner.py:116] Agent_1 gets win rate: 0.33.
[20260604 19:08:54 @multi_evo_agent_runner.py:510] CRITICAL save best checkpoint with agent_0's rewards 1008.77!
[20260604 19:08:54 @multi_evo_agent_runner.py:79] #------------------------ Iteration 346 --------------------------#
[20260604 19:09:10 @multi_evo_agent_runner.py:85] Sampling 50000 steps by 12 slaves, spending 16.61 s.
[20260604 19:09:58 @multi_evo_agent_runner.py:94] Policy update, spending: 47.51 s.
[20260604 19:10:00 @multi_evo_agent_runner.py:99] Evaluation time: 2.16 s.
[20260604 19:10:00 @multi_evo_agent_runner.py:105] Total time:     416.31 min
[20260604 19:10:00 @multi_evo_agent_runner.py:115] Agent_0 gets eval reward: 606.20.
[20260604 19:10:00 @multi_evo_agent_runner.py:116] Agent_0 gets win rate: 0.50.
[20260604 19:10:00 @multi_evo_agent_runner.py:115] Agent_1 gets eval reward: 47.08.
[20260604 19:10:00 @multi_evo_agent_runner.py:116] Agent_1 gets win rate: 0.28.
[20260604 19:10:00 @multi_evo_agent_runner.py:510] CRITICAL save best checkpoint with agent_0's rewards 606.20!
[20260604 19:10:00 @multi_evo_agent_runner.py:79] #------------------------ Iteration 347 --------------------------#
[20260604 19:10:14 @multi_evo_agent_runner.py:85] Sampling 50000 steps by 12 slaves, spending 13.76 s.
[20260604 19:11:04 @multi_evo_agent_runner.py:94] Policy update, spending: 50.35 s.
[20260604 19:11:06 @multi_evo_agent_runner.py:99] Evaluation time: 2.12 s.
[20260604 19:11:06 @multi_evo_agent_runner.py:105] Total time:     417.42 min
[20260604 19:11:06 @multi_evo_agent_runner.py:115] Agent_0 gets eval reward: 584.35.
[20260604 19:11:06 @multi_evo_agent_runner.py:116] Agent_0 gets win rate: 0.27.
[20260604 19:11:06 @multi_evo_agent_runner.py:115] Agent_1 gets eval reward: 371.19.
[20260604 19:11:06 @multi_evo_agent_runner.py:116] Agent_1 gets win rate: 0.39.
[20260604 19:11:07 @multi_evo_agent_runner.py:79] #------------------------ Iteration 348 --------------------------#
[20260604 19:11:19 @multi_evo_agent_runner.py:85] Sampling 50000 steps by 12 slaves, spending 12.57 s.
[20260604 19:12:08 @multi_evo_agent_runner.py:94] Policy update, spending: 48.75 s.
[20260604 19:12:10 @multi_evo_agent_runner.py:99] Evaluation time: 2.02 s.
[20260604 19:12:10 @multi_evo_agent_runner.py:105] Total time:     418.48 min
[20260604 19:12:10 @multi_evo_agent_runner.py:115] Agent_0 gets eval reward: 863.13.
[20260604 19:12:10 @multi_evo_agent_runner.py:116] Agent_0 gets win rate: 0.64.
[20260604 19:12:10 @multi_evo_agent_runner.py:115] Agent_1 gets eval reward: 179.66.
[20260604 19:12:10 @multi_evo_agent_runner.py:116] Agent_1 gets win rate: 0.22.
[20260604 19:12:10 @multi_evo_agent_runner.py:510] CRITICAL save best checkpoint with agent_0's rewards 863.13!
[20260604 19:12:10 @multi_evo_agent_runner.py:79] #------------------------ Iteration 349 --------------------------#
[20260604 19:12:23 @multi_evo_agent_runner.py:85] Sampling 50000 steps by 12 slaves, spending 12.65 s.
[20260604 19:13:14 @multi_evo_agent_runner.py:94] Policy update, spending: 51.54 s.
[20260604 19:13:16 @multi_evo_agent_runner.py:99] Evaluation time: 1.95 s.
[20260604 19:13:16 @multi_evo_agent_runner.py:105] Total time:     419.58 min
[20260604 19:13:16 @multi_evo_agent_runner.py:115] Agent_0 gets eval reward: 251.66.
[20260604 19:13:16 @multi_evo_agent_runner.py:116] Agent_0 gets win rate: 0.32.
[20260604 19:13:16 @multi_evo_agent_runner.py:115] Agent_1 gets eval reward: 551.33.
[20260604 19:13:16 @multi_evo_agent_runner.py:116] Agent_1 gets win rate: 0.55.
[20260604 19:13:16 @multi_evo_agent_runner.py:510] CRITICAL save best checkpoint with agent_1's rewards 551.33!
[20260604 19:13:16 @multi_evo_agent_runner.py:79] #------------------------ Iteration 350 --------------------------#
[20260604 19:13:30 @multi_evo_agent_runner.py:85] Sampling 50000 steps by 12 slaves, spending 13.81 s.
[20260604 19:14:22 @multi_evo_agent_runner.py:94] Policy update, spending: 51.56 s.
[20260604 19:14:24 @multi_evo_agent_runner.py:99] Evaluation time: 2.06 s.
[20260604 19:14:24 @multi_evo_agent_runner.py:105] Total time:     420.71 min
[20260604 19:14:24 @multi_evo_agent_runner.py:115] Agent_0 gets eval reward: 884.94.
[20260604 19:14:24 @multi_evo_agent_runner.py:116] Agent_0 gets win rate: 0.51.
[20260604 19:14:24 @multi_evo_agent_runner.py:115] Agent_1 gets eval reward: 136.70.
[20260604 19:14:24 @multi_evo_agent_runner.py:116] Agent_1 gets win rate: 0.23.
[20260604 19:14:24 @multi_evo_agent_runner.py:510] CRITICAL save best checkpoint with agent_0's rewards 884.94!
[20260604 19:14:24 @multi_evo_agent_runner.py:79] #------------------------ Iteration 351 --------------------------#
[20260604 19:14:38 @multi_evo_agent_runner.py:85] Sampling 50000 steps by 12 slaves, spending 13.93 s.
[20260604 19:15:31 @multi_evo_agent_runner.py:94] Policy update, spending: 53.53 s.
[20260604 19:15:33 @multi_evo_agent_runner.py:99] Evaluation time: 1.98 s.
[20260604 19:15:33 @multi_evo_agent_runner.py:105] Total time:     421.87 min
[20260604 19:15:34 @multi_evo_agent_runner.py:115] Agent_0 gets eval reward: 659.86.
[20260604 19:15:34 @multi_evo_agent_runner.py:116] Agent_0 gets win rate: 0.59.
[20260604 19:15:34 @multi_evo_agent_runner.py:115] Agent_1 gets eval reward: 43.06.
[20260604 19:15:34 @multi_evo_agent_runner.py:116] Agent_1 gets win rate: 0.33.
[20260604 19:15:34 @multi_evo_agent_runner.py:510] CRITICAL save best checkpoint with agent_0's rewards 659.86!
[20260604 19:15:34 @multi_evo_agent_runner.py:79] #------------------------ Iteration 352 --------------------------#
[20260604 19:15:49 @multi_evo_agent_runner.py:85] Sampling 50000 steps by 12 slaves, spending 15.10 s.
[20260604 19:16:36 @multi_evo_agent_runner.py:94] Policy update, spending: 47.67 s.
[20260604 19:16:38 @multi_evo_agent_runner.py:99] Evaluation time: 1.89 s.
[20260604 19:16:38 @multi_evo_agent_runner.py:105] Total time:     422.95 min
[20260604 19:16:38 @multi_evo_agent_runner.py:115] Agent_0 gets eval reward: 613.27.
[20260604 19:16:38 @multi_evo_agent_runner.py:116] Agent_0 gets win rate: 0.45.
[20260604 19:16:38 @multi_evo_agent_runner.py:115] Agent_1 gets eval reward: 503.73.
[20260604 19:16:38 @multi_evo_agent_runner.py:116] Agent_1 gets win rate: 0.34.
[20260604 19:16:38 @multi_evo_agent_runner.py:79] #------------------------ Iteration 353 --------------------------#
[20260604 19:16:51 @multi_evo_agent_runner.py:85] Sampling 50000 steps by 12 slaves, spending 12.17 s.
[20260604 19:17:36 @multi_evo_agent_runner.py:94] Policy update, spending: 45.47 s.
[20260604 19:17:38 @multi_evo_agent_runner.py:99] Evaluation time: 2.36 s.
[20260604 19:17:38 @multi_evo_agent_runner.py:105] Total time:     423.95 min
[20260604 19:17:39 @multi_evo_agent_runner.py:115] Agent_0 gets eval reward: 505.99.
[20260604 19:17:39 @multi_evo_agent_runner.py:116] Agent_0 gets win rate: 0.43.
[20260604 19:17:39 @multi_evo_agent_runner.py:115] Agent_1 gets eval reward: 311.13.
[20260604 19:17:39 @multi_evo_agent_runner.py:116] Agent_1 gets win rate: 0.33.
[20260604 19:17:39 @multi_evo_agent_runner.py:79] #------------------------ Iteration 354 --------------------------#
[20260604 19:17:52 @multi_evo_agent_runner.py:85] Sampling 50000 steps by 12 slaves, spending 13.58 s.
[20260604 19:18:46 @multi_evo_agent_runner.py:94] Policy update, spending: 53.48 s.
[20260604 19:18:48 @multi_evo_agent_runner.py:99] Evaluation time: 2.02 s.
[20260604 19:18:48 @multi_evo_agent_runner.py:105] Total time:     425.11 min
[20260604 19:18:48 @multi_evo_agent_runner.py:115] Agent_0 gets eval reward: 652.77.
[20260604 19:18:48 @multi_evo_agent_runner.py:116] Agent_0 gets win rate: 0.51.
[20260604 19:18:48 @multi_evo_agent_runner.py:115] Agent_1 gets eval reward: 302.24.
[20260604 19:18:48 @multi_evo_agent_runner.py:116] Agent_1 gets win rate: 0.30.
[20260604 19:18:48 @multi_evo_agent_runner.py:79] #------------------------ Iteration 355 --------------------------#
[20260604 19:19:02 @multi_evo_agent_runner.py:85] Sampling 50000 steps by 12 slaves, spending 13.91 s.
[20260604 19:19:52 @multi_evo_agent_runner.py:94] Policy update, spending: 50.05 s.
[20260604 19:19:54 @multi_evo_agent_runner.py:99] Evaluation time: 1.85 s.
[20260604 19:19:54 @multi_evo_agent_runner.py:105] Total time:     426.21 min
[20260604 19:19:54 @multi_evo_agent_runner.py:115] Agent_0 gets eval reward: 355.95.
[20260604 19:19:54 @multi_evo_agent_runner.py:116] Agent_0 gets win rate: 0.40.
[20260604 19:19:54 @multi_evo_agent_runner.py:115] Agent_1 gets eval reward: 359.53.
[20260604 19:19:54 @multi_evo_agent_runner.py:116] Agent_1 gets win rate: 0.50.
[20260604 19:19:54 @multi_evo_agent_runner.py:79] #------------------------ Iteration 356 --------------------------#
[20260604 19:20:07 @multi_evo_agent_runner.py:85] Sampling 50000 steps by 12 slaves, spending 13.41 s.
[20260604 19:20:56 @multi_evo_agent_runner.py:94] Policy update, spending: 48.78 s.
[20260604 19:20:58 @multi_evo_agent_runner.py:99] Evaluation time: 1.86 s.
[20260604 19:20:58 @multi_evo_agent_runner.py:105] Total time:     427.28 min
[20260604 19:20:58 @multi_evo_agent_runner.py:115] Agent_0 gets eval reward: 705.72.
[20260604 19:20:58 @multi_evo_agent_runner.py:116] Agent_0 gets win rate: 0.44.
[20260604 19:20:58 @multi_evo_agent_runner.py:115] Agent_1 gets eval reward: 41.08.
[20260604 19:20:58 @multi_evo_agent_runner.py:116] Agent_1 gets win rate: 0.32.
[20260604 19:20:58 @multi_evo_agent_runner.py:510] CRITICAL save best checkpoint with agent_0's rewards 705.72!
[20260604 19:20:58 @multi_evo_agent_runner.py:79] #------------------------ Iteration 357 --------------------------#
[20260604 19:21:15 @multi_evo_agent_runner.py:85] Sampling 50000 steps by 12 slaves, spending 16.40 s.
[20260604 19:22:01 @multi_evo_agent_runner.py:94] Policy update, spending: 46.62 s.
[20260604 19:22:03 @multi_evo_agent_runner.py:99] Evaluation time: 1.85 s.
[20260604 19:22:03 @multi_evo_agent_runner.py:105] Total time:     428.36 min
[20260604 19:22:03 @multi_evo_agent_runner.py:115] Agent_0 gets eval reward: 713.08.
[20260604 19:22:03 @multi_evo_agent_runner.py:116] Agent_0 gets win rate: 0.42.
[20260604 19:22:03 @multi_evo_agent_runner.py:115] Agent_1 gets eval reward: 177.19.
[20260604 19:22:03 @multi_evo_agent_runner.py:116] Agent_1 gets win rate: 0.33.
[20260604 19:22:03 @multi_evo_agent_runner.py:510] CRITICAL save best checkpoint with agent_0's rewards 713.08!
[20260604 19:22:03 @multi_evo_agent_runner.py:79] #------------------------ Iteration 358 --------------------------#
[20260604 19:22:24 @multi_evo_agent_runner.py:85] Sampling 50000 steps by 12 slaves, spending 20.74 s.
[20260604 19:23:30 @multi_evo_agent_runner.py:94] Policy update, spending: 65.97 s.
[20260604 19:23:34 @multi_evo_agent_runner.py:99] Evaluation time: 4.29 s.
[20260604 19:23:34 @multi_evo_agent_runner.py:105] Total time:     429.88 min
[20260604 19:23:35 @multi_evo_agent_runner.py:115] Agent_0 gets eval reward: 657.57.
[20260604 19:23:35 @multi_evo_agent_runner.py:116] Agent_0 gets win rate: 0.42.
[20260604 19:23:35 @multi_evo_agent_runner.py:115] Agent_1 gets eval reward: -29.33.
[20260604 19:23:35 @multi_evo_agent_runner.py:116] Agent_1 gets win rate: 0.29.
[20260604 19:23:35 @multi_evo_agent_runner.py:79] #------------------------ Iteration 359 --------------------------#
[20260604 19:23:53 @multi_evo_agent_runner.py:85] Sampling 50000 steps by 12 slaves, spending 17.78 s.
[20260604 19:24:39 @multi_evo_agent_runner.py:94] Policy update, spending: 46.36 s.
[20260604 19:24:42 @multi_evo_agent_runner.py:99] Evaluation time: 2.79 s.
[20260604 19:24:42 @multi_evo_agent_runner.py:105] Total time:     431.01 min
[20260604 19:24:42 @multi_evo_agent_runner.py:115] Agent_0 gets eval reward: 616.83.
[20260604 19:24:42 @multi_evo_agent_runner.py:116] Agent_0 gets win rate: 0.46.
[20260604 19:24:42 @multi_evo_agent_runner.py:115] Agent_1 gets eval reward: 245.25.
[20260604 19:24:42 @multi_evo_agent_runner.py:116] Agent_1 gets win rate: 0.35.
[20260604 19:24:42 @multi_evo_agent_runner.py:510] CRITICAL save best checkpoint with agent_0's rewards 616.83!
[20260604 19:24:42 @multi_evo_agent_runner.py:79] #------------------------ Iteration 360 --------------------------#
[20260604 19:24:54 @multi_evo_agent_runner.py:85] Sampling 50000 steps by 12 slaves, spending 12.48 s.
[20260604 19:25:44 @multi_evo_agent_runner.py:94] Policy update, spending: 50.02 s.
[20260604 19:25:46 @multi_evo_agent_runner.py:99] Evaluation time: 1.80 s.
[20260604 19:25:46 @multi_evo_agent_runner.py:105] Total time:     432.08 min
[20260604 19:25:46 @multi_evo_agent_runner.py:115] Agent_0 gets eval reward: 966.67.
[20260604 19:25:46 @multi_evo_agent_runner.py:116] Agent_0 gets win rate: 0.48.
[20260604 19:25:46 @multi_evo_agent_runner.py:115] Agent_1 gets eval reward: 421.43.
[20260604 19:25:46 @multi_evo_agent_runner.py:116] Agent_1 gets win rate: 0.15.
[20260604 19:25:46 @multi_evo_agent_runner.py:510] CRITICAL save best checkpoint with agent_0's rewards 966.67!
[20260604 19:25:46 @multi_evo_agent_runner.py:79] #------------------------ Iteration 361 --------------------------#
[20260604 19:25:59 @multi_evo_agent_runner.py:85] Sampling 50000 steps by 12 slaves, spending 12.68 s.
[20260604 19:26:48 @multi_evo_agent_runner.py:94] Policy update, spending: 48.40 s.
[20260604 19:26:50 @multi_evo_agent_runner.py:99] Evaluation time: 2.11 s.
[20260604 19:26:50 @multi_evo_agent_runner.py:105] Total time:     433.14 min
[20260604 19:26:50 @multi_evo_agent_runner.py:115] Agent_0 gets eval reward: 848.87.
[20260604 19:26:50 @multi_evo_agent_runner.py:116] Agent_0 gets win rate: 0.53.
[20260604 19:26:50 @multi_evo_agent_runner.py:115] Agent_1 gets eval reward: 400.15.
[20260604 19:26:50 @multi_evo_agent_runner.py:116] Agent_1 gets win rate: 0.23.
[20260604 19:26:50 @multi_evo_agent_runner.py:510] CRITICAL save best checkpoint with agent_0's rewards 848.87!
[20260604 19:26:50 @multi_evo_agent_runner.py:79] #------------------------ Iteration 362 --------------------------#
[20260604 19:27:03 @multi_evo_agent_runner.py:85] Sampling 50000 steps by 12 slaves, spending 12.98 s.
[20260604 19:27:54 @multi_evo_agent_runner.py:94] Policy update, spending: 50.72 s.
[20260604 19:27:55 @multi_evo_agent_runner.py:99] Evaluation time: 1.75 s.
[20260604 19:27:55 @multi_evo_agent_runner.py:105] Total time:     434.23 min
[20260604 19:27:55 @multi_evo_agent_runner.py:115] Agent_0 gets eval reward: 540.26.
[20260604 19:27:55 @multi_evo_agent_runner.py:116] Agent_0 gets win rate: 0.44.
[20260604 19:27:55 @multi_evo_agent_runner.py:115] Agent_1 gets eval reward: 362.66.
[20260604 19:27:55 @multi_evo_agent_runner.py:116] Agent_1 gets win rate: 0.40.
[20260604 19:27:55 @multi_evo_agent_runner.py:79] #------------------------ Iteration 363 --------------------------#
[20260604 19:28:08 @multi_evo_agent_runner.py:85] Sampling 50000 steps by 12 slaves, spending 12.49 s.
[20260604 19:28:57 @multi_evo_agent_runner.py:94] Policy update, spending: 48.76 s.
[20260604 19:28:59 @multi_evo_agent_runner.py:99] Evaluation time: 2.21 s.
[20260604 19:28:59 @multi_evo_agent_runner.py:105] Total time:     435.29 min
[20260604 19:28:59 @multi_evo_agent_runner.py:115] Agent_0 gets eval reward: 307.84.
[20260604 19:28:59 @multi_evo_agent_runner.py:116] Agent_0 gets win rate: 0.32.
[20260604 19:28:59 @multi_evo_agent_runner.py:115] Agent_1 gets eval reward: 279.02.
[20260604 19:28:59 @multi_evo_agent_runner.py:116] Agent_1 gets win rate: 0.26.
[20260604 19:28:59 @multi_evo_agent_runner.py:79] #------------------------ Iteration 364 --------------------------#
[20260604 19:29:13 @multi_evo_agent_runner.py:85] Sampling 50000 steps by 12 slaves, spending 14.29 s.
[20260604 19:30:02 @multi_evo_agent_runner.py:94] Policy update, spending: 48.21 s.
[20260604 19:30:04 @multi_evo_agent_runner.py:99] Evaluation time: 2.05 s.
[20260604 19:30:04 @multi_evo_agent_runner.py:105] Total time:     436.37 min
[20260604 19:30:04 @multi_evo_agent_runner.py:115] Agent_0 gets eval reward: 57.29.
[20260604 19:30:04 @multi_evo_agent_runner.py:116] Agent_0 gets win rate: 0.24.
[20260604 19:30:04 @multi_evo_agent_runner.py:115] Agent_1 gets eval reward: 473.29.
[20260604 19:30:04 @multi_evo_agent_runner.py:116] Agent_1 gets win rate: 0.39.
[20260604 19:30:04 @multi_evo_agent_runner.py:79] #------------------------ Iteration 365 --------------------------#
[20260604 19:30:17 @multi_evo_agent_runner.py:85] Sampling 50000 steps by 12 slaves, spending 12.98 s.
[20260604 19:31:05 @multi_evo_agent_runner.py:94] Policy update, spending: 48.08 s.
[20260604 19:31:07 @multi_evo_agent_runner.py:99] Evaluation time: 1.87 s.
[20260604 19:31:07 @multi_evo_agent_runner.py:105] Total time:     437.42 min
[20260604 19:31:07 @multi_evo_agent_runner.py:115] Agent_0 gets eval reward: 211.21.
[20260604 19:31:07 @multi_evo_agent_runner.py:116] Agent_0 gets win rate: 0.38.
[20260604 19:31:07 @multi_evo_agent_runner.py:115] Agent_1 gets eval reward: 487.03.
[20260604 19:31:07 @multi_evo_agent_runner.py:116] Agent_1 gets win rate: 0.57.
[20260604 19:31:07 @multi_evo_agent_runner.py:510] CRITICAL save best checkpoint with agent_1's rewards 487.03!
[20260604 19:31:07 @multi_evo_agent_runner.py:79] #------------------------ Iteration 366 --------------------------#
[20260604 19:31:20 @multi_evo_agent_runner.py:85] Sampling 50000 steps by 12 slaves, spending 12.73 s.
[20260604 19:32:14 @multi_evo_agent_runner.py:94] Policy update, spending: 53.88 s.
[20260604 19:32:15 @multi_evo_agent_runner.py:99] Evaluation time: 1.89 s.
[20260604 19:32:15 @multi_evo_agent_runner.py:105] Total time:     438.57 min
[20260604 19:32:16 @multi_evo_agent_runner.py:115] Agent_0 gets eval reward: 289.77.
[20260604 19:32:16 @multi_evo_agent_runner.py:116] Agent_0 gets win rate: 0.38.
[20260604 19:32:16 @multi_evo_agent_runner.py:115] Agent_1 gets eval reward: 433.55.
[20260604 19:32:16 @multi_evo_agent_runner.py:116] Agent_1 gets win rate: 0.55.
[20260604 19:32:16 @multi_evo_agent_runner.py:79] #------------------------ Iteration 367 --------------------------#
[20260604 19:32:28 @multi_evo_agent_runner.py:85] Sampling 50000 steps by 12 slaves, spending 12.62 s.
[20260604 19:33:13 @multi_evo_agent_runner.py:94] Policy update, spending: 44.66 s.
[20260604 19:33:15 @multi_evo_agent_runner.py:99] Evaluation time: 2.00 s.
[20260604 19:33:15 @multi_evo_agent_runner.py:105] Total time:     439.56 min
[20260604 19:33:15 @multi_evo_agent_runner.py:115] Agent_0 gets eval reward: 1063.26.
[20260604 19:33:15 @multi_evo_agent_runner.py:116] Agent_0 gets win rate: 0.35.
[20260604 19:33:15 @multi_evo_agent_runner.py:115] Agent_1 gets eval reward: 374.35.
[20260604 19:33:15 @multi_evo_agent_runner.py:116] Agent_1 gets win rate: 0.26.
[20260604 19:33:15 @multi_evo_agent_runner.py:510] CRITICAL save best checkpoint with agent_0's rewards 1063.26!
[20260604 19:33:15 @multi_evo_agent_runner.py:79] #------------------------ Iteration 368 --------------------------#
[20260604 19:33:29 @multi_evo_agent_runner.py:85] Sampling 50000 steps by 12 slaves, spending 13.57 s.
[20260604 19:34:16 @multi_evo_agent_runner.py:94] Policy update, spending: 47.78 s.
[20260604 19:34:18 @multi_evo_agent_runner.py:99] Evaluation time: 1.86 s.
[20260604 19:34:18 @multi_evo_agent_runner.py:105] Total time:     440.62 min
[20260604 19:34:18 @multi_evo_agent_runner.py:115] Agent_0 gets eval reward: 1225.31.
[20260604 19:34:18 @multi_evo_agent_runner.py:116] Agent_0 gets win rate: 0.53.
[20260604 19:34:18 @multi_evo_agent_runner.py:115] Agent_1 gets eval reward: 259.58.
[20260604 19:34:18 @multi_evo_agent_runner.py:116] Agent_1 gets win rate: 0.28.
[20260604 19:34:18 @multi_evo_agent_runner.py:510] CRITICAL save best checkpoint with agent_0's rewards 1225.31!
[20260604 19:34:18 @multi_evo_agent_runner.py:79] #------------------------ Iteration 369 --------------------------#
[20260604 19:34:32 @multi_evo_agent_runner.py:85] Sampling 50000 steps by 12 slaves, spending 13.15 s.
[20260604 19:35:25 @multi_evo_agent_runner.py:94] Policy update, spending: 53.73 s.
[20260604 19:35:27 @multi_evo_agent_runner.py:99] Evaluation time: 1.80 s.
[20260604 19:35:27 @multi_evo_agent_runner.py:105] Total time:     441.76 min
[20260604 19:35:27 @multi_evo_agent_runner.py:115] Agent_0 gets eval reward: 571.62.
[20260604 19:35:27 @multi_evo_agent_runner.py:116] Agent_0 gets win rate: 0.49.
[20260604 19:35:27 @multi_evo_agent_runner.py:115] Agent_1 gets eval reward: 209.80.
[20260604 19:35:27 @multi_evo_agent_runner.py:116] Agent_1 gets win rate: 0.40.
[20260604 19:35:27 @multi_evo_agent_runner.py:79] #------------------------ Iteration 370 --------------------------#
[20260604 19:35:41 @multi_evo_agent_runner.py:85] Sampling 50000 steps by 12 slaves, spending 13.52 s.
[20260604 19:36:29 @multi_evo_agent_runner.py:94] Policy update, spending: 48.26 s.
[20260604 19:36:31 @multi_evo_agent_runner.py:99] Evaluation time: 2.00 s.
[20260604 19:36:31 @multi_evo_agent_runner.py:105] Total time:     442.83 min
[20260604 19:36:31 @multi_evo_agent_runner.py:115] Agent_0 gets eval reward: 435.62.
[20260604 19:36:31 @multi_evo_agent_runner.py:116] Agent_0 gets win rate: 0.29.
[20260604 19:36:31 @multi_evo_agent_runner.py:115] Agent_1 gets eval reward: 787.96.
[20260604 19:36:31 @multi_evo_agent_runner.py:116] Agent_1 gets win rate: 0.50.
[20260604 19:36:31 @multi_evo_agent_runner.py:510] CRITICAL save best checkpoint with agent_1's rewards 787.96!
[20260604 19:36:31 @multi_evo_agent_runner.py:79] #------------------------ Iteration 371 --------------------------#
[20260604 19:36:44 @multi_evo_agent_runner.py:85] Sampling 50000 steps by 12 slaves, spending 12.31 s.
[20260604 19:37:32 @multi_evo_agent_runner.py:94] Policy update, spending: 48.68 s.
[20260604 19:37:34 @multi_evo_agent_runner.py:99] Evaluation time: 2.06 s.
[20260604 19:37:34 @multi_evo_agent_runner.py:105] Total time:     443.88 min
[20260604 19:37:34 @multi_evo_agent_runner.py:115] Agent_0 gets eval reward: 454.31.
[20260604 19:37:34 @multi_evo_agent_runner.py:116] Agent_0 gets win rate: 0.45.
[20260604 19:37:34 @multi_evo_agent_runner.py:115] Agent_1 gets eval reward: 138.82.
[20260604 19:37:34 @multi_evo_agent_runner.py:116] Agent_1 gets win rate: 0.31.
[20260604 19:37:34 @multi_evo_agent_runner.py:79] #------------------------ Iteration 372 --------------------------#
[20260604 19:37:51 @multi_evo_agent_runner.py:85] Sampling 50000 steps by 12 slaves, spending 16.86 s.
[20260604 19:38:38 @multi_evo_agent_runner.py:94] Policy update, spending: 46.14 s.
[20260604 19:38:39 @multi_evo_agent_runner.py:99] Evaluation time: 1.95 s.
[20260604 19:38:39 @multi_evo_agent_runner.py:105] Total time:     444.97 min
[20260604 19:38:40 @multi_evo_agent_runner.py:115] Agent_0 gets eval reward: 437.72.
[20260604 19:38:40 @multi_evo_agent_runner.py:116] Agent_0 gets win rate: 0.36.
[20260604 19:38:40 @multi_evo_agent_runner.py:115] Agent_1 gets eval reward: 505.82.
[20260604 19:38:40 @multi_evo_agent_runner.py:116] Agent_1 gets win rate: 0.48.
[20260604 19:38:40 @multi_evo_agent_runner.py:79] #------------------------ Iteration 373 --------------------------#
[20260604 19:38:58 @multi_evo_agent_runner.py:85] Sampling 50000 steps by 12 slaves, spending 18.01 s.
[20260604 19:39:45 @multi_evo_agent_runner.py:94] Policy update, spending: 47.12 s.
[20260604 19:39:47 @multi_evo_agent_runner.py:99] Evaluation time: 2.45 s.
[20260604 19:39:47 @multi_evo_agent_runner.py:105] Total time:     446.10 min
[20260604 19:39:47 @multi_evo_agent_runner.py:115] Agent_0 gets eval reward: 177.91.
[20260604 19:39:47 @multi_evo_agent_runner.py:116] Agent_0 gets win rate: 0.24.
[20260604 19:39:47 @multi_evo_agent_runner.py:115] Agent_1 gets eval reward: 626.07.
[20260604 19:39:47 @multi_evo_agent_runner.py:116] Agent_1 gets win rate: 0.50.
[20260604 19:39:47 @multi_evo_agent_runner.py:79] #------------------------ Iteration 374 --------------------------#
[20260604 19:40:08 @multi_evo_agent_runner.py:85] Sampling 50000 steps by 12 slaves, spending 20.24 s.
[20260604 19:41:18 @multi_evo_agent_runner.py:94] Policy update, spending: 70.40 s.
[20260604 19:41:22 @multi_evo_agent_runner.py:99] Evaluation time: 4.12 s.
[20260604 19:41:22 @multi_evo_agent_runner.py:105] Total time:     447.68 min
[20260604 19:41:22 @multi_evo_agent_runner.py:115] Agent_0 gets eval reward: 480.28.
[20260604 19:41:22 @multi_evo_agent_runner.py:116] Agent_0 gets win rate: 0.42.
[20260604 19:41:22 @multi_evo_agent_runner.py:115] Agent_1 gets eval reward: 67.67.
[20260604 19:41:22 @multi_evo_agent_runner.py:116] Agent_1 gets win rate: 0.40.
[20260604 19:41:23 @multi_evo_agent_runner.py:79] #------------------------ Iteration 375 --------------------------#
[20260604 19:41:38 @multi_evo_agent_runner.py:85] Sampling 50000 steps by 12 slaves, spending 15.40 s.
[20260604 19:42:28 @multi_evo_agent_runner.py:94] Policy update, spending: 49.95 s.
[20260604 19:42:30 @multi_evo_agent_runner.py:99] Evaluation time: 2.08 s.
[20260604 19:42:30 @multi_evo_agent_runner.py:105] Total time:     448.81 min
[20260604 19:42:30 @multi_evo_agent_runner.py:115] Agent_0 gets eval reward: 490.75.
[20260604 19:42:30 @multi_evo_agent_runner.py:116] Agent_0 gets win rate: 0.37.
[20260604 19:42:30 @multi_evo_agent_runner.py:115] Agent_1 gets eval reward: 151.65.
[20260604 19:42:30 @multi_evo_agent_runner.py:116] Agent_1 gets win rate: 0.37.
[20260604 19:42:30 @multi_evo_agent_runner.py:79] #------------------------ Iteration 376 --------------------------#
[20260604 19:42:43 @multi_evo_agent_runner.py:85] Sampling 50000 steps by 12 slaves, spending 13.25 s.
[20260604 19:43:31 @multi_evo_agent_runner.py:94] Policy update, spending: 47.99 s.
[20260604 19:43:33 @multi_evo_agent_runner.py:99] Evaluation time: 1.95 s.
[20260604 19:43:33 @multi_evo_agent_runner.py:105] Total time:     449.87 min
[20260604 19:43:33 @multi_evo_agent_runner.py:115] Agent_0 gets eval reward: 331.71.
[20260604 19:43:33 @multi_evo_agent_runner.py:116] Agent_0 gets win rate: 0.27.
[20260604 19:43:33 @multi_evo_agent_runner.py:115] Agent_1 gets eval reward: 709.38.
[20260604 19:43:33 @multi_evo_agent_runner.py:116] Agent_1 gets win rate: 0.62.
[20260604 19:43:33 @multi_evo_agent_runner.py:510] CRITICAL save best checkpoint with agent_1's rewards 709.38!
[20260604 19:43:34 @multi_evo_agent_runner.py:79] #------------------------ Iteration 377 --------------------------#
[20260604 19:43:46 @multi_evo_agent_runner.py:85] Sampling 50000 steps by 12 slaves, spending 12.86 s.
[20260604 19:44:34 @multi_evo_agent_runner.py:94] Policy update, spending: 48.06 s.
[20260604 19:44:36 @multi_evo_agent_runner.py:99] Evaluation time: 2.00 s.
[20260604 19:44:36 @multi_evo_agent_runner.py:105] Total time:     450.92 min
[20260604 19:44:37 @multi_evo_agent_runner.py:115] Agent_0 gets eval reward: -20.17.
[20260604 19:44:37 @multi_evo_agent_runner.py:116] Agent_0 gets win rate: 0.24.
[20260604 19:44:37 @multi_evo_agent_runner.py:115] Agent_1 gets eval reward: 288.98.
[20260604 19:44:37 @multi_evo_agent_runner.py:116] Agent_1 gets win rate: 0.45.
[20260604 19:44:37 @multi_evo_agent_runner.py:79] #------------------------ Iteration 378 --------------------------#
[20260604 19:44:50 @multi_evo_agent_runner.py:85] Sampling 50000 steps by 12 slaves, spending 13.24 s.
[20260604 19:45:42 @multi_evo_agent_runner.py:94] Policy update, spending: 51.69 s.
[20260604 19:45:43 @multi_evo_agent_runner.py:99] Evaluation time: 1.82 s.
[20260604 19:45:43 @multi_evo_agent_runner.py:105] Total time:     452.04 min
[20260604 19:45:44 @multi_evo_agent_runner.py:115] Agent_0 gets eval reward: 898.55.
[20260604 19:45:44 @multi_evo_agent_runner.py:116] Agent_0 gets win rate: 0.53.
[20260604 19:45:44 @multi_evo_agent_runner.py:115] Agent_1 gets eval reward: -172.45.
[20260604 19:45:44 @multi_evo_agent_runner.py:116] Agent_1 gets win rate: 0.22.
[20260604 19:45:44 @multi_evo_agent_runner.py:79] #------------------------ Iteration 379 --------------------------#
[20260604 19:45:57 @multi_evo_agent_runner.py:85] Sampling 50000 steps by 12 slaves, spending 13.03 s.
[20260604 19:46:48 @multi_evo_agent_runner.py:94] Policy update, spending: 51.76 s.
[20260604 19:46:50 @multi_evo_agent_runner.py:99] Evaluation time: 1.93 s.
[20260604 19:46:50 @multi_evo_agent_runner.py:105] Total time:     453.15 min
[20260604 19:46:50 @multi_evo_agent_runner.py:115] Agent_0 gets eval reward: 179.56.
[20260604 19:46:50 @multi_evo_agent_runner.py:116] Agent_0 gets win rate: 0.31.
[20260604 19:46:50 @multi_evo_agent_runner.py:115] Agent_1 gets eval reward: 520.39.
[20260604 19:46:50 @multi_evo_agent_runner.py:116] Agent_1 gets win rate: 0.08.
[20260604 19:46:50 @multi_evo_agent_runner.py:79] #------------------------ Iteration 380 --------------------------#
[20260604 19:47:03 @multi_evo_agent_runner.py:85] Sampling 50000 steps by 12 slaves, spending 12.34 s.
[20260604 19:47:58 @multi_evo_agent_runner.py:94] Policy update, spending: 55.16 s.
[20260604 19:48:00 @multi_evo_agent_runner.py:99] Evaluation time: 1.82 s.
[20260604 19:48:00 @multi_evo_agent_runner.py:105] Total time:     454.31 min
[20260604 19:48:00 @multi_evo_agent_runner.py:115] Agent_0 gets eval reward: 698.01.
[20260604 19:48:00 @multi_evo_agent_runner.py:116] Agent_0 gets win rate: 0.46.
[20260604 19:48:00 @multi_evo_agent_runner.py:115] Agent_1 gets eval reward: 173.62.
[20260604 19:48:00 @multi_evo_agent_runner.py:116] Agent_1 gets win rate: 0.32.
[20260604 19:48:00 @multi_evo_agent_runner.py:79] #------------------------ Iteration 381 --------------------------#
[20260604 19:48:14 @multi_evo_agent_runner.py:85] Sampling 50000 steps by 12 slaves, spending 13.54 s.
[20260604 19:48:59 @multi_evo_agent_runner.py:94] Policy update, spending: 45.71 s.
[20260604 19:49:01 @multi_evo_agent_runner.py:99] Evaluation time: 2.08 s.
[20260604 19:49:01 @multi_evo_agent_runner.py:105] Total time:     455.33 min
[20260604 19:49:01 @multi_evo_agent_runner.py:115] Agent_0 gets eval reward: 438.91.
[20260604 19:49:01 @multi_evo_agent_runner.py:116] Agent_0 gets win rate: 0.44.
[20260604 19:49:01 @multi_evo_agent_runner.py:115] Agent_1 gets eval reward: 35.31.
[20260604 19:49:01 @multi_evo_agent_runner.py:116] Agent_1 gets win rate: 0.33.
[20260604 19:49:01 @multi_evo_agent_runner.py:79] #------------------------ Iteration 382 --------------------------#
[20260604 19:49:15 @multi_evo_agent_runner.py:85] Sampling 50000 steps by 12 slaves, spending 13.43 s.
[20260604 19:50:02 @multi_evo_agent_runner.py:94] Policy update, spending: 46.98 s.
[20260604 19:50:04 @multi_evo_agent_runner.py:99] Evaluation time: 2.07 s.
[20260604 19:50:04 @multi_evo_agent_runner.py:105] Total time:     456.38 min
[20260604 19:50:04 @multi_evo_agent_runner.py:115] Agent_0 gets eval reward: 917.35.
[20260604 19:50:04 @multi_evo_agent_runner.py:116] Agent_0 gets win rate: 0.50.
[20260604 19:50:04 @multi_evo_agent_runner.py:115] Agent_1 gets eval reward: 99.96.
[20260604 19:50:04 @multi_evo_agent_runner.py:116] Agent_1 gets win rate: 0.24.
[20260604 19:50:04 @multi_evo_agent_runner.py:79] #------------------------ Iteration 383 --------------------------#
[20260604 19:50:17 @multi_evo_agent_runner.py:85] Sampling 50000 steps by 12 slaves, spending 12.89 s.
[20260604 19:51:21 @multi_evo_agent_runner.py:94] Policy update, spending: 64.22 s.
[20260604 19:51:23 @multi_evo_agent_runner.py:99] Evaluation time: 1.90 s.
[20260604 19:51:23 @multi_evo_agent_runner.py:105] Total time:     457.70 min
[20260604 19:51:23 @multi_evo_agent_runner.py:115] Agent_0 gets eval reward: 569.69.
[20260604 19:51:23 @multi_evo_agent_runner.py:116] Agent_0 gets win rate: 0.40.
[20260604 19:51:23 @multi_evo_agent_runner.py:115] Agent_1 gets eval reward: 329.66.
[20260604 19:51:23 @multi_evo_agent_runner.py:116] Agent_1 gets win rate: 0.42.
[20260604 19:51:23 @multi_evo_agent_runner.py:79] #------------------------ Iteration 384 --------------------------#
[20260604 19:51:36 @multi_evo_agent_runner.py:85] Sampling 50000 steps by 12 slaves, spending 13.01 s.
[20260604 19:52:26 @multi_evo_agent_runner.py:94] Policy update, spending: 49.40 s.
[20260604 19:52:28 @multi_evo_agent_runner.py:99] Evaluation time: 1.85 s.
[20260604 19:52:28 @multi_evo_agent_runner.py:105] Total time:     458.77 min
[20260604 19:52:28 @multi_evo_agent_runner.py:115] Agent_0 gets eval reward: 948.03.
[20260604 19:52:28 @multi_evo_agent_runner.py:116] Agent_0 gets win rate: 0.47.
[20260604 19:52:28 @multi_evo_agent_runner.py:115] Agent_1 gets eval reward: 206.64.
[20260604 19:52:28 @multi_evo_agent_runner.py:116] Agent_1 gets win rate: 0.26.
[20260604 19:52:28 @multi_evo_agent_runner.py:79] #------------------------ Iteration 385 --------------------------#
[20260604 19:52:41 @multi_evo_agent_runner.py:85] Sampling 50000 steps by 12 slaves, spending 12.99 s.
[20260604 19:53:29 @multi_evo_agent_runner.py:94] Policy update, spending: 47.92 s.
[20260604 19:53:31 @multi_evo_agent_runner.py:99] Evaluation time: 1.87 s.
[20260604 19:53:31 @multi_evo_agent_runner.py:105] Total time:     459.82 min
[20260604 19:53:31 @multi_evo_agent_runner.py:115] Agent_0 gets eval reward: 341.60.
[20260604 19:53:31 @multi_evo_agent_runner.py:116] Agent_0 gets win rate: 0.40.
[20260604 19:53:31 @multi_evo_agent_runner.py:115] Agent_1 gets eval reward: 380.65.
[20260604 19:53:31 @multi_evo_agent_runner.py:116] Agent_1 gets win rate: 0.47.
[20260604 19:53:31 @multi_evo_agent_runner.py:79] #------------------------ Iteration 386 --------------------------#
[20260604 19:53:43 @multi_evo_agent_runner.py:85] Sampling 50000 steps by 12 slaves, spending 12.39 s.
[20260604 19:54:32 @multi_evo_agent_runner.py:94] Policy update, spending: 48.47 s.
[20260604 19:54:33 @multi_evo_agent_runner.py:99] Evaluation time: 1.79 s.
[20260604 19:54:33 @multi_evo_agent_runner.py:105] Total time:     460.87 min
[20260604 19:54:33 @multi_evo_agent_runner.py:115] Agent_0 gets eval reward: 807.62.
[20260604 19:54:33 @multi_evo_agent_runner.py:116] Agent_0 gets win rate: 0.56.
[20260604 19:54:33 @multi_evo_agent_runner.py:115] Agent_1 gets eval reward: 69.80.
[20260604 19:54:33 @multi_evo_agent_runner.py:116] Agent_1 gets win rate: 0.30.
[20260604 19:54:34 @multi_evo_agent_runner.py:510] CRITICAL save best checkpoint with agent_0's rewards 807.62!
[20260604 19:54:34 @multi_evo_agent_runner.py:79] #------------------------ Iteration 387 --------------------------#
[20260604 19:54:48 @multi_evo_agent_runner.py:85] Sampling 50000 steps by 12 slaves, spending 14.10 s.
[20260604 19:55:35 @multi_evo_agent_runner.py:94] Policy update, spending: 47.22 s.
[20260604 19:55:37 @multi_evo_agent_runner.py:99] Evaluation time: 2.15 s.
[20260604 19:55:37 @multi_evo_agent_runner.py:105] Total time:     461.93 min
[20260604 19:55:37 @multi_evo_agent_runner.py:115] Agent_0 gets eval reward: 608.45.
[20260604 19:55:37 @multi_evo_agent_runner.py:116] Agent_0 gets win rate: 0.49.
[20260604 19:55:37 @multi_evo_agent_runner.py:115] Agent_1 gets eval reward: 228.07.
[20260604 19:55:37 @multi_evo_agent_runner.py:116] Agent_1 gets win rate: 0.35.
[20260604 19:55:37 @multi_evo_agent_runner.py:79] #------------------------ Iteration 388 --------------------------#
[20260604 19:55:53 @multi_evo_agent_runner.py:85] Sampling 50000 steps by 12 slaves, spending 15.92 s.
[20260604 19:56:40 @multi_evo_agent_runner.py:94] Policy update, spending: 46.90 s.
[20260604 19:56:42 @multi_evo_agent_runner.py:99] Evaluation time: 2.03 s.
[20260604 19:56:42 @multi_evo_agent_runner.py:105] Total time:     463.01 min
[20260604 19:56:42 @multi_evo_agent_runner.py:115] Agent_0 gets eval reward: 500.82.
[20260604 19:56:42 @multi_evo_agent_runner.py:116] Agent_0 gets win rate: 0.31.
[20260604 19:56:42 @multi_evo_agent_runner.py:115] Agent_1 gets eval reward: 485.85.
[20260604 19:56:42 @multi_evo_agent_runner.py:116] Agent_1 gets win rate: 0.45.
[20260604 19:56:42 @multi_evo_agent_runner.py:79] #------------------------ Iteration 389 --------------------------#
[20260604 19:57:00 @multi_evo_agent_runner.py:85] Sampling 50000 steps by 12 slaves, spending 17.33 s.
[20260604 19:57:47 @multi_evo_agent_runner.py:94] Policy update, spending: 46.97 s.
[20260604 19:57:49 @multi_evo_agent_runner.py:99] Evaluation time: 2.31 s.
[20260604 19:57:49 @multi_evo_agent_runner.py:105] Total time:     464.13 min
[20260604 19:57:49 @multi_evo_agent_runner.py:115] Agent_0 gets eval reward: 293.63.
[20260604 19:57:49 @multi_evo_agent_runner.py:116] Agent_0 gets win rate: 0.35.
[20260604 19:57:49 @multi_evo_agent_runner.py:115] Agent_1 gets eval reward: 404.65.
[20260604 19:57:49 @multi_evo_agent_runner.py:116] Agent_1 gets win rate: 0.47.
[20260604 19:57:49 @multi_evo_agent_runner.py:79] #------------------------ Iteration 390 --------------------------#
[20260604 19:58:09 @multi_evo_agent_runner.py:85] Sampling 50000 steps by 12 slaves, spending 19.71 s.
[20260604 19:59:14 @multi_evo_agent_runner.py:94] Policy update, spending: 65.09 s.
[20260604 19:59:18 @multi_evo_agent_runner.py:99] Evaluation time: 3.65 s.
[20260604 19:59:18 @multi_evo_agent_runner.py:105] Total time:     465.61 min
[20260604 19:59:18 @multi_evo_agent_runner.py:115] Agent_0 gets eval reward: 589.85.
[20260604 19:59:18 @multi_evo_agent_runner.py:116] Agent_0 gets win rate: 0.45.
[20260604 19:59:18 @multi_evo_agent_runner.py:115] Agent_1 gets eval reward: 92.38.
[20260604 19:59:18 @multi_evo_agent_runner.py:116] Agent_1 gets win rate: 0.29.
[20260604 19:59:18 @multi_evo_agent_runner.py:79] #------------------------ Iteration 391 --------------------------#
[20260604 19:59:37 @multi_evo_agent_runner.py:85] Sampling 50000 steps by 12 slaves, spending 18.93 s.
[20260604 20:00:25 @multi_evo_agent_runner.py:94] Policy update, spending: 48.71 s.
[20260604 20:00:28 @multi_evo_agent_runner.py:99] Evaluation time: 2.04 s.
[20260604 20:00:28 @multi_evo_agent_runner.py:105] Total time:     466.77 min
[20260604 20:00:28 @multi_evo_agent_runner.py:115] Agent_0 gets eval reward: 303.37.
[20260604 20:00:28 @multi_evo_agent_runner.py:116] Agent_0 gets win rate: 0.24.
[20260604 20:00:28 @multi_evo_agent_runner.py:115] Agent_1 gets eval reward: 252.52.
[20260604 20:00:28 @multi_evo_agent_runner.py:116] Agent_1 gets win rate: 0.28.
[20260604 20:00:28 @multi_evo_agent_runner.py:79] #------------------------ Iteration 392 --------------------------#
[20260604 20:00:41 @multi_evo_agent_runner.py:85] Sampling 50000 steps by 12 slaves, spending 13.78 s.
[20260604 20:01:32 @multi_evo_agent_runner.py:94] Policy update, spending: 50.74 s.
[20260604 20:01:34 @multi_evo_agent_runner.py:99] Evaluation time: 2.06 s.
[20260604 20:01:34 @multi_evo_agent_runner.py:105] Total time:     467.88 min
[20260604 20:01:34 @multi_evo_agent_runner.py:115] Agent_0 gets eval reward: 676.21.
[20260604 20:01:34 @multi_evo_agent_runner.py:116] Agent_0 gets win rate: 0.36.
[20260604 20:01:34 @multi_evo_agent_runner.py:115] Agent_1 gets eval reward: 372.60.
[20260604 20:01:34 @multi_evo_agent_runner.py:116] Agent_1 gets win rate: 0.45.
[20260604 20:01:34 @multi_evo_agent_runner.py:79] #------------------------ Iteration 393 --------------------------#
[20260604 20:01:48 @multi_evo_agent_runner.py:85] Sampling 50000 steps by 12 slaves, spending 13.13 s.
[20260604 20:02:37 @multi_evo_agent_runner.py:94] Policy update, spending: 49.22 s.
[20260604 20:02:39 @multi_evo_agent_runner.py:99] Evaluation time: 1.85 s.
[20260604 20:02:39 @multi_evo_agent_runner.py:105] Total time:     468.96 min
[20260604 20:02:39 @multi_evo_agent_runner.py:115] Agent_0 gets eval reward: 283.04.
[20260604 20:02:39 @multi_evo_agent_runner.py:116] Agent_0 gets win rate: 0.29.
[20260604 20:02:39 @multi_evo_agent_runner.py:115] Agent_1 gets eval reward: 642.80.
[20260604 20:02:39 @multi_evo_agent_runner.py:116] Agent_1 gets win rate: 0.60.
[20260604 20:02:39 @multi_evo_agent_runner.py:79] #------------------------ Iteration 394 --------------------------#
[20260604 20:02:51 @multi_evo_agent_runner.py:85] Sampling 50000 steps by 12 slaves, spending 12.43 s.
[20260604 20:03:44 @multi_evo_agent_runner.py:94] Policy update, spending: 52.80 s.
[20260604 20:03:46 @multi_evo_agent_runner.py:99] Evaluation time: 2.10 s.
[20260604 20:03:46 @multi_evo_agent_runner.py:105] Total time:     470.08 min
[20260604 20:03:46 @multi_evo_agent_runner.py:115] Agent_0 gets eval reward: 135.78.
[20260604 20:03:46 @multi_evo_agent_runner.py:116] Agent_0 gets win rate: 0.24.
[20260604 20:03:46 @multi_evo_agent_runner.py:115] Agent_1 gets eval reward: 330.94.
[20260604 20:03:46 @multi_evo_agent_runner.py:116] Agent_1 gets win rate: 0.45.
[20260604 20:03:46 @multi_evo_agent_runner.py:79] #------------------------ Iteration 395 --------------------------#
[20260604 20:04:00 @multi_evo_agent_runner.py:85] Sampling 50000 steps by 12 slaves, spending 13.63 s.
[20260604 20:04:50 @multi_evo_agent_runner.py:94] Policy update, spending: 50.38 s.
[20260604 20:04:53 @multi_evo_agent_runner.py:99] Evaluation time: 2.13 s.
[20260604 20:04:53 @multi_evo_agent_runner.py:105] Total time:     471.19 min
[20260604 20:04:53 @multi_evo_agent_runner.py:115] Agent_0 gets eval reward: 436.99.
[20260604 20:04:53 @multi_evo_agent_runner.py:116] Agent_0 gets win rate: 0.35.
[20260604 20:04:53 @multi_evo_agent_runner.py:115] Agent_1 gets eval reward: 506.22.
[20260604 20:04:53 @multi_evo_agent_runner.py:116] Agent_1 gets win rate: 0.43.
[20260604 20:04:53 @multi_evo_agent_runner.py:79] #------------------------ Iteration 396 --------------------------#
[20260604 20:05:05 @multi_evo_agent_runner.py:85] Sampling 50000 steps by 12 slaves, spending 12.18 s.
[20260604 20:05:55 @multi_evo_agent_runner.py:94] Policy update, spending: 50.37 s.
[20260604 20:05:57 @multi_evo_agent_runner.py:99] Evaluation time: 1.84 s.
[20260604 20:05:57 @multi_evo_agent_runner.py:105] Total time:     472.26 min
[20260604 20:05:57 @multi_evo_agent_runner.py:115] Agent_0 gets eval reward: 559.36.
[20260604 20:05:57 @multi_evo_agent_runner.py:116] Agent_0 gets win rate: 0.42.
[20260604 20:05:57 @multi_evo_agent_runner.py:115] Agent_1 gets eval reward: 70.37.
[20260604 20:05:57 @multi_evo_agent_runner.py:116] Agent_1 gets win rate: 0.32.
[20260604 20:05:57 @multi_evo_agent_runner.py:79] #------------------------ Iteration 397 --------------------------#
[20260604 20:06:09 @multi_evo_agent_runner.py:85] Sampling 50000 steps by 12 slaves, spending 12.02 s.
[20260604 20:07:02 @multi_evo_agent_runner.py:94] Policy update, spending: 52.54 s.
[20260604 20:07:04 @multi_evo_agent_runner.py:99] Evaluation time: 1.79 s.
[20260604 20:07:04 @multi_evo_agent_runner.py:105] Total time:     473.37 min
[20260604 20:07:04 @multi_evo_agent_runner.py:115] Agent_0 gets eval reward: 230.11.
[20260604 20:07:04 @multi_evo_agent_runner.py:116] Agent_0 gets win rate: 0.31.
[20260604 20:07:04 @multi_evo_agent_runner.py:115] Agent_1 gets eval reward: 543.43.
[20260604 20:07:04 @multi_evo_agent_runner.py:116] Agent_1 gets win rate: 0.51.
[20260604 20:07:04 @multi_evo_agent_runner.py:79] #------------------------ Iteration 398 --------------------------#
[20260604 20:07:16 @multi_evo_agent_runner.py:85] Sampling 50000 steps by 12 slaves, spending 12.61 s.
[20260604 20:08:03 @multi_evo_agent_runner.py:94] Policy update, spending: 46.23 s.
[20260604 20:08:04 @multi_evo_agent_runner.py:99] Evaluation time: 1.85 s.
[20260604 20:08:04 @multi_evo_agent_runner.py:105] Total time:     474.39 min
[20260604 20:08:05 @multi_evo_agent_runner.py:115] Agent_0 gets eval reward: 623.82.
[20260604 20:08:05 @multi_evo_agent_runner.py:116] Agent_0 gets win rate: 0.25.
[20260604 20:08:05 @multi_evo_agent_runner.py:115] Agent_1 gets eval reward: 555.37.
[20260604 20:08:05 @multi_evo_agent_runner.py:116] Agent_1 gets win rate: 0.22.
[20260604 20:08:05 @multi_evo_agent_runner.py:79] #------------------------ Iteration 399 --------------------------#
[20260604 20:08:19 @multi_evo_agent_runner.py:85] Sampling 50000 steps by 12 slaves, spending 13.82 s.
[20260604 20:09:03 @multi_evo_agent_runner.py:94] Policy update, spending: 44.61 s.
[20260604 20:09:05 @multi_evo_agent_runner.py:99] Evaluation time: 1.67 s.
[20260604 20:09:05 @multi_evo_agent_runner.py:105] Total time:     475.39 min
[20260604 20:09:05 @multi_evo_agent_runner.py:115] Agent_0 gets eval reward: 734.13.
[20260604 20:09:05 @multi_evo_agent_runner.py:116] Agent_0 gets win rate: 0.19.
[20260604 20:09:05 @multi_evo_agent_runner.py:115] Agent_1 gets eval reward: 522.95.
[20260604 20:09:05 @multi_evo_agent_runner.py:116] Agent_1 gets win rate: 0.22.
[20260604 20:09:05 @multi_evo_agent_runner.py:79] #------------------------ Iteration 400 --------------------------#
[20260604 20:09:19 @multi_evo_agent_runner.py:85] Sampling 50000 steps by 12 slaves, spending 13.73 s.
[20260604 20:10:08 @multi_evo_agent_runner.py:94] Policy update, spending: 49.74 s.
[20260604 20:10:10 @multi_evo_agent_runner.py:99] Evaluation time: 1.84 s.
[20260604 20:10:10 @multi_evo_agent_runner.py:105] Total time:     476.48 min
[20260604 20:10:10 @multi_evo_agent_runner.py:115] Agent_0 gets eval reward: 358.22.
[20260604 20:10:10 @multi_evo_agent_runner.py:116] Agent_0 gets win rate: 0.20.
[20260604 20:10:10 @multi_evo_agent_runner.py:115] Agent_1 gets eval reward: 575.27.
[20260604 20:10:10 @multi_evo_agent_runner.py:116] Agent_1 gets win rate: 0.40.
[20260604 20:10:10 @multi_evo_agent_runner.py:79] #------------------------ Iteration 401 --------------------------#
[20260604 20:10:25 @multi_evo_agent_runner.py:85] Sampling 50000 steps by 12 slaves, spending 14.36 s.
[20260604 20:11:13 @multi_evo_agent_runner.py:94] Policy update, spending: 48.12 s.
[20260604 20:11:15 @multi_evo_agent_runner.py:99] Evaluation time: 2.05 s.
[20260604 20:11:15 @multi_evo_agent_runner.py:105] Total time:     477.56 min
[20260604 20:11:15 @multi_evo_agent_runner.py:115] Agent_0 gets eval reward: 576.94.
[20260604 20:11:15 @multi_evo_agent_runner.py:116] Agent_0 gets win rate: 0.49.
[20260604 20:11:15 @multi_evo_agent_runner.py:115] Agent_1 gets eval reward: 22.75.
[20260604 20:11:15 @multi_evo_agent_runner.py:116] Agent_1 gets win rate: 0.43.
[20260604 20:11:15 @multi_evo_agent_runner.py:79] #------------------------ Iteration 402 --------------------------#
[20260604 20:11:28 @multi_evo_agent_runner.py:85] Sampling 50000 steps by 12 slaves, spending 13.19 s.
[20260604 20:12:18 @multi_evo_agent_runner.py:94] Policy update, spending: 49.85 s.
[20260604 20:12:20 @multi_evo_agent_runner.py:99] Evaluation time: 1.97 s.
[20260604 20:12:20 @multi_evo_agent_runner.py:105] Total time:     478.65 min
[20260604 20:12:20 @multi_evo_agent_runner.py:115] Agent_0 gets eval reward: 64.62.
[20260604 20:12:20 @multi_evo_agent_runner.py:116] Agent_0 gets win rate: 0.10.
[20260604 20:12:20 @multi_evo_agent_runner.py:115] Agent_1 gets eval reward: 875.71.
[20260604 20:12:20 @multi_evo_agent_runner.py:116] Agent_1 gets win rate: 0.64.
[20260604 20:12:20 @multi_evo_agent_runner.py:510] CRITICAL save best checkpoint with agent_1's rewards 875.71!
[20260604 20:12:20 @multi_evo_agent_runner.py:79] #------------------------ Iteration 403 --------------------------#
[20260604 20:12:38 @multi_evo_agent_runner.py:85] Sampling 50000 steps by 12 slaves, spending 17.62 s.
[20260604 20:13:25 @multi_evo_agent_runner.py:94] Policy update, spending: 47.15 s.
[20260604 20:13:27 @multi_evo_agent_runner.py:99] Evaluation time: 1.78 s.
[20260604 20:13:27 @multi_evo_agent_runner.py:105] Total time:     479.76 min
[20260604 20:13:27 @multi_evo_agent_runner.py:115] Agent_0 gets eval reward: 283.99.
[20260604 20:13:27 @multi_evo_agent_runner.py:116] Agent_0 gets win rate: 0.37.
[20260604 20:13:27 @multi_evo_agent_runner.py:115] Agent_1 gets eval reward: 236.12.
[20260604 20:13:27 @multi_evo_agent_runner.py:116] Agent_1 gets win rate: 0.41.
[20260604 20:13:27 @multi_evo_agent_runner.py:79] #------------------------ Iteration 404 --------------------------#
[20260604 20:13:48 @multi_evo_agent_runner.py:85] Sampling 50000 steps by 12 slaves, spending 20.75 s.
[20260604 20:15:07 @multi_evo_agent_runner.py:94] Policy update, spending: 78.78 s.
[20260604 20:15:11 @multi_evo_agent_runner.py:99] Evaluation time: 4.72 s.
[20260604 20:15:11 @multi_evo_agent_runner.py:105] Total time:     481.50 min
[20260604 20:15:12 @multi_evo_agent_runner.py:115] Agent_0 gets eval reward: 273.07.
[20260604 20:15:12 @multi_evo_agent_runner.py:116] Agent_0 gets win rate: 0.29.
[20260604 20:15:12 @multi_evo_agent_runner.py:115] Agent_1 gets eval reward: 299.48.
[20260604 20:15:12 @multi_evo_agent_runner.py:116] Agent_1 gets win rate: 0.39.
[20260604 20:15:12 @multi_evo_agent_runner.py:79] #------------------------ Iteration 405 --------------------------#
[20260604 20:15:27 @multi_evo_agent_runner.py:85] Sampling 50000 steps by 12 slaves, spending 14.96 s.
[20260604 20:16:15 @multi_evo_agent_runner.py:94] Policy update, spending: 48.77 s.
[20260604 20:16:18 @multi_evo_agent_runner.py:99] Evaluation time: 2.15 s.
[20260604 20:16:18 @multi_evo_agent_runner.py:105] Total time:     482.61 min
[20260604 20:16:18 @multi_evo_agent_runner.py:115] Agent_0 gets eval reward: 614.30.
[20260604 20:16:18 @multi_evo_agent_runner.py:116] Agent_0 gets win rate: 0.37.
[20260604 20:16:18 @multi_evo_agent_runner.py:115] Agent_1 gets eval reward: 175.46.
[20260604 20:16:18 @multi_evo_agent_runner.py:116] Agent_1 gets win rate: 0.34.
[20260604 20:16:18 @multi_evo_agent_runner.py:79] #------------------------ Iteration 406 --------------------------#
[20260604 20:16:31 @multi_evo_agent_runner.py:85] Sampling 50000 steps by 12 slaves, spending 12.88 s.
[20260604 20:17:19 @multi_evo_agent_runner.py:94] Policy update, spending: 48.62 s.
[20260604 20:17:21 @multi_evo_agent_runner.py:99] Evaluation time: 1.98 s.
[20260604 20:17:21 @multi_evo_agent_runner.py:105] Total time:     483.67 min
[20260604 20:17:21 @multi_evo_agent_runner.py:115] Agent_0 gets eval reward: 823.23.
[20260604 20:17:21 @multi_evo_agent_runner.py:116] Agent_0 gets win rate: 0.37.
[20260604 20:17:21 @multi_evo_agent_runner.py:115] Agent_1 gets eval reward: 323.66.
[20260604 20:17:21 @multi_evo_agent_runner.py:116] Agent_1 gets win rate: 0.31.
[20260604 20:17:21 @multi_evo_agent_runner.py:510] CRITICAL save best checkpoint with agent_0's rewards 823.23!
[20260604 20:17:21 @multi_evo_agent_runner.py:79] #------------------------ Iteration 407 --------------------------#
[20260604 20:17:41 @multi_evo_agent_runner.py:85] Sampling 50000 steps by 12 slaves, spending 19.45 s.
[20260604 20:18:39 @multi_evo_agent_runner.py:94] Policy update, spending: 57.82 s.
[20260604 20:18:41 @multi_evo_agent_runner.py:99] Evaluation time: 2.52 s.
[20260604 20:18:41 @multi_evo_agent_runner.py:105] Total time:     485.00 min
[20260604 20:18:41 @multi_evo_agent_runner.py:115] Agent_0 gets eval reward: 616.55.
[20260604 20:18:41 @multi_evo_agent_runner.py:116] Agent_0 gets win rate: 0.32.
[20260604 20:18:41 @multi_evo_agent_runner.py:115] Agent_1 gets eval reward: -4.35.
[20260604 20:18:41 @multi_evo_agent_runner.py:116] Agent_1 gets win rate: 0.38.
[20260604 20:18:42 @multi_evo_agent_runner.py:79] #------------------------ Iteration 408 --------------------------#
[20260604 20:18:57 @multi_evo_agent_runner.py:85] Sampling 50000 steps by 12 slaves, spending 15.81 s.
[20260604 20:19:53 @multi_evo_agent_runner.py:94] Policy update, spending: 55.43 s.
[20260604 20:19:55 @multi_evo_agent_runner.py:99] Evaluation time: 2.09 s.
[20260604 20:19:55 @multi_evo_agent_runner.py:105] Total time:     486.23 min
[20260604 20:19:55 @multi_evo_agent_runner.py:115] Agent_0 gets eval reward: 374.00.
[20260604 20:19:55 @multi_evo_agent_runner.py:116] Agent_0 gets win rate: 0.34.
[20260604 20:19:55 @multi_evo_agent_runner.py:115] Agent_1 gets eval reward: 151.43.
[20260604 20:19:55 @multi_evo_agent_runner.py:116] Agent_1 gets win rate: 0.37.
[20260604 20:19:55 @multi_evo_agent_runner.py:79] #------------------------ Iteration 409 --------------------------#
[20260604 20:20:10 @multi_evo_agent_runner.py:85] Sampling 50000 steps by 12 slaves, spending 14.74 s.
[20260604 20:21:25 @multi_evo_agent_runner.py:94] Policy update, spending: 74.78 s.
[20260604 20:21:27 @multi_evo_agent_runner.py:99] Evaluation time: 2.21 s.
[20260604 20:21:27 @multi_evo_agent_runner.py:105] Total time:     487.76 min
[20260604 20:21:27 @multi_evo_agent_runner.py:115] Agent_0 gets eval reward: 613.61.
[20260604 20:21:27 @multi_evo_agent_runner.py:116] Agent_0 gets win rate: 0.48.
[20260604 20:21:27 @multi_evo_agent_runner.py:115] Agent_1 gets eval reward: -19.34.
[20260604 20:21:27 @multi_evo_agent_runner.py:116] Agent_1 gets win rate: 0.24.
[20260604 20:21:27 @multi_evo_agent_runner.py:510] CRITICAL save best checkpoint with agent_0's rewards 613.61!
[20260604 20:21:27 @multi_evo_agent_runner.py:79] #------------------------ Iteration 410 --------------------------#
[20260604 20:21:42 @multi_evo_agent_runner.py:85] Sampling 50000 steps by 12 slaves, spending 15.54 s.
[20260604 20:22:36 @multi_evo_agent_runner.py:94] Policy update, spending: 53.87 s.
[20260604 20:22:39 @multi_evo_agent_runner.py:99] Evaluation time: 2.69 s.
[20260604 20:22:39 @multi_evo_agent_runner.py:105] Total time:     488.96 min
[20260604 20:22:39 @multi_evo_agent_runner.py:115] Agent_0 gets eval reward: 747.64.
[20260604 20:22:39 @multi_evo_agent_runner.py:116] Agent_0 gets win rate: 0.42.
[20260604 20:22:39 @multi_evo_agent_runner.py:115] Agent_1 gets eval reward: -250.35.
[20260604 20:22:39 @multi_evo_agent_runner.py:116] Agent_1 gets win rate: 0.10.
[20260604 20:22:39 @multi_evo_agent_runner.py:510] CRITICAL save best checkpoint with agent_0's rewards 747.64!
[20260604 20:22:39 @multi_evo_agent_runner.py:79] #------------------------ Iteration 411 --------------------------#
[20260604 20:22:53 @multi_evo_agent_runner.py:85] Sampling 50000 steps by 12 slaves, spending 13.82 s.
[20260604 20:23:48 @multi_evo_agent_runner.py:94] Policy update, spending: 54.52 s.
[20260604 20:23:50 @multi_evo_agent_runner.py:99] Evaluation time: 2.37 s.
[20260604 20:23:50 @multi_evo_agent_runner.py:105] Total time:     490.14 min
[20260604 20:23:50 @multi_evo_agent_runner.py:115] Agent_0 gets eval reward: 1042.35.
[20260604 20:23:50 @multi_evo_agent_runner.py:116] Agent_0 gets win rate: 0.56.
[20260604 20:23:50 @multi_evo_agent_runner.py:115] Agent_1 gets eval reward: -93.48.
[20260604 20:23:50 @multi_evo_agent_runner.py:116] Agent_1 gets win rate: 0.22.
[20260604 20:23:50 @multi_evo_agent_runner.py:510] CRITICAL save best checkpoint with agent_0's rewards 1042.35!
[20260604 20:23:50 @multi_evo_agent_runner.py:79] #------------------------ Iteration 412 --------------------------#
[20260604 20:24:07 @multi_evo_agent_runner.py:85] Sampling 50000 steps by 12 slaves, spending 16.40 s.
[20260604 20:25:03 @multi_evo_agent_runner.py:94] Policy update, spending: 56.43 s.
[20260604 20:25:05 @multi_evo_agent_runner.py:99] Evaluation time: 1.92 s.
[20260604 20:25:05 @multi_evo_agent_runner.py:105] Total time:     491.39 min
[20260604 20:25:05 @multi_evo_agent_runner.py:115] Agent_0 gets eval reward: 604.73.
[20260604 20:25:05 @multi_evo_agent_runner.py:116] Agent_0 gets win rate: 0.43.
[20260604 20:25:05 @multi_evo_agent_runner.py:115] Agent_1 gets eval reward: 193.58.
[20260604 20:25:05 @multi_evo_agent_runner.py:116] Agent_1 gets win rate: 0.34.
[20260604 20:25:05 @multi_evo_agent_runner.py:79] #------------------------ Iteration 413 --------------------------#
[20260604 20:25:19 @multi_evo_agent_runner.py:85] Sampling 50000 steps by 12 slaves, spending 13.74 s.
[20260604 20:26:14 @multi_evo_agent_runner.py:94] Policy update, spending: 55.18 s.
[20260604 20:26:16 @multi_evo_agent_runner.py:99] Evaluation time: 1.97 s.
[20260604 20:26:16 @multi_evo_agent_runner.py:105] Total time:     492.58 min
[20260604 20:26:16 @multi_evo_agent_runner.py:115] Agent_0 gets eval reward: 772.91.
[20260604 20:26:16 @multi_evo_agent_runner.py:116] Agent_0 gets win rate: 0.46.
[20260604 20:26:16 @multi_evo_agent_runner.py:115] Agent_1 gets eval reward: 150.04.
[20260604 20:26:16 @multi_evo_agent_runner.py:116] Agent_1 gets win rate: 0.39.
[20260604 20:26:16 @multi_evo_agent_runner.py:79] #------------------------ Iteration 414 --------------------------#
[20260604 20:26:33 @multi_evo_agent_runner.py:85] Sampling 50000 steps by 12 slaves, spending 16.35 s.
[20260604 20:27:29 @multi_evo_agent_runner.py:94] Policy update, spending: 56.22 s.
[20260604 20:27:31 @multi_evo_agent_runner.py:99] Evaluation time: 2.09 s.
[20260604 20:27:31 @multi_evo_agent_runner.py:105] Total time:     493.83 min
[20260604 20:27:31 @multi_evo_agent_runner.py:115] Agent_0 gets eval reward: 643.69.
[20260604 20:27:31 @multi_evo_agent_runner.py:116] Agent_0 gets win rate: 0.44.
[20260604 20:27:31 @multi_evo_agent_runner.py:115] Agent_1 gets eval reward: 338.53.
[20260604 20:27:31 @multi_evo_agent_runner.py:116] Agent_1 gets win rate: 0.38.
[20260604 20:27:31 @multi_evo_agent_runner.py:79] #------------------------ Iteration 415 --------------------------#
[20260604 20:27:46 @multi_evo_agent_runner.py:85] Sampling 50000 steps by 12 slaves, spending 14.98 s.
[20260604 20:28:42 @multi_evo_agent_runner.py:94] Policy update, spending: 56.15 s.
[20260604 20:28:45 @multi_evo_agent_runner.py:99] Evaluation time: 2.37 s.
[20260604 20:28:45 @multi_evo_agent_runner.py:105] Total time:     495.05 min
[20260604 20:28:45 @multi_evo_agent_runner.py:115] Agent_0 gets eval reward: 362.89.
[20260604 20:28:45 @multi_evo_agent_runner.py:116] Agent_0 gets win rate: 0.41.
[20260604 20:28:45 @multi_evo_agent_runner.py:115] Agent_1 gets eval reward: 73.40.
[20260604 20:28:45 @multi_evo_agent_runner.py:116] Agent_1 gets win rate: 0.36.
[20260604 20:28:45 @multi_evo_agent_runner.py:79] #------------------------ Iteration 416 --------------------------#
[20260604 20:29:05 @multi_evo_agent_runner.py:85] Sampling 50000 steps by 12 slaves, spending 20.46 s.
[20260604 20:30:02 @multi_evo_agent_runner.py:94] Policy update, spending: 56.41 s.
[20260604 20:30:04 @multi_evo_agent_runner.py:99] Evaluation time: 2.69 s.
[20260604 20:30:04 @multi_evo_agent_runner.py:105] Total time:     496.38 min
[20260604 20:30:04 @multi_evo_agent_runner.py:115] Agent_0 gets eval reward: 387.44.
[20260604 20:30:04 @multi_evo_agent_runner.py:116] Agent_0 gets win rate: 0.34.
[20260604 20:30:04 @multi_evo_agent_runner.py:115] Agent_1 gets eval reward: 402.61.
[20260604 20:30:04 @multi_evo_agent_runner.py:116] Agent_1 gets win rate: 0.31.
[20260604 20:30:05 @multi_evo_agent_runner.py:79] #------------------------ Iteration 417 --------------------------#
[20260604 20:30:25 @multi_evo_agent_runner.py:85] Sampling 50000 steps by 12 slaves, spending 20.78 s.
[20260604 20:31:19 @multi_evo_agent_runner.py:94] Policy update, spending: 53.56 s.
[20260604 20:31:21 @multi_evo_agent_runner.py:99] Evaluation time: 2.46 s.
[20260604 20:31:21 @multi_evo_agent_runner.py:105] Total time:     497.67 min
[20260604 20:31:22 @multi_evo_agent_runner.py:115] Agent_0 gets eval reward: 614.75.
[20260604 20:31:22 @multi_evo_agent_runner.py:116] Agent_0 gets win rate: 0.23.
[20260604 20:31:22 @multi_evo_agent_runner.py:115] Agent_1 gets eval reward: 367.26.
[20260604 20:31:22 @multi_evo_agent_runner.py:116] Agent_1 gets win rate: 0.30.
[20260604 20:31:22 @multi_evo_agent_runner.py:79] #------------------------ Iteration 418 --------------------------#
[20260604 20:31:47 @multi_evo_agent_runner.py:85] Sampling 50000 steps by 12 slaves, spending 24.92 s.
[20260604 20:32:43 @multi_evo_agent_runner.py:94] Policy update, spending: 55.82 s.
[20260604 20:32:45 @multi_evo_agent_runner.py:99] Evaluation time: 2.48 s.
[20260604 20:32:45 @multi_evo_agent_runner.py:105] Total time:     499.06 min
[20260604 20:32:45 @multi_evo_agent_runner.py:115] Agent_0 gets eval reward: 293.83.
[20260604 20:32:45 @multi_evo_agent_runner.py:116] Agent_0 gets win rate: 0.43.
[20260604 20:32:45 @multi_evo_agent_runner.py:115] Agent_1 gets eval reward: 50.31.
[20260604 20:32:45 @multi_evo_agent_runner.py:116] Agent_1 gets win rate: 0.35.
[20260604 20:32:45 @multi_evo_agent_runner.py:79] #------------------------ Iteration 419 --------------------------#
[20260604 20:33:01 @multi_evo_agent_runner.py:85] Sampling 50000 steps by 12 slaves, spending 15.38 s.
[20260604 20:34:02 @multi_evo_agent_runner.py:94] Policy update, spending: 61.24 s.
[20260604 20:34:04 @multi_evo_agent_runner.py:99] Evaluation time: 2.02 s.
[20260604 20:34:04 @multi_evo_agent_runner.py:105] Total time:     500.38 min
[20260604 20:34:04 @multi_evo_agent_runner.py:115] Agent_0 gets eval reward: 473.79.
[20260604 20:34:04 @multi_evo_agent_runner.py:116] Agent_0 gets win rate: 0.36.
[20260604 20:34:04 @multi_evo_agent_runner.py:115] Agent_1 gets eval reward: 161.49.
[20260604 20:34:04 @multi_evo_agent_runner.py:116] Agent_1 gets win rate: 0.36.
[20260604 20:34:04 @multi_evo_agent_runner.py:79] #------------------------ Iteration 420 --------------------------#
[20260604 20:34:19 @multi_evo_agent_runner.py:85] Sampling 50000 steps by 12 slaves, spending 15.50 s.
[20260604 20:35:20 @multi_evo_agent_runner.py:94] Policy update, spending: 60.84 s.
[20260604 20:35:23 @multi_evo_agent_runner.py:99] Evaluation time: 2.38 s.
[20260604 20:35:23 @multi_evo_agent_runner.py:105] Total time:     501.69 min
[20260604 20:35:23 @multi_evo_agent_runner.py:115] Agent_0 gets eval reward: 624.65.
[20260604 20:35:23 @multi_evo_agent_runner.py:116] Agent_0 gets win rate: 0.26.
[20260604 20:35:23 @multi_evo_agent_runner.py:115] Agent_1 gets eval reward: 497.37.
[20260604 20:35:23 @multi_evo_agent_runner.py:116] Agent_1 gets win rate: 0.42.
[20260604 20:35:23 @multi_evo_agent_runner.py:79] #------------------------ Iteration 421 --------------------------#
[20260604 20:35:39 @multi_evo_agent_runner.py:85] Sampling 50000 steps by 12 slaves, spending 15.84 s.
[20260604 20:36:36 @multi_evo_agent_runner.py:94] Policy update, spending: 57.43 s.
[20260604 20:36:38 @multi_evo_agent_runner.py:99] Evaluation time: 1.93 s.
[20260604 20:36:38 @multi_evo_agent_runner.py:105] Total time:     502.95 min
[20260604 20:36:38 @multi_evo_agent_runner.py:115] Agent_0 gets eval reward: 730.65.
[20260604 20:36:38 @multi_evo_agent_runner.py:116] Agent_0 gets win rate: 0.41.
[20260604 20:36:38 @multi_evo_agent_runner.py:115] Agent_1 gets eval reward: 196.84.
[20260604 20:36:38 @multi_evo_agent_runner.py:116] Agent_1 gets win rate: 0.44.
[20260604 20:36:38 @multi_evo_agent_runner.py:79] #------------------------ Iteration 422 --------------------------#
[20260604 20:36:54 @multi_evo_agent_runner.py:85] Sampling 50000 steps by 12 slaves, spending 15.69 s.
[20260604 20:37:48 @multi_evo_agent_runner.py:94] Policy update, spending: 53.76 s.
[20260604 20:37:50 @multi_evo_agent_runner.py:99] Evaluation time: 2.63 s.
[20260604 20:37:50 @multi_evo_agent_runner.py:105] Total time:     504.15 min
[20260604 20:37:50 @multi_evo_agent_runner.py:115] Agent_0 gets eval reward: 166.52.
[20260604 20:37:50 @multi_evo_agent_runner.py:116] Agent_0 gets win rate: 0.16.
[20260604 20:37:50 @multi_evo_agent_runner.py:115] Agent_1 gets eval reward: 620.09.
[20260604 20:37:50 @multi_evo_agent_runner.py:116] Agent_1 gets win rate: 0.38.
[20260604 20:37:51 @multi_evo_agent_runner.py:79] #------------------------ Iteration 423 --------------------------#
[20260604 20:38:05 @multi_evo_agent_runner.py:85] Sampling 50000 steps by 12 slaves, spending 14.45 s.
[20260604 20:39:00 @multi_evo_agent_runner.py:94] Policy update, spending: 54.52 s.
[20260604 20:39:02 @multi_evo_agent_runner.py:99] Evaluation time: 2.28 s.
[20260604 20:39:02 @multi_evo_agent_runner.py:105] Total time:     505.34 min
[20260604 20:39:02 @multi_evo_agent_runner.py:115] Agent_0 gets eval reward: 752.15.
[20260604 20:39:02 @multi_evo_agent_runner.py:116] Agent_0 gets win rate: 0.51.
[20260604 20:39:02 @multi_evo_agent_runner.py:115] Agent_1 gets eval reward: 48.28.
[20260604 20:39:02 @multi_evo_agent_runner.py:116] Agent_1 gets win rate: 0.11.
[20260604 20:39:02 @multi_evo_agent_runner.py:79] #------------------------ Iteration 424 --------------------------#
[20260604 20:39:18 @multi_evo_agent_runner.py:85] Sampling 50000 steps by 12 slaves, spending 16.02 s.
[20260604 20:40:29 @multi_evo_agent_runner.py:94] Policy update, spending: 71.27 s.
[20260604 20:40:31 @multi_evo_agent_runner.py:99] Evaluation time: 2.09 s.
[20260604 20:40:31 @multi_evo_agent_runner.py:105] Total time:     506.83 min
[20260604 20:40:31 @multi_evo_agent_runner.py:115] Agent_0 gets eval reward: 313.97.
[20260604 20:40:31 @multi_evo_agent_runner.py:116] Agent_0 gets win rate: 0.28.
[20260604 20:40:31 @multi_evo_agent_runner.py:115] Agent_1 gets eval reward: 496.03.
[20260604 20:40:31 @multi_evo_agent_runner.py:116] Agent_1 gets win rate: 0.33.
[20260604 20:40:32 @multi_evo_agent_runner.py:79] #------------------------ Iteration 425 --------------------------#
[20260604 20:40:46 @multi_evo_agent_runner.py:85] Sampling 50000 steps by 12 slaves, spending 14.82 s.
[20260604 20:41:46 @multi_evo_agent_runner.py:94] Policy update, spending: 59.13 s.
[20260604 20:41:48 @multi_evo_agent_runner.py:99] Evaluation time: 2.07 s.
[20260604 20:41:48 @multi_evo_agent_runner.py:105] Total time:     508.11 min
[20260604 20:41:48 @multi_evo_agent_runner.py:115] Agent_0 gets eval reward: 206.02.
[20260604 20:41:48 @multi_evo_agent_runner.py:116] Agent_0 gets win rate: 0.35.
[20260604 20:41:48 @multi_evo_agent_runner.py:115] Agent_1 gets eval reward: 314.67.
[20260604 20:41:48 @multi_evo_agent_runner.py:116] Agent_1 gets win rate: 0.40.
[20260604 20:41:48 @multi_evo_agent_runner.py:79] #------------------------ Iteration 426 --------------------------#
[20260604 20:42:03 @multi_evo_agent_runner.py:85] Sampling 50000 steps by 12 slaves, spending 15.26 s.
[20260604 20:42:58 @multi_evo_agent_runner.py:94] Policy update, spending: 55.12 s.
[20260604 20:43:01 @multi_evo_agent_runner.py:99] Evaluation time: 2.53 s.
[20260604 20:43:01 @multi_evo_agent_runner.py:105] Total time:     509.32 min
[20260604 20:43:01 @multi_evo_agent_runner.py:115] Agent_0 gets eval reward: 480.30.
[20260604 20:43:01 @multi_evo_agent_runner.py:116] Agent_0 gets win rate: 0.41.
[20260604 20:43:01 @multi_evo_agent_runner.py:115] Agent_1 gets eval reward: 61.92.
[20260604 20:43:01 @multi_evo_agent_runner.py:116] Agent_1 gets win rate: 0.34.
[20260604 20:43:01 @multi_evo_agent_runner.py:79] #------------------------ Iteration 427 --------------------------#
[20260604 20:43:15 @multi_evo_agent_runner.py:85] Sampling 50000 steps by 12 slaves, spending 14.22 s.
[20260604 20:44:11 @multi_evo_agent_runner.py:94] Policy update, spending: 55.97 s.
[20260604 20:44:13 @multi_evo_agent_runner.py:99] Evaluation time: 2.14 s.
[20260604 20:44:13 @multi_evo_agent_runner.py:105] Total time:     510.53 min
[20260604 20:44:13 @multi_evo_agent_runner.py:115] Agent_0 gets eval reward: 726.78.
[20260604 20:44:13 @multi_evo_agent_runner.py:116] Agent_0 gets win rate: 0.14.
[20260604 20:44:13 @multi_evo_agent_runner.py:115] Agent_1 gets eval reward: 80.26.
[20260604 20:44:13 @multi_evo_agent_runner.py:116] Agent_1 gets win rate: 0.18.
[20260604 20:44:13 @multi_evo_agent_runner.py:79] #------------------------ Iteration 428 --------------------------#
[20260604 20:44:29 @multi_evo_agent_runner.py:85] Sampling 50000 steps by 12 slaves, spending 15.15 s.
[20260604 20:45:26 @multi_evo_agent_runner.py:94] Policy update, spending: 57.46 s.
[20260604 20:45:28 @multi_evo_agent_runner.py:99] Evaluation time: 2.10 s.
[20260604 20:45:28 @multi_evo_agent_runner.py:105] Total time:     511.78 min
[20260604 20:45:28 @multi_evo_agent_runner.py:115] Agent_0 gets eval reward: 389.80.
[20260604 20:45:28 @multi_evo_agent_runner.py:116] Agent_0 gets win rate: 0.23.
[20260604 20:45:28 @multi_evo_agent_runner.py:115] Agent_1 gets eval reward: 474.29.
[20260604 20:45:28 @multi_evo_agent_runner.py:116] Agent_1 gets win rate: 0.27.
[20260604 20:45:28 @multi_evo_agent_runner.py:79] #------------------------ Iteration 429 --------------------------#
[20260604 20:45:47 @multi_evo_agent_runner.py:85] Sampling 50000 steps by 12 slaves, spending 18.58 s.
[20260604 20:46:42 @multi_evo_agent_runner.py:94] Policy update, spending: 55.53 s.
[20260604 20:46:45 @multi_evo_agent_runner.py:99] Evaluation time: 2.60 s.
[20260604 20:46:45 @multi_evo_agent_runner.py:105] Total time:     513.06 min
[20260604 20:46:45 @multi_evo_agent_runner.py:115] Agent_0 gets eval reward: 700.39.
[20260604 20:46:45 @multi_evo_agent_runner.py:116] Agent_0 gets win rate: 0.46.
[20260604 20:46:45 @multi_evo_agent_runner.py:115] Agent_1 gets eval reward: 152.08.
[20260604 20:46:45 @multi_evo_agent_runner.py:116] Agent_1 gets win rate: 0.30.
[20260604 20:46:45 @multi_evo_agent_runner.py:79] #------------------------ Iteration 430 --------------------------#
[20260604 20:47:04 @multi_evo_agent_runner.py:85] Sampling 50000 steps by 12 slaves, spending 19.23 s.
[20260604 20:47:59 @multi_evo_agent_runner.py:94] Policy update, spending: 54.14 s.
[20260604 20:48:02 @multi_evo_agent_runner.py:99] Evaluation time: 3.05 s.
[20260604 20:48:02 @multi_evo_agent_runner.py:105] Total time:     514.34 min
[20260604 20:48:02 @multi_evo_agent_runner.py:115] Agent_0 gets eval reward: 209.81.
[20260604 20:48:02 @multi_evo_agent_runner.py:116] Agent_0 gets win rate: 0.33.
[20260604 20:48:02 @multi_evo_agent_runner.py:115] Agent_1 gets eval reward: 163.01.
[20260604 20:48:02 @multi_evo_agent_runner.py:116] Agent_1 gets win rate: 0.35.
[20260604 20:48:02 @multi_evo_agent_runner.py:79] #------------------------ Iteration 431 --------------------------#
[20260604 20:48:25 @multi_evo_agent_runner.py:85] Sampling 50000 steps by 12 slaves, spending 23.40 s.
[20260604 20:49:36 @multi_evo_agent_runner.py:94] Policy update, spending: 71.02 s.
[20260604 20:49:41 @multi_evo_agent_runner.py:99] Evaluation time: 5.09 s.
[20260604 20:49:41 @multi_evo_agent_runner.py:105] Total time:     516.00 min
[20260604 20:49:42 @multi_evo_agent_runner.py:115] Agent_0 gets eval reward: 155.16.
[20260604 20:49:42 @multi_evo_agent_runner.py:116] Agent_0 gets win rate: 0.22.
[20260604 20:49:42 @multi_evo_agent_runner.py:115] Agent_1 gets eval reward: 317.86.
[20260604 20:49:42 @multi_evo_agent_runner.py:116] Agent_1 gets win rate: 0.38.
[20260604 20:49:42 @multi_evo_agent_runner.py:79] #------------------------ Iteration 432 --------------------------#
[20260604 20:49:58 @multi_evo_agent_runner.py:85] Sampling 50000 steps by 12 slaves, spending 16.19 s.
[20260604 20:50:55 @multi_evo_agent_runner.py:94] Policy update, spending: 57.35 s.
[20260604 20:50:58 @multi_evo_agent_runner.py:99] Evaluation time: 2.54 s.
[20260604 20:50:58 @multi_evo_agent_runner.py:105] Total time:     517.28 min
[20260604 20:50:58 @multi_evo_agent_runner.py:115] Agent_0 gets eval reward: 617.31.
[20260604 20:50:58 @multi_evo_agent_runner.py:116] Agent_0 gets win rate: 0.42.
[20260604 20:50:58 @multi_evo_agent_runner.py:115] Agent_1 gets eval reward: 180.23.
[20260604 20:50:58 @multi_evo_agent_runner.py:116] Agent_1 gets win rate: 0.28.
[20260604 20:50:58 @multi_evo_agent_runner.py:79] #------------------------ Iteration 433 --------------------------#
[20260604 20:51:13 @multi_evo_agent_runner.py:85] Sampling 50000 steps by 12 slaves, spending 15.08 s.
[20260604 20:52:12 @multi_evo_agent_runner.py:94] Policy update, spending: 59.13 s.
[20260604 20:52:15 @multi_evo_agent_runner.py:99] Evaluation time: 2.28 s.
[20260604 20:52:15 @multi_evo_agent_runner.py:105] Total time:     518.55 min
[20260604 20:52:15 @multi_evo_agent_runner.py:115] Agent_0 gets eval reward: 572.60.
[20260604 20:52:15 @multi_evo_agent_runner.py:116] Agent_0 gets win rate: 0.40.
[20260604 20:52:15 @multi_evo_agent_runner.py:115] Agent_1 gets eval reward: 23.57.
[20260604 20:52:15 @multi_evo_agent_runner.py:116] Agent_1 gets win rate: 0.17.
[20260604 20:52:15 @multi_evo_agent_runner.py:79] #------------------------ Iteration 434 --------------------------#
[20260604 20:52:32 @multi_evo_agent_runner.py:85] Sampling 50000 steps by 12 slaves, spending 16.73 s.
[20260604 20:53:28 @multi_evo_agent_runner.py:94] Policy update, spending: 56.43 s.
[20260604 20:53:30 @multi_evo_agent_runner.py:99] Evaluation time: 1.70 s.
[20260604 20:53:30 @multi_evo_agent_runner.py:105] Total time:     519.81 min
[20260604 20:53:30 @multi_evo_agent_runner.py:115] Agent_0 gets eval reward: 242.26.
[20260604 20:53:30 @multi_evo_agent_runner.py:116] Agent_0 gets win rate: 0.16.
[20260604 20:53:30 @multi_evo_agent_runner.py:115] Agent_1 gets eval reward: -127.82.
[20260604 20:53:30 @multi_evo_agent_runner.py:116] Agent_1 gets win rate: 0.20.
[20260604 20:53:30 @multi_evo_agent_runner.py:79] #------------------------ Iteration 435 --------------------------#
[20260604 20:53:46 @multi_evo_agent_runner.py:85] Sampling 50000 steps by 12 slaves, spending 15.89 s.
[20260604 20:55:02 @multi_evo_agent_runner.py:94] Policy update, spending: 76.63 s.
[20260604 20:55:05 @multi_evo_agent_runner.py:99] Evaluation time: 2.68 s.
[20260604 20:55:05 @multi_evo_agent_runner.py:105] Total time:     521.40 min
[20260604 20:55:05 @multi_evo_agent_runner.py:115] Agent_0 gets eval reward: 353.61.
[20260604 20:55:05 @multi_evo_agent_runner.py:116] Agent_0 gets win rate: 0.41.
[20260604 20:55:05 @multi_evo_agent_runner.py:115] Agent_1 gets eval reward: 169.57.
[20260604 20:55:05 @multi_evo_agent_runner.py:116] Agent_1 gets win rate: 0.25.
[20260604 20:55:05 @multi_evo_agent_runner.py:79] #------------------------ Iteration 436 --------------------------#
[20260604 20:55:22 @multi_evo_agent_runner.py:85] Sampling 50000 steps by 12 slaves, spending 16.27 s.
[20260604 20:56:19 @multi_evo_agent_runner.py:94] Policy update, spending: 57.29 s.
[20260604 20:56:21 @multi_evo_agent_runner.py:99] Evaluation time: 2.49 s.
[20260604 20:56:21 @multi_evo_agent_runner.py:105] Total time:     522.67 min
[20260604 20:56:21 @multi_evo_agent_runner.py:115] Agent_0 gets eval reward: 575.84.
[20260604 20:56:21 @multi_evo_agent_runner.py:116] Agent_0 gets win rate: 0.39.
[20260604 20:56:21 @multi_evo_agent_runner.py:115] Agent_1 gets eval reward: 15.15.
[20260604 20:56:21 @multi_evo_agent_runner.py:116] Agent_1 gets win rate: 0.19.
[20260604 20:56:22 @multi_evo_agent_runner.py:79] #------------------------ Iteration 437 --------------------------#
[20260604 20:56:36 @multi_evo_agent_runner.py:85] Sampling 50000 steps by 12 slaves, spending 14.72 s.
[20260604 20:57:27 @multi_evo_agent_runner.py:94] Policy update, spending: 51.17 s.
[20260604 20:57:30 @multi_evo_agent_runner.py:99] Evaluation time: 2.44 s.
[20260604 20:57:30 @multi_evo_agent_runner.py:105] Total time:     523.81 min
[20260604 20:57:30 @multi_evo_agent_runner.py:115] Agent_0 gets eval reward: 392.43.
[20260604 20:57:30 @multi_evo_agent_runner.py:116] Agent_0 gets win rate: 0.32.
[20260604 20:57:30 @multi_evo_agent_runner.py:115] Agent_1 gets eval reward: 210.91.
[20260604 20:57:30 @multi_evo_agent_runner.py:116] Agent_1 gets win rate: 0.29.
[20260604 20:57:30 @multi_evo_agent_runner.py:79] #------------------------ Iteration 438 --------------------------#
[20260604 20:57:46 @multi_evo_agent_runner.py:85] Sampling 50000 steps by 12 slaves, spending 15.94 s.
[20260604 20:58:47 @multi_evo_agent_runner.py:94] Policy update, spending: 60.84 s.
[20260604 20:58:49 @multi_evo_agent_runner.py:99] Evaluation time: 2.40 s.
[20260604 20:58:49 @multi_evo_agent_runner.py:105] Total time:     525.13 min
[20260604 20:58:49 @multi_evo_agent_runner.py:115] Agent_0 gets eval reward: 370.38.
[20260604 20:58:49 @multi_evo_agent_runner.py:116] Agent_0 gets win rate: 0.25.
[20260604 20:58:49 @multi_evo_agent_runner.py:115] Agent_1 gets eval reward: 458.64.
[20260604 20:58:49 @multi_evo_agent_runner.py:116] Agent_1 gets win rate: 0.47.
[20260604 20:58:49 @multi_evo_agent_runner.py:79] #------------------------ Iteration 439 --------------------------#
[20260604 20:59:04 @multi_evo_agent_runner.py:85] Sampling 50000 steps by 12 slaves, spending 14.20 s.
[20260604 21:00:00 @multi_evo_agent_runner.py:94] Policy update, spending: 56.32 s.
[20260604 21:00:02 @multi_evo_agent_runner.py:99] Evaluation time: 2.36 s.
[20260604 21:00:02 @multi_evo_agent_runner.py:105] Total time:     526.35 min
[20260604 21:00:02 @multi_evo_agent_runner.py:115] Agent_0 gets eval reward: 769.70.
[20260604 21:00:02 @multi_evo_agent_runner.py:116] Agent_0 gets win rate: 0.45.
[20260604 21:00:02 @multi_evo_agent_runner.py:115] Agent_1 gets eval reward: -6.09.
[20260604 21:00:02 @multi_evo_agent_runner.py:116] Agent_1 gets win rate: 0.18.
[20260604 21:00:03 @multi_evo_agent_runner.py:79] #------------------------ Iteration 440 --------------------------#
[20260604 21:00:17 @multi_evo_agent_runner.py:85] Sampling 50000 steps by 12 slaves, spending 14.35 s.
[20260604 21:01:16 @multi_evo_agent_runner.py:94] Policy update, spending: 58.97 s.
[20260604 21:01:18 @multi_evo_agent_runner.py:99] Evaluation time: 2.10 s.
[20260604 21:01:18 @multi_evo_agent_runner.py:105] Total time:     527.61 min
[20260604 21:01:18 @multi_evo_agent_runner.py:115] Agent_0 gets eval reward: 589.86.
[20260604 21:01:18 @multi_evo_agent_runner.py:116] Agent_0 gets win rate: 0.40.
[20260604 21:01:18 @multi_evo_agent_runner.py:115] Agent_1 gets eval reward: 89.00.
[20260604 21:01:18 @multi_evo_agent_runner.py:116] Agent_1 gets win rate: 0.17.
[20260604 21:01:18 @multi_evo_agent_runner.py:79] #------------------------ Iteration 441 --------------------------#
[20260604 21:01:36 @multi_evo_agent_runner.py:85] Sampling 50000 steps by 12 slaves, spending 17.74 s.
[20260604 21:02:32 @multi_evo_agent_runner.py:94] Policy update, spending: 56.53 s.
[20260604 21:02:35 @multi_evo_agent_runner.py:99] Evaluation time: 2.62 s.
[20260604 21:02:35 @multi_evo_agent_runner.py:105] Total time:     528.90 min
[20260604 21:02:35 @multi_evo_agent_runner.py:115] Agent_0 gets eval reward: 526.68.
[20260604 21:02:35 @multi_evo_agent_runner.py:116] Agent_0 gets win rate: 0.41.
[20260604 21:02:35 @multi_evo_agent_runner.py:115] Agent_1 gets eval reward: 271.62.
[20260604 21:02:35 @multi_evo_agent_runner.py:116] Agent_1 gets win rate: 0.39.
[20260604 21:02:35 @multi_evo_agent_runner.py:79] #------------------------ Iteration 442 --------------------------#
[20260604 21:02:54 @multi_evo_agent_runner.py:85] Sampling 50000 steps by 12 slaves, spending 18.90 s.
[20260604 21:03:49 @multi_evo_agent_runner.py:94] Policy update, spending: 54.66 s.
[20260604 21:03:51 @multi_evo_agent_runner.py:99] Evaluation time: 2.55 s.
[20260604 21:03:51 @multi_evo_agent_runner.py:105] Total time:     530.17 min
[20260604 21:03:52 @multi_evo_agent_runner.py:115] Agent_0 gets eval reward: 704.45.
[20260604 21:03:52 @multi_evo_agent_runner.py:116] Agent_0 gets win rate: 0.53.
[20260604 21:03:52 @multi_evo_agent_runner.py:115] Agent_1 gets eval reward: 13.10.
[20260604 21:03:52 @multi_evo_agent_runner.py:116] Agent_1 gets win rate: 0.33.
[20260604 21:03:52 @multi_evo_agent_runner.py:79] #------------------------ Iteration 443 --------------------------#
[20260604 21:04:14 @multi_evo_agent_runner.py:85] Sampling 50000 steps by 12 slaves, spending 22.02 s.
[20260604 21:05:07 @multi_evo_agent_runner.py:94] Policy update, spending: 53.83 s.
[20260604 21:05:10 @multi_evo_agent_runner.py:99] Evaluation time: 2.52 s.
[20260604 21:05:10 @multi_evo_agent_runner.py:105] Total time:     531.48 min
[20260604 21:05:10 @multi_evo_agent_runner.py:115] Agent_0 gets eval reward: 283.44.
[20260604 21:05:10 @multi_evo_agent_runner.py:116] Agent_0 gets win rate: 0.32.
[20260604 21:05:10 @multi_evo_agent_runner.py:115] Agent_1 gets eval reward: 331.67.
[20260604 21:05:10 @multi_evo_agent_runner.py:116] Agent_1 gets win rate: 0.38.
[20260604 21:05:10 @multi_evo_agent_runner.py:79] #------------------------ Iteration 444 --------------------------#
[20260604 21:05:33 @multi_evo_agent_runner.py:85] Sampling 50000 steps by 12 slaves, spending 23.00 s.
[20260604 21:06:42 @multi_evo_agent_runner.py:94] Policy update, spending: 68.20 s.
[20260604 21:06:46 @multi_evo_agent_runner.py:99] Evaluation time: 4.87 s.
[20260604 21:06:46 @multi_evo_agent_runner.py:105] Total time:     533.09 min
[20260604 21:06:47 @multi_evo_agent_runner.py:115] Agent_0 gets eval reward: 442.97.
[20260604 21:06:47 @multi_evo_agent_runner.py:116] Agent_0 gets win rate: 0.32.
[20260604 21:06:47 @multi_evo_agent_runner.py:115] Agent_1 gets eval reward: 385.75.
[20260604 21:06:47 @multi_evo_agent_runner.py:116] Agent_1 gets win rate: 0.41.
[20260604 21:06:47 @multi_evo_agent_runner.py:79] #------------------------ Iteration 445 --------------------------#
[20260604 21:07:02 @multi_evo_agent_runner.py:85] Sampling 50000 steps by 12 slaves, spending 14.92 s.
[20260604 21:08:21 @multi_evo_agent_runner.py:94] Policy update, spending: 79.35 s.
[20260604 21:08:26 @multi_evo_agent_runner.py:99] Evaluation time: 4.80 s.
[20260604 21:08:26 @multi_evo_agent_runner.py:105] Total time:     534.74 min
[20260604 21:08:26 @multi_evo_agent_runner.py:115] Agent_0 gets eval reward: 380.19.
[20260604 21:08:26 @multi_evo_agent_runner.py:116] Agent_0 gets win rate: 0.40.
[20260604 21:08:26 @multi_evo_agent_runner.py:115] Agent_1 gets eval reward: 4.72.
[20260604 21:08:26 @multi_evo_agent_runner.py:116] Agent_1 gets win rate: 0.35.
[20260604 21:08:26 @multi_evo_agent_runner.py:79] #------------------------ Iteration 446 --------------------------#
[20260604 21:08:42 @multi_evo_agent_runner.py:85] Sampling 50000 steps by 12 slaves, spending 15.64 s.
[20260604 21:09:37 @multi_evo_agent_runner.py:94] Policy update, spending: 55.28 s.
[20260604 21:09:41 @multi_evo_agent_runner.py:99] Evaluation time: 4.41 s.
[20260604 21:09:41 @multi_evo_agent_runner.py:105] Total time:     536.00 min
[20260604 21:09:42 @multi_evo_agent_runner.py:115] Agent_0 gets eval reward: 532.57.
[20260604 21:09:42 @multi_evo_agent_runner.py:116] Agent_0 gets win rate: 0.25.
[20260604 21:09:42 @multi_evo_agent_runner.py:115] Agent_1 gets eval reward: 559.08.
[20260604 21:09:42 @multi_evo_agent_runner.py:116] Agent_1 gets win rate: 0.38.
[20260604 21:09:42 @multi_evo_agent_runner.py:79] #------------------------ Iteration 447 --------------------------#
[20260604 21:09:57 @multi_evo_agent_runner.py:85] Sampling 50000 steps by 12 slaves, spending 15.53 s.
[20260604 21:10:56 @multi_evo_agent_runner.py:94] Policy update, spending: 59.08 s.
[20260604 21:10:59 @multi_evo_agent_runner.py:99] Evaluation time: 2.43 s.
[20260604 21:10:59 @multi_evo_agent_runner.py:105] Total time:     537.29 min
[20260604 21:10:59 @multi_evo_agent_runner.py:115] Agent_0 gets eval reward: 357.51.
[20260604 21:10:59 @multi_evo_agent_runner.py:116] Agent_0 gets win rate: 0.37.
[20260604 21:10:59 @multi_evo_agent_runner.py:115] Agent_1 gets eval reward: -49.45.
[20260604 21:10:59 @multi_evo_agent_runner.py:116] Agent_1 gets win rate: 0.20.
[20260604 21:10:59 @multi_evo_agent_runner.py:79] #------------------------ Iteration 448 --------------------------#
[20260604 21:11:13 @multi_evo_agent_runner.py:85] Sampling 50000 steps by 12 slaves, spending 14.15 s.
[20260604 21:12:11 @multi_evo_agent_runner.py:94] Policy update, spending: 57.47 s.
[20260604 21:12:13 @multi_evo_agent_runner.py:99] Evaluation time: 2.43 s.
[20260604 21:12:13 @multi_evo_agent_runner.py:105] Total time:     538.53 min
[20260604 21:12:13 @multi_evo_agent_runner.py:115] Agent_0 gets eval reward: 319.10.
[20260604 21:12:13 @multi_evo_agent_runner.py:116] Agent_0 gets win rate: 0.22.
[20260604 21:12:13 @multi_evo_agent_runner.py:115] Agent_1 gets eval reward: 306.87.
[20260604 21:12:13 @multi_evo_agent_runner.py:116] Agent_1 gets win rate: 0.33.
[20260604 21:12:13 @multi_evo_agent_runner.py:79] #------------------------ Iteration 449 --------------------------#
[20260604 21:12:29 @multi_evo_agent_runner.py:85] Sampling 50000 steps by 12 slaves, spending 16.05 s.
[20260604 21:13:30 @multi_evo_agent_runner.py:94] Policy update, spending: 60.16 s.
[20260604 21:13:32 @multi_evo_agent_runner.py:99] Evaluation time: 2.69 s.
[20260604 21:13:32 @multi_evo_agent_runner.py:105] Total time:     539.85 min
[20260604 21:13:32 @multi_evo_agent_runner.py:115] Agent_0 gets eval reward: 508.32.
[20260604 21:13:32 @multi_evo_agent_runner.py:116] Agent_0 gets win rate: 0.41.
[20260604 21:13:32 @multi_evo_agent_runner.py:115] Agent_1 gets eval reward: 419.54.
[20260604 21:13:32 @multi_evo_agent_runner.py:116] Agent_1 gets win rate: 0.44.
[20260604 21:13:32 @multi_evo_agent_runner.py:79] #------------------------ Iteration 450 --------------------------#
[20260604 21:13:48 @multi_evo_agent_runner.py:85] Sampling 50000 steps by 12 slaves, spending 15.16 s.
[20260604 21:14:45 @multi_evo_agent_runner.py:94] Policy update, spending: 57.40 s.
[20260604 21:14:48 @multi_evo_agent_runner.py:99] Evaluation time: 2.68 s.
[20260604 21:14:48 @multi_evo_agent_runner.py:105] Total time:     541.11 min
[20260604 21:14:48 @multi_evo_agent_runner.py:115] Agent_0 gets eval reward: 419.60.
[20260604 21:14:48 @multi_evo_agent_runner.py:116] Agent_0 gets win rate: 0.40.
[20260604 21:14:48 @multi_evo_agent_runner.py:115] Agent_1 gets eval reward: 246.14.
[20260604 21:14:48 @multi_evo_agent_runner.py:116] Agent_1 gets win rate: 0.45.
[20260604 21:14:48 @multi_evo_agent_runner.py:79] #------------------------ Iteration 451 --------------------------#
[20260604 21:15:04 @multi_evo_agent_runner.py:85] Sampling 50000 steps by 12 slaves, spending 15.65 s.
[20260604 21:16:00 @multi_evo_agent_runner.py:94] Policy update, spending: 56.56 s.
[20260604 21:16:02 @multi_evo_agent_runner.py:99] Evaluation time: 2.25 s.
[20260604 21:16:02 @multi_evo_agent_runner.py:105] Total time:     542.35 min
[20260604 21:16:03 @multi_evo_agent_runner.py:115] Agent_0 gets eval reward: 320.73.
[20260604 21:16:03 @multi_evo_agent_runner.py:116] Agent_0 gets win rate: 0.42.
[20260604 21:16:03 @multi_evo_agent_runner.py:115] Agent_1 gets eval reward: 214.69.
[20260604 21:16:03 @multi_evo_agent_runner.py:116] Agent_1 gets win rate: 0.32.
[20260604 21:16:03 @multi_evo_agent_runner.py:79] #------------------------ Iteration 452 --------------------------#
[20260604 21:16:19 @multi_evo_agent_runner.py:85] Sampling 50000 steps by 12 slaves, spending 16.12 s.
[20260604 21:17:31 @multi_evo_agent_runner.py:94] Policy update, spending: 71.80 s.
[20260604 21:17:33 @multi_evo_agent_runner.py:99] Evaluation time: 2.40 s.
[20260604 21:17:33 @multi_evo_agent_runner.py:105] Total time:     543.86 min
[20260604 21:17:33 @multi_evo_agent_runner.py:115] Agent_0 gets eval reward: 109.18.
[20260604 21:17:33 @multi_evo_agent_runner.py:116] Agent_0 gets win rate: 0.18.
[20260604 21:17:33 @multi_evo_agent_runner.py:115] Agent_1 gets eval reward: 372.70.
[20260604 21:17:33 @multi_evo_agent_runner.py:116] Agent_1 gets win rate: 0.32.
[20260604 21:17:33 @multi_evo_agent_runner.py:79] #------------------------ Iteration 453 --------------------------#
[20260604 21:17:47 @multi_evo_agent_runner.py:85] Sampling 50000 steps by 12 slaves, spending 14.16 s.
[20260604 21:18:40 @multi_evo_agent_runner.py:94] Policy update, spending: 52.76 s.
[20260604 21:18:43 @multi_evo_agent_runner.py:99] Evaluation time: 2.84 s.
[20260604 21:18:43 @multi_evo_agent_runner.py:105] Total time:     545.03 min
[20260604 21:18:43 @multi_evo_agent_runner.py:115] Agent_0 gets eval reward: 176.50.
[20260604 21:18:43 @multi_evo_agent_runner.py:116] Agent_0 gets win rate: 0.32.
[20260604 21:18:43 @multi_evo_agent_runner.py:115] Agent_1 gets eval reward: 217.83.
[20260604 21:18:43 @multi_evo_agent_runner.py:116] Agent_1 gets win rate: 0.32.
[20260604 21:18:43 @multi_evo_agent_runner.py:79] #------------------------ Iteration 454 --------------------------#
[20260604 21:18:56 @multi_evo_agent_runner.py:85] Sampling 50000 steps by 12 slaves, spending 13.20 s.
[20260604 21:19:52 @multi_evo_agent_runner.py:94] Policy update, spending: 55.45 s.
[20260604 21:19:54 @multi_evo_agent_runner.py:99] Evaluation time: 1.80 s.
[20260604 21:19:54 @multi_evo_agent_runner.py:105] Total time:     546.21 min
[20260604 21:19:54 @multi_evo_agent_runner.py:115] Agent_0 gets eval reward: 658.52.
[20260604 21:19:54 @multi_evo_agent_runner.py:116] Agent_0 gets win rate: 0.43.
[20260604 21:19:54 @multi_evo_agent_runner.py:115] Agent_1 gets eval reward: -159.65.
[20260604 21:19:54 @multi_evo_agent_runner.py:116] Agent_1 gets win rate: 0.20.
[20260604 21:19:54 @multi_evo_agent_runner.py:79] #------------------------ Iteration 455 --------------------------#
[20260604 21:20:09 @multi_evo_agent_runner.py:85] Sampling 50000 steps by 12 slaves, spending 14.76 s.
[20260604 21:21:24 @multi_evo_agent_runner.py:94] Policy update, spending: 74.95 s.
[20260604 21:21:26 @multi_evo_agent_runner.py:99] Evaluation time: 2.22 s.
[20260604 21:21:26 @multi_evo_agent_runner.py:105] Total time:     547.74 min
[20260604 21:21:26 @multi_evo_agent_runner.py:115] Agent_0 gets eval reward: 961.41.
[20260604 21:21:26 @multi_evo_agent_runner.py:116] Agent_0 gets win rate: 0.54.
[20260604 21:21:26 @multi_evo_agent_runner.py:115] Agent_1 gets eval reward: 30.82.
[20260604 21:21:26 @multi_evo_agent_runner.py:116] Agent_1 gets win rate: 0.24.
[20260604 21:21:26 @multi_evo_agent_runner.py:79] #------------------------ Iteration 456 --------------------------#
[20260604 21:21:42 @multi_evo_agent_runner.py:85] Sampling 50000 steps by 12 slaves, spending 16.19 s.
[20260604 21:22:40 @multi_evo_agent_runner.py:94] Policy update, spending: 57.97 s.
[20260604 21:22:43 @multi_evo_agent_runner.py:99] Evaluation time: 2.43 s.
[20260604 21:22:43 @multi_evo_agent_runner.py:105] Total time:     549.02 min
[20260604 21:22:43 @multi_evo_agent_runner.py:115] Agent_0 gets eval reward: 240.65.
[20260604 21:22:43 @multi_evo_agent_runner.py:116] Agent_0 gets win rate: 0.29.
[20260604 21:22:43 @multi_evo_agent_runner.py:115] Agent_1 gets eval reward: 179.69.
[20260604 21:22:43 @multi_evo_agent_runner.py:116] Agent_1 gets win rate: 0.29.
[20260604 21:22:43 @multi_evo_agent_runner.py:79] #------------------------ Iteration 457 --------------------------#
[20260604 21:22:59 @multi_evo_agent_runner.py:85] Sampling 50000 steps by 12 slaves, spending 15.82 s.
[20260604 21:23:55 @multi_evo_agent_runner.py:94] Policy update, spending: 56.17 s.
[20260604 21:23:57 @multi_evo_agent_runner.py:99] Evaluation time: 1.95 s.
[20260604 21:23:57 @multi_evo_agent_runner.py:105] Total time:     550.26 min
[20260604 21:23:57 @multi_evo_agent_runner.py:115] Agent_0 gets eval reward: 827.93.
[20260604 21:23:57 @multi_evo_agent_runner.py:116] Agent_0 gets win rate: 0.32.
[20260604 21:23:57 @multi_evo_agent_runner.py:115] Agent_1 gets eval reward: -21.12.
[20260604 21:23:57 @multi_evo_agent_runner.py:116] Agent_1 gets win rate: 0.26.
[20260604 21:23:57 @multi_evo_agent_runner.py:79] #------------------------ Iteration 458 --------------------------#
[20260604 21:24:16 @multi_evo_agent_runner.py:85] Sampling 50000 steps by 12 slaves, spending 19.05 s.
[20260604 21:25:11 @multi_evo_agent_runner.py:94] Policy update, spending: 55.21 s.
[20260604 21:25:14 @multi_evo_agent_runner.py:99] Evaluation time: 2.32 s.
[20260604 21:25:14 @multi_evo_agent_runner.py:105] Total time:     551.54 min
[20260604 21:25:14 @multi_evo_agent_runner.py:115] Agent_0 gets eval reward: 434.93.
[20260604 21:25:14 @multi_evo_agent_runner.py:116] Agent_0 gets win rate: 0.25.
[20260604 21:25:14 @multi_evo_agent_runner.py:115] Agent_1 gets eval reward: -28.49.
[20260604 21:25:14 @multi_evo_agent_runner.py:116] Agent_1 gets win rate: 0.25.
[20260604 21:25:14 @multi_evo_agent_runner.py:79] #------------------------ Iteration 459 --------------------------#
[20260604 21:25:35 @multi_evo_agent_runner.py:85] Sampling 50000 steps by 12 slaves, spending 21.57 s.
[20260604 21:26:36 @multi_evo_agent_runner.py:94] Policy update, spending: 60.24 s.
[20260604 21:26:40 @multi_evo_agent_runner.py:99] Evaluation time: 4.20 s.
[20260604 21:26:40 @multi_evo_agent_runner.py:105] Total time:     552.97 min
[20260604 21:26:40 @multi_evo_agent_runner.py:115] Agent_0 gets eval reward: 657.84.
[20260604 21:26:40 @multi_evo_agent_runner.py:116] Agent_0 gets win rate: 0.35.
[20260604 21:26:40 @multi_evo_agent_runner.py:115] Agent_1 gets eval reward: 206.17.
[20260604 21:26:40 @multi_evo_agent_runner.py:116] Agent_1 gets win rate: 0.35.
[20260604 21:26:40 @multi_evo_agent_runner.py:79] #------------------------ Iteration 460 --------------------------#
[20260604 21:27:00 @multi_evo_agent_runner.py:85] Sampling 50000 steps by 12 slaves, spending 19.48 s.
[20260604 21:28:36 @multi_evo_agent_runner.py:94] Policy update, spending: 96.13 s.
[20260604 21:28:43 @multi_evo_agent_runner.py:99] Evaluation time: 6.67 s.
[20260604 21:28:43 @multi_evo_agent_runner.py:105] Total time:     555.02 min
[20260604 21:28:43 @multi_evo_agent_runner.py:115] Agent_0 gets eval reward: 564.63.
[20260604 21:28:43 @multi_evo_agent_runner.py:116] Agent_0 gets win rate: 0.42.
[20260604 21:28:43 @multi_evo_agent_runner.py:115] Agent_1 gets eval reward: -169.71.
[20260604 21:28:43 @multi_evo_agent_runner.py:116] Agent_1 gets win rate: 0.22.
[20260604 21:28:43 @multi_evo_agent_runner.py:79] #------------------------ Iteration 461 --------------------------#
[20260604 21:28:59 @multi_evo_agent_runner.py:85] Sampling 50000 steps by 12 slaves, spending 16.12 s.
[20260604 21:29:57 @multi_evo_agent_runner.py:94] Policy update, spending: 58.18 s.
[20260604 21:30:00 @multi_evo_agent_runner.py:99] Evaluation time: 2.55 s.
[20260604 21:30:00 @multi_evo_agent_runner.py:105] Total time:     556.31 min
[20260604 21:30:00 @multi_evo_agent_runner.py:115] Agent_0 gets eval reward: 693.04.
[20260604 21:30:00 @multi_evo_agent_runner.py:116] Agent_0 gets win rate: 0.32.
[20260604 21:30:00 @multi_evo_agent_runner.py:115] Agent_1 gets eval reward: 55.96.
[20260604 21:30:00 @multi_evo_agent_runner.py:116] Agent_1 gets win rate: 0.30.
[20260604 21:30:00 @multi_evo_agent_runner.py:79] #------------------------ Iteration 462 --------------------------#
[20260604 21:30:15 @multi_evo_agent_runner.py:85] Sampling 50000 steps by 12 slaves, spending 15.35 s.
[20260604 21:31:12 @multi_evo_agent_runner.py:94] Policy update, spending: 57.27 s.
[20260604 21:31:15 @multi_evo_agent_runner.py:99] Evaluation time: 2.16 s.
[20260604 21:31:15 @multi_evo_agent_runner.py:105] Total time:     557.56 min
[20260604 21:31:15 @multi_evo_agent_runner.py:115] Agent_0 gets eval reward: 323.58.
[20260604 21:31:15 @multi_evo_agent_runner.py:116] Agent_0 gets win rate: 0.15.
[20260604 21:31:15 @multi_evo_agent_runner.py:115] Agent_1 gets eval reward: 246.88.
[20260604 21:31:15 @multi_evo_agent_runner.py:116] Agent_1 gets win rate: 0.23.
[20260604 21:31:15 @multi_evo_agent_runner.py:79] #------------------------ Iteration 463 --------------------------#
[20260604 21:31:29 @multi_evo_agent_runner.py:85] Sampling 50000 steps by 12 slaves, spending 14.26 s.
[20260604 21:32:27 @multi_evo_agent_runner.py:94] Policy update, spending: 57.72 s.
[20260604 21:32:29 @multi_evo_agent_runner.py:99] Evaluation time: 1.99 s.
[20260604 21:32:29 @multi_evo_agent_runner.py:105] Total time:     558.79 min
[20260604 21:32:29 @multi_evo_agent_runner.py:115] Agent_0 gets eval reward: 480.16.
[20260604 21:32:29 @multi_evo_agent_runner.py:116] Agent_0 gets win rate: 0.23.
[20260604 21:32:29 @multi_evo_agent_runner.py:115] Agent_1 gets eval reward: 330.37.
[20260604 21:32:29 @multi_evo_agent_runner.py:116] Agent_1 gets win rate: 0.19.
[20260604 21:32:29 @multi_evo_agent_runner.py:79] #------------------------ Iteration 464 --------------------------#
[20260604 21:32:44 @multi_evo_agent_runner.py:85] Sampling 50000 steps by 12 slaves, spending 15.07 s.
[20260604 21:33:45 @multi_evo_agent_runner.py:94] Policy update, spending: 60.48 s.
[20260604 21:33:47 @multi_evo_agent_runner.py:99] Evaluation time: 1.97 s.
[20260604 21:33:47 @multi_evo_agent_runner.py:105] Total time:     560.09 min
[20260604 21:33:47 @multi_evo_agent_runner.py:115] Agent_0 gets eval reward: 275.72.
[20260604 21:33:47 @multi_evo_agent_runner.py:116] Agent_0 gets win rate: 0.30.
[20260604 21:33:47 @multi_evo_agent_runner.py:115] Agent_1 gets eval reward: 128.18.
[20260604 21:33:47 @multi_evo_agent_runner.py:116] Agent_1 gets win rate: 0.32.
[20260604 21:33:47 @multi_evo_agent_runner.py:79] #------------------------ Iteration 465 --------------------------#
[20260604 21:34:01 @multi_evo_agent_runner.py:85] Sampling 50000 steps by 12 slaves, spending 14.41 s.
[20260604 21:34:58 @multi_evo_agent_runner.py:94] Policy update, spending: 57.19 s.
[20260604 21:35:01 @multi_evo_agent_runner.py:99] Evaluation time: 2.66 s.
[20260604 21:35:01 @multi_evo_agent_runner.py:105] Total time:     561.33 min
[20260604 21:35:01 @multi_evo_agent_runner.py:115] Agent_0 gets eval reward: 296.56.
[20260604 21:35:01 @multi_evo_agent_runner.py:116] Agent_0 gets win rate: 0.34.
[20260604 21:35:01 @multi_evo_agent_runner.py:115] Agent_1 gets eval reward: 352.59.
[20260604 21:35:01 @multi_evo_agent_runner.py:116] Agent_1 gets win rate: 0.50.
[20260604 21:35:01 @multi_evo_agent_runner.py:79] #------------------------ Iteration 466 --------------------------#
[20260604 21:35:15 @multi_evo_agent_runner.py:85] Sampling 50000 steps by 12 slaves, spending 14.13 s.
[20260604 21:36:42 @multi_evo_agent_runner.py:94] Policy update, spending: 86.55 s.
[20260604 21:36:45 @multi_evo_agent_runner.py:99] Evaluation time: 3.29 s.
[20260604 21:36:45 @multi_evo_agent_runner.py:105] Total time:     563.07 min
[20260604 21:36:45 @multi_evo_agent_runner.py:115] Agent_0 gets eval reward: 1090.06.
[20260604 21:36:45 @multi_evo_agent_runner.py:116] Agent_0 gets win rate: 0.54.
[20260604 21:36:45 @multi_evo_agent_runner.py:115] Agent_1 gets eval reward: -172.84.
[20260604 21:36:45 @multi_evo_agent_runner.py:116] Agent_1 gets win rate: 0.23.
[20260604 21:36:45 @multi_evo_agent_runner.py:510] CRITICAL save best checkpoint with agent_0's rewards 1090.06!
[20260604 21:36:45 @multi_evo_agent_runner.py:79] #------------------------ Iteration 467 --------------------------#
[20260604 21:37:07 @multi_evo_agent_runner.py:85] Sampling 50000 steps by 12 slaves, spending 21.58 s.
[20260604 21:38:08 @multi_evo_agent_runner.py:94] Policy update, spending: 61.25 s.
[20260604 21:38:11 @multi_evo_agent_runner.py:99] Evaluation time: 2.88 s.
[20260604 21:38:11 @multi_evo_agent_runner.py:105] Total time:     564.50 min
[20260604 21:38:11 @multi_evo_agent_runner.py:115] Agent_0 gets eval reward: 408.38.
[20260604 21:38:11 @multi_evo_agent_runner.py:116] Agent_0 gets win rate: 0.45.
[20260604 21:38:11 @multi_evo_agent_runner.py:115] Agent_1 gets eval reward: 53.08.
[20260604 21:38:11 @multi_evo_agent_runner.py:116] Agent_1 gets win rate: 0.36.
[20260604 21:38:11 @multi_evo_agent_runner.py:79] #------------------------ Iteration 468 --------------------------#
[20260604 21:38:33 @multi_evo_agent_runner.py:85] Sampling 50000 steps by 12 slaves, spending 21.77 s.
[20260604 21:39:34 @multi_evo_agent_runner.py:94] Policy update, spending: 61.10 s.
[20260604 21:39:37 @multi_evo_agent_runner.py:99] Evaluation time: 2.62 s.
[20260604 21:39:37 @multi_evo_agent_runner.py:105] Total time:     565.93 min
[20260604 21:39:37 @multi_evo_agent_runner.py:115] Agent_0 gets eval reward: 657.71.
[20260604 21:39:37 @multi_evo_agent_runner.py:116] Agent_0 gets win rate: 0.17.
[20260604 21:39:37 @multi_evo_agent_runner.py:115] Agent_1 gets eval reward: 230.61.
[20260604 21:39:37 @multi_evo_agent_runner.py:116] Agent_1 gets win rate: 0.37.
[20260604 21:39:37 @multi_evo_agent_runner.py:79] #------------------------ Iteration 469 --------------------------#
[20260604 21:39:58 @multi_evo_agent_runner.py:85] Sampling 50000 steps by 12 slaves, spending 20.74 s.
[20260604 21:41:10 @multi_evo_agent_runner.py:94] Policy update, spending: 71.80 s.
[20260604 21:41:14 @multi_evo_agent_runner.py:99] Evaluation time: 3.97 s.
[20260604 21:41:14 @multi_evo_agent_runner.py:105] Total time:     567.54 min
[20260604 21:41:14 @multi_evo_agent_runner.py:115] Agent_0 gets eval reward: 438.23.
[20260604 21:41:14 @multi_evo_agent_runner.py:116] Agent_0 gets win rate: 0.41.
[20260604 21:41:14 @multi_evo_agent_runner.py:115] Agent_1 gets eval reward: 30.21.
[20260604 21:41:14 @multi_evo_agent_runner.py:116] Agent_1 gets win rate: 0.29.
[20260604 21:41:14 @multi_evo_agent_runner.py:79] #------------------------ Iteration 470 --------------------------#
[20260604 21:41:35 @multi_evo_agent_runner.py:85] Sampling 50000 steps by 12 slaves, spending 20.81 s.
[20260604 21:42:43 @multi_evo_agent_runner.py:94] Policy update, spending: 68.57 s.
[20260604 21:42:47 @multi_evo_agent_runner.py:99] Evaluation time: 3.46 s.
[20260604 21:42:47 @multi_evo_agent_runner.py:105] Total time:     569.09 min
[20260604 21:42:47 @multi_evo_agent_runner.py:115] Agent_0 gets eval reward: 586.58.
[20260604 21:42:47 @multi_evo_agent_runner.py:116] Agent_0 gets win rate: 0.41.
[20260604 21:42:47 @multi_evo_agent_runner.py:115] Agent_1 gets eval reward: 325.29.
[20260604 21:42:47 @multi_evo_agent_runner.py:116] Agent_1 gets win rate: 0.35.
[20260604 21:42:47 @multi_evo_agent_runner.py:79] #------------------------ Iteration 471 --------------------------#
[20260604 21:43:09 @multi_evo_agent_runner.py:85] Sampling 50000 steps by 12 slaves, spending 22.60 s.
[20260604 21:44:15 @multi_evo_agent_runner.py:94] Policy update, spending: 65.86 s.
[20260604 21:44:18 @multi_evo_agent_runner.py:99] Evaluation time: 2.93 s.
[20260604 21:44:18 @multi_evo_agent_runner.py:105] Total time:     570.62 min
[20260604 21:44:18 @multi_evo_agent_runner.py:115] Agent_0 gets eval reward: 866.20.
[20260604 21:44:18 @multi_evo_agent_runner.py:116] Agent_0 gets win rate: 0.44.
[20260604 21:44:18 @multi_evo_agent_runner.py:115] Agent_1 gets eval reward: -82.52.
[20260604 21:44:18 @multi_evo_agent_runner.py:116] Agent_1 gets win rate: 0.22.
[20260604 21:44:19 @multi_evo_agent_runner.py:79] #------------------------ Iteration 472 --------------------------#
[20260604 21:44:41 @multi_evo_agent_runner.py:85] Sampling 50000 steps by 12 slaves, spending 22.90 s.
[20260604 21:45:46 @multi_evo_agent_runner.py:94] Policy update, spending: 64.94 s.
[20260604 21:45:50 @multi_evo_agent_runner.py:99] Evaluation time: 3.43 s.
[20260604 21:45:50 @multi_evo_agent_runner.py:105] Total time:     572.14 min
[20260604 21:45:50 @multi_evo_agent_runner.py:115] Agent_0 gets eval reward: 829.91.
[20260604 21:45:50 @multi_evo_agent_runner.py:116] Agent_0 gets win rate: 0.27.
[20260604 21:45:50 @multi_evo_agent_runner.py:115] Agent_1 gets eval reward: 355.72.
[20260604 21:45:50 @multi_evo_agent_runner.py:116] Agent_1 gets win rate: 0.41.
[20260604 21:45:50 @multi_evo_agent_runner.py:79] #------------------------ Iteration 473 --------------------------#
[20260604 21:46:11 @multi_evo_agent_runner.py:85] Sampling 50000 steps by 12 slaves, spending 21.05 s.
[20260604 21:47:23 @multi_evo_agent_runner.py:94] Policy update, spending: 71.35 s.
[20260604 21:47:26 @multi_evo_agent_runner.py:99] Evaluation time: 3.26 s.
[20260604 21:47:26 @multi_evo_agent_runner.py:105] Total time:     573.74 min
[20260604 21:47:26 @multi_evo_agent_runner.py:115] Agent_0 gets eval reward: 668.00.
[20260604 21:47:26 @multi_evo_agent_runner.py:116] Agent_0 gets win rate: 0.43.
[20260604 21:47:26 @multi_evo_agent_runner.py:115] Agent_1 gets eval reward: 96.23.
[20260604 21:47:26 @multi_evo_agent_runner.py:116] Agent_1 gets win rate: 0.29.
[20260604 21:47:26 @multi_evo_agent_runner.py:79] #------------------------ Iteration 474 --------------------------#
[20260604 21:47:48 @multi_evo_agent_runner.py:85] Sampling 50000 steps by 12 slaves, spending 21.91 s.
[20260604 21:49:02 @multi_evo_agent_runner.py:94] Policy update, spending: 74.06 s.
[20260604 21:49:05 @multi_evo_agent_runner.py:99] Evaluation time: 3.27 s.
[20260604 21:49:05 @multi_evo_agent_runner.py:105] Total time:     575.40 min
[20260604 21:49:05 @multi_evo_agent_runner.py:115] Agent_0 gets eval reward: 495.08.
[20260604 21:49:05 @multi_evo_agent_runner.py:116] Agent_0 gets win rate: 0.15.
[20260604 21:49:05 @multi_evo_agent_runner.py:115] Agent_1 gets eval reward: 273.79.
[20260604 21:49:05 @multi_evo_agent_runner.py:116] Agent_1 gets win rate: 0.33.
[20260604 21:49:06 @multi_evo_agent_runner.py:79] #------------------------ Iteration 475 --------------------------#
[20260604 21:49:27 @multi_evo_agent_runner.py:85] Sampling 50000 steps by 12 slaves, spending 21.60 s.
[20260604 21:50:31 @multi_evo_agent_runner.py:94] Policy update, spending: 64.26 s.
[20260604 21:50:35 @multi_evo_agent_runner.py:99] Evaluation time: 3.49 s.
[20260604 21:50:35 @multi_evo_agent_runner.py:105] Total time:     576.89 min
[20260604 21:50:35 @multi_evo_agent_runner.py:115] Agent_0 gets eval reward: 6.41.
[20260604 21:50:35 @multi_evo_agent_runner.py:116] Agent_0 gets win rate: 0.33.
[20260604 21:50:35 @multi_evo_agent_runner.py:115] Agent_1 gets eval reward: 25.28.
[20260604 21:50:35 @multi_evo_agent_runner.py:116] Agent_1 gets win rate: 0.31.
[20260604 21:50:35 @multi_evo_agent_runner.py:79] #------------------------ Iteration 476 --------------------------#
[20260604 21:50:57 @multi_evo_agent_runner.py:85] Sampling 50000 steps by 12 slaves, spending 21.58 s.
[20260604 21:52:03 @multi_evo_agent_runner.py:94] Policy update, spending: 66.31 s.
[20260604 21:52:06 @multi_evo_agent_runner.py:99] Evaluation time: 2.84 s.
[20260604 21:52:06 @multi_evo_agent_runner.py:105] Total time:     578.41 min
[20260604 21:52:06 @multi_evo_agent_runner.py:115] Agent_0 gets eval reward: 629.14.
[20260604 21:52:06 @multi_evo_agent_runner.py:116] Agent_0 gets win rate: 0.29.
[20260604 21:52:06 @multi_evo_agent_runner.py:115] Agent_1 gets eval reward: 342.86.
[20260604 21:52:06 @multi_evo_agent_runner.py:116] Agent_1 gets win rate: 0.42.
[20260604 21:52:06 @multi_evo_agent_runner.py:79] #------------------------ Iteration 477 --------------------------#
[20260604 21:52:38 @multi_evo_agent_runner.py:85] Sampling 50000 steps by 12 slaves, spending 31.86 s.
[20260604 21:53:37 @multi_evo_agent_runner.py:94] Policy update, spending: 59.46 s.
[20260604 21:53:41 @multi_evo_agent_runner.py:99] Evaluation time: 3.80 s.
[20260604 21:53:41 @multi_evo_agent_runner.py:105] Total time:     580.00 min
[20260604 21:53:41 @multi_evo_agent_runner.py:115] Agent_0 gets eval reward: 197.60.
[20260604 21:53:41 @multi_evo_agent_runner.py:116] Agent_0 gets win rate: 0.19.
[20260604 21:53:41 @multi_evo_agent_runner.py:115] Agent_1 gets eval reward: 407.88.
[20260604 21:53:41 @multi_evo_agent_runner.py:116] Agent_1 gets win rate: 0.42.
[20260604 21:53:41 @multi_evo_agent_runner.py:79] #------------------------ Iteration 478 --------------------------#
[20260604 21:54:13 @multi_evo_agent_runner.py:85] Sampling 50000 steps by 12 slaves, spending 31.36 s.
[20260604 21:55:14 @multi_evo_agent_runner.py:94] Policy update, spending: 61.13 s.
[20260604 21:55:18 @multi_evo_agent_runner.py:99] Evaluation time: 4.01 s.
[20260604 21:55:18 @multi_evo_agent_runner.py:105] Total time:     581.61 min
[20260604 21:55:18 @multi_evo_agent_runner.py:115] Agent_0 gets eval reward: 473.22.
[20260604 21:55:18 @multi_evo_agent_runner.py:116] Agent_0 gets win rate: 0.40.
[20260604 21:55:18 @multi_evo_agent_runner.py:115] Agent_1 gets eval reward: -109.50.
[20260604 21:55:18 @multi_evo_agent_runner.py:116] Agent_1 gets win rate: 0.29.
[20260604 21:55:18 @multi_evo_agent_runner.py:79] #------------------------ Iteration 479 --------------------------#
[20260604 21:55:52 @multi_evo_agent_runner.py:85] Sampling 50000 steps by 12 slaves, spending 34.26 s.
[20260604 21:57:27 @multi_evo_agent_runner.py:94] Policy update, spending: 94.75 s.
[20260604 21:57:33 @multi_evo_agent_runner.py:99] Evaluation time: 5.85 s.
[20260604 21:57:33 @multi_evo_agent_runner.py:105] Total time:     583.86 min
[20260604 21:57:33 @multi_evo_agent_runner.py:115] Agent_0 gets eval reward: 586.32.
[20260604 21:57:33 @multi_evo_agent_runner.py:116] Agent_0 gets win rate: 0.50.
[20260604 21:57:33 @multi_evo_agent_runner.py:115] Agent_1 gets eval reward: -209.68.
[20260604 21:57:33 @multi_evo_agent_runner.py:116] Agent_1 gets win rate: 0.24.
[20260604 21:57:33 @multi_evo_agent_runner.py:79] #------------------------ Iteration 480 --------------------------#
[20260604 21:58:01 @multi_evo_agent_runner.py:85] Sampling 50000 steps by 12 slaves, spending 27.85 s.
[20260604 21:59:29 @multi_evo_agent_runner.py:94] Policy update, spending: 87.97 s.
[20260604 21:59:37 @multi_evo_agent_runner.py:99] Evaluation time: 7.48 s.
[20260604 21:59:37 @multi_evo_agent_runner.py:105] Total time:     585.92 min
[20260604 21:59:37 @multi_evo_agent_runner.py:115] Agent_0 gets eval reward: 123.31.
[20260604 21:59:37 @multi_evo_agent_runner.py:116] Agent_0 gets win rate: 0.32.
[20260604 21:59:37 @multi_evo_agent_runner.py:115] Agent_1 gets eval reward: 363.42.
[20260604 21:59:37 @multi_evo_agent_runner.py:116] Agent_1 gets win rate: 0.49.
[20260604 21:59:37 @multi_evo_agent_runner.py:79] #------------------------ Iteration 481 --------------------------#
[20260604 22:00:01 @multi_evo_agent_runner.py:85] Sampling 50000 steps by 12 slaves, spending 23.53 s.
[20260604 22:01:08 @multi_evo_agent_runner.py:94] Policy update, spending: 67.29 s.
[20260604 22:01:12 @multi_evo_agent_runner.py:99] Evaluation time: 4.07 s.
[20260604 22:01:12 @multi_evo_agent_runner.py:105] Total time:     587.51 min
[20260604 22:01:12 @multi_evo_agent_runner.py:115] Agent_0 gets eval reward: 839.96.
[20260604 22:01:12 @multi_evo_agent_runner.py:116] Agent_0 gets win rate: 0.42.
[20260604 22:01:12 @multi_evo_agent_runner.py:115] Agent_1 gets eval reward: -171.40.
[20260604 22:01:12 @multi_evo_agent_runner.py:116] Agent_1 gets win rate: 0.18.
[20260604 22:01:12 @multi_evo_agent_runner.py:79] #------------------------ Iteration 482 --------------------------#
[20260604 22:01:35 @multi_evo_agent_runner.py:85] Sampling 50000 steps by 12 slaves, spending 22.62 s.
[20260604 22:02:42 @multi_evo_agent_runner.py:94] Policy update, spending: 66.75 s.
[20260604 22:02:45 @multi_evo_agent_runner.py:99] Evaluation time: 3.76 s.
[20260604 22:02:45 @multi_evo_agent_runner.py:105] Total time:     589.07 min
[20260604 22:02:46 @multi_evo_agent_runner.py:115] Agent_0 gets eval reward: 746.52.
[20260604 22:02:46 @multi_evo_agent_runner.py:116] Agent_0 gets win rate: 0.50.
[20260604 22:02:46 @multi_evo_agent_runner.py:115] Agent_1 gets eval reward: -172.62.
[20260604 22:02:46 @multi_evo_agent_runner.py:116] Agent_1 gets win rate: 0.22.
[20260604 22:02:46 @multi_evo_agent_runner.py:79] #------------------------ Iteration 483 --------------------------#
[20260604 22:03:06 @multi_evo_agent_runner.py:85] Sampling 50000 steps by 12 slaves, spending 20.32 s.
[20260604 22:04:02 @multi_evo_agent_runner.py:94] Policy update, spending: 55.82 s.
[20260604 22:04:05 @multi_evo_agent_runner.py:99] Evaluation time: 2.85 s.
[20260604 22:04:05 @multi_evo_agent_runner.py:105] Total time:     590.39 min
[20260604 22:04:05 @multi_evo_agent_runner.py:115] Agent_0 gets eval reward: 198.54.
[20260604 22:04:05 @multi_evo_agent_runner.py:116] Agent_0 gets win rate: 0.04.
[20260604 22:04:05 @multi_evo_agent_runner.py:115] Agent_1 gets eval reward: 711.67.
[20260604 22:04:05 @multi_evo_agent_runner.py:116] Agent_1 gets win rate: 0.39.
[20260604 22:04:05 @multi_evo_agent_runner.py:79] #------------------------ Iteration 484 --------------------------#
[20260604 22:04:24 @multi_evo_agent_runner.py:85] Sampling 50000 steps by 12 slaves, spending 18.98 s.
[20260604 22:05:20 @multi_evo_agent_runner.py:94] Policy update, spending: 56.24 s.
[20260604 22:05:23 @multi_evo_agent_runner.py:99] Evaluation time: 2.48 s.
[20260604 22:05:23 @multi_evo_agent_runner.py:105] Total time:     591.69 min
[20260604 22:05:23 @multi_evo_agent_runner.py:115] Agent_0 gets eval reward: 650.45.
[20260604 22:05:23 @multi_evo_agent_runner.py:116] Agent_0 gets win rate: 0.31.
[20260604 22:05:23 @multi_evo_agent_runner.py:115] Agent_1 gets eval reward: 351.30.
[20260604 22:05:23 @multi_evo_agent_runner.py:116] Agent_1 gets win rate: 0.31.
[20260604 22:05:23 @multi_evo_agent_runner.py:79] #------------------------ Iteration 485 --------------------------#
[20260604 22:05:42 @multi_evo_agent_runner.py:85] Sampling 50000 steps by 12 slaves, spending 19.29 s.
[20260604 22:06:45 @multi_evo_agent_runner.py:94] Policy update, spending: 63.22 s.
[20260604 22:06:48 @multi_evo_agent_runner.py:99] Evaluation time: 2.63 s.
[20260604 22:06:48 @multi_evo_agent_runner.py:105] Total time:     593.11 min
[20260604 22:06:48 @multi_evo_agent_runner.py:115] Agent_0 gets eval reward: 941.75.
[20260604 22:06:48 @multi_evo_agent_runner.py:116] Agent_0 gets win rate: 0.47.
[20260604 22:06:48 @multi_evo_agent_runner.py:115] Agent_1 gets eval reward: -250.78.
[20260604 22:06:48 @multi_evo_agent_runner.py:116] Agent_1 gets win rate: 0.07.
[20260604 22:06:48 @multi_evo_agent_runner.py:79] #------------------------ Iteration 486 --------------------------#
[20260604 22:07:06 @multi_evo_agent_runner.py:85] Sampling 50000 steps by 12 slaves, spending 17.81 s.
[20260604 22:08:15 @multi_evo_agent_runner.py:94] Policy update, spending: 69.01 s.
[20260604 22:08:17 @multi_evo_agent_runner.py:99] Evaluation time: 2.48 s.
[20260604 22:08:17 @multi_evo_agent_runner.py:105] Total time:     594.60 min
[20260604 22:08:18 @multi_evo_agent_runner.py:115] Agent_0 gets eval reward: 675.04.
[20260604 22:08:18 @multi_evo_agent_runner.py:116] Agent_0 gets win rate: 0.54.
[20260604 22:08:18 @multi_evo_agent_runner.py:115] Agent_1 gets eval reward: -169.57.
[20260604 22:08:18 @multi_evo_agent_runner.py:116] Agent_1 gets win rate: 0.24.
[20260604 22:08:18 @multi_evo_agent_runner.py:79] #------------------------ Iteration 487 --------------------------#
[20260604 22:08:37 @multi_evo_agent_runner.py:85] Sampling 50000 steps by 12 slaves, spending 18.89 s.
[20260604 22:09:30 @multi_evo_agent_runner.py:94] Policy update, spending: 53.64 s.
[20260604 22:09:33 @multi_evo_agent_runner.py:99] Evaluation time: 2.89 s.
[20260604 22:09:33 @multi_evo_agent_runner.py:105] Total time:     595.86 min
[20260604 22:09:33 @multi_evo_agent_runner.py:115] Agent_0 gets eval reward: 497.73.
[20260604 22:09:33 @multi_evo_agent_runner.py:116] Agent_0 gets win rate: 0.33.
[20260604 22:09:33 @multi_evo_agent_runner.py:115] Agent_1 gets eval reward: 346.47.
[20260604 22:09:33 @multi_evo_agent_runner.py:116] Agent_1 gets win rate: 0.41.
[20260604 22:09:33 @multi_evo_agent_runner.py:79] #------------------------ Iteration 488 --------------------------#
[20260604 22:09:52 @multi_evo_agent_runner.py:85] Sampling 50000 steps by 12 slaves, spending 19.17 s.
[20260604 22:10:45 @multi_evo_agent_runner.py:94] Policy update, spending: 52.36 s.
[20260604 22:10:48 @multi_evo_agent_runner.py:99] Evaluation time: 2.94 s.
[20260604 22:10:48 @multi_evo_agent_runner.py:105] Total time:     597.11 min
[20260604 22:10:48 @multi_evo_agent_runner.py:115] Agent_0 gets eval reward: 513.36.
[20260604 22:10:48 @multi_evo_agent_runner.py:116] Agent_0 gets win rate: 0.40.
[20260604 22:10:48 @multi_evo_agent_runner.py:115] Agent_1 gets eval reward: -117.62.
[20260604 22:10:48 @multi_evo_agent_runner.py:116] Agent_1 gets win rate: 0.33.
[20260604 22:10:48 @multi_evo_agent_runner.py:79] #------------------------ Iteration 489 --------------------------#
[20260604 22:11:06 @multi_evo_agent_runner.py:85] Sampling 50000 steps by 12 slaves, spending 18.54 s.
[20260604 22:12:00 @multi_evo_agent_runner.py:94] Policy update, spending: 53.64 s.
[20260604 22:12:03 @multi_evo_agent_runner.py:99] Evaluation time: 2.88 s.
[20260604 22:12:03 @multi_evo_agent_runner.py:105] Total time:     598.36 min
[20260604 22:12:03 @multi_evo_agent_runner.py:115] Agent_0 gets eval reward: 603.75.
[20260604 22:12:03 @multi_evo_agent_runner.py:116] Agent_0 gets win rate: 0.22.
[20260604 22:12:03 @multi_evo_agent_runner.py:115] Agent_1 gets eval reward: 499.11.
[20260604 22:12:03 @multi_evo_agent_runner.py:116] Agent_1 gets win rate: 0.34.
[20260604 22:12:03 @multi_evo_agent_runner.py:79] #------------------------ Iteration 490 --------------------------#
[20260604 22:12:22 @multi_evo_agent_runner.py:85] Sampling 50000 steps by 12 slaves, spending 18.49 s.
[20260604 22:13:15 @multi_evo_agent_runner.py:94] Policy update, spending: 53.58 s.
[20260604 22:13:18 @multi_evo_agent_runner.py:99] Evaluation time: 2.40 s.
[20260604 22:13:18 @multi_evo_agent_runner.py:105] Total time:     599.61 min
[20260604 22:13:18 @multi_evo_agent_runner.py:115] Agent_0 gets eval reward: 388.26.
[20260604 22:13:18 @multi_evo_agent_runner.py:116] Agent_0 gets win rate: 0.24.
[20260604 22:13:18 @multi_evo_agent_runner.py:115] Agent_1 gets eval reward: 522.81.
[20260604 22:13:18 @multi_evo_agent_runner.py:116] Agent_1 gets win rate: 0.45.
[20260604 22:13:18 @multi_evo_agent_runner.py:79] #------------------------ Iteration 491 --------------------------#
[20260604 22:13:37 @multi_evo_agent_runner.py:85] Sampling 50000 steps by 12 slaves, spending 19.49 s.
[20260604 22:14:34 @multi_evo_agent_runner.py:94] Policy update, spending: 56.50 s.
[20260604 22:14:36 @multi_evo_agent_runner.py:99] Evaluation time: 2.50 s.
[20260604 22:14:36 @multi_evo_agent_runner.py:105] Total time:     600.92 min
[20260604 22:14:36 @multi_evo_agent_runner.py:115] Agent_0 gets eval reward: 512.82.
[20260604 22:14:36 @multi_evo_agent_runner.py:116] Agent_0 gets win rate: 0.52.
[20260604 22:14:36 @multi_evo_agent_runner.py:115] Agent_1 gets eval reward: -170.78.
[20260604 22:14:36 @multi_evo_agent_runner.py:116] Agent_1 gets win rate: 0.32.
[20260604 22:14:36 @multi_evo_agent_runner.py:79] #------------------------ Iteration 492 --------------------------#
[20260604 22:15:01 @multi_evo_agent_runner.py:85] Sampling 50000 steps by 12 slaves, spending 24.38 s.
[20260604 22:15:57 @multi_evo_agent_runner.py:94] Policy update, spending: 55.74 s.
[20260604 22:15:59 @multi_evo_agent_runner.py:99] Evaluation time: 2.68 s.
[20260604 22:15:59 @multi_evo_agent_runner.py:105] Total time:     602.30 min
[20260604 22:15:59 @multi_evo_agent_runner.py:115] Agent_0 gets eval reward: 585.08.
[20260604 22:15:59 @multi_evo_agent_runner.py:116] Agent_0 gets win rate: 0.57.
[20260604 22:15:59 @multi_evo_agent_runner.py:115] Agent_1 gets eval reward: -139.73.
[20260604 22:15:59 @multi_evo_agent_runner.py:116] Agent_1 gets win rate: 0.36.
[20260604 22:15:59 @multi_evo_agent_runner.py:510] CRITICAL save best checkpoint with agent_0's rewards 585.08!
[20260604 22:15:59 @multi_evo_agent_runner.py:79] #------------------------ Iteration 493 --------------------------#
[20260604 22:16:30 @multi_evo_agent_runner.py:85] Sampling 50000 steps by 12 slaves, spending 30.05 s.
[20260604 22:17:17 @multi_evo_agent_runner.py:94] Policy update, spending: 47.62 s.
[20260604 22:17:20 @multi_evo_agent_runner.py:99] Evaluation time: 2.89 s.
[20260604 22:17:20 @multi_evo_agent_runner.py:105] Total time:     603.65 min
[20260604 22:17:20 @multi_evo_agent_runner.py:115] Agent_0 gets eval reward: 195.08.
[20260604 22:17:20 @multi_evo_agent_runner.py:116] Agent_0 gets win rate: 0.29.
[20260604 22:17:20 @multi_evo_agent_runner.py:115] Agent_1 gets eval reward: 371.04.
[20260604 22:17:20 @multi_evo_agent_runner.py:116] Agent_1 gets win rate: 0.41.
[20260604 22:17:20 @multi_evo_agent_runner.py:79] #------------------------ Iteration 494 --------------------------#
[20260604 22:17:50 @multi_evo_agent_runner.py:85] Sampling 50000 steps by 12 slaves, spending 29.71 s.
[20260604 22:19:23 @multi_evo_agent_runner.py:94] Policy update, spending: 93.02 s.
[20260604 22:19:31 @multi_evo_agent_runner.py:99] Evaluation time: 7.95 s.
[20260604 22:19:31 @multi_evo_agent_runner.py:105] Total time:     605.83 min
[20260604 22:19:31 @multi_evo_agent_runner.py:115] Agent_0 gets eval reward: 130.67.
[20260604 22:19:31 @multi_evo_agent_runner.py:116] Agent_0 gets win rate: 0.31.
[20260604 22:19:31 @multi_evo_agent_runner.py:115] Agent_1 gets eval reward: 59.06.
[20260604 22:19:31 @multi_evo_agent_runner.py:116] Agent_1 gets win rate: 0.31.
[20260604 22:19:31 @multi_evo_agent_runner.py:79] #------------------------ Iteration 495 --------------------------#
[20260604 22:19:50 @multi_evo_agent_runner.py:85] Sampling 50000 steps by 12 slaves, spending 18.91 s.
[20260604 22:20:44 @multi_evo_agent_runner.py:94] Policy update, spending: 53.79 s.
[20260604 22:20:47 @multi_evo_agent_runner.py:99] Evaluation time: 2.80 s.
[20260604 22:20:47 @multi_evo_agent_runner.py:105] Total time:     607.09 min
[20260604 22:20:47 @multi_evo_agent_runner.py:115] Agent_0 gets eval reward: 440.86.
[20260604 22:20:47 @multi_evo_agent_runner.py:116] Agent_0 gets win rate: 0.39.
[20260604 22:20:47 @multi_evo_agent_runner.py:115] Agent_1 gets eval reward: -90.62.
[20260604 22:20:47 @multi_evo_agent_runner.py:116] Agent_1 gets win rate: 0.28.
[20260604 22:20:47 @multi_evo_agent_runner.py:79] #------------------------ Iteration 496 --------------------------#
[20260604 22:21:05 @multi_evo_agent_runner.py:85] Sampling 50000 steps by 12 slaves, spending 17.93 s.
[20260604 22:22:00 @multi_evo_agent_runner.py:94] Policy update, spending: 54.86 s.
[20260604 22:22:02 @multi_evo_agent_runner.py:99] Evaluation time: 2.48 s.
[20260604 22:22:02 @multi_evo_agent_runner.py:105] Total time:     608.35 min
[20260604 22:22:02 @multi_evo_agent_runner.py:115] Agent_0 gets eval reward: -294.81.
[20260604 22:22:02 @multi_evo_agent_runner.py:116] Agent_0 gets win rate: 0.10.
[20260604 22:22:02 @multi_evo_agent_runner.py:115] Agent_1 gets eval reward: 347.83.
[20260604 22:22:02 @multi_evo_agent_runner.py:116] Agent_1 gets win rate: 0.35.
[20260604 22:22:02 @multi_evo_agent_runner.py:79] #------------------------ Iteration 497 --------------------------#
[20260604 22:22:21 @multi_evo_agent_runner.py:85] Sampling 50000 steps by 12 slaves, spending 18.72 s.
[20260604 22:23:15 @multi_evo_agent_runner.py:94] Policy update, spending: 54.00 s.
[20260604 22:23:18 @multi_evo_agent_runner.py:99] Evaluation time: 2.52 s.
[20260604 22:23:18 @multi_evo_agent_runner.py:105] Total time:     609.61 min
[20260604 22:23:18 @multi_evo_agent_runner.py:115] Agent_0 gets eval reward: 362.23.
[20260604 22:23:18 @multi_evo_agent_runner.py:116] Agent_0 gets win rate: 0.32.
[20260604 22:23:18 @multi_evo_agent_runner.py:115] Agent_1 gets eval reward: -113.07.
[20260604 22:23:18 @multi_evo_agent_runner.py:116] Agent_1 gets win rate: 0.29.
[20260604 22:23:18 @multi_evo_agent_runner.py:79] #------------------------ Iteration 498 --------------------------#
[20260604 22:23:37 @multi_evo_agent_runner.py:85] Sampling 50000 steps by 12 slaves, spending 19.10 s.
[20260604 22:24:34 @multi_evo_agent_runner.py:94] Policy update, spending: 57.46 s.
[20260604 22:24:37 @multi_evo_agent_runner.py:99] Evaluation time: 2.58 s.
[20260604 22:24:37 @multi_evo_agent_runner.py:105] Total time:     610.93 min
[20260604 22:24:37 @multi_evo_agent_runner.py:115] Agent_0 gets eval reward: 431.61.
[20260604 22:24:37 @multi_evo_agent_runner.py:116] Agent_0 gets win rate: 0.28.
[20260604 22:24:37 @multi_evo_agent_runner.py:115] Agent_1 gets eval reward: 211.46.
[20260604 22:24:37 @multi_evo_agent_runner.py:116] Agent_1 gets win rate: 0.47.
[20260604 22:24:37 @multi_evo_agent_runner.py:79] #------------------------ Iteration 499 --------------------------#
[20260604 22:24:55 @multi_evo_agent_runner.py:85] Sampling 50000 steps by 12 slaves, spending 17.65 s.
[20260604 22:25:46 @multi_evo_agent_runner.py:94] Policy update, spending: 51.63 s.
[20260604 22:25:49 @multi_evo_agent_runner.py:99] Evaluation time: 2.46 s.
[20260604 22:25:49 @multi_evo_agent_runner.py:105] Total time:     612.13 min
[20260604 22:25:49 @multi_evo_agent_runner.py:115] Agent_0 gets eval reward: 147.11.
[20260604 22:25:49 @multi_evo_agent_runner.py:116] Agent_0 gets win rate: 0.11.
[20260604 22:25:49 @multi_evo_agent_runner.py:115] Agent_1 gets eval reward: 408.75.
[20260604 22:25:49 @multi_evo_agent_runner.py:116] Agent_1 gets win rate: 0.22.
[20260604 22:25:49 @multi_evo_agent_runner.py:79] #------------------------ Iteration 500 --------------------------#
[20260604 22:26:08 @multi_evo_agent_runner.py:85] Sampling 50000 steps by 12 slaves, spending 18.71 s.
[20260604 22:26:58 @multi_evo_agent_runner.py:94] Policy update, spending: 49.88 s.
[20260604 22:27:00 @multi_evo_agent_runner.py:99] Evaluation time: 2.50 s.
[20260604 22:27:00 @multi_evo_agent_runner.py:105] Total time:     613.31 min
[20260604 22:27:00 @multi_evo_agent_runner.py:115] Agent_0 gets eval reward: 874.84.
[20260604 22:27:00 @multi_evo_agent_runner.py:116] Agent_0 gets win rate: 0.44.
[20260604 22:27:00 @multi_evo_agent_runner.py:115] Agent_1 gets eval reward: -388.64.
[20260604 22:27:00 @multi_evo_agent_runner.py:116] Agent_1 gets win rate: 0.15.
[20260604 22:27:00 @multi_evo_agent_runner.py:510] CRITICAL save best checkpoint with agent_0's rewards 874.84!
[20260604 22:27:00 @multi_evo_agent_runner.py:79] #------------------------ Iteration 501 --------------------------#
[20260604 22:27:19 @multi_evo_agent_runner.py:85] Sampling 50000 steps by 12 slaves, spending 18.29 s.
[20260604 22:28:10 @multi_evo_agent_runner.py:94] Policy update, spending: 51.36 s.
[20260604 22:28:12 @multi_evo_agent_runner.py:99] Evaluation time: 2.47 s.
[20260604 22:28:12 @multi_evo_agent_runner.py:105] Total time:     614.52 min
[20260604 22:28:13 @multi_evo_agent_runner.py:115] Agent_0 gets eval reward: 397.13.
[20260604 22:28:13 @multi_evo_agent_runner.py:116] Agent_0 gets win rate: 0.39.
[20260604 22:28:13 @multi_evo_agent_runner.py:115] Agent_1 gets eval reward: 7.24.
[20260604 22:28:13 @multi_evo_agent_runner.py:116] Agent_1 gets win rate: 0.33.
[20260604 22:28:13 @multi_evo_agent_runner.py:79] #------------------------ Iteration 502 --------------------------#
[20260604 22:28:31 @multi_evo_agent_runner.py:85] Sampling 50000 steps by 12 slaves, spending 18.33 s.
[20260604 22:29:21 @multi_evo_agent_runner.py:94] Policy update, spending: 50.31 s.
[20260604 22:29:24 @multi_evo_agent_runner.py:99] Evaluation time: 2.52 s.
[20260604 22:29:24 @multi_evo_agent_runner.py:105] Total time:     615.71 min
[20260604 22:29:24 @multi_evo_agent_runner.py:115] Agent_0 gets eval reward: 200.84.
[20260604 22:29:24 @multi_evo_agent_runner.py:116] Agent_0 gets win rate: 0.15.
[20260604 22:29:24 @multi_evo_agent_runner.py:115] Agent_1 gets eval reward: 539.66.
[20260604 22:29:24 @multi_evo_agent_runner.py:116] Agent_1 gets win rate: 0.26.
[20260604 22:29:24 @multi_evo_agent_runner.py:79] #------------------------ Iteration 503 --------------------------#
[20260604 22:29:42 @multi_evo_agent_runner.py:85] Sampling 50000 steps by 12 slaves, spending 18.17 s.
[20260604 22:30:40 @multi_evo_agent_runner.py:94] Policy update, spending: 58.17 s.
[20260604 22:30:43 @multi_evo_agent_runner.py:99] Evaluation time: 2.42 s.
[20260604 22:30:43 @multi_evo_agent_runner.py:105] Total time:     617.02 min
[20260604 22:30:43 @multi_evo_agent_runner.py:115] Agent_0 gets eval reward: 660.38.
[20260604 22:30:43 @multi_evo_agent_runner.py:116] Agent_0 gets win rate: 0.32.
[20260604 22:30:43 @multi_evo_agent_runner.py:115] Agent_1 gets eval reward: 354.70.
[20260604 22:30:43 @multi_evo_agent_runner.py:116] Agent_1 gets win rate: 0.38.
[20260604 22:30:43 @multi_evo_agent_runner.py:79] #------------------------ Iteration 504 --------------------------#
[20260604 22:31:00 @multi_evo_agent_runner.py:85] Sampling 50000 steps by 12 slaves, spending 17.49 s.
[20260604 22:32:12 @multi_evo_agent_runner.py:94] Policy update, spending: 71.72 s.
[20260604 22:32:15 @multi_evo_agent_runner.py:99] Evaluation time: 2.64 s.
[20260604 22:32:15 @multi_evo_agent_runner.py:105] Total time:     618.56 min
[20260604 22:32:15 @multi_evo_agent_runner.py:115] Agent_0 gets eval reward: 845.96.
[20260604 22:32:15 @multi_evo_agent_runner.py:116] Agent_0 gets win rate: 0.38.
[20260604 22:32:15 @multi_evo_agent_runner.py:115] Agent_1 gets eval reward: 105.61.
[20260604 22:32:15 @multi_evo_agent_runner.py:116] Agent_1 gets win rate: 0.32.
[20260604 22:32:15 @multi_evo_agent_runner.py:79] #------------------------ Iteration 505 --------------------------#
[20260604 22:32:33 @multi_evo_agent_runner.py:85] Sampling 50000 steps by 12 slaves, spending 17.97 s.
[20260604 22:33:31 @multi_evo_agent_runner.py:94] Policy update, spending: 57.66 s.
[20260604 22:33:33 @multi_evo_agent_runner.py:99] Evaluation time: 2.63 s.
[20260604 22:33:33 @multi_evo_agent_runner.py:105] Total time:     619.87 min
[20260604 22:33:33 @multi_evo_agent_runner.py:115] Agent_0 gets eval reward: 247.62.
[20260604 22:33:33 @multi_evo_agent_runner.py:116] Agent_0 gets win rate: 0.25.
[20260604 22:33:33 @multi_evo_agent_runner.py:115] Agent_1 gets eval reward: 78.42.
[20260604 22:33:33 @multi_evo_agent_runner.py:116] Agent_1 gets win rate: 0.28.
[20260604 22:33:33 @multi_evo_agent_runner.py:79] #------------------------ Iteration 506 --------------------------#
[20260604 22:33:53 @multi_evo_agent_runner.py:85] Sampling 50000 steps by 12 slaves, spending 19.80 s.
[20260604 22:34:48 @multi_evo_agent_runner.py:94] Policy update, spending: 54.71 s.
[20260604 22:34:50 @multi_evo_agent_runner.py:99] Evaluation time: 2.55 s.
[20260604 22:34:50 @multi_evo_agent_runner.py:105] Total time:     621.15 min
[20260604 22:34:51 @multi_evo_agent_runner.py:115] Agent_0 gets eval reward: 872.39.
[20260604 22:34:51 @multi_evo_agent_runner.py:116] Agent_0 gets win rate: 0.35.
[20260604 22:34:51 @multi_evo_agent_runner.py:115] Agent_1 gets eval reward: -264.89.
[20260604 22:34:51 @multi_evo_agent_runner.py:116] Agent_1 gets win rate: 0.16.
[20260604 22:34:51 @multi_evo_agent_runner.py:79] #------------------------ Iteration 507 --------------------------#
[20260604 22:35:15 @multi_evo_agent_runner.py:85] Sampling 50000 steps by 12 slaves, spending 24.11 s.
[20260604 22:36:06 @multi_evo_agent_runner.py:94] Policy update, spending: 51.08 s.
[20260604 22:36:08 @multi_evo_agent_runner.py:99] Evaluation time: 2.61 s.
[20260604 22:36:08 @multi_evo_agent_runner.py:105] Total time:     622.45 min
[20260604 22:36:09 @multi_evo_agent_runner.py:115] Agent_0 gets eval reward: 243.95.
[20260604 22:36:09 @multi_evo_agent_runner.py:116] Agent_0 gets win rate: 0.35.
[20260604 22:36:09 @multi_evo_agent_runner.py:115] Agent_1 gets eval reward: 327.39.
[20260604 22:36:09 @multi_evo_agent_runner.py:116] Agent_1 gets win rate: 0.47.
[20260604 22:36:09 @multi_evo_agent_runner.py:79] #------------------------ Iteration 508 --------------------------#
[20260604 22:36:38 @multi_evo_agent_runner.py:85] Sampling 50000 steps by 12 slaves, spending 29.60 s.
[20260604 22:37:27 @multi_evo_agent_runner.py:94] Policy update, spending: 48.43 s.
[20260604 22:37:33 @multi_evo_agent_runner.py:99] Evaluation time: 5.94 s.
[20260604 22:37:33 @multi_evo_agent_runner.py:105] Total time:     623.86 min
[20260604 22:37:33 @multi_evo_agent_runner.py:115] Agent_0 gets eval reward: 319.55.
[20260604 22:37:33 @multi_evo_agent_runner.py:116] Agent_0 gets win rate: 0.31.
[20260604 22:37:33 @multi_evo_agent_runner.py:115] Agent_1 gets eval reward: 75.72.
[20260604 22:37:33 @multi_evo_agent_runner.py:116] Agent_1 gets win rate: 0.31.
[20260604 22:37:33 @multi_evo_agent_runner.py:79] #------------------------ Iteration 509 --------------------------#
[20260604 22:37:59 @multi_evo_agent_runner.py:85] Sampling 50000 steps by 12 slaves, spending 25.50 s.
[20260604 22:39:21 @multi_evo_agent_runner.py:94] Policy update, spending: 82.82 s.
[20260604 22:39:29 @multi_evo_agent_runner.py:99] Evaluation time: 8.07 s.
[20260604 22:39:29 @multi_evo_agent_runner.py:105] Total time:     625.80 min
[20260604 22:39:30 @multi_evo_agent_runner.py:115] Agent_0 gets eval reward: 27.71.
[20260604 22:39:30 @multi_evo_agent_runner.py:116] Agent_0 gets win rate: 0.14.
[20260604 22:39:30 @multi_evo_agent_runner.py:115] Agent_1 gets eval reward: 245.66.
[20260604 22:39:30 @multi_evo_agent_runner.py:116] Agent_1 gets win rate: 0.25.
[20260604 22:39:30 @multi_evo_agent_runner.py:79] #------------------------ Iteration 510 --------------------------#
[20260604 22:39:52 @multi_evo_agent_runner.py:85] Sampling 50000 steps by 12 slaves, spending 21.84 s.
[20260604 22:40:49 @multi_evo_agent_runner.py:94] Policy update, spending: 56.89 s.
[20260604 22:40:56 @multi_evo_agent_runner.py:99] Evaluation time: 7.38 s.
[20260604 22:40:56 @multi_evo_agent_runner.py:105] Total time:     627.25 min
[20260604 22:40:56 @multi_evo_agent_runner.py:115] Agent_0 gets eval reward: 524.44.
[20260604 22:40:56 @multi_evo_agent_runner.py:116] Agent_0 gets win rate: 0.26.
[20260604 22:40:56 @multi_evo_agent_runner.py:115] Agent_1 gets eval reward: 10.21.
[20260604 22:40:56 @multi_evo_agent_runner.py:116] Agent_1 gets win rate: 0.16.
[20260604 22:40:56 @multi_evo_agent_runner.py:79] #------------------------ Iteration 511 --------------------------#
[20260604 22:41:17 @multi_evo_agent_runner.py:85] Sampling 50000 steps by 12 slaves, spending 20.29 s.
[20260604 22:42:19 @multi_evo_agent_runner.py:94] Policy update, spending: 62.20 s.
[20260604 22:42:22 @multi_evo_agent_runner.py:99] Evaluation time: 2.72 s.
[20260604 22:42:22 @multi_evo_agent_runner.py:105] Total time:     628.67 min
[20260604 22:42:22 @multi_evo_agent_runner.py:115] Agent_0 gets eval reward: 662.89.
[20260604 22:42:22 @multi_evo_agent_runner.py:116] Agent_0 gets win rate: 0.37.
[20260604 22:42:22 @multi_evo_agent_runner.py:115] Agent_1 gets eval reward: -154.87.
[20260604 22:42:22 @multi_evo_agent_runner.py:116] Agent_1 gets win rate: 0.23.
[20260604 22:42:22 @multi_evo_agent_runner.py:79] #------------------------ Iteration 512 --------------------------#
[20260604 22:42:43 @multi_evo_agent_runner.py:85] Sampling 50000 steps by 12 slaves, spending 21.13 s.
[20260604 22:43:42 @multi_evo_agent_runner.py:94] Policy update, spending: 59.04 s.
[20260604 22:43:45 @multi_evo_agent_runner.py:99] Evaluation time: 3.15 s.
[20260604 22:43:45 @multi_evo_agent_runner.py:105] Total time:     630.07 min
[20260604 22:43:45 @multi_evo_agent_runner.py:115] Agent_0 gets eval reward: 196.54.
[20260604 22:43:45 @multi_evo_agent_runner.py:116] Agent_0 gets win rate: 0.20.
[20260604 22:43:45 @multi_evo_agent_runner.py:115] Agent_1 gets eval reward: 316.14.
[20260604 22:43:45 @multi_evo_agent_runner.py:116] Agent_1 gets win rate: 0.43.
[20260604 22:43:45 @multi_evo_agent_runner.py:79] #------------------------ Iteration 513 --------------------------#
[20260604 22:44:04 @multi_evo_agent_runner.py:85] Sampling 50000 steps by 12 slaves, spending 19.00 s.
[20260604 22:45:01 @multi_evo_agent_runner.py:94] Policy update, spending: 56.51 s.
[20260604 22:45:04 @multi_evo_agent_runner.py:99] Evaluation time: 2.94 s.
[20260604 22:45:04 @multi_evo_agent_runner.py:105] Total time:     631.38 min
[20260604 22:45:04 @multi_evo_agent_runner.py:115] Agent_0 gets eval reward: 95.40.
[20260604 22:45:04 @multi_evo_agent_runner.py:116] Agent_0 gets win rate: 0.28.
[20260604 22:45:04 @multi_evo_agent_runner.py:115] Agent_1 gets eval reward: 291.24.
[20260604 22:45:04 @multi_evo_agent_runner.py:116] Agent_1 gets win rate: 0.34.
[20260604 22:45:04 @multi_evo_agent_runner.py:79] #------------------------ Iteration 514 --------------------------#
[20260604 22:45:23 @multi_evo_agent_runner.py:85] Sampling 50000 steps by 12 slaves, spending 18.52 s.
[20260604 22:46:19 @multi_evo_agent_runner.py:94] Policy update, spending: 56.19 s.
[20260604 22:46:22 @multi_evo_agent_runner.py:99] Evaluation time: 2.80 s.
[20260604 22:46:22 @multi_evo_agent_runner.py:105] Total time:     632.67 min
[20260604 22:46:22 @multi_evo_agent_runner.py:115] Agent_0 gets eval reward: 67.62.
[20260604 22:46:22 @multi_evo_agent_runner.py:116] Agent_0 gets win rate: 0.20.
[20260604 22:46:22 @multi_evo_agent_runner.py:115] Agent_1 gets eval reward: 437.51.
[20260604 22:46:22 @multi_evo_agent_runner.py:116] Agent_1 gets win rate: 0.49.
[20260604 22:46:22 @multi_evo_agent_runner.py:79] #------------------------ Iteration 515 --------------------------#
[20260604 22:46:44 @multi_evo_agent_runner.py:85] Sampling 50000 steps by 12 slaves, spending 21.89 s.
[20260604 22:47:44 @multi_evo_agent_runner.py:94] Policy update, spending: 60.11 s.
[20260604 22:47:47 @multi_evo_agent_runner.py:99] Evaluation time: 3.02 s.
[20260604 22:47:47 @multi_evo_agent_runner.py:105] Total time:     634.09 min
[20260604 22:47:47 @multi_evo_agent_runner.py:115] Agent_0 gets eval reward: 349.24.
[20260604 22:47:47 @multi_evo_agent_runner.py:116] Agent_0 gets win rate: 0.20.
[20260604 22:47:47 @multi_evo_agent_runner.py:115] Agent_1 gets eval reward: -157.75.
[20260604 22:47:47 @multi_evo_agent_runner.py:116] Agent_1 gets win rate: 0.30.
[20260604 22:47:47 @multi_evo_agent_runner.py:79] #------------------------ Iteration 516 --------------------------#
[20260604 22:48:10 @multi_evo_agent_runner.py:85] Sampling 50000 steps by 12 slaves, spending 22.59 s.
[20260604 22:49:12 @multi_evo_agent_runner.py:94] Policy update, spending: 62.10 s.
[20260604 22:49:15 @multi_evo_agent_runner.py:99] Evaluation time: 3.78 s.
[20260604 22:49:15 @multi_evo_agent_runner.py:105] Total time:     635.57 min
[20260604 22:49:16 @multi_evo_agent_runner.py:115] Agent_0 gets eval reward: 256.27.
[20260604 22:49:16 @multi_evo_agent_runner.py:116] Agent_0 gets win rate: 0.27.
[20260604 22:49:16 @multi_evo_agent_runner.py:115] Agent_1 gets eval reward: 131.73.
[20260604 22:49:16 @multi_evo_agent_runner.py:116] Agent_1 gets win rate: 0.38.
[20260604 22:49:16 @multi_evo_agent_runner.py:79] #------------------------ Iteration 517 --------------------------#
[20260604 22:49:41 @multi_evo_agent_runner.py:85] Sampling 50000 steps by 12 slaves, spending 24.90 s.
[20260604 22:50:43 @multi_evo_agent_runner.py:94] Policy update, spending: 62.05 s.
[20260604 22:50:47 @multi_evo_agent_runner.py:99] Evaluation time: 4.11 s.
[20260604 22:50:47 @multi_evo_agent_runner.py:105] Total time:     637.09 min
[20260604 22:50:47 @multi_evo_agent_runner.py:115] Agent_0 gets eval reward: 212.78.
[20260604 22:50:47 @multi_evo_agent_runner.py:116] Agent_0 gets win rate: 0.33.
[20260604 22:50:47 @multi_evo_agent_runner.py:115] Agent_1 gets eval reward: 305.89.
[20260604 22:50:47 @multi_evo_agent_runner.py:116] Agent_1 gets win rate: 0.44.
[20260604 22:50:47 @multi_evo_agent_runner.py:79] #------------------------ Iteration 518 --------------------------#
[20260604 22:51:12 @multi_evo_agent_runner.py:85] Sampling 50000 steps by 12 slaves, spending 25.24 s.
[20260604 22:52:24 @multi_evo_agent_runner.py:94] Policy update, spending: 72.07 s.
[20260604 22:52:28 @multi_evo_agent_runner.py:99] Evaluation time: 4.07 s.
[20260604 22:52:28 @multi_evo_agent_runner.py:105] Total time:     638.79 min
[20260604 22:52:29 @multi_evo_agent_runner.py:115] Agent_0 gets eval reward: 737.18.
[20260604 22:52:29 @multi_evo_agent_runner.py:116] Agent_0 gets win rate: 0.45.
[20260604 22:52:29 @multi_evo_agent_runner.py:115] Agent_1 gets eval reward: -59.21.
[20260604 22:52:29 @multi_evo_agent_runner.py:116] Agent_1 gets win rate: 0.27.
[20260604 22:52:29 @multi_evo_agent_runner.py:510] CRITICAL save best checkpoint with agent_0's rewards 737.18!
[20260604 22:52:29 @multi_evo_agent_runner.py:79] #------------------------ Iteration 519 --------------------------#
[20260604 22:52:52 @multi_evo_agent_runner.py:85] Sampling 50000 steps by 12 slaves, spending 23.46 s.
[20260604 22:54:22 @multi_evo_agent_runner.py:94] Policy update, spending: 90.06 s.
[20260604 22:54:27 @multi_evo_agent_runner.py:99] Evaluation time: 4.54 s.
[20260604 22:54:27 @multi_evo_agent_runner.py:105] Total time:     640.76 min
[20260604 22:54:27 @multi_evo_agent_runner.py:115] Agent_0 gets eval reward: 393.01.
[20260604 22:54:27 @multi_evo_agent_runner.py:116] Agent_0 gets win rate: 0.33.
[20260604 22:54:27 @multi_evo_agent_runner.py:115] Agent_1 gets eval reward: 108.19.
[20260604 22:54:27 @multi_evo_agent_runner.py:116] Agent_1 gets win rate: 0.41.
[20260604 22:54:27 @multi_evo_agent_runner.py:79] #------------------------ Iteration 520 --------------------------#
[20260604 22:54:51 @multi_evo_agent_runner.py:85] Sampling 50000 steps by 12 slaves, spending 23.77 s.
[20260604 22:56:15 @multi_evo_agent_runner.py:94] Policy update, spending: 84.45 s.
[20260604 22:56:20 @multi_evo_agent_runner.py:99] Evaluation time: 4.28 s.
[20260604 22:56:20 @multi_evo_agent_runner.py:105] Total time:     642.64 min
[20260604 22:56:20 @multi_evo_agent_runner.py:115] Agent_0 gets eval reward: 398.34.
[20260604 22:56:20 @multi_evo_agent_runner.py:116] Agent_0 gets win rate: 0.27.
[20260604 22:56:20 @multi_evo_agent_runner.py:115] Agent_1 gets eval reward: 243.26.
[20260604 22:56:20 @multi_evo_agent_runner.py:116] Agent_1 gets win rate: 0.36.
[20260604 22:56:20 @multi_evo_agent_runner.py:79] #------------------------ Iteration 521 --------------------------#
[20260604 22:56:43 @multi_evo_agent_runner.py:85] Sampling 50000 steps by 12 slaves, spending 22.98 s.
[20260604 22:58:20 @multi_evo_agent_runner.py:94] Policy update, spending: 97.26 s.
[20260604 22:58:24 @multi_evo_agent_runner.py:99] Evaluation time: 3.38 s.
[20260604 22:58:24 @multi_evo_agent_runner.py:105] Total time:     644.71 min
[20260604 22:58:24 @multi_evo_agent_runner.py:115] Agent_0 gets eval reward: 453.94.
[20260604 22:58:24 @multi_evo_agent_runner.py:116] Agent_0 gets win rate: 0.26.
[20260604 22:58:24 @multi_evo_agent_runner.py:115] Agent_1 gets eval reward: 95.51.
[20260604 22:58:24 @multi_evo_agent_runner.py:116] Agent_1 gets win rate: 0.26.
[20260604 22:58:24 @multi_evo_agent_runner.py:79] #------------------------ Iteration 522 --------------------------#
[20260604 22:58:51 @multi_evo_agent_runner.py:85] Sampling 50000 steps by 12 slaves, spending 27.28 s.
[20260604 23:00:17 @multi_evo_agent_runner.py:94] Policy update, spending: 85.41 s.
[20260604 23:00:20 @multi_evo_agent_runner.py:99] Evaluation time: 3.30 s.
[20260604 23:00:20 @multi_evo_agent_runner.py:105] Total time:     646.64 min
[20260604 23:00:20 @multi_evo_agent_runner.py:115] Agent_0 gets eval reward: 105.84.
[20260604 23:00:20 @multi_evo_agent_runner.py:116] Agent_0 gets win rate: 0.29.
[20260604 23:00:20 @multi_evo_agent_runner.py:115] Agent_1 gets eval reward: 283.66.
[20260604 23:00:20 @multi_evo_agent_runner.py:116] Agent_1 gets win rate: 0.45.
[20260604 23:00:20 @multi_evo_agent_runner.py:79] #------------------------ Iteration 523 --------------------------#
[20260604 23:00:50 @multi_evo_agent_runner.py:85] Sampling 50000 steps by 12 slaves, spending 30.01 s.
[20260604 23:02:07 @multi_evo_agent_runner.py:94] Policy update, spending: 76.90 s.
[20260604 23:02:10 @multi_evo_agent_runner.py:99] Evaluation time: 3.22 s.
[20260604 23:02:10 @multi_evo_agent_runner.py:105] Total time:     648.48 min
[20260604 23:02:10 @multi_evo_agent_runner.py:115] Agent_0 gets eval reward: 608.39.
[20260604 23:02:10 @multi_evo_agent_runner.py:116] Agent_0 gets win rate: 0.56.
[20260604 23:02:10 @multi_evo_agent_runner.py:115] Agent_1 gets eval reward: -234.95.
[20260604 23:02:10 @multi_evo_agent_runner.py:116] Agent_1 gets win rate: 0.33.
[20260604 23:02:10 @multi_evo_agent_runner.py:510] CRITICAL save best checkpoint with agent_0's rewards 608.39!
[20260604 23:02:10 @multi_evo_agent_runner.py:79] #------------------------ Iteration 524 --------------------------#
[20260604 23:02:43 @multi_evo_agent_runner.py:85] Sampling 50000 steps by 12 slaves, spending 32.33 s.
[20260604 23:03:57 @multi_evo_agent_runner.py:94] Policy update, spending: 74.45 s.
[20260604 23:04:01 @multi_evo_agent_runner.py:99] Evaluation time: 3.59 s.
[20260604 23:04:01 @multi_evo_agent_runner.py:105] Total time:     650.33 min
[20260604 23:04:01 @multi_evo_agent_runner.py:115] Agent_0 gets eval reward: 520.32.
[20260604 23:04:01 @multi_evo_agent_runner.py:116] Agent_0 gets win rate: 0.49.
[20260604 23:04:01 @multi_evo_agent_runner.py:115] Agent_1 gets eval reward: -100.06.
[20260604 23:04:01 @multi_evo_agent_runner.py:116] Agent_1 gets win rate: 0.32.
[20260604 23:04:01 @multi_evo_agent_runner.py:79] #------------------------ Iteration 525 --------------------------#
[20260604 23:04:36 @multi_evo_agent_runner.py:85] Sampling 50000 steps by 12 slaves, spending 35.19 s.
[20260604 23:05:51 @multi_evo_agent_runner.py:94] Policy update, spending: 74.47 s.
[20260604 23:05:56 @multi_evo_agent_runner.py:99] Evaluation time: 4.70 s.
[20260604 23:05:56 @multi_evo_agent_runner.py:105] Total time:     652.24 min
[20260604 23:05:56 @multi_evo_agent_runner.py:115] Agent_0 gets eval reward: 591.52.
[20260604 23:05:56 @multi_evo_agent_runner.py:116] Agent_0 gets win rate: 0.47.
[20260604 23:05:56 @multi_evo_agent_runner.py:115] Agent_1 gets eval reward: -220.02.
[20260604 23:05:56 @multi_evo_agent_runner.py:116] Agent_1 gets win rate: 0.30.
[20260604 23:05:56 @multi_evo_agent_runner.py:79] #------------------------ Iteration 526 --------------------------#
[20260604 23:06:34 @multi_evo_agent_runner.py:85] Sampling 50000 steps by 12 slaves, spending 38.72 s.
[20260604 23:08:05 @multi_evo_agent_runner.py:94] Policy update, spending: 90.45 s.
[20260604 23:08:12 @multi_evo_agent_runner.py:99] Evaluation time: 6.62 s.
[20260604 23:08:12 @multi_evo_agent_runner.py:105] Total time:     654.51 min
[20260604 23:08:12 @multi_evo_agent_runner.py:115] Agent_0 gets eval reward: 691.11.
[20260604 23:08:12 @multi_evo_agent_runner.py:116] Agent_0 gets win rate: 0.39.
[20260604 23:08:12 @multi_evo_agent_runner.py:115] Agent_1 gets eval reward: -315.79.
[20260604 23:08:12 @multi_evo_agent_runner.py:116] Agent_1 gets win rate: 0.18.
[20260604 23:08:12 @multi_evo_agent_runner.py:510] CRITICAL save best checkpoint with agent_0's rewards 691.11!
[20260604 23:08:12 @multi_evo_agent_runner.py:79] #------------------------ Iteration 527 --------------------------#
[20260604 23:08:46 @multi_evo_agent_runner.py:85] Sampling 50000 steps by 12 slaves, spending 34.37 s.
[20260604 23:10:13 @multi_evo_agent_runner.py:94] Policy update, spending: 86.05 s.
[20260604 23:10:23 @multi_evo_agent_runner.py:99] Evaluation time: 10.47 s.
[20260604 23:10:23 @multi_evo_agent_runner.py:105] Total time:     656.70 min
[20260604 23:10:23 @multi_evo_agent_runner.py:115] Agent_0 gets eval reward: 336.27.
[20260604 23:10:23 @multi_evo_agent_runner.py:116] Agent_0 gets win rate: 0.35.
[20260604 23:10:23 @multi_evo_agent_runner.py:115] Agent_1 gets eval reward: 226.47.
[20260604 23:10:23 @multi_evo_agent_runner.py:116] Agent_1 gets win rate: 0.38.
[20260604 23:10:24 @multi_evo_agent_runner.py:79] #------------------------ Iteration 528 --------------------------#
[20260604 23:10:49 @multi_evo_agent_runner.py:85] Sampling 50000 steps by 12 slaves, spending 25.07 s.
[20260604 23:12:01 @multi_evo_agent_runner.py:94] Policy update, spending: 72.55 s.
[20260604 23:12:08 @multi_evo_agent_runner.py:99] Evaluation time: 7.26 s.
[20260604 23:12:08 @multi_evo_agent_runner.py:105] Total time:     658.45 min
[20260604 23:12:09 @multi_evo_agent_runner.py:115] Agent_0 gets eval reward: 549.21.
[20260604 23:12:09 @multi_evo_agent_runner.py:116] Agent_0 gets win rate: 0.37.
[20260604 23:12:09 @multi_evo_agent_runner.py:115] Agent_1 gets eval reward: -75.89.
[20260604 23:12:09 @multi_evo_agent_runner.py:116] Agent_1 gets win rate: 0.29.
[20260604 23:12:09 @multi_evo_agent_runner.py:79] #------------------------ Iteration 529 --------------------------#
[20260604 23:12:35 @multi_evo_agent_runner.py:85] Sampling 50000 steps by 12 slaves, spending 26.53 s.
[20260604 23:13:51 @multi_evo_agent_runner.py:94] Policy update, spending: 75.10 s.
[20260604 23:13:58 @multi_evo_agent_runner.py:99] Evaluation time: 7.93 s.
[20260604 23:13:58 @multi_evo_agent_runner.py:105] Total time:     660.29 min
[20260604 23:13:59 @multi_evo_agent_runner.py:115] Agent_0 gets eval reward: 410.94.
[20260604 23:13:59 @multi_evo_agent_runner.py:116] Agent_0 gets win rate: 0.25.
[20260604 23:13:59 @multi_evo_agent_runner.py:115] Agent_1 gets eval reward: -149.39.
[20260604 23:13:59 @multi_evo_agent_runner.py:116] Agent_1 gets win rate: 0.21.
[20260604 23:13:59 @multi_evo_agent_runner.py:79] #------------------------ Iteration 530 --------------------------#
[20260604 23:14:23 @multi_evo_agent_runner.py:85] Sampling 50000 steps by 12 slaves, spending 24.76 s.
[20260604 23:15:43 @multi_evo_agent_runner.py:94] Policy update, spending: 79.56 s.
[20260604 23:15:47 @multi_evo_agent_runner.py:99] Evaluation time: 3.70 s.
[20260604 23:15:47 @multi_evo_agent_runner.py:105] Total time:     662.09 min
[20260604 23:15:47 @multi_evo_agent_runner.py:115] Agent_0 gets eval reward: 277.98.
[20260604 23:15:47 @multi_evo_agent_runner.py:116] Agent_0 gets win rate: 0.18.
[20260604 23:15:47 @multi_evo_agent_runner.py:115] Agent_1 gets eval reward: 304.15.
[20260604 23:15:47 @multi_evo_agent_runner.py:116] Agent_1 gets win rate: 0.29.
[20260604 23:15:47 @multi_evo_agent_runner.py:79] #------------------------ Iteration 531 --------------------------#
[20260604 23:16:13 @multi_evo_agent_runner.py:85] Sampling 50000 steps by 12 slaves, spending 26.36 s.
[20260604 23:17:32 @multi_evo_agent_runner.py:94] Policy update, spending: 78.84 s.
[20260604 23:17:36 @multi_evo_agent_runner.py:99] Evaluation time: 4.08 s.
[20260604 23:17:36 @multi_evo_agent_runner.py:105] Total time:     663.92 min
[20260604 23:17:37 @multi_evo_agent_runner.py:115] Agent_0 gets eval reward: 36.90.
[20260604 23:17:37 @multi_evo_agent_runner.py:116] Agent_0 gets win rate: 0.16.
[20260604 23:17:37 @multi_evo_agent_runner.py:115] Agent_1 gets eval reward: 258.90.
[20260604 23:17:37 @multi_evo_agent_runner.py:116] Agent_1 gets win rate: 0.35.
[20260604 23:17:37 @multi_evo_agent_runner.py:79] #------------------------ Iteration 532 --------------------------#
[20260604 23:18:00 @multi_evo_agent_runner.py:85] Sampling 50000 steps by 12 slaves, spending 23.68 s.
[20260604 23:19:21 @multi_evo_agent_runner.py:94] Policy update, spending: 80.75 s.
[20260604 23:19:25 @multi_evo_agent_runner.py:99] Evaluation time: 4.02 s.
[20260604 23:19:25 @multi_evo_agent_runner.py:105] Total time:     665.73 min
[20260604 23:19:25 @multi_evo_agent_runner.py:115] Agent_0 gets eval reward: 436.51.
[20260604 23:19:25 @multi_evo_agent_runner.py:116] Agent_0 gets win rate: 0.42.
[20260604 23:19:25 @multi_evo_agent_runner.py:115] Agent_1 gets eval reward: -16.63.
[20260604 23:19:25 @multi_evo_agent_runner.py:116] Agent_1 gets win rate: 0.34.
[20260604 23:19:25 @multi_evo_agent_runner.py:510] CRITICAL save best checkpoint with agent_0's rewards 436.51!
[20260604 23:19:25 @multi_evo_agent_runner.py:79] #------------------------ Iteration 533 --------------------------#
[20260604 23:19:51 @multi_evo_agent_runner.py:85] Sampling 50000 steps by 12 slaves, spending 25.18 s.
[20260604 23:21:11 @multi_evo_agent_runner.py:94] Policy update, spending: 80.43 s.
[20260604 23:21:14 @multi_evo_agent_runner.py:99] Evaluation time: 3.19 s.
[20260604 23:21:14 @multi_evo_agent_runner.py:105] Total time:     667.55 min
[20260604 23:21:14 @multi_evo_agent_runner.py:115] Agent_0 gets eval reward: 270.46.
[20260604 23:21:14 @multi_evo_agent_runner.py:116] Agent_0 gets win rate: 0.23.
[20260604 23:21:14 @multi_evo_agent_runner.py:115] Agent_1 gets eval reward: 270.72.
[20260604 23:21:14 @multi_evo_agent_runner.py:116] Agent_1 gets win rate: 0.42.
[20260604 23:21:14 @multi_evo_agent_runner.py:79] #------------------------ Iteration 534 --------------------------#
[20260604 23:21:41 @multi_evo_agent_runner.py:85] Sampling 50000 steps by 12 slaves, spending 27.04 s.
[20260604 23:22:59 @multi_evo_agent_runner.py:94] Policy update, spending: 77.86 s.
[20260604 23:23:03 @multi_evo_agent_runner.py:99] Evaluation time: 3.88 s.
[20260604 23:23:03 @multi_evo_agent_runner.py:105] Total time:     669.36 min
[20260604 23:23:03 @multi_evo_agent_runner.py:115] Agent_0 gets eval reward: 232.11.
[20260604 23:23:03 @multi_evo_agent_runner.py:116] Agent_0 gets win rate: 0.17.
[20260604 23:23:03 @multi_evo_agent_runner.py:115] Agent_1 gets eval reward: 380.73.
[20260604 23:23:03 @multi_evo_agent_runner.py:116] Agent_1 gets win rate: 0.31.
[20260604 23:23:03 @multi_evo_agent_runner.py:79] #------------------------ Iteration 535 --------------------------#
[20260604 23:23:29 @multi_evo_agent_runner.py:85] Sampling 50000 steps by 12 slaves, spending 25.24 s.
[20260604 23:24:53 @multi_evo_agent_runner.py:94] Policy update, spending: 84.53 s.
[20260604 23:24:57 @multi_evo_agent_runner.py:99] Evaluation time: 3.58 s.
[20260604 23:24:57 @multi_evo_agent_runner.py:105] Total time:     671.26 min
[20260604 23:24:57 @multi_evo_agent_runner.py:115] Agent_0 gets eval reward: 420.67.
[20260604 23:24:57 @multi_evo_agent_runner.py:116] Agent_0 gets win rate: 0.26.
[20260604 23:24:57 @multi_evo_agent_runner.py:115] Agent_1 gets eval reward: 119.99.
[20260604 23:24:57 @multi_evo_agent_runner.py:116] Agent_1 gets win rate: 0.39.
[20260604 23:24:57 @multi_evo_agent_runner.py:79] #------------------------ Iteration 536 --------------------------#
[20260604 23:25:22 @multi_evo_agent_runner.py:85] Sampling 50000 steps by 12 slaves, spending 24.74 s.
[20260604 23:26:39 @multi_evo_agent_runner.py:94] Policy update, spending: 77.33 s.
[20260604 23:26:44 @multi_evo_agent_runner.py:99] Evaluation time: 4.63 s.
[20260604 23:26:44 @multi_evo_agent_runner.py:105] Total time:     673.04 min
[20260604 23:26:44 @multi_evo_agent_runner.py:115] Agent_0 gets eval reward: 539.22.
[20260604 23:26:44 @multi_evo_agent_runner.py:116] Agent_0 gets win rate: 0.46.
[20260604 23:26:44 @multi_evo_agent_runner.py:115] Agent_1 gets eval reward: -100.51.
[20260604 23:26:44 @multi_evo_agent_runner.py:116] Agent_1 gets win rate: 0.30.
[20260604 23:26:44 @multi_evo_agent_runner.py:510] CRITICAL save best checkpoint with agent_0's rewards 539.22!
[20260604 23:26:44 @multi_evo_agent_runner.py:79] #------------------------ Iteration 537 --------------------------#
[20260604 23:27:08 @multi_evo_agent_runner.py:85] Sampling 50000 steps by 12 slaves, spending 24.06 s.
[20260604 23:28:43 @multi_evo_agent_runner.py:94] Policy update, spending: 95.45 s.
[20260604 23:28:46 @multi_evo_agent_runner.py:99] Evaluation time: 2.66 s.
[20260604 23:28:46 @multi_evo_agent_runner.py:105] Total time:     675.08 min
[20260604 23:28:46 @multi_evo_agent_runner.py:115] Agent_0 gets eval reward: 194.23.
[20260604 23:28:46 @multi_evo_agent_runner.py:116] Agent_0 gets win rate: 0.41.
[20260604 23:28:46 @multi_evo_agent_runner.py:115] Agent_1 gets eval reward: 75.18.
[20260604 23:28:46 @multi_evo_agent_runner.py:116] Agent_1 gets win rate: 0.44.
[20260604 23:28:46 @multi_evo_agent_runner.py:79] #------------------------ Iteration 538 --------------------------#
[20260604 23:29:13 @multi_evo_agent_runner.py:85] Sampling 50000 steps by 12 slaves, spending 27.08 s.
[20260604 23:30:29 @multi_evo_agent_runner.py:94] Policy update, spending: 76.05 s.
[20260604 23:30:34 @multi_evo_agent_runner.py:99] Evaluation time: 4.49 s.
[20260604 23:30:34 @multi_evo_agent_runner.py:105] Total time:     676.88 min
[20260604 23:30:34 @multi_evo_agent_runner.py:115] Agent_0 gets eval reward: 239.28.
[20260604 23:30:34 @multi_evo_agent_runner.py:116] Agent_0 gets win rate: 0.26.
[20260604 23:30:34 @multi_evo_agent_runner.py:115] Agent_1 gets eval reward: 290.88.
[20260604 23:30:34 @multi_evo_agent_runner.py:116] Agent_1 gets win rate: 0.49.
[20260604 23:30:34 @multi_evo_agent_runner.py:79] #------------------------ Iteration 539 --------------------------#
[20260604 23:30:58 @multi_evo_agent_runner.py:85] Sampling 50000 steps by 12 slaves, spending 23.77 s.
[20260604 23:32:16 @multi_evo_agent_runner.py:94] Policy update, spending: 77.59 s.
[20260604 23:32:19 @multi_evo_agent_runner.py:99] Evaluation time: 3.22 s.
[20260604 23:32:19 @multi_evo_agent_runner.py:105] Total time:     678.63 min
[20260604 23:32:19 @multi_evo_agent_runner.py:115] Agent_0 gets eval reward: 821.14.
[20260604 23:32:19 @multi_evo_agent_runner.py:116] Agent_0 gets win rate: 0.50.
[20260604 23:32:19 @multi_evo_agent_runner.py:115] Agent_1 gets eval reward: -415.61.
[20260604 23:32:19 @multi_evo_agent_runner.py:116] Agent_1 gets win rate: 0.16.
[20260604 23:32:19 @multi_evo_agent_runner.py:510] CRITICAL save best checkpoint with agent_0's rewards 821.14!
[20260604 23:32:19 @multi_evo_agent_runner.py:79] #------------------------ Iteration 540 --------------------------#
[20260604 23:32:45 @multi_evo_agent_runner.py:85] Sampling 50000 steps by 12 slaves, spending 26.05 s.
[20260604 23:34:01 @multi_evo_agent_runner.py:94] Policy update, spending: 76.05 s.
[20260604 23:34:05 @multi_evo_agent_runner.py:99] Evaluation time: 4.04 s.
[20260604 23:34:05 @multi_evo_agent_runner.py:105] Total time:     680.40 min
[20260604 23:34:05 @multi_evo_agent_runner.py:115] Agent_0 gets eval reward: 304.50.
[20260604 23:34:05 @multi_evo_agent_runner.py:116] Agent_0 gets win rate: 0.28.
[20260604 23:34:05 @multi_evo_agent_runner.py:115] Agent_1 gets eval reward: 219.83.
[20260604 23:34:05 @multi_evo_agent_runner.py:116] Agent_1 gets win rate: 0.34.
[20260604 23:34:06 @multi_evo_agent_runner.py:79] #------------------------ Iteration 541 --------------------------#
[20260604 23:34:33 @multi_evo_agent_runner.py:85] Sampling 50000 steps by 12 slaves, spending 27.19 s.
[20260604 23:35:54 @multi_evo_agent_runner.py:94] Policy update, spending: 81.54 s.
[20260604 23:35:58 @multi_evo_agent_runner.py:99] Evaluation time: 3.75 s.
[20260604 23:35:58 @multi_evo_agent_runner.py:105] Total time:     682.28 min
[20260604 23:35:58 @multi_evo_agent_runner.py:115] Agent_0 gets eval reward: 484.28.
[20260604 23:35:58 @multi_evo_agent_runner.py:116] Agent_0 gets win rate: 0.31.
[20260604 23:35:58 @multi_evo_agent_runner.py:115] Agent_1 gets eval reward: -160.95.
[20260604 23:35:58 @multi_evo_agent_runner.py:116] Agent_1 gets win rate: 0.17.
[20260604 23:35:58 @multi_evo_agent_runner.py:79] #------------------------ Iteration 542 --------------------------#
[20260604 23:36:24 @multi_evo_agent_runner.py:85] Sampling 50000 steps by 12 slaves, spending 25.54 s.
[20260604 23:37:48 @multi_evo_agent_runner.py:94] Policy update, spending: 84.32 s.
[20260604 23:37:52 @multi_evo_agent_runner.py:99] Evaluation time: 3.84 s.
[20260604 23:37:52 @multi_evo_agent_runner.py:105] Total time:     684.18 min
[20260604 23:37:52 @multi_evo_agent_runner.py:115] Agent_0 gets eval reward: 86.13.
[20260604 23:37:52 @multi_evo_agent_runner.py:116] Agent_0 gets win rate: 0.31.
[20260604 23:37:52 @multi_evo_agent_runner.py:115] Agent_1 gets eval reward: 209.60.
[20260604 23:37:52 @multi_evo_agent_runner.py:116] Agent_1 gets win rate: 0.48.
[20260604 23:37:52 @multi_evo_agent_runner.py:79] #------------------------ Iteration 543 --------------------------#
[20260604 23:38:18 @multi_evo_agent_runner.py:85] Sampling 50000 steps by 12 slaves, spending 25.87 s.
[20260604 23:39:44 @multi_evo_agent_runner.py:94] Policy update, spending: 86.03 s.
[20260604 23:39:48 @multi_evo_agent_runner.py:99] Evaluation time: 4.03 s.
[20260604 23:39:48 @multi_evo_agent_runner.py:105] Total time:     686.12 min
[20260604 23:39:48 @multi_evo_agent_runner.py:115] Agent_0 gets eval reward: 199.73.
[20260604 23:39:48 @multi_evo_agent_runner.py:116] Agent_0 gets win rate: 0.23.
[20260604 23:39:48 @multi_evo_agent_runner.py:115] Agent_1 gets eval reward: 404.76.
[20260604 23:39:48 @multi_evo_agent_runner.py:116] Agent_1 gets win rate: 0.45.
[20260604 23:39:49 @multi_evo_agent_runner.py:79] #------------------------ Iteration 544 --------------------------#
[20260604 23:40:20 @multi_evo_agent_runner.py:85] Sampling 50000 steps by 12 slaves, spending 31.78 s.
[20260604 23:41:34 @multi_evo_agent_runner.py:94] Policy update, spending: 73.84 s.
[20260604 23:41:38 @multi_evo_agent_runner.py:99] Evaluation time: 4.03 s.
[20260604 23:41:38 @multi_evo_agent_runner.py:105] Total time:     687.95 min
[20260604 23:41:38 @multi_evo_agent_runner.py:115] Agent_0 gets eval reward: -165.78.
[20260604 23:41:38 @multi_evo_agent_runner.py:116] Agent_0 gets win rate: 0.15.
[20260604 23:41:38 @multi_evo_agent_runner.py:115] Agent_1 gets eval reward: 493.42.
[20260604 23:41:38 @multi_evo_agent_runner.py:116] Agent_1 gets win rate: 0.44.
[20260604 23:41:39 @multi_evo_agent_runner.py:79] #------------------------ Iteration 545 --------------------------#
[20260604 23:42:14 @multi_evo_agent_runner.py:85] Sampling 50000 steps by 12 slaves, spending 35.09 s.
[20260604 23:43:26 @multi_evo_agent_runner.py:94] Policy update, spending: 72.60 s.
[20260604 23:43:30 @multi_evo_agent_runner.py:99] Evaluation time: 3.54 s.
[20260604 23:43:30 @multi_evo_agent_runner.py:105] Total time:     689.81 min
[20260604 23:43:30 @multi_evo_agent_runner.py:115] Agent_0 gets eval reward: 784.28.
[20260604 23:43:30 @multi_evo_agent_runner.py:116] Agent_0 gets win rate: 0.38.
[20260604 23:43:30 @multi_evo_agent_runner.py:115] Agent_1 gets eval reward: -41.94.
[20260604 23:43:30 @multi_evo_agent_runner.py:116] Agent_1 gets win rate: 0.14.
[20260604 23:43:30 @multi_evo_agent_runner.py:79] #------------------------ Iteration 546 --------------------------#
[20260604 23:44:08 @multi_evo_agent_runner.py:85] Sampling 50000 steps by 12 slaves, spending 38.34 s.
[20260604 23:45:22 @multi_evo_agent_runner.py:94] Policy update, spending: 74.09 s.
[20260604 23:45:27 @multi_evo_agent_runner.py:99] Evaluation time: 4.59 s.
[20260604 23:45:27 @multi_evo_agent_runner.py:105] Total time:     691.76 min
[20260604 23:45:27 @multi_evo_agent_runner.py:115] Agent_0 gets eval reward: -31.50.
[20260604 23:45:27 @multi_evo_agent_runner.py:116] Agent_0 gets win rate: 0.10.
[20260604 23:45:27 @multi_evo_agent_runner.py:115] Agent_1 gets eval reward: 333.42.
[20260604 23:45:27 @multi_evo_agent_runner.py:116] Agent_1 gets win rate: 0.34.
[20260604 23:45:27 @multi_evo_agent_runner.py:79] #------------------------ Iteration 547 --------------------------#
[20260604 23:46:05 @multi_evo_agent_runner.py:85] Sampling 50000 steps by 12 slaves, spending 37.92 s.
[20260604 23:47:50 @multi_evo_agent_runner.py:94] Policy update, spending: 105.13 s.
[20260604 23:48:00 @multi_evo_agent_runner.py:99] Evaluation time: 9.21 s.
[20260604 23:48:00 @multi_evo_agent_runner.py:105] Total time:     694.31 min
[20260604 23:48:00 @multi_evo_agent_runner.py:115] Agent_0 gets eval reward: 230.49.
[20260604 23:48:00 @multi_evo_agent_runner.py:116] Agent_0 gets win rate: 0.23.
[20260604 23:48:00 @multi_evo_agent_runner.py:115] Agent_1 gets eval reward: 242.25.
[20260604 23:48:00 @multi_evo_agent_runner.py:116] Agent_1 gets win rate: 0.40.
[20260604 23:48:00 @multi_evo_agent_runner.py:79] #------------------------ Iteration 548 --------------------------#
[20260604 23:48:34 @multi_evo_agent_runner.py:85] Sampling 50000 steps by 12 slaves, spending 33.68 s.
[20260604 23:49:56 @multi_evo_agent_runner.py:94] Policy update, spending: 82.30 s.
[20260604 23:50:00 @multi_evo_agent_runner.py:99] Evaluation time: 3.95 s.
[20260604 23:50:00 @multi_evo_agent_runner.py:105] Total time:     696.31 min
[20260604 23:50:00 @multi_evo_agent_runner.py:115] Agent_0 gets eval reward: 436.69.
[20260604 23:50:00 @multi_evo_agent_runner.py:116] Agent_0 gets win rate: 0.42.
[20260604 23:50:00 @multi_evo_agent_runner.py:115] Agent_1 gets eval reward: -48.35.
[20260604 23:50:00 @multi_evo_agent_runner.py:116] Agent_1 gets win rate: 0.31.
[20260604 23:50:00 @multi_evo_agent_runner.py:79] #------------------------ Iteration 549 --------------------------#
[20260604 23:50:23 @multi_evo_agent_runner.py:85] Sampling 50000 steps by 12 slaves, spending 22.88 s.
[20260604 23:51:43 @multi_evo_agent_runner.py:94] Policy update, spending: 79.46 s.
[20260604 23:51:46 @multi_evo_agent_runner.py:99] Evaluation time: 3.25 s.
[20260604 23:51:46 @multi_evo_agent_runner.py:105] Total time:     698.08 min
[20260604 23:51:46 @multi_evo_agent_runner.py:115] Agent_0 gets eval reward: 343.64.
[20260604 23:51:46 @multi_evo_agent_runner.py:116] Agent_0 gets win rate: 0.28.
[20260604 23:51:46 @multi_evo_agent_runner.py:115] Agent_1 gets eval reward: 86.05.
[20260604 23:51:46 @multi_evo_agent_runner.py:116] Agent_1 gets win rate: 0.31.
[20260604 23:51:46 @multi_evo_agent_runner.py:79] #------------------------ Iteration 550 --------------------------#
[20260604 23:52:13 @multi_evo_agent_runner.py:85] Sampling 50000 steps by 12 slaves, spending 26.75 s.
[20260604 23:53:34 @multi_evo_agent_runner.py:94] Policy update, spending: 80.99 s.
[20260604 23:53:37 @multi_evo_agent_runner.py:99] Evaluation time: 3.31 s.
[20260604 23:53:37 @multi_evo_agent_runner.py:105] Total time:     699.94 min
[20260604 23:53:38 @multi_evo_agent_runner.py:115] Agent_0 gets eval reward: 87.56.
[20260604 23:53:38 @multi_evo_agent_runner.py:116] Agent_0 gets win rate: 0.21.
[20260604 23:53:38 @multi_evo_agent_runner.py:115] Agent_1 gets eval reward: -135.90.
[20260604 23:53:38 @multi_evo_agent_runner.py:116] Agent_1 gets win rate: 0.29.
[20260604 23:53:38 @multi_evo_agent_runner.py:79] #------------------------ Iteration 551 --------------------------#
[20260604 23:54:03 @multi_evo_agent_runner.py:85] Sampling 50000 steps by 12 slaves, spending 25.21 s.
[20260604 23:55:22 @multi_evo_agent_runner.py:94] Policy update, spending: 79.18 s.
[20260604 23:55:26 @multi_evo_agent_runner.py:99] Evaluation time: 3.65 s.
[20260604 23:55:26 @multi_evo_agent_runner.py:105] Total time:     701.74 min
[20260604 23:55:26 @multi_evo_agent_runner.py:115] Agent_0 gets eval reward: 52.55.
[20260604 23:55:26 @multi_evo_agent_runner.py:116] Agent_0 gets win rate: 0.15.
[20260604 23:55:26 @multi_evo_agent_runner.py:115] Agent_1 gets eval reward: 330.86.
[20260604 23:55:26 @multi_evo_agent_runner.py:116] Agent_1 gets win rate: 0.35.
[20260604 23:55:26 @multi_evo_agent_runner.py:79] #------------------------ Iteration 552 --------------------------#
[20260604 23:55:53 @multi_evo_agent_runner.py:85] Sampling 50000 steps by 12 slaves, spending 27.03 s.
[20260604 23:57:18 @multi_evo_agent_runner.py:94] Policy update, spending: 85.21 s.
[20260604 23:57:22 @multi_evo_agent_runner.py:99] Evaluation time: 3.52 s.
[20260604 23:57:22 @multi_evo_agent_runner.py:105] Total time:     703.67 min
[20260604 23:57:22 @multi_evo_agent_runner.py:115] Agent_0 gets eval reward: 209.67.
[20260604 23:57:22 @multi_evo_agent_runner.py:116] Agent_0 gets win rate: 0.34.
[20260604 23:57:22 @multi_evo_agent_runner.py:115] Agent_1 gets eval reward: 167.84.
[20260604 23:57:22 @multi_evo_agent_runner.py:116] Agent_1 gets win rate: 0.34.
[20260604 23:57:22 @multi_evo_agent_runner.py:79] #------------------------ Iteration 553 --------------------------#
[20260604 23:57:48 @multi_evo_agent_runner.py:85] Sampling 50000 steps by 12 slaves, spending 25.69 s.
[20260604 23:59:03 @multi_evo_agent_runner.py:94] Policy update, spending: 75.40 s.
[20260604 23:59:07 @multi_evo_agent_runner.py:99] Evaluation time: 4.24 s.
[20260604 23:59:07 @multi_evo_agent_runner.py:105] Total time:     705.43 min
[20260604 23:59:07 @multi_evo_agent_runner.py:115] Agent_0 gets eval reward: -71.26.
[20260604 23:59:07 @multi_evo_agent_runner.py:116] Agent_0 gets win rate: 0.10.
[20260604 23:59:07 @multi_evo_agent_runner.py:115] Agent_1 gets eval reward: 406.57.
[20260604 23:59:07 @multi_evo_agent_runner.py:116] Agent_1 gets win rate: 0.40.
[20260604 23:59:08 @multi_evo_agent_runner.py:79] #------------------------ Iteration 554 --------------------------#
[20260604 23:59:32 @multi_evo_agent_runner.py:85] Sampling 50000 steps by 12 slaves, spending 24.86 s.
[20260605 00:00:51 @multi_evo_agent_runner.py:94] Policy update, spending: 78.62 s.
[20260605 00:00:55 @multi_evo_agent_runner.py:99] Evaluation time: 4.08 s.
[20260605 00:00:55 @multi_evo_agent_runner.py:105] Total time:     707.23 min
[20260605 00:00:55 @multi_evo_agent_runner.py:115] Agent_0 gets eval reward: 163.35.
[20260605 00:00:55 @multi_evo_agent_runner.py:116] Agent_0 gets win rate: 0.40.
[20260605 00:00:55 @multi_evo_agent_runner.py:115] Agent_1 gets eval reward: 105.73.
[20260605 00:00:55 @multi_evo_agent_runner.py:116] Agent_1 gets win rate: 0.43.
[20260605 00:00:55 @multi_evo_agent_runner.py:79] #------------------------ Iteration 555 --------------------------#
[20260605 00:01:23 @multi_evo_agent_runner.py:85] Sampling 50000 steps by 12 slaves, spending 27.28 s.
[20260605 00:02:48 @multi_evo_agent_runner.py:94] Policy update, spending: 85.17 s.
[20260605 00:02:51 @multi_evo_agent_runner.py:99] Evaluation time: 3.34 s.
[20260605 00:02:51 @multi_evo_agent_runner.py:105] Total time:     709.17 min
[20260605 00:02:51 @multi_evo_agent_runner.py:115] Agent_0 gets eval reward: -133.81.
[20260605 00:02:51 @multi_evo_agent_runner.py:116] Agent_0 gets win rate: 0.28.
[20260605 00:02:51 @multi_evo_agent_runner.py:115] Agent_1 gets eval reward: 56.89.
[20260605 00:02:51 @multi_evo_agent_runner.py:116] Agent_1 gets win rate: 0.41.
[20260605 00:02:52 @multi_evo_agent_runner.py:79] #------------------------ Iteration 556 --------------------------#
[20260605 00:03:17 @multi_evo_agent_runner.py:85] Sampling 50000 steps by 12 slaves, spending 25.27 s.
[20260605 00:04:52 @multi_evo_agent_runner.py:94] Policy update, spending: 95.63 s.
[20260605 00:04:56 @multi_evo_agent_runner.py:99] Evaluation time: 3.66 s.
[20260605 00:04:56 @multi_evo_agent_runner.py:105] Total time:     711.25 min
[20260605 00:04:56 @multi_evo_agent_runner.py:115] Agent_0 gets eval reward: 742.19.
[20260605 00:04:56 @multi_evo_agent_runner.py:116] Agent_0 gets win rate: 0.41.
[20260605 00:04:56 @multi_evo_agent_runner.py:115] Agent_1 gets eval reward: -140.50.
[20260605 00:04:56 @multi_evo_agent_runner.py:116] Agent_1 gets win rate: 0.25.
[20260605 00:04:56 @multi_evo_agent_runner.py:79] #------------------------ Iteration 557 --------------------------#
[20260605 00:05:22 @multi_evo_agent_runner.py:85] Sampling 50000 steps by 12 slaves, spending 25.68 s.
[20260605 00:06:39 @multi_evo_agent_runner.py:94] Policy update, spending: 76.77 s.
[20260605 00:06:43 @multi_evo_agent_runner.py:99] Evaluation time: 3.79 s.
[20260605 00:06:43 @multi_evo_agent_runner.py:105] Total time:     713.02 min
[20260605 00:06:43 @multi_evo_agent_runner.py:115] Agent_0 gets eval reward: 676.28.
[20260605 00:06:43 @multi_evo_agent_runner.py:116] Agent_0 gets win rate: 0.40.
[20260605 00:06:43 @multi_evo_agent_runner.py:115] Agent_1 gets eval reward: -57.04.
[20260605 00:06:43 @multi_evo_agent_runner.py:116] Agent_1 gets win rate: 0.26.
[20260605 00:06:43 @multi_evo_agent_runner.py:79] #------------------------ Iteration 558 --------------------------#
[20260605 00:07:08 @multi_evo_agent_runner.py:85] Sampling 50000 steps by 12 slaves, spending 24.94 s.
[20260605 00:08:25 @multi_evo_agent_runner.py:94] Policy update, spending: 77.21 s.
[20260605 00:08:29 @multi_evo_agent_runner.py:99] Evaluation time: 3.71 s.
[20260605 00:08:29 @multi_evo_agent_runner.py:105] Total time:     714.79 min
[20260605 00:08:29 @multi_evo_agent_runner.py:115] Agent_0 gets eval reward: 167.22.
[20260605 00:08:29 @multi_evo_agent_runner.py:116] Agent_0 gets win rate: 0.27.
[20260605 00:08:29 @multi_evo_agent_runner.py:115] Agent_1 gets eval reward: 124.81.
[20260605 00:08:29 @multi_evo_agent_runner.py:116] Agent_1 gets win rate: 0.39.
[20260605 00:08:29 @multi_evo_agent_runner.py:79] #------------------------ Iteration 559 --------------------------#
[20260605 00:08:55 @multi_evo_agent_runner.py:85] Sampling 50000 steps by 12 slaves, spending 25.53 s.
[20260605 00:10:10 @multi_evo_agent_runner.py:94] Policy update, spending: 75.68 s.
[20260605 00:10:14 @multi_evo_agent_runner.py:99] Evaluation time: 3.77 s.
[20260605 00:10:14 @multi_evo_agent_runner.py:105] Total time:     716.55 min
[20260605 00:10:14 @multi_evo_agent_runner.py:115] Agent_0 gets eval reward: 422.59.
[20260605 00:10:14 @multi_evo_agent_runner.py:116] Agent_0 gets win rate: 0.38.
[20260605 00:10:14 @multi_evo_agent_runner.py:115] Agent_1 gets eval reward: -358.27.
[20260605 00:10:14 @multi_evo_agent_runner.py:116] Agent_1 gets win rate: 0.21.
[20260605 00:10:14 @multi_evo_agent_runner.py:79] #------------------------ Iteration 560 --------------------------#
[20260605 00:10:39 @multi_evo_agent_runner.py:85] Sampling 50000 steps by 12 slaves, spending 24.82 s.
[20260605 00:11:55 @multi_evo_agent_runner.py:94] Policy update, spending: 75.81 s.
[20260605 00:11:58 @multi_evo_agent_runner.py:99] Evaluation time: 3.41 s.
[20260605 00:11:58 @multi_evo_agent_runner.py:105] Total time:     718.28 min
[20260605 00:11:58 @multi_evo_agent_runner.py:115] Agent_0 gets eval reward: 612.81.
[20260605 00:11:58 @multi_evo_agent_runner.py:116] Agent_0 gets win rate: 0.15.
[20260605 00:11:58 @multi_evo_agent_runner.py:115] Agent_1 gets eval reward: 26.97.
[20260605 00:11:58 @multi_evo_agent_runner.py:116] Agent_1 gets win rate: 0.22.
[20260605 00:11:59 @multi_evo_agent_runner.py:79] #------------------------ Iteration 561 --------------------------#
[20260605 00:12:25 @multi_evo_agent_runner.py:85] Sampling 50000 steps by 12 slaves, spending 26.80 s.
[20260605 00:13:54 @multi_evo_agent_runner.py:94] Policy update, spending: 88.36 s.
[20260605 00:13:57 @multi_evo_agent_runner.py:99] Evaluation time: 3.64 s.
[20260605 00:13:57 @multi_evo_agent_runner.py:105] Total time:     720.27 min
[20260605 00:13:58 @multi_evo_agent_runner.py:115] Agent_0 gets eval reward: 396.54.
[20260605 00:13:58 @multi_evo_agent_runner.py:116] Agent_0 gets win rate: 0.13.
[20260605 00:13:58 @multi_evo_agent_runner.py:115] Agent_1 gets eval reward: -266.15.
[20260605 00:13:58 @multi_evo_agent_runner.py:116] Agent_1 gets win rate: 0.04.
[20260605 00:13:58 @multi_evo_agent_runner.py:79] #------------------------ Iteration 562 --------------------------#
[20260605 00:14:22 @multi_evo_agent_runner.py:85] Sampling 50000 steps by 12 slaves, spending 24.65 s.
[20260605 00:15:48 @multi_evo_agent_runner.py:94] Policy update, spending: 85.51 s.
[20260605 00:15:52 @multi_evo_agent_runner.py:99] Evaluation time: 3.96 s.
[20260605 00:15:52 @multi_evo_agent_runner.py:105] Total time:     722.18 min
[20260605 00:15:52 @multi_evo_agent_runner.py:115] Agent_0 gets eval reward: 231.28.
[20260605 00:15:52 @multi_evo_agent_runner.py:116] Agent_0 gets win rate: 0.21.
[20260605 00:15:52 @multi_evo_agent_runner.py:115] Agent_1 gets eval reward: -18.19.
[20260605 00:15:52 @multi_evo_agent_runner.py:116] Agent_1 gets win rate: 0.24.
[20260605 00:15:52 @multi_evo_agent_runner.py:79] #------------------------ Iteration 563 --------------------------#
[20260605 00:16:16 @multi_evo_agent_runner.py:85] Sampling 50000 steps by 12 slaves, spending 24.23 s.
[20260605 00:17:38 @multi_evo_agent_runner.py:94] Policy update, spending: 81.89 s.
[20260605 00:17:41 @multi_evo_agent_runner.py:99] Evaluation time: 3.08 s.
[20260605 00:17:41 @multi_evo_agent_runner.py:105] Total time:     724.00 min
[20260605 00:17:41 @multi_evo_agent_runner.py:115] Agent_0 gets eval reward: 416.67.
[20260605 00:17:41 @multi_evo_agent_runner.py:116] Agent_0 gets win rate: 0.12.
[20260605 00:17:41 @multi_evo_agent_runner.py:115] Agent_1 gets eval reward: -16.14.
[20260605 00:17:41 @multi_evo_agent_runner.py:116] Agent_1 gets win rate: 0.08.
[20260605 00:17:41 @multi_evo_agent_runner.py:79] #------------------------ Iteration 564 --------------------------#
[20260605 00:18:10 @multi_evo_agent_runner.py:85] Sampling 50000 steps by 12 slaves, spending 28.28 s.
[20260605 00:19:33 @multi_evo_agent_runner.py:94] Policy update, spending: 82.76 s.
[20260605 00:19:36 @multi_evo_agent_runner.py:99] Evaluation time: 3.54 s.
[20260605 00:19:36 @multi_evo_agent_runner.py:105] Total time:     725.91 min
[20260605 00:19:36 @multi_evo_agent_runner.py:115] Agent_0 gets eval reward: 108.27.
[20260605 00:19:36 @multi_evo_agent_runner.py:116] Agent_0 gets win rate: 0.16.
[20260605 00:19:36 @multi_evo_agent_runner.py:115] Agent_1 gets eval reward: 228.63.
[20260605 00:19:36 @multi_evo_agent_runner.py:116] Agent_1 gets win rate: 0.32.
[20260605 00:19:36 @multi_evo_agent_runner.py:79] #------------------------ Iteration 565 --------------------------#
[20260605 00:20:10 @multi_evo_agent_runner.py:85] Sampling 50000 steps by 12 slaves, spending 34.14 s.
[20260605 00:21:25 @multi_evo_agent_runner.py:94] Policy update, spending: 74.99 s.
[20260605 00:21:28 @multi_evo_agent_runner.py:99] Evaluation time: 2.89 s.
[20260605 00:21:28 @multi_evo_agent_runner.py:105] Total time:     727.78 min
[20260605 00:21:28 @multi_evo_agent_runner.py:115] Agent_0 gets eval reward: 332.54.
[20260605 00:21:28 @multi_evo_agent_runner.py:116] Agent_0 gets win rate: 0.19.
[20260605 00:21:28 @multi_evo_agent_runner.py:115] Agent_1 gets eval reward: -295.00.
[20260605 00:21:28 @multi_evo_agent_runner.py:116] Agent_1 gets win rate: 0.12.
[20260605 00:21:28 @multi_evo_agent_runner.py:79] #------------------------ Iteration 566 --------------------------#
[20260605 00:22:07 @multi_evo_agent_runner.py:85] Sampling 50000 steps by 12 slaves, spending 38.11 s.
[20260605 00:23:28 @multi_evo_agent_runner.py:94] Policy update, spending: 81.27 s.
[20260605 00:23:35 @multi_evo_agent_runner.py:99] Evaluation time: 6.82 s.
[20260605 00:23:35 @multi_evo_agent_runner.py:105] Total time:     729.89 min
[20260605 00:23:35 @multi_evo_agent_runner.py:115] Agent_0 gets eval reward: 828.66.
[20260605 00:23:35 @multi_evo_agent_runner.py:116] Agent_0 gets win rate: 0.46.
[20260605 00:23:35 @multi_evo_agent_runner.py:115] Agent_1 gets eval reward: -380.13.
[20260605 00:23:35 @multi_evo_agent_runner.py:116] Agent_1 gets win rate: 0.20.
[20260605 00:23:35 @multi_evo_agent_runner.py:510] CRITICAL save best checkpoint with agent_0's rewards 828.66!
[20260605 00:23:35 @multi_evo_agent_runner.py:79] #------------------------ Iteration 567 --------------------------#
[20260605 00:24:08 @multi_evo_agent_runner.py:85] Sampling 50000 steps by 12 slaves, spending 33.03 s.
[20260605 00:25:33 @multi_evo_agent_runner.py:94] Policy update, spending: 84.38 s.
[20260605 00:25:41 @multi_evo_agent_runner.py:99] Evaluation time: 8.12 s.
[20260605 00:25:41 @multi_evo_agent_runner.py:105] Total time:     731.99 min
[20260605 00:25:41 @multi_evo_agent_runner.py:115] Agent_0 gets eval reward: 239.45.
[20260605 00:25:41 @multi_evo_agent_runner.py:116] Agent_0 gets win rate: 0.33.
[20260605 00:25:41 @multi_evo_agent_runner.py:115] Agent_1 gets eval reward: 144.30.
[20260605 00:25:41 @multi_evo_agent_runner.py:116] Agent_1 gets win rate: 0.39.
[20260605 00:25:41 @multi_evo_agent_runner.py:79] #------------------------ Iteration 568 --------------------------#
[20260605 00:26:07 @multi_evo_agent_runner.py:85] Sampling 50000 steps by 12 slaves, spending 25.22 s.
[20260605 00:27:29 @multi_evo_agent_runner.py:94] Policy update, spending: 82.39 s.
[20260605 00:27:37 @multi_evo_agent_runner.py:99] Evaluation time: 8.44 s.
[20260605 00:27:37 @multi_evo_agent_runner.py:105] Total time:     733.94 min
[20260605 00:27:38 @multi_evo_agent_runner.py:115] Agent_0 gets eval reward: 422.85.
[20260605 00:27:38 @multi_evo_agent_runner.py:116] Agent_0 gets win rate: 0.35.
[20260605 00:27:38 @multi_evo_agent_runner.py:115] Agent_1 gets eval reward: -284.11.
[20260605 00:27:38 @multi_evo_agent_runner.py:116] Agent_1 gets win rate: 0.26.
[20260605 00:27:38 @multi_evo_agent_runner.py:79] #------------------------ Iteration 569 --------------------------#
[20260605 00:28:05 @multi_evo_agent_runner.py:85] Sampling 50000 steps by 12 slaves, spending 26.87 s.
[20260605 00:29:27 @multi_evo_agent_runner.py:94] Policy update, spending: 82.00 s.
[20260605 00:29:31 @multi_evo_agent_runner.py:99] Evaluation time: 3.66 s.
[20260605 00:29:31 @multi_evo_agent_runner.py:105] Total time:     735.82 min
[20260605 00:29:31 @multi_evo_agent_runner.py:115] Agent_0 gets eval reward: 242.59.
[20260605 00:29:31 @multi_evo_agent_runner.py:116] Agent_0 gets win rate: 0.09.
[20260605 00:29:31 @multi_evo_agent_runner.py:115] Agent_1 gets eval reward: -62.59.
[20260605 00:29:31 @multi_evo_agent_runner.py:116] Agent_1 gets win rate: 0.13.
[20260605 00:29:31 @multi_evo_agent_runner.py:79] #------------------------ Iteration 570 --------------------------#
[20260605 00:29:57 @multi_evo_agent_runner.py:85] Sampling 50000 steps by 12 slaves, spending 26.08 s.
[20260605 00:31:19 @multi_evo_agent_runner.py:94] Policy update, spending: 81.81 s.
[20260605 00:31:22 @multi_evo_agent_runner.py:99] Evaluation time: 3.11 s.
[20260605 00:31:22 @multi_evo_agent_runner.py:105] Total time:     737.67 min
[20260605 00:31:22 @multi_evo_agent_runner.py:115] Agent_0 gets eval reward: 536.95.
[20260605 00:31:22 @multi_evo_agent_runner.py:116] Agent_0 gets win rate: 0.45.
[20260605 00:31:22 @multi_evo_agent_runner.py:115] Agent_1 gets eval reward: -214.79.
[20260605 00:31:22 @multi_evo_agent_runner.py:116] Agent_1 gets win rate: 0.32.
[20260605 00:31:22 @multi_evo_agent_runner.py:79] #------------------------ Iteration 571 --------------------------#
[20260605 00:31:49 @multi_evo_agent_runner.py:85] Sampling 50000 steps by 12 slaves, spending 26.70 s.
[20260605 00:33:09 @multi_evo_agent_runner.py:94] Policy update, spending: 80.14 s.
[20260605 00:33:12 @multi_evo_agent_runner.py:99] Evaluation time: 2.87 s.
[20260605 00:33:12 @multi_evo_agent_runner.py:105] Total time:     739.51 min
[20260605 00:33:12 @multi_evo_agent_runner.py:115] Agent_0 gets eval reward: 423.30.
[20260605 00:33:12 @multi_evo_agent_runner.py:116] Agent_0 gets win rate: 0.42.
[20260605 00:33:12 @multi_evo_agent_runner.py:115] Agent_1 gets eval reward: -189.19.
[20260605 00:33:12 @multi_evo_agent_runner.py:116] Agent_1 gets win rate: 0.24.
[20260605 00:33:12 @multi_evo_agent_runner.py:79] #------------------------ Iteration 572 --------------------------#
[20260605 00:33:38 @multi_evo_agent_runner.py:85] Sampling 50000 steps by 12 slaves, spending 26.18 s.
[20260605 00:34:58 @multi_evo_agent_runner.py:94] Policy update, spending: 79.78 s.
[20260605 00:35:02 @multi_evo_agent_runner.py:99] Evaluation time: 4.16 s.
[20260605 00:35:02 @multi_evo_agent_runner.py:105] Total time:     741.35 min
[20260605 00:35:02 @multi_evo_agent_runner.py:115] Agent_0 gets eval reward: 311.43.
[20260605 00:35:02 @multi_evo_agent_runner.py:116] Agent_0 gets win rate: 0.26.
[20260605 00:35:02 @multi_evo_agent_runner.py:115] Agent_1 gets eval reward: -34.52.
[20260605 00:35:02 @multi_evo_agent_runner.py:116] Agent_1 gets win rate: 0.32.
[20260605 00:35:02 @multi_evo_agent_runner.py:79] #------------------------ Iteration 573 --------------------------#
[20260605 00:35:26 @multi_evo_agent_runner.py:85] Sampling 50000 steps by 12 slaves, spending 24.15 s.
[20260605 00:36:59 @multi_evo_agent_runner.py:94] Policy update, spending: 92.25 s.
[20260605 00:37:02 @multi_evo_agent_runner.py:99] Evaluation time: 2.78 s.
[20260605 00:37:02 @multi_evo_agent_runner.py:105] Total time:     743.34 min
[20260605 00:37:02 @multi_evo_agent_runner.py:115] Agent_0 gets eval reward: -211.57.
[20260605 00:37:02 @multi_evo_agent_runner.py:116] Agent_0 gets win rate: 0.05.
[20260605 00:37:02 @multi_evo_agent_runner.py:115] Agent_1 gets eval reward: -80.34.
[20260605 00:37:02 @multi_evo_agent_runner.py:116] Agent_1 gets win rate: 0.05.
[20260605 00:37:02 @multi_evo_agent_runner.py:79] #------------------------ Iteration 574 --------------------------#
[20260605 00:37:29 @multi_evo_agent_runner.py:85] Sampling 50000 steps by 12 slaves, spending 26.81 s.
[20260605 00:38:57 @multi_evo_agent_runner.py:94] Policy update, spending: 88.38 s.
[20260605 00:39:00 @multi_evo_agent_runner.py:99] Evaluation time: 3.45 s.
[20260605 00:39:00 @multi_evo_agent_runner.py:105] Total time:     745.32 min
[20260605 00:39:01 @multi_evo_agent_runner.py:115] Agent_0 gets eval reward: 658.00.
[20260605 00:39:01 @multi_evo_agent_runner.py:116] Agent_0 gets win rate: 0.43.
[20260605 00:39:01 @multi_evo_agent_runner.py:115] Agent_1 gets eval reward: -329.80.
[20260605 00:39:01 @multi_evo_agent_runner.py:116] Agent_1 gets win rate: 0.26.
[20260605 00:39:01 @multi_evo_agent_runner.py:79] #------------------------ Iteration 575 --------------------------#
[20260605 00:39:26 @multi_evo_agent_runner.py:85] Sampling 50000 steps by 12 slaves, spending 25.52 s.
[20260605 00:40:42 @multi_evo_agent_runner.py:94] Policy update, spending: 76.19 s.
[20260605 00:40:47 @multi_evo_agent_runner.py:99] Evaluation time: 4.15 s.
[20260605 00:40:47 @multi_evo_agent_runner.py:105] Total time:     747.09 min
[20260605 00:40:47 @multi_evo_agent_runner.py:115] Agent_0 gets eval reward: 570.19.
[20260605 00:40:47 @multi_evo_agent_runner.py:116] Agent_0 gets win rate: 0.47.
[20260605 00:40:47 @multi_evo_agent_runner.py:115] Agent_1 gets eval reward: -319.85.
[20260605 00:40:47 @multi_evo_agent_runner.py:116] Agent_1 gets win rate: 0.09.
[20260605 00:40:47 @multi_evo_agent_runner.py:510] CRITICAL save best checkpoint with agent_0's rewards 570.19!
[20260605 00:40:47 @multi_evo_agent_runner.py:79] #------------------------ Iteration 576 --------------------------#
[20260605 00:41:11 @multi_evo_agent_runner.py:85] Sampling 50000 steps by 12 slaves, spending 24.06 s.
[20260605 00:42:38 @multi_evo_agent_runner.py:94] Policy update, spending: 87.11 s.
[20260605 00:42:41 @multi_evo_agent_runner.py:99] Evaluation time: 3.07 s.
[20260605 00:42:41 @multi_evo_agent_runner.py:105] Total time:     749.00 min
[20260605 00:42:41 @multi_evo_agent_runner.py:115] Agent_0 gets eval reward: 451.61.
[20260605 00:42:41 @multi_evo_agent_runner.py:116] Agent_0 gets win rate: 0.33.
[20260605 00:42:41 @multi_evo_agent_runner.py:115] Agent_1 gets eval reward: -296.38.
[20260605 00:42:41 @multi_evo_agent_runner.py:116] Agent_1 gets win rate: 0.13.
[20260605 00:42:41 @multi_evo_agent_runner.py:79] #------------------------ Iteration 577 --------------------------#
[20260605 00:43:08 @multi_evo_agent_runner.py:85] Sampling 50000 steps by 12 slaves, spending 26.53 s.
[20260605 00:44:33 @multi_evo_agent_runner.py:94] Policy update, spending: 84.91 s.
[20260605 00:44:36 @multi_evo_agent_runner.py:99] Evaluation time: 3.34 s.
[20260605 00:44:36 @multi_evo_agent_runner.py:105] Total time:     750.91 min
[20260605 00:44:36 @multi_evo_agent_runner.py:115] Agent_0 gets eval reward: 171.28.
[20260605 00:44:36 @multi_evo_agent_runner.py:116] Agent_0 gets win rate: 0.33.
[20260605 00:44:36 @multi_evo_agent_runner.py:115] Agent_1 gets eval reward: 34.34.
[20260605 00:44:36 @multi_evo_agent_runner.py:116] Agent_1 gets win rate: 0.38.
[20260605 00:44:36 @multi_evo_agent_runner.py:79] #------------------------ Iteration 578 --------------------------#
[20260605 00:45:03 @multi_evo_agent_runner.py:85] Sampling 50000 steps by 12 slaves, spending 26.79 s.
[20260605 00:46:25 @multi_evo_agent_runner.py:94] Policy update, spending: 81.55 s.
[20260605 00:46:28 @multi_evo_agent_runner.py:99] Evaluation time: 3.25 s.
[20260605 00:46:28 @multi_evo_agent_runner.py:105] Total time:     752.78 min
[20260605 00:46:28 @multi_evo_agent_runner.py:115] Agent_0 gets eval reward: 350.08.
[20260605 00:46:28 @multi_evo_agent_runner.py:116] Agent_0 gets win rate: 0.07.
[20260605 00:46:28 @multi_evo_agent_runner.py:115] Agent_1 gets eval reward: 29.69.
[20260605 00:46:28 @multi_evo_agent_runner.py:116] Agent_1 gets win rate: 0.33.
[20260605 00:46:28 @multi_evo_agent_runner.py:79] #------------------------ Iteration 579 --------------------------#
[20260605 00:46:53 @multi_evo_agent_runner.py:85] Sampling 50000 steps by 12 slaves, spending 25.31 s.
[20260605 00:48:08 @multi_evo_agent_runner.py:94] Policy update, spending: 74.16 s.
[20260605 00:48:12 @multi_evo_agent_runner.py:99] Evaluation time: 4.62 s.
[20260605 00:48:12 @multi_evo_agent_runner.py:105] Total time:     754.51 min
[20260605 00:48:12 @multi_evo_agent_runner.py:115] Agent_0 gets eval reward: 234.40.
[20260605 00:48:12 @multi_evo_agent_runner.py:116] Agent_0 gets win rate: 0.31.
[20260605 00:48:12 @multi_evo_agent_runner.py:115] Agent_1 gets eval reward: -315.68.
[20260605 00:48:12 @multi_evo_agent_runner.py:116] Agent_1 gets win rate: 0.19.
[20260605 00:48:13 @multi_evo_agent_runner.py:79] #------------------------ Iteration 580 --------------------------#
[20260605 00:48:36 @multi_evo_agent_runner.py:85] Sampling 50000 steps by 12 slaves, spending 23.77 s.
[20260605 00:50:04 @multi_evo_agent_runner.py:94] Policy update, spending: 87.76 s.
[20260605 00:50:08 @multi_evo_agent_runner.py:99] Evaluation time: 4.06 s.
[20260605 00:50:08 @multi_evo_agent_runner.py:105] Total time:     756.45 min
[20260605 00:50:08 @multi_evo_agent_runner.py:115] Agent_0 gets eval reward: 408.70.
[20260605 00:50:08 @multi_evo_agent_runner.py:116] Agent_0 gets win rate: 0.30.
[20260605 00:50:08 @multi_evo_agent_runner.py:115] Agent_1 gets eval reward: -264.96.
[20260605 00:50:08 @multi_evo_agent_runner.py:116] Agent_1 gets win rate: 0.11.
[20260605 00:50:08 @multi_evo_agent_runner.py:79] #------------------------ Iteration 581 --------------------------#
[20260605 00:50:33 @multi_evo_agent_runner.py:85] Sampling 50000 steps by 12 slaves, spending 24.47 s.
[20260605 00:52:07 @multi_evo_agent_runner.py:94] Policy update, spending: 94.05 s.
[20260605 00:52:11 @multi_evo_agent_runner.py:99] Evaluation time: 3.72 s.
[20260605 00:52:11 @multi_evo_agent_runner.py:105] Total time:     758.49 min
[20260605 00:52:11 @multi_evo_agent_runner.py:115] Agent_0 gets eval reward: 53.22.
[20260605 00:52:11 @multi_evo_agent_runner.py:116] Agent_0 gets win rate: 0.19.
[20260605 00:52:11 @multi_evo_agent_runner.py:115] Agent_1 gets eval reward: 167.42.
[20260605 00:52:11 @multi_evo_agent_runner.py:116] Agent_1 gets win rate: 0.32.
[20260605 00:52:11 @multi_evo_agent_runner.py:79] #------------------------ Iteration 582 --------------------------#
[20260605 00:52:36 @multi_evo_agent_runner.py:85] Sampling 50000 steps by 12 slaves, spending 25.28 s.
[20260605 00:53:55 @multi_evo_agent_runner.py:94] Policy update, spending: 79.14 s.
[20260605 00:53:59 @multi_evo_agent_runner.py:99] Evaluation time: 3.85 s.
[20260605 00:53:59 @multi_evo_agent_runner.py:105] Total time:     760.30 min
[20260605 00:53:59 @multi_evo_agent_runner.py:115] Agent_0 gets eval reward: -132.35.
[20260605 00:53:59 @multi_evo_agent_runner.py:116] Agent_0 gets win rate: 0.05.
[20260605 00:53:59 @multi_evo_agent_runner.py:115] Agent_1 gets eval reward: -79.89.
[20260605 00:53:59 @multi_evo_agent_runner.py:116] Agent_1 gets win rate: 0.05.
[20260605 00:53:59 @multi_evo_agent_runner.py:79] #------------------------ Iteration 583 --------------------------#
[20260605 00:54:22 @multi_evo_agent_runner.py:85] Sampling 50000 steps by 12 slaves, spending 23.03 s.
[20260605 00:55:39 @multi_evo_agent_runner.py:94] Policy update, spending: 76.39 s.
[20260605 00:55:43 @multi_evo_agent_runner.py:99] Evaluation time: 4.00 s.
[20260605 00:55:43 @multi_evo_agent_runner.py:105] Total time:     762.03 min
[20260605 00:55:43 @multi_evo_agent_runner.py:115] Agent_0 gets eval reward: 641.95.
[20260605 00:55:43 @multi_evo_agent_runner.py:116] Agent_0 gets win rate: 0.50.
[20260605 00:55:43 @multi_evo_agent_runner.py:115] Agent_1 gets eval reward: -285.48.
[20260605 00:55:43 @multi_evo_agent_runner.py:116] Agent_1 gets win rate: 0.21.
[20260605 00:55:43 @multi_evo_agent_runner.py:510] CRITICAL save best checkpoint with agent_0's rewards 641.95!
[20260605 00:55:43 @multi_evo_agent_runner.py:79] #------------------------ Iteration 584 --------------------------#
[20260605 00:56:08 @multi_evo_agent_runner.py:85] Sampling 50000 steps by 12 slaves, spending 25.27 s.
[20260605 00:57:30 @multi_evo_agent_runner.py:94] Policy update, spending: 81.95 s.
[20260605 00:57:33 @multi_evo_agent_runner.py:99] Evaluation time: 2.95 s.
[20260605 00:57:33 @multi_evo_agent_runner.py:105] Total time:     763.87 min
[20260605 00:57:33 @multi_evo_agent_runner.py:115] Agent_0 gets eval reward: 357.32.
[20260605 00:57:33 @multi_evo_agent_runner.py:116] Agent_0 gets win rate: 0.40.
[20260605 00:57:33 @multi_evo_agent_runner.py:115] Agent_1 gets eval reward: -222.25.
[20260605 00:57:33 @multi_evo_agent_runner.py:116] Agent_1 gets win rate: 0.20.
[20260605 00:57:33 @multi_evo_agent_runner.py:79] #------------------------ Iteration 585 --------------------------#
[20260605 00:58:12 @multi_evo_agent_runner.py:85] Sampling 50000 steps by 12 slaves, spending 38.14 s.
[20260605 00:59:28 @multi_evo_agent_runner.py:94] Policy update, spending: 76.69 s.
[20260605 00:59:32 @multi_evo_agent_runner.py:99] Evaluation time: 3.71 s.
[20260605 00:59:32 @multi_evo_agent_runner.py:105] Total time:     765.85 min
[20260605 00:59:32 @multi_evo_agent_runner.py:115] Agent_0 gets eval reward: 706.05.
[20260605 00:59:32 @multi_evo_agent_runner.py:116] Agent_0 gets win rate: 0.47.
[20260605 00:59:32 @multi_evo_agent_runner.py:115] Agent_1 gets eval reward: -692.94.
[20260605 00:59:32 @multi_evo_agent_runner.py:116] Agent_1 gets win rate: 0.12.
[20260605 00:59:32 @multi_evo_agent_runner.py:510] CRITICAL save best checkpoint with agent_0's rewards 706.05!
[20260605 00:59:32 @multi_evo_agent_runner.py:79] #------------------------ Iteration 586 --------------------------#
[20260605 01:00:10 @multi_evo_agent_runner.py:85] Sampling 50000 steps by 12 slaves, spending 37.83 s.
[20260605 01:01:30 @multi_evo_agent_runner.py:94] Policy update, spending: 79.86 s.
[20260605 01:01:34 @multi_evo_agent_runner.py:99] Evaluation time: 4.46 s.
[20260605 01:01:34 @multi_evo_agent_runner.py:105] Total time:     767.88 min
[20260605 01:01:35 @multi_evo_agent_runner.py:115] Agent_0 gets eval reward: 585.26.
[20260605 01:01:35 @multi_evo_agent_runner.py:116] Agent_0 gets win rate: 0.44.
[20260605 01:01:35 @multi_evo_agent_runner.py:115] Agent_1 gets eval reward: -209.19.
[20260605 01:01:35 @multi_evo_agent_runner.py:116] Agent_1 gets win rate: 0.28.
[20260605 01:01:35 @multi_evo_agent_runner.py:79] #------------------------ Iteration 587 --------------------------#
[20260605 01:02:13 @multi_evo_agent_runner.py:85] Sampling 50000 steps by 12 slaves, spending 38.35 s.
[20260605 01:03:49 @multi_evo_agent_runner.py:94] Policy update, spending: 95.33 s.
[20260605 01:03:56 @multi_evo_agent_runner.py:99] Evaluation time: 7.01 s.
[20260605 01:03:56 @multi_evo_agent_runner.py:105] Total time:     770.24 min
[20260605 01:03:56 @multi_evo_agent_runner.py:115] Agent_0 gets eval reward: -32.23.
[20260605 01:03:56 @multi_evo_agent_runner.py:116] Agent_0 gets win rate: 0.26.
[20260605 01:03:56 @multi_evo_agent_runner.py:115] Agent_1 gets eval reward: -16.17.
[20260605 01:03:56 @multi_evo_agent_runner.py:116] Agent_1 gets win rate: 0.35.
[20260605 01:03:56 @multi_evo_agent_runner.py:79] #------------------------ Iteration 588 --------------------------#
[20260605 01:04:30 @multi_evo_agent_runner.py:85] Sampling 50000 steps by 12 slaves, spending 34.16 s.
[20260605 01:06:16 @multi_evo_agent_runner.py:94] Policy update, spending: 105.53 s.
[20260605 01:06:23 @multi_evo_agent_runner.py:99] Evaluation time: 7.51 s.
[20260605 01:06:23 @multi_evo_agent_runner.py:105] Total time:     772.70 min
[20260605 01:06:24 @multi_evo_agent_runner.py:115] Agent_0 gets eval reward: 191.17.
[20260605 01:06:24 @multi_evo_agent_runner.py:116] Agent_0 gets win rate: 0.23.
[20260605 01:06:24 @multi_evo_agent_runner.py:115] Agent_1 gets eval reward: 31.13.
[20260605 01:06:24 @multi_evo_agent_runner.py:116] Agent_1 gets win rate: 0.30.
[20260605 01:06:24 @multi_evo_agent_runner.py:79] #------------------------ Iteration 589 --------------------------#
[20260605 01:06:53 @multi_evo_agent_runner.py:85] Sampling 50000 steps by 12 slaves, spending 28.91 s.
[20260605 01:08:09 @multi_evo_agent_runner.py:94] Policy update, spending: 75.78 s.
[20260605 01:08:15 @multi_evo_agent_runner.py:99] Evaluation time: 6.26 s.
[20260605 01:08:15 @multi_evo_agent_runner.py:105] Total time:     774.57 min
[20260605 01:08:15 @multi_evo_agent_runner.py:115] Agent_0 gets eval reward: 296.95.
[20260605 01:08:15 @multi_evo_agent_runner.py:116] Agent_0 gets win rate: 0.25.
[20260605 01:08:15 @multi_evo_agent_runner.py:115] Agent_1 gets eval reward: -115.00.
[20260605 01:08:15 @multi_evo_agent_runner.py:116] Agent_1 gets win rate: 0.18.
[20260605 01:08:16 @multi_evo_agent_runner.py:79] #------------------------ Iteration 590 --------------------------#
[20260605 01:08:42 @multi_evo_agent_runner.py:85] Sampling 50000 steps by 12 slaves, spending 26.34 s.
[20260605 01:10:03 @multi_evo_agent_runner.py:94] Policy update, spending: 80.82 s.
[20260605 01:10:07 @multi_evo_agent_runner.py:99] Evaluation time: 4.04 s.
[20260605 01:10:07 @multi_evo_agent_runner.py:105] Total time:     776.43 min
[20260605 01:10:07 @multi_evo_agent_runner.py:115] Agent_0 gets eval reward: 260.65.
[20260605 01:10:07 @multi_evo_agent_runner.py:116] Agent_0 gets win rate: 0.31.
[20260605 01:10:07 @multi_evo_agent_runner.py:115] Agent_1 gets eval reward: 154.49.
[20260605 01:10:07 @multi_evo_agent_runner.py:116] Agent_1 gets win rate: 0.31.
[20260605 01:10:07 @multi_evo_agent_runner.py:79] #------------------------ Iteration 591 --------------------------#
[20260605 01:10:32 @multi_evo_agent_runner.py:85] Sampling 50000 steps by 12 slaves, spending 24.97 s.
[20260605 01:11:55 @multi_evo_agent_runner.py:94] Policy update, spending: 82.67 s.
[20260605 01:11:58 @multi_evo_agent_runner.py:99] Evaluation time: 3.52 s.
[20260605 01:11:58 @multi_evo_agent_runner.py:105] Total time:     778.28 min
[20260605 01:11:58 @multi_evo_agent_runner.py:115] Agent_0 gets eval reward: 368.50.
[20260605 01:11:58 @multi_evo_agent_runner.py:116] Agent_0 gets win rate: 0.36.
[20260605 01:11:58 @multi_evo_agent_runner.py:115] Agent_1 gets eval reward: -278.29.
[20260605 01:11:58 @multi_evo_agent_runner.py:116] Agent_1 gets win rate: 0.21.
[20260605 01:11:58 @multi_evo_agent_runner.py:79] #------------------------ Iteration 592 --------------------------#
[20260605 01:12:24 @multi_evo_agent_runner.py:85] Sampling 50000 steps by 12 slaves, spending 25.98 s.
[20260605 01:13:45 @multi_evo_agent_runner.py:94] Policy update, spending: 81.02 s.
[20260605 01:13:49 @multi_evo_agent_runner.py:99] Evaluation time: 3.45 s.
[20260605 01:13:49 @multi_evo_agent_runner.py:105] Total time:     780.13 min
[20260605 01:13:49 @multi_evo_agent_runner.py:115] Agent_0 gets eval reward: 303.19.
[20260605 01:13:49 @multi_evo_agent_runner.py:116] Agent_0 gets win rate: 0.23.
[20260605 01:13:49 @multi_evo_agent_runner.py:115] Agent_1 gets eval reward: -4.28.
[20260605 01:13:49 @multi_evo_agent_runner.py:116] Agent_1 gets win rate: 0.19.
[20260605 01:13:49 @multi_evo_agent_runner.py:79] #------------------------ Iteration 593 --------------------------#
[20260605 01:14:12 @multi_evo_agent_runner.py:85] Sampling 50000 steps by 12 slaves, spending 23.01 s.
[20260605 01:15:34 @multi_evo_agent_runner.py:94] Policy update, spending: 82.24 s.
[20260605 01:15:39 @multi_evo_agent_runner.py:99] Evaluation time: 4.13 s.
[20260605 01:15:39 @multi_evo_agent_runner.py:105] Total time:     781.96 min
[20260605 01:15:39 @multi_evo_agent_runner.py:115] Agent_0 gets eval reward: -124.39.
[20260605 01:15:39 @multi_evo_agent_runner.py:116] Agent_0 gets win rate: 0.17.
[20260605 01:15:39 @multi_evo_agent_runner.py:115] Agent_1 gets eval reward: 298.01.
[20260605 01:15:39 @multi_evo_agent_runner.py:116] Agent_1 gets win rate: 0.30.
[20260605 01:15:39 @multi_evo_agent_runner.py:79] #------------------------ Iteration 594 --------------------------#
[20260605 01:16:05 @multi_evo_agent_runner.py:85] Sampling 50000 steps by 12 slaves, spending 26.09 s.
[20260605 01:17:27 @multi_evo_agent_runner.py:94] Policy update, spending: 81.62 s.
[20260605 01:17:31 @multi_evo_agent_runner.py:99] Evaluation time: 3.89 s.
[20260605 01:17:31 @multi_evo_agent_runner.py:105] Total time:     783.82 min
[20260605 01:17:31 @multi_evo_agent_runner.py:115] Agent_0 gets eval reward: -234.31.
[20260605 01:17:31 @multi_evo_agent_runner.py:116] Agent_0 gets win rate: 0.08.
[20260605 01:17:31 @multi_evo_agent_runner.py:115] Agent_1 gets eval reward: -183.78.
[20260605 01:17:31 @multi_evo_agent_runner.py:116] Agent_1 gets win rate: 0.16.
[20260605 01:17:31 @multi_evo_agent_runner.py:79] #------------------------ Iteration 595 --------------------------#
[20260605 01:17:58 @multi_evo_agent_runner.py:85] Sampling 50000 steps by 12 slaves, spending 26.62 s.
[20260605 01:19:24 @multi_evo_agent_runner.py:94] Policy update, spending: 86.30 s.
[20260605 01:19:27 @multi_evo_agent_runner.py:99] Evaluation time: 3.22 s.
[20260605 01:19:27 @multi_evo_agent_runner.py:105] Total time:     785.76 min
[20260605 01:19:27 @multi_evo_agent_runner.py:115] Agent_0 gets eval reward: 712.97.
[20260605 01:19:27 @multi_evo_agent_runner.py:116] Agent_0 gets win rate: 0.60.
[20260605 01:19:27 @multi_evo_agent_runner.py:115] Agent_1 gets eval reward: -619.95.
[20260605 01:19:27 @multi_evo_agent_runner.py:116] Agent_1 gets win rate: 0.19.
[20260605 01:19:27 @multi_evo_agent_runner.py:510] CRITICAL save best checkpoint with agent_0's rewards 712.97!
[20260605 01:19:27 @multi_evo_agent_runner.py:79] #------------------------ Iteration 596 --------------------------#
[20260605 01:19:54 @multi_evo_agent_runner.py:85] Sampling 50000 steps by 12 slaves, spending 27.03 s.
[20260605 01:21:18 @multi_evo_agent_runner.py:94] Policy update, spending: 84.15 s.
[20260605 01:21:21 @multi_evo_agent_runner.py:99] Evaluation time: 2.75 s.
[20260605 01:21:21 @multi_evo_agent_runner.py:105] Total time:     787.67 min
[20260605 01:21:21 @multi_evo_agent_runner.py:115] Agent_0 gets eval reward: 998.75.
[20260605 01:21:21 @multi_evo_agent_runner.py:116] Agent_0 gets win rate: 0.61.
[20260605 01:21:21 @multi_evo_agent_runner.py:115] Agent_1 gets eval reward: -726.56.
[20260605 01:21:21 @multi_evo_agent_runner.py:116] Agent_1 gets win rate: 0.12.
[20260605 01:21:21 @multi_evo_agent_runner.py:510] CRITICAL save best checkpoint with agent_0's rewards 998.75!
[20260605 01:21:21 @multi_evo_agent_runner.py:79] #------------------------ Iteration 597 --------------------------#
[20260605 01:21:47 @multi_evo_agent_runner.py:85] Sampling 50000 steps by 12 slaves, spending 25.86 s.
[20260605 01:23:03 @multi_evo_agent_runner.py:94] Policy update, spending: 75.93 s.
[20260605 01:23:08 @multi_evo_agent_runner.py:99] Evaluation time: 4.36 s.
[20260605 01:23:08 @multi_evo_agent_runner.py:105] Total time:     789.44 min
[20260605 01:23:08 @multi_evo_agent_runner.py:115] Agent_0 gets eval reward: 313.75.
[20260605 01:23:08 @multi_evo_agent_runner.py:116] Agent_0 gets win rate: 0.38.
[20260605 01:23:08 @multi_evo_agent_runner.py:115] Agent_1 gets eval reward: -251.77.
[20260605 01:23:08 @multi_evo_agent_runner.py:116] Agent_1 gets win rate: 0.26.
[20260605 01:23:08 @multi_evo_agent_runner.py:79] #------------------------ Iteration 598 --------------------------#
[20260605 01:23:33 @multi_evo_agent_runner.py:85] Sampling 50000 steps by 12 slaves, spending 24.70 s.
[20260605 01:24:52 @multi_evo_agent_runner.py:94] Policy update, spending: 79.14 s.
[20260605 01:24:55 @multi_evo_agent_runner.py:99] Evaluation time: 3.66 s.
[20260605 01:24:55 @multi_evo_agent_runner.py:105] Total time:     791.24 min
[20260605 01:24:55 @multi_evo_agent_runner.py:115] Agent_0 gets eval reward: 428.44.
[20260605 01:24:55 @multi_evo_agent_runner.py:116] Agent_0 gets win rate: 0.27.
[20260605 01:24:55 @multi_evo_agent_runner.py:115] Agent_1 gets eval reward: -121.66.
[20260605 01:24:55 @multi_evo_agent_runner.py:116] Agent_1 gets win rate: 0.20.
[20260605 01:24:56 @multi_evo_agent_runner.py:79] #------------------------ Iteration 599 --------------------------#
[20260605 01:25:23 @multi_evo_agent_runner.py:85] Sampling 50000 steps by 12 slaves, spending 27.42 s.
[20260605 01:26:54 @multi_evo_agent_runner.py:94] Policy update, spending: 91.06 s.
[20260605 01:26:58 @multi_evo_agent_runner.py:99] Evaluation time: 3.96 s.
[20260605 01:26:58 @multi_evo_agent_runner.py:105] Total time:     793.28 min
[20260605 01:26:58 @multi_evo_agent_runner.py:115] Agent_0 gets eval reward: 101.13.
[20260605 01:26:58 @multi_evo_agent_runner.py:116] Agent_0 gets win rate: 0.35.
[20260605 01:26:58 @multi_evo_agent_runner.py:115] Agent_1 gets eval reward: 63.14.
[20260605 01:26:58 @multi_evo_agent_runner.py:116] Agent_1 gets win rate: 0.32.
[20260605 01:26:58 @multi_evo_agent_runner.py:79] #------------------------ Iteration 600 --------------------------#
[20260605 01:27:23 @multi_evo_agent_runner.py:85] Sampling 50000 steps by 12 slaves, spending 24.71 s.
[20260605 01:28:40 @multi_evo_agent_runner.py:94] Policy update, spending: 76.74 s.
[20260605 01:28:44 @multi_evo_agent_runner.py:99] Evaluation time: 4.14 s.
[20260605 01:28:44 @multi_evo_agent_runner.py:105] Total time:     795.04 min
[20260605 01:28:44 @multi_evo_agent_runner.py:115] Agent_0 gets eval reward: -32.36.
[20260605 01:28:44 @multi_evo_agent_runner.py:116] Agent_0 gets win rate: 0.23.
[20260605 01:28:44 @multi_evo_agent_runner.py:115] Agent_1 gets eval reward: 272.74.
[20260605 01:28:44 @multi_evo_agent_runner.py:116] Agent_1 gets win rate: 0.38.
[20260605 01:28:44 @multi_evo_agent_runner.py:79] #------------------------ Iteration 601 --------------------------#
[20260605 01:29:16 @multi_evo_agent_runner.py:85] Sampling 50000 steps by 12 slaves, spending 31.27 s.
[20260605 01:30:32 @multi_evo_agent_runner.py:94] Policy update, spending: 76.20 s.
[20260605 01:30:36 @multi_evo_agent_runner.py:99] Evaluation time: 4.00 s.
[20260605 01:30:36 @multi_evo_agent_runner.py:105] Total time:     796.91 min
[20260605 01:30:36 @multi_evo_agent_runner.py:115] Agent_0 gets eval reward: 474.19.
[20260605 01:30:36 @multi_evo_agent_runner.py:116] Agent_0 gets win rate: 0.43.
[20260605 01:30:36 @multi_evo_agent_runner.py:115] Agent_1 gets eval reward: -228.23.
[20260605 01:30:36 @multi_evo_agent_runner.py:116] Agent_1 gets win rate: 0.27.
[20260605 01:30:36 @multi_evo_agent_runner.py:79] #------------------------ Iteration 602 --------------------------#
[20260605 01:31:05 @multi_evo_agent_runner.py:85] Sampling 50000 steps by 12 slaves, spending 28.45 s.
[20260605 01:32:21 @multi_evo_agent_runner.py:94] Policy update, spending: 76.25 s.
[20260605 01:32:24 @multi_evo_agent_runner.py:99] Evaluation time: 3.19 s.
[20260605 01:32:24 @multi_evo_agent_runner.py:105] Total time:     798.71 min
[20260605 01:32:24 @multi_evo_agent_runner.py:115] Agent_0 gets eval reward: 503.15.
[20260605 01:32:24 @multi_evo_agent_runner.py:116] Agent_0 gets win rate: 0.43.
[20260605 01:32:24 @multi_evo_agent_runner.py:115] Agent_1 gets eval reward: -224.39.
[20260605 01:32:24 @multi_evo_agent_runner.py:116] Agent_1 gets win rate: 0.17.
[20260605 01:32:24 @multi_evo_agent_runner.py:79] #------------------------ Iteration 603 --------------------------#
[20260605 01:32:59 @multi_evo_agent_runner.py:85] Sampling 50000 steps by 12 slaves, spending 35.05 s.
[20260605 01:34:13 @multi_evo_agent_runner.py:94] Policy update, spending: 73.59 s.
[20260605 01:34:16 @multi_evo_agent_runner.py:99] Evaluation time: 2.70 s.
[20260605 01:34:16 @multi_evo_agent_runner.py:105] Total time:     800.57 min
[20260605 01:34:16 @multi_evo_agent_runner.py:115] Agent_0 gets eval reward: 381.46.
[20260605 01:34:16 @multi_evo_agent_runner.py:116] Agent_0 gets win rate: 0.33.
[20260605 01:34:16 @multi_evo_agent_runner.py:115] Agent_1 gets eval reward: 4.05.
[20260605 01:34:16 @multi_evo_agent_runner.py:116] Agent_1 gets win rate: 0.17.
[20260605 01:34:16 @multi_evo_agent_runner.py:79] #------------------------ Iteration 604 --------------------------#
[20260605 01:34:56 @multi_evo_agent_runner.py:85] Sampling 50000 steps by 12 slaves, spending 40.34 s.
[20260605 01:36:51 @multi_evo_agent_runner.py:94] Policy update, spending: 115.06 s.
[20260605 01:37:00 @multi_evo_agent_runner.py:99] Evaluation time: 8.67 s.
[20260605 01:37:00 @multi_evo_agent_runner.py:105] Total time:     803.31 min
[20260605 01:37:00 @multi_evo_agent_runner.py:115] Agent_0 gets eval reward: 522.04.
[20260605 01:37:00 @multi_evo_agent_runner.py:116] Agent_0 gets win rate: 0.39.
[20260605 01:37:00 @multi_evo_agent_runner.py:115] Agent_1 gets eval reward: -108.35.
[20260605 01:37:00 @multi_evo_agent_runner.py:116] Agent_1 gets win rate: 0.19.
[20260605 01:37:00 @multi_evo_agent_runner.py:79] #------------------------ Iteration 605 --------------------------#
[20260605 01:37:30 @multi_evo_agent_runner.py:85] Sampling 50000 steps by 12 slaves, spending 29.46 s.
[20260605 01:38:54 @multi_evo_agent_runner.py:94] Policy update, spending: 83.70 s.
[20260605 01:38:57 @multi_evo_agent_runner.py:99] Evaluation time: 3.71 s.
[20260605 01:38:57 @multi_evo_agent_runner.py:105] Total time:     805.27 min
[20260605 01:38:57 @multi_evo_agent_runner.py:115] Agent_0 gets eval reward: 545.98.
[20260605 01:38:57 @multi_evo_agent_runner.py:116] Agent_0 gets win rate: 0.60.
[20260605 01:38:57 @multi_evo_agent_runner.py:115] Agent_1 gets eval reward: -317.28.
[20260605 01:38:57 @multi_evo_agent_runner.py:116] Agent_1 gets win rate: 0.29.
[20260605 01:38:58 @multi_evo_agent_runner.py:79] #------------------------ Iteration 606 --------------------------#
[20260605 01:39:25 @multi_evo_agent_runner.py:85] Sampling 50000 steps by 12 slaves, spending 27.04 s.
[20260605 01:40:42 @multi_evo_agent_runner.py:94] Policy update, spending: 77.72 s.
[20260605 01:40:46 @multi_evo_agent_runner.py:99] Evaluation time: 3.97 s.
[20260605 01:40:46 @multi_evo_agent_runner.py:105] Total time:     807.08 min
[20260605 01:40:47 @multi_evo_agent_runner.py:115] Agent_0 gets eval reward: 256.18.
[20260605 01:40:47 @multi_evo_agent_runner.py:116] Agent_0 gets win rate: 0.16.
[20260605 01:40:47 @multi_evo_agent_runner.py:115] Agent_1 gets eval reward: -9.77.
[20260605 01:40:47 @multi_evo_agent_runner.py:116] Agent_1 gets win rate: 0.20.
[20260605 01:40:47 @multi_evo_agent_runner.py:79] #------------------------ Iteration 607 --------------------------#
[20260605 01:41:09 @multi_evo_agent_runner.py:85] Sampling 50000 steps by 12 slaves, spending 22.49 s.
[20260605 01:42:28 @multi_evo_agent_runner.py:94] Policy update, spending: 78.80 s.
[20260605 01:42:32 @multi_evo_agent_runner.py:99] Evaluation time: 3.56 s.
[20260605 01:42:32 @multi_evo_agent_runner.py:105] Total time:     808.84 min
[20260605 01:42:32 @multi_evo_agent_runner.py:115] Agent_0 gets eval reward: 783.11.
[20260605 01:42:32 @multi_evo_agent_runner.py:116] Agent_0 gets win rate: 0.36.
[20260605 01:42:32 @multi_evo_agent_runner.py:115] Agent_1 gets eval reward: -563.88.
[20260605 01:42:32 @multi_evo_agent_runner.py:116] Agent_1 gets win rate: 0.04.
[20260605 01:42:32 @multi_evo_agent_runner.py:79] #------------------------ Iteration 608 --------------------------#
[20260605 01:42:58 @multi_evo_agent_runner.py:85] Sampling 50000 steps by 12 slaves, spending 25.60 s.
[20260605 01:44:21 @multi_evo_agent_runner.py:94] Policy update, spending: 83.27 s.
[20260605 01:44:24 @multi_evo_agent_runner.py:99] Evaluation time: 3.16 s.
[20260605 01:44:24 @multi_evo_agent_runner.py:105] Total time:     810.71 min
[20260605 01:44:24 @multi_evo_agent_runner.py:115] Agent_0 gets eval reward: 740.98.
[20260605 01:44:24 @multi_evo_agent_runner.py:116] Agent_0 gets win rate: 0.51.
[20260605 01:44:24 @multi_evo_agent_runner.py:115] Agent_1 gets eval reward: -555.95.
[20260605 01:44:24 @multi_evo_agent_runner.py:116] Agent_1 gets win rate: 0.17.
[20260605 01:44:24 @multi_evo_agent_runner.py:79] #------------------------ Iteration 609 --------------------------#
[20260605 01:44:50 @multi_evo_agent_runner.py:85] Sampling 50000 steps by 12 slaves, spending 25.61 s.
[20260605 01:46:08 @multi_evo_agent_runner.py:94] Policy update, spending: 78.07 s.
[20260605 01:46:12 @multi_evo_agent_runner.py:99] Evaluation time: 4.49 s.
[20260605 01:46:12 @multi_evo_agent_runner.py:105] Total time:     812.52 min
[20260605 01:46:13 @multi_evo_agent_runner.py:115] Agent_0 gets eval reward: 450.39.
[20260605 01:46:13 @multi_evo_agent_runner.py:116] Agent_0 gets win rate: 0.22.
[20260605 01:46:13 @multi_evo_agent_runner.py:115] Agent_1 gets eval reward: -250.69.
[20260605 01:46:13 @multi_evo_agent_runner.py:116] Agent_1 gets win rate: 0.19.
[20260605 01:46:13 @multi_evo_agent_runner.py:79] #------------------------ Iteration 610 --------------------------#
[20260605 01:46:37 @multi_evo_agent_runner.py:85] Sampling 50000 steps by 12 slaves, spending 24.36 s.
[20260605 01:47:56 @multi_evo_agent_runner.py:94] Policy update, spending: 79.00 s.
[20260605 01:48:01 @multi_evo_agent_runner.py:99] Evaluation time: 4.34 s.
[20260605 01:48:01 @multi_evo_agent_runner.py:105] Total time:     814.32 min
[20260605 01:48:01 @multi_evo_agent_runner.py:115] Agent_0 gets eval reward: 440.11.
[20260605 01:48:01 @multi_evo_agent_runner.py:116] Agent_0 gets win rate: 0.30.
[20260605 01:48:01 @multi_evo_agent_runner.py:115] Agent_1 gets eval reward: -309.13.
[20260605 01:48:01 @multi_evo_agent_runner.py:116] Agent_1 gets win rate: 0.17.
[20260605 01:48:01 @multi_evo_agent_runner.py:79] #------------------------ Iteration 611 --------------------------#
[20260605 01:48:25 @multi_evo_agent_runner.py:85] Sampling 50000 steps by 12 slaves, spending 23.99 s.
[20260605 01:49:43 @multi_evo_agent_runner.py:94] Policy update, spending: 78.27 s.
[20260605 01:49:47 @multi_evo_agent_runner.py:99] Evaluation time: 4.10 s.
[20260605 01:49:47 @multi_evo_agent_runner.py:105] Total time:     816.10 min
[20260605 01:49:47 @multi_evo_agent_runner.py:115] Agent_0 gets eval reward: 417.62.
[20260605 01:49:47 @multi_evo_agent_runner.py:116] Agent_0 gets win rate: 0.28.
[20260605 01:49:47 @multi_evo_agent_runner.py:115] Agent_1 gets eval reward: -93.43.
[20260605 01:49:47 @multi_evo_agent_runner.py:116] Agent_1 gets win rate: 0.12.
[20260605 01:49:48 @multi_evo_agent_runner.py:79] #------------------------ Iteration 612 --------------------------#
[20260605 01:50:14 @multi_evo_agent_runner.py:85] Sampling 50000 steps by 12 slaves, spending 26.59 s.
[20260605 01:51:30 @multi_evo_agent_runner.py:94] Policy update, spending: 75.42 s.
[20260605 01:51:34 @multi_evo_agent_runner.py:99] Evaluation time: 4.21 s.
[20260605 01:51:34 @multi_evo_agent_runner.py:105] Total time:     817.88 min
[20260605 01:51:34 @multi_evo_agent_runner.py:115] Agent_0 gets eval reward: 8.14.
[20260605 01:51:34 @multi_evo_agent_runner.py:116] Agent_0 gets win rate: 0.14.
[20260605 01:51:34 @multi_evo_agent_runner.py:115] Agent_1 gets eval reward: 50.83.
[20260605 01:51:34 @multi_evo_agent_runner.py:116] Agent_1 gets win rate: 0.25.
[20260605 01:51:34 @multi_evo_agent_runner.py:79] #------------------------ Iteration 613 --------------------------#
[20260605 01:52:01 @multi_evo_agent_runner.py:85] Sampling 50000 steps by 12 slaves, spending 26.63 s.
[20260605 01:53:40 @multi_evo_agent_runner.py:94] Policy update, spending: 98.94 s.
[20260605 01:53:43 @multi_evo_agent_runner.py:99] Evaluation time: 3.22 s.
[20260605 01:53:43 @multi_evo_agent_runner.py:105] Total time:     820.03 min
[20260605 01:53:43 @multi_evo_agent_runner.py:115] Agent_0 gets eval reward: 754.08.
[20260605 01:53:43 @multi_evo_agent_runner.py:116] Agent_0 gets win rate: 0.53.
[20260605 01:53:43 @multi_evo_agent_runner.py:115] Agent_1 gets eval reward: -337.92.
[20260605 01:53:43 @multi_evo_agent_runner.py:116] Agent_1 gets win rate: 0.26.
[20260605 01:53:43 @multi_evo_agent_runner.py:79] #------------------------ Iteration 614 --------------------------#
[20260605 01:54:10 @multi_evo_agent_runner.py:85] Sampling 50000 steps by 12 slaves, spending 26.97 s.
[20260605 01:55:48 @multi_evo_agent_runner.py:94] Policy update, spending: 97.36 s.
[20260605 01:55:51 @multi_evo_agent_runner.py:99] Evaluation time: 3.25 s.
[20260605 01:55:51 @multi_evo_agent_runner.py:105] Total time:     822.16 min
[20260605 01:55:51 @multi_evo_agent_runner.py:115] Agent_0 gets eval reward: 266.83.
[20260605 01:55:51 @multi_evo_agent_runner.py:116] Agent_0 gets win rate: 0.38.
[20260605 01:55:51 @multi_evo_agent_runner.py:115] Agent_1 gets eval reward: -226.95.
[20260605 01:55:51 @multi_evo_agent_runner.py:116] Agent_1 gets win rate: 0.25.
[20260605 01:55:51 @multi_evo_agent_runner.py:79] #------------------------ Iteration 615 --------------------------#
[20260605 01:56:18 @multi_evo_agent_runner.py:85] Sampling 50000 steps by 12 slaves, spending 26.81 s.
[20260605 01:57:36 @multi_evo_agent_runner.py:94] Policy update, spending: 77.91 s.
[20260605 01:57:40 @multi_evo_agent_runner.py:99] Evaluation time: 4.41 s.
[20260605 01:57:40 @multi_evo_agent_runner.py:105] Total time:     823.98 min
[20260605 01:57:40 @multi_evo_agent_runner.py:115] Agent_0 gets eval reward: 200.21.
[20260605 01:57:40 @multi_evo_agent_runner.py:116] Agent_0 gets win rate: 0.32.
[20260605 01:57:40 @multi_evo_agent_runner.py:115] Agent_1 gets eval reward: -96.00.
[20260605 01:57:40 @multi_evo_agent_runner.py:116] Agent_1 gets win rate: 0.29.
[20260605 01:57:40 @multi_evo_agent_runner.py:79] #------------------------ Iteration 616 --------------------------#
[20260605 01:58:06 @multi_evo_agent_runner.py:85] Sampling 50000 steps by 12 slaves, spending 25.79 s.
[20260605 01:59:28 @multi_evo_agent_runner.py:94] Policy update, spending: 81.84 s.
[20260605 01:59:32 @multi_evo_agent_runner.py:99] Evaluation time: 4.22 s.
[20260605 01:59:32 @multi_evo_agent_runner.py:105] Total time:     825.85 min
[20260605 01:59:32 @multi_evo_agent_runner.py:115] Agent_0 gets eval reward: 176.41.
[20260605 01:59:32 @multi_evo_agent_runner.py:116] Agent_0 gets win rate: 0.34.
[20260605 01:59:32 @multi_evo_agent_runner.py:115] Agent_1 gets eval reward: -85.34.
[20260605 01:59:32 @multi_evo_agent_runner.py:116] Agent_1 gets win rate: 0.32.
[20260605 01:59:33 @multi_evo_agent_runner.py:79] #------------------------ Iteration 617 --------------------------#
[20260605 02:00:05 @multi_evo_agent_runner.py:85] Sampling 50000 steps by 12 slaves, spending 32.33 s.
[20260605 02:01:19 @multi_evo_agent_runner.py:94] Policy update, spending: 74.45 s.
[20260605 02:01:23 @multi_evo_agent_runner.py:99] Evaluation time: 3.43 s.
[20260605 02:01:23 @multi_evo_agent_runner.py:105] Total time:     827.69 min
[20260605 02:01:23 @multi_evo_agent_runner.py:115] Agent_0 gets eval reward: 858.51.
[20260605 02:01:23 @multi_evo_agent_runner.py:116] Agent_0 gets win rate: 0.50.
[20260605 02:01:23 @multi_evo_agent_runner.py:115] Agent_1 gets eval reward: -741.52.
[20260605 02:01:23 @multi_evo_agent_runner.py:116] Agent_1 gets win rate: 0.06.
[20260605 02:01:23 @multi_evo_agent_runner.py:79] #------------------------ Iteration 618 --------------------------#
[20260605 02:01:55 @multi_evo_agent_runner.py:85] Sampling 50000 steps by 12 slaves, spending 31.69 s.
[20260605 02:03:09 @multi_evo_agent_runner.py:94] Policy update, spending: 74.67 s.
[20260605 02:03:13 @multi_evo_agent_runner.py:99] Evaluation time: 3.26 s.
[20260605 02:03:13 @multi_evo_agent_runner.py:105] Total time:     829.52 min
[20260605 02:03:13 @multi_evo_agent_runner.py:115] Agent_0 gets eval reward: 260.63.
[20260605 02:03:13 @multi_evo_agent_runner.py:116] Agent_0 gets win rate: 0.33.
[20260605 02:03:13 @multi_evo_agent_runner.py:115] Agent_1 gets eval reward: -351.47.
[20260605 02:03:13 @multi_evo_agent_runner.py:116] Agent_1 gets win rate: 0.22.
[20260605 02:03:13 @multi_evo_agent_runner.py:79] #------------------------ Iteration 619 --------------------------#
[20260605 02:03:46 @multi_evo_agent_runner.py:85] Sampling 50000 steps by 12 slaves, spending 33.22 s.
[20260605 02:05:00 @multi_evo_agent_runner.py:94] Policy update, spending: 73.38 s.
[20260605 02:05:03 @multi_evo_agent_runner.py:99] Evaluation time: 3.31 s.
[20260605 02:05:03 @multi_evo_agent_runner.py:105] Total time:     831.36 min
[20260605 02:05:03 @multi_evo_agent_runner.py:115] Agent_0 gets eval reward: 762.93.
[20260605 02:05:03 @multi_evo_agent_runner.py:116] Agent_0 gets win rate: 0.48.
[20260605 02:05:03 @multi_evo_agent_runner.py:115] Agent_1 gets eval reward: -309.35.
[20260605 02:05:03 @multi_evo_agent_runner.py:116] Agent_1 gets win rate: 0.19.
[20260605 02:05:03 @multi_evo_agent_runner.py:79] #------------------------ Iteration 620 --------------------------#
[20260605 02:05:41 @multi_evo_agent_runner.py:85] Sampling 50000 steps by 12 slaves, spending 37.86 s.
[20260605 02:06:56 @multi_evo_agent_runner.py:94] Policy update, spending: 75.25 s.
[20260605 02:07:00 @multi_evo_agent_runner.py:99] Evaluation time: 4.13 s.
[20260605 02:07:00 @multi_evo_agent_runner.py:105] Total time:     833.32 min
[20260605 02:07:01 @multi_evo_agent_runner.py:115] Agent_0 gets eval reward: 586.10.
[20260605 02:07:01 @multi_evo_agent_runner.py:116] Agent_0 gets win rate: 0.44.
[20260605 02:07:01 @multi_evo_agent_runner.py:115] Agent_1 gets eval reward: -489.77.
[20260605 02:07:01 @multi_evo_agent_runner.py:116] Agent_1 gets win rate: 0.22.
[20260605 02:07:01 @multi_evo_agent_runner.py:79] #------------------------ Iteration 621 --------------------------#
[20260605 02:07:40 @multi_evo_agent_runner.py:85] Sampling 50000 steps by 12 slaves, spending 38.22 s.
[20260605 02:09:03 @multi_evo_agent_runner.py:94] Policy update, spending: 83.52 s.
[20260605 02:09:12 @multi_evo_agent_runner.py:99] Evaluation time: 8.77 s.
[20260605 02:09:12 @multi_evo_agent_runner.py:105] Total time:     835.51 min
[20260605 02:09:12 @multi_evo_agent_runner.py:115] Agent_0 gets eval reward: -54.99.
[20260605 02:09:12 @multi_evo_agent_runner.py:116] Agent_0 gets win rate: 0.15.
[20260605 02:09:12 @multi_evo_agent_runner.py:115] Agent_1 gets eval reward: -26.94.
[20260605 02:09:12 @multi_evo_agent_runner.py:116] Agent_1 gets win rate: 0.22.
[20260605 02:09:13 @multi_evo_agent_runner.py:79] #------------------------ Iteration 622 --------------------------#
[20260605 02:09:41 @multi_evo_agent_runner.py:85] Sampling 50000 steps by 12 slaves, spending 28.32 s.
[20260605 02:11:00 @multi_evo_agent_runner.py:94] Policy update, spending: 79.43 s.
[20260605 02:11:04 @multi_evo_agent_runner.py:99] Evaluation time: 3.88 s.
[20260605 02:11:04 @multi_evo_agent_runner.py:105] Total time:     837.38 min
[20260605 02:11:04 @multi_evo_agent_runner.py:115] Agent_0 gets eval reward: -77.00.
[20260605 02:11:04 @multi_evo_agent_runner.py:116] Agent_0 gets win rate: 0.25.
[20260605 02:11:04 @multi_evo_agent_runner.py:115] Agent_1 gets eval reward: 239.69.
[20260605 02:11:04 @multi_evo_agent_runner.py:116] Agent_1 gets win rate: 0.42.
[20260605 02:11:05 @multi_evo_agent_runner.py:79] #------------------------ Iteration 623 --------------------------#
[20260605 02:11:30 @multi_evo_agent_runner.py:85] Sampling 50000 steps by 12 slaves, spending 25.55 s.
[20260605 02:12:48 @multi_evo_agent_runner.py:94] Policy update, spending: 78.15 s.
[20260605 02:12:53 @multi_evo_agent_runner.py:99] Evaluation time: 4.85 s.
[20260605 02:12:53 @multi_evo_agent_runner.py:105] Total time:     839.20 min
[20260605 02:12:53 @multi_evo_agent_runner.py:115] Agent_0 gets eval reward: 266.84.
[20260605 02:12:53 @multi_evo_agent_runner.py:116] Agent_0 gets win rate: 0.17.
[20260605 02:12:53 @multi_evo_agent_runner.py:115] Agent_1 gets eval reward: -443.19.
[20260605 02:12:53 @multi_evo_agent_runner.py:116] Agent_1 gets win rate: 0.04.
[20260605 02:12:53 @multi_evo_agent_runner.py:79] #------------------------ Iteration 624 --------------------------#
[20260605 02:13:18 @multi_evo_agent_runner.py:85] Sampling 50000 steps by 12 slaves, spending 24.64 s.
[20260605 02:14:35 @multi_evo_agent_runner.py:94] Policy update, spending: 77.42 s.
[20260605 02:14:42 @multi_evo_agent_runner.py:99] Evaluation time: 6.61 s.
[20260605 02:14:42 @multi_evo_agent_runner.py:105] Total time:     841.01 min
[20260605 02:14:42 @multi_evo_agent_runner.py:115] Agent_0 gets eval reward: -61.47.
[20260605 02:14:42 @multi_evo_agent_runner.py:116] Agent_0 gets win rate: 0.18.
[20260605 02:14:42 @multi_evo_agent_runner.py:115] Agent_1 gets eval reward: 378.07.
[20260605 02:14:42 @multi_evo_agent_runner.py:116] Agent_1 gets win rate: 0.48.
[20260605 02:14:42 @multi_evo_agent_runner.py:79] #------------------------ Iteration 625 --------------------------#
[20260605 02:15:09 @multi_evo_agent_runner.py:85] Sampling 50000 steps by 12 slaves, spending 26.14 s.
[20260605 02:16:32 @multi_evo_agent_runner.py:94] Policy update, spending: 83.69 s.
[20260605 02:16:36 @multi_evo_agent_runner.py:99] Evaluation time: 3.56 s.
[20260605 02:16:36 @multi_evo_agent_runner.py:105] Total time:     842.91 min
[20260605 02:16:36 @multi_evo_agent_runner.py:115] Agent_0 gets eval reward: 253.55.
[20260605 02:16:36 @multi_evo_agent_runner.py:116] Agent_0 gets win rate: 0.33.
[20260605 02:16:36 @multi_evo_agent_runner.py:115] Agent_1 gets eval reward: -416.07.
[20260605 02:16:36 @multi_evo_agent_runner.py:116] Agent_1 gets win rate: 0.15.
[20260605 02:16:36 @multi_evo_agent_runner.py:79] #------------------------ Iteration 626 --------------------------#
[20260605 02:17:01 @multi_evo_agent_runner.py:85] Sampling 50000 steps by 12 slaves, spending 25.12 s.
[20260605 02:18:20 @multi_evo_agent_runner.py:94] Policy update, spending: 78.49 s.
[20260605 02:18:24 @multi_evo_agent_runner.py:99] Evaluation time: 4.56 s.
[20260605 02:18:24 @multi_evo_agent_runner.py:105] Total time:     844.72 min
[20260605 02:18:24 @multi_evo_agent_runner.py:115] Agent_0 gets eval reward: 609.85.
[20260605 02:18:24 @multi_evo_agent_runner.py:116] Agent_0 gets win rate: 0.42.
[20260605 02:18:24 @multi_evo_agent_runner.py:115] Agent_1 gets eval reward: -199.06.
[20260605 02:18:24 @multi_evo_agent_runner.py:116] Agent_1 gets win rate: 0.21.
[20260605 02:18:25 @multi_evo_agent_runner.py:79] #------------------------ Iteration 627 --------------------------#
[20260605 02:18:48 @multi_evo_agent_runner.py:85] Sampling 50000 steps by 12 slaves, spending 23.70 s.
[20260605 02:20:08 @multi_evo_agent_runner.py:94] Policy update, spending: 79.83 s.
[20260605 02:20:12 @multi_evo_agent_runner.py:99] Evaluation time: 4.01 s.
[20260605 02:20:12 @multi_evo_agent_runner.py:105] Total time:     846.51 min
[20260605 02:20:12 @multi_evo_agent_runner.py:115] Agent_0 gets eval reward: 315.50.
[20260605 02:20:12 @multi_evo_agent_runner.py:116] Agent_0 gets win rate: 0.39.
[20260605 02:20:12 @multi_evo_agent_runner.py:115] Agent_1 gets eval reward: -196.23.
[20260605 02:20:12 @multi_evo_agent_runner.py:116] Agent_1 gets win rate: 0.27.
[20260605 02:20:12 @multi_evo_agent_runner.py:79] #------------------------ Iteration 628 --------------------------#
[20260605 02:20:40 @multi_evo_agent_runner.py:85] Sampling 50000 steps by 12 slaves, spending 27.15 s.
[20260605 02:22:04 @multi_evo_agent_runner.py:94] Policy update, spending: 84.07 s.
[20260605 02:22:07 @multi_evo_agent_runner.py:99] Evaluation time: 3.47 s.
[20260605 02:22:07 @multi_evo_agent_runner.py:105] Total time:     848.43 min
[20260605 02:22:07 @multi_evo_agent_runner.py:115] Agent_0 gets eval reward: 109.37.
[20260605 02:22:07 @multi_evo_agent_runner.py:116] Agent_0 gets win rate: 0.12.
[20260605 02:22:07 @multi_evo_agent_runner.py:115] Agent_1 gets eval reward: -92.73.
[20260605 02:22:07 @multi_evo_agent_runner.py:116] Agent_1 gets win rate: 0.08.
[20260605 02:22:07 @multi_evo_agent_runner.py:79] #------------------------ Iteration 629 --------------------------#
[20260605 02:22:34 @multi_evo_agent_runner.py:85] Sampling 50000 steps by 12 slaves, spending 26.35 s.
[20260605 02:23:52 @multi_evo_agent_runner.py:94] Policy update, spending: 78.62 s.
[20260605 02:23:56 @multi_evo_agent_runner.py:99] Evaluation time: 3.74 s.
[20260605 02:23:56 @multi_evo_agent_runner.py:105] Total time:     850.25 min
[20260605 02:23:56 @multi_evo_agent_runner.py:115] Agent_0 gets eval reward: 742.76.
[20260605 02:23:56 @multi_evo_agent_runner.py:116] Agent_0 gets win rate: 0.31.
[20260605 02:23:56 @multi_evo_agent_runner.py:115] Agent_1 gets eval reward: -370.05.
[20260605 02:23:56 @multi_evo_agent_runner.py:116] Agent_1 gets win rate: 0.14.
[20260605 02:23:56 @multi_evo_agent_runner.py:79] #------------------------ Iteration 630 --------------------------#
[20260605 02:24:21 @multi_evo_agent_runner.py:85] Sampling 50000 steps by 12 slaves, spending 24.62 s.
[20260605 02:25:38 @multi_evo_agent_runner.py:94] Policy update, spending: 77.10 s.
[20260605 02:25:42 @multi_evo_agent_runner.py:99] Evaluation time: 4.30 s.
[20260605 02:25:42 @multi_evo_agent_runner.py:105] Total time:     852.02 min
[20260605 02:25:43 @multi_evo_agent_runner.py:115] Agent_0 gets eval reward: 564.58.
[20260605 02:25:43 @multi_evo_agent_runner.py:116] Agent_0 gets win rate: 0.43.
[20260605 02:25:43 @multi_evo_agent_runner.py:115] Agent_1 gets eval reward: -294.43.
[20260605 02:25:43 @multi_evo_agent_runner.py:116] Agent_1 gets win rate: 0.24.
[20260605 02:25:43 @multi_evo_agent_runner.py:79] #------------------------ Iteration 631 --------------------------#
[20260605 02:26:09 @multi_evo_agent_runner.py:85] Sampling 50000 steps by 12 slaves, spending 25.99 s.
[20260605 02:27:46 @multi_evo_agent_runner.py:94] Policy update, spending: 97.48 s.
[20260605 02:27:50 @multi_evo_agent_runner.py:99] Evaluation time: 3.41 s.
[20260605 02:27:50 @multi_evo_agent_runner.py:105] Total time:     854.14 min
[20260605 02:27:50 @multi_evo_agent_runner.py:115] Agent_0 gets eval reward: 150.12.
[20260605 02:27:50 @multi_evo_agent_runner.py:116] Agent_0 gets win rate: 0.23.
[20260605 02:27:50 @multi_evo_agent_runner.py:115] Agent_1 gets eval reward: -122.88.
[20260605 02:27:50 @multi_evo_agent_runner.py:116] Agent_1 gets win rate: 0.23.
[20260605 02:27:50 @multi_evo_agent_runner.py:79] #------------------------ Iteration 632 --------------------------#
[20260605 02:28:16 @multi_evo_agent_runner.py:85] Sampling 50000 steps by 12 slaves, spending 26.11 s.
[20260605 02:29:38 @multi_evo_agent_runner.py:94] Policy update, spending: 81.85 s.
[20260605 02:29:41 @multi_evo_agent_runner.py:99] Evaluation time: 2.89 s.
[20260605 02:29:41 @multi_evo_agent_runner.py:105] Total time:     855.99 min
[20260605 02:29:41 @multi_evo_agent_runner.py:115] Agent_0 gets eval reward: 169.41.
[20260605 02:29:41 @multi_evo_agent_runner.py:116] Agent_0 gets win rate: 0.32.
[20260605 02:29:41 @multi_evo_agent_runner.py:115] Agent_1 gets eval reward: -84.13.
[20260605 02:29:41 @multi_evo_agent_runner.py:116] Agent_1 gets win rate: 0.29.
[20260605 02:29:41 @multi_evo_agent_runner.py:79] #------------------------ Iteration 633 --------------------------#
[20260605 02:30:08 @multi_evo_agent_runner.py:85] Sampling 50000 steps by 12 slaves, spending 26.68 s.
[20260605 02:31:25 @multi_evo_agent_runner.py:94] Policy update, spending: 77.21 s.
[20260605 02:31:29 @multi_evo_agent_runner.py:99] Evaluation time: 3.76 s.
[20260605 02:31:29 @multi_evo_agent_runner.py:105] Total time:     857.79 min
[20260605 02:31:29 @multi_evo_agent_runner.py:115] Agent_0 gets eval reward: 20.05.
[20260605 02:31:29 @multi_evo_agent_runner.py:116] Agent_0 gets win rate: 0.14.
[20260605 02:31:29 @multi_evo_agent_runner.py:115] Agent_1 gets eval reward: 33.54.
[20260605 02:31:29 @multi_evo_agent_runner.py:116] Agent_1 gets win rate: 0.29.
[20260605 02:31:29 @multi_evo_agent_runner.py:79] #------------------------ Iteration 634 --------------------------#
[20260605 02:31:54 @multi_evo_agent_runner.py:85] Sampling 50000 steps by 12 slaves, spending 24.84 s.
[20260605 02:33:18 @multi_evo_agent_runner.py:94] Policy update, spending: 83.91 s.
[20260605 02:33:21 @multi_evo_agent_runner.py:99] Evaluation time: 3.79 s.
[20260605 02:33:21 @multi_evo_agent_runner.py:105] Total time:     859.67 min
[20260605 02:33:22 @multi_evo_agent_runner.py:115] Agent_0 gets eval reward: -165.21.
[20260605 02:33:22 @multi_evo_agent_runner.py:116] Agent_0 gets win rate: 0.08.
[20260605 02:33:22 @multi_evo_agent_runner.py:115] Agent_1 gets eval reward: -77.21.
[20260605 02:33:22 @multi_evo_agent_runner.py:116] Agent_1 gets win rate: 0.15.
[20260605 02:33:22 @multi_evo_agent_runner.py:79] #------------------------ Iteration 635 --------------------------#
[20260605 02:33:50 @multi_evo_agent_runner.py:85] Sampling 50000 steps by 12 slaves, spending 28.42 s.
[20260605 02:35:05 @multi_evo_agent_runner.py:94] Policy update, spending: 75.10 s.
[20260605 02:35:09 @multi_evo_agent_runner.py:99] Evaluation time: 3.23 s.
[20260605 02:35:09 @multi_evo_agent_runner.py:105] Total time:     861.45 min
[20260605 02:35:09 @multi_evo_agent_runner.py:115] Agent_0 gets eval reward: 81.27.
[20260605 02:35:09 @multi_evo_agent_runner.py:116] Agent_0 gets win rate: 0.21.
[20260605 02:35:09 @multi_evo_agent_runner.py:115] Agent_1 gets eval reward: -440.93.
[20260605 02:35:09 @multi_evo_agent_runner.py:116] Agent_1 gets win rate: 0.11.
[20260605 02:35:09 @multi_evo_agent_runner.py:79] #------------------------ Iteration 636 --------------------------#
[20260605 02:35:41 @multi_evo_agent_runner.py:85] Sampling 50000 steps by 12 slaves, spending 31.84 s.
[20260605 02:36:58 @multi_evo_agent_runner.py:94] Policy update, spending: 77.60 s.
[20260605 02:37:01 @multi_evo_agent_runner.py:99] Evaluation time: 3.31 s.
[20260605 02:37:01 @multi_evo_agent_runner.py:105] Total time:     863.34 min
[20260605 02:37:02 @multi_evo_agent_runner.py:115] Agent_0 gets eval reward: 52.19.
[20260605 02:37:02 @multi_evo_agent_runner.py:116] Agent_0 gets win rate: 0.31.
[20260605 02:37:02 @multi_evo_agent_runner.py:115] Agent_1 gets eval reward: 195.11.
[20260605 02:37:02 @multi_evo_agent_runner.py:116] Agent_1 gets win rate: 0.42.
[20260605 02:37:02 @multi_evo_agent_runner.py:79] #------------------------ Iteration 637 --------------------------#
[20260605 02:37:39 @multi_evo_agent_runner.py:85] Sampling 50000 steps by 12 slaves, spending 37.55 s.
[20260605 02:38:54 @multi_evo_agent_runner.py:94] Policy update, spending: 74.74 s.
[20260605 02:38:58 @multi_evo_agent_runner.py:99] Evaluation time: 3.91 s.
[20260605 02:38:58 @multi_evo_agent_runner.py:105] Total time:     865.28 min
[20260605 02:38:58 @multi_evo_agent_runner.py:115] Agent_0 gets eval reward: 355.48.
[20260605 02:38:58 @multi_evo_agent_runner.py:116] Agent_0 gets win rate: 0.40.
[20260605 02:38:58 @multi_evo_agent_runner.py:115] Agent_1 gets eval reward: -302.93.
[20260605 02:38:58 @multi_evo_agent_runner.py:116] Agent_1 gets win rate: 0.26.
[20260605 02:38:58 @multi_evo_agent_runner.py:79] #------------------------ Iteration 638 --------------------------#
[20260605 02:39:38 @multi_evo_agent_runner.py:85] Sampling 50000 steps by 12 slaves, spending 39.32 s.
[20260605 02:41:10 @multi_evo_agent_runner.py:94] Policy update, spending: 92.95 s.
[20260605 02:41:16 @multi_evo_agent_runner.py:99] Evaluation time: 5.31 s.
[20260605 02:41:16 @multi_evo_agent_runner.py:105] Total time:     867.58 min
[20260605 02:41:16 @multi_evo_agent_runner.py:115] Agent_0 gets eval reward: 350.46.
[20260605 02:41:16 @multi_evo_agent_runner.py:116] Agent_0 gets win rate: 0.17.
[20260605 02:41:16 @multi_evo_agent_runner.py:115] Agent_1 gets eval reward: 74.22.
[20260605 02:41:16 @multi_evo_agent_runner.py:116] Agent_1 gets win rate: 0.33.
[20260605 02:41:16 @multi_evo_agent_runner.py:79] #------------------------ Iteration 639 --------------------------#
[20260605 02:41:53 @multi_evo_agent_runner.py:85] Sampling 50000 steps by 12 slaves, spending 36.34 s.
[20260605 02:43:35 @multi_evo_agent_runner.py:94] Policy update, spending: 102.35 s.
[20260605 02:43:44 @multi_evo_agent_runner.py:99] Evaluation time: 8.68 s.
[20260605 02:43:44 @multi_evo_agent_runner.py:105] Total time:     870.04 min
[20260605 02:43:44 @multi_evo_agent_runner.py:115] Agent_0 gets eval reward: 50.46.
[20260605 02:43:44 @multi_evo_agent_runner.py:116] Agent_0 gets win rate: 0.31.
[20260605 02:43:44 @multi_evo_agent_runner.py:115] Agent_1 gets eval reward: 129.65.
[20260605 02:43:44 @multi_evo_agent_runner.py:116] Agent_1 gets win rate: 0.40.
[20260605 02:43:45 @multi_evo_agent_runner.py:79] #------------------------ Iteration 640 --------------------------#
[20260605 02:44:18 @multi_evo_agent_runner.py:85] Sampling 50000 steps by 12 slaves, spending 33.33 s.
[20260605 02:45:35 @multi_evo_agent_runner.py:94] Policy update, spending: 77.59 s.
[20260605 02:45:43 @multi_evo_agent_runner.py:99] Evaluation time: 7.22 s.
[20260605 02:45:43 @multi_evo_agent_runner.py:105] Total time:     872.02 min
[20260605 02:45:43 @multi_evo_agent_runner.py:115] Agent_0 gets eval reward: -90.51.
[20260605 02:45:43 @multi_evo_agent_runner.py:116] Agent_0 gets win rate: 0.27.
[20260605 02:45:43 @multi_evo_agent_runner.py:115] Agent_1 gets eval reward: -514.01.
[20260605 02:45:43 @multi_evo_agent_runner.py:116] Agent_1 gets win rate: 0.10.
[20260605 02:45:43 @multi_evo_agent_runner.py:79] #------------------------ Iteration 641 --------------------------#
[20260605 02:46:09 @multi_evo_agent_runner.py:85] Sampling 50000 steps by 12 slaves, spending 25.78 s.
[20260605 02:47:22 @multi_evo_agent_runner.py:94] Policy update, spending: 72.87 s.
[20260605 02:47:30 @multi_evo_agent_runner.py:99] Evaluation time: 8.74 s.
[20260605 02:47:30 @multi_evo_agent_runner.py:105] Total time:     873.82 min
[20260605 02:47:30 @multi_evo_agent_runner.py:115] Agent_0 gets eval reward: 328.81.
[20260605 02:47:30 @multi_evo_agent_runner.py:116] Agent_0 gets win rate: 0.25.
[20260605 02:47:30 @multi_evo_agent_runner.py:115] Agent_1 gets eval reward: -236.82.
[20260605 02:47:30 @multi_evo_agent_runner.py:116] Agent_1 gets win rate: 0.22.
[20260605 02:47:31 @multi_evo_agent_runner.py:79] #------------------------ Iteration 642 --------------------------#
[20260605 02:47:56 @multi_evo_agent_runner.py:85] Sampling 50000 steps by 12 slaves, spending 25.42 s.
[20260605 02:49:12 @multi_evo_agent_runner.py:94] Policy update, spending: 75.71 s.
[20260605 02:49:18 @multi_evo_agent_runner.py:99] Evaluation time: 6.60 s.
[20260605 02:49:18 @multi_evo_agent_runner.py:105] Total time:     875.62 min
[20260605 02:49:19 @multi_evo_agent_runner.py:115] Agent_0 gets eval reward: 246.23.
[20260605 02:49:19 @multi_evo_agent_runner.py:116] Agent_0 gets win rate: 0.30.
[20260605 02:49:19 @multi_evo_agent_runner.py:115] Agent_1 gets eval reward: -191.49.
[20260605 02:49:19 @multi_evo_agent_runner.py:116] Agent_1 gets win rate: 0.27.
[20260605 02:49:19 @multi_evo_agent_runner.py:79] #------------------------ Iteration 643 --------------------------#
[20260605 02:49:45 @multi_evo_agent_runner.py:85] Sampling 50000 steps by 12 slaves, spending 25.74 s.
[20260605 02:51:06 @multi_evo_agent_runner.py:94] Policy update, spending: 81.71 s.
[20260605 02:51:10 @multi_evo_agent_runner.py:99] Evaluation time: 4.04 s.
[20260605 02:51:10 @multi_evo_agent_runner.py:105] Total time:     877.48 min
[20260605 02:51:11 @multi_evo_agent_runner.py:115] Agent_0 gets eval reward: 295.43.
[20260605 02:51:11 @multi_evo_agent_runner.py:116] Agent_0 gets win rate: 0.23.
[20260605 02:51:11 @multi_evo_agent_runner.py:115] Agent_1 gets eval reward: -465.79.
[20260605 02:51:11 @multi_evo_agent_runner.py:116] Agent_1 gets win rate: 0.08.
[20260605 02:51:11 @multi_evo_agent_runner.py:79] #------------------------ Iteration 644 --------------------------#
[20260605 02:51:37 @multi_evo_agent_runner.py:85] Sampling 50000 steps by 12 slaves, spending 26.02 s.
[20260605 02:52:57 @multi_evo_agent_runner.py:94] Policy update, spending: 80.52 s.
[20260605 02:53:01 @multi_evo_agent_runner.py:99] Evaluation time: 3.89 s.
[20260605 02:53:01 @multi_evo_agent_runner.py:105] Total time:     879.33 min
[20260605 02:53:01 @multi_evo_agent_runner.py:115] Agent_0 gets eval reward: 135.10.
[20260605 02:53:01 @multi_evo_agent_runner.py:116] Agent_0 gets win rate: 0.19.
[20260605 02:53:01 @multi_evo_agent_runner.py:115] Agent_1 gets eval reward: -159.69.
[20260605 02:53:01 @multi_evo_agent_runner.py:116] Agent_1 gets win rate: 0.23.
[20260605 02:53:01 @multi_evo_agent_runner.py:79] #------------------------ Iteration 645 --------------------------#
[20260605 02:53:29 @multi_evo_agent_runner.py:85] Sampling 50000 steps by 12 slaves, spending 27.18 s.
[20260605 02:54:48 @multi_evo_agent_runner.py:94] Policy update, spending: 79.07 s.
[20260605 02:54:52 @multi_evo_agent_runner.py:99] Evaluation time: 4.30 s.
[20260605 02:54:52 @multi_evo_agent_runner.py:105] Total time:     881.18 min
[20260605 02:54:52 @multi_evo_agent_runner.py:115] Agent_0 gets eval reward: 136.74.
[20260605 02:54:52 @multi_evo_agent_runner.py:116] Agent_0 gets win rate: 0.12.
[20260605 02:54:52 @multi_evo_agent_runner.py:115] Agent_1 gets eval reward: -224.15.
[20260605 02:54:52 @multi_evo_agent_runner.py:116] Agent_1 gets win rate: 0.15.
[20260605 02:54:52 @multi_evo_agent_runner.py:79] #------------------------ Iteration 646 --------------------------#
[20260605 02:55:17 @multi_evo_agent_runner.py:85] Sampling 50000 steps by 12 slaves, spending 24.94 s.
[20260605 02:56:38 @multi_evo_agent_runner.py:94] Policy update, spending: 80.37 s.
[20260605 02:56:42 @multi_evo_agent_runner.py:99] Evaluation time: 4.01 s.
[20260605 02:56:42 @multi_evo_agent_runner.py:105] Total time:     883.00 min
[20260605 02:56:42 @multi_evo_agent_runner.py:115] Agent_0 gets eval reward: -227.75.
[20260605 02:56:42 @multi_evo_agent_runner.py:116] Agent_0 gets win rate: 0.20.
[20260605 02:56:42 @multi_evo_agent_runner.py:115] Agent_1 gets eval reward: 0.94.
[20260605 02:56:42 @multi_evo_agent_runner.py:116] Agent_1 gets win rate: 0.37.
[20260605 02:56:42 @multi_evo_agent_runner.py:79] #------------------------ Iteration 647 --------------------------#
[20260605 02:57:07 @multi_evo_agent_runner.py:85] Sampling 50000 steps by 12 slaves, spending 25.40 s.
[20260605 02:58:27 @multi_evo_agent_runner.py:94] Policy update, spending: 79.50 s.
[20260605 02:58:31 @multi_evo_agent_runner.py:99] Evaluation time: 3.74 s.
[20260605 02:58:31 @multi_evo_agent_runner.py:105] Total time:     884.82 min
[20260605 02:58:31 @multi_evo_agent_runner.py:115] Agent_0 gets eval reward: 412.20.
[20260605 02:58:31 @multi_evo_agent_runner.py:116] Agent_0 gets win rate: 0.32.
[20260605 02:58:31 @multi_evo_agent_runner.py:115] Agent_1 gets eval reward: -284.40.
[20260605 02:58:31 @multi_evo_agent_runner.py:116] Agent_1 gets win rate: 0.08.
[20260605 02:58:31 @multi_evo_agent_runner.py:79] #------------------------ Iteration 648 --------------------------#
[20260605 02:58:58 @multi_evo_agent_runner.py:85] Sampling 50000 steps by 12 slaves, spending 27.02 s.
[20260605 03:00:31 @multi_evo_agent_runner.py:94] Policy update, spending: 92.82 s.
[20260605 03:00:35 @multi_evo_agent_runner.py:99] Evaluation time: 4.05 s.
[20260605 03:00:35 @multi_evo_agent_runner.py:105] Total time:     886.89 min
[20260605 03:00:35 @multi_evo_agent_runner.py:115] Agent_0 gets eval reward: 154.42.
[20260605 03:00:35 @multi_evo_agent_runner.py:116] Agent_0 gets win rate: 0.23.
[20260605 03:00:35 @multi_evo_agent_runner.py:115] Agent_1 gets eval reward: -228.05.
[20260605 03:00:35 @multi_evo_agent_runner.py:116] Agent_1 gets win rate: 0.19.
[20260605 03:00:35 @multi_evo_agent_runner.py:79] #------------------------ Iteration 649 --------------------------#
[20260605 03:01:01 @multi_evo_agent_runner.py:85] Sampling 50000 steps by 12 slaves, spending 25.73 s.
[20260605 03:02:40 @multi_evo_agent_runner.py:94] Policy update, spending: 98.86 s.
[20260605 03:02:44 @multi_evo_agent_runner.py:99] Evaluation time: 4.17 s.
[20260605 03:02:44 @multi_evo_agent_runner.py:105] Total time:     889.04 min
[20260605 03:02:44 @multi_evo_agent_runner.py:115] Agent_0 gets eval reward: 365.00.
[20260605 03:02:44 @multi_evo_agent_runner.py:116] Agent_0 gets win rate: 0.35.
[20260605 03:02:44 @multi_evo_agent_runner.py:115] Agent_1 gets eval reward: -466.87.
[20260605 03:02:44 @multi_evo_agent_runner.py:116] Agent_1 gets win rate: 0.10.
[20260605 03:02:44 @multi_evo_agent_runner.py:79] #------------------------ Iteration 650 --------------------------#
[20260605 03:03:08 @multi_evo_agent_runner.py:85] Sampling 50000 steps by 12 slaves, spending 23.85 s.
[20260605 03:04:32 @multi_evo_agent_runner.py:94] Policy update, spending: 84.63 s.
[20260605 03:04:37 @multi_evo_agent_runner.py:99] Evaluation time: 4.64 s.
[20260605 03:04:37 @multi_evo_agent_runner.py:105] Total time:     890.93 min
[20260605 03:04:37 @multi_evo_agent_runner.py:115] Agent_0 gets eval reward: 334.46.
[20260605 03:04:37 @multi_evo_agent_runner.py:116] Agent_0 gets win rate: 0.24.
[20260605 03:04:37 @multi_evo_agent_runner.py:115] Agent_1 gets eval reward: -319.48.
[20260605 03:04:37 @multi_evo_agent_runner.py:116] Agent_1 gets win rate: 0.17.
[20260605 03:04:37 @multi_evo_agent_runner.py:79] #------------------------ Iteration 651 --------------------------#
[20260605 03:05:04 @multi_evo_agent_runner.py:85] Sampling 50000 steps by 12 slaves, spending 26.14 s.
[20260605 03:06:43 @multi_evo_agent_runner.py:94] Policy update, spending: 99.63 s.
[20260605 03:06:47 @multi_evo_agent_runner.py:99] Evaluation time: 4.00 s.
[20260605 03:06:47 @multi_evo_agent_runner.py:105] Total time:     893.10 min
[20260605 03:06:47 @multi_evo_agent_runner.py:115] Agent_0 gets eval reward: 195.44.
[20260605 03:06:47 @multi_evo_agent_runner.py:116] Agent_0 gets win rate: 0.22.
[20260605 03:06:47 @multi_evo_agent_runner.py:115] Agent_1 gets eval reward: -303.41.
[20260605 03:06:47 @multi_evo_agent_runner.py:116] Agent_1 gets win rate: 0.22.
[20260605 03:06:47 @multi_evo_agent_runner.py:79] #------------------------ Iteration 652 --------------------------#
[20260605 03:07:14 @multi_evo_agent_runner.py:85] Sampling 50000 steps by 12 slaves, spending 26.37 s.
[20260605 03:08:28 @multi_evo_agent_runner.py:94] Policy update, spending: 73.81 s.
[20260605 03:08:31 @multi_evo_agent_runner.py:99] Evaluation time: 2.98 s.
[20260605 03:08:31 @multi_evo_agent_runner.py:105] Total time:     894.82 min
[20260605 03:08:31 @multi_evo_agent_runner.py:115] Agent_0 gets eval reward: 155.43.
[20260605 03:08:31 @multi_evo_agent_runner.py:116] Agent_0 gets win rate: 0.33.
[20260605 03:08:31 @multi_evo_agent_runner.py:115] Agent_1 gets eval reward: -355.82.
[20260605 03:08:31 @multi_evo_agent_runner.py:116] Agent_1 gets win rate: 0.20.
[20260605 03:08:31 @multi_evo_agent_runner.py:79] #------------------------ Iteration 653 --------------------------#
[20260605 03:08:57 @multi_evo_agent_runner.py:85] Sampling 50000 steps by 12 slaves, spending 26.37 s.
[20260605 03:10:17 @multi_evo_agent_runner.py:94] Policy update, spending: 80.00 s.
[20260605 03:10:22 @multi_evo_agent_runner.py:99] Evaluation time: 4.64 s.
[20260605 03:10:22 @multi_evo_agent_runner.py:105] Total time:     896.68 min
[20260605 03:10:22 @multi_evo_agent_runner.py:115] Agent_0 gets eval reward: 68.96.
[20260605 03:10:22 @multi_evo_agent_runner.py:116] Agent_0 gets win rate: 0.28.
[20260605 03:10:22 @multi_evo_agent_runner.py:115] Agent_1 gets eval reward: -267.50.
[20260605 03:10:22 @multi_evo_agent_runner.py:116] Agent_1 gets win rate: 0.25.
[20260605 03:10:22 @multi_evo_agent_runner.py:79] #------------------------ Iteration 654 --------------------------#
[20260605 03:10:46 @multi_evo_agent_runner.py:85] Sampling 50000 steps by 12 slaves, spending 23.75 s.
[20260605 03:12:04 @multi_evo_agent_runner.py:94] Policy update, spending: 77.84 s.
[20260605 03:12:08 @multi_evo_agent_runner.py:99] Evaluation time: 4.31 s.
[20260605 03:12:08 @multi_evo_agent_runner.py:105] Total time:     898.44 min
[20260605 03:12:08 @multi_evo_agent_runner.py:115] Agent_0 gets eval reward: 106.53.
[20260605 03:12:08 @multi_evo_agent_runner.py:116] Agent_0 gets win rate: 0.27.
[20260605 03:12:08 @multi_evo_agent_runner.py:115] Agent_1 gets eval reward: -158.23.
[20260605 03:12:08 @multi_evo_agent_runner.py:116] Agent_1 gets win rate: 0.20.
[20260605 03:12:08 @multi_evo_agent_runner.py:79] #------------------------ Iteration 655 --------------------------#
[20260605 03:12:33 @multi_evo_agent_runner.py:85] Sampling 50000 steps by 12 slaves, spending 24.47 s.
[20260605 03:13:57 @multi_evo_agent_runner.py:94] Policy update, spending: 84.33 s.
[20260605 03:14:01 @multi_evo_agent_runner.py:99] Evaluation time: 3.56 s.
[20260605 03:14:01 @multi_evo_agent_runner.py:105] Total time:     900.32 min
[20260605 03:14:01 @multi_evo_agent_runner.py:115] Agent_0 gets eval reward: 226.84.
[20260605 03:14:01 @multi_evo_agent_runner.py:116] Agent_0 gets win rate: 0.21.
[20260605 03:14:01 @multi_evo_agent_runner.py:115] Agent_1 gets eval reward: -229.54.
[20260605 03:14:01 @multi_evo_agent_runner.py:116] Agent_1 gets win rate: 0.28.
[20260605 03:14:01 @multi_evo_agent_runner.py:79] #------------------------ Iteration 656 --------------------------#
[20260605 03:14:28 @multi_evo_agent_runner.py:85] Sampling 50000 steps by 12 slaves, spending 27.46 s.
[20260605 03:15:45 @multi_evo_agent_runner.py:94] Policy update, spending: 77.20 s.
[20260605 03:15:49 @multi_evo_agent_runner.py:99] Evaluation time: 4.05 s.
[20260605 03:15:49 @multi_evo_agent_runner.py:105] Total time:     902.14 min
[20260605 03:15:50 @multi_evo_agent_runner.py:115] Agent_0 gets eval reward: 461.02.
[20260605 03:15:50 @multi_evo_agent_runner.py:116] Agent_0 gets win rate: 0.39.
[20260605 03:15:50 @multi_evo_agent_runner.py:115] Agent_1 gets eval reward: -391.88.
[20260605 03:15:50 @multi_evo_agent_runner.py:116] Agent_1 gets win rate: 0.18.
[20260605 03:15:50 @multi_evo_agent_runner.py:79] #------------------------ Iteration 657 --------------------------#
[20260605 03:16:16 @multi_evo_agent_runner.py:85] Sampling 50000 steps by 12 slaves, spending 26.03 s.
[20260605 03:17:35 @multi_evo_agent_runner.py:94] Policy update, spending: 79.18 s.
[20260605 03:17:39 @multi_evo_agent_runner.py:99] Evaluation time: 4.36 s.
[20260605 03:17:39 @multi_evo_agent_runner.py:105] Total time:     903.97 min
[20260605 03:17:39 @multi_evo_agent_runner.py:115] Agent_0 gets eval reward: 343.72.
[20260605 03:17:39 @multi_evo_agent_runner.py:116] Agent_0 gets win rate: 0.29.
[20260605 03:17:40 @multi_evo_agent_runner.py:115] Agent_1 gets eval reward: -513.64.
[20260605 03:17:40 @multi_evo_agent_runner.py:116] Agent_1 gets win rate: 0.11.
[20260605 03:17:40 @multi_evo_agent_runner.py:79] #------------------------ Iteration 658 --------------------------#
[20260605 03:18:09 @multi_evo_agent_runner.py:85] Sampling 50000 steps by 12 slaves, spending 28.91 s.
[20260605 03:19:22 @multi_evo_agent_runner.py:94] Policy update, spending: 73.89 s.
[20260605 03:19:27 @multi_evo_agent_runner.py:99] Evaluation time: 4.29 s.
[20260605 03:19:27 @multi_evo_agent_runner.py:105] Total time:     905.76 min
[20260605 03:19:27 @multi_evo_agent_runner.py:115] Agent_0 gets eval reward: 85.11.
[20260605 03:19:27 @multi_evo_agent_runner.py:116] Agent_0 gets win rate: 0.26.
[20260605 03:19:27 @multi_evo_agent_runner.py:115] Agent_1 gets eval reward: -262.94.
[20260605 03:19:27 @multi_evo_agent_runner.py:116] Agent_1 gets win rate: 0.29.
[20260605 03:19:27 @multi_evo_agent_runner.py:79] #------------------------ Iteration 659 --------------------------#
[20260605 03:20:02 @multi_evo_agent_runner.py:85] Sampling 50000 steps by 12 slaves, spending 34.62 s.
[20260605 03:21:16 @multi_evo_agent_runner.py:94] Policy update, spending: 74.08 s.
[20260605 03:21:20 @multi_evo_agent_runner.py:99] Evaluation time: 4.03 s.
[20260605 03:21:20 @multi_evo_agent_runner.py:105] Total time:     907.64 min
[20260605 03:21:20 @multi_evo_agent_runner.py:115] Agent_0 gets eval reward: -177.02.
[20260605 03:21:20 @multi_evo_agent_runner.py:116] Agent_0 gets win rate: 0.13.
[20260605 03:21:20 @multi_evo_agent_runner.py:115] Agent_1 gets eval reward: 165.93.
[20260605 03:21:20 @multi_evo_agent_runner.py:116] Agent_1 gets win rate: 0.35.
[20260605 03:21:20 @multi_evo_agent_runner.py:79] #------------------------ Iteration 660 --------------------------#
[20260605 03:21:57 @multi_evo_agent_runner.py:85] Sampling 50000 steps by 12 slaves, spending 36.68 s.
[20260605 03:23:08 @multi_evo_agent_runner.py:94] Policy update, spending: 71.37 s.
[20260605 03:23:12 @multi_evo_agent_runner.py:99] Evaluation time: 4.12 s.
[20260605 03:23:12 @multi_evo_agent_runner.py:105] Total time:     909.52 min
[20260605 03:23:13 @multi_evo_agent_runner.py:115] Agent_0 gets eval reward: 190.23.
[20260605 03:23:13 @multi_evo_agent_runner.py:116] Agent_0 gets win rate: 0.29.
[20260605 03:23:13 @multi_evo_agent_runner.py:115] Agent_1 gets eval reward: -96.98.
[20260605 03:23:13 @multi_evo_agent_runner.py:116] Agent_1 gets win rate: 0.26.
[20260605 03:23:13 @multi_evo_agent_runner.py:79] #------------------------ Iteration 661 --------------------------#
[20260605 03:23:53 @multi_evo_agent_runner.py:85] Sampling 50000 steps by 12 slaves, spending 39.28 s.
[20260605 03:25:43 @multi_evo_agent_runner.py:94] Policy update, spending: 110.50 s.
[20260605 03:25:49 @multi_evo_agent_runner.py:99] Evaluation time: 6.36 s.
[20260605 03:25:49 @multi_evo_agent_runner.py:105] Total time:     912.14 min
[20260605 03:25:50 @multi_evo_agent_runner.py:115] Agent_0 gets eval reward: 203.24.
[20260605 03:25:50 @multi_evo_agent_runner.py:116] Agent_0 gets win rate: 0.22.
[20260605 03:25:50 @multi_evo_agent_runner.py:115] Agent_1 gets eval reward: -53.55.
[20260605 03:25:50 @multi_evo_agent_runner.py:116] Agent_1 gets win rate: 0.15.
[20260605 03:25:50 @multi_evo_agent_runner.py:79] #------------------------ Iteration 662 --------------------------#
[20260605 03:26:22 @multi_evo_agent_runner.py:85] Sampling 50000 steps by 12 slaves, spending 31.92 s.
[20260605 03:27:43 @multi_evo_agent_runner.py:94] Policy update, spending: 80.82 s.
[20260605 03:27:47 @multi_evo_agent_runner.py:99] Evaluation time: 4.47 s.
[20260605 03:27:47 @multi_evo_agent_runner.py:105] Total time:     914.10 min
[20260605 03:27:47 @multi_evo_agent_runner.py:115] Agent_0 gets eval reward: -132.49.
[20260605 03:27:47 @multi_evo_agent_runner.py:116] Agent_0 gets win rate: 0.11.
[20260605 03:27:47 @multi_evo_agent_runner.py:115] Agent_1 gets eval reward: 217.21.
[20260605 03:27:47 @multi_evo_agent_runner.py:116] Agent_1 gets win rate: 0.25.
[20260605 03:27:47 @multi_evo_agent_runner.py:79] #------------------------ Iteration 663 --------------------------#
[20260605 03:28:10 @multi_evo_agent_runner.py:85] Sampling 50000 steps by 12 slaves, spending 22.95 s.
[20260605 03:29:33 @multi_evo_agent_runner.py:94] Policy update, spending: 82.44 s.
[20260605 03:29:37 @multi_evo_agent_runner.py:99] Evaluation time: 4.14 s.
[20260605 03:29:37 @multi_evo_agent_runner.py:105] Total time:     915.93 min
[20260605 03:29:37 @multi_evo_agent_runner.py:115] Agent_0 gets eval reward: 169.19.
[20260605 03:29:37 @multi_evo_agent_runner.py:116] Agent_0 gets win rate: 0.36.
[20260605 03:29:37 @multi_evo_agent_runner.py:115] Agent_1 gets eval reward: 26.13.
[20260605 03:29:37 @multi_evo_agent_runner.py:116] Agent_1 gets win rate: 0.39.
[20260605 03:29:37 @multi_evo_agent_runner.py:79] #------------------------ Iteration 664 --------------------------#
[20260605 03:30:00 @multi_evo_agent_runner.py:85] Sampling 50000 steps by 12 slaves, spending 22.81 s.
[20260605 03:31:18 @multi_evo_agent_runner.py:94] Policy update, spending: 77.52 s.
[20260605 03:31:21 @multi_evo_agent_runner.py:99] Evaluation time: 3.12 s.
[20260605 03:31:21 @multi_evo_agent_runner.py:105] Total time:     917.66 min
[20260605 03:31:21 @multi_evo_agent_runner.py:115] Agent_0 gets eval reward: -330.73.
[20260605 03:31:21 @multi_evo_agent_runner.py:116] Agent_0 gets win rate: 0.16.
[20260605 03:31:21 @multi_evo_agent_runner.py:115] Agent_1 gets eval reward: 189.18.
[20260605 03:31:21 @multi_evo_agent_runner.py:116] Agent_1 gets win rate: 0.45.
[20260605 03:31:21 @multi_evo_agent_runner.py:79] #------------------------ Iteration 665 --------------------------#
[20260605 03:31:47 @multi_evo_agent_runner.py:85] Sampling 50000 steps by 12 slaves, spending 26.16 s.
[20260605 03:33:08 @multi_evo_agent_runner.py:94] Policy update, spending: 81.17 s.
[20260605 03:33:12 @multi_evo_agent_runner.py:99] Evaluation time: 3.69 s.
[20260605 03:33:12 @multi_evo_agent_runner.py:105] Total time:     919.51 min
[20260605 03:33:12 @multi_evo_agent_runner.py:115] Agent_0 gets eval reward: 75.73.
[20260605 03:33:12 @multi_evo_agent_runner.py:116] Agent_0 gets win rate: 0.26.
[20260605 03:33:12 @multi_evo_agent_runner.py:115] Agent_1 gets eval reward: -109.35.
[20260605 03:33:12 @multi_evo_agent_runner.py:116] Agent_1 gets win rate: 0.32.
[20260605 03:33:12 @multi_evo_agent_runner.py:79] #------------------------ Iteration 666 --------------------------#
[20260605 03:33:39 @multi_evo_agent_runner.py:85] Sampling 50000 steps by 12 slaves, spending 26.51 s.
[20260605 03:34:54 @multi_evo_agent_runner.py:94] Policy update, spending: 75.64 s.
[20260605 03:34:58 @multi_evo_agent_runner.py:99] Evaluation time: 4.06 s.
[20260605 03:34:58 @multi_evo_agent_runner.py:105] Total time:     921.29 min
[20260605 03:34:59 @multi_evo_agent_runner.py:115] Agent_0 gets eval reward: 75.13.
[20260605 03:34:59 @multi_evo_agent_runner.py:116] Agent_0 gets win rate: 0.25.
[20260605 03:34:59 @multi_evo_agent_runner.py:115] Agent_1 gets eval reward: -453.20.
[20260605 03:34:59 @multi_evo_agent_runner.py:116] Agent_1 gets win rate: 0.11.
[20260605 03:34:59 @multi_evo_agent_runner.py:79] #------------------------ Iteration 667 --------------------------#
[20260605 03:35:23 @multi_evo_agent_runner.py:85] Sampling 50000 steps by 12 slaves, spending 23.98 s.
[20260605 03:36:40 @multi_evo_agent_runner.py:94] Policy update, spending: 77.50 s.
[20260605 03:36:45 @multi_evo_agent_runner.py:99] Evaluation time: 4.22 s.
[20260605 03:36:45 @multi_evo_agent_runner.py:105] Total time:     923.05 min
[20260605 03:36:45 @multi_evo_agent_runner.py:115] Agent_0 gets eval reward: -229.03.
[20260605 03:36:45 @multi_evo_agent_runner.py:116] Agent_0 gets win rate: 0.26.
[20260605 03:36:45 @multi_evo_agent_runner.py:115] Agent_1 gets eval reward: 71.03.
[20260605 03:36:45 @multi_evo_agent_runner.py:116] Agent_1 gets win rate: 0.37.
[20260605 03:36:45 @multi_evo_agent_runner.py:79] #------------------------ Iteration 668 --------------------------#
[20260605 03:37:11 @multi_evo_agent_runner.py:85] Sampling 50000 steps by 12 slaves, spending 25.92 s.
[20260605 03:38:41 @multi_evo_agent_runner.py:94] Policy update, spending: 90.78 s.
[20260605 03:38:45 @multi_evo_agent_runner.py:99] Evaluation time: 3.58 s.
[20260605 03:38:45 @multi_evo_agent_runner.py:105] Total time:     925.06 min
[20260605 03:38:45 @multi_evo_agent_runner.py:115] Agent_0 gets eval reward: 64.72.
[20260605 03:38:45 @multi_evo_agent_runner.py:116] Agent_0 gets win rate: 0.34.
[20260605 03:38:45 @multi_evo_agent_runner.py:115] Agent_1 gets eval reward: -322.11.
[20260605 03:38:45 @multi_evo_agent_runner.py:116] Agent_1 gets win rate: 0.23.
[20260605 03:38:45 @multi_evo_agent_runner.py:79] #------------------------ Iteration 669 --------------------------#
[20260605 03:39:12 @multi_evo_agent_runner.py:85] Sampling 50000 steps by 12 slaves, spending 26.71 s.
[20260605 03:40:25 @multi_evo_agent_runner.py:94] Policy update, spending: 72.55 s.
[20260605 03:40:29 @multi_evo_agent_runner.py:99] Evaluation time: 4.20 s.
[20260605 03:40:29 @multi_evo_agent_runner.py:105] Total time:     926.79 min
[20260605 03:40:29 @multi_evo_agent_runner.py:115] Agent_0 gets eval reward: 230.95.
[20260605 03:40:29 @multi_evo_agent_runner.py:116] Agent_0 gets win rate: 0.23.
[20260605 03:40:29 @multi_evo_agent_runner.py:115] Agent_1 gets eval reward: -439.26.
[20260605 03:40:29 @multi_evo_agent_runner.py:116] Agent_1 gets win rate: 0.08.
[20260605 03:40:29 @multi_evo_agent_runner.py:79] #------------------------ Iteration 670 --------------------------#
[20260605 03:40:53 @multi_evo_agent_runner.py:85] Sampling 50000 steps by 12 slaves, spending 24.30 s.
[20260605 03:42:11 @multi_evo_agent_runner.py:94] Policy update, spending: 77.55 s.
[20260605 03:42:14 @multi_evo_agent_runner.py:99] Evaluation time: 3.51 s.
[20260605 03:42:14 @multi_evo_agent_runner.py:105] Total time:     928.55 min
[20260605 03:42:15 @multi_evo_agent_runner.py:115] Agent_0 gets eval reward: 64.19.
[20260605 03:42:15 @multi_evo_agent_runner.py:116] Agent_0 gets win rate: 0.21.
[20260605 03:42:15 @multi_evo_agent_runner.py:115] Agent_1 gets eval reward: -253.08.
[20260605 03:42:15 @multi_evo_agent_runner.py:116] Agent_1 gets win rate: 0.14.
[20260605 03:42:15 @multi_evo_agent_runner.py:79] #------------------------ Iteration 671 --------------------------#
[20260605 03:42:41 @multi_evo_agent_runner.py:85] Sampling 50000 steps by 12 slaves, spending 26.48 s.
[20260605 03:44:07 @multi_evo_agent_runner.py:94] Policy update, spending: 86.03 s.
[20260605 03:44:11 @multi_evo_agent_runner.py:99] Evaluation time: 3.83 s.
[20260605 03:44:11 @multi_evo_agent_runner.py:105] Total time:     930.50 min
[20260605 03:44:11 @multi_evo_agent_runner.py:115] Agent_0 gets eval reward: -1.78.
[20260605 03:44:11 @multi_evo_agent_runner.py:116] Agent_0 gets win rate: 0.31.
[20260605 03:44:11 @multi_evo_agent_runner.py:115] Agent_1 gets eval reward: 32.66.
[20260605 03:44:11 @multi_evo_agent_runner.py:116] Agent_1 gets win rate: 0.37.
[20260605 03:44:11 @multi_evo_agent_runner.py:79] #------------------------ Iteration 672 --------------------------#
[20260605 03:44:36 @multi_evo_agent_runner.py:85] Sampling 50000 steps by 12 slaves, spending 24.97 s.
[20260605 03:45:56 @multi_evo_agent_runner.py:94] Policy update, spending: 79.18 s.
[20260605 03:45:59 @multi_evo_agent_runner.py:99] Evaluation time: 3.34 s.
[20260605 03:45:59 @multi_evo_agent_runner.py:105] Total time:     932.29 min
[20260605 03:45:59 @multi_evo_agent_runner.py:115] Agent_0 gets eval reward: 521.17.
[20260605 03:45:59 @multi_evo_agent_runner.py:116] Agent_0 gets win rate: 0.42.
[20260605 03:45:59 @multi_evo_agent_runner.py:115] Agent_1 gets eval reward: -582.61.
[20260605 03:45:59 @multi_evo_agent_runner.py:116] Agent_1 gets win rate: 0.12.
[20260605 03:45:59 @multi_evo_agent_runner.py:79] #------------------------ Iteration 673 --------------------------#
[20260605 03:46:25 @multi_evo_agent_runner.py:85] Sampling 50000 steps by 12 slaves, spending 26.31 s.
[20260605 03:48:01 @multi_evo_agent_runner.py:94] Policy update, spending: 95.86 s.
[20260605 03:48:05 @multi_evo_agent_runner.py:99] Evaluation time: 4.16 s.
[20260605 03:48:05 @multi_evo_agent_runner.py:105] Total time:     934.40 min
[20260605 03:48:06 @multi_evo_agent_runner.py:115] Agent_0 gets eval reward: 54.06.
[20260605 03:48:06 @multi_evo_agent_runner.py:116] Agent_0 gets win rate: 0.34.
[20260605 03:48:06 @multi_evo_agent_runner.py:115] Agent_1 gets eval reward: 9.20.
[20260605 03:48:06 @multi_evo_agent_runner.py:116] Agent_1 gets win rate: 0.37.
[20260605 03:48:06 @multi_evo_agent_runner.py:79] #------------------------ Iteration 674 --------------------------#
[20260605 03:48:32 @multi_evo_agent_runner.py:85] Sampling 50000 steps by 12 slaves, spending 26.30 s.
[20260605 03:49:54 @multi_evo_agent_runner.py:94] Policy update, spending: 81.73 s.
[20260605 03:49:57 @multi_evo_agent_runner.py:99] Evaluation time: 3.18 s.
[20260605 03:49:57 @multi_evo_agent_runner.py:105] Total time:     936.26 min
[20260605 03:49:57 @multi_evo_agent_runner.py:115] Agent_0 gets eval reward: 524.14.
[20260605 03:49:57 @multi_evo_agent_runner.py:116] Agent_0 gets win rate: 0.44.
[20260605 03:49:57 @multi_evo_agent_runner.py:115] Agent_1 gets eval reward: -440.62.
[20260605 03:49:57 @multi_evo_agent_runner.py:116] Agent_1 gets win rate: 0.25.
[20260605 03:49:57 @multi_evo_agent_runner.py:79] #------------------------ Iteration 675 --------------------------#
[20260605 03:50:30 @multi_evo_agent_runner.py:85] Sampling 50000 steps by 12 slaves, spending 32.86 s.
[20260605 03:51:46 @multi_evo_agent_runner.py:94] Policy update, spending: 75.91 s.
[20260605 03:51:49 @multi_evo_agent_runner.py:99] Evaluation time: 2.95 s.
[20260605 03:51:49 @multi_evo_agent_runner.py:105] Total time:     938.13 min
[20260605 03:51:49 @multi_evo_agent_runner.py:115] Agent_0 gets eval reward: -17.98.
[20260605 03:51:49 @multi_evo_agent_runner.py:116] Agent_0 gets win rate: 0.29.
[20260605 03:51:49 @multi_evo_agent_runner.py:115] Agent_1 gets eval reward: 336.48.
[20260605 03:51:49 @multi_evo_agent_runner.py:116] Agent_1 gets win rate: 0.39.
[20260605 03:51:49 @multi_evo_agent_runner.py:79] #------------------------ Iteration 676 --------------------------#
[20260605 03:52:27 @multi_evo_agent_runner.py:85] Sampling 50000 steps by 12 slaves, spending 37.57 s.
[20260605 03:53:41 @multi_evo_agent_runner.py:94] Policy update, spending: 74.00 s.
[20260605 03:53:45 @multi_evo_agent_runner.py:99] Evaluation time: 4.48 s.
[20260605 03:53:45 @multi_evo_agent_runner.py:105] Total time:     940.07 min
[20260605 03:53:45 @multi_evo_agent_runner.py:115] Agent_0 gets eval reward: -179.41.
[20260605 03:53:45 @multi_evo_agent_runner.py:116] Agent_0 gets win rate: 0.11.
[20260605 03:53:45 @multi_evo_agent_runner.py:115] Agent_1 gets eval reward: -54.99.
[20260605 03:53:45 @multi_evo_agent_runner.py:116] Agent_1 gets win rate: 0.19.
[20260605 03:53:46 @multi_evo_agent_runner.py:79] #------------------------ Iteration 677 --------------------------#
[20260605 03:54:25 @multi_evo_agent_runner.py:85] Sampling 50000 steps by 12 slaves, spending 39.02 s.
[20260605 03:56:01 @multi_evo_agent_runner.py:94] Policy update, spending: 96.81 s.
[20260605 03:56:09 @multi_evo_agent_runner.py:99] Evaluation time: 7.62 s.
[20260605 03:56:09 @multi_evo_agent_runner.py:105] Total time:     942.46 min
[20260605 03:56:09 @multi_evo_agent_runner.py:115] Agent_0 gets eval reward: 467.65.
[20260605 03:56:09 @multi_evo_agent_runner.py:116] Agent_0 gets win rate: 0.44.
[20260605 03:56:09 @multi_evo_agent_runner.py:115] Agent_1 gets eval reward: -384.08.
[20260605 03:56:09 @multi_evo_agent_runner.py:116] Agent_1 gets win rate: 0.24.
[20260605 03:56:10 @multi_evo_agent_runner.py:79] #------------------------ Iteration 678 --------------------------#
[20260605 03:56:43 @multi_evo_agent_runner.py:85] Sampling 50000 steps by 12 slaves, spending 32.73 s.
[20260605 03:58:34 @multi_evo_agent_runner.py:94] Policy update, spending: 111.35 s.
[20260605 03:58:44 @multi_evo_agent_runner.py:99] Evaluation time: 9.86 s.
[20260605 03:58:44 @multi_evo_agent_runner.py:105] Total time:     945.04 min
[20260605 03:58:44 @multi_evo_agent_runner.py:115] Agent_0 gets eval reward: 563.93.
[20260605 03:58:44 @multi_evo_agent_runner.py:116] Agent_0 gets win rate: 0.55.
[20260605 03:58:44 @multi_evo_agent_runner.py:115] Agent_1 gets eval reward: -375.21.
[20260605 03:58:44 @multi_evo_agent_runner.py:116] Agent_1 gets win rate: 0.31.
[20260605 03:58:44 @multi_evo_agent_runner.py:79] #------------------------ Iteration 679 --------------------------#
[20260605 03:59:12 @multi_evo_agent_runner.py:85] Sampling 50000 steps by 12 slaves, spending 27.78 s.
[20260605 04:00:41 @multi_evo_agent_runner.py:94] Policy update, spending: 88.46 s.
[20260605 04:00:47 @multi_evo_agent_runner.py:99] Evaluation time: 6.76 s.
[20260605 04:00:47 @multi_evo_agent_runner.py:105] Total time:     947.10 min
[20260605 04:00:48 @multi_evo_agent_runner.py:115] Agent_0 gets eval reward: 297.43.
[20260605 04:00:48 @multi_evo_agent_runner.py:116] Agent_0 gets win rate: 0.24.
[20260605 04:00:48 @multi_evo_agent_runner.py:115] Agent_1 gets eval reward: -468.40.
[20260605 04:00:48 @multi_evo_agent_runner.py:116] Agent_1 gets win rate: 0.08.
[20260605 04:00:48 @multi_evo_agent_runner.py:79] #------------------------ Iteration 680 --------------------------#
[20260605 04:01:15 @multi_evo_agent_runner.py:85] Sampling 50000 steps by 12 slaves, spending 27.31 s.
[20260605 04:02:33 @multi_evo_agent_runner.py:94] Policy update, spending: 77.87 s.
[20260605 04:02:38 @multi_evo_agent_runner.py:99] Evaluation time: 4.93 s.
[20260605 04:02:38 @multi_evo_agent_runner.py:105] Total time:     948.94 min
[20260605 04:02:38 @multi_evo_agent_runner.py:115] Agent_0 gets eval reward: -255.48.
[20260605 04:02:38 @multi_evo_agent_runner.py:116] Agent_0 gets win rate: 0.07.
[20260605 04:02:38 @multi_evo_agent_runner.py:115] Agent_1 gets eval reward: -61.49.
[20260605 04:02:38 @multi_evo_agent_runner.py:116] Agent_1 gets win rate: 0.29.
[20260605 04:02:38 @multi_evo_agent_runner.py:79] #------------------------ Iteration 681 --------------------------#
[20260605 04:03:02 @multi_evo_agent_runner.py:85] Sampling 50000 steps by 12 slaves, spending 23.74 s.
[20260605 04:04:19 @multi_evo_agent_runner.py:94] Policy update, spending: 77.38 s.
[20260605 04:04:25 @multi_evo_agent_runner.py:99] Evaluation time: 5.35 s.
[20260605 04:04:25 @multi_evo_agent_runner.py:105] Total time:     950.72 min
[20260605 04:04:25 @multi_evo_agent_runner.py:115] Agent_0 gets eval reward: 185.29.
[20260605 04:04:25 @multi_evo_agent_runner.py:116] Agent_0 gets win rate: 0.19.
[20260605 04:04:25 @multi_evo_agent_runner.py:115] Agent_1 gets eval reward: -298.18.
[20260605 04:04:25 @multi_evo_agent_runner.py:116] Agent_1 gets win rate: 0.19.
[20260605 04:04:25 @multi_evo_agent_runner.py:79] #------------------------ Iteration 682 --------------------------#
[20260605 04:04:52 @multi_evo_agent_runner.py:85] Sampling 50000 steps by 12 slaves, spending 27.19 s.
[20260605 04:06:15 @multi_evo_agent_runner.py:94] Policy update, spending: 83.26 s.
[20260605 04:06:19 @multi_evo_agent_runner.py:99] Evaluation time: 3.63 s.
[20260605 04:06:19 @multi_evo_agent_runner.py:105] Total time:     952.63 min
[20260605 04:06:19 @multi_evo_agent_runner.py:115] Agent_0 gets eval reward: 261.67.
[20260605 04:06:19 @multi_evo_agent_runner.py:116] Agent_0 gets win rate: 0.17.
[20260605 04:06:19 @multi_evo_agent_runner.py:115] Agent_1 gets eval reward: -517.77.
[20260605 04:06:19 @multi_evo_agent_runner.py:116] Agent_1 gets win rate: 0.00.
[20260605 04:06:19 @multi_evo_agent_runner.py:79] #------------------------ Iteration 683 --------------------------#
[20260605 04:06:45 @multi_evo_agent_runner.py:85] Sampling 50000 steps by 12 slaves, spending 25.57 s.
[20260605 04:08:03 @multi_evo_agent_runner.py:94] Policy update, spending: 78.68 s.
[20260605 04:08:06 @multi_evo_agent_runner.py:99] Evaluation time: 3.01 s.
[20260605 04:08:06 @multi_evo_agent_runner.py:105] Total time:     954.42 min
[20260605 04:08:07 @multi_evo_agent_runner.py:115] Agent_0 gets eval reward: 173.31.
[20260605 04:08:07 @multi_evo_agent_runner.py:116] Agent_0 gets win rate: 0.43.
[20260605 04:08:07 @multi_evo_agent_runner.py:115] Agent_1 gets eval reward: -314.82.
[20260605 04:08:07 @multi_evo_agent_runner.py:116] Agent_1 gets win rate: 0.27.
[20260605 04:08:07 @multi_evo_agent_runner.py:79] #------------------------ Iteration 684 --------------------------#
[20260605 04:08:33 @multi_evo_agent_runner.py:85] Sampling 50000 steps by 12 slaves, spending 26.54 s.
[20260605 04:09:49 @multi_evo_agent_runner.py:94] Policy update, spending: 75.67 s.
[20260605 04:09:52 @multi_evo_agent_runner.py:99] Evaluation time: 3.15 s.
[20260605 04:09:52 @multi_evo_agent_runner.py:105] Total time:     956.18 min
[20260605 04:09:52 @multi_evo_agent_runner.py:115] Agent_0 gets eval reward: 44.66.
[20260605 04:09:52 @multi_evo_agent_runner.py:116] Agent_0 gets win rate: 0.23.
[20260605 04:09:52 @multi_evo_agent_runner.py:115] Agent_1 gets eval reward: -117.02.
[20260605 04:09:52 @multi_evo_agent_runner.py:116] Agent_1 gets win rate: 0.19.
[20260605 04:09:52 @multi_evo_agent_runner.py:79] #------------------------ Iteration 685 --------------------------#
[20260605 04:10:20 @multi_evo_agent_runner.py:85] Sampling 50000 steps by 12 slaves, spending 28.03 s.
[20260605 04:11:39 @multi_evo_agent_runner.py:94] Policy update, spending: 78.35 s.
[20260605 04:11:42 @multi_evo_agent_runner.py:99] Evaluation time: 3.68 s.
[20260605 04:11:42 @multi_evo_agent_runner.py:105] Total time:     958.02 min
[20260605 04:11:42 @multi_evo_agent_runner.py:115] Agent_0 gets eval reward: 121.67.
[20260605 04:11:42 @multi_evo_agent_runner.py:116] Agent_0 gets win rate: 0.26.
[20260605 04:11:42 @multi_evo_agent_runner.py:115] Agent_1 gets eval reward: -328.50.
[20260605 04:11:42 @multi_evo_agent_runner.py:116] Agent_1 gets win rate: 0.23.
[20260605 04:11:43 @multi_evo_agent_runner.py:79] #------------------------ Iteration 686 --------------------------#
[20260605 04:12:08 @multi_evo_agent_runner.py:85] Sampling 50000 steps by 12 slaves, spending 25.55 s.
[20260605 04:13:46 @multi_evo_agent_runner.py:94] Policy update, spending: 97.98 s.
[20260605 04:13:51 @multi_evo_agent_runner.py:99] Evaluation time: 4.48 s.
[20260605 04:13:51 @multi_evo_agent_runner.py:105] Total time:     960.16 min
[20260605 04:13:51 @multi_evo_agent_runner.py:115] Agent_0 gets eval reward: -287.71.
[20260605 04:13:51 @multi_evo_agent_runner.py:116] Agent_0 gets win rate: 0.23.
[20260605 04:13:51 @multi_evo_agent_runner.py:115] Agent_1 gets eval reward: 214.64.
[20260605 04:13:51 @multi_evo_agent_runner.py:116] Agent_1 gets win rate: 0.42.
[20260605 04:13:51 @multi_evo_agent_runner.py:79] #------------------------ Iteration 687 --------------------------#
[20260605 04:14:14 @multi_evo_agent_runner.py:85] Sampling 50000 steps by 12 slaves, spending 22.94 s.
[20260605 04:15:44 @multi_evo_agent_runner.py:94] Policy update, spending: 90.03 s.
[20260605 04:15:47 @multi_evo_agent_runner.py:99] Evaluation time: 2.92 s.
[20260605 04:15:47 @multi_evo_agent_runner.py:105] Total time:     962.09 min
[20260605 04:15:47 @multi_evo_agent_runner.py:115] Agent_0 gets eval reward: 155.12.
[20260605 04:15:47 @multi_evo_agent_runner.py:116] Agent_0 gets win rate: 0.33.
[20260605 04:15:47 @multi_evo_agent_runner.py:115] Agent_1 gets eval reward: -424.16.
[20260605 04:15:47 @multi_evo_agent_runner.py:116] Agent_1 gets win rate: 0.18.
[20260605 04:15:47 @multi_evo_agent_runner.py:79] #------------------------ Iteration 688 --------------------------#
[20260605 04:16:13 @multi_evo_agent_runner.py:85] Sampling 50000 steps by 12 slaves, spending 26.12 s.
[20260605 04:17:31 @multi_evo_agent_runner.py:94] Policy update, spending: 78.35 s.
[20260605 04:17:36 @multi_evo_agent_runner.py:99] Evaluation time: 4.78 s.
[20260605 04:17:36 @multi_evo_agent_runner.py:105] Total time:     963.92 min
[20260605 04:17:36 @multi_evo_agent_runner.py:115] Agent_0 gets eval reward: 676.92.
[20260605 04:17:36 @multi_evo_agent_runner.py:116] Agent_0 gets win rate: 0.44.
[20260605 04:17:36 @multi_evo_agent_runner.py:115] Agent_1 gets eval reward: -681.78.
[20260605 04:17:36 @multi_evo_agent_runner.py:116] Agent_1 gets win rate: 0.16.
[20260605 04:17:37 @multi_evo_agent_runner.py:79] #------------------------ Iteration 689 --------------------------#
[20260605 04:18:02 @multi_evo_agent_runner.py:85] Sampling 50000 steps by 12 slaves, spending 25.90 s.
[20260605 04:19:17 @multi_evo_agent_runner.py:94] Policy update, spending: 74.18 s.
[20260605 04:19:20 @multi_evo_agent_runner.py:99] Evaluation time: 3.29 s.
[20260605 04:19:20 @multi_evo_agent_runner.py:105] Total time:     965.64 min
[20260605 04:19:20 @multi_evo_agent_runner.py:115] Agent_0 gets eval reward: -698.14.
[20260605 04:19:20 @multi_evo_agent_runner.py:116] Agent_0 gets win rate: 0.00.
[20260605 04:19:20 @multi_evo_agent_runner.py:115] Agent_1 gets eval reward: -194.78.
[20260605 04:19:20 @multi_evo_agent_runner.py:116] Agent_1 gets win rate: 0.09.
[20260605 04:19:20 @multi_evo_agent_runner.py:79] #------------------------ Iteration 690 --------------------------#
[20260605 04:19:45 @multi_evo_agent_runner.py:85] Sampling 50000 steps by 12 slaves, spending 24.96 s.
[20260605 04:21:02 @multi_evo_agent_runner.py:94] Policy update, spending: 76.87 s.
[20260605 04:21:06 @multi_evo_agent_runner.py:99] Evaluation time: 4.13 s.
[20260605 04:21:06 @multi_evo_agent_runner.py:105] Total time:     967.42 min
[20260605 04:21:06 @multi_evo_agent_runner.py:115] Agent_0 gets eval reward: 134.12.
[20260605 04:21:06 @multi_evo_agent_runner.py:116] Agent_0 gets win rate: 0.33.
[20260605 04:21:06 @multi_evo_agent_runner.py:115] Agent_1 gets eval reward: -370.97.
[20260605 04:21:06 @multi_evo_agent_runner.py:116] Agent_1 gets win rate: 0.21.
[20260605 04:21:06 @multi_evo_agent_runner.py:79] #------------------------ Iteration 691 --------------------------#
[20260605 04:21:32 @multi_evo_agent_runner.py:85] Sampling 50000 steps by 12 slaves, spending 25.59 s.
[20260605 04:22:47 @multi_evo_agent_runner.py:94] Policy update, spending: 74.53 s.
[20260605 04:22:50 @multi_evo_agent_runner.py:99] Evaluation time: 3.48 s.
[20260605 04:22:50 @multi_evo_agent_runner.py:105] Total time:     969.15 min
[20260605 04:22:50 @multi_evo_agent_runner.py:115] Agent_0 gets eval reward: 123.57.
[20260605 04:22:50 @multi_evo_agent_runner.py:116] Agent_0 gets win rate: 0.13.
[20260605 04:22:50 @multi_evo_agent_runner.py:115] Agent_1 gets eval reward: -208.87.
[20260605 04:22:50 @multi_evo_agent_runner.py:116] Agent_1 gets win rate: 0.04.
[20260605 04:22:50 @multi_evo_agent_runner.py:79] #------------------------ Iteration 692 --------------------------#
[20260605 04:23:16 @multi_evo_agent_runner.py:85] Sampling 50000 steps by 12 slaves, spending 25.89 s.
[20260605 04:24:39 @multi_evo_agent_runner.py:94] Policy update, spending: 82.57 s.
[20260605 04:24:43 @multi_evo_agent_runner.py:99] Evaluation time: 4.31 s.
[20260605 04:24:43 @multi_evo_agent_runner.py:105] Total time:     971.03 min
[20260605 04:24:43 @multi_evo_agent_runner.py:115] Agent_0 gets eval reward: 265.37.
[20260605 04:24:43 @multi_evo_agent_runner.py:116] Agent_0 gets win rate: 0.46.
[20260605 04:24:43 @multi_evo_agent_runner.py:115] Agent_1 gets eval reward: -413.49.
[20260605 04:24:43 @multi_evo_agent_runner.py:116] Agent_1 gets win rate: 0.27.
[20260605 04:24:43 @multi_evo_agent_runner.py:79] #------------------------ Iteration 693 --------------------------#
[20260605 04:25:09 @multi_evo_agent_runner.py:85] Sampling 50000 steps by 12 slaves, spending 25.58 s.
[20260605 04:26:27 @multi_evo_agent_runner.py:94] Policy update, spending: 78.15 s.
[20260605 04:26:31 @multi_evo_agent_runner.py:99] Evaluation time: 3.65 s.
[20260605 04:26:31 @multi_evo_agent_runner.py:105] Total time:     972.83 min
[20260605 04:26:31 @multi_evo_agent_runner.py:115] Agent_0 gets eval reward: 175.79.
[20260605 04:26:31 @multi_evo_agent_runner.py:116] Agent_0 gets win rate: 0.28.
[20260605 04:26:31 @multi_evo_agent_runner.py:115] Agent_1 gets eval reward: -410.58.
[20260605 04:26:31 @multi_evo_agent_runner.py:116] Agent_1 gets win rate: 0.17.
[20260605 04:26:31 @multi_evo_agent_runner.py:79] #------------------------ Iteration 694 --------------------------#
[20260605 04:27:07 @multi_evo_agent_runner.py:85] Sampling 50000 steps by 12 slaves, spending 35.54 s.
[20260605 04:28:17 @multi_evo_agent_runner.py:94] Policy update, spending: 70.53 s.
[20260605 04:28:22 @multi_evo_agent_runner.py:99] Evaluation time: 4.72 s.
[20260605 04:28:22 @multi_evo_agent_runner.py:105] Total time:     974.68 min
[20260605 04:28:22 @multi_evo_agent_runner.py:115] Agent_0 gets eval reward: -492.72.
[20260605 04:28:22 @multi_evo_agent_runner.py:116] Agent_0 gets win rate: 0.09.
[20260605 04:28:22 @multi_evo_agent_runner.py:115] Agent_1 gets eval reward: 85.66.
[20260605 04:28:22 @multi_evo_agent_runner.py:116] Agent_1 gets win rate: 0.31.
[20260605 04:28:22 @multi_evo_agent_runner.py:79] #------------------------ Iteration 695 --------------------------#
[20260605 04:28:59 @multi_evo_agent_runner.py:85] Sampling 50000 steps by 12 slaves, spending 36.45 s.
[20260605 04:30:13 @multi_evo_agent_runner.py:94] Policy update, spending: 74.18 s.
[20260605 04:30:17 @multi_evo_agent_runner.py:99] Evaluation time: 3.85 s.
[20260605 04:30:17 @multi_evo_agent_runner.py:105] Total time:     976.59 min
[20260605 04:30:17 @multi_evo_agent_runner.py:115] Agent_0 gets eval reward: 123.37.
[20260605 04:30:17 @multi_evo_agent_runner.py:116] Agent_0 gets win rate: 0.40.
[20260605 04:30:17 @multi_evo_agent_runner.py:115] Agent_1 gets eval reward: -236.09.
[20260605 04:30:17 @multi_evo_agent_runner.py:116] Agent_1 gets win rate: 0.33.
[20260605 04:30:17 @multi_evo_agent_runner.py:79] #------------------------ Iteration 696 --------------------------#
[20260605 04:30:53 @multi_evo_agent_runner.py:85] Sampling 50000 steps by 12 slaves, spending 35.55 s.
[20260605 04:32:06 @multi_evo_agent_runner.py:94] Policy update, spending: 73.79 s.
[20260605 04:32:10 @multi_evo_agent_runner.py:99] Evaluation time: 3.85 s.
[20260605 04:32:10 @multi_evo_agent_runner.py:105] Total time:     978.48 min
[20260605 04:32:10 @multi_evo_agent_runner.py:115] Agent_0 gets eval reward: -274.97.
[20260605 04:32:10 @multi_evo_agent_runner.py:116] Agent_0 gets win rate: 0.16.
[20260605 04:32:10 @multi_evo_agent_runner.py:115] Agent_1 gets eval reward: 317.67.
[20260605 04:32:10 @multi_evo_agent_runner.py:116] Agent_1 gets win rate: 0.38.
[20260605 04:32:11 @multi_evo_agent_runner.py:79] #------------------------ Iteration 697 --------------------------#
[20260605 04:32:49 @multi_evo_agent_runner.py:85] Sampling 50000 steps by 12 slaves, spending 38.75 s.
[20260605 04:34:27 @multi_evo_agent_runner.py:94] Policy update, spending: 98.01 s.
[20260605 04:34:34 @multi_evo_agent_runner.py:99] Evaluation time: 6.83 s.
[20260605 04:34:34 @multi_evo_agent_runner.py:105] Total time:     980.88 min
[20260605 04:34:35 @multi_evo_agent_runner.py:115] Agent_0 gets eval reward: 63.73.
[20260605 04:34:35 @multi_evo_agent_runner.py:116] Agent_0 gets win rate: 0.24.
[20260605 04:34:35 @multi_evo_agent_runner.py:115] Agent_1 gets eval reward: -348.13.
[20260605 04:34:35 @multi_evo_agent_runner.py:116] Agent_1 gets win rate: 0.14.
[20260605 04:34:35 @multi_evo_agent_runner.py:79] #------------------------ Iteration 698 --------------------------#
[20260605 04:35:08 @multi_evo_agent_runner.py:85] Sampling 50000 steps by 12 slaves, spending 33.66 s.
[20260605 04:37:06 @multi_evo_agent_runner.py:94] Policy update, spending: 117.91 s.
[20260605 04:37:14 @multi_evo_agent_runner.py:99] Evaluation time: 7.26 s.
[20260605 04:37:14 @multi_evo_agent_runner.py:105] Total time:     983.54 min
[20260605 04:37:14 @multi_evo_agent_runner.py:115] Agent_0 gets eval reward: 139.80.
[20260605 04:37:14 @multi_evo_agent_runner.py:116] Agent_0 gets win rate: 0.32.
[20260605 04:37:14 @multi_evo_agent_runner.py:115] Agent_1 gets eval reward: 16.63.
[20260605 04:37:14 @multi_evo_agent_runner.py:116] Agent_1 gets win rate: 0.29.
[20260605 04:37:14 @multi_evo_agent_runner.py:79] #------------------------ Iteration 699 --------------------------#
[20260605 04:37:42 @multi_evo_agent_runner.py:85] Sampling 50000 steps by 12 slaves, spending 28.43 s.
[20260605 04:39:03 @multi_evo_agent_runner.py:94] Policy update, spending: 80.92 s.
[20260605 04:39:08 @multi_evo_agent_runner.py:99] Evaluation time: 4.57 s.
[20260605 04:39:08 @multi_evo_agent_runner.py:105] Total time:     985.44 min
[20260605 04:39:08 @multi_evo_agent_runner.py:115] Agent_0 gets eval reward: 31.45.
[20260605 04:39:08 @multi_evo_agent_runner.py:116] Agent_0 gets win rate: 0.29.
[20260605 04:39:08 @multi_evo_agent_runner.py:115] Agent_1 gets eval reward: 10.26.
[20260605 04:39:08 @multi_evo_agent_runner.py:116] Agent_1 gets win rate: 0.32.
[20260605 04:39:08 @multi_evo_agent_runner.py:79] #------------------------ Iteration 700 --------------------------#
[20260605 04:39:36 @multi_evo_agent_runner.py:85] Sampling 50000 steps by 12 slaves, spending 27.52 s.
[20260605 04:40:54 @multi_evo_agent_runner.py:94] Policy update, spending: 78.00 s.
[20260605 04:40:58 @multi_evo_agent_runner.py:99] Evaluation time: 4.02 s.
[20260605 04:40:58 @multi_evo_agent_runner.py:105] Total time:     987.27 min
[20260605 04:40:58 @multi_evo_agent_runner.py:115] Agent_0 gets eval reward: 489.45.
[20260605 04:40:58 @multi_evo_agent_runner.py:116] Agent_0 gets win rate: 0.40.
[20260605 04:40:58 @multi_evo_agent_runner.py:115] Agent_1 gets eval reward: -531.80.
[20260605 04:40:58 @multi_evo_agent_runner.py:116] Agent_1 gets win rate: 0.13.
[20260605 04:40:58 @multi_evo_agent_runner.py:79] #------------------------ Iteration 701 --------------------------#
[20260605 04:41:24 @multi_evo_agent_runner.py:85] Sampling 50000 steps by 12 slaves, spending 26.21 s.
[20260605 04:42:45 @multi_evo_agent_runner.py:94] Policy update, spending: 80.58 s.
[20260605 04:42:48 @multi_evo_agent_runner.py:99] Evaluation time: 3.74 s.
[20260605 04:42:48 @multi_evo_agent_runner.py:105] Total time:     989.12 min
[20260605 04:42:49 @multi_evo_agent_runner.py:115] Agent_0 gets eval reward: 477.74.
[20260605 04:42:49 @multi_evo_agent_runner.py:116] Agent_0 gets win rate: 0.49.
[20260605 04:42:49 @multi_evo_agent_runner.py:115] Agent_1 gets eval reward: -323.83.
[20260605 04:42:49 @multi_evo_agent_runner.py:116] Agent_1 gets win rate: 0.23.
[20260605 04:42:49 @multi_evo_agent_runner.py:79] #------------------------ Iteration 702 --------------------------#
[20260605 04:43:15 @multi_evo_agent_runner.py:85] Sampling 50000 steps by 12 slaves, spending 26.25 s.
[20260605 04:44:32 @multi_evo_agent_runner.py:94] Policy update, spending: 77.22 s.
[20260605 04:44:37 @multi_evo_agent_runner.py:99] Evaluation time: 4.31 s.
[20260605 04:44:37 @multi_evo_agent_runner.py:105] Total time:     990.92 min
[20260605 04:44:37 @multi_evo_agent_runner.py:115] Agent_0 gets eval reward: 155.29.
[20260605 04:44:37 @multi_evo_agent_runner.py:116] Agent_0 gets win rate: 0.25.
[20260605 04:44:37 @multi_evo_agent_runner.py:115] Agent_1 gets eval reward: -190.61.
[20260605 04:44:37 @multi_evo_agent_runner.py:116] Agent_1 gets win rate: 0.25.
[20260605 04:44:37 @multi_evo_agent_runner.py:79] #------------------------ Iteration 703 --------------------------#
[20260605 04:45:02 @multi_evo_agent_runner.py:85] Sampling 50000 steps by 12 slaves, spending 25.33 s.
[20260605 04:46:26 @multi_evo_agent_runner.py:94] Policy update, spending: 84.04 s.
[20260605 04:46:30 @multi_evo_agent_runner.py:99] Evaluation time: 3.63 s.
[20260605 04:46:30 @multi_evo_agent_runner.py:105] Total time:     992.81 min
[20260605 04:46:30 @multi_evo_agent_runner.py:115] Agent_0 gets eval reward: 284.98.
[20260605 04:46:30 @multi_evo_agent_runner.py:116] Agent_0 gets win rate: 0.30.
[20260605 04:46:30 @multi_evo_agent_runner.py:115] Agent_1 gets eval reward: -409.09.
[20260605 04:46:30 @multi_evo_agent_runner.py:116] Agent_1 gets win rate: 0.15.
[20260605 04:46:30 @multi_evo_agent_runner.py:79] #------------------------ Iteration 704 --------------------------#
[20260605 04:46:56 @multi_evo_agent_runner.py:85] Sampling 50000 steps by 12 slaves, spending 25.83 s.
[20260605 04:48:22 @multi_evo_agent_runner.py:94] Policy update, spending: 85.74 s.
[20260605 04:48:26 @multi_evo_agent_runner.py:99] Evaluation time: 4.22 s.
[20260605 04:48:26 @multi_evo_agent_runner.py:105] Total time:     994.75 min
[20260605 04:48:26 @multi_evo_agent_runner.py:115] Agent_0 gets eval reward: 171.71.
[20260605 04:48:26 @multi_evo_agent_runner.py:116] Agent_0 gets win rate: 0.28.
[20260605 04:48:26 @multi_evo_agent_runner.py:115] Agent_1 gets eval reward: -365.72.
[20260605 04:48:26 @multi_evo_agent_runner.py:116] Agent_1 gets win rate: 0.21.
[20260605 04:48:26 @multi_evo_agent_runner.py:79] #------------------------ Iteration 705 --------------------------#
[20260605 04:48:51 @multi_evo_agent_runner.py:85] Sampling 50000 steps by 12 slaves, spending 24.58 s.
[20260605 04:50:06 @multi_evo_agent_runner.py:94] Policy update, spending: 75.30 s.
[20260605 04:50:10 @multi_evo_agent_runner.py:99] Evaluation time: 3.81 s.
[20260605 04:50:10 @multi_evo_agent_runner.py:105] Total time:     996.48 min
[20260605 04:50:10 @multi_evo_agent_runner.py:115] Agent_0 gets eval reward: 162.05.
[20260605 04:50:10 @multi_evo_agent_runner.py:116] Agent_0 gets win rate: 0.19.
[20260605 04:50:10 @multi_evo_agent_runner.py:115] Agent_1 gets eval reward: -627.29.
[20260605 04:50:10 @multi_evo_agent_runner.py:116] Agent_1 gets win rate: 0.08.
[20260605 04:50:10 @multi_evo_agent_runner.py:79] #------------------------ Iteration 706 --------------------------#
[20260605 04:50:34 @multi_evo_agent_runner.py:85] Sampling 50000 steps by 12 slaves, spending 24.07 s.
[20260605 04:51:54 @multi_evo_agent_runner.py:94] Policy update, spending: 79.52 s.
[20260605 04:51:58 @multi_evo_agent_runner.py:99] Evaluation time: 3.96 s.
[20260605 04:51:58 @multi_evo_agent_runner.py:105] Total time:     998.28 min
[20260605 04:51:58 @multi_evo_agent_runner.py:115] Agent_0 gets eval reward: 279.65.
[20260605 04:51:58 @multi_evo_agent_runner.py:116] Agent_0 gets win rate: 0.33.
[20260605 04:51:58 @multi_evo_agent_runner.py:115] Agent_1 gets eval reward: -444.00.
[20260605 04:51:58 @multi_evo_agent_runner.py:116] Agent_1 gets win rate: 0.15.
[20260605 04:51:58 @multi_evo_agent_runner.py:79] #------------------------ Iteration 707 --------------------------#
[20260605 04:52:22 @multi_evo_agent_runner.py:85] Sampling 50000 steps by 12 slaves, spending 24.13 s.
[20260605 04:53:59 @multi_evo_agent_runner.py:94] Policy update, spending: 97.14 s.
[20260605 04:54:03 @multi_evo_agent_runner.py:99] Evaluation time: 4.09 s.
[20260605 04:54:03 @multi_evo_agent_runner.py:105] Total time:    1000.37 min
[20260605 04:54:04 @multi_evo_agent_runner.py:115] Agent_0 gets eval reward: 538.70.
[20260605 04:54:04 @multi_evo_agent_runner.py:116] Agent_0 gets win rate: 0.51.
[20260605 04:54:04 @multi_evo_agent_runner.py:115] Agent_1 gets eval reward: -563.97.
[20260605 04:54:04 @multi_evo_agent_runner.py:116] Agent_1 gets win rate: 0.17.
[20260605 04:54:04 @multi_evo_agent_runner.py:79] #------------------------ Iteration 708 --------------------------#
[20260605 04:54:30 @multi_evo_agent_runner.py:85] Sampling 50000 steps by 12 slaves, spending 26.00 s.
[20260605 04:55:53 @multi_evo_agent_runner.py:94] Policy update, spending: 83.20 s.
[20260605 04:55:56 @multi_evo_agent_runner.py:99] Evaluation time: 3.31 s.
[20260605 04:55:56 @multi_evo_agent_runner.py:105] Total time:    1002.25 min
[20260605 04:55:56 @multi_evo_agent_runner.py:115] Agent_0 gets eval reward: 413.54.
[20260605 04:55:56 @multi_evo_agent_runner.py:116] Agent_0 gets win rate: 0.41.
[20260605 04:55:56 @multi_evo_agent_runner.py:115] Agent_1 gets eval reward: -448.00.
[20260605 04:55:56 @multi_evo_agent_runner.py:116] Agent_1 gets win rate: 0.21.
[20260605 04:55:57 @multi_evo_agent_runner.py:79] #------------------------ Iteration 709 --------------------------#
[20260605 04:56:36 @multi_evo_agent_runner.py:85] Sampling 50000 steps by 12 slaves, spending 38.86 s.
[20260605 04:57:48 @multi_evo_agent_runner.py:94] Policy update, spending: 72.67 s.
[20260605 04:57:51 @multi_evo_agent_runner.py:99] Evaluation time: 2.59 s.
[20260605 04:57:51 @multi_evo_agent_runner.py:105] Total time:    1004.16 min
[20260605 04:57:51 @multi_evo_agent_runner.py:115] Agent_0 gets eval reward: 110.58.
[20260605 04:57:51 @multi_evo_agent_runner.py:116] Agent_0 gets win rate: 0.19.
[20260605 04:57:51 @multi_evo_agent_runner.py:115] Agent_1 gets eval reward: -274.40.
[20260605 04:57:51 @multi_evo_agent_runner.py:116] Agent_1 gets win rate: 0.19.
[20260605 04:57:51 @multi_evo_agent_runner.py:79] #------------------------ Iteration 710 --------------------------#
[20260605 04:58:31 @multi_evo_agent_runner.py:85] Sampling 50000 steps by 12 slaves, spending 40.43 s.
[20260605 05:00:15 @multi_evo_agent_runner.py:94] Policy update, spending: 104.04 s.
[20260605 05:00:24 @multi_evo_agent_runner.py:99] Evaluation time: 8.88 s.
[20260605 05:00:24 @multi_evo_agent_runner.py:105] Total time:    1006.72 min
[20260605 05:00:25 @multi_evo_agent_runner.py:115] Agent_0 gets eval reward: -43.80.
[20260605 05:00:25 @multi_evo_agent_runner.py:116] Agent_0 gets win rate: 0.22.
[20260605 05:00:25 @multi_evo_agent_runner.py:115] Agent_1 gets eval reward: -384.30.
[20260605 05:00:25 @multi_evo_agent_runner.py:116] Agent_1 gets win rate: 0.15.
[20260605 05:00:25 @multi_evo_agent_runner.py:79] #------------------------ Iteration 711 --------------------------#
[20260605 05:00:59 @multi_evo_agent_runner.py:85] Sampling 50000 steps by 12 slaves, spending 33.60 s.
[20260605 05:02:17 @multi_evo_agent_runner.py:94] Policy update, spending: 78.18 s.
[20260605 05:02:21 @multi_evo_agent_runner.py:99] Evaluation time: 4.17 s.
[20260605 05:02:21 @multi_evo_agent_runner.py:105] Total time:    1008.66 min
[20260605 05:02:21 @multi_evo_agent_runner.py:115] Agent_0 gets eval reward: -78.94.
[20260605 05:02:21 @multi_evo_agent_runner.py:116] Agent_0 gets win rate: 0.25.
[20260605 05:02:21 @multi_evo_agent_runner.py:115] Agent_1 gets eval reward: -6.51.
[20260605 05:02:21 @multi_evo_agent_runner.py:116] Agent_1 gets win rate: 0.31.
[20260605 05:02:21 @multi_evo_agent_runner.py:79] #------------------------ Iteration 712 --------------------------#
[20260605 05:02:45 @multi_evo_agent_runner.py:85] Sampling 50000 steps by 12 slaves, spending 23.88 s.
[20260605 05:04:04 @multi_evo_agent_runner.py:94] Policy update, spending: 78.40 s.
[20260605 05:04:08 @multi_evo_agent_runner.py:99] Evaluation time: 4.18 s.
[20260605 05:04:08 @multi_evo_agent_runner.py:105] Total time:    1010.44 min
[20260605 05:04:08 @multi_evo_agent_runner.py:115] Agent_0 gets eval reward: -155.11.
[20260605 05:04:08 @multi_evo_agent_runner.py:116] Agent_0 gets win rate: 0.23.
[20260605 05:04:08 @multi_evo_agent_runner.py:115] Agent_1 gets eval reward: -21.26.
[20260605 05:04:08 @multi_evo_agent_runner.py:116] Agent_1 gets win rate: 0.35.
[20260605 05:04:08 @multi_evo_agent_runner.py:79] #------------------------ Iteration 713 --------------------------#
[20260605 05:04:34 @multi_evo_agent_runner.py:85] Sampling 50000 steps by 12 slaves, spending 26.33 s.
[20260605 05:05:52 @multi_evo_agent_runner.py:94] Policy update, spending: 77.56 s.
[20260605 05:05:58 @multi_evo_agent_runner.py:99] Evaluation time: 5.86 s.
[20260605 05:05:58 @multi_evo_agent_runner.py:105] Total time:    1012.28 min
[20260605 05:05:58 @multi_evo_agent_runner.py:115] Agent_0 gets eval reward: 663.25.
[20260605 05:05:58 @multi_evo_agent_runner.py:116] Agent_0 gets win rate: 0.48.
[20260605 05:05:58 @multi_evo_agent_runner.py:115] Agent_1 gets eval reward: -669.45.
[20260605 05:05:58 @multi_evo_agent_runner.py:116] Agent_1 gets win rate: 0.12.
[20260605 05:05:58 @multi_evo_agent_runner.py:79] #------------------------ Iteration 714 --------------------------#
[20260605 05:06:24 @multi_evo_agent_runner.py:85] Sampling 50000 steps by 12 slaves, spending 25.70 s.
[20260605 05:07:42 @multi_evo_agent_runner.py:94] Policy update, spending: 78.09 s.
[20260605 05:07:46 @multi_evo_agent_runner.py:99] Evaluation time: 4.15 s.
[20260605 05:07:46 @multi_evo_agent_runner.py:105] Total time:    1014.08 min
[20260605 05:07:46 @multi_evo_agent_runner.py:115] Agent_0 gets eval reward: -204.00.
[20260605 05:07:46 @multi_evo_agent_runner.py:116] Agent_0 gets win rate: 0.24.
[20260605 05:07:46 @multi_evo_agent_runner.py:115] Agent_1 gets eval reward: 36.71.
[20260605 05:07:46 @multi_evo_agent_runner.py:116] Agent_1 gets win rate: 0.36.
[20260605 05:07:46 @multi_evo_agent_runner.py:79] #------------------------ Iteration 715 --------------------------#
[20260605 05:08:10 @multi_evo_agent_runner.py:85] Sampling 50000 steps by 12 slaves, spending 24.08 s.
[20260605 05:09:32 @multi_evo_agent_runner.py:94] Policy update, spending: 81.69 s.
[20260605 05:09:36 @multi_evo_agent_runner.py:99] Evaluation time: 3.57 s.
[20260605 05:09:36 @multi_evo_agent_runner.py:105] Total time:    1015.91 min
[20260605 05:09:36 @multi_evo_agent_runner.py:115] Agent_0 gets eval reward: -466.13.
[20260605 05:09:36 @multi_evo_agent_runner.py:116] Agent_0 gets win rate: 0.07.
[20260605 05:09:36 @multi_evo_agent_runner.py:115] Agent_1 gets eval reward: 13.28.
[20260605 05:09:36 @multi_evo_agent_runner.py:116] Agent_1 gets win rate: 0.33.
[20260605 05:09:36 @multi_evo_agent_runner.py:79] #------------------------ Iteration 716 --------------------------#
[20260605 05:10:02 @multi_evo_agent_runner.py:85] Sampling 50000 steps by 12 slaves, spending 25.99 s.
[20260605 05:11:18 @multi_evo_agent_runner.py:94] Policy update, spending: 76.56 s.
[20260605 05:11:22 @multi_evo_agent_runner.py:99] Evaluation time: 3.95 s.
[20260605 05:11:22 @multi_evo_agent_runner.py:105] Total time:    1017.69 min
[20260605 05:11:23 @multi_evo_agent_runner.py:115] Agent_0 gets eval reward: -228.84.
[20260605 05:11:23 @multi_evo_agent_runner.py:116] Agent_0 gets win rate: 0.11.
[20260605 05:11:23 @multi_evo_agent_runner.py:115] Agent_1 gets eval reward: -62.90.
[20260605 05:11:23 @multi_evo_agent_runner.py:116] Agent_1 gets win rate: 0.21.
[20260605 05:11:23 @multi_evo_agent_runner.py:79] #------------------------ Iteration 717 --------------------------#
[20260605 05:11:49 @multi_evo_agent_runner.py:85] Sampling 50000 steps by 12 slaves, spending 26.64 s.
[20260605 05:13:15 @multi_evo_agent_runner.py:94] Policy update, spending: 85.75 s.
[20260605 05:13:18 @multi_evo_agent_runner.py:99] Evaluation time: 2.67 s.
[20260605 05:13:18 @multi_evo_agent_runner.py:105] Total time:    1019.61 min
[20260605 05:13:18 @multi_evo_agent_runner.py:115] Agent_0 gets eval reward: 270.41.
[20260605 05:13:18 @multi_evo_agent_runner.py:116] Agent_0 gets win rate: 0.29.
[20260605 05:13:18 @multi_evo_agent_runner.py:115] Agent_1 gets eval reward: -583.89.
[20260605 05:13:18 @multi_evo_agent_runner.py:116] Agent_1 gets win rate: 0.04.
[20260605 05:13:18 @multi_evo_agent_runner.py:79] #------------------------ Iteration 718 --------------------------#
[20260605 05:13:45 @multi_evo_agent_runner.py:85] Sampling 50000 steps by 12 slaves, spending 26.67 s.
[20260605 05:15:23 @multi_evo_agent_runner.py:94] Policy update, spending: 98.73 s.
[20260605 05:15:28 @multi_evo_agent_runner.py:99] Evaluation time: 4.27 s.
[20260605 05:15:28 @multi_evo_agent_runner.py:105] Total time:    1021.77 min
[20260605 05:15:28 @multi_evo_agent_runner.py:115] Agent_0 gets eval reward: -208.09.
[20260605 05:15:28 @multi_evo_agent_runner.py:116] Agent_0 gets win rate: 0.20.
[20260605 05:15:28 @multi_evo_agent_runner.py:115] Agent_1 gets eval reward: 16.76.
[20260605 05:15:28 @multi_evo_agent_runner.py:116] Agent_1 gets win rate: 0.33.
[20260605 05:15:28 @multi_evo_agent_runner.py:79] #------------------------ Iteration 719 --------------------------#
[20260605 05:15:53 @multi_evo_agent_runner.py:85] Sampling 50000 steps by 12 slaves, spending 25.47 s.
[20260605 05:17:10 @multi_evo_agent_runner.py:94] Policy update, spending: 76.45 s.
[20260605 05:17:14 @multi_evo_agent_runner.py:99] Evaluation time: 4.08 s.
[20260605 05:17:14 @multi_evo_agent_runner.py:105] Total time:    1023.54 min
[20260605 05:17:14 @multi_evo_agent_runner.py:115] Agent_0 gets eval reward: 74.76.
[20260605 05:17:14 @multi_evo_agent_runner.py:116] Agent_0 gets win rate: 0.30.
[20260605 05:17:14 @multi_evo_agent_runner.py:115] Agent_1 gets eval reward: -349.18.
[20260605 05:17:14 @multi_evo_agent_runner.py:116] Agent_1 gets win rate: 0.21.
[20260605 05:17:14 @multi_evo_agent_runner.py:79] #------------------------ Iteration 720 --------------------------#
[20260605 05:17:39 @multi_evo_agent_runner.py:85] Sampling 50000 steps by 12 slaves, spending 25.25 s.
[20260605 05:18:59 @multi_evo_agent_runner.py:94] Policy update, spending: 79.47 s.
[20260605 05:19:02 @multi_evo_agent_runner.py:99] Evaluation time: 2.84 s.
[20260605 05:19:02 @multi_evo_agent_runner.py:105] Total time:    1025.34 min
[20260605 05:19:02 @multi_evo_agent_runner.py:115] Agent_0 gets eval reward: 97.81.
[20260605 05:19:02 @multi_evo_agent_runner.py:116] Agent_0 gets win rate: 0.20.
[20260605 05:19:02 @multi_evo_agent_runner.py:115] Agent_1 gets eval reward: -610.83.
[20260605 05:19:02 @multi_evo_agent_runner.py:116] Agent_1 gets win rate: 0.08.
[20260605 05:19:02 @multi_evo_agent_runner.py:79] #------------------------ Iteration 721 --------------------------#
[20260605 05:19:30 @multi_evo_agent_runner.py:85] Sampling 50000 steps by 12 slaves, spending 27.91 s.
[20260605 05:21:07 @multi_evo_agent_runner.py:94] Policy update, spending: 97.47 s.
[20260605 05:21:10 @multi_evo_agent_runner.py:99] Evaluation time: 3.05 s.
[20260605 05:21:10 @multi_evo_agent_runner.py:105] Total time:    1027.48 min
[20260605 05:21:10 @multi_evo_agent_runner.py:115] Agent_0 gets eval reward: 397.54.
[20260605 05:21:10 @multi_evo_agent_runner.py:116] Agent_0 gets win rate: 0.35.
[20260605 05:21:10 @multi_evo_agent_runner.py:115] Agent_1 gets eval reward: -683.30.
[20260605 05:21:10 @multi_evo_agent_runner.py:116] Agent_1 gets win rate: 0.13.
[20260605 05:21:11 @multi_evo_agent_runner.py:79] #------------------------ Iteration 722 --------------------------#
[20260605 05:21:37 @multi_evo_agent_runner.py:85] Sampling 50000 steps by 12 slaves, spending 26.27 s.
[20260605 05:22:57 @multi_evo_agent_runner.py:94] Policy update, spending: 80.51 s.
[20260605 05:23:02 @multi_evo_agent_runner.py:99] Evaluation time: 4.19 s.
[20260605 05:23:02 @multi_evo_agent_runner.py:105] Total time:    1029.34 min
[20260605 05:23:02 @multi_evo_agent_runner.py:115] Agent_0 gets eval reward: 576.69.
[20260605 05:23:02 @multi_evo_agent_runner.py:116] Agent_0 gets win rate: 0.49.
[20260605 05:23:02 @multi_evo_agent_runner.py:115] Agent_1 gets eval reward: -550.15.
[20260605 05:23:02 @multi_evo_agent_runner.py:116] Agent_1 gets win rate: 0.24.
[20260605 05:23:02 @multi_evo_agent_runner.py:79] #------------------------ Iteration 723 --------------------------#
[20260605 05:23:29 @multi_evo_agent_runner.py:85] Sampling 50000 steps by 12 slaves, spending 27.20 s.
[20260605 05:24:46 @multi_evo_agent_runner.py:94] Policy update, spending: 76.89 s.
[20260605 05:24:50 @multi_evo_agent_runner.py:99] Evaluation time: 4.19 s.
[20260605 05:24:50 @multi_evo_agent_runner.py:105] Total time:    1031.15 min
[20260605 05:24:50 @multi_evo_agent_runner.py:115] Agent_0 gets eval reward: 84.14.
[20260605 05:24:50 @multi_evo_agent_runner.py:116] Agent_0 gets win rate: 0.28.
[20260605 05:24:50 @multi_evo_agent_runner.py:115] Agent_1 gets eval reward: -222.16.
[20260605 05:24:50 @multi_evo_agent_runner.py:116] Agent_1 gets win rate: 0.25.
[20260605 05:24:50 @multi_evo_agent_runner.py:79] #------------------------ Iteration 724 --------------------------#
[20260605 05:25:30 @multi_evo_agent_runner.py:85] Sampling 50000 steps by 12 slaves, spending 39.11 s.
[20260605 05:26:42 @multi_evo_agent_runner.py:94] Policy update, spending: 72.89 s.
[20260605 05:26:46 @multi_evo_agent_runner.py:99] Evaluation time: 3.51 s.
[20260605 05:26:46 @multi_evo_agent_runner.py:105] Total time:    1033.08 min
[20260605 05:26:46 @multi_evo_agent_runner.py:115] Agent_0 gets eval reward: -290.12.
[20260605 05:26:46 @multi_evo_agent_runner.py:116] Agent_0 gets win rate: 0.14.
[20260605 05:26:46 @multi_evo_agent_runner.py:115] Agent_1 gets eval reward: 176.87.
[20260605 05:26:46 @multi_evo_agent_runner.py:116] Agent_1 gets win rate: 0.32.
[20260605 05:26:46 @multi_evo_agent_runner.py:79] #------------------------ Iteration 725 --------------------------#
[20260605 05:27:22 @multi_evo_agent_runner.py:85] Sampling 50000 steps by 12 slaves, spending 35.63 s.
[20260605 05:28:38 @multi_evo_agent_runner.py:94] Policy update, spending: 75.90 s.
[20260605 05:28:42 @multi_evo_agent_runner.py:99] Evaluation time: 4.01 s.
[20260605 05:28:42 @multi_evo_agent_runner.py:105] Total time:    1035.01 min
[20260605 05:28:42 @multi_evo_agent_runner.py:115] Agent_0 gets eval reward: 614.92.
[20260605 05:28:42 @multi_evo_agent_runner.py:116] Agent_0 gets win rate: 0.57.
[20260605 05:28:42 @multi_evo_agent_runner.py:115] Agent_1 gets eval reward: -683.72.
[20260605 05:28:42 @multi_evo_agent_runner.py:116] Agent_1 gets win rate: 0.20.
[20260605 05:28:42 @multi_evo_agent_runner.py:79] #------------------------ Iteration 726 --------------------------#
[20260605 05:29:21 @multi_evo_agent_runner.py:85] Sampling 50000 steps by 12 slaves, spending 39.40 s.
[20260605 05:30:55 @multi_evo_agent_runner.py:94] Policy update, spending: 94.12 s.
[20260605 05:31:03 @multi_evo_agent_runner.py:99] Evaluation time: 7.17 s.
[20260605 05:31:03 @multi_evo_agent_runner.py:105] Total time:    1037.36 min
[20260605 05:31:03 @multi_evo_agent_runner.py:115] Agent_0 gets eval reward: 187.63.
[20260605 05:31:03 @multi_evo_agent_runner.py:116] Agent_0 gets win rate: 0.34.
[20260605 05:31:03 @multi_evo_agent_runner.py:115] Agent_1 gets eval reward: -486.41.
[20260605 05:31:03 @multi_evo_agent_runner.py:116] Agent_1 gets win rate: 0.16.
[20260605 05:31:03 @multi_evo_agent_runner.py:79] #------------------------ Iteration 727 --------------------------#
[20260605 05:31:37 @multi_evo_agent_runner.py:85] Sampling 50000 steps by 12 slaves, spending 33.97 s.
[20260605 05:33:06 @multi_evo_agent_runner.py:94] Policy update, spending: 88.67 s.
[20260605 05:33:13 @multi_evo_agent_runner.py:99] Evaluation time: 6.87 s.
[20260605 05:33:13 @multi_evo_agent_runner.py:105] Total time:    1039.52 min
[20260605 05:33:13 @multi_evo_agent_runner.py:115] Agent_0 gets eval reward: 136.28.
[20260605 05:33:13 @multi_evo_agent_runner.py:116] Agent_0 gets win rate: 0.31.
[20260605 05:33:13 @multi_evo_agent_runner.py:115] Agent_1 gets eval reward: -249.04.
[20260605 05:33:13 @multi_evo_agent_runner.py:116] Agent_1 gets win rate: 0.29.
[20260605 05:33:13 @multi_evo_agent_runner.py:79] #------------------------ Iteration 728 --------------------------#
[20260605 05:33:37 @multi_evo_agent_runner.py:85] Sampling 50000 steps by 12 slaves, spending 24.01 s.
[20260605 05:34:56 @multi_evo_agent_runner.py:94] Policy update, spending: 79.12 s.
[20260605 05:35:00 @multi_evo_agent_runner.py:99] Evaluation time: 3.68 s.
[20260605 05:35:00 @multi_evo_agent_runner.py:105] Total time:    1041.31 min
[20260605 05:35:00 @multi_evo_agent_runner.py:115] Agent_0 gets eval reward: -575.84.
[20260605 05:35:00 @multi_evo_agent_runner.py:116] Agent_0 gets win rate: 0.08.
[20260605 05:35:00 @multi_evo_agent_runner.py:115] Agent_1 gets eval reward: 169.41.
[20260605 05:35:00 @multi_evo_agent_runner.py:116] Agent_1 gets win rate: 0.28.
[20260605 05:35:00 @multi_evo_agent_runner.py:79] #------------------------ Iteration 729 --------------------------#
[20260605 05:35:27 @multi_evo_agent_runner.py:85] Sampling 50000 steps by 12 slaves, spending 26.78 s.
[20260605 05:36:46 @multi_evo_agent_runner.py:94] Policy update, spending: 79.35 s.
[20260605 05:36:50 @multi_evo_agent_runner.py:99] Evaluation time: 3.84 s.
[20260605 05:36:50 @multi_evo_agent_runner.py:105] Total time:    1043.15 min
[20260605 05:36:50 @multi_evo_agent_runner.py:115] Agent_0 gets eval reward: -282.41.
[20260605 05:36:50 @multi_evo_agent_runner.py:116] Agent_0 gets win rate: 0.15.
[20260605 05:36:50 @multi_evo_agent_runner.py:115] Agent_1 gets eval reward: -53.40.
[20260605 05:36:50 @multi_evo_agent_runner.py:116] Agent_1 gets win rate: 0.27.
[20260605 05:36:50 @multi_evo_agent_runner.py:79] #------------------------ Iteration 730 --------------------------#
[20260605 05:37:18 @multi_evo_agent_runner.py:85] Sampling 50000 steps by 12 slaves, spending 27.86 s.
[20260605 05:38:41 @multi_evo_agent_runner.py:94] Policy update, spending: 82.80 s.
[20260605 05:38:44 @multi_evo_agent_runner.py:99] Evaluation time: 2.97 s.
[20260605 05:38:44 @multi_evo_agent_runner.py:105] Total time:    1045.04 min
[20260605 05:38:44 @multi_evo_agent_runner.py:115] Agent_0 gets eval reward: 21.66.
[20260605 05:38:44 @multi_evo_agent_runner.py:116] Agent_0 gets win rate: 0.37.
[20260605 05:38:44 @multi_evo_agent_runner.py:115] Agent_1 gets eval reward: -168.48.
[20260605 05:38:44 @multi_evo_agent_runner.py:116] Agent_1 gets win rate: 0.34.
[20260605 05:38:44 @multi_evo_agent_runner.py:79] #------------------------ Iteration 731 --------------------------#
[20260605 05:39:11 @multi_evo_agent_runner.py:85] Sampling 50000 steps by 12 slaves, spending 26.80 s.
[20260605 05:40:30 @multi_evo_agent_runner.py:94] Policy update, spending: 78.62 s.
[20260605 05:40:34 @multi_evo_agent_runner.py:99] Evaluation time: 4.33 s.
[20260605 05:40:34 @multi_evo_agent_runner.py:105] Total time:    1046.88 min
[20260605 05:40:34 @multi_evo_agent_runner.py:115] Agent_0 gets eval reward: -86.13.
[20260605 05:40:34 @multi_evo_agent_runner.py:116] Agent_0 gets win rate: 0.23.
[20260605 05:40:34 @multi_evo_agent_runner.py:115] Agent_1 gets eval reward: -182.99.
[20260605 05:40:34 @multi_evo_agent_runner.py:116] Agent_1 gets win rate: 0.30.
[20260605 05:40:34 @multi_evo_agent_runner.py:79] #------------------------ Iteration 732 --------------------------#
[20260605 05:41:00 @multi_evo_agent_runner.py:85] Sampling 50000 steps by 12 slaves, spending 26.09 s.
[20260605 05:42:16 @multi_evo_agent_runner.py:94] Policy update, spending: 75.27 s.
[20260605 05:42:20 @multi_evo_agent_runner.py:99] Evaluation time: 4.03 s.
[20260605 05:42:20 @multi_evo_agent_runner.py:105] Total time:    1048.64 min
[20260605 05:42:20 @multi_evo_agent_runner.py:115] Agent_0 gets eval reward: 78.67.
[20260605 05:42:20 @multi_evo_agent_runner.py:116] Agent_0 gets win rate: 0.30.
[20260605 05:42:20 @multi_evo_agent_runner.py:115] Agent_1 gets eval reward: -89.47.
[20260605 05:42:20 @multi_evo_agent_runner.py:116] Agent_1 gets win rate: 0.32.
[20260605 05:42:20 @multi_evo_agent_runner.py:79] #------------------------ Iteration 733 --------------------------#
[20260605 05:42:46 @multi_evo_agent_runner.py:85] Sampling 50000 steps by 12 slaves, spending 25.67 s.
[20260605 05:44:05 @multi_evo_agent_runner.py:94] Policy update, spending: 79.40 s.
[20260605 05:44:08 @multi_evo_agent_runner.py:99] Evaluation time: 3.29 s.
[20260605 05:44:08 @multi_evo_agent_runner.py:105] Total time:    1050.45 min
[20260605 05:44:08 @multi_evo_agent_runner.py:115] Agent_0 gets eval reward: -98.64.
[20260605 05:44:08 @multi_evo_agent_runner.py:116] Agent_0 gets win rate: 0.27.
[20260605 05:44:08 @multi_evo_agent_runner.py:115] Agent_1 gets eval reward: -4.25.
[20260605 05:44:08 @multi_evo_agent_runner.py:116] Agent_1 gets win rate: 0.37.
[20260605 05:44:09 @multi_evo_agent_runner.py:79] #------------------------ Iteration 734 --------------------------#
[20260605 05:44:34 @multi_evo_agent_runner.py:85] Sampling 50000 steps by 12 slaves, spending 25.30 s.
[20260605 05:46:09 @multi_evo_agent_runner.py:94] Policy update, spending: 94.88 s.
[20260605 05:46:13 @multi_evo_agent_runner.py:99] Evaluation time: 4.21 s.
[20260605 05:46:13 @multi_evo_agent_runner.py:105] Total time:    1052.53 min
[20260605 05:46:13 @multi_evo_agent_runner.py:115] Agent_0 gets eval reward: -45.80.
[20260605 05:46:13 @multi_evo_agent_runner.py:116] Agent_0 gets win rate: 0.21.
[20260605 05:46:13 @multi_evo_agent_runner.py:115] Agent_1 gets eval reward: -457.65.
[20260605 05:46:13 @multi_evo_agent_runner.py:116] Agent_1 gets win rate: 0.14.
[20260605 05:46:13 @multi_evo_agent_runner.py:79] #------------------------ Iteration 735 --------------------------#
[20260605 05:46:37 @multi_evo_agent_runner.py:85] Sampling 50000 steps by 12 slaves, spending 23.92 s.
[20260605 05:48:14 @multi_evo_agent_runner.py:94] Policy update, spending: 97.34 s.
[20260605 05:48:18 @multi_evo_agent_runner.py:99] Evaluation time: 3.95 s.
[20260605 05:48:18 @multi_evo_agent_runner.py:105] Total time:    1054.62 min
[20260605 05:48:19 @multi_evo_agent_runner.py:115] Agent_0 gets eval reward: 59.75.
[20260605 05:48:19 @multi_evo_agent_runner.py:116] Agent_0 gets win rate: 0.29.
[20260605 05:48:19 @multi_evo_agent_runner.py:115] Agent_1 gets eval reward: -430.10.
[20260605 05:48:19 @multi_evo_agent_runner.py:116] Agent_1 gets win rate: 0.23.
[20260605 05:48:19 @multi_evo_agent_runner.py:79] #------------------------ Iteration 736 --------------------------#
[20260605 05:48:44 @multi_evo_agent_runner.py:85] Sampling 50000 steps by 12 slaves, spending 25.18 s.
[20260605 05:50:06 @multi_evo_agent_runner.py:94] Policy update, spending: 81.58 s.
[20260605 05:50:10 @multi_evo_agent_runner.py:99] Evaluation time: 4.03 s.
[20260605 05:50:10 @multi_evo_agent_runner.py:105] Total time:    1056.47 min
[20260605 05:50:10 @multi_evo_agent_runner.py:115] Agent_0 gets eval reward: -13.47.
[20260605 05:50:10 @multi_evo_agent_runner.py:116] Agent_0 gets win rate: 0.12.
[20260605 05:50:10 @multi_evo_agent_runner.py:115] Agent_1 gets eval reward: -444.59.
[20260605 05:50:10 @multi_evo_agent_runner.py:116] Agent_1 gets win rate: 0.08.
[20260605 05:50:10 @multi_evo_agent_runner.py:79] #------------------------ Iteration 737 --------------------------#
[20260605 05:50:34 @multi_evo_agent_runner.py:85] Sampling 50000 steps by 12 slaves, spending 23.91 s.
[20260605 05:51:54 @multi_evo_agent_runner.py:94] Policy update, spending: 80.06 s.
[20260605 05:51:58 @multi_evo_agent_runner.py:99] Evaluation time: 3.71 s.
[20260605 05:51:58 @multi_evo_agent_runner.py:105] Total time:    1058.27 min
[20260605 05:51:58 @multi_evo_agent_runner.py:115] Agent_0 gets eval reward: 204.09.
[20260605 05:51:58 @multi_evo_agent_runner.py:116] Agent_0 gets win rate: 0.41.
[20260605 05:51:58 @multi_evo_agent_runner.py:115] Agent_1 gets eval reward: -366.79.
[20260605 05:51:58 @multi_evo_agent_runner.py:116] Agent_1 gets win rate: 0.24.
[20260605 05:51:58 @multi_evo_agent_runner.py:79] #------------------------ Iteration 738 --------------------------#
[20260605 05:52:23 @multi_evo_agent_runner.py:85] Sampling 50000 steps by 12 slaves, spending 25.37 s.
[20260605 05:53:53 @multi_evo_agent_runner.py:94] Policy update, spending: 89.88 s.
[20260605 05:53:56 @multi_evo_agent_runner.py:99] Evaluation time: 2.62 s.
[20260605 05:53:56 @multi_evo_agent_runner.py:105] Total time:    1060.24 min
[20260605 05:53:56 @multi_evo_agent_runner.py:115] Agent_0 gets eval reward: 328.91.
[20260605 05:53:56 @multi_evo_agent_runner.py:116] Agent_0 gets win rate: 0.42.
[20260605 05:53:56 @multi_evo_agent_runner.py:115] Agent_1 gets eval reward: -521.01.
[20260605 05:53:56 @multi_evo_agent_runner.py:116] Agent_1 gets win rate: 0.13.
[20260605 05:53:56 @multi_evo_agent_runner.py:79] #------------------------ Iteration 739 --------------------------#
[20260605 05:54:24 @multi_evo_agent_runner.py:85] Sampling 50000 steps by 12 slaves, spending 28.13 s.
[20260605 05:55:49 @multi_evo_agent_runner.py:94] Policy update, spending: 84.94 s.
[20260605 05:55:53 @multi_evo_agent_runner.py:99] Evaluation time: 3.62 s.
[20260605 05:55:53 @multi_evo_agent_runner.py:105] Total time:    1062.19 min
[20260605 05:55:53 @multi_evo_agent_runner.py:115] Agent_0 gets eval reward: -289.42.
[20260605 05:55:53 @multi_evo_agent_runner.py:116] Agent_0 gets win rate: 0.15.
[20260605 05:55:53 @multi_evo_agent_runner.py:115] Agent_1 gets eval reward: -148.73.
[20260605 05:55:53 @multi_evo_agent_runner.py:116] Agent_1 gets win rate: 0.23.
[20260605 05:55:53 @multi_evo_agent_runner.py:79] #------------------------ Iteration 740 --------------------------#
[20260605 05:56:30 @multi_evo_agent_runner.py:85] Sampling 50000 steps by 12 slaves, spending 37.12 s.
[20260605 05:57:43 @multi_evo_agent_runner.py:94] Policy update, spending: 72.82 s.
[20260605 05:57:46 @multi_evo_agent_runner.py:99] Evaluation time: 3.07 s.
[20260605 05:57:46 @multi_evo_agent_runner.py:105] Total time:    1064.08 min
[20260605 05:57:46 @multi_evo_agent_runner.py:115] Agent_0 gets eval reward: -139.25.
[20260605 05:57:46 @multi_evo_agent_runner.py:116] Agent_0 gets win rate: 0.21.
[20260605 05:57:46 @multi_evo_agent_runner.py:115] Agent_1 gets eval reward: -140.98.
[20260605 05:57:46 @multi_evo_agent_runner.py:116] Agent_1 gets win rate: 0.29.
[20260605 05:57:46 @multi_evo_agent_runner.py:79] #------------------------ Iteration 741 --------------------------#
[20260605 05:58:26 @multi_evo_agent_runner.py:85] Sampling 50000 steps by 12 slaves, spending 39.61 s.
[20260605 05:59:40 @multi_evo_agent_runner.py:94] Policy update, spending: 74.69 s.
[20260605 05:59:46 @multi_evo_agent_runner.py:99] Evaluation time: 5.62 s.
[20260605 05:59:46 @multi_evo_agent_runner.py:105] Total time:    1066.08 min
[20260605 05:59:46 @multi_evo_agent_runner.py:115] Agent_0 gets eval reward: -128.71.
[20260605 05:59:46 @multi_evo_agent_runner.py:116] Agent_0 gets win rate: 0.21.
[20260605 05:59:46 @multi_evo_agent_runner.py:115] Agent_1 gets eval reward: -305.13.
[20260605 05:59:46 @multi_evo_agent_runner.py:116] Agent_1 gets win rate: 0.18.
[20260605 05:59:46 @multi_evo_agent_runner.py:79] #------------------------ Iteration 742 --------------------------#
[20260605 06:00:23 @multi_evo_agent_runner.py:85] Sampling 50000 steps by 12 slaves, spending 36.84 s.
[20260605 06:01:58 @multi_evo_agent_runner.py:94] Policy update, spending: 95.10 s.
[20260605 06:02:05 @multi_evo_agent_runner.py:99] Evaluation time: 6.89 s.
[20260605 06:02:05 @multi_evo_agent_runner.py:105] Total time:    1068.40 min
[20260605 06:02:05 @multi_evo_agent_runner.py:115] Agent_0 gets eval reward: 92.17.
[20260605 06:02:05 @multi_evo_agent_runner.py:116] Agent_0 gets win rate: 0.25.
[20260605 06:02:05 @multi_evo_agent_runner.py:115] Agent_1 gets eval reward: -373.26.
[20260605 06:02:05 @multi_evo_agent_runner.py:116] Agent_1 gets win rate: 0.25.
[20260605 06:02:06 @multi_evo_agent_runner.py:79] #------------------------ Iteration 743 --------------------------#
[20260605 06:02:35 @multi_evo_agent_runner.py:85] Sampling 50000 steps by 12 slaves, spending 28.85 s.
[20260605 06:03:54 @multi_evo_agent_runner.py:94] Policy update, spending: 79.59 s.
[20260605 06:03:59 @multi_evo_agent_runner.py:99] Evaluation time: 5.31 s.
[20260605 06:03:59 @multi_evo_agent_runner.py:105] Total time:    1070.30 min
[20260605 06:04:00 @multi_evo_agent_runner.py:115] Agent_0 gets eval reward: 481.65.
[20260605 06:04:00 @multi_evo_agent_runner.py:116] Agent_0 gets win rate: 0.51.
[20260605 06:04:00 @multi_evo_agent_runner.py:115] Agent_1 gets eval reward: -577.34.
[20260605 06:04:00 @multi_evo_agent_runner.py:116] Agent_1 gets win rate: 0.21.
[20260605 06:04:00 @multi_evo_agent_runner.py:79] #------------------------ Iteration 744 --------------------------#
[20260605 06:04:23 @multi_evo_agent_runner.py:85] Sampling 50000 steps by 12 slaves, spending 22.93 s.
[20260605 06:05:40 @multi_evo_agent_runner.py:94] Policy update, spending: 76.90 s.
[20260605 06:05:45 @multi_evo_agent_runner.py:99] Evaluation time: 4.87 s.
[20260605 06:05:45 @multi_evo_agent_runner.py:105] Total time:    1072.05 min
[20260605 06:05:45 @multi_evo_agent_runner.py:115] Agent_0 gets eval reward: 550.16.
[20260605 06:05:45 @multi_evo_agent_runner.py:116] Agent_0 gets win rate: 0.49.
[20260605 06:05:45 @multi_evo_agent_runner.py:115] Agent_1 gets eval reward: -611.00.
[20260605 06:05:45 @multi_evo_agent_runner.py:116] Agent_1 gets win rate: 0.19.
[20260605 06:05:45 @multi_evo_agent_runner.py:79] #------------------------ Iteration 745 --------------------------#
[20260605 06:06:12 @multi_evo_agent_runner.py:85] Sampling 50000 steps by 12 slaves, spending 27.30 s.
[20260605 06:07:33 @multi_evo_agent_runner.py:94] Policy update, spending: 80.52 s.
[20260605 06:07:36 @multi_evo_agent_runner.py:99] Evaluation time: 3.11 s.
[20260605 06:07:36 @multi_evo_agent_runner.py:105] Total time:    1073.91 min
[20260605 06:07:36 @multi_evo_agent_runner.py:115] Agent_0 gets eval reward: -33.40.
[20260605 06:07:36 @multi_evo_agent_runner.py:116] Agent_0 gets win rate: 0.33.
[20260605 06:07:36 @multi_evo_agent_runner.py:115] Agent_1 gets eval reward: 48.90.
[20260605 06:07:36 @multi_evo_agent_runner.py:116] Agent_1 gets win rate: 0.39.
[20260605 06:07:36 @multi_evo_agent_runner.py:79] #------------------------ Iteration 746 --------------------------#
[20260605 06:08:03 @multi_evo_agent_runner.py:85] Sampling 50000 steps by 12 slaves, spending 27.10 s.
[20260605 06:09:20 @multi_evo_agent_runner.py:94] Policy update, spending: 77.33 s.
[20260605 06:09:25 @multi_evo_agent_runner.py:99] Evaluation time: 4.32 s.
[20260605 06:09:25 @multi_evo_agent_runner.py:105] Total time:    1075.73 min
[20260605 06:09:25 @multi_evo_agent_runner.py:115] Agent_0 gets eval reward: 94.46.
[20260605 06:09:25 @multi_evo_agent_runner.py:116] Agent_0 gets win rate: 0.27.
[20260605 06:09:25 @multi_evo_agent_runner.py:115] Agent_1 gets eval reward: -477.32.
[20260605 06:09:25 @multi_evo_agent_runner.py:116] Agent_1 gets win rate: 0.15.
[20260605 06:09:25 @multi_evo_agent_runner.py:79] #------------------------ Iteration 747 --------------------------#
[20260605 06:09:52 @multi_evo_agent_runner.py:85] Sampling 50000 steps by 12 slaves, spending 26.66 s.
[20260605 06:11:13 @multi_evo_agent_runner.py:94] Policy update, spending: 81.41 s.
[20260605 06:11:17 @multi_evo_agent_runner.py:99] Evaluation time: 3.90 s.
[20260605 06:11:17 @multi_evo_agent_runner.py:105] Total time:    1077.60 min
[20260605 06:11:17 @multi_evo_agent_runner.py:115] Agent_0 gets eval reward: -109.10.
[20260605 06:11:17 @multi_evo_agent_runner.py:116] Agent_0 gets win rate: 0.26.
[20260605 06:11:17 @multi_evo_agent_runner.py:115] Agent_1 gets eval reward: -157.00.
[20260605 06:11:17 @multi_evo_agent_runner.py:116] Agent_1 gets win rate: 0.32.
[20260605 06:11:17 @multi_evo_agent_runner.py:79] #------------------------ Iteration 748 --------------------------#
[20260605 06:11:44 @multi_evo_agent_runner.py:85] Sampling 50000 steps by 12 slaves, spending 26.65 s.
[20260605 06:12:59 @multi_evo_agent_runner.py:94] Policy update, spending: 75.40 s.
[20260605 06:13:03 @multi_evo_agent_runner.py:99] Evaluation time: 3.99 s.
[20260605 06:13:03 @multi_evo_agent_runner.py:105] Total time:    1079.37 min
[20260605 06:13:03 @multi_evo_agent_runner.py:115] Agent_0 gets eval reward: 77.86.
[20260605 06:13:03 @multi_evo_agent_runner.py:116] Agent_0 gets win rate: 0.31.
[20260605 06:13:03 @multi_evo_agent_runner.py:115] Agent_1 gets eval reward: -434.99.
[20260605 06:13:03 @multi_evo_agent_runner.py:116] Agent_1 gets win rate: 0.22.
[20260605 06:13:04 @multi_evo_agent_runner.py:79] #------------------------ Iteration 749 --------------------------#
[20260605 06:13:31 @multi_evo_agent_runner.py:85] Sampling 50000 steps by 12 slaves, spending 27.08 s.
[20260605 06:14:41 @multi_evo_agent_runner.py:94] Policy update, spending: 70.38 s.
[20260605 06:14:45 @multi_evo_agent_runner.py:99] Evaluation time: 4.13 s.
[20260605 06:14:45 @multi_evo_agent_runner.py:105] Total time:    1081.06 min
[20260605 06:14:45 @multi_evo_agent_runner.py:115] Agent_0 gets eval reward: 56.81.
[20260605 06:14:45 @multi_evo_agent_runner.py:116] Agent_0 gets win rate: 0.41.
[20260605 06:14:45 @multi_evo_agent_runner.py:115] Agent_1 gets eval reward: -84.72.
[20260605 06:14:45 @multi_evo_agent_runner.py:116] Agent_1 gets win rate: 0.39.
[20260605 06:14:45 @multi_evo_agent_runner.py:79] #------------------------ Iteration 750 --------------------------#
[20260605 06:15:11 @multi_evo_agent_runner.py:85] Sampling 50000 steps by 12 slaves, spending 25.42 s.
[20260605 06:16:28 @multi_evo_agent_runner.py:94] Policy update, spending: 77.69 s.
[20260605 06:16:32 @multi_evo_agent_runner.py:99] Evaluation time: 3.91 s.
[20260605 06:16:32 @multi_evo_agent_runner.py:105] Total time:    1082.85 min
[20260605 06:16:33 @multi_evo_agent_runner.py:115] Agent_0 gets eval reward: 31.82.
[20260605 06:16:33 @multi_evo_agent_runner.py:116] Agent_0 gets win rate: 0.24.
[20260605 06:16:33 @multi_evo_agent_runner.py:115] Agent_1 gets eval reward: -476.72.
[20260605 06:16:33 @multi_evo_agent_runner.py:116] Agent_1 gets win rate: 0.08.
[20260605 06:16:33 @multi_evo_agent_runner.py:79] #------------------------ Iteration 751 --------------------------#
[20260605 06:16:58 @multi_evo_agent_runner.py:85] Sampling 50000 steps by 12 slaves, spending 25.49 s.
[20260605 06:18:14 @multi_evo_agent_runner.py:94] Policy update, spending: 76.32 s.
[20260605 06:18:19 @multi_evo_agent_runner.py:99] Evaluation time: 4.06 s.
[20260605 06:18:19 @multi_evo_agent_runner.py:105] Total time:    1084.62 min
[20260605 06:18:19 @multi_evo_agent_runner.py:115] Agent_0 gets eval reward: -171.83.
[20260605 06:18:19 @multi_evo_agent_runner.py:116] Agent_0 gets win rate: 0.16.
[20260605 06:18:19 @multi_evo_agent_runner.py:115] Agent_1 gets eval reward: -188.22.
[20260605 06:18:19 @multi_evo_agent_runner.py:116] Agent_1 gets win rate: 0.20.
[20260605 06:18:19 @multi_evo_agent_runner.py:79] #------------------------ Iteration 752 --------------------------#
[20260605 06:18:46 @multi_evo_agent_runner.py:85] Sampling 50000 steps by 12 slaves, spending 27.05 s.
[20260605 06:20:24 @multi_evo_agent_runner.py:94] Policy update, spending: 97.92 s.
[20260605 06:20:27 @multi_evo_agent_runner.py:99] Evaluation time: 3.13 s.
[20260605 06:20:27 @multi_evo_agent_runner.py:105] Total time:    1086.76 min
[20260605 06:20:27 @multi_evo_agent_runner.py:115] Agent_0 gets eval reward: 369.49.
[20260605 06:20:27 @multi_evo_agent_runner.py:116] Agent_0 gets win rate: 0.42.
[20260605 06:20:27 @multi_evo_agent_runner.py:115] Agent_1 gets eval reward: -607.88.
[20260605 06:20:27 @multi_evo_agent_runner.py:116] Agent_1 gets win rate: 0.16.
[20260605 06:20:27 @multi_evo_agent_runner.py:79] #------------------------ Iteration 753 --------------------------#
[20260605 06:20:53 @multi_evo_agent_runner.py:85] Sampling 50000 steps by 12 slaves, spending 25.89 s.
[20260605 06:22:19 @multi_evo_agent_runner.py:94] Policy update, spending: 86.19 s.
[20260605 06:22:23 @multi_evo_agent_runner.py:99] Evaluation time: 3.09 s.
[20260605 06:22:23 @multi_evo_agent_runner.py:105] Total time:    1088.69 min
[20260605 06:22:23 @multi_evo_agent_runner.py:115] Agent_0 gets eval reward: 78.55.
[20260605 06:22:23 @multi_evo_agent_runner.py:116] Agent_0 gets win rate: 0.32.
[20260605 06:22:23 @multi_evo_agent_runner.py:115] Agent_1 gets eval reward: -388.46.
[20260605 06:22:23 @multi_evo_agent_runner.py:116] Agent_1 gets win rate: 0.26.
[20260605 06:22:23 @multi_evo_agent_runner.py:79] #------------------------ Iteration 754 --------------------------#
[20260605 06:22:50 @multi_evo_agent_runner.py:85] Sampling 50000 steps by 12 slaves, spending 27.24 s.
[20260605 06:24:04 @multi_evo_agent_runner.py:94] Policy update, spending: 74.04 s.
[20260605 06:24:08 @multi_evo_agent_runner.py:99] Evaluation time: 4.32 s.
[20260605 06:24:08 @multi_evo_agent_runner.py:105] Total time:    1090.45 min
[20260605 06:24:08 @multi_evo_agent_runner.py:115] Agent_0 gets eval reward: -331.66.
[20260605 06:24:08 @multi_evo_agent_runner.py:116] Agent_0 gets win rate: 0.08.
[20260605 06:24:08 @multi_evo_agent_runner.py:115] Agent_1 gets eval reward: -219.29.
[20260605 06:24:08 @multi_evo_agent_runner.py:116] Agent_1 gets win rate: 0.19.
[20260605 06:24:09 @multi_evo_agent_runner.py:79] #------------------------ Iteration 755 --------------------------#
[20260605 06:24:35 @multi_evo_agent_runner.py:85] Sampling 50000 steps by 12 slaves, spending 26.85 s.
[20260605 06:25:57 @multi_evo_agent_runner.py:94] Policy update, spending: 81.70 s.
[20260605 06:26:00 @multi_evo_agent_runner.py:99] Evaluation time: 3.29 s.
[20260605 06:26:00 @multi_evo_agent_runner.py:105] Total time:    1092.32 min
[20260605 06:26:01 @multi_evo_agent_runner.py:115] Agent_0 gets eval reward: -286.51.
[20260605 06:26:01 @multi_evo_agent_runner.py:116] Agent_0 gets win rate: 0.18.
[20260605 06:26:01 @multi_evo_agent_runner.py:115] Agent_1 gets eval reward: -348.30.
[20260605 06:26:01 @multi_evo_agent_runner.py:116] Agent_1 gets win rate: 0.21.
[20260605 06:26:01 @multi_evo_agent_runner.py:79] #------------------------ Iteration 756 --------------------------#
[20260605 06:26:37 @multi_evo_agent_runner.py:85] Sampling 50000 steps by 12 slaves, spending 36.48 s.
[20260605 06:27:51 @multi_evo_agent_runner.py:94] Policy update, spending: 73.43 s.
[20260605 06:27:53 @multi_evo_agent_runner.py:99] Evaluation time: 2.65 s.
[20260605 06:27:53 @multi_evo_agent_runner.py:105] Total time:    1094.20 min
[20260605 06:27:53 @multi_evo_agent_runner.py:115] Agent_0 gets eval reward: -206.06.
[20260605 06:27:53 @multi_evo_agent_runner.py:116] Agent_0 gets win rate: 0.30.
[20260605 06:27:53 @multi_evo_agent_runner.py:115] Agent_1 gets eval reward: 66.46.
[20260605 06:27:53 @multi_evo_agent_runner.py:116] Agent_1 gets win rate: 0.39.
[20260605 06:27:53 @multi_evo_agent_runner.py:79] #------------------------ Iteration 757 --------------------------#
[20260605 06:28:34 @multi_evo_agent_runner.py:85] Sampling 50000 steps by 12 slaves, spending 40.49 s.
[20260605 06:29:54 @multi_evo_agent_runner.py:94] Policy update, spending: 80.46 s.
[20260605 06:29:59 @multi_evo_agent_runner.py:99] Evaluation time: 5.03 s.
[20260605 06:29:59 @multi_evo_agent_runner.py:105] Total time:    1096.30 min
[20260605 06:30:00 @multi_evo_agent_runner.py:115] Agent_0 gets eval reward: -238.95.
[20260605 06:30:00 @multi_evo_agent_runner.py:116] Agent_0 gets win rate: 0.18.
[20260605 06:30:00 @multi_evo_agent_runner.py:115] Agent_1 gets eval reward: -317.00.
[20260605 06:30:00 @multi_evo_agent_runner.py:116] Agent_1 gets win rate: 0.21.
[20260605 06:30:00 @multi_evo_agent_runner.py:79] #------------------------ Iteration 758 --------------------------#
[20260605 06:30:39 @multi_evo_agent_runner.py:85] Sampling 50000 steps by 12 slaves, spending 39.13 s.
[20260605 06:32:14 @multi_evo_agent_runner.py:94] Policy update, spending: 95.26 s.
[20260605 06:32:23 @multi_evo_agent_runner.py:99] Evaluation time: 9.10 s.
[20260605 06:32:23 @multi_evo_agent_runner.py:105] Total time:    1098.70 min
[20260605 06:32:24 @multi_evo_agent_runner.py:115] Agent_0 gets eval reward: 69.54.
[20260605 06:32:24 @multi_evo_agent_runner.py:116] Agent_0 gets win rate: 0.15.
[20260605 06:32:24 @multi_evo_agent_runner.py:115] Agent_1 gets eval reward: -547.71.
[20260605 06:32:24 @multi_evo_agent_runner.py:116] Agent_1 gets win rate: 0.12.
[20260605 06:32:24 @multi_evo_agent_runner.py:79] #------------------------ Iteration 759 --------------------------#
[20260605 06:32:55 @multi_evo_agent_runner.py:85] Sampling 50000 steps by 12 slaves, spending 31.28 s.
[20260605 06:34:23 @multi_evo_agent_runner.py:94] Policy update, spending: 87.47 s.
[20260605 06:34:30 @multi_evo_agent_runner.py:99] Evaluation time: 6.96 s.
[20260605 06:34:30 @multi_evo_agent_runner.py:105] Total time:    1100.80 min
[20260605 06:34:30 @multi_evo_agent_runner.py:115] Agent_0 gets eval reward: -147.33.
[20260605 06:34:30 @multi_evo_agent_runner.py:116] Agent_0 gets win rate: 0.13.
[20260605 06:34:30 @multi_evo_agent_runner.py:115] Agent_1 gets eval reward: -541.72.
[20260605 06:34:30 @multi_evo_agent_runner.py:116] Agent_1 gets win rate: 0.04.
[20260605 06:34:30 @multi_evo_agent_runner.py:79] #------------------------ Iteration 760 --------------------------#
[20260605 06:34:56 @multi_evo_agent_runner.py:85] Sampling 50000 steps by 12 slaves, spending 26.59 s.
[20260605 06:36:17 @multi_evo_agent_runner.py:94] Policy update, spending: 80.91 s.
[20260605 06:36:21 @multi_evo_agent_runner.py:99] Evaluation time: 3.39 s.
[20260605 06:36:21 @multi_evo_agent_runner.py:105] Total time:    1102.66 min
[20260605 06:36:21 @multi_evo_agent_runner.py:115] Agent_0 gets eval reward: -557.56.
[20260605 06:36:21 @multi_evo_agent_runner.py:116] Agent_0 gets win rate: 0.04.
[20260605 06:36:21 @multi_evo_agent_runner.py:115] Agent_1 gets eval reward: -38.31.
[20260605 06:36:21 @multi_evo_agent_runner.py:116] Agent_1 gets win rate: 0.20.
[20260605 06:36:21 @multi_evo_agent_runner.py:79] #------------------------ Iteration 761 --------------------------#
[20260605 06:36:47 @multi_evo_agent_runner.py:85] Sampling 50000 steps by 12 slaves, spending 26.38 s.
[20260605 06:38:10 @multi_evo_agent_runner.py:94] Policy update, spending: 82.92 s.
[20260605 06:38:13 @multi_evo_agent_runner.py:99] Evaluation time: 2.71 s.
[20260605 06:38:13 @multi_evo_agent_runner.py:105] Total time:    1104.53 min
[20260605 06:38:13 @multi_evo_agent_runner.py:115] Agent_0 gets eval reward: -487.03.
[20260605 06:38:13 @multi_evo_agent_runner.py:116] Agent_0 gets win rate: 0.00.
[20260605 06:38:13 @multi_evo_agent_runner.py:115] Agent_1 gets eval reward: -309.57.
[20260605 06:38:13 @multi_evo_agent_runner.py:116] Agent_1 gets win rate: 0.09.
[20260605 06:38:13 @multi_evo_agent_runner.py:79] #------------------------ Iteration 762 --------------------------#
[20260605 06:38:40 @multi_evo_agent_runner.py:85] Sampling 50000 steps by 12 slaves, spending 27.17 s.
[20260605 06:40:03 @multi_evo_agent_runner.py:94] Policy update, spending: 82.87 s.
[20260605 06:40:06 @multi_evo_agent_runner.py:99] Evaluation time: 2.90 s.
[20260605 06:40:06 @multi_evo_agent_runner.py:105] Total time:    1106.41 min
[20260605 06:40:06 @multi_evo_agent_runner.py:115] Agent_0 gets eval reward: 451.40.
[20260605 06:40:06 @multi_evo_agent_runner.py:116] Agent_0 gets win rate: 0.35.
[20260605 06:40:06 @multi_evo_agent_runner.py:115] Agent_1 gets eval reward: -835.78.
[20260605 06:40:06 @multi_evo_agent_runner.py:116] Agent_1 gets win rate: 0.04.
[20260605 06:40:06 @multi_evo_agent_runner.py:79] #------------------------ Iteration 763 --------------------------#
[20260605 06:40:33 @multi_evo_agent_runner.py:85] Sampling 50000 steps by 12 slaves, spending 26.97 s.
[20260605 06:41:56 @multi_evo_agent_runner.py:94] Policy update, spending: 82.37 s.
[20260605 06:41:59 @multi_evo_agent_runner.py:99] Evaluation time: 3.76 s.
[20260605 06:41:59 @multi_evo_agent_runner.py:105] Total time:    1108.30 min
[20260605 06:42:00 @multi_evo_agent_runner.py:115] Agent_0 gets eval reward: -346.32.
[20260605 06:42:00 @multi_evo_agent_runner.py:116] Agent_0 gets win rate: 0.12.
[20260605 06:42:00 @multi_evo_agent_runner.py:115] Agent_1 gets eval reward: -451.16.
[20260605 06:42:00 @multi_evo_agent_runner.py:116] Agent_1 gets win rate: 0.12.
[20260605 06:42:00 @multi_evo_agent_runner.py:79] #------------------------ Iteration 764 --------------------------#
[20260605 06:42:27 @multi_evo_agent_runner.py:85] Sampling 50000 steps by 12 slaves, spending 27.49 s.
[20260605 06:43:46 @multi_evo_agent_runner.py:94] Policy update, spending: 79.04 s.
[20260605 06:43:50 @multi_evo_agent_runner.py:99] Evaluation time: 3.96 s.
[20260605 06:43:50 @multi_evo_agent_runner.py:105] Total time:    1110.15 min
[20260605 06:43:50 @multi_evo_agent_runner.py:115] Agent_0 gets eval reward: -76.68.
[20260605 06:43:50 @multi_evo_agent_runner.py:116] Agent_0 gets win rate: 0.24.
[20260605 06:43:50 @multi_evo_agent_runner.py:115] Agent_1 gets eval reward: -460.50.
[20260605 06:43:50 @multi_evo_agent_runner.py:116] Agent_1 gets win rate: 0.17.
[20260605 06:43:51 @multi_evo_agent_runner.py:79] #------------------------ Iteration 765 --------------------------#
[20260605 06:44:15 @multi_evo_agent_runner.py:85] Sampling 50000 steps by 12 slaves, spending 24.16 s.
[20260605 06:45:32 @multi_evo_agent_runner.py:94] Policy update, spending: 77.21 s.
[20260605 06:45:35 @multi_evo_agent_runner.py:99] Evaluation time: 3.09 s.
[20260605 06:45:35 @multi_evo_agent_runner.py:105] Total time:    1111.90 min
[20260605 06:45:35 @multi_evo_agent_runner.py:115] Agent_0 gets eval reward: -126.57.
[20260605 06:45:35 @multi_evo_agent_runner.py:116] Agent_0 gets win rate: 0.12.
[20260605 06:45:35 @multi_evo_agent_runner.py:115] Agent_1 gets eval reward: -337.66.
[20260605 06:45:35 @multi_evo_agent_runner.py:116] Agent_1 gets win rate: 0.08.
[20260605 06:45:35 @multi_evo_agent_runner.py:79] #------------------------ Iteration 766 --------------------------#
[20260605 06:46:01 @multi_evo_agent_runner.py:85] Sampling 50000 steps by 12 slaves, spending 26.14 s.
[20260605 06:47:23 @multi_evo_agent_runner.py:94] Policy update, spending: 81.40 s.
[20260605 06:47:27 @multi_evo_agent_runner.py:99] Evaluation time: 3.77 s.
[20260605 06:47:27 @multi_evo_agent_runner.py:105] Total time:    1113.75 min
[20260605 06:47:27 @multi_evo_agent_runner.py:115] Agent_0 gets eval reward: -596.49.
[20260605 06:47:27 @multi_evo_agent_runner.py:116] Agent_0 gets win rate: 0.09.
[20260605 06:47:27 @multi_evo_agent_runner.py:115] Agent_1 gets eval reward: -52.34.
[20260605 06:47:27 @multi_evo_agent_runner.py:116] Agent_1 gets win rate: 0.30.
[20260605 06:47:27 @multi_evo_agent_runner.py:79] #------------------------ Iteration 767 --------------------------#
[20260605 06:48:00 @multi_evo_agent_runner.py:85] Sampling 50000 steps by 12 slaves, spending 33.32 s.
[20260605 06:49:17 @multi_evo_agent_runner.py:94] Policy update, spending: 77.02 s.
[20260605 06:49:21 @multi_evo_agent_runner.py:99] Evaluation time: 3.50 s.
[20260605 06:49:21 @multi_evo_agent_runner.py:105] Total time:    1115.66 min
[20260605 06:49:21 @multi_evo_agent_runner.py:115] Agent_0 gets eval reward: -333.99.
[20260605 06:49:21 @multi_evo_agent_runner.py:116] Agent_0 gets win rate: 0.12.
[20260605 06:49:21 @multi_evo_agent_runner.py:115] Agent_1 gets eval reward: -266.96.
[20260605 06:49:21 @multi_evo_agent_runner.py:116] Agent_1 gets win rate: 0.12.
[20260605 06:49:21 @multi_evo_agent_runner.py:79] #------------------------ Iteration 768 --------------------------#
[20260605 06:49:58 @multi_evo_agent_runner.py:85] Sampling 50000 steps by 12 slaves, spending 37.52 s.
[20260605 06:51:17 @multi_evo_agent_runner.py:94] Policy update, spending: 78.54 s.
[20260605 06:51:22 @multi_evo_agent_runner.py:99] Evaluation time: 5.09 s.
[20260605 06:51:22 @multi_evo_agent_runner.py:105] Total time:    1117.68 min
[20260605 06:51:22 @multi_evo_agent_runner.py:115] Agent_0 gets eval reward: -73.48.
[20260605 06:51:22 @multi_evo_agent_runner.py:116] Agent_0 gets win rate: 0.23.
[20260605 06:51:22 @multi_evo_agent_runner.py:115] Agent_1 gets eval reward: -535.47.
[20260605 06:51:22 @multi_evo_agent_runner.py:116] Agent_1 gets win rate: 0.15.
[20260605 06:51:22 @multi_evo_agent_runner.py:79] #------------------------ Iteration 769 --------------------------#
[20260605 06:52:02 @multi_evo_agent_runner.py:85] Sampling 50000 steps by 12 slaves, spending 39.16 s.
[20260605 06:53:25 @multi_evo_agent_runner.py:94] Policy update, spending: 83.14 s.
[20260605 06:53:31 @multi_evo_agent_runner.py:99] Evaluation time: 6.60 s.
[20260605 06:53:31 @multi_evo_agent_runner.py:105] Total time:    1119.83 min
[20260605 06:53:32 @multi_evo_agent_runner.py:115] Agent_0 gets eval reward: -152.51.
[20260605 06:53:32 @multi_evo_agent_runner.py:116] Agent_0 gets win rate: 0.23.
[20260605 06:53:32 @multi_evo_agent_runner.py:115] Agent_1 gets eval reward: -352.82.
[20260605 06:53:32 @multi_evo_agent_runner.py:116] Agent_1 gets win rate: 0.23.
[20260605 06:53:32 @multi_evo_agent_runner.py:79] #------------------------ Iteration 770 --------------------------#
[20260605 06:53:56 @multi_evo_agent_runner.py:85] Sampling 50000 steps by 12 slaves, spending 24.71 s.
[20260605 06:55:12 @multi_evo_agent_runner.py:94] Policy update, spending: 75.61 s.
[20260605 06:55:18 @multi_evo_agent_runner.py:99] Evaluation time: 5.88 s.
[20260605 06:55:18 @multi_evo_agent_runner.py:105] Total time:    1121.61 min
[20260605 06:55:18 @multi_evo_agent_runner.py:115] Agent_0 gets eval reward: -84.69.
[20260605 06:55:18 @multi_evo_agent_runner.py:116] Agent_0 gets win rate: 0.22.
[20260605 06:55:18 @multi_evo_agent_runner.py:115] Agent_1 gets eval reward: -347.53.
[20260605 06:55:18 @multi_evo_agent_runner.py:116] Agent_1 gets win rate: 0.15.
[20260605 06:55:18 @multi_evo_agent_runner.py:79] #------------------------ Iteration 771 --------------------------#
[20260605 06:55:43 @multi_evo_agent_runner.py:85] Sampling 50000 steps by 12 slaves, spending 24.97 s.
[20260605 06:57:03 @multi_evo_agent_runner.py:94] Policy update, spending: 79.69 s.
[20260605 06:57:07 @multi_evo_agent_runner.py:99] Evaluation time: 4.52 s.
[20260605 06:57:07 @multi_evo_agent_runner.py:105] Total time:    1123.44 min
[20260605 06:57:08 @multi_evo_agent_runner.py:115] Agent_0 gets eval reward: 14.72.
[20260605 06:57:08 @multi_evo_agent_runner.py:116] Agent_0 gets win rate: 0.19.
[20260605 06:57:08 @multi_evo_agent_runner.py:115] Agent_1 gets eval reward: -775.03.
[20260605 06:57:08 @multi_evo_agent_runner.py:116] Agent_1 gets win rate: 0.08.
[20260605 06:57:08 @multi_evo_agent_runner.py:79] #------------------------ Iteration 772 --------------------------#
[20260605 06:57:33 @multi_evo_agent_runner.py:85] Sampling 50000 steps by 12 slaves, spending 25.71 s.
[20260605 06:58:51 @multi_evo_agent_runner.py:94] Policy update, spending: 77.94 s.
[20260605 06:58:56 @multi_evo_agent_runner.py:99] Evaluation time: 4.29 s.
[20260605 06:58:56 @multi_evo_agent_runner.py:105] Total time:    1125.24 min
[20260605 06:58:56 @multi_evo_agent_runner.py:115] Agent_0 gets eval reward: -92.91.
[20260605 06:58:56 @multi_evo_agent_runner.py:116] Agent_0 gets win rate: 0.27.
[20260605 06:58:56 @multi_evo_agent_runner.py:115] Agent_1 gets eval reward: -346.49.
[20260605 06:58:56 @multi_evo_agent_runner.py:116] Agent_1 gets win rate: 0.24.
[20260605 06:58:56 @multi_evo_agent_runner.py:79] #------------------------ Iteration 773 --------------------------#
[20260605 06:59:22 @multi_evo_agent_runner.py:85] Sampling 50000 steps by 12 slaves, spending 26.29 s.
[20260605 07:00:40 @multi_evo_agent_runner.py:94] Policy update, spending: 77.31 s.
[20260605 07:00:44 @multi_evo_agent_runner.py:99] Evaluation time: 4.03 s.
[20260605 07:00:44 @multi_evo_agent_runner.py:105] Total time:    1127.04 min
[20260605 07:00:44 @multi_evo_agent_runner.py:115] Agent_0 gets eval reward: -386.55.
[20260605 07:00:44 @multi_evo_agent_runner.py:116] Agent_0 gets win rate: 0.13.
[20260605 07:00:44 @multi_evo_agent_runner.py:115] Agent_1 gets eval reward: -190.09.
[20260605 07:00:44 @multi_evo_agent_runner.py:116] Agent_1 gets win rate: 0.27.
[20260605 07:00:44 @multi_evo_agent_runner.py:79] #------------------------ Iteration 774 --------------------------#
[20260605 07:01:08 @multi_evo_agent_runner.py:85] Sampling 50000 steps by 12 slaves, spending 24.16 s.
[20260605 07:02:27 @multi_evo_agent_runner.py:94] Policy update, spending: 78.65 s.
[20260605 07:02:31 @multi_evo_agent_runner.py:99] Evaluation time: 3.96 s.
[20260605 07:02:31 @multi_evo_agent_runner.py:105] Total time:    1128.82 min
[20260605 07:02:31 @multi_evo_agent_runner.py:115] Agent_0 gets eval reward: -425.88.
[20260605 07:02:31 @multi_evo_agent_runner.py:116] Agent_0 gets win rate: 0.04.
[20260605 07:02:31 @multi_evo_agent_runner.py:115] Agent_1 gets eval reward: -181.43.
[20260605 07:02:31 @multi_evo_agent_runner.py:116] Agent_1 gets win rate: 0.17.
[20260605 07:02:31 @multi_evo_agent_runner.py:79] #------------------------ Iteration 775 --------------------------#
[20260605 07:02:57 @multi_evo_agent_runner.py:85] Sampling 50000 steps by 12 slaves, spending 25.86 s.
[20260605 07:04:16 @multi_evo_agent_runner.py:94] Policy update, spending: 78.81 s.
[20260605 07:04:19 @multi_evo_agent_runner.py:99] Evaluation time: 3.60 s.
[20260605 07:04:19 @multi_evo_agent_runner.py:105] Total time:    1130.63 min
[20260605 07:04:19 @multi_evo_agent_runner.py:115] Agent_0 gets eval reward: -328.26.
[20260605 07:04:19 @multi_evo_agent_runner.py:116] Agent_0 gets win rate: 0.18.
[20260605 07:04:19 @multi_evo_agent_runner.py:115] Agent_1 gets eval reward: -303.81.
[20260605 07:04:19 @multi_evo_agent_runner.py:116] Agent_1 gets win rate: 0.21.
[20260605 07:04:19 @multi_evo_agent_runner.py:79] #------------------------ Iteration 776 --------------------------#
[20260605 07:04:46 @multi_evo_agent_runner.py:85] Sampling 50000 steps by 12 slaves, spending 26.44 s.
[20260605 07:06:03 @multi_evo_agent_runner.py:94] Policy update, spending: 77.52 s.
[20260605 07:06:08 @multi_evo_agent_runner.py:99] Evaluation time: 4.21 s.
[20260605 07:06:08 @multi_evo_agent_runner.py:105] Total time:    1132.44 min
[20260605 07:06:08 @multi_evo_agent_runner.py:115] Agent_0 gets eval reward: -260.52.
[20260605 07:06:08 @multi_evo_agent_runner.py:116] Agent_0 gets win rate: 0.27.
[20260605 07:06:08 @multi_evo_agent_runner.py:115] Agent_1 gets eval reward: -80.11.
[20260605 07:06:08 @multi_evo_agent_runner.py:116] Agent_1 gets win rate: 0.33.
[20260605 07:06:08 @multi_evo_agent_runner.py:79] #------------------------ Iteration 777 --------------------------#
[20260605 07:06:34 @multi_evo_agent_runner.py:85] Sampling 50000 steps by 12 slaves, spending 26.22 s.
[20260605 07:07:52 @multi_evo_agent_runner.py:94] Policy update, spending: 77.78 s.
[20260605 07:07:56 @multi_evo_agent_runner.py:99] Evaluation time: 4.34 s.
[20260605 07:07:56 @multi_evo_agent_runner.py:105] Total time:    1134.25 min
[20260605 07:07:56 @multi_evo_agent_runner.py:115] Agent_0 gets eval reward: -28.27.
[20260605 07:07:56 @multi_evo_agent_runner.py:116] Agent_0 gets win rate: 0.31.
[20260605 07:07:56 @multi_evo_agent_runner.py:115] Agent_1 gets eval reward: -659.55.
[20260605 07:07:56 @multi_evo_agent_runner.py:116] Agent_1 gets win rate: 0.14.
[20260605 07:07:57 @multi_evo_agent_runner.py:79] #------------------------ Iteration 778 --------------------------#
[20260605 07:08:20 @multi_evo_agent_runner.py:85] Sampling 50000 steps by 12 slaves, spending 23.53 s.
[20260605 07:09:35 @multi_evo_agent_runner.py:94] Policy update, spending: 75.16 s.
[20260605 07:09:39 @multi_evo_agent_runner.py:99] Evaluation time: 4.12 s.
[20260605 07:09:39 @multi_evo_agent_runner.py:105] Total time:    1135.97 min
[20260605 07:09:40 @multi_evo_agent_runner.py:115] Agent_0 gets eval reward: 228.51.
[20260605 07:09:40 @multi_evo_agent_runner.py:116] Agent_0 gets win rate: 0.39.
[20260605 07:09:40 @multi_evo_agent_runner.py:115] Agent_1 gets eval reward: -364.97.
[20260605 07:09:40 @multi_evo_agent_runner.py:116] Agent_1 gets win rate: 0.29.
[20260605 07:09:40 @multi_evo_agent_runner.py:79] #------------------------ Iteration 779 --------------------------#
[20260605 07:10:06 @multi_evo_agent_runner.py:85] Sampling 50000 steps by 12 slaves, spending 26.20 s.
[20260605 07:11:42 @multi_evo_agent_runner.py:94] Policy update, spending: 95.72 s.
[20260605 07:11:46 @multi_evo_agent_runner.py:99] Evaluation time: 4.45 s.
[20260605 07:11:46 @multi_evo_agent_runner.py:105] Total time:    1138.08 min
[20260605 07:11:46 @multi_evo_agent_runner.py:115] Agent_0 gets eval reward: -610.07.
[20260605 07:11:46 @multi_evo_agent_runner.py:116] Agent_0 gets win rate: 0.10.
[20260605 07:11:46 @multi_evo_agent_runner.py:115] Agent_1 gets eval reward: 118.30.
[20260605 07:11:46 @multi_evo_agent_runner.py:116] Agent_1 gets win rate: 0.37.
[20260605 07:11:46 @multi_evo_agent_runner.py:79] #------------------------ Iteration 780 --------------------------#
[20260605 07:12:11 @multi_evo_agent_runner.py:85] Sampling 50000 steps by 12 slaves, spending 24.15 s.
[20260605 07:13:29 @multi_evo_agent_runner.py:94] Policy update, spending: 78.81 s.
[20260605 07:13:32 @multi_evo_agent_runner.py:99] Evaluation time: 2.63 s.
[20260605 07:13:32 @multi_evo_agent_runner.py:105] Total time:    1139.85 min
[20260605 07:13:32 @multi_evo_agent_runner.py:115] Agent_0 gets eval reward: -339.57.
[20260605 07:13:32 @multi_evo_agent_runner.py:116] Agent_0 gets win rate: 0.15.
[20260605 07:13:32 @multi_evo_agent_runner.py:115] Agent_1 gets eval reward: -93.92.
[20260605 07:13:32 @multi_evo_agent_runner.py:116] Agent_1 gets win rate: 0.23.
[20260605 07:13:32 @multi_evo_agent_runner.py:79] #------------------------ Iteration 781 --------------------------#
[20260605 07:14:00 @multi_evo_agent_runner.py:85] Sampling 50000 steps by 12 slaves, spending 27.28 s.
[20260605 07:15:15 @multi_evo_agent_runner.py:94] Policy update, spending: 75.28 s.
[20260605 07:15:19 @multi_evo_agent_runner.py:99] Evaluation time: 4.28 s.
[20260605 07:15:19 @multi_evo_agent_runner.py:105] Total time:    1141.63 min
[20260605 07:15:19 @multi_evo_agent_runner.py:115] Agent_0 gets eval reward: 78.96.
[20260605 07:15:19 @multi_evo_agent_runner.py:116] Agent_0 gets win rate: 0.29.
[20260605 07:15:19 @multi_evo_agent_runner.py:115] Agent_1 gets eval reward: -363.15.
[20260605 07:15:19 @multi_evo_agent_runner.py:116] Agent_1 gets win rate: 0.23.
[20260605 07:15:19 @multi_evo_agent_runner.py:79] #------------------------ Iteration 782 --------------------------#
[20260605 07:15:43 @multi_evo_agent_runner.py:85] Sampling 50000 steps by 12 slaves, spending 24.00 s.
[20260605 07:17:01 @multi_evo_agent_runner.py:94] Policy update, spending: 77.55 s.
[20260605 07:17:04 @multi_evo_agent_runner.py:99] Evaluation time: 3.49 s.
[20260605 07:17:04 @multi_evo_agent_runner.py:105] Total time:    1143.39 min
[20260605 07:17:05 @multi_evo_agent_runner.py:115] Agent_0 gets eval reward: 43.87.
[20260605 07:17:05 @multi_evo_agent_runner.py:116] Agent_0 gets win rate: 0.34.
[20260605 07:17:05 @multi_evo_agent_runner.py:115] Agent_1 gets eval reward: -397.62.
[20260605 07:17:05 @multi_evo_agent_runner.py:116] Agent_1 gets win rate: 0.25.
[20260605 07:17:05 @multi_evo_agent_runner.py:79] #------------------------ Iteration 783 --------------------------#
[20260605 07:17:30 @multi_evo_agent_runner.py:85] Sampling 50000 steps by 12 slaves, spending 25.74 s.
[20260605 07:18:58 @multi_evo_agent_runner.py:94] Policy update, spending: 87.18 s.
[20260605 07:19:02 @multi_evo_agent_runner.py:99] Evaluation time: 4.24 s.
[20260605 07:19:02 @multi_evo_agent_runner.py:105] Total time:    1145.34 min
[20260605 07:19:02 @multi_evo_agent_runner.py:115] Agent_0 gets eval reward: 8.70.
[20260605 07:19:02 @multi_evo_agent_runner.py:116] Agent_0 gets win rate: 0.28.
[20260605 07:19:02 @multi_evo_agent_runner.py:115] Agent_1 gets eval reward: -444.36.
[20260605 07:19:02 @multi_evo_agent_runner.py:116] Agent_1 gets win rate: 0.21.
[20260605 07:19:02 @multi_evo_agent_runner.py:79] #------------------------ Iteration 784 --------------------------#
[20260605 07:19:27 @multi_evo_agent_runner.py:85] Sampling 50000 steps by 12 slaves, spending 24.38 s.
[20260605 07:20:52 @multi_evo_agent_runner.py:94] Policy update, spending: 85.96 s.
[20260605 07:20:56 @multi_evo_agent_runner.py:99] Evaluation time: 3.30 s.
[20260605 07:20:56 @multi_evo_agent_runner.py:105] Total time:    1147.24 min
[20260605 07:20:56 @multi_evo_agent_runner.py:115] Agent_0 gets eval reward: -424.85.
[20260605 07:20:56 @multi_evo_agent_runner.py:116] Agent_0 gets win rate: 0.05.
[20260605 07:20:56 @multi_evo_agent_runner.py:115] Agent_1 gets eval reward: -735.08.
[20260605 07:20:56 @multi_evo_agent_runner.py:116] Agent_1 gets win rate: 0.00.
[20260605 07:20:56 @multi_evo_agent_runner.py:79] #------------------------ Iteration 785 --------------------------#
[20260605 07:21:20 @multi_evo_agent_runner.py:85] Sampling 50000 steps by 12 slaves, spending 24.22 s.
[20260605 07:22:38 @multi_evo_agent_runner.py:94] Policy update, spending: 78.08 s.
[20260605 07:22:42 @multi_evo_agent_runner.py:99] Evaluation time: 3.96 s.
[20260605 07:22:42 @multi_evo_agent_runner.py:105] Total time:    1149.02 min
[20260605 07:22:42 @multi_evo_agent_runner.py:115] Agent_0 gets eval reward: 146.49.
[20260605 07:22:42 @multi_evo_agent_runner.py:116] Agent_0 gets win rate: 0.33.
[20260605 07:22:42 @multi_evo_agent_runner.py:115] Agent_1 gets eval reward: -536.88.
[20260605 07:22:42 @multi_evo_agent_runner.py:116] Agent_1 gets win rate: 0.18.
[20260605 07:22:43 @multi_evo_agent_runner.py:79] #------------------------ Iteration 786 --------------------------#
[20260605 07:23:07 @multi_evo_agent_runner.py:85] Sampling 50000 steps by 12 slaves, spending 24.50 s.
[20260605 07:24:24 @multi_evo_agent_runner.py:94] Policy update, spending: 76.88 s.
[20260605 07:24:28 @multi_evo_agent_runner.py:99] Evaluation time: 3.74 s.
[20260605 07:24:28 @multi_evo_agent_runner.py:105] Total time:    1150.77 min
[20260605 07:24:28 @multi_evo_agent_runner.py:115] Agent_0 gets eval reward: 316.33.
[20260605 07:24:28 @multi_evo_agent_runner.py:116] Agent_0 gets win rate: 0.41.
[20260605 07:24:28 @multi_evo_agent_runner.py:115] Agent_1 gets eval reward: -671.61.
[20260605 07:24:28 @multi_evo_agent_runner.py:116] Agent_1 gets win rate: 0.12.
[20260605 07:24:28 @multi_evo_agent_runner.py:79] #------------------------ Iteration 787 --------------------------#
[20260605 07:25:04 @multi_evo_agent_runner.py:85] Sampling 50000 steps by 12 slaves, spending 36.36 s.
[20260605 07:26:18 @multi_evo_agent_runner.py:94] Policy update, spending: 74.02 s.
[20260605 07:26:23 @multi_evo_agent_runner.py:99] Evaluation time: 4.30 s.
[20260605 07:26:23 @multi_evo_agent_runner.py:105] Total time:    1152.69 min
[20260605 07:26:23 @multi_evo_agent_runner.py:115] Agent_0 gets eval reward: -24.61.
[20260605 07:26:23 @multi_evo_agent_runner.py:116] Agent_0 gets win rate: 0.26.
[20260605 07:26:23 @multi_evo_agent_runner.py:115] Agent_1 gets eval reward: -424.83.
[20260605 07:26:23 @multi_evo_agent_runner.py:116] Agent_1 gets win rate: 0.19.
[20260605 07:26:23 @multi_evo_agent_runner.py:79] #------------------------ Iteration 788 --------------------------#
[20260605 07:27:04 @multi_evo_agent_runner.py:85] Sampling 50000 steps by 12 slaves, spending 40.86 s.
[20260605 07:28:23 @multi_evo_agent_runner.py:94] Policy update, spending: 79.64 s.
[20260605 07:28:30 @multi_evo_agent_runner.py:99] Evaluation time: 7.05 s.
[20260605 07:28:30 @multi_evo_agent_runner.py:105] Total time:    1154.82 min
[20260605 07:28:31 @multi_evo_agent_runner.py:115] Agent_0 gets eval reward: -220.57.
[20260605 07:28:31 @multi_evo_agent_runner.py:116] Agent_0 gets win rate: 0.27.
[20260605 07:28:31 @multi_evo_agent_runner.py:115] Agent_1 gets eval reward: -60.95.
[20260605 07:28:31 @multi_evo_agent_runner.py:116] Agent_1 gets win rate: 0.30.
[20260605 07:28:31 @multi_evo_agent_runner.py:79] #------------------------ Iteration 789 --------------------------#
[20260605 07:29:06 @multi_evo_agent_runner.py:85] Sampling 50000 steps by 12 slaves, spending 35.44 s.
[20260605 07:30:49 @multi_evo_agent_runner.py:94] Policy update, spending: 102.79 s.
[20260605 07:30:58 @multi_evo_agent_runner.py:99] Evaluation time: 9.13 s.
[20260605 07:30:58 @multi_evo_agent_runner.py:105] Total time:    1157.28 min
[20260605 07:30:59 @multi_evo_agent_runner.py:115] Agent_0 gets eval reward: 516.21.
[20260605 07:30:59 @multi_evo_agent_runner.py:116] Agent_0 gets win rate: 0.49.
[20260605 07:30:59 @multi_evo_agent_runner.py:115] Agent_1 gets eval reward: -692.76.
[20260605 07:30:59 @multi_evo_agent_runner.py:116] Agent_1 gets win rate: 0.19.
[20260605 07:30:59 @multi_evo_agent_runner.py:79] #------------------------ Iteration 790 --------------------------#
[20260605 07:31:28 @multi_evo_agent_runner.py:85] Sampling 50000 steps by 12 slaves, spending 29.18 s.
[20260605 07:32:50 @multi_evo_agent_runner.py:94] Policy update, spending: 81.96 s.
[20260605 07:32:54 @multi_evo_agent_runner.py:99] Evaluation time: 3.88 s.
[20260605 07:32:54 @multi_evo_agent_runner.py:105] Total time:    1159.21 min
[20260605 07:32:54 @multi_evo_agent_runner.py:115] Agent_0 gets eval reward: -545.69.
[20260605 07:32:54 @multi_evo_agent_runner.py:116] Agent_0 gets win rate: 0.09.
[20260605 07:32:54 @multi_evo_agent_runner.py:115] Agent_1 gets eval reward: 10.86.
[20260605 07:32:54 @multi_evo_agent_runner.py:116] Agent_1 gets win rate: 0.31.
[20260605 07:32:54 @multi_evo_agent_runner.py:79] #------------------------ Iteration 791 --------------------------#
[20260605 07:33:20 @multi_evo_agent_runner.py:85] Sampling 50000 steps by 12 slaves, spending 26.13 s.
[20260605 07:34:41 @multi_evo_agent_runner.py:94] Policy update, spending: 80.20 s.
[20260605 07:34:44 @multi_evo_agent_runner.py:99] Evaluation time: 3.38 s.
[20260605 07:34:44 @multi_evo_agent_runner.py:105] Total time:    1161.04 min
[20260605 07:34:44 @multi_evo_agent_runner.py:115] Agent_0 gets eval reward: -124.64.
[20260605 07:34:44 @multi_evo_agent_runner.py:116] Agent_0 gets win rate: 0.23.
[20260605 07:34:44 @multi_evo_agent_runner.py:115] Agent_1 gets eval reward: -359.22.
[20260605 07:34:44 @multi_evo_agent_runner.py:116] Agent_1 gets win rate: 0.17.
[20260605 07:34:44 @multi_evo_agent_runner.py:79] #------------------------ Iteration 792 --------------------------#
[20260605 07:35:09 @multi_evo_agent_runner.py:85] Sampling 50000 steps by 12 slaves, spending 25.32 s.
[20260605 07:36:28 @multi_evo_agent_runner.py:94] Policy update, spending: 78.98 s.
[20260605 07:36:32 @multi_evo_agent_runner.py:99] Evaluation time: 4.05 s.
[20260605 07:36:32 @multi_evo_agent_runner.py:105] Total time:    1162.85 min
[20260605 07:36:33 @multi_evo_agent_runner.py:115] Agent_0 gets eval reward: 239.07.
[20260605 07:36:33 @multi_evo_agent_runner.py:116] Agent_0 gets win rate: 0.44.
[20260605 07:36:33 @multi_evo_agent_runner.py:115] Agent_1 gets eval reward: -547.65.
[20260605 07:36:33 @multi_evo_agent_runner.py:116] Agent_1 gets win rate: 0.24.
[20260605 07:36:33 @multi_evo_agent_runner.py:79] #------------------------ Iteration 793 --------------------------#
[20260605 07:36:56 @multi_evo_agent_runner.py:85] Sampling 50000 steps by 12 slaves, spending 23.15 s.
[20260605 07:38:21 @multi_evo_agent_runner.py:94] Policy update, spending: 85.34 s.
[20260605 07:38:25 @multi_evo_agent_runner.py:99] Evaluation time: 3.29 s.
[20260605 07:38:25 @multi_evo_agent_runner.py:105] Total time:    1164.72 min
[20260605 07:38:25 @multi_evo_agent_runner.py:115] Agent_0 gets eval reward: -200.74.
[20260605 07:38:25 @multi_evo_agent_runner.py:116] Agent_0 gets win rate: 0.12.
[20260605 07:38:25 @multi_evo_agent_runner.py:115] Agent_1 gets eval reward: -528.77.
[20260605 07:38:25 @multi_evo_agent_runner.py:116] Agent_1 gets win rate: 0.08.
[20260605 07:38:25 @multi_evo_agent_runner.py:79] #------------------------ Iteration 794 --------------------------#
[20260605 07:38:49 @multi_evo_agent_runner.py:85] Sampling 50000 steps by 12 slaves, spending 24.29 s.
[20260605 07:40:18 @multi_evo_agent_runner.py:94] Policy update, spending: 88.45 s.
[20260605 07:40:21 @multi_evo_agent_runner.py:99] Evaluation time: 3.58 s.
[20260605 07:40:21 @multi_evo_agent_runner.py:105] Total time:    1166.67 min
[20260605 07:40:21 @multi_evo_agent_runner.py:115] Agent_0 gets eval reward: 646.48.
[20260605 07:40:21 @multi_evo_agent_runner.py:116] Agent_0 gets win rate: 0.48.
[20260605 07:40:21 @multi_evo_agent_runner.py:115] Agent_1 gets eval reward: -936.94.
[20260605 07:40:21 @multi_evo_agent_runner.py:116] Agent_1 gets win rate: 0.06.
[20260605 07:40:21 @multi_evo_agent_runner.py:79] #------------------------ Iteration 795 --------------------------#
[20260605 07:40:46 @multi_evo_agent_runner.py:85] Sampling 50000 steps by 12 slaves, spending 25.02 s.
[20260605 07:42:07 @multi_evo_agent_runner.py:94] Policy update, spending: 80.50 s.
[20260605 07:42:10 @multi_evo_agent_runner.py:99] Evaluation time: 3.53 s.
[20260605 07:42:10 @multi_evo_agent_runner.py:105] Total time:    1168.49 min
[20260605 07:42:11 @multi_evo_agent_runner.py:115] Agent_0 gets eval reward: -422.93.
[20260605 07:42:11 @multi_evo_agent_runner.py:116] Agent_0 gets win rate: 0.17.
[20260605 07:42:11 @multi_evo_agent_runner.py:115] Agent_1 gets eval reward: 120.10.
[20260605 07:42:11 @multi_evo_agent_runner.py:116] Agent_1 gets win rate: 0.34.
[20260605 07:42:11 @multi_evo_agent_runner.py:79] #------------------------ Iteration 796 --------------------------#
[20260605 07:42:35 @multi_evo_agent_runner.py:85] Sampling 50000 steps by 12 slaves, spending 24.03 s.
[20260605 07:43:49 @multi_evo_agent_runner.py:94] Policy update, spending: 74.65 s.
[20260605 07:43:54 @multi_evo_agent_runner.py:99] Evaluation time: 4.06 s.
[20260605 07:43:54 @multi_evo_agent_runner.py:105] Total time:    1170.20 min
[20260605 07:43:54 @multi_evo_agent_runner.py:115] Agent_0 gets eval reward: 78.96.
[20260605 07:43:54 @multi_evo_agent_runner.py:116] Agent_0 gets win rate: 0.39.
[20260605 07:43:54 @multi_evo_agent_runner.py:115] Agent_1 gets eval reward: -612.11.
[20260605 07:43:54 @multi_evo_agent_runner.py:116] Agent_1 gets win rate: 0.19.
[20260605 07:43:54 @multi_evo_agent_runner.py:79] #------------------------ Iteration 797 --------------------------#
[20260605 07:44:18 @multi_evo_agent_runner.py:85] Sampling 50000 steps by 12 slaves, spending 24.43 s.
[20260605 07:45:31 @multi_evo_agent_runner.py:94] Policy update, spending: 72.66 s.
[20260605 07:45:34 @multi_evo_agent_runner.py:99] Evaluation time: 3.52 s.
[20260605 07:45:34 @multi_evo_agent_runner.py:105] Total time:    1171.89 min
[20260605 07:45:35 @multi_evo_agent_runner.py:115] Agent_0 gets eval reward: -14.03.
[20260605 07:45:35 @multi_evo_agent_runner.py:116] Agent_0 gets win rate: 0.29.
[20260605 07:45:35 @multi_evo_agent_runner.py:115] Agent_1 gets eval reward: -420.98.
[20260605 07:45:35 @multi_evo_agent_runner.py:116] Agent_1 gets win rate: 0.23.
[20260605 07:45:35 @multi_evo_agent_runner.py:79] #------------------------ Iteration 798 --------------------------#
[20260605 07:46:00 @multi_evo_agent_runner.py:85] Sampling 50000 steps by 12 slaves, spending 25.51 s.
[20260605 07:47:22 @multi_evo_agent_runner.py:94] Policy update, spending: 82.12 s.
[20260605 07:47:26 @multi_evo_agent_runner.py:99] Evaluation time: 3.92 s.
[20260605 07:47:26 @multi_evo_agent_runner.py:105] Total time:    1173.75 min
[20260605 07:47:26 @multi_evo_agent_runner.py:115] Agent_0 gets eval reward: -451.93.
[20260605 07:47:26 @multi_evo_agent_runner.py:116] Agent_0 gets win rate: 0.21.
[20260605 07:47:26 @multi_evo_agent_runner.py:115] Agent_1 gets eval reward: 149.51.
[20260605 07:47:26 @multi_evo_agent_runner.py:116] Agent_1 gets win rate: 0.42.
[20260605 07:47:27 @multi_evo_agent_runner.py:79] #------------------------ Iteration 799 --------------------------#
[20260605 07:47:52 @multi_evo_agent_runner.py:85] Sampling 50000 steps by 12 slaves, spending 25.60 s.
[20260605 07:49:13 @multi_evo_agent_runner.py:94] Policy update, spending: 81.21 s.
[20260605 07:49:17 @multi_evo_agent_runner.py:99] Evaluation time: 3.19 s.
[20260605 07:49:17 @multi_evo_agent_runner.py:105] Total time:    1175.59 min
[20260605 07:49:17 @multi_evo_agent_runner.py:115] Agent_0 gets eval reward: 317.00.
[20260605 07:49:17 @multi_evo_agent_runner.py:116] Agent_0 gets win rate: 0.44.
[20260605 07:49:17 @multi_evo_agent_runner.py:115] Agent_1 gets eval reward: -676.29.
[20260605 07:49:17 @multi_evo_agent_runner.py:116] Agent_1 gets win rate: 0.19.
[20260605 07:49:17 @multi_evo_agent_runner.py:79] #------------------------ Iteration 800 --------------------------#
[20260605 07:49:51 @multi_evo_agent_runner.py:85] Sampling 50000 steps by 12 slaves, spending 34.42 s.
[20260605 07:51:03 @multi_evo_agent_runner.py:94] Policy update, spending: 71.58 s.
[20260605 07:51:07 @multi_evo_agent_runner.py:99] Evaluation time: 4.05 s.
[20260605 07:51:07 @multi_evo_agent_runner.py:105] Total time:    1177.43 min
[20260605 07:51:07 @multi_evo_agent_runner.py:115] Agent_0 gets eval reward: 44.84.
[20260605 07:51:07 @multi_evo_agent_runner.py:116] Agent_0 gets win rate: 0.26.
[20260605 07:51:07 @multi_evo_agent_runner.py:115] Agent_1 gets eval reward: -691.01.
[20260605 07:51:07 @multi_evo_agent_runner.py:116] Agent_1 gets win rate: 0.07.
[20260605 07:51:07 @multi_evo_agent_runner.py:79] #------------------------ Iteration 801 --------------------------#
[20260605 07:51:44 @multi_evo_agent_runner.py:85] Sampling 50000 steps by 12 slaves, spending 36.97 s.
[20260605 07:52:56 @multi_evo_agent_runner.py:94] Policy update, spending: 72.11 s.
[20260605 07:53:00 @multi_evo_agent_runner.py:99] Evaluation time: 4.14 s.
[20260605 07:53:00 @multi_evo_agent_runner.py:105] Total time:    1179.32 min
[20260605 07:53:01 @multi_evo_agent_runner.py:115] Agent_0 gets eval reward: -798.34.
[20260605 07:53:01 @multi_evo_agent_runner.py:116] Agent_0 gets win rate: 0.00.
[20260605 07:53:01 @multi_evo_agent_runner.py:115] Agent_1 gets eval reward: -439.72.
[20260605 07:53:01 @multi_evo_agent_runner.py:116] Agent_1 gets win rate: 0.10.
[20260605 07:53:01 @multi_evo_agent_runner.py:79] #------------------------ Iteration 802 --------------------------#
[20260605 07:53:37 @multi_evo_agent_runner.py:85] Sampling 50000 steps by 12 slaves, spending 36.55 s.
[20260605 07:55:22 @multi_evo_agent_runner.py:94] Policy update, spending: 104.16 s.
[20260605 07:55:28 @multi_evo_agent_runner.py:99] Evaluation time: 6.39 s.
[20260605 07:55:28 @multi_evo_agent_runner.py:105] Total time:    1181.78 min
[20260605 07:55:28 @multi_evo_agent_runner.py:115] Agent_0 gets eval reward: -67.54.
[20260605 07:55:28 @multi_evo_agent_runner.py:116] Agent_0 gets win rate: 0.26.
[20260605 07:55:28 @multi_evo_agent_runner.py:115] Agent_1 gets eval reward: -529.06.
[20260605 07:55:28 @multi_evo_agent_runner.py:116] Agent_1 gets win rate: 0.16.
[20260605 07:55:28 @multi_evo_agent_runner.py:79] #------------------------ Iteration 803 --------------------------#
[20260605 07:56:03 @multi_evo_agent_runner.py:85] Sampling 50000 steps by 12 slaves, spending 34.77 s.
[20260605 07:57:42 @multi_evo_agent_runner.py:94] Policy update, spending: 99.13 s.
[20260605 07:57:49 @multi_evo_agent_runner.py:99] Evaluation time: 6.65 s.
[20260605 07:57:49 @multi_evo_agent_runner.py:105] Total time:    1184.13 min
[20260605 07:57:49 @multi_evo_agent_runner.py:115] Agent_0 gets eval reward: -141.40.
[20260605 07:57:49 @multi_evo_agent_runner.py:116] Agent_0 gets win rate: 0.16.
[20260605 07:57:49 @multi_evo_agent_runner.py:115] Agent_1 gets eval reward: -597.89.
[20260605 07:57:49 @multi_evo_agent_runner.py:116] Agent_1 gets win rate: 0.08.
[20260605 07:57:49 @multi_evo_agent_runner.py:79] #------------------------ Iteration 804 --------------------------#
[20260605 07:58:17 @multi_evo_agent_runner.py:85] Sampling 50000 steps by 12 slaves, spending 28.21 s.
[20260605 07:59:39 @multi_evo_agent_runner.py:94] Policy update, spending: 81.31 s.
[20260605 07:59:43 @multi_evo_agent_runner.py:99] Evaluation time: 4.02 s.
[20260605 07:59:43 @multi_evo_agent_runner.py:105] Total time:    1186.02 min
[20260605 07:59:43 @multi_evo_agent_runner.py:115] Agent_0 gets eval reward: -36.10.
[20260605 07:59:43 @multi_evo_agent_runner.py:116] Agent_0 gets win rate: 0.30.
[20260605 07:59:43 @multi_evo_agent_runner.py:115] Agent_1 gets eval reward: -280.15.
[20260605 07:59:43 @multi_evo_agent_runner.py:116] Agent_1 gets win rate: 0.20.
[20260605 07:59:43 @multi_evo_agent_runner.py:79] #------------------------ Iteration 805 --------------------------#
[20260605 08:00:10 @multi_evo_agent_runner.py:85] Sampling 50000 steps by 12 slaves, spending 26.96 s.
[20260605 08:01:31 @multi_evo_agent_runner.py:94] Policy update, spending: 81.52 s.
[20260605 08:01:36 @multi_evo_agent_runner.py:99] Evaluation time: 4.17 s.
[20260605 08:01:36 @multi_evo_agent_runner.py:105] Total time:    1187.91 min
[20260605 08:01:36 @multi_evo_agent_runner.py:115] Agent_0 gets eval reward: 99.70.
[20260605 08:01:36 @multi_evo_agent_runner.py:116] Agent_0 gets win rate: 0.33.
[20260605 08:01:36 @multi_evo_agent_runner.py:115] Agent_1 gets eval reward: -439.39.
[20260605 08:01:36 @multi_evo_agent_runner.py:116] Agent_1 gets win rate: 0.21.
[20260605 08:01:36 @multi_evo_agent_runner.py:79] #------------------------ Iteration 806 --------------------------#
[20260605 08:02:02 @multi_evo_agent_runner.py:85] Sampling 50000 steps by 12 slaves, spending 25.78 s.
[20260605 08:03:21 @multi_evo_agent_runner.py:94] Policy update, spending: 78.94 s.
[20260605 08:03:25 @multi_evo_agent_runner.py:99] Evaluation time: 4.20 s.
[20260605 08:03:25 @multi_evo_agent_runner.py:105] Total time:    1189.72 min
[20260605 08:03:25 @multi_evo_agent_runner.py:115] Agent_0 gets eval reward: -443.85.
[20260605 08:03:25 @multi_evo_agent_runner.py:116] Agent_0 gets win rate: 0.24.
[20260605 08:03:25 @multi_evo_agent_runner.py:115] Agent_1 gets eval reward: 173.50.
[20260605 08:03:25 @multi_evo_agent_runner.py:116] Agent_1 gets win rate: 0.46.
[20260605 08:03:25 @multi_evo_agent_runner.py:79] #------------------------ Iteration 807 --------------------------#
[20260605 08:03:50 @multi_evo_agent_runner.py:85] Sampling 50000 steps by 12 slaves, spending 25.12 s.
[20260605 08:05:14 @multi_evo_agent_runner.py:94] Policy update, spending: 83.59 s.
[20260605 08:05:18 @multi_evo_agent_runner.py:99] Evaluation time: 3.90 s.
[20260605 08:05:18 @multi_evo_agent_runner.py:105] Total time:    1191.61 min
[20260605 08:05:18 @multi_evo_agent_runner.py:115] Agent_0 gets eval reward: 703.22.
[20260605 08:05:18 @multi_evo_agent_runner.py:116] Agent_0 gets win rate: 0.48.
[20260605 08:05:18 @multi_evo_agent_runner.py:115] Agent_1 gets eval reward: -988.19.
[20260605 08:05:18 @multi_evo_agent_runner.py:116] Agent_1 gets win rate: 0.07.
[20260605 08:05:18 @multi_evo_agent_runner.py:79] #------------------------ Iteration 808 --------------------------#
[20260605 08:05:43 @multi_evo_agent_runner.py:85] Sampling 50000 steps by 12 slaves, spending 25.24 s.
[20260605 08:06:58 @multi_evo_agent_runner.py:94] Policy update, spending: 74.77 s.
[20260605 08:07:02 @multi_evo_agent_runner.py:99] Evaluation time: 3.71 s.
[20260605 08:07:02 @multi_evo_agent_runner.py:105] Total time:    1193.34 min
[20260605 08:07:02 @multi_evo_agent_runner.py:115] Agent_0 gets eval reward: -319.15.
[20260605 08:07:02 @multi_evo_agent_runner.py:116] Agent_0 gets win rate: 0.21.
[20260605 08:07:02 @multi_evo_agent_runner.py:115] Agent_1 gets eval reward: -370.66.
[20260605 08:07:02 @multi_evo_agent_runner.py:116] Agent_1 gets win rate: 0.24.
[20260605 08:07:02 @multi_evo_agent_runner.py:79] #------------------------ Iteration 809 --------------------------#
[20260605 08:07:25 @multi_evo_agent_runner.py:85] Sampling 50000 steps by 12 slaves, spending 23.08 s.
[20260605 08:08:57 @multi_evo_agent_runner.py:94] Policy update, spending: 92.29 s.
[20260605 08:09:00 @multi_evo_agent_runner.py:99] Evaluation time: 3.02 s.
[20260605 08:09:00 @multi_evo_agent_runner.py:105] Total time:    1195.32 min
[20260605 08:09:00 @multi_evo_agent_runner.py:115] Agent_0 gets eval reward: 131.17.
[20260605 08:09:00 @multi_evo_agent_runner.py:116] Agent_0 gets win rate: 0.39.
[20260605 08:09:00 @multi_evo_agent_runner.py:115] Agent_1 gets eval reward: -495.98.
[20260605 08:09:00 @multi_evo_agent_runner.py:116] Agent_1 gets win rate: 0.23.
[20260605 08:09:01 @multi_evo_agent_runner.py:79] #------------------------ Iteration 810 --------------------------#
[20260605 08:09:26 @multi_evo_agent_runner.py:85] Sampling 50000 steps by 12 slaves, spending 25.35 s.
[20260605 08:10:40 @multi_evo_agent_runner.py:94] Policy update, spending: 74.52 s.
[20260605 08:10:45 @multi_evo_agent_runner.py:99] Evaluation time: 4.13 s.
[20260605 08:10:45 @multi_evo_agent_runner.py:105] Total time:    1197.06 min
[20260605 08:10:45 @multi_evo_agent_runner.py:115] Agent_0 gets eval reward: -398.79.
[20260605 08:10:45 @multi_evo_agent_runner.py:116] Agent_0 gets win rate: 0.12.
[20260605 08:10:45 @multi_evo_agent_runner.py:115] Agent_1 gets eval reward: -487.07.
[20260605 08:10:45 @multi_evo_agent_runner.py:116] Agent_1 gets win rate: 0.12.
[20260605 08:10:45 @multi_evo_agent_runner.py:79] #------------------------ Iteration 811 --------------------------#
[20260605 08:11:11 @multi_evo_agent_runner.py:85] Sampling 50000 steps by 12 slaves, spending 25.75 s.
[20260605 08:12:29 @multi_evo_agent_runner.py:94] Policy update, spending: 78.52 s.
[20260605 08:12:33 @multi_evo_agent_runner.py:99] Evaluation time: 4.33 s.
[20260605 08:12:33 @multi_evo_agent_runner.py:105] Total time:    1198.87 min
[20260605 08:12:34 @multi_evo_agent_runner.py:115] Agent_0 gets eval reward: 89.62.
[20260605 08:12:34 @multi_evo_agent_runner.py:116] Agent_0 gets win rate: 0.31.
[20260605 08:12:34 @multi_evo_agent_runner.py:115] Agent_1 gets eval reward: -787.81.
[20260605 08:12:34 @multi_evo_agent_runner.py:116] Agent_1 gets win rate: 0.10.
[20260605 08:12:34 @multi_evo_agent_runner.py:79] #------------------------ Iteration 812 --------------------------#
[20260605 08:12:56 @multi_evo_agent_runner.py:85] Sampling 50000 steps by 12 slaves, spending 22.08 s.
[20260605 08:14:13 @multi_evo_agent_runner.py:94] Policy update, spending: 77.20 s.
[20260605 08:14:17 @multi_evo_agent_runner.py:99] Evaluation time: 3.78 s.
[20260605 08:14:17 @multi_evo_agent_runner.py:105] Total time:    1200.59 min
[20260605 08:14:17 @multi_evo_agent_runner.py:115] Agent_0 gets eval reward: -409.19.
[20260605 08:14:17 @multi_evo_agent_runner.py:116] Agent_0 gets win rate: 0.12.
[20260605 08:14:17 @multi_evo_agent_runner.py:115] Agent_1 gets eval reward: -451.13.
[20260605 08:14:17 @multi_evo_agent_runner.py:116] Agent_1 gets win rate: 0.15.
[20260605 08:14:17 @multi_evo_agent_runner.py:79] #------------------------ Iteration 813 --------------------------#
[20260605 08:14:43 @multi_evo_agent_runner.py:85] Sampling 50000 steps by 12 slaves, spending 26.36 s.
[20260605 08:15:59 @multi_evo_agent_runner.py:94] Policy update, spending: 76.05 s.
[20260605 08:16:03 @multi_evo_agent_runner.py:99] Evaluation time: 3.74 s.
[20260605 08:16:03 @multi_evo_agent_runner.py:105] Total time:    1202.37 min
[20260605 08:16:03 @multi_evo_agent_runner.py:115] Agent_0 gets eval reward: -103.21.
[20260605 08:16:03 @multi_evo_agent_runner.py:116] Agent_0 gets win rate: 0.27.
[20260605 08:16:03 @multi_evo_agent_runner.py:115] Agent_1 gets eval reward: -608.24.
[20260605 08:16:03 @multi_evo_agent_runner.py:116] Agent_1 gets win rate: 0.15.
[20260605 08:16:04 @multi_evo_agent_runner.py:79] #------------------------ Iteration 814 --------------------------#
[20260605 08:16:29 @multi_evo_agent_runner.py:85] Sampling 50000 steps by 12 slaves, spending 25.78 s.
[20260605 08:18:08 @multi_evo_agent_runner.py:94] Policy update, spending: 98.69 s.
[20260605 08:18:11 @multi_evo_agent_runner.py:99] Evaluation time: 3.17 s.
[20260605 08:18:11 @multi_evo_agent_runner.py:105] Total time:    1204.50 min
[20260605 08:18:11 @multi_evo_agent_runner.py:115] Agent_0 gets eval reward: -264.11.
[20260605 08:18:11 @multi_evo_agent_runner.py:116] Agent_0 gets win rate: 0.13.
[20260605 08:18:11 @multi_evo_agent_runner.py:115] Agent_1 gets eval reward: -655.06.
[20260605 08:18:11 @multi_evo_agent_runner.py:116] Agent_1 gets win rate: 0.09.
[20260605 08:18:11 @multi_evo_agent_runner.py:79] #------------------------ Iteration 815 --------------------------#
[20260605 08:18:40 @multi_evo_agent_runner.py:85] Sampling 50000 steps by 12 slaves, spending 28.35 s.
[20260605 08:20:05 @multi_evo_agent_runner.py:94] Policy update, spending: 84.94 s.
[20260605 08:20:08 @multi_evo_agent_runner.py:99] Evaluation time: 3.22 s.
[20260605 08:20:08 @multi_evo_agent_runner.py:105] Total time:    1206.44 min
[20260605 08:20:08 @multi_evo_agent_runner.py:115] Agent_0 gets eval reward: 181.39.
[20260605 08:20:08 @multi_evo_agent_runner.py:116] Agent_0 gets win rate: 0.30.
[20260605 08:20:08 @multi_evo_agent_runner.py:115] Agent_1 gets eval reward: -630.33.
[20260605 08:20:08 @multi_evo_agent_runner.py:116] Agent_1 gets win rate: 0.11.
[20260605 08:20:08 @multi_evo_agent_runner.py:79] #------------------------ Iteration 816 --------------------------#
[20260605 08:20:43 @multi_evo_agent_runner.py:85] Sampling 50000 steps by 12 slaves, spending 34.64 s.
[20260605 08:21:59 @multi_evo_agent_runner.py:94] Policy update, spending: 76.15 s.
[20260605 08:22:02 @multi_evo_agent_runner.py:99] Evaluation time: 3.38 s.
[20260605 08:22:02 @multi_evo_agent_runner.py:105] Total time:    1208.35 min
[20260605 08:22:03 @multi_evo_agent_runner.py:115] Agent_0 gets eval reward: -11.31.
[20260605 08:22:03 @multi_evo_agent_runner.py:116] Agent_0 gets win rate: 0.33.
[20260605 08:22:03 @multi_evo_agent_runner.py:115] Agent_1 gets eval reward: -436.61.
[20260605 08:22:03 @multi_evo_agent_runner.py:116] Agent_1 gets win rate: 0.24.
[20260605 08:22:03 @multi_evo_agent_runner.py:79] #------------------------ Iteration 817 --------------------------#
[20260605 08:22:42 @multi_evo_agent_runner.py:85] Sampling 50000 steps by 12 slaves, spending 38.87 s.
[20260605 08:23:53 @multi_evo_agent_runner.py:94] Policy update, spending: 71.58 s.
[20260605 08:23:57 @multi_evo_agent_runner.py:99] Evaluation time: 3.41 s.
[20260605 08:23:57 @multi_evo_agent_runner.py:105] Total time:    1210.25 min
[20260605 08:23:57 @multi_evo_agent_runner.py:115] Agent_0 gets eval reward: -421.12.
[20260605 08:23:57 @multi_evo_agent_runner.py:116] Agent_0 gets win rate: 0.11.
[20260605 08:23:57 @multi_evo_agent_runner.py:115] Agent_1 gets eval reward: -133.88.
[20260605 08:23:57 @multi_evo_agent_runner.py:116] Agent_1 gets win rate: 0.22.
[20260605 08:23:57 @multi_evo_agent_runner.py:79] #------------------------ Iteration 818 --------------------------#
[20260605 08:24:37 @multi_evo_agent_runner.py:85] Sampling 50000 steps by 12 slaves, spending 39.78 s.
[20260605 08:26:26 @multi_evo_agent_runner.py:94] Policy update, spending: 109.04 s.
[20260605 08:26:34 @multi_evo_agent_runner.py:99] Evaluation time: 8.80 s.
[20260605 08:26:34 @multi_evo_agent_runner.py:105] Total time:    1212.89 min
[20260605 08:26:35 @multi_evo_agent_runner.py:115] Agent_0 gets eval reward: -117.12.
[20260605 08:26:35 @multi_evo_agent_runner.py:116] Agent_0 gets win rate: 0.31.
[20260605 08:26:35 @multi_evo_agent_runner.py:115] Agent_1 gets eval reward: -460.87.
[20260605 08:26:35 @multi_evo_agent_runner.py:116] Agent_1 gets win rate: 0.22.
[20260605 08:26:35 @multi_evo_agent_runner.py:79] #------------------------ Iteration 819 --------------------------#
[20260605 08:27:05 @multi_evo_agent_runner.py:85] Sampling 50000 steps by 12 slaves, spending 30.12 s.
[20260605 08:28:34 @multi_evo_agent_runner.py:94] Policy update, spending: 89.14 s.
[20260605 08:28:43 @multi_evo_agent_runner.py:99] Evaluation time: 8.35 s.
[20260605 08:28:43 @multi_evo_agent_runner.py:105] Total time:    1215.02 min
[20260605 08:28:43 @multi_evo_agent_runner.py:115] Agent_0 gets eval reward: -432.44.
[20260605 08:28:43 @multi_evo_agent_runner.py:116] Agent_0 gets win rate: 0.05.
[20260605 08:28:43 @multi_evo_agent_runner.py:115] Agent_1 gets eval reward: -676.02.
[20260605 08:28:43 @multi_evo_agent_runner.py:116] Agent_1 gets win rate: 0.05.
[20260605 08:28:43 @multi_evo_agent_runner.py:79] #------------------------ Iteration 820 --------------------------#
[20260605 08:29:08 @multi_evo_agent_runner.py:85] Sampling 50000 steps by 12 slaves, spending 24.56 s.
[20260605 08:30:22 @multi_evo_agent_runner.py:94] Policy update, spending: 74.66 s.
[20260605 08:30:28 @multi_evo_agent_runner.py:99] Evaluation time: 5.99 s.
[20260605 08:30:28 @multi_evo_agent_runner.py:105] Total time:    1216.78 min
[20260605 08:30:29 @multi_evo_agent_runner.py:115] Agent_0 gets eval reward: -160.79.
[20260605 08:30:29 @multi_evo_agent_runner.py:116] Agent_0 gets win rate: 0.28.
[20260605 08:30:29 @multi_evo_agent_runner.py:115] Agent_1 gets eval reward: -321.09.
[20260605 08:30:29 @multi_evo_agent_runner.py:116] Agent_1 gets win rate: 0.28.
[20260605 08:30:29 @multi_evo_agent_runner.py:79] #------------------------ Iteration 821 --------------------------#
[20260605 08:30:56 @multi_evo_agent_runner.py:85] Sampling 50000 steps by 12 slaves, spending 27.25 s.
[20260605 08:32:15 @multi_evo_agent_runner.py:94] Policy update, spending: 78.69 s.
[20260605 08:32:21 @multi_evo_agent_runner.py:99] Evaluation time: 6.48 s.
[20260605 08:32:21 @multi_evo_agent_runner.py:105] Total time:    1218.66 min
[20260605 08:32:21 @multi_evo_agent_runner.py:115] Agent_0 gets eval reward: -77.65.
[20260605 08:32:21 @multi_evo_agent_runner.py:116] Agent_0 gets win rate: 0.29.
[20260605 08:32:21 @multi_evo_agent_runner.py:115] Agent_1 gets eval reward: -178.15.
[20260605 08:32:21 @multi_evo_agent_runner.py:116] Agent_1 gets win rate: 0.29.
[20260605 08:32:21 @multi_evo_agent_runner.py:79] #------------------------ Iteration 822 --------------------------#
[20260605 08:32:48 @multi_evo_agent_runner.py:85] Sampling 50000 steps by 12 slaves, spending 26.88 s.
[20260605 08:34:09 @multi_evo_agent_runner.py:94] Policy update, spending: 80.51 s.
[20260605 08:34:13 @multi_evo_agent_runner.py:99] Evaluation time: 4.42 s.
[20260605 08:34:13 @multi_evo_agent_runner.py:105] Total time:    1220.53 min
[20260605 08:34:13 @multi_evo_agent_runner.py:115] Agent_0 gets eval reward: 273.17.
[20260605 08:34:13 @multi_evo_agent_runner.py:116] Agent_0 gets win rate: 0.41.
[20260605 08:34:13 @multi_evo_agent_runner.py:115] Agent_1 gets eval reward: -608.35.
[20260605 08:34:13 @multi_evo_agent_runner.py:116] Agent_1 gets win rate: 0.21.
[20260605 08:34:13 @multi_evo_agent_runner.py:79] #------------------------ Iteration 823 --------------------------#
[20260605 08:34:40 @multi_evo_agent_runner.py:85] Sampling 50000 steps by 12 slaves, spending 26.29 s.
[20260605 08:35:58 @multi_evo_agent_runner.py:94] Policy update, spending: 77.87 s.
[20260605 08:36:01 @multi_evo_agent_runner.py:99] Evaluation time: 3.60 s.
[20260605 08:36:01 @multi_evo_agent_runner.py:105] Total time:    1222.33 min
[20260605 08:36:01 @multi_evo_agent_runner.py:115] Agent_0 gets eval reward: -363.00.
[20260605 08:36:01 @multi_evo_agent_runner.py:116] Agent_0 gets win rate: 0.17.
[20260605 08:36:01 @multi_evo_agent_runner.py:115] Agent_1 gets eval reward: -459.22.
[20260605 08:36:01 @multi_evo_agent_runner.py:116] Agent_1 gets win rate: 0.17.
[20260605 08:36:02 @multi_evo_agent_runner.py:79] #------------------------ Iteration 824 --------------------------#
[20260605 08:36:28 @multi_evo_agent_runner.py:85] Sampling 50000 steps by 12 slaves, spending 26.26 s.
[20260605 08:37:45 @multi_evo_agent_runner.py:94] Policy update, spending: 77.41 s.
[20260605 08:37:49 @multi_evo_agent_runner.py:99] Evaluation time: 3.69 s.
[20260605 08:37:49 @multi_evo_agent_runner.py:105] Total time:    1224.13 min
[20260605 08:37:49 @multi_evo_agent_runner.py:115] Agent_0 gets eval reward: -384.52.
[20260605 08:37:49 @multi_evo_agent_runner.py:116] Agent_0 gets win rate: 0.12.
[20260605 08:37:49 @multi_evo_agent_runner.py:115] Agent_1 gets eval reward: -392.61.
[20260605 08:37:49 @multi_evo_agent_runner.py:116] Agent_1 gets win rate: 0.17.
[20260605 08:37:49 @multi_evo_agent_runner.py:79] #------------------------ Iteration 825 --------------------------#
[20260605 08:38:16 @multi_evo_agent_runner.py:85] Sampling 50000 steps by 12 slaves, spending 26.44 s.
[20260605 08:39:37 @multi_evo_agent_runner.py:94] Policy update, spending: 81.82 s.
[20260605 08:39:41 @multi_evo_agent_runner.py:99] Evaluation time: 3.32 s.
[20260605 08:39:41 @multi_evo_agent_runner.py:105] Total time:    1225.99 min
[20260605 08:39:41 @multi_evo_agent_runner.py:115] Agent_0 gets eval reward: -327.22.
[20260605 08:39:41 @multi_evo_agent_runner.py:116] Agent_0 gets win rate: 0.05.
[20260605 08:39:41 @multi_evo_agent_runner.py:115] Agent_1 gets eval reward: -698.04.
[20260605 08:39:41 @multi_evo_agent_runner.py:116] Agent_1 gets win rate: 0.00.
[20260605 08:39:41 @multi_evo_agent_runner.py:79] #------------------------ Iteration 826 --------------------------#
[20260605 08:40:08 @multi_evo_agent_runner.py:85] Sampling 50000 steps by 12 slaves, spending 26.73 s.
[20260605 08:41:41 @multi_evo_agent_runner.py:94] Policy update, spending: 93.61 s.
[20260605 08:41:46 @multi_evo_agent_runner.py:99] Evaluation time: 4.34 s.
[20260605 08:41:46 @multi_evo_agent_runner.py:105] Total time:    1228.07 min
[20260605 08:41:46 @multi_evo_agent_runner.py:115] Agent_0 gets eval reward: -406.23.
[20260605 08:41:46 @multi_evo_agent_runner.py:116] Agent_0 gets win rate: 0.15.
[20260605 08:41:46 @multi_evo_agent_runner.py:115] Agent_1 gets eval reward: -336.23.
[20260605 08:41:46 @multi_evo_agent_runner.py:116] Agent_1 gets win rate: 0.19.
[20260605 08:41:46 @multi_evo_agent_runner.py:79] #------------------------ Iteration 827 --------------------------#
[20260605 08:42:10 @multi_evo_agent_runner.py:85] Sampling 50000 steps by 12 slaves, spending 24.39 s.
/home/user/Data/miniconda3/envs/EAI/lib/python3.11/site-packages/gymnasium/spaces/box.py:130: UserWarning: [33mWARN: Box bound precision lowered by casting to float32[0m
  gym.logger.warn(f"Box bound precision lowered by casting to {self.dtype}")
/tmp/tmpehu9i88y: line 3: 1062714 Segmentation fault      (core dumped) python train.py --cfg config/repro/unified-devant-training.yaml --ckpt_dir tmp/robo-sumo-devants-v0/base-rtg-fixed-epoch100-20260603_183245/models --ckpt best --num_threads 12 --use_cuda True --gpu_index 0 --game_mode two_player --morph_optim_agents all --run_label formal-parallel-20260603_1950-tp-morph
ERROR conda.cli.main_run:execute(148): `conda run python train.py --cfg config/repro/unified-devant-training.yaml --ckpt_dir tmp/robo-sumo-devants-v0/base-rtg-fixed-epoch100-20260603_183245/models --ckpt best --num_threads 12 --use_cuda True --gpu_index 0 --game_mode two_player --morph_optim_agents all --run_label formal-parallel-20260603_1950-tp-morph` failed. (See above for error)
