[20260602 05:14:13 @logger.py:79] Hardware info: x86_64
[20260602 05:14:13 @logger.py:80] Device info: sgh
[20260602 05:14:13 @logger.py:81] Platform info: Linux-6.17.0-29-generic-x86_64-with-glibc2.39
[20260602 05:14:13 @logger.py:82] System info: Linux
[20260602 05:14:13 @logger.py:83] Current Python version: 3.11.4
[20260602 05:14:13 @train.py:51] CRITICAL The current environment is robo-sumo-devants-v0.
[20260602 05:14:13 @train.py:52] Running directory: ./tmp/robo-sumo-devants-v0/20260602_051413
[20260602 05:14:13 @train.py:53] Type of current running: Training
[20260602 05:14:13 @logger.py:107] Log file set to ./tmp/robo-sumo-devants-v0/20260602_051413/log/robo-sumo-devants-v0-20260602_051413.log
Config file is saved at ./tmp/robo-sumo-devants-v0/20260602_051413/config.yml
[20260602 05:14:13 @multi_evo_agent_runner.py:476] loading agent_0 model from checkpoint: tmp/robo-sumo-devants-v0/20260602_035555/models/agent_0/epoch_0100.p
[20260602 05:14:13 @multi_evo_agent_runner.py:476] loading agent_1 model from checkpoint: tmp/robo-sumo-devants-v0/20260602_035555/models/agent_1/epoch_0100.p
[20260602 05:14:13 @base_runner.py:50] Checkpoint tmp/robo-sumo-devants-v0/20260602_035555/models/agent_0/epoch_0100.p copied successfully to ./tmp/robo-sumo-devants-v0/20260602_051413/models/agent_0/epoch_0000.p
[20260602 05:14:13 @base_runner.py:50] Checkpoint tmp/robo-sumo-devants-v0/20260602_035555/models/agent_1/epoch_0100.p copied successfully to ./tmp/robo-sumo-devants-v0/20260602_051413/models/agent_1/epoch_0000.p
[20260602 05:14:13 @multi_evo_agent_runner.py:79] #------------------------ Iteration 0 --------------------------#
[20260602 05:14:28 @multi_evo_agent_runner.py:85] Sampling 50000 steps by 50 slaves, spending 15.01 s.
[20260602 05:14:58 @multi_evo_agent_runner.py:94] Policy update, spending: 29.92 s.
[20260602 05:15:00 @multi_evo_agent_runner.py:99] Evaluation time: 2.01 s.
[20260602 05:15:00 @multi_evo_agent_runner.py:105] Total time:       0.78 min
[20260602 05:15:00 @multi_evo_agent_runner.py:115] Agent_0 gets eval reward: 216.53.
[20260602 05:15:00 @multi_evo_agent_runner.py:116] Agent_0 gets win rate: 0.46.
[20260602 05:15:00 @multi_evo_agent_runner.py:115] Agent_1 gets eval reward: 538.90.
[20260602 05:15:00 @multi_evo_agent_runner.py:116] Agent_1 gets win rate: 0.41.
[20260602 05:15:00 @multi_evo_agent_runner.py:503] CRITICAL save best checkpoint with agent_0's rewards 216.53!
[20260602 05:15:00 @multi_evo_agent_runner.py:503] CRITICAL save best checkpoint with agent_1's rewards 538.90!
[20260602 05:15:00 @multi_evo_agent_runner.py:79] #------------------------ Iteration 1 --------------------------#
[20260602 05:15:15 @multi_evo_agent_runner.py:85] Sampling 50000 steps by 50 slaves, spending 15.24 s.
[20260602 05:15:43 @multi_evo_agent_runner.py:94] Policy update, spending: 28.01 s.
[20260602 05:15:46 @multi_evo_agent_runner.py:99] Evaluation time: 2.43 s.
[20260602 05:15:46 @multi_evo_agent_runner.py:105] Total time:       1.55 min
[20260602 05:15:46 @multi_evo_agent_runner.py:115] Agent_0 gets eval reward: 229.78.
[20260602 05:15:46 @multi_evo_agent_runner.py:116] Agent_0 gets win rate: 0.53.
[20260602 05:15:46 @multi_evo_agent_runner.py:115] Agent_1 gets eval reward: 941.48.
[20260602 05:15:46 @multi_evo_agent_runner.py:116] Agent_1 gets win rate: 0.19.
[20260602 05:15:46 @multi_evo_agent_runner.py:503] CRITICAL save best checkpoint with agent_0's rewards 229.78!
[20260602 05:15:46 @multi_evo_agent_runner.py:503] CRITICAL save best checkpoint with agent_1's rewards 941.48!
[20260602 05:15:46 @multi_evo_agent_runner.py:79] #------------------------ Iteration 2 --------------------------#
[20260602 05:16:02 @multi_evo_agent_runner.py:85] Sampling 50000 steps by 50 slaves, spending 15.92 s.
[20260602 05:16:31 @multi_evo_agent_runner.py:94] Policy update, spending: 28.77 s.
[20260602 05:16:33 @multi_evo_agent_runner.py:99] Evaluation time: 2.19 s.
[20260602 05:16:33 @multi_evo_agent_runner.py:105] Total time:       2.33 min
[20260602 05:16:33 @multi_evo_agent_runner.py:115] Agent_0 gets eval reward: 808.19.
[20260602 05:16:33 @multi_evo_agent_runner.py:116] Agent_0 gets win rate: 0.41.
[20260602 05:16:33 @multi_evo_agent_runner.py:115] Agent_1 gets eval reward: 495.97.
[20260602 05:16:33 @multi_evo_agent_runner.py:116] Agent_1 gets win rate: 0.29.
[20260602 05:16:33 @multi_evo_agent_runner.py:503] CRITICAL save best checkpoint with agent_0's rewards 808.19!
[20260602 05:16:33 @multi_evo_agent_runner.py:503] CRITICAL save best checkpoint with agent_1's rewards 495.97!
[20260602 05:16:33 @multi_evo_agent_runner.py:79] #------------------------ Iteration 3 --------------------------#
[20260602 05:16:49 @multi_evo_agent_runner.py:85] Sampling 50000 steps by 50 slaves, spending 15.84 s.
[20260602 05:17:18 @multi_evo_agent_runner.py:94] Policy update, spending: 29.30 s.
[20260602 05:17:21 @multi_evo_agent_runner.py:99] Evaluation time: 2.45 s.
[20260602 05:17:21 @multi_evo_agent_runner.py:105] Total time:       3.13 min
[20260602 05:17:21 @multi_evo_agent_runner.py:115] Agent_0 gets eval reward: 1285.11.
[20260602 05:17:21 @multi_evo_agent_runner.py:116] Agent_0 gets win rate: 0.24.
[20260602 05:17:21 @multi_evo_agent_runner.py:115] Agent_1 gets eval reward: 449.29.
[20260602 05:17:21 @multi_evo_agent_runner.py:116] Agent_1 gets win rate: 0.26.
[20260602 05:17:21 @multi_evo_agent_runner.py:503] CRITICAL save best checkpoint with agent_0's rewards 1285.11!
[20260602 05:17:21 @multi_evo_agent_runner.py:79] #------------------------ Iteration 4 --------------------------#
[20260602 05:17:37 @multi_evo_agent_runner.py:85] Sampling 50000 steps by 50 slaves, spending 16.18 s.
[20260602 05:18:06 @multi_evo_agent_runner.py:94] Policy update, spending: 29.20 s.
[20260602 05:18:08 @multi_evo_agent_runner.py:99] Evaluation time: 2.19 s.
[20260602 05:18:08 @multi_evo_agent_runner.py:105] Total time:       3.93 min
[20260602 05:18:09 @multi_evo_agent_runner.py:115] Agent_0 gets eval reward: 413.58.
[20260602 05:18:09 @multi_evo_agent_runner.py:116] Agent_0 gets win rate: 0.59.
[20260602 05:18:09 @multi_evo_agent_runner.py:115] Agent_1 gets eval reward: 844.61.
[20260602 05:18:09 @multi_evo_agent_runner.py:116] Agent_1 gets win rate: 0.18.
[20260602 05:18:09 @multi_evo_agent_runner.py:503] CRITICAL save best checkpoint with agent_0's rewards 413.58!
[20260602 05:18:09 @multi_evo_agent_runner.py:503] CRITICAL save best checkpoint with agent_1's rewards 844.61!
[20260602 05:18:09 @multi_evo_agent_runner.py:79] #------------------------ Iteration 5 --------------------------#
[20260602 05:18:24 @multi_evo_agent_runner.py:85] Sampling 50000 steps by 50 slaves, spending 15.21 s.
[20260602 05:18:53 @multi_evo_agent_runner.py:94] Policy update, spending: 28.96 s.
[20260602 05:18:55 @multi_evo_agent_runner.py:99] Evaluation time: 2.40 s.
[20260602 05:18:55 @multi_evo_agent_runner.py:105] Total time:       4.71 min
[20260602 05:18:55 @multi_evo_agent_runner.py:115] Agent_0 gets eval reward: 458.74.
[20260602 05:18:55 @multi_evo_agent_runner.py:116] Agent_0 gets win rate: 0.36.
[20260602 05:18:55 @multi_evo_agent_runner.py:115] Agent_1 gets eval reward: 563.17.
[20260602 05:18:55 @multi_evo_agent_runner.py:116] Agent_1 gets win rate: 0.28.
[20260602 05:18:55 @multi_evo_agent_runner.py:503] CRITICAL save best checkpoint with agent_0's rewards 458.74!
[20260602 05:18:55 @multi_evo_agent_runner.py:503] CRITICAL save best checkpoint with agent_1's rewards 563.17!
[20260602 05:18:55 @multi_evo_agent_runner.py:79] #------------------------ Iteration 6 --------------------------#
[20260602 05:19:11 @multi_evo_agent_runner.py:85] Sampling 50000 steps by 50 slaves, spending 15.64 s.
[20260602 05:19:40 @multi_evo_agent_runner.py:94] Policy update, spending: 28.42 s.
[20260602 05:19:42 @multi_evo_agent_runner.py:99] Evaluation time: 2.35 s.
[20260602 05:19:42 @multi_evo_agent_runner.py:105] Total time:       5.49 min
[20260602 05:19:42 @multi_evo_agent_runner.py:115] Agent_0 gets eval reward: 1285.49.
[20260602 05:19:42 @multi_evo_agent_runner.py:116] Agent_0 gets win rate: 0.32.
[20260602 05:19:42 @multi_evo_agent_runner.py:115] Agent_1 gets eval reward: 246.91.
[20260602 05:19:42 @multi_evo_agent_runner.py:116] Agent_1 gets win rate: 0.49.
[20260602 05:19:42 @multi_evo_agent_runner.py:503] CRITICAL save best checkpoint with agent_0's rewards 1285.49!
[20260602 05:19:42 @multi_evo_agent_runner.py:503] CRITICAL save best checkpoint with agent_1's rewards 246.91!
[20260602 05:19:42 @multi_evo_agent_runner.py:79] #------------------------ Iteration 7 --------------------------#
[20260602 05:19:58 @multi_evo_agent_runner.py:85] Sampling 50000 steps by 50 slaves, spending 15.60 s.
[20260602 05:20:28 @multi_evo_agent_runner.py:94] Policy update, spending: 29.83 s.
[20260602 05:20:30 @multi_evo_agent_runner.py:99] Evaluation time: 2.46 s.
[20260602 05:20:30 @multi_evo_agent_runner.py:105] Total time:       6.29 min
[20260602 05:20:30 @multi_evo_agent_runner.py:115] Agent_0 gets eval reward: 382.14.
[20260602 05:20:30 @multi_evo_agent_runner.py:116] Agent_0 gets win rate: 0.63.
[20260602 05:20:30 @multi_evo_agent_runner.py:115] Agent_1 gets eval reward: 803.50.
[20260602 05:20:30 @multi_evo_agent_runner.py:116] Agent_1 gets win rate: 0.30.
[20260602 05:20:30 @multi_evo_agent_runner.py:503] CRITICAL save best checkpoint with agent_0's rewards 382.14!
[20260602 05:20:30 @multi_evo_agent_runner.py:503] CRITICAL save best checkpoint with agent_1's rewards 803.50!
[20260602 05:20:30 @multi_evo_agent_runner.py:79] #------------------------ Iteration 8 --------------------------#
[20260602 05:20:45 @multi_evo_agent_runner.py:85] Sampling 50000 steps by 50 slaves, spending 15.10 s.
[20260602 05:21:14 @multi_evo_agent_runner.py:94] Policy update, spending: 28.38 s.
[20260602 05:21:16 @multi_evo_agent_runner.py:99] Evaluation time: 2.00 s.
[20260602 05:21:16 @multi_evo_agent_runner.py:105] Total time:       7.05 min
[20260602 05:21:16 @multi_evo_agent_runner.py:115] Agent_0 gets eval reward: 1549.12.
[20260602 05:21:16 @multi_evo_agent_runner.py:116] Agent_0 gets win rate: 0.41.
[20260602 05:21:16 @multi_evo_agent_runner.py:115] Agent_1 gets eval reward: 77.62.
[20260602 05:21:16 @multi_evo_agent_runner.py:116] Agent_1 gets win rate: 0.28.
[20260602 05:21:16 @multi_evo_agent_runner.py:503] CRITICAL save best checkpoint with agent_0's rewards 1549.12!
[20260602 05:21:16 @multi_evo_agent_runner.py:79] #------------------------ Iteration 9 --------------------------#
[20260602 05:21:32 @multi_evo_agent_runner.py:85] Sampling 50000 steps by 50 slaves, spending 15.62 s.
[20260602 05:22:02 @multi_evo_agent_runner.py:94] Policy update, spending: 29.91 s.
[20260602 05:22:04 @multi_evo_agent_runner.py:99] Evaluation time: 1.90 s.
[20260602 05:22:04 @multi_evo_agent_runner.py:105] Total time:       7.85 min
[20260602 05:22:04 @multi_evo_agent_runner.py:115] Agent_0 gets eval reward: 1425.72.
[20260602 05:22:04 @multi_evo_agent_runner.py:116] Agent_0 gets win rate: 0.27.
[20260602 05:22:04 @multi_evo_agent_runner.py:115] Agent_1 gets eval reward: 1112.73.
[20260602 05:22:04 @multi_evo_agent_runner.py:116] Agent_1 gets win rate: 0.23.
[20260602 05:22:04 @multi_evo_agent_runner.py:503] CRITICAL save best checkpoint with agent_1's rewards 1112.73!
[20260602 05:22:04 @multi_evo_agent_runner.py:79] #------------------------ Iteration 10 --------------------------#
[20260602 05:22:19 @multi_evo_agent_runner.py:85] Sampling 50000 steps by 50 slaves, spending 15.66 s.
[20260602 05:22:48 @multi_evo_agent_runner.py:94] Policy update, spending: 29.01 s.
[20260602 05:22:51 @multi_evo_agent_runner.py:99] Evaluation time: 2.16 s.
[20260602 05:22:51 @multi_evo_agent_runner.py:105] Total time:       8.63 min
[20260602 05:22:51 @multi_evo_agent_runner.py:115] Agent_0 gets eval reward: 1018.97.
[20260602 05:22:51 @multi_evo_agent_runner.py:116] Agent_0 gets win rate: 0.24.
[20260602 05:22:51 @multi_evo_agent_runner.py:115] Agent_1 gets eval reward: 428.79.
[20260602 05:22:51 @multi_evo_agent_runner.py:116] Agent_1 gets win rate: 0.33.
[20260602 05:22:51 @multi_evo_agent_runner.py:503] CRITICAL save best checkpoint with agent_1's rewards 428.79!
[20260602 05:22:51 @multi_evo_agent_runner.py:79] #------------------------ Iteration 11 --------------------------#
[20260602 05:23:07 @multi_evo_agent_runner.py:85] Sampling 50000 steps by 50 slaves, spending 16.30 s.
[20260602 05:23:36 @multi_evo_agent_runner.py:94] Policy update, spending: 28.59 s.
[20260602 05:23:38 @multi_evo_agent_runner.py:99] Evaluation time: 2.28 s.
[20260602 05:23:38 @multi_evo_agent_runner.py:105] Total time:       9.42 min
[20260602 05:23:38 @multi_evo_agent_runner.py:115] Agent_0 gets eval reward: 310.36.
[20260602 05:23:38 @multi_evo_agent_runner.py:116] Agent_0 gets win rate: 0.72.
[20260602 05:23:38 @multi_evo_agent_runner.py:115] Agent_1 gets eval reward: 616.93.
[20260602 05:23:38 @multi_evo_agent_runner.py:116] Agent_1 gets win rate: 0.28.
[20260602 05:23:38 @multi_evo_agent_runner.py:503] CRITICAL save best checkpoint with agent_0's rewards 310.36!
[20260602 05:23:38 @multi_evo_agent_runner.py:503] CRITICAL save best checkpoint with agent_1's rewards 616.93!
[20260602 05:23:38 @multi_evo_agent_runner.py:79] #------------------------ Iteration 12 --------------------------#
[20260602 05:23:54 @multi_evo_agent_runner.py:85] Sampling 50000 steps by 50 slaves, spending 15.63 s.
[20260602 05:24:23 @multi_evo_agent_runner.py:94] Policy update, spending: 28.94 s.
[20260602 05:24:25 @multi_evo_agent_runner.py:99] Evaluation time: 2.28 s.
[20260602 05:24:25 @multi_evo_agent_runner.py:105] Total time:      10.21 min
[20260602 05:24:25 @multi_evo_agent_runner.py:115] Agent_0 gets eval reward: 879.42.
[20260602 05:24:25 @multi_evo_agent_runner.py:116] Agent_0 gets win rate: 0.40.
[20260602 05:24:25 @multi_evo_agent_runner.py:115] Agent_1 gets eval reward: 391.46.
[20260602 05:24:25 @multi_evo_agent_runner.py:116] Agent_1 gets win rate: 0.44.
[20260602 05:24:25 @multi_evo_agent_runner.py:503] CRITICAL save best checkpoint with agent_0's rewards 879.42!
[20260602 05:24:25 @multi_evo_agent_runner.py:503] CRITICAL save best checkpoint with agent_1's rewards 391.46!
[20260602 05:24:25 @multi_evo_agent_runner.py:79] #------------------------ Iteration 13 --------------------------#
[20260602 05:24:41 @multi_evo_agent_runner.py:85] Sampling 50000 steps by 50 slaves, spending 15.41 s.
[20260602 05:25:10 @multi_evo_agent_runner.py:94] Policy update, spending: 29.53 s.
[20260602 05:25:12 @multi_evo_agent_runner.py:99] Evaluation time: 1.99 s.
[20260602 05:25:12 @multi_evo_agent_runner.py:105] Total time:      11.00 min
[20260602 05:25:12 @multi_evo_agent_runner.py:115] Agent_0 gets eval reward: 573.95.
[20260602 05:25:12 @multi_evo_agent_runner.py:116] Agent_0 gets win rate: 0.47.
[20260602 05:25:12 @multi_evo_agent_runner.py:115] Agent_1 gets eval reward: 549.40.
[20260602 05:25:12 @multi_evo_agent_runner.py:116] Agent_1 gets win rate: 0.51.
[20260602 05:25:13 @multi_evo_agent_runner.py:503] CRITICAL save best checkpoint with agent_0's rewards 573.95!
[20260602 05:25:13 @multi_evo_agent_runner.py:503] CRITICAL save best checkpoint with agent_1's rewards 549.40!
[20260602 05:25:13 @multi_evo_agent_runner.py:79] #------------------------ Iteration 14 --------------------------#
[20260602 05:25:28 @multi_evo_agent_runner.py:85] Sampling 50000 steps by 50 slaves, spending 15.61 s.
[20260602 05:25:57 @multi_evo_agent_runner.py:94] Policy update, spending: 28.85 s.
[20260602 05:25:59 @multi_evo_agent_runner.py:99] Evaluation time: 2.11 s.
[20260602 05:25:59 @multi_evo_agent_runner.py:105] Total time:      11.78 min
[20260602 05:25:59 @multi_evo_agent_runner.py:115] Agent_0 gets eval reward: 956.71.
[20260602 05:25:59 @multi_evo_agent_runner.py:116] Agent_0 gets win rate: 0.47.
[20260602 05:25:59 @multi_evo_agent_runner.py:115] Agent_1 gets eval reward: 607.98.
[20260602 05:25:59 @multi_evo_agent_runner.py:116] Agent_1 gets win rate: 0.40.
[20260602 05:25:59 @multi_evo_agent_runner.py:503] CRITICAL save best checkpoint with agent_0's rewards 956.71!
[20260602 05:25:59 @multi_evo_agent_runner.py:503] CRITICAL save best checkpoint with agent_1's rewards 607.98!
[20260602 05:25:59 @multi_evo_agent_runner.py:79] #------------------------ Iteration 15 --------------------------#
[20260602 05:26:15 @multi_evo_agent_runner.py:85] Sampling 50000 steps by 50 slaves, spending 16.01 s.
[20260602 05:26:44 @multi_evo_agent_runner.py:94] Policy update, spending: 28.52 s.
[20260602 05:26:46 @multi_evo_agent_runner.py:99] Evaluation time: 1.97 s.
[20260602 05:26:46 @multi_evo_agent_runner.py:105] Total time:      12.56 min
[20260602 05:26:46 @multi_evo_agent_runner.py:115] Agent_0 gets eval reward: 714.54.
[20260602 05:26:46 @multi_evo_agent_runner.py:116] Agent_0 gets win rate: 0.67.
[20260602 05:26:46 @multi_evo_agent_runner.py:115] Agent_1 gets eval reward: 615.76.
[20260602 05:26:46 @multi_evo_agent_runner.py:116] Agent_1 gets win rate: 0.33.
[20260602 05:26:46 @multi_evo_agent_runner.py:503] CRITICAL save best checkpoint with agent_0's rewards 714.54!
[20260602 05:26:46 @multi_evo_agent_runner.py:503] CRITICAL save best checkpoint with agent_1's rewards 615.76!
[20260602 05:26:46 @multi_evo_agent_runner.py:79] #------------------------ Iteration 16 --------------------------#
[20260602 05:27:01 @multi_evo_agent_runner.py:85] Sampling 50000 steps by 50 slaves, spending 15.19 s.
[20260602 05:27:30 @multi_evo_agent_runner.py:94] Policy update, spending: 28.61 s.
[20260602 05:27:32 @multi_evo_agent_runner.py:99] Evaluation time: 2.33 s.
[20260602 05:27:32 @multi_evo_agent_runner.py:105] Total time:      13.33 min
[20260602 05:27:32 @multi_evo_agent_runner.py:115] Agent_0 gets eval reward: 583.32.
[20260602 05:27:32 @multi_evo_agent_runner.py:116] Agent_0 gets win rate: 0.56.
[20260602 05:27:32 @multi_evo_agent_runner.py:115] Agent_1 gets eval reward: 807.33.
[20260602 05:27:32 @multi_evo_agent_runner.py:116] Agent_1 gets win rate: 0.38.
[20260602 05:27:32 @multi_evo_agent_runner.py:503] CRITICAL save best checkpoint with agent_1's rewards 807.33!
[20260602 05:27:33 @multi_evo_agent_runner.py:79] #------------------------ Iteration 17 --------------------------#
[20260602 05:27:48 @multi_evo_agent_runner.py:85] Sampling 50000 steps by 50 slaves, spending 15.85 s.
[20260602 05:28:18 @multi_evo_agent_runner.py:94] Policy update, spending: 29.09 s.
[20260602 05:28:20 @multi_evo_agent_runner.py:99] Evaluation time: 1.98 s.
[20260602 05:28:20 @multi_evo_agent_runner.py:105] Total time:      14.11 min
[20260602 05:28:20 @multi_evo_agent_runner.py:115] Agent_0 gets eval reward: 407.29.
[20260602 05:28:20 @multi_evo_agent_runner.py:116] Agent_0 gets win rate: 0.46.
[20260602 05:28:20 @multi_evo_agent_runner.py:115] Agent_1 gets eval reward: 405.43.
[20260602 05:28:20 @multi_evo_agent_runner.py:116] Agent_1 gets win rate: 0.52.
[20260602 05:28:20 @multi_evo_agent_runner.py:503] CRITICAL save best checkpoint with agent_1's rewards 405.43!
[20260602 05:28:20 @multi_evo_agent_runner.py:79] #------------------------ Iteration 18 --------------------------#
[20260602 05:28:35 @multi_evo_agent_runner.py:85] Sampling 50000 steps by 50 slaves, spending 15.47 s.
[20260602 05:29:04 @multi_evo_agent_runner.py:94] Policy update, spending: 28.29 s.
[20260602 05:29:06 @multi_evo_agent_runner.py:99] Evaluation time: 2.17 s.
[20260602 05:29:06 @multi_evo_agent_runner.py:105] Total time:      14.88 min
[20260602 05:29:06 @multi_evo_agent_runner.py:115] Agent_0 gets eval reward: 336.32.
[20260602 05:29:06 @multi_evo_agent_runner.py:116] Agent_0 gets win rate: 0.48.
[20260602 05:29:06 @multi_evo_agent_runner.py:115] Agent_1 gets eval reward: 499.76.
[20260602 05:29:06 @multi_evo_agent_runner.py:116] Agent_1 gets win rate: 0.48.
[20260602 05:29:06 @multi_evo_agent_runner.py:503] CRITICAL save best checkpoint with agent_1's rewards 499.76!
[20260602 05:29:06 @multi_evo_agent_runner.py:79] #------------------------ Iteration 19 --------------------------#
[20260602 05:29:21 @multi_evo_agent_runner.py:85] Sampling 50000 steps by 50 slaves, spending 15.54 s.
[20260602 05:29:51 @multi_evo_agent_runner.py:94] Policy update, spending: 29.06 s.
[20260602 05:29:53 @multi_evo_agent_runner.py:99] Evaluation time: 2.01 s.
[20260602 05:29:53 @multi_evo_agent_runner.py:105] Total time:      15.67 min
[20260602 05:29:53 @multi_evo_agent_runner.py:115] Agent_0 gets eval reward: 720.32.
[20260602 05:29:53 @multi_evo_agent_runner.py:116] Agent_0 gets win rate: 0.29.
[20260602 05:29:53 @multi_evo_agent_runner.py:115] Agent_1 gets eval reward: 429.27.
[20260602 05:29:53 @multi_evo_agent_runner.py:116] Agent_1 gets win rate: 0.69.
[20260602 05:29:53 @multi_evo_agent_runner.py:503] CRITICAL save best checkpoint with agent_0's rewards 720.32!
[20260602 05:29:53 @multi_evo_agent_runner.py:503] CRITICAL save best checkpoint with agent_1's rewards 429.27!
[20260602 05:29:53 @multi_evo_agent_runner.py:79] #------------------------ Iteration 20 --------------------------#
[20260602 05:30:08 @multi_evo_agent_runner.py:85] Sampling 50000 steps by 50 slaves, spending 15.30 s.
[20260602 05:30:36 @multi_evo_agent_runner.py:94] Policy update, spending: 28.01 s.
[20260602 05:30:38 @multi_evo_agent_runner.py:99] Evaluation time: 1.96 s.
[20260602 05:30:38 @multi_evo_agent_runner.py:105] Total time:      16.42 min
[20260602 05:30:38 @multi_evo_agent_runner.py:115] Agent_0 gets eval reward: 598.53.
[20260602 05:30:38 @multi_evo_agent_runner.py:116] Agent_0 gets win rate: 0.59.
[20260602 05:30:38 @multi_evo_agent_runner.py:115] Agent_1 gets eval reward: 567.60.
[20260602 05:30:38 @multi_evo_agent_runner.py:116] Agent_1 gets win rate: 0.32.
[20260602 05:30:38 @multi_evo_agent_runner.py:503] CRITICAL save best checkpoint with agent_0's rewards 598.53!
[20260602 05:30:38 @multi_evo_agent_runner.py:503] CRITICAL save best checkpoint with agent_1's rewards 567.60!
[20260602 05:30:38 @multi_evo_agent_runner.py:79] #------------------------ Iteration 21 --------------------------#
[20260602 05:30:54 @multi_evo_agent_runner.py:85] Sampling 50000 steps by 50 slaves, spending 15.90 s.
[20260602 05:31:24 @multi_evo_agent_runner.py:94] Policy update, spending: 29.82 s.
[20260602 05:31:26 @multi_evo_agent_runner.py:99] Evaluation time: 2.39 s.
[20260602 05:31:26 @multi_evo_agent_runner.py:105] Total time:      17.23 min
[20260602 05:31:27 @multi_evo_agent_runner.py:115] Agent_0 gets eval reward: 593.42.
[20260602 05:31:27 @multi_evo_agent_runner.py:116] Agent_0 gets win rate: 0.59.
[20260602 05:31:27 @multi_evo_agent_runner.py:115] Agent_1 gets eval reward: 741.12.
[20260602 05:31:27 @multi_evo_agent_runner.py:116] Agent_1 gets win rate: 0.39.
[20260602 05:31:27 @multi_evo_agent_runner.py:503] CRITICAL save best checkpoint with agent_0's rewards 593.42!
[20260602 05:31:27 @multi_evo_agent_runner.py:503] CRITICAL save best checkpoint with agent_1's rewards 741.12!
[20260602 05:31:27 @multi_evo_agent_runner.py:79] #------------------------ Iteration 22 --------------------------#
[20260602 05:31:42 @multi_evo_agent_runner.py:85] Sampling 50000 steps by 50 slaves, spending 14.94 s.
[20260602 05:32:10 @multi_evo_agent_runner.py:94] Policy update, spending: 28.38 s.
[20260602 05:32:12 @multi_evo_agent_runner.py:99] Evaluation time: 2.20 s.
[20260602 05:32:12 @multi_evo_agent_runner.py:105] Total time:      17.99 min
[20260602 05:32:12 @multi_evo_agent_runner.py:115] Agent_0 gets eval reward: 712.37.
[20260602 05:32:12 @multi_evo_agent_runner.py:116] Agent_0 gets win rate: 0.50.
[20260602 05:32:12 @multi_evo_agent_runner.py:115] Agent_1 gets eval reward: 629.27.
[20260602 05:32:12 @multi_evo_agent_runner.py:116] Agent_1 gets win rate: 0.49.
[20260602 05:32:12 @multi_evo_agent_runner.py:503] CRITICAL save best checkpoint with agent_0's rewards 712.37!
[20260602 05:32:12 @multi_evo_agent_runner.py:503] CRITICAL save best checkpoint with agent_1's rewards 629.27!
[20260602 05:32:13 @multi_evo_agent_runner.py:79] #------------------------ Iteration 23 --------------------------#
[20260602 05:32:28 @multi_evo_agent_runner.py:85] Sampling 50000 steps by 50 slaves, spending 15.30 s.
[20260602 05:32:56 @multi_evo_agent_runner.py:94] Policy update, spending: 28.03 s.
[20260602 05:32:58 @multi_evo_agent_runner.py:99] Evaluation time: 2.00 s.
[20260602 05:32:58 @multi_evo_agent_runner.py:105] Total time:      18.75 min
[20260602 05:32:58 @multi_evo_agent_runner.py:115] Agent_0 gets eval reward: 661.94.
[20260602 05:32:58 @multi_evo_agent_runner.py:116] Agent_0 gets win rate: 0.57.
[20260602 05:32:58 @multi_evo_agent_runner.py:115] Agent_1 gets eval reward: 807.00.
[20260602 05:32:58 @multi_evo_agent_runner.py:116] Agent_1 gets win rate: 0.40.
[20260602 05:32:58 @multi_evo_agent_runner.py:503] CRITICAL save best checkpoint with agent_0's rewards 661.94!
[20260602 05:32:58 @multi_evo_agent_runner.py:503] CRITICAL save best checkpoint with agent_1's rewards 807.00!
[20260602 05:32:58 @multi_evo_agent_runner.py:79] #------------------------ Iteration 24 --------------------------#
[20260602 05:33:13 @multi_evo_agent_runner.py:85] Sampling 50000 steps by 50 slaves, spending 14.94 s.
[20260602 05:33:42 @multi_evo_agent_runner.py:94] Policy update, spending: 28.58 s.
[20260602 05:33:44 @multi_evo_agent_runner.py:99] Evaluation time: 2.16 s.
[20260602 05:33:44 @multi_evo_agent_runner.py:105] Total time:      19.52 min
[20260602 05:33:44 @multi_evo_agent_runner.py:115] Agent_0 gets eval reward: 462.54.
[20260602 05:33:44 @multi_evo_agent_runner.py:116] Agent_0 gets win rate: 0.61.
[20260602 05:33:44 @multi_evo_agent_runner.py:115] Agent_1 gets eval reward: 635.50.
[20260602 05:33:44 @multi_evo_agent_runner.py:116] Agent_1 gets win rate: 0.39.
[20260602 05:33:44 @multi_evo_agent_runner.py:503] CRITICAL save best checkpoint with agent_0's rewards 462.54!
[20260602 05:33:44 @multi_evo_agent_runner.py:79] #------------------------ Iteration 25 --------------------------#
[20260602 05:33:59 @multi_evo_agent_runner.py:85] Sampling 50000 steps by 50 slaves, spending 15.08 s.
[20260602 05:34:28 @multi_evo_agent_runner.py:94] Policy update, spending: 28.51 s.
[20260602 05:34:30 @multi_evo_agent_runner.py:99] Evaluation time: 2.05 s.
[20260602 05:34:30 @multi_evo_agent_runner.py:105] Total time:      20.28 min
[20260602 05:34:30 @multi_evo_agent_runner.py:115] Agent_0 gets eval reward: 547.01.
[20260602 05:34:30 @multi_evo_agent_runner.py:116] Agent_0 gets win rate: 0.61.
[20260602 05:34:30 @multi_evo_agent_runner.py:115] Agent_1 gets eval reward: 450.12.
[20260602 05:34:30 @multi_evo_agent_runner.py:116] Agent_1 gets win rate: 0.39.
[20260602 05:34:30 @multi_evo_agent_runner.py:503] CRITICAL save best checkpoint with agent_0's rewards 547.01!
[20260602 05:34:30 @multi_evo_agent_runner.py:79] #------------------------ Iteration 26 --------------------------#
[20260602 05:34:45 @multi_evo_agent_runner.py:85] Sampling 50000 steps by 50 slaves, spending 15.44 s.
[20260602 05:35:13 @multi_evo_agent_runner.py:94] Policy update, spending: 27.98 s.
[20260602 05:35:15 @multi_evo_agent_runner.py:99] Evaluation time: 1.99 s.
[20260602 05:35:15 @multi_evo_agent_runner.py:105] Total time:      21.05 min
[20260602 05:35:16 @multi_evo_agent_runner.py:115] Agent_0 gets eval reward: 652.57.
[20260602 05:35:16 @multi_evo_agent_runner.py:116] Agent_0 gets win rate: 0.66.
[20260602 05:35:16 @multi_evo_agent_runner.py:115] Agent_1 gets eval reward: 676.58.
[20260602 05:35:16 @multi_evo_agent_runner.py:116] Agent_1 gets win rate: 0.31.
[20260602 05:35:16 @multi_evo_agent_runner.py:503] CRITICAL save best checkpoint with agent_0's rewards 652.57!
[20260602 05:35:16 @multi_evo_agent_runner.py:79] #------------------------ Iteration 27 --------------------------#
[20260602 05:35:32 @multi_evo_agent_runner.py:85] Sampling 50000 steps by 50 slaves, spending 15.96 s.
[20260602 05:36:00 @multi_evo_agent_runner.py:94] Policy update, spending: 28.33 s.
[20260602 05:36:02 @multi_evo_agent_runner.py:99] Evaluation time: 1.96 s.
[20260602 05:36:02 @multi_evo_agent_runner.py:105] Total time:      21.82 min
[20260602 05:36:02 @multi_evo_agent_runner.py:115] Agent_0 gets eval reward: 470.16.
[20260602 05:36:02 @multi_evo_agent_runner.py:116] Agent_0 gets win rate: 0.54.
[20260602 05:36:02 @multi_evo_agent_runner.py:115] Agent_1 gets eval reward: 492.74.
[20260602 05:36:02 @multi_evo_agent_runner.py:116] Agent_1 gets win rate: 0.46.
[20260602 05:36:02 @multi_evo_agent_runner.py:503] CRITICAL save best checkpoint with agent_1's rewards 492.74!
[20260602 05:36:02 @multi_evo_agent_runner.py:79] #------------------------ Iteration 28 --------------------------#
[20260602 05:36:18 @multi_evo_agent_runner.py:85] Sampling 50000 steps by 50 slaves, spending 15.66 s.
[20260602 05:36:46 @multi_evo_agent_runner.py:94] Policy update, spending: 28.59 s.
[20260602 05:36:48 @multi_evo_agent_runner.py:99] Evaluation time: 2.09 s.
[20260602 05:36:48 @multi_evo_agent_runner.py:105] Total time:      22.60 min
[20260602 05:36:49 @multi_evo_agent_runner.py:115] Agent_0 gets eval reward: 599.35.
[20260602 05:36:49 @multi_evo_agent_runner.py:116] Agent_0 gets win rate: 0.68.
[20260602 05:36:49 @multi_evo_agent_runner.py:115] Agent_1 gets eval reward: 697.67.
[20260602 05:36:49 @multi_evo_agent_runner.py:116] Agent_1 gets win rate: 0.32.
[20260602 05:36:49 @multi_evo_agent_runner.py:503] CRITICAL save best checkpoint with agent_0's rewards 599.35!
[20260602 05:36:49 @multi_evo_agent_runner.py:503] CRITICAL save best checkpoint with agent_1's rewards 697.67!
[20260602 05:36:49 @multi_evo_agent_runner.py:79] #------------------------ Iteration 29 --------------------------#
[20260602 05:37:04 @multi_evo_agent_runner.py:85] Sampling 50000 steps by 50 slaves, spending 15.43 s.
[20260602 05:37:33 @multi_evo_agent_runner.py:94] Policy update, spending: 28.45 s.
[20260602 05:37:35 @multi_evo_agent_runner.py:99] Evaluation time: 2.02 s.
[20260602 05:37:35 @multi_evo_agent_runner.py:105] Total time:      23.37 min
[20260602 05:37:35 @multi_evo_agent_runner.py:115] Agent_0 gets eval reward: 412.65.
[20260602 05:37:35 @multi_evo_agent_runner.py:116] Agent_0 gets win rate: 0.59.
[20260602 05:37:35 @multi_evo_agent_runner.py:115] Agent_1 gets eval reward: 579.75.
[20260602 05:37:35 @multi_evo_agent_runner.py:116] Agent_1 gets win rate: 0.41.
[20260602 05:37:35 @multi_evo_agent_runner.py:503] CRITICAL save best checkpoint with agent_1's rewards 579.75!
[20260602 05:37:35 @multi_evo_agent_runner.py:79] #------------------------ Iteration 30 --------------------------#
[20260602 05:37:51 @multi_evo_agent_runner.py:85] Sampling 50000 steps by 50 slaves, spending 15.55 s.
[20260602 05:38:18 @multi_evo_agent_runner.py:94] Policy update, spending: 27.78 s.
[20260602 05:38:21 @multi_evo_agent_runner.py:99] Evaluation time: 2.30 s.
[20260602 05:38:21 @multi_evo_agent_runner.py:105] Total time:      24.13 min
[20260602 05:38:21 @multi_evo_agent_runner.py:115] Agent_0 gets eval reward: 656.00.
[20260602 05:38:21 @multi_evo_agent_runner.py:116] Agent_0 gets win rate: 0.55.
[20260602 05:38:21 @multi_evo_agent_runner.py:115] Agent_1 gets eval reward: 533.17.
[20260602 05:38:21 @multi_evo_agent_runner.py:116] Agent_1 gets win rate: 0.43.
[20260602 05:38:21 @multi_evo_agent_runner.py:503] CRITICAL save best checkpoint with agent_0's rewards 656.00!
[20260602 05:38:21 @multi_evo_agent_runner.py:503] CRITICAL save best checkpoint with agent_1's rewards 533.17!
[20260602 05:38:21 @multi_evo_agent_runner.py:79] #------------------------ Iteration 31 --------------------------#
[20260602 05:38:37 @multi_evo_agent_runner.py:85] Sampling 50000 steps by 50 slaves, spending 15.89 s.
[20260602 05:39:06 @multi_evo_agent_runner.py:94] Policy update, spending: 29.29 s.
[20260602 05:39:08 @multi_evo_agent_runner.py:99] Evaluation time: 2.03 s.
[20260602 05:39:08 @multi_evo_agent_runner.py:105] Total time:      24.92 min
[20260602 05:39:08 @multi_evo_agent_runner.py:115] Agent_0 gets eval reward: 517.61.
[20260602 05:39:08 @multi_evo_agent_runner.py:116] Agent_0 gets win rate: 0.48.
[20260602 05:39:08 @multi_evo_agent_runner.py:115] Agent_1 gets eval reward: 596.85.
[20260602 05:39:08 @multi_evo_agent_runner.py:116] Agent_1 gets win rate: 0.52.
[20260602 05:39:08 @multi_evo_agent_runner.py:503] CRITICAL save best checkpoint with agent_1's rewards 596.85!
[20260602 05:39:08 @multi_evo_agent_runner.py:79] #------------------------ Iteration 32 --------------------------#
[20260602 05:39:23 @multi_evo_agent_runner.py:85] Sampling 50000 steps by 50 slaves, spending 14.93 s.
[20260602 05:39:51 @multi_evo_agent_runner.py:94] Policy update, spending: 28.09 s.
[20260602 05:39:53 @multi_evo_agent_runner.py:99] Evaluation time: 2.02 s.
[20260602 05:39:53 @multi_evo_agent_runner.py:105] Total time:      25.68 min
[20260602 05:39:54 @multi_evo_agent_runner.py:115] Agent_0 gets eval reward: 892.14.
[20260602 05:39:54 @multi_evo_agent_runner.py:116] Agent_0 gets win rate: 0.61.
[20260602 05:39:54 @multi_evo_agent_runner.py:115] Agent_1 gets eval reward: 690.46.
[20260602 05:39:54 @multi_evo_agent_runner.py:116] Agent_1 gets win rate: 0.36.
[20260602 05:39:54 @multi_evo_agent_runner.py:503] CRITICAL save best checkpoint with agent_0's rewards 892.14!
[20260602 05:39:54 @multi_evo_agent_runner.py:503] CRITICAL save best checkpoint with agent_1's rewards 690.46!
[20260602 05:39:54 @multi_evo_agent_runner.py:79] #------------------------ Iteration 33 --------------------------#
[20260602 05:40:09 @multi_evo_agent_runner.py:85] Sampling 50000 steps by 50 slaves, spending 15.35 s.
[20260602 05:40:37 @multi_evo_agent_runner.py:94] Policy update, spending: 27.78 s.
[20260602 05:40:39 @multi_evo_agent_runner.py:99] Evaluation time: 1.96 s.
[20260602 05:40:39 @multi_evo_agent_runner.py:105] Total time:      26.44 min
[20260602 05:40:39 @multi_evo_agent_runner.py:115] Agent_0 gets eval reward: 452.14.
[20260602 05:40:39 @multi_evo_agent_runner.py:116] Agent_0 gets win rate: 0.71.
[20260602 05:40:39 @multi_evo_agent_runner.py:115] Agent_1 gets eval reward: 892.81.
[20260602 05:40:39 @multi_evo_agent_runner.py:116] Agent_1 gets win rate: 0.28.
[20260602 05:40:39 @multi_evo_agent_runner.py:503] CRITICAL save best checkpoint with agent_0's rewards 452.14!
[20260602 05:40:39 @multi_evo_agent_runner.py:503] CRITICAL save best checkpoint with agent_1's rewards 892.81!
[20260602 05:40:39 @multi_evo_agent_runner.py:79] #------------------------ Iteration 34 --------------------------#
[20260602 05:40:55 @multi_evo_agent_runner.py:85] Sampling 50000 steps by 50 slaves, spending 15.86 s.
[20260602 05:41:23 @multi_evo_agent_runner.py:94] Policy update, spending: 27.68 s.
[20260602 05:41:25 @multi_evo_agent_runner.py:99] Evaluation time: 2.02 s.
[20260602 05:41:25 @multi_evo_agent_runner.py:105] Total time:      27.20 min
[20260602 05:41:25 @multi_evo_agent_runner.py:115] Agent_0 gets eval reward: 637.34.
[20260602 05:41:25 @multi_evo_agent_runner.py:116] Agent_0 gets win rate: 0.55.
[20260602 05:41:25 @multi_evo_agent_runner.py:115] Agent_1 gets eval reward: 682.06.
[20260602 05:41:25 @multi_evo_agent_runner.py:116] Agent_1 gets win rate: 0.45.
[20260602 05:41:25 @multi_evo_agent_runner.py:503] CRITICAL save best checkpoint with agent_0's rewards 637.34!
[20260602 05:41:25 @multi_evo_agent_runner.py:503] CRITICAL save best checkpoint with agent_1's rewards 682.06!
[20260602 05:41:25 @multi_evo_agent_runner.py:79] #------------------------ Iteration 35 --------------------------#
[20260602 05:41:40 @multi_evo_agent_runner.py:85] Sampling 50000 steps by 50 slaves, spending 15.56 s.
[20260602 05:42:08 @multi_evo_agent_runner.py:94] Policy update, spending: 27.69 s.
[20260602 05:42:10 @multi_evo_agent_runner.py:99] Evaluation time: 2.09 s.
[20260602 05:42:10 @multi_evo_agent_runner.py:105] Total time:      27.96 min
[20260602 05:42:10 @multi_evo_agent_runner.py:115] Agent_0 gets eval reward: 628.13.
[20260602 05:42:10 @multi_evo_agent_runner.py:116] Agent_0 gets win rate: 0.65.
[20260602 05:42:10 @multi_evo_agent_runner.py:115] Agent_1 gets eval reward: 409.27.
[20260602 05:42:10 @multi_evo_agent_runner.py:116] Agent_1 gets win rate: 0.35.
[20260602 05:42:10 @multi_evo_agent_runner.py:503] CRITICAL save best checkpoint with agent_0's rewards 628.13!
[20260602 05:42:10 @multi_evo_agent_runner.py:79] #------------------------ Iteration 36 --------------------------#
[20260602 05:42:27 @multi_evo_agent_runner.py:85] Sampling 50000 steps by 50 slaves, spending 16.34 s.
[20260602 05:42:55 @multi_evo_agent_runner.py:94] Policy update, spending: 28.02 s.
[20260602 05:42:57 @multi_evo_agent_runner.py:99] Evaluation time: 2.10 s.
[20260602 05:42:57 @multi_evo_agent_runner.py:105] Total time:      28.74 min
[20260602 05:42:57 @multi_evo_agent_runner.py:115] Agent_0 gets eval reward: 960.07.
[20260602 05:42:57 @multi_evo_agent_runner.py:116] Agent_0 gets win rate: 0.47.
[20260602 05:42:57 @multi_evo_agent_runner.py:115] Agent_1 gets eval reward: 729.08.
[20260602 05:42:57 @multi_evo_agent_runner.py:116] Agent_1 gets win rate: 0.44.
[20260602 05:42:57 @multi_evo_agent_runner.py:503] CRITICAL save best checkpoint with agent_0's rewards 960.07!
[20260602 05:42:57 @multi_evo_agent_runner.py:503] CRITICAL save best checkpoint with agent_1's rewards 729.08!
[20260602 05:42:57 @multi_evo_agent_runner.py:79] #------------------------ Iteration 37 --------------------------#
[20260602 05:43:13 @multi_evo_agent_runner.py:85] Sampling 50000 steps by 50 slaves, spending 15.72 s.
[20260602 05:43:42 @multi_evo_agent_runner.py:94] Policy update, spending: 28.81 s.
[20260602 05:43:44 @multi_evo_agent_runner.py:99] Evaluation time: 2.22 s.
[20260602 05:43:44 @multi_evo_agent_runner.py:105] Total time:      29.52 min
[20260602 05:43:44 @multi_evo_agent_runner.py:115] Agent_0 gets eval reward: 472.76.
[20260602 05:43:44 @multi_evo_agent_runner.py:116] Agent_0 gets win rate: 0.56.
[20260602 05:43:44 @multi_evo_agent_runner.py:115] Agent_1 gets eval reward: 338.47.
[20260602 05:43:44 @multi_evo_agent_runner.py:116] Agent_1 gets win rate: 0.44.
[20260602 05:43:44 @multi_evo_agent_runner.py:503] CRITICAL save best checkpoint with agent_0's rewards 472.76!
[20260602 05:43:44 @multi_evo_agent_runner.py:503] CRITICAL save best checkpoint with agent_1's rewards 338.47!
[20260602 05:43:44 @multi_evo_agent_runner.py:79] #------------------------ Iteration 38 --------------------------#
[20260602 05:44:00 @multi_evo_agent_runner.py:85] Sampling 50000 steps by 50 slaves, spending 16.02 s.
[20260602 05:44:30 @multi_evo_agent_runner.py:94] Policy update, spending: 29.64 s.
[20260602 05:44:32 @multi_evo_agent_runner.py:99] Evaluation time: 2.01 s.
[20260602 05:44:32 @multi_evo_agent_runner.py:105] Total time:      30.32 min
[20260602 05:44:32 @multi_evo_agent_runner.py:115] Agent_0 gets eval reward: 513.92.
[20260602 05:44:32 @multi_evo_agent_runner.py:116] Agent_0 gets win rate: 0.53.
[20260602 05:44:32 @multi_evo_agent_runner.py:115] Agent_1 gets eval reward: 558.74.
[20260602 05:44:32 @multi_evo_agent_runner.py:116] Agent_1 gets win rate: 0.46.
[20260602 05:44:32 @multi_evo_agent_runner.py:503] CRITICAL save best checkpoint with agent_0's rewards 513.92!
[20260602 05:44:32 @multi_evo_agent_runner.py:503] CRITICAL save best checkpoint with agent_1's rewards 558.74!
[20260602 05:44:32 @multi_evo_agent_runner.py:79] #------------------------ Iteration 39 --------------------------#
[20260602 05:44:48 @multi_evo_agent_runner.py:85] Sampling 50000 steps by 50 slaves, spending 15.57 s.
[20260602 05:45:15 @multi_evo_agent_runner.py:94] Policy update, spending: 27.76 s.
[20260602 05:45:18 @multi_evo_agent_runner.py:99] Evaluation time: 2.11 s.
[20260602 05:45:18 @multi_evo_agent_runner.py:105] Total time:      31.08 min
[20260602 05:45:18 @multi_evo_agent_runner.py:115] Agent_0 gets eval reward: 441.86.
[20260602 05:45:18 @multi_evo_agent_runner.py:116] Agent_0 gets win rate: 0.58.
[20260602 05:45:18 @multi_evo_agent_runner.py:115] Agent_1 gets eval reward: 724.05.
[20260602 05:45:18 @multi_evo_agent_runner.py:116] Agent_1 gets win rate: 0.42.
[20260602 05:45:18 @multi_evo_agent_runner.py:503] CRITICAL save best checkpoint with agent_0's rewards 441.86!
[20260602 05:45:18 @multi_evo_agent_runner.py:503] CRITICAL save best checkpoint with agent_1's rewards 724.05!
[20260602 05:45:18 @multi_evo_agent_runner.py:79] #------------------------ Iteration 40 --------------------------#
[20260602 05:45:34 @multi_evo_agent_runner.py:85] Sampling 50000 steps by 50 slaves, spending 15.83 s.
[20260602 05:46:03 @multi_evo_agent_runner.py:94] Policy update, spending: 29.02 s.
[20260602 05:46:05 @multi_evo_agent_runner.py:99] Evaluation time: 2.17 s.
[20260602 05:46:05 @multi_evo_agent_runner.py:105] Total time:      31.87 min
[20260602 05:46:05 @multi_evo_agent_runner.py:115] Agent_0 gets eval reward: 615.88.
[20260602 05:46:05 @multi_evo_agent_runner.py:116] Agent_0 gets win rate: 0.53.
[20260602 05:46:05 @multi_evo_agent_runner.py:115] Agent_1 gets eval reward: 416.15.
[20260602 05:46:05 @multi_evo_agent_runner.py:116] Agent_1 gets win rate: 0.47.
[20260602 05:46:05 @multi_evo_agent_runner.py:503] CRITICAL save best checkpoint with agent_0's rewards 615.88!
[20260602 05:46:05 @multi_evo_agent_runner.py:503] CRITICAL save best checkpoint with agent_1's rewards 416.15!
[20260602 05:46:05 @multi_evo_agent_runner.py:79] #------------------------ Iteration 41 --------------------------#
[20260602 05:46:20 @multi_evo_agent_runner.py:85] Sampling 50000 steps by 50 slaves, spending 15.38 s.
[20260602 05:46:49 @multi_evo_agent_runner.py:94] Policy update, spending: 28.95 s.
[20260602 05:46:52 @multi_evo_agent_runner.py:99] Evaluation time: 2.24 s.
[20260602 05:46:52 @multi_evo_agent_runner.py:105] Total time:      32.65 min
[20260602 05:46:52 @multi_evo_agent_runner.py:115] Agent_0 gets eval reward: 147.55.
[20260602 05:46:52 @multi_evo_agent_runner.py:116] Agent_0 gets win rate: 0.46.
[20260602 05:46:52 @multi_evo_agent_runner.py:115] Agent_1 gets eval reward: 492.32.
[20260602 05:46:52 @multi_evo_agent_runner.py:116] Agent_1 gets win rate: 0.54.
[20260602 05:46:52 @multi_evo_agent_runner.py:503] CRITICAL save best checkpoint with agent_1's rewards 492.32!
[20260602 05:46:52 @multi_evo_agent_runner.py:79] #------------------------ Iteration 42 --------------------------#
[20260602 05:47:07 @multi_evo_agent_runner.py:85] Sampling 50000 steps by 50 slaves, spending 15.39 s.
[20260602 05:47:36 @multi_evo_agent_runner.py:94] Policy update, spending: 28.59 s.
[20260602 05:47:38 @multi_evo_agent_runner.py:99] Evaluation time: 2.05 s.
[20260602 05:47:38 @multi_evo_agent_runner.py:105] Total time:      33.42 min
[20260602 05:47:38 @multi_evo_agent_runner.py:115] Agent_0 gets eval reward: 537.38.
[20260602 05:47:38 @multi_evo_agent_runner.py:116] Agent_0 gets win rate: 0.56.
[20260602 05:47:38 @multi_evo_agent_runner.py:115] Agent_1 gets eval reward: 378.39.
[20260602 05:47:38 @multi_evo_agent_runner.py:116] Agent_1 gets win rate: 0.42.
[20260602 05:47:38 @multi_evo_agent_runner.py:503] CRITICAL save best checkpoint with agent_0's rewards 537.38!
[20260602 05:47:38 @multi_evo_agent_runner.py:79] #------------------------ Iteration 43 --------------------------#
[20260602 05:47:54 @multi_evo_agent_runner.py:85] Sampling 50000 steps by 50 slaves, spending 15.43 s.
[20260602 05:48:22 @multi_evo_agent_runner.py:94] Policy update, spending: 27.98 s.
[20260602 05:48:24 @multi_evo_agent_runner.py:99] Evaluation time: 2.16 s.
[20260602 05:48:24 @multi_evo_agent_runner.py:105] Total time:      34.19 min
[20260602 05:48:24 @multi_evo_agent_runner.py:115] Agent_0 gets eval reward: 548.58.
[20260602 05:48:24 @multi_evo_agent_runner.py:116] Agent_0 gets win rate: 0.57.
[20260602 05:48:24 @multi_evo_agent_runner.py:115] Agent_1 gets eval reward: 488.53.
[20260602 05:48:24 @multi_evo_agent_runner.py:116] Agent_1 gets win rate: 0.42.
[20260602 05:48:24 @multi_evo_agent_runner.py:503] CRITICAL save best checkpoint with agent_0's rewards 548.58!
[20260602 05:48:24 @multi_evo_agent_runner.py:79] #------------------------ Iteration 44 --------------------------#
[20260602 05:48:40 @multi_evo_agent_runner.py:85] Sampling 50000 steps by 50 slaves, spending 15.64 s.
[20260602 05:49:08 @multi_evo_agent_runner.py:94] Policy update, spending: 28.79 s.
[20260602 05:49:10 @multi_evo_agent_runner.py:99] Evaluation time: 1.97 s.
[20260602 05:49:10 @multi_evo_agent_runner.py:105] Total time:      34.96 min
[20260602 05:49:11 @multi_evo_agent_runner.py:115] Agent_0 gets eval reward: 475.27.
[20260602 05:49:11 @multi_evo_agent_runner.py:116] Agent_0 gets win rate: 0.48.
[20260602 05:49:11 @multi_evo_agent_runner.py:115] Agent_1 gets eval reward: 567.35.
[20260602 05:49:11 @multi_evo_agent_runner.py:116] Agent_1 gets win rate: 0.50.
[20260602 05:49:11 @multi_evo_agent_runner.py:503] CRITICAL save best checkpoint with agent_1's rewards 567.35!
[20260602 05:49:11 @multi_evo_agent_runner.py:79] #------------------------ Iteration 45 --------------------------#
[20260602 05:49:26 @multi_evo_agent_runner.py:85] Sampling 50000 steps by 50 slaves, spending 15.59 s.
[20260602 05:49:54 @multi_evo_agent_runner.py:94] Policy update, spending: 27.92 s.
[20260602 05:49:56 @multi_evo_agent_runner.py:99] Evaluation time: 2.05 s.
[20260602 05:49:56 @multi_evo_agent_runner.py:105] Total time:      35.73 min
[20260602 05:49:56 @multi_evo_agent_runner.py:115] Agent_0 gets eval reward: 420.12.
[20260602 05:49:56 @multi_evo_agent_runner.py:116] Agent_0 gets win rate: 0.53.
[20260602 05:49:56 @multi_evo_agent_runner.py:115] Agent_1 gets eval reward: 440.03.
[20260602 05:49:56 @multi_evo_agent_runner.py:116] Agent_1 gets win rate: 0.46.
[20260602 05:49:57 @multi_evo_agent_runner.py:79] #------------------------ Iteration 46 --------------------------#
[20260602 05:50:12 @multi_evo_agent_runner.py:85] Sampling 50000 steps by 50 slaves, spending 15.79 s.
[20260602 05:50:41 @multi_evo_agent_runner.py:94] Policy update, spending: 28.38 s.
[20260602 05:50:43 @multi_evo_agent_runner.py:99] Evaluation time: 2.21 s.
[20260602 05:50:43 @multi_evo_agent_runner.py:105] Total time:      36.50 min
[20260602 05:50:43 @multi_evo_agent_runner.py:115] Agent_0 gets eval reward: 572.82.
[20260602 05:50:43 @multi_evo_agent_runner.py:116] Agent_0 gets win rate: 0.57.
[20260602 05:50:43 @multi_evo_agent_runner.py:115] Agent_1 gets eval reward: 768.03.
[20260602 05:50:43 @multi_evo_agent_runner.py:116] Agent_1 gets win rate: 0.40.
[20260602 05:50:43 @multi_evo_agent_runner.py:503] CRITICAL save best checkpoint with agent_0's rewards 572.82!
[20260602 05:50:43 @multi_evo_agent_runner.py:503] CRITICAL save best checkpoint with agent_1's rewards 768.03!
[20260602 05:50:43 @multi_evo_agent_runner.py:79] #------------------------ Iteration 47 --------------------------#
[20260602 05:50:59 @multi_evo_agent_runner.py:85] Sampling 50000 steps by 50 slaves, spending 15.59 s.
[20260602 05:51:27 @multi_evo_agent_runner.py:94] Policy update, spending: 28.60 s.
[20260602 05:51:29 @multi_evo_agent_runner.py:99] Evaluation time: 2.01 s.
[20260602 05:51:29 @multi_evo_agent_runner.py:105] Total time:      37.28 min
[20260602 05:51:30 @multi_evo_agent_runner.py:115] Agent_0 gets eval reward: 377.61.
[20260602 05:51:30 @multi_evo_agent_runner.py:116] Agent_0 gets win rate: 0.46.
[20260602 05:51:30 @multi_evo_agent_runner.py:115] Agent_1 gets eval reward: 318.66.
[20260602 05:51:30 @multi_evo_agent_runner.py:116] Agent_1 gets win rate: 0.54.
[20260602 05:51:30 @multi_evo_agent_runner.py:503] CRITICAL save best checkpoint with agent_1's rewards 318.66!
[20260602 05:51:30 @multi_evo_agent_runner.py:79] #------------------------ Iteration 48 --------------------------#
[20260602 05:51:45 @multi_evo_agent_runner.py:85] Sampling 50000 steps by 50 slaves, spending 15.46 s.
[20260602 05:52:13 @multi_evo_agent_runner.py:94] Policy update, spending: 27.73 s.
[20260602 05:52:15 @multi_evo_agent_runner.py:99] Evaluation time: 1.98 s.
[20260602 05:52:15 @multi_evo_agent_runner.py:105] Total time:      38.04 min
[20260602 05:52:15 @multi_evo_agent_runner.py:115] Agent_0 gets eval reward: 670.48.
[20260602 05:52:15 @multi_evo_agent_runner.py:116] Agent_0 gets win rate: 0.42.
[20260602 05:52:15 @multi_evo_agent_runner.py:115] Agent_1 gets eval reward: 626.14.
[20260602 05:52:15 @multi_evo_agent_runner.py:116] Agent_1 gets win rate: 0.57.
[20260602 05:52:15 @multi_evo_agent_runner.py:503] CRITICAL save best checkpoint with agent_0's rewards 670.48!
[20260602 05:52:15 @multi_evo_agent_runner.py:503] CRITICAL save best checkpoint with agent_1's rewards 626.14!
[20260602 05:52:15 @multi_evo_agent_runner.py:79] #------------------------ Iteration 49 --------------------------#
[20260602 05:52:31 @multi_evo_agent_runner.py:85] Sampling 50000 steps by 50 slaves, spending 15.75 s.
[20260602 05:52:59 @multi_evo_agent_runner.py:94] Policy update, spending: 27.78 s.
[20260602 05:53:01 @multi_evo_agent_runner.py:99] Evaluation time: 1.99 s.
[20260602 05:53:01 @multi_evo_agent_runner.py:105] Total time:      38.80 min
[20260602 05:53:01 @multi_evo_agent_runner.py:115] Agent_0 gets eval reward: 516.06.
[20260602 05:53:01 @multi_evo_agent_runner.py:116] Agent_0 gets win rate: 0.59.
[20260602 05:53:01 @multi_evo_agent_runner.py:115] Agent_1 gets eval reward: 555.54.
[20260602 05:53:01 @multi_evo_agent_runner.py:116] Agent_1 gets win rate: 0.39.
[20260602 05:53:01 @multi_evo_agent_runner.py:503] CRITICAL save best checkpoint with agent_0's rewards 516.06!
[20260602 05:53:01 @multi_evo_agent_runner.py:79] #------------------------ Iteration 50 --------------------------#
[20260602 05:53:16 @multi_evo_agent_runner.py:85] Sampling 50000 steps by 50 slaves, spending 15.31 s.
[20260602 05:53:44 @multi_evo_agent_runner.py:94] Policy update, spending: 27.67 s.
[20260602 05:53:46 @multi_evo_agent_runner.py:99] Evaluation time: 1.95 s.
[20260602 05:53:46 @multi_evo_agent_runner.py:105] Total time:      39.55 min
[20260602 05:53:46 @multi_evo_agent_runner.py:115] Agent_0 gets eval reward: 321.87.
[20260602 05:53:46 @multi_evo_agent_runner.py:116] Agent_0 gets win rate: 0.35.
[20260602 05:53:46 @multi_evo_agent_runner.py:115] Agent_1 gets eval reward: 641.09.
[20260602 05:53:46 @multi_evo_agent_runner.py:116] Agent_1 gets win rate: 0.65.
[20260602 05:53:46 @multi_evo_agent_runner.py:503] CRITICAL save best checkpoint with agent_1's rewards 641.09!
[20260602 05:53:46 @multi_evo_agent_runner.py:79] #------------------------ Iteration 51 --------------------------#
[20260602 05:54:02 @multi_evo_agent_runner.py:85] Sampling 50000 steps by 50 slaves, spending 16.24 s.
[20260602 05:54:31 @multi_evo_agent_runner.py:94] Policy update, spending: 28.63 s.
[20260602 05:54:33 @multi_evo_agent_runner.py:99] Evaluation time: 2.24 s.
[20260602 05:54:33 @multi_evo_agent_runner.py:105] Total time:      40.34 min
[20260602 05:54:33 @multi_evo_agent_runner.py:115] Agent_0 gets eval reward: 792.84.
[20260602 05:54:33 @multi_evo_agent_runner.py:116] Agent_0 gets win rate: 0.48.
[20260602 05:54:33 @multi_evo_agent_runner.py:115] Agent_1 gets eval reward: 545.02.
[20260602 05:54:33 @multi_evo_agent_runner.py:116] Agent_1 gets win rate: 0.52.
[20260602 05:54:33 @multi_evo_agent_runner.py:503] CRITICAL save best checkpoint with agent_0's rewards 792.84!
[20260602 05:54:33 @multi_evo_agent_runner.py:79] #------------------------ Iteration 52 --------------------------#
[20260602 05:54:49 @multi_evo_agent_runner.py:85] Sampling 50000 steps by 50 slaves, spending 15.62 s.
[20260602 05:55:17 @multi_evo_agent_runner.py:94] Policy update, spending: 27.97 s.
[20260602 05:55:19 @multi_evo_agent_runner.py:99] Evaluation time: 2.02 s.
[20260602 05:55:19 @multi_evo_agent_runner.py:105] Total time:      41.11 min
[20260602 05:55:19 @multi_evo_agent_runner.py:115] Agent_0 gets eval reward: 818.07.
[20260602 05:55:19 @multi_evo_agent_runner.py:116] Agent_0 gets win rate: 0.47.
[20260602 05:55:19 @multi_evo_agent_runner.py:115] Agent_1 gets eval reward: 360.08.
[20260602 05:55:19 @multi_evo_agent_runner.py:116] Agent_1 gets win rate: 0.53.
[20260602 05:55:19 @multi_evo_agent_runner.py:503] CRITICAL save best checkpoint with agent_0's rewards 818.07!
[20260602 05:55:19 @multi_evo_agent_runner.py:79] #------------------------ Iteration 53 --------------------------#
[20260602 05:55:35 @multi_evo_agent_runner.py:85] Sampling 50000 steps by 50 slaves, spending 15.44 s.
[20260602 05:56:03 @multi_evo_agent_runner.py:94] Policy update, spending: 27.82 s.
[20260602 05:56:04 @multi_evo_agent_runner.py:99] Evaluation time: 1.92 s.
[20260602 05:56:04 @multi_evo_agent_runner.py:105] Total time:      41.86 min
[20260602 05:56:05 @multi_evo_agent_runner.py:115] Agent_0 gets eval reward: 946.40.
[20260602 05:56:05 @multi_evo_agent_runner.py:116] Agent_0 gets win rate: 0.55.
[20260602 05:56:05 @multi_evo_agent_runner.py:115] Agent_1 gets eval reward: 417.91.
[20260602 05:56:05 @multi_evo_agent_runner.py:116] Agent_1 gets win rate: 0.45.
[20260602 05:56:05 @multi_evo_agent_runner.py:503] CRITICAL save best checkpoint with agent_0's rewards 946.40!
[20260602 05:56:05 @multi_evo_agent_runner.py:79] #------------------------ Iteration 54 --------------------------#
[20260602 05:56:21 @multi_evo_agent_runner.py:85] Sampling 50000 steps by 50 slaves, spending 15.89 s.
[20260602 05:56:49 @multi_evo_agent_runner.py:94] Policy update, spending: 28.53 s.
[20260602 05:56:51 @multi_evo_agent_runner.py:99] Evaluation time: 1.99 s.
[20260602 05:56:51 @multi_evo_agent_runner.py:105] Total time:      42.64 min
[20260602 05:56:51 @multi_evo_agent_runner.py:115] Agent_0 gets eval reward: 757.06.
[20260602 05:56:51 @multi_evo_agent_runner.py:116] Agent_0 gets win rate: 0.56.
[20260602 05:56:51 @multi_evo_agent_runner.py:115] Agent_1 gets eval reward: 483.91.
[20260602 05:56:51 @multi_evo_agent_runner.py:116] Agent_1 gets win rate: 0.45.
[20260602 05:56:51 @multi_evo_agent_runner.py:503] CRITICAL save best checkpoint with agent_0's rewards 757.06!
[20260602 05:56:51 @multi_evo_agent_runner.py:79] #------------------------ Iteration 55 --------------------------#
[20260602 05:57:07 @multi_evo_agent_runner.py:85] Sampling 50000 steps by 50 slaves, spending 15.78 s.
[20260602 05:57:36 @multi_evo_agent_runner.py:94] Policy update, spending: 28.61 s.
[20260602 05:57:38 @multi_evo_agent_runner.py:99] Evaluation time: 2.04 s.
[20260602 05:57:38 @multi_evo_agent_runner.py:105] Total time:      43.42 min
[20260602 05:57:38 @multi_evo_agent_runner.py:115] Agent_0 gets eval reward: 230.17.
[20260602 05:57:38 @multi_evo_agent_runner.py:116] Agent_0 gets win rate: 0.41.
[20260602 05:57:38 @multi_evo_agent_runner.py:115] Agent_1 gets eval reward: 385.50.
[20260602 05:57:38 @multi_evo_agent_runner.py:116] Agent_1 gets win rate: 0.58.
[20260602 05:57:38 @multi_evo_agent_runner.py:79] #------------------------ Iteration 56 --------------------------#
[20260602 05:57:54 @multi_evo_agent_runner.py:85] Sampling 50000 steps by 50 slaves, spending 15.46 s.
[20260602 05:58:22 @multi_evo_agent_runner.py:94] Policy update, spending: 28.30 s.
[20260602 05:58:24 @multi_evo_agent_runner.py:99] Evaluation time: 2.20 s.
[20260602 05:58:24 @multi_evo_agent_runner.py:105] Total time:      44.19 min
[20260602 05:58:24 @multi_evo_agent_runner.py:115] Agent_0 gets eval reward: 423.49.
[20260602 05:58:24 @multi_evo_agent_runner.py:116] Agent_0 gets win rate: 0.38.
[20260602 05:58:24 @multi_evo_agent_runner.py:115] Agent_1 gets eval reward: 347.42.
[20260602 05:58:24 @multi_evo_agent_runner.py:116] Agent_1 gets win rate: 0.62.
[20260602 05:58:24 @multi_evo_agent_runner.py:79] #------------------------ Iteration 57 --------------------------#
[20260602 05:58:40 @multi_evo_agent_runner.py:85] Sampling 50000 steps by 50 slaves, spending 15.82 s.
[20260602 05:59:09 @multi_evo_agent_runner.py:94] Policy update, spending: 28.48 s.
[20260602 05:59:11 @multi_evo_agent_runner.py:99] Evaluation time: 1.93 s.
[20260602 05:59:11 @multi_evo_agent_runner.py:105] Total time:      44.97 min
[20260602 05:59:11 @multi_evo_agent_runner.py:115] Agent_0 gets eval reward: 445.55.
[20260602 05:59:11 @multi_evo_agent_runner.py:116] Agent_0 gets win rate: 0.43.
[20260602 05:59:11 @multi_evo_agent_runner.py:115] Agent_1 gets eval reward: 559.63.
[20260602 05:59:11 @multi_evo_agent_runner.py:116] Agent_1 gets win rate: 0.55.
[20260602 05:59:11 @multi_evo_agent_runner.py:79] #------------------------ Iteration 58 --------------------------#
[20260602 05:59:26 @multi_evo_agent_runner.py:85] Sampling 50000 steps by 50 slaves, spending 15.65 s.
[20260602 05:59:54 @multi_evo_agent_runner.py:94] Policy update, spending: 27.89 s.
[20260602 05:59:56 @multi_evo_agent_runner.py:99] Evaluation time: 1.99 s.
[20260602 05:59:56 @multi_evo_agent_runner.py:105] Total time:      45.73 min
[20260602 05:59:56 @multi_evo_agent_runner.py:115] Agent_0 gets eval reward: 725.18.
[20260602 05:59:56 @multi_evo_agent_runner.py:116] Agent_0 gets win rate: 0.41.
[20260602 05:59:56 @multi_evo_agent_runner.py:115] Agent_1 gets eval reward: 534.14.
[20260602 05:59:56 @multi_evo_agent_runner.py:116] Agent_1 gets win rate: 0.61.
[20260602 05:59:57 @multi_evo_agent_runner.py:79] #------------------------ Iteration 59 --------------------------#
[20260602 06:00:12 @multi_evo_agent_runner.py:85] Sampling 50000 steps by 50 slaves, spending 15.36 s.
[20260602 06:00:40 @multi_evo_agent_runner.py:94] Policy update, spending: 28.03 s.
[20260602 06:00:42 @multi_evo_agent_runner.py:99] Evaluation time: 1.94 s.
[20260602 06:00:42 @multi_evo_agent_runner.py:105] Total time:      46.49 min
[20260602 06:00:42 @multi_evo_agent_runner.py:115] Agent_0 gets eval reward: 553.14.
[20260602 06:00:42 @multi_evo_agent_runner.py:116] Agent_0 gets win rate: 0.36.
[20260602 06:00:42 @multi_evo_agent_runner.py:115] Agent_1 gets eval reward: 671.38.
[20260602 06:00:42 @multi_evo_agent_runner.py:116] Agent_1 gets win rate: 0.63.
[20260602 06:00:42 @multi_evo_agent_runner.py:503] CRITICAL save best checkpoint with agent_1's rewards 671.38!
[20260602 06:00:42 @multi_evo_agent_runner.py:79] #------------------------ Iteration 60 --------------------------#
[20260602 06:00:58 @multi_evo_agent_runner.py:85] Sampling 50000 steps by 50 slaves, spending 15.43 s.
[20260602 06:01:26 @multi_evo_agent_runner.py:94] Policy update, spending: 27.98 s.
[20260602 06:01:28 @multi_evo_agent_runner.py:99] Evaluation time: 2.02 s.
[20260602 06:01:28 @multi_evo_agent_runner.py:105] Total time:      47.25 min
[20260602 06:01:28 @multi_evo_agent_runner.py:115] Agent_0 gets eval reward: 570.06.
[20260602 06:01:28 @multi_evo_agent_runner.py:116] Agent_0 gets win rate: 0.40.
[20260602 06:01:28 @multi_evo_agent_runner.py:115] Agent_1 gets eval reward: 516.24.
[20260602 06:01:28 @multi_evo_agent_runner.py:116] Agent_1 gets win rate: 0.60.
[20260602 06:01:28 @multi_evo_agent_runner.py:79] #------------------------ Iteration 61 --------------------------#
[20260602 06:01:44 @multi_evo_agent_runner.py:85] Sampling 50000 steps by 50 slaves, spending 15.60 s.
[20260602 06:02:12 @multi_evo_agent_runner.py:94] Policy update, spending: 28.60 s.
[20260602 06:02:14 @multi_evo_agent_runner.py:99] Evaluation time: 2.03 s.
[20260602 06:02:14 @multi_evo_agent_runner.py:105] Total time:      48.03 min
[20260602 06:02:14 @multi_evo_agent_runner.py:115] Agent_0 gets eval reward: 594.59.
[20260602 06:02:14 @multi_evo_agent_runner.py:116] Agent_0 gets win rate: 0.44.
[20260602 06:02:14 @multi_evo_agent_runner.py:115] Agent_1 gets eval reward: 494.83.
[20260602 06:02:14 @multi_evo_agent_runner.py:116] Agent_1 gets win rate: 0.56.
[20260602 06:02:14 @multi_evo_agent_runner.py:79] #------------------------ Iteration 62 --------------------------#
[20260602 06:02:30 @multi_evo_agent_runner.py:85] Sampling 50000 steps by 50 slaves, spending 15.95 s.
[20260602 06:02:59 @multi_evo_agent_runner.py:94] Policy update, spending: 28.38 s.
[20260602 06:03:01 @multi_evo_agent_runner.py:99] Evaluation time: 2.18 s.
[20260602 06:03:01 @multi_evo_agent_runner.py:105] Total time:      48.80 min
[20260602 06:03:01 @multi_evo_agent_runner.py:115] Agent_0 gets eval reward: 641.69.
[20260602 06:03:01 @multi_evo_agent_runner.py:116] Agent_0 gets win rate: 0.71.
[20260602 06:03:01 @multi_evo_agent_runner.py:115] Agent_1 gets eval reward: 779.51.
[20260602 06:03:01 @multi_evo_agent_runner.py:116] Agent_1 gets win rate: 0.26.
[20260602 06:03:01 @multi_evo_agent_runner.py:503] CRITICAL save best checkpoint with agent_0's rewards 641.69!
[20260602 06:03:01 @multi_evo_agent_runner.py:503] CRITICAL save best checkpoint with agent_1's rewards 779.51!
[20260602 06:03:01 @multi_evo_agent_runner.py:79] #------------------------ Iteration 63 --------------------------#
[20260602 06:03:17 @multi_evo_agent_runner.py:85] Sampling 50000 steps by 50 slaves, spending 15.93 s.
[20260602 06:03:46 @multi_evo_agent_runner.py:94] Policy update, spending: 28.64 s.
[20260602 06:03:48 @multi_evo_agent_runner.py:99] Evaluation time: 1.97 s.
[20260602 06:03:48 @multi_evo_agent_runner.py:105] Total time:      49.58 min
[20260602 06:03:48 @multi_evo_agent_runner.py:115] Agent_0 gets eval reward: 454.80.
[20260602 06:03:48 @multi_evo_agent_runner.py:116] Agent_0 gets win rate: 0.36.
[20260602 06:03:48 @multi_evo_agent_runner.py:115] Agent_1 gets eval reward: 564.39.
[20260602 06:03:48 @multi_evo_agent_runner.py:116] Agent_1 gets win rate: 0.64.
[20260602 06:03:48 @multi_evo_agent_runner.py:503] CRITICAL save best checkpoint with agent_1's rewards 564.39!
[20260602 06:03:48 @multi_evo_agent_runner.py:79] #------------------------ Iteration 64 --------------------------#
[20260602 06:04:04 @multi_evo_agent_runner.py:85] Sampling 50000 steps by 50 slaves, spending 16.08 s.
[20260602 06:04:32 @multi_evo_agent_runner.py:94] Policy update, spending: 28.23 s.
[20260602 06:04:34 @multi_evo_agent_runner.py:99] Evaluation time: 1.92 s.
[20260602 06:04:34 @multi_evo_agent_runner.py:105] Total time:      50.36 min
[20260602 06:04:34 @multi_evo_agent_runner.py:115] Agent_0 gets eval reward: 463.73.
[20260602 06:04:34 @multi_evo_agent_runner.py:116] Agent_0 gets win rate: 0.50.
[20260602 06:04:34 @multi_evo_agent_runner.py:115] Agent_1 gets eval reward: 437.43.
[20260602 06:04:34 @multi_evo_agent_runner.py:116] Agent_1 gets win rate: 0.50.
[20260602 06:04:34 @multi_evo_agent_runner.py:79] #------------------------ Iteration 65 --------------------------#
[20260602 06:04:51 @multi_evo_agent_runner.py:85] Sampling 50000 steps by 50 slaves, spending 16.05 s.
[20260602 06:05:19 @multi_evo_agent_runner.py:94] Policy update, spending: 28.71 s.
[20260602 06:05:21 @multi_evo_agent_runner.py:99] Evaluation time: 2.13 s.
[20260602 06:05:21 @multi_evo_agent_runner.py:105] Total time:      51.15 min
[20260602 06:05:22 @multi_evo_agent_runner.py:115] Agent_0 gets eval reward: 564.46.
[20260602 06:05:22 @multi_evo_agent_runner.py:116] Agent_0 gets win rate: 0.53.
[20260602 06:05:22 @multi_evo_agent_runner.py:115] Agent_1 gets eval reward: 666.15.
[20260602 06:05:22 @multi_evo_agent_runner.py:116] Agent_1 gets win rate: 0.47.
[20260602 06:05:22 @multi_evo_agent_runner.py:503] CRITICAL save best checkpoint with agent_1's rewards 666.15!
[20260602 06:05:22 @multi_evo_agent_runner.py:79] #------------------------ Iteration 66 --------------------------#
[20260602 06:05:37 @multi_evo_agent_runner.py:85] Sampling 50000 steps by 50 slaves, spending 15.78 s.
[20260602 06:06:05 @multi_evo_agent_runner.py:94] Policy update, spending: 27.79 s.
[20260602 06:06:07 @multi_evo_agent_runner.py:99] Evaluation time: 1.99 s.
[20260602 06:06:07 @multi_evo_agent_runner.py:105] Total time:      51.91 min
[20260602 06:06:07 @multi_evo_agent_runner.py:115] Agent_0 gets eval reward: 519.84.
[20260602 06:06:07 @multi_evo_agent_runner.py:116] Agent_0 gets win rate: 0.28.
[20260602 06:06:07 @multi_evo_agent_runner.py:115] Agent_1 gets eval reward: 868.79.
[20260602 06:06:07 @multi_evo_agent_runner.py:116] Agent_1 gets win rate: 0.67.
[20260602 06:06:07 @multi_evo_agent_runner.py:503] CRITICAL save best checkpoint with agent_1's rewards 868.79!
[20260602 06:06:07 @multi_evo_agent_runner.py:79] #------------------------ Iteration 67 --------------------------#
[20260602 06:06:23 @multi_evo_agent_runner.py:85] Sampling 50000 steps by 50 slaves, spending 15.71 s.
[20260602 06:06:52 @multi_evo_agent_runner.py:94] Policy update, spending: 28.68 s.
[20260602 06:06:54 @multi_evo_agent_runner.py:99] Evaluation time: 2.52 s.
[20260602 06:06:54 @multi_evo_agent_runner.py:105] Total time:      52.70 min
[20260602 06:06:55 @multi_evo_agent_runner.py:115] Agent_0 gets eval reward: 419.29.
[20260602 06:06:55 @multi_evo_agent_runner.py:116] Agent_0 gets win rate: 0.47.
[20260602 06:06:55 @multi_evo_agent_runner.py:115] Agent_1 gets eval reward: 514.70.
[20260602 06:06:55 @multi_evo_agent_runner.py:116] Agent_1 gets win rate: 0.53.
[20260602 06:06:55 @multi_evo_agent_runner.py:79] #------------------------ Iteration 68 --------------------------#
[20260602 06:07:10 @multi_evo_agent_runner.py:85] Sampling 50000 steps by 50 slaves, spending 15.62 s.
[20260602 06:07:39 @multi_evo_agent_runner.py:94] Policy update, spending: 28.59 s.
[20260602 06:07:41 @multi_evo_agent_runner.py:99] Evaluation time: 2.06 s.
[20260602 06:07:41 @multi_evo_agent_runner.py:105] Total time:      53.47 min
[20260602 06:07:41 @multi_evo_agent_runner.py:115] Agent_0 gets eval reward: 541.01.
[20260602 06:07:41 @multi_evo_agent_runner.py:116] Agent_0 gets win rate: 0.55.
[20260602 06:07:41 @multi_evo_agent_runner.py:115] Agent_1 gets eval reward: 362.38.
[20260602 06:07:41 @multi_evo_agent_runner.py:116] Agent_1 gets win rate: 0.45.
[20260602 06:07:41 @multi_evo_agent_runner.py:79] #------------------------ Iteration 69 --------------------------#
[20260602 06:07:57 @multi_evo_agent_runner.py:85] Sampling 50000 steps by 50 slaves, spending 16.21 s.
[20260602 06:08:26 @multi_evo_agent_runner.py:94] Policy update, spending: 28.92 s.
[20260602 06:08:28 @multi_evo_agent_runner.py:99] Evaluation time: 2.16 s.
[20260602 06:08:28 @multi_evo_agent_runner.py:105] Total time:      54.26 min
[20260602 06:08:29 @multi_evo_agent_runner.py:115] Agent_0 gets eval reward: 505.53.
[20260602 06:08:29 @multi_evo_agent_runner.py:116] Agent_0 gets win rate: 0.54.
[20260602 06:08:29 @multi_evo_agent_runner.py:115] Agent_1 gets eval reward: 500.89.
[20260602 06:08:29 @multi_evo_agent_runner.py:116] Agent_1 gets win rate: 0.49.
[20260602 06:08:29 @multi_evo_agent_runner.py:79] #------------------------ Iteration 70 --------------------------#
[20260602 06:08:45 @multi_evo_agent_runner.py:85] Sampling 50000 steps by 50 slaves, spending 16.08 s.
[20260602 06:09:13 @multi_evo_agent_runner.py:94] Policy update, spending: 28.22 s.
[20260602 06:09:15 @multi_evo_agent_runner.py:99] Evaluation time: 1.91 s.
[20260602 06:09:15 @multi_evo_agent_runner.py:105] Total time:      55.04 min
[20260602 06:09:15 @multi_evo_agent_runner.py:115] Agent_0 gets eval reward: 799.72.
[20260602 06:09:15 @multi_evo_agent_runner.py:116] Agent_0 gets win rate: 0.57.
[20260602 06:09:15 @multi_evo_agent_runner.py:115] Agent_1 gets eval reward: 580.61.
[20260602 06:09:15 @multi_evo_agent_runner.py:116] Agent_1 gets win rate: 0.45.
[20260602 06:09:15 @multi_evo_agent_runner.py:503] CRITICAL save best checkpoint with agent_0's rewards 799.72!
[20260602 06:09:15 @multi_evo_agent_runner.py:79] #------------------------ Iteration 71 --------------------------#
[20260602 06:09:31 @multi_evo_agent_runner.py:85] Sampling 50000 steps by 50 slaves, spending 15.70 s.
[20260602 06:09:59 @multi_evo_agent_runner.py:94] Policy update, spending: 28.06 s.
[20260602 06:10:01 @multi_evo_agent_runner.py:99] Evaluation time: 1.92 s.
[20260602 06:10:01 @multi_evo_agent_runner.py:105] Total time:      55.80 min
[20260602 06:10:01 @multi_evo_agent_runner.py:115] Agent_0 gets eval reward: 680.71.
[20260602 06:10:01 @multi_evo_agent_runner.py:116] Agent_0 gets win rate: 0.55.
[20260602 06:10:01 @multi_evo_agent_runner.py:115] Agent_1 gets eval reward: 533.63.
[20260602 06:10:01 @multi_evo_agent_runner.py:116] Agent_1 gets win rate: 0.46.
[20260602 06:10:01 @multi_evo_agent_runner.py:79] #------------------------ Iteration 72 --------------------------#
[20260602 06:10:17 @multi_evo_agent_runner.py:85] Sampling 50000 steps by 50 slaves, spending 15.51 s.
[20260602 06:10:45 @multi_evo_agent_runner.py:94] Policy update, spending: 28.52 s.
[20260602 06:10:47 @multi_evo_agent_runner.py:99] Evaluation time: 2.21 s.
[20260602 06:10:47 @multi_evo_agent_runner.py:105] Total time:      56.58 min
[20260602 06:10:48 @multi_evo_agent_runner.py:115] Agent_0 gets eval reward: 659.89.
[20260602 06:10:48 @multi_evo_agent_runner.py:116] Agent_0 gets win rate: 0.46.
[20260602 06:10:48 @multi_evo_agent_runner.py:115] Agent_1 gets eval reward: 390.69.
[20260602 06:10:48 @multi_evo_agent_runner.py:116] Agent_1 gets win rate: 0.55.
[20260602 06:10:48 @multi_evo_agent_runner.py:79] #------------------------ Iteration 73 --------------------------#
[20260602 06:11:03 @multi_evo_agent_runner.py:85] Sampling 50000 steps by 50 slaves, spending 15.17 s.
[20260602 06:11:31 @multi_evo_agent_runner.py:94] Policy update, spending: 27.83 s.
[20260602 06:11:33 @multi_evo_agent_runner.py:99] Evaluation time: 1.96 s.
[20260602 06:11:33 @multi_evo_agent_runner.py:105] Total time:      57.33 min
[20260602 06:11:33 @multi_evo_agent_runner.py:115] Agent_0 gets eval reward: 682.04.
[20260602 06:11:33 @multi_evo_agent_runner.py:116] Agent_0 gets win rate: 0.56.
[20260602 06:11:33 @multi_evo_agent_runner.py:115] Agent_1 gets eval reward: 586.77.
[20260602 06:11:33 @multi_evo_agent_runner.py:116] Agent_1 gets win rate: 0.40.
[20260602 06:11:33 @multi_evo_agent_runner.py:79] #------------------------ Iteration 74 --------------------------#
[20260602 06:11:48 @multi_evo_agent_runner.py:85] Sampling 50000 steps by 50 slaves, spending 15.56 s.
[20260602 06:12:17 @multi_evo_agent_runner.py:94] Policy update, spending: 28.65 s.
[20260602 06:12:19 @multi_evo_agent_runner.py:99] Evaluation time: 2.36 s.
[20260602 06:12:19 @multi_evo_agent_runner.py:105] Total time:      58.11 min
[20260602 06:12:20 @multi_evo_agent_runner.py:115] Agent_0 gets eval reward: 751.24.
[20260602 06:12:20 @multi_evo_agent_runner.py:116] Agent_0 gets win rate: 0.47.
[20260602 06:12:20 @multi_evo_agent_runner.py:115] Agent_1 gets eval reward: 488.52.
[20260602 06:12:20 @multi_evo_agent_runner.py:116] Agent_1 gets win rate: 0.49.
[20260602 06:12:20 @multi_evo_agent_runner.py:79] #------------------------ Iteration 75 --------------------------#
[20260602 06:12:36 @multi_evo_agent_runner.py:85] Sampling 50000 steps by 50 slaves, spending 16.49 s.
[20260602 06:13:05 @multi_evo_agent_runner.py:94] Policy update, spending: 28.73 s.
[20260602 06:13:07 @multi_evo_agent_runner.py:99] Evaluation time: 1.94 s.
[20260602 06:13:07 @multi_evo_agent_runner.py:105] Total time:      58.90 min
[20260602 06:13:07 @multi_evo_agent_runner.py:115] Agent_0 gets eval reward: 328.61.
[20260602 06:13:07 @multi_evo_agent_runner.py:116] Agent_0 gets win rate: 0.38.
[20260602 06:13:07 @multi_evo_agent_runner.py:115] Agent_1 gets eval reward: 599.78.
[20260602 06:13:07 @multi_evo_agent_runner.py:116] Agent_1 gets win rate: 0.62.
[20260602 06:13:07 @multi_evo_agent_runner.py:79] #------------------------ Iteration 76 --------------------------#
[20260602 06:13:23 @multi_evo_agent_runner.py:85] Sampling 50000 steps by 50 slaves, spending 15.57 s.
[20260602 06:13:51 @multi_evo_agent_runner.py:94] Policy update, spending: 27.87 s.
[20260602 06:13:53 @multi_evo_agent_runner.py:99] Evaluation time: 1.96 s.
[20260602 06:13:53 @multi_evo_agent_runner.py:105] Total time:      59.66 min
[20260602 06:13:53 @multi_evo_agent_runner.py:115] Agent_0 gets eval reward: 565.65.
[20260602 06:13:53 @multi_evo_agent_runner.py:116] Agent_0 gets win rate: 0.57.
[20260602 06:13:53 @multi_evo_agent_runner.py:115] Agent_1 gets eval reward: 721.42.
[20260602 06:13:53 @multi_evo_agent_runner.py:116] Agent_1 gets win rate: 0.40.
[20260602 06:13:53 @multi_evo_agent_runner.py:503] CRITICAL save best checkpoint with agent_0's rewards 565.65!
[20260602 06:13:53 @multi_evo_agent_runner.py:79] #------------------------ Iteration 77 --------------------------#
[20260602 06:14:08 @multi_evo_agent_runner.py:85] Sampling 50000 steps by 50 slaves, spending 15.62 s.
[20260602 06:14:37 @multi_evo_agent_runner.py:94] Policy update, spending: 28.72 s.
[20260602 06:14:39 @multi_evo_agent_runner.py:99] Evaluation time: 1.92 s.
[20260602 06:14:39 @multi_evo_agent_runner.py:105] Total time:      60.44 min
[20260602 06:14:39 @multi_evo_agent_runner.py:115] Agent_0 gets eval reward: 549.33.
[20260602 06:14:39 @multi_evo_agent_runner.py:116] Agent_0 gets win rate: 0.50.
[20260602 06:14:39 @multi_evo_agent_runner.py:115] Agent_1 gets eval reward: 710.05.
[20260602 06:14:39 @multi_evo_agent_runner.py:116] Agent_1 gets win rate: 0.50.
[20260602 06:14:39 @multi_evo_agent_runner.py:79] #------------------------ Iteration 78 --------------------------#
[20260602 06:14:55 @multi_evo_agent_runner.py:85] Sampling 50000 steps by 50 slaves, spending 15.31 s.
[20260602 06:15:23 @multi_evo_agent_runner.py:94] Policy update, spending: 28.08 s.
[20260602 06:15:25 @multi_evo_agent_runner.py:99] Evaluation time: 1.92 s.
[20260602 06:15:25 @multi_evo_agent_runner.py:105] Total time:      61.20 min
[20260602 06:15:25 @multi_evo_agent_runner.py:115] Agent_0 gets eval reward: 645.61.
[20260602 06:15:25 @multi_evo_agent_runner.py:116] Agent_0 gets win rate: 0.52.
[20260602 06:15:25 @multi_evo_agent_runner.py:115] Agent_1 gets eval reward: 519.86.
[20260602 06:15:25 @multi_evo_agent_runner.py:116] Agent_1 gets win rate: 0.48.
[20260602 06:15:25 @multi_evo_agent_runner.py:503] CRITICAL save best checkpoint with agent_0's rewards 645.61!
[20260602 06:15:25 @multi_evo_agent_runner.py:79] #------------------------ Iteration 79 --------------------------#
[20260602 06:15:40 @multi_evo_agent_runner.py:85] Sampling 50000 steps by 50 slaves, spending 15.61 s.
[20260602 06:16:09 @multi_evo_agent_runner.py:94] Policy update, spending: 28.21 s.
[20260602 06:16:11 @multi_evo_agent_runner.py:99] Evaluation time: 2.02 s.
[20260602 06:16:11 @multi_evo_agent_runner.py:105] Total time:      61.97 min
[20260602 06:16:11 @multi_evo_agent_runner.py:115] Agent_0 gets eval reward: 743.55.
[20260602 06:16:11 @multi_evo_agent_runner.py:116] Agent_0 gets win rate: 0.61.
[20260602 06:16:11 @multi_evo_agent_runner.py:115] Agent_1 gets eval reward: 612.63.
[20260602 06:16:11 @multi_evo_agent_runner.py:116] Agent_1 gets win rate: 0.39.
[20260602 06:16:11 @multi_evo_agent_runner.py:503] CRITICAL save best checkpoint with agent_0's rewards 743.55!
[20260602 06:16:11 @multi_evo_agent_runner.py:79] #------------------------ Iteration 80 --------------------------#
[20260602 06:16:27 @multi_evo_agent_runner.py:85] Sampling 50000 steps by 50 slaves, spending 15.78 s.
[20260602 06:16:55 @multi_evo_agent_runner.py:94] Policy update, spending: 28.60 s.
[20260602 06:16:57 @multi_evo_agent_runner.py:99] Evaluation time: 1.96 s.
[20260602 06:16:57 @multi_evo_agent_runner.py:105] Total time:      62.74 min
[20260602 06:16:57 @multi_evo_agent_runner.py:115] Agent_0 gets eval reward: 539.56.
[20260602 06:16:57 @multi_evo_agent_runner.py:116] Agent_0 gets win rate: 0.40.
[20260602 06:16:57 @multi_evo_agent_runner.py:115] Agent_1 gets eval reward: 465.53.
[20260602 06:16:57 @multi_evo_agent_runner.py:116] Agent_1 gets win rate: 0.60.
[20260602 06:16:58 @multi_evo_agent_runner.py:79] #------------------------ Iteration 81 --------------------------#
[20260602 06:17:13 @multi_evo_agent_runner.py:85] Sampling 50000 steps by 50 slaves, spending 15.70 s.
[20260602 06:17:42 @multi_evo_agent_runner.py:94] Policy update, spending: 28.45 s.
[20260602 06:17:44 @multi_evo_agent_runner.py:99] Evaluation time: 2.00 s.
[20260602 06:17:44 @multi_evo_agent_runner.py:105] Total time:      63.52 min
[20260602 06:17:44 @multi_evo_agent_runner.py:115] Agent_0 gets eval reward: 602.27.
[20260602 06:17:44 @multi_evo_agent_runner.py:116] Agent_0 gets win rate: 0.66.
[20260602 06:17:44 @multi_evo_agent_runner.py:115] Agent_1 gets eval reward: 576.79.
[20260602 06:17:44 @multi_evo_agent_runner.py:116] Agent_1 gets win rate: 0.34.
[20260602 06:17:44 @multi_evo_agent_runner.py:503] CRITICAL save best checkpoint with agent_0's rewards 602.27!
[20260602 06:17:44 @multi_evo_agent_runner.py:79] #------------------------ Iteration 82 --------------------------#
[20260602 06:18:00 @multi_evo_agent_runner.py:85] Sampling 50000 steps by 50 slaves, spending 15.84 s.
[20260602 06:18:28 @multi_evo_agent_runner.py:94] Policy update, spending: 28.65 s.
[20260602 06:18:31 @multi_evo_agent_runner.py:99] Evaluation time: 2.11 s.
[20260602 06:18:31 @multi_evo_agent_runner.py:105] Total time:      64.30 min
[20260602 06:18:31 @multi_evo_agent_runner.py:115] Agent_0 gets eval reward: 599.72.
[20260602 06:18:31 @multi_evo_agent_runner.py:116] Agent_0 gets win rate: 0.55.
[20260602 06:18:31 @multi_evo_agent_runner.py:115] Agent_1 gets eval reward: 513.25.
[20260602 06:18:31 @multi_evo_agent_runner.py:116] Agent_1 gets win rate: 0.43.
[20260602 06:18:31 @multi_evo_agent_runner.py:79] #------------------------ Iteration 83 --------------------------#
[20260602 06:18:46 @multi_evo_agent_runner.py:85] Sampling 50000 steps by 50 slaves, spending 15.50 s.
[20260602 06:19:15 @multi_evo_agent_runner.py:94] Policy update, spending: 28.58 s.
[20260602 06:19:17 @multi_evo_agent_runner.py:99] Evaluation time: 2.40 s.
[20260602 06:19:17 @multi_evo_agent_runner.py:105] Total time:      65.08 min
[20260602 06:19:17 @multi_evo_agent_runner.py:115] Agent_0 gets eval reward: 248.74.
[20260602 06:19:17 @multi_evo_agent_runner.py:116] Agent_0 gets win rate: 0.40.
[20260602 06:19:17 @multi_evo_agent_runner.py:115] Agent_1 gets eval reward: 487.63.
[20260602 06:19:17 @multi_evo_agent_runner.py:116] Agent_1 gets win rate: 0.59.
[20260602 06:19:18 @multi_evo_agent_runner.py:79] #------------------------ Iteration 84 --------------------------#
[20260602 06:19:33 @multi_evo_agent_runner.py:85] Sampling 50000 steps by 50 slaves, spending 15.61 s.
[20260602 06:20:02 @multi_evo_agent_runner.py:94] Policy update, spending: 28.71 s.
[20260602 06:20:04 @multi_evo_agent_runner.py:99] Evaluation time: 1.98 s.
[20260602 06:20:04 @multi_evo_agent_runner.py:105] Total time:      65.85 min
[20260602 06:20:04 @multi_evo_agent_runner.py:115] Agent_0 gets eval reward: 460.21.
[20260602 06:20:04 @multi_evo_agent_runner.py:116] Agent_0 gets win rate: 0.32.
[20260602 06:20:04 @multi_evo_agent_runner.py:115] Agent_1 gets eval reward: 442.35.
[20260602 06:20:04 @multi_evo_agent_runner.py:116] Agent_1 gets win rate: 0.68.
[20260602 06:20:04 @multi_evo_agent_runner.py:503] CRITICAL save best checkpoint with agent_1's rewards 442.35!
[20260602 06:20:04 @multi_evo_agent_runner.py:79] #------------------------ Iteration 85 --------------------------#
[20260602 06:20:20 @multi_evo_agent_runner.py:85] Sampling 50000 steps by 50 slaves, spending 15.52 s.
[20260602 06:20:48 @multi_evo_agent_runner.py:94] Policy update, spending: 28.08 s.
[20260602 06:20:50 @multi_evo_agent_runner.py:99] Evaluation time: 2.41 s.
[20260602 06:20:50 @multi_evo_agent_runner.py:105] Total time:      66.63 min
[20260602 06:20:50 @multi_evo_agent_runner.py:115] Agent_0 gets eval reward: 431.00.
[20260602 06:20:50 @multi_evo_agent_runner.py:116] Agent_0 gets win rate: 0.55.
[20260602 06:20:50 @multi_evo_agent_runner.py:115] Agent_1 gets eval reward: 359.46.
[20260602 06:20:50 @multi_evo_agent_runner.py:116] Agent_1 gets win rate: 0.45.
[20260602 06:20:50 @multi_evo_agent_runner.py:79] #------------------------ Iteration 86 --------------------------#
[20260602 06:21:06 @multi_evo_agent_runner.py:85] Sampling 50000 steps by 50 slaves, spending 15.43 s.
[20260602 06:21:33 @multi_evo_agent_runner.py:94] Policy update, spending: 27.60 s.
[20260602 06:21:35 @multi_evo_agent_runner.py:99] Evaluation time: 2.03 s.
[20260602 06:21:35 @multi_evo_agent_runner.py:105] Total time:      67.38 min
[20260602 06:21:36 @multi_evo_agent_runner.py:115] Agent_0 gets eval reward: 533.09.
[20260602 06:21:36 @multi_evo_agent_runner.py:116] Agent_0 gets win rate: 0.45.
[20260602 06:21:36 @multi_evo_agent_runner.py:115] Agent_1 gets eval reward: 491.00.
[20260602 06:21:36 @multi_evo_agent_runner.py:116] Agent_1 gets win rate: 0.55.
[20260602 06:21:36 @multi_evo_agent_runner.py:503] CRITICAL save best checkpoint with agent_1's rewards 491.00!
[20260602 06:21:36 @multi_evo_agent_runner.py:79] #------------------------ Iteration 87 --------------------------#
[20260602 06:21:51 @multi_evo_agent_runner.py:85] Sampling 50000 steps by 50 slaves, spending 15.44 s.
[20260602 06:22:19 @multi_evo_agent_runner.py:94] Policy update, spending: 28.01 s.
[20260602 06:22:21 @multi_evo_agent_runner.py:99] Evaluation time: 2.07 s.
[20260602 06:22:21 @multi_evo_agent_runner.py:105] Total time:      68.14 min
[20260602 06:22:21 @multi_evo_agent_runner.py:115] Agent_0 gets eval reward: 280.25.
[20260602 06:22:21 @multi_evo_agent_runner.py:116] Agent_0 gets win rate: 0.43.
[20260602 06:22:21 @multi_evo_agent_runner.py:115] Agent_1 gets eval reward: 422.62.
[20260602 06:22:21 @multi_evo_agent_runner.py:116] Agent_1 gets win rate: 0.57.
[20260602 06:22:21 @multi_evo_agent_runner.py:503] CRITICAL save best checkpoint with agent_1's rewards 422.62!
[20260602 06:22:21 @multi_evo_agent_runner.py:79] #------------------------ Iteration 88 --------------------------#
[20260602 06:22:38 @multi_evo_agent_runner.py:85] Sampling 50000 steps by 50 slaves, spending 16.09 s.
[20260602 06:23:06 @multi_evo_agent_runner.py:94] Policy update, spending: 28.42 s.
[20260602 06:23:08 @multi_evo_agent_runner.py:99] Evaluation time: 1.98 s.
[20260602 06:23:08 @multi_evo_agent_runner.py:105] Total time:      68.92 min
[20260602 06:23:08 @multi_evo_agent_runner.py:115] Agent_0 gets eval reward: 445.59.
[20260602 06:23:08 @multi_evo_agent_runner.py:116] Agent_0 gets win rate: 0.59.
[20260602 06:23:08 @multi_evo_agent_runner.py:115] Agent_1 gets eval reward: 494.12.
[20260602 06:23:08 @multi_evo_agent_runner.py:116] Agent_1 gets win rate: 0.42.
[20260602 06:23:08 @multi_evo_agent_runner.py:503] CRITICAL save best checkpoint with agent_1's rewards 494.12!
[20260602 06:23:08 @multi_evo_agent_runner.py:79] #------------------------ Iteration 89 --------------------------#
[20260602 06:23:24 @multi_evo_agent_runner.py:85] Sampling 50000 steps by 50 slaves, spending 15.26 s.
[20260602 06:23:52 @multi_evo_agent_runner.py:94] Policy update, spending: 28.25 s.
[20260602 06:23:54 @multi_evo_agent_runner.py:99] Evaluation time: 2.38 s.
[20260602 06:23:54 @multi_evo_agent_runner.py:105] Total time:      69.69 min
[20260602 06:23:54 @multi_evo_agent_runner.py:115] Agent_0 gets eval reward: 499.41.
[20260602 06:23:54 @multi_evo_agent_runner.py:116] Agent_0 gets win rate: 0.53.
[20260602 06:23:54 @multi_evo_agent_runner.py:115] Agent_1 gets eval reward: 557.22.
[20260602 06:23:54 @multi_evo_agent_runner.py:116] Agent_1 gets win rate: 0.47.
[20260602 06:23:54 @multi_evo_agent_runner.py:503] CRITICAL save best checkpoint with agent_1's rewards 557.22!
[20260602 06:23:54 @multi_evo_agent_runner.py:79] #------------------------ Iteration 90 --------------------------#
[20260602 06:24:10 @multi_evo_agent_runner.py:85] Sampling 50000 steps by 50 slaves, spending 15.54 s.
[20260602 06:24:38 @multi_evo_agent_runner.py:94] Policy update, spending: 28.40 s.
[20260602 06:24:40 @multi_evo_agent_runner.py:99] Evaluation time: 2.04 s.
[20260602 06:24:40 @multi_evo_agent_runner.py:105] Total time:      70.46 min
[20260602 06:24:41 @multi_evo_agent_runner.py:115] Agent_0 gets eval reward: 440.68.
[20260602 06:24:41 @multi_evo_agent_runner.py:116] Agent_0 gets win rate: 0.43.
[20260602 06:24:41 @multi_evo_agent_runner.py:115] Agent_1 gets eval reward: 543.96.
[20260602 06:24:41 @multi_evo_agent_runner.py:116] Agent_1 gets win rate: 0.55.
[20260602 06:24:41 @multi_evo_agent_runner.py:503] CRITICAL save best checkpoint with agent_1's rewards 543.96!
[20260602 06:24:41 @multi_evo_agent_runner.py:79] #------------------------ Iteration 91 --------------------------#
[20260602 06:24:56 @multi_evo_agent_runner.py:85] Sampling 50000 steps by 50 slaves, spending 15.64 s.
[20260602 06:25:25 @multi_evo_agent_runner.py:94] Policy update, spending: 28.24 s.
[20260602 06:25:27 @multi_evo_agent_runner.py:99] Evaluation time: 2.18 s.
[20260602 06:25:27 @multi_evo_agent_runner.py:105] Total time:      71.23 min
[20260602 06:25:27 @multi_evo_agent_runner.py:115] Agent_0 gets eval reward: 549.54.
[20260602 06:25:27 @multi_evo_agent_runner.py:116] Agent_0 gets win rate: 0.52.
[20260602 06:25:27 @multi_evo_agent_runner.py:115] Agent_1 gets eval reward: 372.27.
[20260602 06:25:27 @multi_evo_agent_runner.py:116] Agent_1 gets win rate: 0.49.
[20260602 06:25:27 @multi_evo_agent_runner.py:79] #------------------------ Iteration 92 --------------------------#
[20260602 06:25:42 @multi_evo_agent_runner.py:85] Sampling 50000 steps by 50 slaves, spending 15.26 s.
[20260602 06:26:11 @multi_evo_agent_runner.py:94] Policy update, spending: 28.52 s.
[20260602 06:26:13 @multi_evo_agent_runner.py:99] Evaluation time: 2.44 s.
[20260602 06:26:13 @multi_evo_agent_runner.py:105] Total time:      72.01 min
[20260602 06:26:13 @multi_evo_agent_runner.py:115] Agent_0 gets eval reward: 808.70.
[20260602 06:26:13 @multi_evo_agent_runner.py:116] Agent_0 gets win rate: 0.64.
[20260602 06:26:13 @multi_evo_agent_runner.py:115] Agent_1 gets eval reward: 817.40.
[20260602 06:26:13 @multi_evo_agent_runner.py:116] Agent_1 gets win rate: 0.34.
[20260602 06:26:13 @multi_evo_agent_runner.py:503] CRITICAL save best checkpoint with agent_0's rewards 808.70!
[20260602 06:26:13 @multi_evo_agent_runner.py:503] CRITICAL save best checkpoint with agent_1's rewards 817.40!
[20260602 06:26:13 @multi_evo_agent_runner.py:79] #------------------------ Iteration 93 --------------------------#
[20260602 06:26:29 @multi_evo_agent_runner.py:85] Sampling 50000 steps by 50 slaves, spending 15.45 s.
[20260602 06:26:56 @multi_evo_agent_runner.py:94] Policy update, spending: 27.54 s.
[20260602 06:26:59 @multi_evo_agent_runner.py:99] Evaluation time: 2.28 s.
[20260602 06:26:59 @multi_evo_agent_runner.py:105] Total time:      72.77 min
[20260602 06:26:59 @multi_evo_agent_runner.py:115] Agent_0 gets eval reward: 537.25.
[20260602 06:26:59 @multi_evo_agent_runner.py:116] Agent_0 gets win rate: 0.55.
[20260602 06:26:59 @multi_evo_agent_runner.py:115] Agent_1 gets eval reward: 735.95.
[20260602 06:26:59 @multi_evo_agent_runner.py:116] Agent_1 gets win rate: 0.45.
[20260602 06:26:59 @multi_evo_agent_runner.py:503] CRITICAL save best checkpoint with agent_1's rewards 735.95!
[20260602 06:26:59 @multi_evo_agent_runner.py:79] #------------------------ Iteration 94 --------------------------#
[20260602 06:27:14 @multi_evo_agent_runner.py:85] Sampling 50000 steps by 50 slaves, spending 15.13 s.
[20260602 06:27:42 @multi_evo_agent_runner.py:94] Policy update, spending: 27.84 s.
[20260602 06:27:44 @multi_evo_agent_runner.py:99] Evaluation time: 1.95 s.
[20260602 06:27:44 @multi_evo_agent_runner.py:105] Total time:      73.52 min
[20260602 06:27:44 @multi_evo_agent_runner.py:115] Agent_0 gets eval reward: 504.28.
[20260602 06:27:44 @multi_evo_agent_runner.py:116] Agent_0 gets win rate: 0.65.
[20260602 06:27:44 @multi_evo_agent_runner.py:115] Agent_1 gets eval reward: 853.71.
[20260602 06:27:44 @multi_evo_agent_runner.py:116] Agent_1 gets win rate: 0.35.
[20260602 06:27:44 @multi_evo_agent_runner.py:503] CRITICAL save best checkpoint with agent_0's rewards 504.28!
[20260602 06:27:44 @multi_evo_agent_runner.py:503] CRITICAL save best checkpoint with agent_1's rewards 853.71!
[20260602 06:27:44 @multi_evo_agent_runner.py:79] #------------------------ Iteration 95 --------------------------#
[20260602 06:28:00 @multi_evo_agent_runner.py:85] Sampling 50000 steps by 50 slaves, spending 15.84 s.
[20260602 06:28:29 @multi_evo_agent_runner.py:94] Policy update, spending: 28.62 s.
[20260602 06:28:31 @multi_evo_agent_runner.py:99] Evaluation time: 2.05 s.
[20260602 06:28:31 @multi_evo_agent_runner.py:105] Total time:      74.30 min
[20260602 06:28:31 @multi_evo_agent_runner.py:115] Agent_0 gets eval reward: 602.95.
[20260602 06:28:31 @multi_evo_agent_runner.py:116] Agent_0 gets win rate: 0.51.
[20260602 06:28:31 @multi_evo_agent_runner.py:115] Agent_1 gets eval reward: 467.73.
[20260602 06:28:31 @multi_evo_agent_runner.py:116] Agent_1 gets win rate: 0.46.
[20260602 06:28:31 @multi_evo_agent_runner.py:503] CRITICAL save best checkpoint with agent_0's rewards 602.95!
[20260602 06:28:31 @multi_evo_agent_runner.py:503] CRITICAL save best checkpoint with agent_1's rewards 467.73!
[20260602 06:28:31 @multi_evo_agent_runner.py:79] #------------------------ Iteration 96 --------------------------#
[20260602 06:28:46 @multi_evo_agent_runner.py:85] Sampling 50000 steps by 50 slaves, spending 15.11 s.
[20260602 06:29:14 @multi_evo_agent_runner.py:94] Policy update, spending: 28.03 s.
[20260602 06:29:16 @multi_evo_agent_runner.py:99] Evaluation time: 2.02 s.
[20260602 06:29:16 @multi_evo_agent_runner.py:105] Total time:      75.06 min
[20260602 06:29:16 @multi_evo_agent_runner.py:115] Agent_0 gets eval reward: 376.78.
[20260602 06:29:16 @multi_evo_agent_runner.py:116] Agent_0 gets win rate: 0.50.
[20260602 06:29:16 @multi_evo_agent_runner.py:115] Agent_1 gets eval reward: 573.87.
[20260602 06:29:16 @multi_evo_agent_runner.py:116] Agent_1 gets win rate: 0.51.
[20260602 06:29:16 @multi_evo_agent_runner.py:503] CRITICAL save best checkpoint with agent_1's rewards 573.87!
[20260602 06:29:16 @multi_evo_agent_runner.py:79] #------------------------ Iteration 97 --------------------------#
[20260602 06:29:32 @multi_evo_agent_runner.py:85] Sampling 50000 steps by 50 slaves, spending 15.43 s.
[20260602 06:30:00 @multi_evo_agent_runner.py:94] Policy update, spending: 27.92 s.
[20260602 06:30:02 @multi_evo_agent_runner.py:99] Evaluation time: 2.02 s.
[20260602 06:30:02 @multi_evo_agent_runner.py:105] Total time:      75.82 min
[20260602 06:30:02 @multi_evo_agent_runner.py:115] Agent_0 gets eval reward: 516.51.
[20260602 06:30:02 @multi_evo_agent_runner.py:116] Agent_0 gets win rate: 0.52.
[20260602 06:30:02 @multi_evo_agent_runner.py:115] Agent_1 gets eval reward: 363.82.
[20260602 06:30:02 @multi_evo_agent_runner.py:116] Agent_1 gets win rate: 0.48.
[20260602 06:30:02 @multi_evo_agent_runner.py:503] CRITICAL save best checkpoint with agent_0's rewards 516.51!
[20260602 06:30:02 @multi_evo_agent_runner.py:79] #------------------------ Iteration 98 --------------------------#
[20260602 06:30:17 @multi_evo_agent_runner.py:85] Sampling 50000 steps by 50 slaves, spending 15.23 s.
[20260602 06:30:45 @multi_evo_agent_runner.py:94] Policy update, spending: 28.12 s.
[20260602 06:30:48 @multi_evo_agent_runner.py:99] Evaluation time: 2.27 s.
[20260602 06:30:48 @multi_evo_agent_runner.py:105] Total time:      76.58 min
[20260602 06:30:48 @multi_evo_agent_runner.py:115] Agent_0 gets eval reward: 473.63.
[20260602 06:30:48 @multi_evo_agent_runner.py:116] Agent_0 gets win rate: 0.45.
[20260602 06:30:48 @multi_evo_agent_runner.py:115] Agent_1 gets eval reward: 368.74.
[20260602 06:30:48 @multi_evo_agent_runner.py:116] Agent_1 gets win rate: 0.54.
[20260602 06:30:48 @multi_evo_agent_runner.py:503] CRITICAL save best checkpoint with agent_1's rewards 368.74!
[20260602 06:30:48 @multi_evo_agent_runner.py:79] #------------------------ Iteration 99 --------------------------#
[20260602 06:31:03 @multi_evo_agent_runner.py:85] Sampling 50000 steps by 50 slaves, spending 15.45 s.
[20260602 06:31:31 @multi_evo_agent_runner.py:94] Policy update, spending: 28.06 s.
[20260602 06:31:33 @multi_evo_agent_runner.py:99] Evaluation time: 2.04 s.
[20260602 06:31:33 @multi_evo_agent_runner.py:105] Total time:      77.35 min
[20260602 06:31:34 @multi_evo_agent_runner.py:115] Agent_0 gets eval reward: 615.67.
[20260602 06:31:34 @multi_evo_agent_runner.py:116] Agent_0 gets win rate: 0.47.
[20260602 06:31:34 @multi_evo_agent_runner.py:115] Agent_1 gets eval reward: 494.29.
[20260602 06:31:34 @multi_evo_agent_runner.py:116] Agent_1 gets win rate: 0.50.
[20260602 06:31:34 @multi_evo_agent_runner.py:503] CRITICAL save best checkpoint with agent_0's rewards 615.67!
[20260602 06:31:34 @multi_evo_agent_runner.py:503] CRITICAL save best checkpoint with agent_1's rewards 494.29!
[20260602 06:31:34 @multi_evo_agent_runner.py:79] #------------------------ Iteration 100 --------------------------#
[20260602 06:31:50 @multi_evo_agent_runner.py:85] Sampling 50000 steps by 50 slaves, spending 15.94 s.
[20260602 06:32:18 @multi_evo_agent_runner.py:94] Policy update, spending: 28.75 s.
[20260602 06:32:21 @multi_evo_agent_runner.py:99] Evaluation time: 2.30 s.
[20260602 06:32:21 @multi_evo_agent_runner.py:105] Total time:      78.13 min
[20260602 06:32:21 @multi_evo_agent_runner.py:115] Agent_0 gets eval reward: 566.60.
[20260602 06:32:21 @multi_evo_agent_runner.py:116] Agent_0 gets win rate: 0.51.
[20260602 06:32:21 @multi_evo_agent_runner.py:115] Agent_1 gets eval reward: 759.09.
[20260602 06:32:21 @multi_evo_agent_runner.py:116] Agent_1 gets win rate: 0.49.
[20260602 06:32:21 @multi_evo_agent_runner.py:503] CRITICAL save best checkpoint with agent_0's rewards 566.60!
[20260602 06:32:21 @multi_evo_agent_runner.py:503] CRITICAL save best checkpoint with agent_1's rewards 759.09!
[20260602 06:32:21 @multi_evo_agent_runner.py:79] #------------------------ Iteration 101 --------------------------#
[20260602 06:32:37 @multi_evo_agent_runner.py:85] Sampling 50000 steps by 50 slaves, spending 15.81 s.
[20260602 06:33:05 @multi_evo_agent_runner.py:94] Policy update, spending: 27.99 s.
[20260602 06:33:07 @multi_evo_agent_runner.py:99] Evaluation time: 2.23 s.
[20260602 06:33:07 @multi_evo_agent_runner.py:105] Total time:      78.91 min
[20260602 06:33:07 @multi_evo_agent_runner.py:115] Agent_0 gets eval reward: 734.24.
[20260602 06:33:07 @multi_evo_agent_runner.py:116] Agent_0 gets win rate: 0.60.
[20260602 06:33:07 @multi_evo_agent_runner.py:115] Agent_1 gets eval reward: 535.38.
[20260602 06:33:07 @multi_evo_agent_runner.py:116] Agent_1 gets win rate: 0.41.
[20260602 06:33:07 @multi_evo_agent_runner.py:503] CRITICAL save best checkpoint with agent_0's rewards 734.24!
[20260602 06:33:07 @multi_evo_agent_runner.py:79] #------------------------ Iteration 102 --------------------------#
[20260602 06:33:22 @multi_evo_agent_runner.py:85] Sampling 50000 steps by 50 slaves, spending 15.10 s.
[20260602 06:33:50 @multi_evo_agent_runner.py:94] Policy update, spending: 28.08 s.
[20260602 06:33:53 @multi_evo_agent_runner.py:99] Evaluation time: 2.21 s.
[20260602 06:33:53 @multi_evo_agent_runner.py:105] Total time:      79.67 min
[20260602 06:33:53 @multi_evo_agent_runner.py:115] Agent_0 gets eval reward: 448.92.
[20260602 06:33:53 @multi_evo_agent_runner.py:116] Agent_0 gets win rate: 0.43.
[20260602 06:33:53 @multi_evo_agent_runner.py:115] Agent_1 gets eval reward: 609.10.
[20260602 06:33:53 @multi_evo_agent_runner.py:116] Agent_1 gets win rate: 0.54.
[20260602 06:33:53 @multi_evo_agent_runner.py:503] CRITICAL save best checkpoint with agent_1's rewards 609.10!
[20260602 06:33:53 @multi_evo_agent_runner.py:79] #------------------------ Iteration 103 --------------------------#
[20260602 06:34:09 @multi_evo_agent_runner.py:85] Sampling 50000 steps by 50 slaves, spending 15.85 s.
[20260602 06:34:37 @multi_evo_agent_runner.py:94] Policy update, spending: 28.65 s.
[20260602 06:34:39 @multi_evo_agent_runner.py:99] Evaluation time: 1.90 s.
[20260602 06:34:39 @multi_evo_agent_runner.py:105] Total time:      80.44 min
[20260602 06:34:39 @multi_evo_agent_runner.py:115] Agent_0 gets eval reward: 576.15.
[20260602 06:34:39 @multi_evo_agent_runner.py:116] Agent_0 gets win rate: 0.62.
[20260602 06:34:39 @multi_evo_agent_runner.py:115] Agent_1 gets eval reward: 572.86.
[20260602 06:34:39 @multi_evo_agent_runner.py:116] Agent_1 gets win rate: 0.38.
[20260602 06:34:39 @multi_evo_agent_runner.py:503] CRITICAL save best checkpoint with agent_0's rewards 576.15!
[20260602 06:34:40 @multi_evo_agent_runner.py:79] #------------------------ Iteration 104 --------------------------#
[20260602 06:34:55 @multi_evo_agent_runner.py:85] Sampling 50000 steps by 50 slaves, spending 15.85 s.
[20260602 06:35:24 @multi_evo_agent_runner.py:94] Policy update, spending: 28.44 s.
[20260602 06:35:26 @multi_evo_agent_runner.py:99] Evaluation time: 1.97 s.
[20260602 06:35:26 @multi_evo_agent_runner.py:105] Total time:      81.22 min
[20260602 06:35:26 @multi_evo_agent_runner.py:115] Agent_0 gets eval reward: 296.09.
[20260602 06:35:26 @multi_evo_agent_runner.py:116] Agent_0 gets win rate: 0.43.
[20260602 06:35:26 @multi_evo_agent_runner.py:115] Agent_1 gets eval reward: 517.38.
[20260602 06:35:26 @multi_evo_agent_runner.py:116] Agent_1 gets win rate: 0.54.
[20260602 06:35:26 @multi_evo_agent_runner.py:79] #------------------------ Iteration 105 --------------------------#
[20260602 06:35:41 @multi_evo_agent_runner.py:85] Sampling 50000 steps by 50 slaves, spending 15.23 s.
[20260602 06:36:09 @multi_evo_agent_runner.py:94] Policy update, spending: 28.04 s.
[20260602 06:36:11 @multi_evo_agent_runner.py:99] Evaluation time: 2.08 s.
[20260602 06:36:11 @multi_evo_agent_runner.py:105] Total time:      81.98 min
[20260602 06:36:12 @multi_evo_agent_runner.py:115] Agent_0 gets eval reward: 622.80.
[20260602 06:36:12 @multi_evo_agent_runner.py:116] Agent_0 gets win rate: 0.50.
[20260602 06:36:12 @multi_evo_agent_runner.py:115] Agent_1 gets eval reward: 647.67.
[20260602 06:36:12 @multi_evo_agent_runner.py:116] Agent_1 gets win rate: 0.50.
[20260602 06:36:12 @multi_evo_agent_runner.py:503] CRITICAL save best checkpoint with agent_0's rewards 622.80!
[20260602 06:36:12 @multi_evo_agent_runner.py:503] CRITICAL save best checkpoint with agent_1's rewards 647.67!
[20260602 06:36:12 @multi_evo_agent_runner.py:79] #------------------------ Iteration 106 --------------------------#
[20260602 06:36:28 @multi_evo_agent_runner.py:85] Sampling 50000 steps by 50 slaves, spending 15.86 s.
[20260602 06:36:56 @multi_evo_agent_runner.py:94] Policy update, spending: 28.30 s.
[20260602 06:36:58 @multi_evo_agent_runner.py:99] Evaluation time: 1.92 s.
[20260602 06:36:58 @multi_evo_agent_runner.py:105] Total time:      82.75 min
[20260602 06:36:58 @multi_evo_agent_runner.py:115] Agent_0 gets eval reward: 497.77.
[20260602 06:36:58 @multi_evo_agent_runner.py:116] Agent_0 gets win rate: 0.51.
[20260602 06:36:58 @multi_evo_agent_runner.py:115] Agent_1 gets eval reward: 496.47.
[20260602 06:36:58 @multi_evo_agent_runner.py:116] Agent_1 gets win rate: 0.49.
[20260602 06:36:58 @multi_evo_agent_runner.py:503] CRITICAL save best checkpoint with agent_0's rewards 497.77!
[20260602 06:36:58 @multi_evo_agent_runner.py:79] #------------------------ Iteration 107 --------------------------#
[20260602 06:37:14 @multi_evo_agent_runner.py:85] Sampling 50000 steps by 50 slaves, spending 15.57 s.
[20260602 06:37:42 @multi_evo_agent_runner.py:94] Policy update, spending: 28.42 s.
[20260602 06:37:44 @multi_evo_agent_runner.py:99] Evaluation time: 2.02 s.
[20260602 06:37:44 @multi_evo_agent_runner.py:105] Total time:      83.52 min
[20260602 06:37:44 @multi_evo_agent_runner.py:115] Agent_0 gets eval reward: 979.37.
[20260602 06:37:44 @multi_evo_agent_runner.py:116] Agent_0 gets win rate: 0.52.
[20260602 06:37:44 @multi_evo_agent_runner.py:115] Agent_1 gets eval reward: 575.28.
[20260602 06:37:44 @multi_evo_agent_runner.py:116] Agent_1 gets win rate: 0.43.
[20260602 06:37:44 @multi_evo_agent_runner.py:503] CRITICAL save best checkpoint with agent_0's rewards 979.37!
[20260602 06:37:44 @multi_evo_agent_runner.py:79] #------------------------ Iteration 108 --------------------------#
[20260602 06:38:00 @multi_evo_agent_runner.py:85] Sampling 50000 steps by 50 slaves, spending 15.51 s.
[20260602 06:38:28 @multi_evo_agent_runner.py:94] Policy update, spending: 28.61 s.
[20260602 06:38:31 @multi_evo_agent_runner.py:99] Evaluation time: 2.09 s.
[20260602 06:38:31 @multi_evo_agent_runner.py:105] Total time:      84.30 min
[20260602 06:38:31 @multi_evo_agent_runner.py:115] Agent_0 gets eval reward: 458.78.
[20260602 06:38:31 @multi_evo_agent_runner.py:116] Agent_0 gets win rate: 0.49.
[20260602 06:38:31 @multi_evo_agent_runner.py:115] Agent_1 gets eval reward: 512.94.
[20260602 06:38:31 @multi_evo_agent_runner.py:116] Agent_1 gets win rate: 0.51.
[20260602 06:38:31 @multi_evo_agent_runner.py:503] CRITICAL save best checkpoint with agent_1's rewards 512.94!
[20260602 06:38:31 @multi_evo_agent_runner.py:79] #------------------------ Iteration 109 --------------------------#
[20260602 06:38:46 @multi_evo_agent_runner.py:85] Sampling 50000 steps by 50 slaves, spending 15.57 s.
[20260602 06:39:14 @multi_evo_agent_runner.py:94] Policy update, spending: 27.97 s.
[20260602 06:39:17 @multi_evo_agent_runner.py:99] Evaluation time: 2.37 s.
[20260602 06:39:17 @multi_evo_agent_runner.py:105] Total time:      85.07 min
[20260602 06:39:17 @multi_evo_agent_runner.py:115] Agent_0 gets eval reward: 699.15.
[20260602 06:39:17 @multi_evo_agent_runner.py:116] Agent_0 gets win rate: 0.55.
[20260602 06:39:17 @multi_evo_agent_runner.py:115] Agent_1 gets eval reward: 672.60.
[20260602 06:39:17 @multi_evo_agent_runner.py:116] Agent_1 gets win rate: 0.45.
[20260602 06:39:17 @multi_evo_agent_runner.py:503] CRITICAL save best checkpoint with agent_0's rewards 699.15!
[20260602 06:39:17 @multi_evo_agent_runner.py:503] CRITICAL save best checkpoint with agent_1's rewards 672.60!
[20260602 06:39:17 @multi_evo_agent_runner.py:79] #------------------------ Iteration 110 --------------------------#
[20260602 06:39:33 @multi_evo_agent_runner.py:85] Sampling 50000 steps by 50 slaves, spending 15.65 s.
[20260602 06:40:01 @multi_evo_agent_runner.py:94] Policy update, spending: 28.20 s.
[20260602 06:40:03 @multi_evo_agent_runner.py:99] Evaluation time: 2.03 s.
[20260602 06:40:03 @multi_evo_agent_runner.py:105] Total time:      85.84 min
[20260602 06:40:03 @multi_evo_agent_runner.py:115] Agent_0 gets eval reward: 804.10.
[20260602 06:40:03 @multi_evo_agent_runner.py:116] Agent_0 gets win rate: 0.34.
[20260602 06:40:03 @multi_evo_agent_runner.py:115] Agent_1 gets eval reward: 625.14.
[20260602 06:40:03 @multi_evo_agent_runner.py:116] Agent_1 gets win rate: 0.64.
[20260602 06:40:03 @multi_evo_agent_runner.py:503] CRITICAL save best checkpoint with agent_0's rewards 804.10!
[20260602 06:40:03 @multi_evo_agent_runner.py:503] CRITICAL save best checkpoint with agent_1's rewards 625.14!
[20260602 06:40:03 @multi_evo_agent_runner.py:79] #------------------------ Iteration 111 --------------------------#
[20260602 06:40:19 @multi_evo_agent_runner.py:85] Sampling 50000 steps by 50 slaves, spending 16.11 s.
[20260602 06:40:48 @multi_evo_agent_runner.py:94] Policy update, spending: 28.61 s.
[20260602 06:40:50 @multi_evo_agent_runner.py:99] Evaluation time: 2.18 s.
[20260602 06:40:50 @multi_evo_agent_runner.py:105] Total time:      86.62 min
[20260602 06:40:50 @multi_evo_agent_runner.py:115] Agent_0 gets eval reward: 617.62.
[20260602 06:40:50 @multi_evo_agent_runner.py:116] Agent_0 gets win rate: 0.58.
[20260602 06:40:50 @multi_evo_agent_runner.py:115] Agent_1 gets eval reward: 564.11.
[20260602 06:40:50 @multi_evo_agent_runner.py:116] Agent_1 gets win rate: 0.44.
[20260602 06:40:50 @multi_evo_agent_runner.py:503] CRITICAL save best checkpoint with agent_0's rewards 617.62!
[20260602 06:40:50 @multi_evo_agent_runner.py:79] #------------------------ Iteration 112 --------------------------#
[20260602 06:41:06 @multi_evo_agent_runner.py:85] Sampling 50000 steps by 50 slaves, spending 15.57 s.
[20260602 06:41:34 @multi_evo_agent_runner.py:94] Policy update, spending: 28.05 s.
[20260602 06:41:36 @multi_evo_agent_runner.py:99] Evaluation time: 2.09 s.
[20260602 06:41:36 @multi_evo_agent_runner.py:105] Total time:      87.39 min
[20260602 06:41:36 @multi_evo_agent_runner.py:115] Agent_0 gets eval reward: 398.06.
[20260602 06:41:36 @multi_evo_agent_runner.py:116] Agent_0 gets win rate: 0.51.
[20260602 06:41:36 @multi_evo_agent_runner.py:115] Agent_1 gets eval reward: 474.71.
[20260602 06:41:36 @multi_evo_agent_runner.py:116] Agent_1 gets win rate: 0.46.
[20260602 06:41:36 @multi_evo_agent_runner.py:79] #------------------------ Iteration 113 --------------------------#
[20260602 06:41:52 @multi_evo_agent_runner.py:85] Sampling 50000 steps by 50 slaves, spending 15.85 s.
[20260602 06:42:20 @multi_evo_agent_runner.py:94] Policy update, spending: 27.76 s.
[20260602 06:42:22 @multi_evo_agent_runner.py:99] Evaluation time: 2.26 s.
[20260602 06:42:22 @multi_evo_agent_runner.py:105] Total time:      88.16 min
[20260602 06:42:22 @multi_evo_agent_runner.py:115] Agent_0 gets eval reward: 859.79.
[20260602 06:42:22 @multi_evo_agent_runner.py:116] Agent_0 gets win rate: 0.40.
[20260602 06:42:22 @multi_evo_agent_runner.py:115] Agent_1 gets eval reward: 590.53.
[20260602 06:42:22 @multi_evo_agent_runner.py:116] Agent_1 gets win rate: 0.59.
[20260602 06:42:22 @multi_evo_agent_runner.py:503] CRITICAL save best checkpoint with agent_0's rewards 859.79!
[20260602 06:42:22 @multi_evo_agent_runner.py:79] #------------------------ Iteration 114 --------------------------#
[20260602 06:42:38 @multi_evo_agent_runner.py:85] Sampling 50000 steps by 50 slaves, spending 15.98 s.
[20260602 06:43:07 @multi_evo_agent_runner.py:94] Policy update, spending: 29.08 s.
[20260602 06:43:09 @multi_evo_agent_runner.py:99] Evaluation time: 2.02 s.
[20260602 06:43:09 @multi_evo_agent_runner.py:105] Total time:      88.95 min
[20260602 06:43:10 @multi_evo_agent_runner.py:115] Agent_0 gets eval reward: 547.56.
[20260602 06:43:10 @multi_evo_agent_runner.py:116] Agent_0 gets win rate: 0.59.
[20260602 06:43:10 @multi_evo_agent_runner.py:115] Agent_1 gets eval reward: 357.53.
[20260602 06:43:10 @multi_evo_agent_runner.py:116] Agent_1 gets win rate: 0.40.
[20260602 06:43:10 @multi_evo_agent_runner.py:503] CRITICAL save best checkpoint with agent_0's rewards 547.56!
[20260602 06:43:10 @multi_evo_agent_runner.py:79] #------------------------ Iteration 115 --------------------------#
[20260602 06:43:26 @multi_evo_agent_runner.py:85] Sampling 50000 steps by 50 slaves, spending 16.00 s.
[20260602 06:43:55 @multi_evo_agent_runner.py:94] Policy update, spending: 28.95 s.
[20260602 06:43:57 @multi_evo_agent_runner.py:99] Evaluation time: 1.96 s.
[20260602 06:43:57 @multi_evo_agent_runner.py:105] Total time:      89.74 min
[20260602 06:43:57 @multi_evo_agent_runner.py:115] Agent_0 gets eval reward: 421.69.
[20260602 06:43:57 @multi_evo_agent_runner.py:116] Agent_0 gets win rate: 0.47.
[20260602 06:43:57 @multi_evo_agent_runner.py:115] Agent_1 gets eval reward: 381.52.
[20260602 06:43:57 @multi_evo_agent_runner.py:116] Agent_1 gets win rate: 0.52.
[20260602 06:43:57 @multi_evo_agent_runner.py:79] #------------------------ Iteration 116 --------------------------#
[20260602 06:44:13 @multi_evo_agent_runner.py:85] Sampling 50000 steps by 50 slaves, spending 16.11 s.
[20260602 06:44:41 @multi_evo_agent_runner.py:94] Policy update, spending: 28.13 s.
[20260602 06:44:44 @multi_evo_agent_runner.py:99] Evaluation time: 2.22 s.
[20260602 06:44:44 @multi_evo_agent_runner.py:105] Total time:      90.51 min
[20260602 06:44:44 @multi_evo_agent_runner.py:115] Agent_0 gets eval reward: 507.29.
[20260602 06:44:44 @multi_evo_agent_runner.py:116] Agent_0 gets win rate: 0.53.
[20260602 06:44:44 @multi_evo_agent_runner.py:115] Agent_1 gets eval reward: 557.58.
[20260602 06:44:44 @multi_evo_agent_runner.py:116] Agent_1 gets win rate: 0.46.
[20260602 06:44:44 @multi_evo_agent_runner.py:79] #------------------------ Iteration 117 --------------------------#
[20260602 06:45:00 @multi_evo_agent_runner.py:85] Sampling 50000 steps by 50 slaves, spending 15.81 s.
[20260602 06:45:28 @multi_evo_agent_runner.py:94] Policy update, spending: 28.36 s.
[20260602 06:45:30 @multi_evo_agent_runner.py:99] Evaluation time: 1.94 s.
[20260602 06:45:30 @multi_evo_agent_runner.py:105] Total time:      91.29 min
[20260602 06:45:30 @multi_evo_agent_runner.py:115] Agent_0 gets eval reward: 556.61.
[20260602 06:45:30 @multi_evo_agent_runner.py:116] Agent_0 gets win rate: 0.39.
[20260602 06:45:30 @multi_evo_agent_runner.py:115] Agent_1 gets eval reward: 622.53.
[20260602 06:45:30 @multi_evo_agent_runner.py:116] Agent_1 gets win rate: 0.58.
[20260602 06:45:30 @multi_evo_agent_runner.py:503] CRITICAL save best checkpoint with agent_0's rewards 556.61!
[20260602 06:45:30 @multi_evo_agent_runner.py:79] #------------------------ Iteration 118 --------------------------#
[20260602 06:45:46 @multi_evo_agent_runner.py:85] Sampling 50000 steps by 50 slaves, spending 16.25 s.
[20260602 06:46:15 @multi_evo_agent_runner.py:94] Policy update, spending: 28.54 s.
[20260602 06:46:17 @multi_evo_agent_runner.py:99] Evaluation time: 2.04 s.
[20260602 06:46:17 @multi_evo_agent_runner.py:105] Total time:      92.07 min
[20260602 06:46:17 @multi_evo_agent_runner.py:115] Agent_0 gets eval reward: 685.22.
[20260602 06:46:17 @multi_evo_agent_runner.py:116] Agent_0 gets win rate: 0.36.
[20260602 06:46:17 @multi_evo_agent_runner.py:115] Agent_1 gets eval reward: 526.72.
[20260602 06:46:17 @multi_evo_agent_runner.py:116] Agent_1 gets win rate: 0.59.
[20260602 06:46:17 @multi_evo_agent_runner.py:503] CRITICAL save best checkpoint with agent_0's rewards 685.22!
[20260602 06:46:17 @multi_evo_agent_runner.py:79] #------------------------ Iteration 119 --------------------------#
[20260602 06:46:33 @multi_evo_agent_runner.py:85] Sampling 50000 steps by 50 slaves, spending 15.99 s.
[20260602 06:47:02 @multi_evo_agent_runner.py:94] Policy update, spending: 28.50 s.
[20260602 06:47:04 @multi_evo_agent_runner.py:99] Evaluation time: 2.28 s.
[20260602 06:47:04 @multi_evo_agent_runner.py:105] Total time:      92.86 min
[20260602 06:47:04 @multi_evo_agent_runner.py:115] Agent_0 gets eval reward: 555.95.
[20260602 06:47:04 @multi_evo_agent_runner.py:116] Agent_0 gets win rate: 0.37.
[20260602 06:47:04 @multi_evo_agent_runner.py:115] Agent_1 gets eval reward: 733.28.
[20260602 06:47:04 @multi_evo_agent_runner.py:116] Agent_1 gets win rate: 0.63.
[20260602 06:47:04 @multi_evo_agent_runner.py:503] CRITICAL save best checkpoint with agent_0's rewards 555.95!
[20260602 06:47:04 @multi_evo_agent_runner.py:503] CRITICAL save best checkpoint with agent_1's rewards 733.28!
[20260602 06:47:04 @multi_evo_agent_runner.py:79] #------------------------ Iteration 120 --------------------------#
[20260602 06:47:20 @multi_evo_agent_runner.py:85] Sampling 50000 steps by 50 slaves, spending 16.07 s.
[20260602 06:47:48 @multi_evo_agent_runner.py:94] Policy update, spending: 28.06 s.
[20260602 06:47:50 @multi_evo_agent_runner.py:99] Evaluation time: 1.91 s.
[20260602 06:47:50 @multi_evo_agent_runner.py:105] Total time:      93.63 min
[20260602 06:47:50 @multi_evo_agent_runner.py:115] Agent_0 gets eval reward: 604.70.
[20260602 06:47:50 @multi_evo_agent_runner.py:116] Agent_0 gets win rate: 0.46.
[20260602 06:47:50 @multi_evo_agent_runner.py:115] Agent_1 gets eval reward: 446.70.
[20260602 06:47:50 @multi_evo_agent_runner.py:116] Agent_1 gets win rate: 0.51.
[20260602 06:47:50 @multi_evo_agent_runner.py:503] CRITICAL save best checkpoint with agent_0's rewards 604.70!
[20260602 06:47:51 @multi_evo_agent_runner.py:79] #------------------------ Iteration 121 --------------------------#
[20260602 06:48:07 @multi_evo_agent_runner.py:85] Sampling 50000 steps by 50 slaves, spending 15.91 s.
[20260602 06:48:35 @multi_evo_agent_runner.py:94] Policy update, spending: 28.77 s.
[20260602 06:48:37 @multi_evo_agent_runner.py:99] Evaluation time: 2.21 s.
[20260602 06:48:37 @multi_evo_agent_runner.py:105] Total time:      94.41 min
[20260602 06:48:38 @multi_evo_agent_runner.py:115] Agent_0 gets eval reward: 560.03.
[20260602 06:48:38 @multi_evo_agent_runner.py:116] Agent_0 gets win rate: 0.58.
[20260602 06:48:38 @multi_evo_agent_runner.py:115] Agent_1 gets eval reward: 589.47.
[20260602 06:48:38 @multi_evo_agent_runner.py:116] Agent_1 gets win rate: 0.39.
[20260602 06:48:38 @multi_evo_agent_runner.py:503] CRITICAL save best checkpoint with agent_0's rewards 560.03!
[20260602 06:48:38 @multi_evo_agent_runner.py:79] #------------------------ Iteration 122 --------------------------#
[20260602 06:48:54 @multi_evo_agent_runner.py:85] Sampling 50000 steps by 50 slaves, spending 16.03 s.
[20260602 06:49:23 @multi_evo_agent_runner.py:94] Policy update, spending: 28.89 s.
[20260602 06:49:25 @multi_evo_agent_runner.py:99] Evaluation time: 1.96 s.
[20260602 06:49:25 @multi_evo_agent_runner.py:105] Total time:      95.20 min
[20260602 06:49:25 @multi_evo_agent_runner.py:115] Agent_0 gets eval reward: 429.29.
[20260602 06:49:25 @multi_evo_agent_runner.py:116] Agent_0 gets win rate: 0.44.
[20260602 06:49:25 @multi_evo_agent_runner.py:115] Agent_1 gets eval reward: 500.36.
[20260602 06:49:25 @multi_evo_agent_runner.py:116] Agent_1 gets win rate: 0.55.
[20260602 06:49:25 @multi_evo_agent_runner.py:79] #------------------------ Iteration 123 --------------------------#
[20260602 06:49:40 @multi_evo_agent_runner.py:85] Sampling 50000 steps by 50 slaves, spending 15.27 s.
[20260602 06:50:08 @multi_evo_agent_runner.py:94] Policy update, spending: 28.19 s.
[20260602 06:50:11 @multi_evo_agent_runner.py:99] Evaluation time: 2.18 s.
[20260602 06:50:11 @multi_evo_agent_runner.py:105] Total time:      95.97 min
[20260602 06:50:11 @multi_evo_agent_runner.py:115] Agent_0 gets eval reward: 423.61.
[20260602 06:50:11 @multi_evo_agent_runner.py:116] Agent_0 gets win rate: 0.47.
[20260602 06:50:11 @multi_evo_agent_runner.py:115] Agent_1 gets eval reward: 578.85.
[20260602 06:50:11 @multi_evo_agent_runner.py:116] Agent_1 gets win rate: 0.53.
[20260602 06:50:11 @multi_evo_agent_runner.py:79] #------------------------ Iteration 124 --------------------------#
[20260602 06:50:27 @multi_evo_agent_runner.py:85] Sampling 50000 steps by 50 slaves, spending 16.14 s.
[20260602 06:50:56 @multi_evo_agent_runner.py:94] Policy update, spending: 28.71 s.
[20260602 06:50:58 @multi_evo_agent_runner.py:99] Evaluation time: 1.89 s.
[20260602 06:50:58 @multi_evo_agent_runner.py:105] Total time:      96.75 min
[20260602 06:50:58 @multi_evo_agent_runner.py:115] Agent_0 gets eval reward: 661.99.
[20260602 06:50:58 @multi_evo_agent_runner.py:116] Agent_0 gets win rate: 0.52.
[20260602 06:50:58 @multi_evo_agent_runner.py:115] Agent_1 gets eval reward: 411.09.
[20260602 06:50:58 @multi_evo_agent_runner.py:116] Agent_1 gets win rate: 0.46.
[20260602 06:50:58 @multi_evo_agent_runner.py:503] CRITICAL save best checkpoint with agent_0's rewards 661.99!
[20260602 06:50:58 @multi_evo_agent_runner.py:79] #------------------------ Iteration 125 --------------------------#
[20260602 06:51:14 @multi_evo_agent_runner.py:85] Sampling 50000 steps by 50 slaves, spending 15.90 s.
[20260602 06:51:43 @multi_evo_agent_runner.py:94] Policy update, spending: 28.82 s.
[20260602 06:51:44 @multi_evo_agent_runner.py:99] Evaluation time: 1.96 s.
[20260602 06:51:44 @multi_evo_agent_runner.py:105] Total time:      97.53 min
[20260602 06:51:45 @multi_evo_agent_runner.py:115] Agent_0 gets eval reward: 630.31.
[20260602 06:51:45 @multi_evo_agent_runner.py:116] Agent_0 gets win rate: 0.45.
[20260602 06:51:45 @multi_evo_agent_runner.py:115] Agent_1 gets eval reward: 579.72.
[20260602 06:51:45 @multi_evo_agent_runner.py:116] Agent_1 gets win rate: 0.57.
[20260602 06:51:45 @multi_evo_agent_runner.py:79] #------------------------ Iteration 126 --------------------------#
[20260602 06:52:01 @multi_evo_agent_runner.py:85] Sampling 50000 steps by 50 slaves, spending 15.83 s.
[20260602 06:52:28 @multi_evo_agent_runner.py:94] Policy update, spending: 27.93 s.
[20260602 06:52:31 @multi_evo_agent_runner.py:99] Evaluation time: 2.15 s.
[20260602 06:52:31 @multi_evo_agent_runner.py:105] Total time:      98.30 min
[20260602 06:52:31 @multi_evo_agent_runner.py:115] Agent_0 gets eval reward: 792.57.
[20260602 06:52:31 @multi_evo_agent_runner.py:116] Agent_0 gets win rate: 0.65.
[20260602 06:52:31 @multi_evo_agent_runner.py:115] Agent_1 gets eval reward: 487.05.
[20260602 06:52:31 @multi_evo_agent_runner.py:116] Agent_1 gets win rate: 0.29.
[20260602 06:52:31 @multi_evo_agent_runner.py:503] CRITICAL save best checkpoint with agent_0's rewards 792.57!
[20260602 06:52:31 @multi_evo_agent_runner.py:79] #------------------------ Iteration 127 --------------------------#
[20260602 06:52:47 @multi_evo_agent_runner.py:85] Sampling 50000 steps by 50 slaves, spending 16.09 s.
[20260602 06:53:15 @multi_evo_agent_runner.py:94] Policy update, spending: 28.28 s.
[20260602 06:53:17 @multi_evo_agent_runner.py:99] Evaluation time: 2.08 s.
[20260602 06:53:17 @multi_evo_agent_runner.py:105] Total time:      99.08 min
[20260602 06:53:18 @multi_evo_agent_runner.py:115] Agent_0 gets eval reward: 829.10.
[20260602 06:53:18 @multi_evo_agent_runner.py:116] Agent_0 gets win rate: 0.48.
[20260602 06:53:18 @multi_evo_agent_runner.py:115] Agent_1 gets eval reward: 489.62.
[20260602 06:53:18 @multi_evo_agent_runner.py:116] Agent_1 gets win rate: 0.51.
[20260602 06:53:18 @multi_evo_agent_runner.py:503] CRITICAL save best checkpoint with agent_0's rewards 829.10!
[20260602 06:53:18 @multi_evo_agent_runner.py:79] #------------------------ Iteration 128 --------------------------#
[20260602 06:53:33 @multi_evo_agent_runner.py:85] Sampling 50000 steps by 50 slaves, spending 15.46 s.
[20260602 06:54:02 @multi_evo_agent_runner.py:94] Policy update, spending: 28.49 s.
[20260602 06:54:04 @multi_evo_agent_runner.py:99] Evaluation time: 2.38 s.
[20260602 06:54:04 @multi_evo_agent_runner.py:105] Total time:      99.86 min
[20260602 06:54:04 @multi_evo_agent_runner.py:115] Agent_0 gets eval reward: 374.84.
[20260602 06:54:04 @multi_evo_agent_runner.py:116] Agent_0 gets win rate: 0.59.
[20260602 06:54:04 @multi_evo_agent_runner.py:115] Agent_1 gets eval reward: 441.88.
[20260602 06:54:04 @multi_evo_agent_runner.py:116] Agent_1 gets win rate: 0.38.
[20260602 06:54:04 @multi_evo_agent_runner.py:503] CRITICAL save best checkpoint with agent_0's rewards 374.84!
[20260602 06:54:04 @multi_evo_agent_runner.py:79] #------------------------ Iteration 129 --------------------------#
[20260602 06:54:21 @multi_evo_agent_runner.py:85] Sampling 50000 steps by 50 slaves, spending 16.29 s.
[20260602 06:54:50 @multi_evo_agent_runner.py:94] Policy update, spending: 29.62 s.
[20260602 06:54:52 @multi_evo_agent_runner.py:99] Evaluation time: 1.98 s.
[20260602 06:54:52 @multi_evo_agent_runner.py:105] Total time:     100.66 min
[20260602 06:54:52 @multi_evo_agent_runner.py:115] Agent_0 gets eval reward: 834.02.
[20260602 06:54:52 @multi_evo_agent_runner.py:116] Agent_0 gets win rate: 0.44.
[20260602 06:54:52 @multi_evo_agent_runner.py:115] Agent_1 gets eval reward: 470.99.
[20260602 06:54:52 @multi_evo_agent_runner.py:116] Agent_1 gets win rate: 0.53.
[20260602 06:54:52 @multi_evo_agent_runner.py:503] CRITICAL save best checkpoint with agent_0's rewards 834.02!
[20260602 06:54:52 @multi_evo_agent_runner.py:79] #------------------------ Iteration 130 --------------------------#
[20260602 06:55:08 @multi_evo_agent_runner.py:85] Sampling 50000 steps by 50 slaves, spending 15.79 s.
[20260602 06:55:37 @multi_evo_agent_runner.py:94] Policy update, spending: 29.23 s.
[20260602 06:55:40 @multi_evo_agent_runner.py:99] Evaluation time: 2.62 s.
[20260602 06:55:40 @multi_evo_agent_runner.py:105] Total time:     101.46 min
[20260602 06:55:40 @multi_evo_agent_runner.py:115] Agent_0 gets eval reward: 533.04.
[20260602 06:55:40 @multi_evo_agent_runner.py:116] Agent_0 gets win rate: 0.43.
[20260602 06:55:40 @multi_evo_agent_runner.py:115] Agent_1 gets eval reward: 496.10.
[20260602 06:55:40 @multi_evo_agent_runner.py:116] Agent_1 gets win rate: 0.55.
[20260602 06:55:40 @multi_evo_agent_runner.py:79] #------------------------ Iteration 131 --------------------------#
[20260602 06:55:56 @multi_evo_agent_runner.py:85] Sampling 50000 steps by 50 slaves, spending 15.86 s.
[20260602 06:56:25 @multi_evo_agent_runner.py:94] Policy update, spending: 28.72 s.
[20260602 06:56:27 @multi_evo_agent_runner.py:99] Evaluation time: 2.29 s.
[20260602 06:56:27 @multi_evo_agent_runner.py:105] Total time:     102.24 min
[20260602 06:56:27 @multi_evo_agent_runner.py:115] Agent_0 gets eval reward: 542.13.
[20260602 06:56:27 @multi_evo_agent_runner.py:116] Agent_0 gets win rate: 0.43.
[20260602 06:56:27 @multi_evo_agent_runner.py:115] Agent_1 gets eval reward: 698.80.
[20260602 06:56:27 @multi_evo_agent_runner.py:116] Agent_1 gets win rate: 0.53.
[20260602 06:56:27 @multi_evo_agent_runner.py:79] #------------------------ Iteration 132 --------------------------#
[20260602 06:56:43 @multi_evo_agent_runner.py:85] Sampling 50000 steps by 50 slaves, spending 15.94 s.
[20260602 06:57:12 @multi_evo_agent_runner.py:94] Policy update, spending: 29.02 s.
[20260602 06:57:15 @multi_evo_agent_runner.py:99] Evaluation time: 2.27 s.
[20260602 06:57:15 @multi_evo_agent_runner.py:105] Total time:     103.03 min
[20260602 06:57:15 @multi_evo_agent_runner.py:115] Agent_0 gets eval reward: 779.48.
[20260602 06:57:15 @multi_evo_agent_runner.py:116] Agent_0 gets win rate: 0.57.
[20260602 06:57:15 @multi_evo_agent_runner.py:115] Agent_1 gets eval reward: 643.84.
[20260602 06:57:15 @multi_evo_agent_runner.py:116] Agent_1 gets win rate: 0.39.
[20260602 06:57:15 @multi_evo_agent_runner.py:503] CRITICAL save best checkpoint with agent_0's rewards 779.48!
[20260602 06:57:15 @multi_evo_agent_runner.py:79] #------------------------ Iteration 133 --------------------------#
[20260602 06:57:31 @multi_evo_agent_runner.py:85] Sampling 50000 steps by 50 slaves, spending 15.98 s.
[20260602 06:57:59 @multi_evo_agent_runner.py:94] Policy update, spending: 28.48 s.
[20260602 06:58:01 @multi_evo_agent_runner.py:99] Evaluation time: 1.89 s.
[20260602 06:58:01 @multi_evo_agent_runner.py:105] Total time:     103.81 min
[20260602 06:58:01 @multi_evo_agent_runner.py:115] Agent_0 gets eval reward: 375.63.
[20260602 06:58:01 @multi_evo_agent_runner.py:116] Agent_0 gets win rate: 0.28.
[20260602 06:58:01 @multi_evo_agent_runner.py:115] Agent_1 gets eval reward: 576.05.
[20260602 06:58:01 @multi_evo_agent_runner.py:116] Agent_1 gets win rate: 0.71.
[20260602 06:58:01 @multi_evo_agent_runner.py:503] CRITICAL save best checkpoint with agent_1's rewards 576.05!
[20260602 06:58:02 @multi_evo_agent_runner.py:79] #------------------------ Iteration 134 --------------------------#
[20260602 06:58:18 @multi_evo_agent_runner.py:85] Sampling 50000 steps by 50 slaves, spending 16.24 s.
[20260602 06:58:47 @multi_evo_agent_runner.py:94] Policy update, spending: 28.94 s.
[20260602 06:58:49 @multi_evo_agent_runner.py:99] Evaluation time: 2.34 s.
[20260602 06:58:49 @multi_evo_agent_runner.py:105] Total time:     104.61 min
[20260602 06:58:49 @multi_evo_agent_runner.py:115] Agent_0 gets eval reward: 759.47.
[20260602 06:58:49 @multi_evo_agent_runner.py:116] Agent_0 gets win rate: 0.46.
[20260602 06:58:49 @multi_evo_agent_runner.py:115] Agent_1 gets eval reward: 313.90.
[20260602 06:58:49 @multi_evo_agent_runner.py:116] Agent_1 gets win rate: 0.44.
[20260602 06:58:49 @multi_evo_agent_runner.py:79] #------------------------ Iteration 135 --------------------------#
[20260602 06:59:05 @multi_evo_agent_runner.py:85] Sampling 50000 steps by 50 slaves, spending 15.93 s.
[20260602 06:59:35 @multi_evo_agent_runner.py:94] Policy update, spending: 29.30 s.
[20260602 06:59:37 @multi_evo_agent_runner.py:99] Evaluation time: 1.94 s.
[20260602 06:59:37 @multi_evo_agent_runner.py:105] Total time:     105.40 min
[20260602 06:59:37 @multi_evo_agent_runner.py:115] Agent_0 gets eval reward: 399.71.
[20260602 06:59:37 @multi_evo_agent_runner.py:116] Agent_0 gets win rate: 0.52.
[20260602 06:59:37 @multi_evo_agent_runner.py:115] Agent_1 gets eval reward: 533.39.
[20260602 06:59:37 @multi_evo_agent_runner.py:116] Agent_1 gets win rate: 0.46.
[20260602 06:59:37 @multi_evo_agent_runner.py:79] #------------------------ Iteration 136 --------------------------#
[20260602 06:59:53 @multi_evo_agent_runner.py:85] Sampling 50000 steps by 50 slaves, spending 16.24 s.
[20260602 07:00:23 @multi_evo_agent_runner.py:94] Policy update, spending: 29.94 s.
[20260602 07:00:25 @multi_evo_agent_runner.py:99] Evaluation time: 2.35 s.
[20260602 07:00:25 @multi_evo_agent_runner.py:105] Total time:     106.21 min
[20260602 07:00:25 @multi_evo_agent_runner.py:115] Agent_0 gets eval reward: 726.34.
[20260602 07:00:25 @multi_evo_agent_runner.py:116] Agent_0 gets win rate: 0.48.
[20260602 07:00:25 @multi_evo_agent_runner.py:115] Agent_1 gets eval reward: 336.41.
[20260602 07:00:25 @multi_evo_agent_runner.py:116] Agent_1 gets win rate: 0.42.
[20260602 07:00:26 @multi_evo_agent_runner.py:79] #------------------------ Iteration 137 --------------------------#
[20260602 07:00:41 @multi_evo_agent_runner.py:85] Sampling 50000 steps by 50 slaves, spending 15.67 s.
[20260602 07:01:10 @multi_evo_agent_runner.py:94] Policy update, spending: 28.47 s.
[20260602 07:01:12 @multi_evo_agent_runner.py:99] Evaluation time: 1.98 s.
[20260602 07:01:12 @multi_evo_agent_runner.py:105] Total time:     106.98 min
[20260602 07:01:12 @multi_evo_agent_runner.py:115] Agent_0 gets eval reward: 636.51.
[20260602 07:01:12 @multi_evo_agent_runner.py:116] Agent_0 gets win rate: 0.63.
[20260602 07:01:12 @multi_evo_agent_runner.py:115] Agent_1 gets eval reward: 455.73.
[20260602 07:01:12 @multi_evo_agent_runner.py:116] Agent_1 gets win rate: 0.35.
[20260602 07:01:12 @multi_evo_agent_runner.py:503] CRITICAL save best checkpoint with agent_0's rewards 636.51!
[20260602 07:01:12 @multi_evo_agent_runner.py:79] #------------------------ Iteration 138 --------------------------#
[20260602 07:01:27 @multi_evo_agent_runner.py:85] Sampling 50000 steps by 50 slaves, spending 15.40 s.
[20260602 07:01:56 @multi_evo_agent_runner.py:94] Policy update, spending: 28.42 s.
[20260602 07:01:58 @multi_evo_agent_runner.py:99] Evaluation time: 2.03 s.
[20260602 07:01:58 @multi_evo_agent_runner.py:105] Total time:     107.75 min
[20260602 07:01:58 @multi_evo_agent_runner.py:115] Agent_0 gets eval reward: 399.76.
[20260602 07:01:58 @multi_evo_agent_runner.py:116] Agent_0 gets win rate: 0.47.
[20260602 07:01:58 @multi_evo_agent_runner.py:115] Agent_1 gets eval reward: 474.84.
[20260602 07:01:58 @multi_evo_agent_runner.py:116] Agent_1 gets win rate: 0.48.
[20260602 07:01:58 @multi_evo_agent_runner.py:79] #------------------------ Iteration 139 --------------------------#
[20260602 07:02:14 @multi_evo_agent_runner.py:85] Sampling 50000 steps by 50 slaves, spending 15.75 s.
[20260602 07:02:43 @multi_evo_agent_runner.py:94] Policy update, spending: 28.66 s.
[20260602 07:02:45 @multi_evo_agent_runner.py:99] Evaluation time: 2.01 s.
[20260602 07:02:45 @multi_evo_agent_runner.py:105] Total time:     108.53 min
[20260602 07:02:45 @multi_evo_agent_runner.py:115] Agent_0 gets eval reward: 551.20.
[20260602 07:02:45 @multi_evo_agent_runner.py:116] Agent_0 gets win rate: 0.73.
[20260602 07:02:45 @multi_evo_agent_runner.py:115] Agent_1 gets eval reward: 544.59.
[20260602 07:02:45 @multi_evo_agent_runner.py:116] Agent_1 gets win rate: 0.22.
[20260602 07:02:45 @multi_evo_agent_runner.py:503] CRITICAL save best checkpoint with agent_0's rewards 551.20!
[20260602 07:02:45 @multi_evo_agent_runner.py:79] #------------------------ Iteration 140 --------------------------#
[20260602 07:03:00 @multi_evo_agent_runner.py:85] Sampling 50000 steps by 50 slaves, spending 15.38 s.
[20260602 07:03:29 @multi_evo_agent_runner.py:94] Policy update, spending: 28.60 s.
[20260602 07:03:31 @multi_evo_agent_runner.py:99] Evaluation time: 2.25 s.
[20260602 07:03:31 @multi_evo_agent_runner.py:105] Total time:     109.31 min
[20260602 07:03:31 @multi_evo_agent_runner.py:115] Agent_0 gets eval reward: 311.38.
[20260602 07:03:31 @multi_evo_agent_runner.py:116] Agent_0 gets win rate: 0.34.
[20260602 07:03:31 @multi_evo_agent_runner.py:115] Agent_1 gets eval reward: 333.87.
[20260602 07:03:31 @multi_evo_agent_runner.py:116] Agent_1 gets win rate: 0.64.
[20260602 07:03:31 @multi_evo_agent_runner.py:79] #------------------------ Iteration 141 --------------------------#
[20260602 07:03:48 @multi_evo_agent_runner.py:85] Sampling 50000 steps by 50 slaves, spending 16.40 s.
[20260602 07:04:17 @multi_evo_agent_runner.py:94] Policy update, spending: 29.14 s.
[20260602 07:04:19 @multi_evo_agent_runner.py:99] Evaluation time: 2.29 s.
[20260602 07:04:19 @multi_evo_agent_runner.py:105] Total time:     110.11 min
[20260602 07:04:19 @multi_evo_agent_runner.py:115] Agent_0 gets eval reward: 506.66.
[20260602 07:04:19 @multi_evo_agent_runner.py:116] Agent_0 gets win rate: 0.54.
[20260602 07:04:19 @multi_evo_agent_runner.py:115] Agent_1 gets eval reward: 332.21.
[20260602 07:04:19 @multi_evo_agent_runner.py:116] Agent_1 gets win rate: 0.46.
[20260602 07:04:19 @multi_evo_agent_runner.py:79] #------------------------ Iteration 142 --------------------------#
[20260602 07:04:35 @multi_evo_agent_runner.py:85] Sampling 50000 steps by 50 slaves, spending 15.29 s.
[20260602 07:05:03 @multi_evo_agent_runner.py:94] Policy update, spending: 28.58 s.
[20260602 07:05:05 @multi_evo_agent_runner.py:99] Evaluation time: 2.04 s.
[20260602 07:05:05 @multi_evo_agent_runner.py:105] Total time:     110.88 min
[20260602 07:05:05 @multi_evo_agent_runner.py:115] Agent_0 gets eval reward: 848.66.
[20260602 07:05:05 @multi_evo_agent_runner.py:116] Agent_0 gets win rate: 0.60.
[20260602 07:05:05 @multi_evo_agent_runner.py:115] Agent_1 gets eval reward: 534.44.
[20260602 07:05:05 @multi_evo_agent_runner.py:116] Agent_1 gets win rate: 0.39.
[20260602 07:05:05 @multi_evo_agent_runner.py:503] CRITICAL save best checkpoint with agent_0's rewards 848.66!
[20260602 07:05:06 @multi_evo_agent_runner.py:79] #------------------------ Iteration 143 --------------------------#
[20260602 07:05:21 @multi_evo_agent_runner.py:85] Sampling 50000 steps by 50 slaves, spending 15.90 s.
[20260602 07:05:51 @multi_evo_agent_runner.py:94] Policy update, spending: 29.45 s.
[20260602 07:05:53 @multi_evo_agent_runner.py:99] Evaluation time: 2.13 s.
[20260602 07:05:53 @multi_evo_agent_runner.py:105] Total time:     111.67 min
[20260602 07:05:53 @multi_evo_agent_runner.py:115] Agent_0 gets eval reward: 508.39.
[20260602 07:05:53 @multi_evo_agent_runner.py:116] Agent_0 gets win rate: 0.38.
[20260602 07:05:53 @multi_evo_agent_runner.py:115] Agent_1 gets eval reward: 640.03.
[20260602 07:05:53 @multi_evo_agent_runner.py:116] Agent_1 gets win rate: 0.60.
[20260602 07:05:53 @multi_evo_agent_runner.py:503] CRITICAL save best checkpoint with agent_1's rewards 640.03!
[20260602 07:05:53 @multi_evo_agent_runner.py:79] #------------------------ Iteration 144 --------------------------#
[20260602 07:06:10 @multi_evo_agent_runner.py:85] Sampling 50000 steps by 50 slaves, spending 16.25 s.
[20260602 07:06:38 @multi_evo_agent_runner.py:94] Policy update, spending: 28.58 s.
[20260602 07:06:41 @multi_evo_agent_runner.py:99] Evaluation time: 2.67 s.
[20260602 07:06:41 @multi_evo_agent_runner.py:105] Total time:     112.47 min
[20260602 07:06:41 @multi_evo_agent_runner.py:115] Agent_0 gets eval reward: 618.17.
[20260602 07:06:41 @multi_evo_agent_runner.py:116] Agent_0 gets win rate: 0.58.
[20260602 07:06:41 @multi_evo_agent_runner.py:115] Agent_1 gets eval reward: 723.90.
[20260602 07:06:41 @multi_evo_agent_runner.py:116] Agent_1 gets win rate: 0.38.
[20260602 07:06:41 @multi_evo_agent_runner.py:503] CRITICAL save best checkpoint with agent_1's rewards 723.90!
[20260602 07:06:41 @multi_evo_agent_runner.py:79] #------------------------ Iteration 145 --------------------------#
[20260602 07:06:57 @multi_evo_agent_runner.py:85] Sampling 50000 steps by 50 slaves, spending 16.07 s.
[20260602 07:07:26 @multi_evo_agent_runner.py:94] Policy update, spending: 28.57 s.
[20260602 07:07:28 @multi_evo_agent_runner.py:99] Evaluation time: 2.03 s.
[20260602 07:07:28 @multi_evo_agent_runner.py:105] Total time:     113.25 min
[20260602 07:07:28 @multi_evo_agent_runner.py:115] Agent_0 gets eval reward: 582.42.
[20260602 07:07:28 @multi_evo_agent_runner.py:116] Agent_0 gets win rate: 0.53.
[20260602 07:07:28 @multi_evo_agent_runner.py:115] Agent_1 gets eval reward: 732.34.
[20260602 07:07:28 @multi_evo_agent_runner.py:116] Agent_1 gets win rate: 0.35.
[20260602 07:07:28 @multi_evo_agent_runner.py:503] CRITICAL save best checkpoint with agent_1's rewards 732.34!
[20260602 07:07:28 @multi_evo_agent_runner.py:79] #------------------------ Iteration 146 --------------------------#
[20260602 07:07:44 @multi_evo_agent_runner.py:85] Sampling 50000 steps by 50 slaves, spending 15.99 s.
[20260602 07:08:13 @multi_evo_agent_runner.py:94] Policy update, spending: 29.28 s.
[20260602 07:08:15 @multi_evo_agent_runner.py:99] Evaluation time: 2.12 s.
[20260602 07:08:15 @multi_evo_agent_runner.py:105] Total time:     114.05 min
[20260602 07:08:16 @multi_evo_agent_runner.py:115] Agent_0 gets eval reward: 425.13.
[20260602 07:08:16 @multi_evo_agent_runner.py:116] Agent_0 gets win rate: 0.50.
[20260602 07:08:16 @multi_evo_agent_runner.py:115] Agent_1 gets eval reward: 639.02.
[20260602 07:08:16 @multi_evo_agent_runner.py:116] Agent_1 gets win rate: 0.50.
[20260602 07:08:16 @multi_evo_agent_runner.py:503] CRITICAL save best checkpoint with agent_1's rewards 639.02!
[20260602 07:08:16 @multi_evo_agent_runner.py:79] #------------------------ Iteration 147 --------------------------#
[20260602 07:08:32 @multi_evo_agent_runner.py:85] Sampling 50000 steps by 50 slaves, spending 15.91 s.
[20260602 07:09:01 @multi_evo_agent_runner.py:94] Policy update, spending: 29.18 s.
[20260602 07:09:03 @multi_evo_agent_runner.py:99] Evaluation time: 2.18 s.
[20260602 07:09:03 @multi_evo_agent_runner.py:105] Total time:     114.84 min
[20260602 07:09:03 @multi_evo_agent_runner.py:115] Agent_0 gets eval reward: 892.99.
[20260602 07:09:03 @multi_evo_agent_runner.py:116] Agent_0 gets win rate: 0.51.
[20260602 07:09:03 @multi_evo_agent_runner.py:115] Agent_1 gets eval reward: 616.09.
[20260602 07:09:03 @multi_evo_agent_runner.py:116] Agent_1 gets win rate: 0.37.
[20260602 07:09:03 @multi_evo_agent_runner.py:503] CRITICAL save best checkpoint with agent_0's rewards 892.99!
[20260602 07:09:03 @multi_evo_agent_runner.py:79] #------------------------ Iteration 148 --------------------------#
[20260602 07:09:19 @multi_evo_agent_runner.py:85] Sampling 50000 steps by 50 slaves, spending 16.10 s.
[20260602 07:09:48 @multi_evo_agent_runner.py:94] Policy update, spending: 28.64 s.
[20260602 07:09:50 @multi_evo_agent_runner.py:99] Evaluation time: 1.87 s.
[20260602 07:09:50 @multi_evo_agent_runner.py:105] Total time:     115.62 min
[20260602 07:09:50 @multi_evo_agent_runner.py:115] Agent_0 gets eval reward: 666.36.
[20260602 07:09:50 @multi_evo_agent_runner.py:116] Agent_0 gets win rate: 0.48.
[20260602 07:09:50 @multi_evo_agent_runner.py:115] Agent_1 gets eval reward: 469.87.
[20260602 07:09:50 @multi_evo_agent_runner.py:116] Agent_1 gets win rate: 0.46.
[20260602 07:09:50 @multi_evo_agent_runner.py:79] #------------------------ Iteration 149 --------------------------#
[20260602 07:10:06 @multi_evo_agent_runner.py:85] Sampling 50000 steps by 50 slaves, spending 15.95 s.
[20260602 07:10:35 @multi_evo_agent_runner.py:94] Policy update, spending: 28.79 s.
[20260602 07:10:37 @multi_evo_agent_runner.py:99] Evaluation time: 1.97 s.
[20260602 07:10:37 @multi_evo_agent_runner.py:105] Total time:     116.40 min
[20260602 07:10:37 @multi_evo_agent_runner.py:115] Agent_0 gets eval reward: 505.99.
[20260602 07:10:37 @multi_evo_agent_runner.py:116] Agent_0 gets win rate: 0.50.
[20260602 07:10:37 @multi_evo_agent_runner.py:115] Agent_1 gets eval reward: 279.08.
[20260602 07:10:37 @multi_evo_agent_runner.py:116] Agent_1 gets win rate: 0.48.
[20260602 07:10:37 @multi_evo_agent_runner.py:79] #------------------------ Iteration 150 --------------------------#
[20260602 07:10:53 @multi_evo_agent_runner.py:85] Sampling 50000 steps by 50 slaves, spending 15.56 s.
[20260602 07:11:21 @multi_evo_agent_runner.py:94] Policy update, spending: 28.55 s.
[20260602 07:11:23 @multi_evo_agent_runner.py:99] Evaluation time: 2.11 s.
[20260602 07:11:23 @multi_evo_agent_runner.py:105] Total time:     117.18 min
[20260602 07:11:23 @multi_evo_agent_runner.py:115] Agent_0 gets eval reward: 576.72.
[20260602 07:11:23 @multi_evo_agent_runner.py:116] Agent_0 gets win rate: 0.40.
[20260602 07:11:23 @multi_evo_agent_runner.py:115] Agent_1 gets eval reward: 409.30.
[20260602 07:11:23 @multi_evo_agent_runner.py:116] Agent_1 gets win rate: 0.57.
[20260602 07:11:23 @multi_evo_agent_runner.py:503] CRITICAL save best checkpoint with agent_1's rewards 409.30!
[20260602 07:11:24 @multi_evo_agent_runner.py:79] #------------------------ Iteration 151 --------------------------#
[20260602 07:11:40 @multi_evo_agent_runner.py:85] Sampling 50000 steps by 50 slaves, spending 16.39 s.
[20260602 07:12:10 @multi_evo_agent_runner.py:94] Policy update, spending: 29.71 s.
[20260602 07:12:12 @multi_evo_agent_runner.py:99] Evaluation time: 2.07 s.
[20260602 07:12:12 @multi_evo_agent_runner.py:105] Total time:     117.98 min
[20260602 07:12:12 @multi_evo_agent_runner.py:115] Agent_0 gets eval reward: 590.21.
[20260602 07:12:12 @multi_evo_agent_runner.py:116] Agent_0 gets win rate: 0.55.
[20260602 07:12:12 @multi_evo_agent_runner.py:115] Agent_1 gets eval reward: 859.94.
[20260602 07:12:12 @multi_evo_agent_runner.py:116] Agent_1 gets win rate: 0.32.
[20260602 07:12:12 @multi_evo_agent_runner.py:503] CRITICAL save best checkpoint with agent_0's rewards 590.21!
[20260602 07:12:12 @multi_evo_agent_runner.py:503] CRITICAL save best checkpoint with agent_1's rewards 859.94!
[20260602 07:12:12 @multi_evo_agent_runner.py:79] #------------------------ Iteration 152 --------------------------#
[20260602 07:12:29 @multi_evo_agent_runner.py:85] Sampling 50000 steps by 50 slaves, spending 16.78 s.
[20260602 07:12:58 @multi_evo_agent_runner.py:94] Policy update, spending: 29.08 s.
[20260602 07:13:00 @multi_evo_agent_runner.py:99] Evaluation time: 2.17 s.
[20260602 07:13:00 @multi_evo_agent_runner.py:105] Total time:     118.79 min
[20260602 07:13:00 @multi_evo_agent_runner.py:115] Agent_0 gets eval reward: 668.58.
[20260602 07:13:00 @multi_evo_agent_runner.py:116] Agent_0 gets win rate: 0.59.
[20260602 07:13:00 @multi_evo_agent_runner.py:115] Agent_1 gets eval reward: 362.74.
[20260602 07:13:00 @multi_evo_agent_runner.py:116] Agent_1 gets win rate: 0.42.
[20260602 07:13:00 @multi_evo_agent_runner.py:503] CRITICAL save best checkpoint with agent_0's rewards 668.58!
[20260602 07:13:00 @multi_evo_agent_runner.py:503] CRITICAL save best checkpoint with agent_1's rewards 362.74!
[20260602 07:13:00 @multi_evo_agent_runner.py:79] #------------------------ Iteration 153 --------------------------#
[20260602 07:13:17 @multi_evo_agent_runner.py:85] Sampling 50000 steps by 50 slaves, spending 16.32 s.
[20260602 07:13:45 @multi_evo_agent_runner.py:94] Policy update, spending: 28.73 s.
[20260602 07:13:47 @multi_evo_agent_runner.py:99] Evaluation time: 2.04 s.
[20260602 07:13:47 @multi_evo_agent_runner.py:105] Total time:     119.58 min
[20260602 07:13:47 @multi_evo_agent_runner.py:115] Agent_0 gets eval reward: 625.51.
[20260602 07:13:47 @multi_evo_agent_runner.py:116] Agent_0 gets win rate: 0.57.
[20260602 07:13:47 @multi_evo_agent_runner.py:115] Agent_1 gets eval reward: 642.90.
[20260602 07:13:47 @multi_evo_agent_runner.py:116] Agent_1 gets win rate: 0.37.
[20260602 07:13:47 @multi_evo_agent_runner.py:503] CRITICAL save best checkpoint with agent_1's rewards 642.90!
[20260602 07:13:48 @multi_evo_agent_runner.py:79] #------------------------ Iteration 154 --------------------------#
[20260602 07:14:04 @multi_evo_agent_runner.py:85] Sampling 50000 steps by 50 slaves, spending 16.02 s.
[20260602 07:14:32 @multi_evo_agent_runner.py:94] Policy update, spending: 28.60 s.
[20260602 07:14:34 @multi_evo_agent_runner.py:99] Evaluation time: 2.23 s.
[20260602 07:14:34 @multi_evo_agent_runner.py:105] Total time:     120.36 min
[20260602 07:14:35 @multi_evo_agent_runner.py:115] Agent_0 gets eval reward: 878.40.
[20260602 07:14:35 @multi_evo_agent_runner.py:116] Agent_0 gets win rate: 0.57.
[20260602 07:14:35 @multi_evo_agent_runner.py:115] Agent_1 gets eval reward: 647.74.
[20260602 07:14:35 @multi_evo_agent_runner.py:116] Agent_1 gets win rate: 0.36.
[20260602 07:14:35 @multi_evo_agent_runner.py:503] CRITICAL save best checkpoint with agent_0's rewards 878.40!
[20260602 07:14:35 @multi_evo_agent_runner.py:503] CRITICAL save best checkpoint with agent_1's rewards 647.74!
[20260602 07:14:35 @multi_evo_agent_runner.py:79] #------------------------ Iteration 155 --------------------------#
[20260602 07:14:51 @multi_evo_agent_runner.py:85] Sampling 50000 steps by 50 slaves, spending 16.61 s.
[20260602 07:15:21 @multi_evo_agent_runner.py:94] Policy update, spending: 29.65 s.
[20260602 07:15:23 @multi_evo_agent_runner.py:99] Evaluation time: 2.51 s.
[20260602 07:15:23 @multi_evo_agent_runner.py:105] Total time:     121.18 min
[20260602 07:15:24 @multi_evo_agent_runner.py:115] Agent_0 gets eval reward: 687.62.
[20260602 07:15:24 @multi_evo_agent_runner.py:116] Agent_0 gets win rate: 0.62.
[20260602 07:15:24 @multi_evo_agent_runner.py:115] Agent_1 gets eval reward: 709.35.
[20260602 07:15:24 @multi_evo_agent_runner.py:116] Agent_1 gets win rate: 0.30.
[20260602 07:15:24 @multi_evo_agent_runner.py:503] CRITICAL save best checkpoint with agent_0's rewards 687.62!
[20260602 07:15:24 @multi_evo_agent_runner.py:503] CRITICAL save best checkpoint with agent_1's rewards 709.35!
[20260602 07:15:24 @multi_evo_agent_runner.py:79] #------------------------ Iteration 156 --------------------------#
[20260602 07:15:40 @multi_evo_agent_runner.py:85] Sampling 50000 steps by 50 slaves, spending 15.78 s.
[20260602 07:16:09 @multi_evo_agent_runner.py:94] Policy update, spending: 29.15 s.
[20260602 07:16:11 @multi_evo_agent_runner.py:99] Evaluation time: 2.11 s.
[20260602 07:16:11 @multi_evo_agent_runner.py:105] Total time:     121.97 min
[20260602 07:16:11 @multi_evo_agent_runner.py:115] Agent_0 gets eval reward: 831.30.
[20260602 07:16:11 @multi_evo_agent_runner.py:116] Agent_0 gets win rate: 0.36.
[20260602 07:16:11 @multi_evo_agent_runner.py:115] Agent_1 gets eval reward: 573.08.
[20260602 07:16:11 @multi_evo_agent_runner.py:116] Agent_1 gets win rate: 0.48.
[20260602 07:16:11 @multi_evo_agent_runner.py:503] CRITICAL save best checkpoint with agent_0's rewards 831.30!
[20260602 07:16:11 @multi_evo_agent_runner.py:503] CRITICAL save best checkpoint with agent_1's rewards 573.08!
[20260602 07:16:11 @multi_evo_agent_runner.py:79] #------------------------ Iteration 157 --------------------------#
[20260602 07:16:27 @multi_evo_agent_runner.py:85] Sampling 50000 steps by 50 slaves, spending 15.72 s.
[20260602 07:16:55 @multi_evo_agent_runner.py:94] Policy update, spending: 28.71 s.
[20260602 07:16:57 @multi_evo_agent_runner.py:99] Evaluation time: 1.99 s.
[20260602 07:16:57 @multi_evo_agent_runner.py:105] Total time:     122.75 min
[20260602 07:16:58 @multi_evo_agent_runner.py:115] Agent_0 gets eval reward: 848.72.
[20260602 07:16:58 @multi_evo_agent_runner.py:116] Agent_0 gets win rate: 0.63.
[20260602 07:16:58 @multi_evo_agent_runner.py:115] Agent_1 gets eval reward: 502.13.
[20260602 07:16:58 @multi_evo_agent_runner.py:116] Agent_1 gets win rate: 0.37.
[20260602 07:16:58 @multi_evo_agent_runner.py:503] CRITICAL save best checkpoint with agent_0's rewards 848.72!
[20260602 07:16:58 @multi_evo_agent_runner.py:79] #------------------------ Iteration 158 --------------------------#
[20260602 07:17:14 @multi_evo_agent_runner.py:85] Sampling 50000 steps by 50 slaves, spending 15.87 s.
[20260602 07:17:42 @multi_evo_agent_runner.py:94] Policy update, spending: 28.62 s.
[20260602 07:17:45 @multi_evo_agent_runner.py:99] Evaluation time: 2.32 s.
[20260602 07:17:45 @multi_evo_agent_runner.py:105] Total time:     123.53 min
[20260602 07:17:45 @multi_evo_agent_runner.py:115] Agent_0 gets eval reward: 483.53.
[20260602 07:17:45 @multi_evo_agent_runner.py:116] Agent_0 gets win rate: 0.55.
[20260602 07:17:45 @multi_evo_agent_runner.py:115] Agent_1 gets eval reward: 451.00.
[20260602 07:17:45 @multi_evo_agent_runner.py:116] Agent_1 gets win rate: 0.40.
[20260602 07:17:45 @multi_evo_agent_runner.py:79] #------------------------ Iteration 159 --------------------------#
[20260602 07:18:00 @multi_evo_agent_runner.py:85] Sampling 50000 steps by 50 slaves, spending 15.62 s.
[20260602 07:18:28 @multi_evo_agent_runner.py:94] Policy update, spending: 27.87 s.
[20260602 07:18:30 @multi_evo_agent_runner.py:99] Evaluation time: 2.16 s.
[20260602 07:18:30 @multi_evo_agent_runner.py:105] Total time:     124.30 min
[20260602 07:18:31 @multi_evo_agent_runner.py:115] Agent_0 gets eval reward: 457.30.
[20260602 07:18:31 @multi_evo_agent_runner.py:116] Agent_0 gets win rate: 0.42.
[20260602 07:18:31 @multi_evo_agent_runner.py:115] Agent_1 gets eval reward: 718.30.
[20260602 07:18:31 @multi_evo_agent_runner.py:116] Agent_1 gets win rate: 0.51.
[20260602 07:18:31 @multi_evo_agent_runner.py:503] CRITICAL save best checkpoint with agent_1's rewards 718.30!
[20260602 07:18:31 @multi_evo_agent_runner.py:79] #------------------------ Iteration 160 --------------------------#
[20260602 07:18:47 @multi_evo_agent_runner.py:85] Sampling 50000 steps by 50 slaves, spending 16.30 s.
[20260602 07:19:16 @multi_evo_agent_runner.py:94] Policy update, spending: 28.67 s.
[20260602 07:19:18 @multi_evo_agent_runner.py:99] Evaluation time: 2.01 s.
[20260602 07:19:18 @multi_evo_agent_runner.py:105] Total time:     125.08 min
[20260602 07:19:18 @multi_evo_agent_runner.py:115] Agent_0 gets eval reward: 874.76.
[20260602 07:19:18 @multi_evo_agent_runner.py:116] Agent_0 gets win rate: 0.61.
[20260602 07:19:18 @multi_evo_agent_runner.py:115] Agent_1 gets eval reward: 430.84.
[20260602 07:19:18 @multi_evo_agent_runner.py:116] Agent_1 gets win rate: 0.36.
[20260602 07:19:18 @multi_evo_agent_runner.py:503] CRITICAL save best checkpoint with agent_0's rewards 874.76!
[20260602 07:19:18 @multi_evo_agent_runner.py:79] #------------------------ Iteration 161 --------------------------#
[20260602 07:19:34 @multi_evo_agent_runner.py:85] Sampling 50000 steps by 50 slaves, spending 16.00 s.
[20260602 07:20:02 @multi_evo_agent_runner.py:94] Policy update, spending: 28.25 s.
[20260602 07:20:04 @multi_evo_agent_runner.py:99] Evaluation time: 2.17 s.
[20260602 07:20:04 @multi_evo_agent_runner.py:105] Total time:     125.86 min
[20260602 07:20:05 @multi_evo_agent_runner.py:115] Agent_0 gets eval reward: 692.75.
[20260602 07:20:05 @multi_evo_agent_runner.py:116] Agent_0 gets win rate: 0.59.
[20260602 07:20:05 @multi_evo_agent_runner.py:115] Agent_1 gets eval reward: 335.04.
[20260602 07:20:05 @multi_evo_agent_runner.py:116] Agent_1 gets win rate: 0.36.
[20260602 07:20:05 @multi_evo_agent_runner.py:79] #------------------------ Iteration 162 --------------------------#
[20260602 07:20:21 @multi_evo_agent_runner.py:85] Sampling 50000 steps by 50 slaves, spending 16.45 s.
[20260602 07:20:51 @multi_evo_agent_runner.py:94] Policy update, spending: 30.15 s.
[20260602 07:20:53 @multi_evo_agent_runner.py:99] Evaluation time: 1.95 s.
[20260602 07:20:53 @multi_evo_agent_runner.py:105] Total time:     126.68 min
[20260602 07:20:53 @multi_evo_agent_runner.py:115] Agent_0 gets eval reward: 426.30.
[20260602 07:20:53 @multi_evo_agent_runner.py:116] Agent_0 gets win rate: 0.54.
[20260602 07:20:53 @multi_evo_agent_runner.py:115] Agent_1 gets eval reward: 717.97.
[20260602 07:20:53 @multi_evo_agent_runner.py:116] Agent_1 gets win rate: 0.44.
[20260602 07:20:53 @multi_evo_agent_runner.py:79] #------------------------ Iteration 163 --------------------------#
[20260602 07:21:09 @multi_evo_agent_runner.py:85] Sampling 50000 steps by 50 slaves, spending 15.72 s.
[20260602 07:21:38 @multi_evo_agent_runner.py:94] Policy update, spending: 28.94 s.
[20260602 07:21:40 @multi_evo_agent_runner.py:99] Evaluation time: 2.14 s.
[20260602 07:21:40 @multi_evo_agent_runner.py:105] Total time:     127.46 min
[20260602 07:21:40 @multi_evo_agent_runner.py:115] Agent_0 gets eval reward: 656.81.
[20260602 07:21:40 @multi_evo_agent_runner.py:116] Agent_0 gets win rate: 0.51.
[20260602 07:21:40 @multi_evo_agent_runner.py:115] Agent_1 gets eval reward: 624.94.
[20260602 07:21:40 @multi_evo_agent_runner.py:116] Agent_1 gets win rate: 0.46.
[20260602 07:21:41 @multi_evo_agent_runner.py:79] #------------------------ Iteration 164 --------------------------#
[20260602 07:21:56 @multi_evo_agent_runner.py:85] Sampling 50000 steps by 50 slaves, spending 15.30 s.
[20260602 07:22:25 @multi_evo_agent_runner.py:94] Policy update, spending: 28.96 s.
[20260602 07:22:27 @multi_evo_agent_runner.py:99] Evaluation time: 2.17 s.
[20260602 07:22:27 @multi_evo_agent_runner.py:105] Total time:     128.24 min
[20260602 07:22:27 @multi_evo_agent_runner.py:115] Agent_0 gets eval reward: 488.85.
[20260602 07:22:27 @multi_evo_agent_runner.py:116] Agent_0 gets win rate: 0.54.
[20260602 07:22:27 @multi_evo_agent_runner.py:115] Agent_1 gets eval reward: 548.77.
[20260602 07:22:27 @multi_evo_agent_runner.py:116] Agent_1 gets win rate: 0.40.
[20260602 07:22:27 @multi_evo_agent_runner.py:79] #------------------------ Iteration 165 --------------------------#
[20260602 07:22:42 @multi_evo_agent_runner.py:85] Sampling 50000 steps by 50 slaves, spending 15.27 s.
[20260602 07:23:11 @multi_evo_agent_runner.py:94] Policy update, spending: 28.09 s.
[20260602 07:23:13 @multi_evo_agent_runner.py:99] Evaluation time: 2.33 s.
[20260602 07:23:13 @multi_evo_agent_runner.py:105] Total time:     129.00 min
[20260602 07:23:13 @multi_evo_agent_runner.py:115] Agent_0 gets eval reward: 531.14.
[20260602 07:23:13 @multi_evo_agent_runner.py:116] Agent_0 gets win rate: 0.49.
[20260602 07:23:13 @multi_evo_agent_runner.py:115] Agent_1 gets eval reward: 668.69.
[20260602 07:23:13 @multi_evo_agent_runner.py:116] Agent_1 gets win rate: 0.45.
[20260602 07:23:13 @multi_evo_agent_runner.py:79] #------------------------ Iteration 166 --------------------------#
[20260602 07:23:30 @multi_evo_agent_runner.py:85] Sampling 50000 steps by 50 slaves, spending 16.54 s.
[20260602 07:24:00 @multi_evo_agent_runner.py:94] Policy update, spending: 29.97 s.
[20260602 07:24:02 @multi_evo_agent_runner.py:99] Evaluation time: 1.91 s.
[20260602 07:24:02 @multi_evo_agent_runner.py:105] Total time:     129.82 min
[20260602 07:24:02 @multi_evo_agent_runner.py:115] Agent_0 gets eval reward: 707.47.
[20260602 07:24:02 @multi_evo_agent_runner.py:116] Agent_0 gets win rate: 0.49.
[20260602 07:24:02 @multi_evo_agent_runner.py:115] Agent_1 gets eval reward: 431.58.
[20260602 07:24:02 @multi_evo_agent_runner.py:116] Agent_1 gets win rate: 0.51.
[20260602 07:24:02 @multi_evo_agent_runner.py:79] #------------------------ Iteration 167 --------------------------#
[20260602 07:24:17 @multi_evo_agent_runner.py:85] Sampling 50000 steps by 50 slaves, spending 15.33 s.
[20260602 07:24:46 @multi_evo_agent_runner.py:94] Policy update, spending: 28.32 s.
[20260602 07:24:48 @multi_evo_agent_runner.py:99] Evaluation time: 2.00 s.
[20260602 07:24:48 @multi_evo_agent_runner.py:105] Total time:     130.58 min
[20260602 07:24:48 @multi_evo_agent_runner.py:115] Agent_0 gets eval reward: 515.93.
[20260602 07:24:48 @multi_evo_agent_runner.py:116] Agent_0 gets win rate: 0.57.
[20260602 07:24:48 @multi_evo_agent_runner.py:115] Agent_1 gets eval reward: 643.94.
[20260602 07:24:48 @multi_evo_agent_runner.py:116] Agent_1 gets win rate: 0.43.
[20260602 07:24:48 @multi_evo_agent_runner.py:79] #------------------------ Iteration 168 --------------------------#
[20260602 07:25:03 @multi_evo_agent_runner.py:85] Sampling 50000 steps by 50 slaves, spending 15.70 s.
[20260602 07:25:32 @multi_evo_agent_runner.py:94] Policy update, spending: 28.83 s.
[20260602 07:25:35 @multi_evo_agent_runner.py:99] Evaluation time: 2.23 s.
[20260602 07:25:35 @multi_evo_agent_runner.py:105] Total time:     131.37 min
[20260602 07:25:35 @multi_evo_agent_runner.py:115] Agent_0 gets eval reward: 573.64.
[20260602 07:25:35 @multi_evo_agent_runner.py:116] Agent_0 gets win rate: 0.44.
[20260602 07:25:35 @multi_evo_agent_runner.py:115] Agent_1 gets eval reward: 402.78.
[20260602 07:25:35 @multi_evo_agent_runner.py:116] Agent_1 gets win rate: 0.48.
[20260602 07:25:35 @multi_evo_agent_runner.py:79] #------------------------ Iteration 169 --------------------------#
[20260602 07:25:51 @multi_evo_agent_runner.py:85] Sampling 50000 steps by 50 slaves, spending 15.95 s.
[20260602 07:26:20 @multi_evo_agent_runner.py:94] Policy update, spending: 29.02 s.
[20260602 07:26:22 @multi_evo_agent_runner.py:99] Evaluation time: 2.64 s.
[20260602 07:26:22 @multi_evo_agent_runner.py:105] Total time:     132.16 min
[20260602 07:26:23 @multi_evo_agent_runner.py:115] Agent_0 gets eval reward: 423.22.
[20260602 07:26:23 @multi_evo_agent_runner.py:116] Agent_0 gets win rate: 0.47.
[20260602 07:26:23 @multi_evo_agent_runner.py:115] Agent_1 gets eval reward: 416.66.
[20260602 07:26:23 @multi_evo_agent_runner.py:116] Agent_1 gets win rate: 0.47.
[20260602 07:26:23 @multi_evo_agent_runner.py:79] #------------------------ Iteration 170 --------------------------#
[20260602 07:26:38 @multi_evo_agent_runner.py:85] Sampling 50000 steps by 50 slaves, spending 15.82 s.
[20260602 07:27:07 @multi_evo_agent_runner.py:94] Policy update, spending: 28.34 s.
[20260602 07:27:09 @multi_evo_agent_runner.py:99] Evaluation time: 1.99 s.
[20260602 07:27:09 @multi_evo_agent_runner.py:105] Total time:     132.94 min
[20260602 07:27:09 @multi_evo_agent_runner.py:115] Agent_0 gets eval reward: 497.60.
[20260602 07:27:09 @multi_evo_agent_runner.py:116] Agent_0 gets win rate: 0.44.
[20260602 07:27:09 @multi_evo_agent_runner.py:115] Agent_1 gets eval reward: 687.24.
[20260602 07:27:09 @multi_evo_agent_runner.py:116] Agent_1 gets win rate: 0.47.
[20260602 07:27:09 @multi_evo_agent_runner.py:79] #------------------------ Iteration 171 --------------------------#
[20260602 07:27:26 @multi_evo_agent_runner.py:85] Sampling 50000 steps by 50 slaves, spending 16.57 s.
[20260602 07:27:56 @multi_evo_agent_runner.py:94] Policy update, spending: 30.33 s.
[20260602 07:27:58 @multi_evo_agent_runner.py:99] Evaluation time: 2.04 s.
[20260602 07:27:58 @multi_evo_agent_runner.py:105] Total time:     133.76 min
[20260602 07:27:58 @multi_evo_agent_runner.py:115] Agent_0 gets eval reward: 708.65.
[20260602 07:27:58 @multi_evo_agent_runner.py:116] Agent_0 gets win rate: 0.61.
[20260602 07:27:58 @multi_evo_agent_runner.py:115] Agent_1 gets eval reward: 481.37.
[20260602 07:27:58 @multi_evo_agent_runner.py:116] Agent_1 gets win rate: 0.39.
[20260602 07:27:58 @multi_evo_agent_runner.py:79] #------------------------ Iteration 172 --------------------------#
[20260602 07:28:14 @multi_evo_agent_runner.py:85] Sampling 50000 steps by 50 slaves, spending 16.02 s.
[20260602 07:28:43 @multi_evo_agent_runner.py:94] Policy update, spending: 29.11 s.
[20260602 07:28:46 @multi_evo_agent_runner.py:99] Evaluation time: 2.28 s.
[20260602 07:28:46 @multi_evo_agent_runner.py:105] Total time:     134.55 min
[20260602 07:28:46 @multi_evo_agent_runner.py:115] Agent_0 gets eval reward: 854.65.
[20260602 07:28:46 @multi_evo_agent_runner.py:116] Agent_0 gets win rate: 0.61.
[20260602 07:28:46 @multi_evo_agent_runner.py:115] Agent_1 gets eval reward: 518.35.
[20260602 07:28:46 @multi_evo_agent_runner.py:116] Agent_1 gets win rate: 0.37.
[20260602 07:28:46 @multi_evo_agent_runner.py:79] #------------------------ Iteration 173 --------------------------#
[20260602 07:29:02 @multi_evo_agent_runner.py:85] Sampling 50000 steps by 50 slaves, spending 15.77 s.
[20260602 07:29:29 @multi_evo_agent_runner.py:94] Policy update, spending: 27.74 s.
[20260602 07:29:32 @multi_evo_agent_runner.py:99] Evaluation time: 2.03 s.
[20260602 07:29:32 @multi_evo_agent_runner.py:105] Total time:     135.31 min
[20260602 07:29:32 @multi_evo_agent_runner.py:115] Agent_0 gets eval reward: 851.38.
[20260602 07:29:32 @multi_evo_agent_runner.py:116] Agent_0 gets win rate: 0.63.
[20260602 07:29:32 @multi_evo_agent_runner.py:115] Agent_1 gets eval reward: 705.25.
[20260602 07:29:32 @multi_evo_agent_runner.py:116] Agent_1 gets win rate: 0.27.
[20260602 07:29:32 @multi_evo_agent_runner.py:503] CRITICAL save best checkpoint with agent_0's rewards 851.38!
[20260602 07:29:32 @multi_evo_agent_runner.py:79] #------------------------ Iteration 174 --------------------------#
[20260602 07:29:48 @multi_evo_agent_runner.py:85] Sampling 50000 steps by 50 slaves, spending 16.14 s.
[20260602 07:30:16 @multi_evo_agent_runner.py:94] Policy update, spending: 28.45 s.
[20260602 07:30:19 @multi_evo_agent_runner.py:99] Evaluation time: 2.34 s.
[20260602 07:30:19 @multi_evo_agent_runner.py:105] Total time:     136.10 min
[20260602 07:30:19 @multi_evo_agent_runner.py:115] Agent_0 gets eval reward: 457.97.
[20260602 07:30:19 @multi_evo_agent_runner.py:116] Agent_0 gets win rate: 0.47.
[20260602 07:30:19 @multi_evo_agent_runner.py:115] Agent_1 gets eval reward: 1001.62.
[20260602 07:30:19 @multi_evo_agent_runner.py:116] Agent_1 gets win rate: 0.49.
[20260602 07:30:19 @multi_evo_agent_runner.py:503] CRITICAL save best checkpoint with agent_1's rewards 1001.62!
[20260602 07:30:19 @multi_evo_agent_runner.py:79] #------------------------ Iteration 175 --------------------------#
[20260602 07:30:35 @multi_evo_agent_runner.py:85] Sampling 50000 steps by 50 slaves, spending 16.14 s.
[20260602 07:31:05 @multi_evo_agent_runner.py:94] Policy update, spending: 30.01 s.
[20260602 07:31:07 @multi_evo_agent_runner.py:99] Evaluation time: 2.05 s.
[20260602 07:31:07 @multi_evo_agent_runner.py:105] Total time:     136.91 min
[20260602 07:31:07 @multi_evo_agent_runner.py:115] Agent_0 gets eval reward: 433.23.
[20260602 07:31:07 @multi_evo_agent_runner.py:116] Agent_0 gets win rate: 0.44.
[20260602 07:31:07 @multi_evo_agent_runner.py:115] Agent_1 gets eval reward: 502.81.
[20260602 07:31:07 @multi_evo_agent_runner.py:116] Agent_1 gets win rate: 0.44.
[20260602 07:31:07 @multi_evo_agent_runner.py:79] #------------------------ Iteration 176 --------------------------#
[20260602 07:31:23 @multi_evo_agent_runner.py:85] Sampling 50000 steps by 50 slaves, spending 15.72 s.
[20260602 07:31:52 @multi_evo_agent_runner.py:94] Policy update, spending: 28.38 s.
[20260602 07:31:54 @multi_evo_agent_runner.py:99] Evaluation time: 2.14 s.
[20260602 07:31:54 @multi_evo_agent_runner.py:105] Total time:     137.68 min
[20260602 07:31:54 @multi_evo_agent_runner.py:115] Agent_0 gets eval reward: 621.39.
[20260602 07:31:54 @multi_evo_agent_runner.py:116] Agent_0 gets win rate: 0.47.
[20260602 07:31:54 @multi_evo_agent_runner.py:115] Agent_1 gets eval reward: 640.64.
[20260602 07:31:54 @multi_evo_agent_runner.py:116] Agent_1 gets win rate: 0.41.
[20260602 07:31:54 @multi_evo_agent_runner.py:79] #------------------------ Iteration 177 --------------------------#
[20260602 07:32:10 @multi_evo_agent_runner.py:85] Sampling 50000 steps by 50 slaves, spending 16.33 s.
[20260602 07:32:39 @multi_evo_agent_runner.py:94] Policy update, spending: 28.62 s.
[20260602 07:32:41 @multi_evo_agent_runner.py:99] Evaluation time: 2.14 s.
[20260602 07:32:41 @multi_evo_agent_runner.py:105] Total time:     138.47 min
[20260602 07:32:41 @multi_evo_agent_runner.py:115] Agent_0 gets eval reward: 432.47.
[20260602 07:32:41 @multi_evo_agent_runner.py:116] Agent_0 gets win rate: 0.40.
[20260602 07:32:41 @multi_evo_agent_runner.py:115] Agent_1 gets eval reward: 677.06.
[20260602 07:32:41 @multi_evo_agent_runner.py:116] Agent_1 gets win rate: 0.57.
[20260602 07:32:41 @multi_evo_agent_runner.py:503] CRITICAL save best checkpoint with agent_1's rewards 677.06!
[20260602 07:32:41 @multi_evo_agent_runner.py:79] #------------------------ Iteration 178 --------------------------#
[20260602 07:32:57 @multi_evo_agent_runner.py:85] Sampling 50000 steps by 50 slaves, spending 15.72 s.
[20260602 07:33:26 @multi_evo_agent_runner.py:94] Policy update, spending: 28.78 s.
[20260602 07:33:28 @multi_evo_agent_runner.py:99] Evaluation time: 2.19 s.
[20260602 07:33:28 @multi_evo_agent_runner.py:105] Total time:     139.26 min
[20260602 07:33:28 @multi_evo_agent_runner.py:115] Agent_0 gets eval reward: 387.61.
[20260602 07:33:28 @multi_evo_agent_runner.py:116] Agent_0 gets win rate: 0.36.
[20260602 07:33:28 @multi_evo_agent_runner.py:115] Agent_1 gets eval reward: 743.03.
[20260602 07:33:28 @multi_evo_agent_runner.py:116] Agent_1 gets win rate: 0.57.
[20260602 07:33:28 @multi_evo_agent_runner.py:503] CRITICAL save best checkpoint with agent_1's rewards 743.03!
[20260602 07:33:28 @multi_evo_agent_runner.py:79] #------------------------ Iteration 179 --------------------------#
[20260602 07:33:45 @multi_evo_agent_runner.py:85] Sampling 50000 steps by 50 slaves, spending 16.46 s.
[20260602 07:34:14 @multi_evo_agent_runner.py:94] Policy update, spending: 29.37 s.
[20260602 07:34:17 @multi_evo_agent_runner.py:99] Evaluation time: 2.41 s.
[20260602 07:34:17 @multi_evo_agent_runner.py:105] Total time:     140.06 min
[20260602 07:34:17 @multi_evo_agent_runner.py:115] Agent_0 gets eval reward: 1364.49.
[20260602 07:34:17 @multi_evo_agent_runner.py:116] Agent_0 gets win rate: 0.61.
[20260602 07:34:17 @multi_evo_agent_runner.py:115] Agent_1 gets eval reward: 612.41.
[20260602 07:34:17 @multi_evo_agent_runner.py:116] Agent_1 gets win rate: 0.17.
[20260602 07:34:17 @multi_evo_agent_runner.py:503] CRITICAL save best checkpoint with agent_0's rewards 1364.49!
[20260602 07:34:17 @multi_evo_agent_runner.py:79] #------------------------ Iteration 180 --------------------------#
[20260602 07:34:33 @multi_evo_agent_runner.py:85] Sampling 50000 steps by 50 slaves, spending 16.40 s.
[20260602 07:35:03 @multi_evo_agent_runner.py:94] Policy update, spending: 30.13 s.
[20260602 07:35:05 @multi_evo_agent_runner.py:99] Evaluation time: 1.97 s.
[20260602 07:35:05 @multi_evo_agent_runner.py:105] Total time:     140.88 min
[20260602 07:35:05 @multi_evo_agent_runner.py:115] Agent_0 gets eval reward: 533.65.
[20260602 07:35:05 @multi_evo_agent_runner.py:116] Agent_0 gets win rate: 0.38.
[20260602 07:35:05 @multi_evo_agent_runner.py:115] Agent_1 gets eval reward: 682.52.
[20260602 07:35:05 @multi_evo_agent_runner.py:116] Agent_1 gets win rate: 0.52.
[20260602 07:35:06 @multi_evo_agent_runner.py:79] #------------------------ Iteration 181 --------------------------#
[20260602 07:35:21 @multi_evo_agent_runner.py:85] Sampling 50000 steps by 50 slaves, spending 15.68 s.
[20260602 07:35:50 @multi_evo_agent_runner.py:94] Policy update, spending: 29.25 s.
[20260602 07:35:53 @multi_evo_agent_runner.py:99] Evaluation time: 2.04 s.
[20260602 07:35:53 @multi_evo_agent_runner.py:105] Total time:     141.67 min
[20260602 07:35:53 @multi_evo_agent_runner.py:115] Agent_0 gets eval reward: 511.82.
[20260602 07:35:53 @multi_evo_agent_runner.py:116] Agent_0 gets win rate: 0.47.
[20260602 07:35:53 @multi_evo_agent_runner.py:115] Agent_1 gets eval reward: 583.87.
[20260602 07:35:53 @multi_evo_agent_runner.py:116] Agent_1 gets win rate: 0.44.
[20260602 07:35:53 @multi_evo_agent_runner.py:79] #------------------------ Iteration 182 --------------------------#
[20260602 07:36:09 @multi_evo_agent_runner.py:85] Sampling 50000 steps by 50 slaves, spending 16.04 s.
[20260602 07:36:38 @multi_evo_agent_runner.py:94] Policy update, spending: 28.85 s.
[20260602 07:36:40 @multi_evo_agent_runner.py:99] Evaluation time: 2.07 s.
[20260602 07:36:40 @multi_evo_agent_runner.py:105] Total time:     142.45 min
[20260602 07:36:40 @multi_evo_agent_runner.py:115] Agent_0 gets eval reward: 444.47.
[20260602 07:36:40 @multi_evo_agent_runner.py:116] Agent_0 gets win rate: 0.39.
[20260602 07:36:40 @multi_evo_agent_runner.py:115] Agent_1 gets eval reward: 552.66.
[20260602 07:36:40 @multi_evo_agent_runner.py:116] Agent_1 gets win rate: 0.43.
[20260602 07:36:40 @multi_evo_agent_runner.py:79] #------------------------ Iteration 183 --------------------------#
[20260602 07:36:56 @multi_evo_agent_runner.py:85] Sampling 50000 steps by 50 slaves, spending 15.97 s.
[20260602 07:37:25 @multi_evo_agent_runner.py:94] Policy update, spending: 29.14 s.
[20260602 07:37:27 @multi_evo_agent_runner.py:99] Evaluation time: 2.14 s.
[20260602 07:37:27 @multi_evo_agent_runner.py:105] Total time:     143.24 min
[20260602 07:37:27 @multi_evo_agent_runner.py:115] Agent_0 gets eval reward: 559.28.
[20260602 07:37:27 @multi_evo_agent_runner.py:116] Agent_0 gets win rate: 0.59.
[20260602 07:37:27 @multi_evo_agent_runner.py:115] Agent_1 gets eval reward: 522.33.
[20260602 07:37:27 @multi_evo_agent_runner.py:116] Agent_1 gets win rate: 0.36.
[20260602 07:37:28 @multi_evo_agent_runner.py:79] #------------------------ Iteration 184 --------------------------#
[20260602 07:37:43 @multi_evo_agent_runner.py:85] Sampling 50000 steps by 50 slaves, spending 15.84 s.
[20260602 07:38:12 @multi_evo_agent_runner.py:94] Policy update, spending: 29.10 s.
[20260602 07:38:15 @multi_evo_agent_runner.py:99] Evaluation time: 2.17 s.
[20260602 07:38:15 @multi_evo_agent_runner.py:105] Total time:     144.03 min
[20260602 07:38:15 @multi_evo_agent_runner.py:115] Agent_0 gets eval reward: 569.19.
[20260602 07:38:15 @multi_evo_agent_runner.py:116] Agent_0 gets win rate: 0.44.
[20260602 07:38:15 @multi_evo_agent_runner.py:115] Agent_1 gets eval reward: 573.75.
[20260602 07:38:15 @multi_evo_agent_runner.py:116] Agent_1 gets win rate: 0.47.
[20260602 07:38:15 @multi_evo_agent_runner.py:79] #------------------------ Iteration 185 --------------------------#
[20260602 07:38:31 @multi_evo_agent_runner.py:85] Sampling 50000 steps by 50 slaves, spending 16.17 s.
[20260602 07:39:00 @multi_evo_agent_runner.py:94] Policy update, spending: 29.13 s.
[20260602 07:39:02 @multi_evo_agent_runner.py:99] Evaluation time: 2.04 s.
[20260602 07:39:02 @multi_evo_agent_runner.py:105] Total time:     144.83 min
[20260602 07:39:02 @multi_evo_agent_runner.py:115] Agent_0 gets eval reward: 318.69.
[20260602 07:39:02 @multi_evo_agent_runner.py:116] Agent_0 gets win rate: 0.41.
[20260602 07:39:02 @multi_evo_agent_runner.py:115] Agent_1 gets eval reward: 540.82.
[20260602 07:39:02 @multi_evo_agent_runner.py:116] Agent_1 gets win rate: 0.52.
[20260602 07:39:03 @multi_evo_agent_runner.py:79] #------------------------ Iteration 186 --------------------------#
[20260602 07:39:19 @multi_evo_agent_runner.py:85] Sampling 50000 steps by 50 slaves, spending 16.19 s.
[20260602 07:39:47 @multi_evo_agent_runner.py:94] Policy update, spending: 28.47 s.
[20260602 07:39:49 @multi_evo_agent_runner.py:99] Evaluation time: 2.16 s.
[20260602 07:39:49 @multi_evo_agent_runner.py:105] Total time:     145.61 min
[20260602 07:39:49 @multi_evo_agent_runner.py:115] Agent_0 gets eval reward: 646.24.
[20260602 07:39:49 @multi_evo_agent_runner.py:116] Agent_0 gets win rate: 0.57.
[20260602 07:39:49 @multi_evo_agent_runner.py:115] Agent_1 gets eval reward: 793.07.
[20260602 07:39:49 @multi_evo_agent_runner.py:116] Agent_1 gets win rate: 0.34.
[20260602 07:39:49 @multi_evo_agent_runner.py:503] CRITICAL save best checkpoint with agent_1's rewards 793.07!
[20260602 07:39:50 @multi_evo_agent_runner.py:79] #------------------------ Iteration 187 --------------------------#
[20260602 07:40:06 @multi_evo_agent_runner.py:85] Sampling 50000 steps by 50 slaves, spending 16.22 s.
[20260602 07:40:35 @multi_evo_agent_runner.py:94] Policy update, spending: 29.03 s.
[20260602 07:40:37 @multi_evo_agent_runner.py:99] Evaluation time: 2.34 s.
[20260602 07:40:37 @multi_evo_agent_runner.py:105] Total time:     146.41 min
[20260602 07:40:37 @multi_evo_agent_runner.py:115] Agent_0 gets eval reward: 467.84.
[20260602 07:40:37 @multi_evo_agent_runner.py:116] Agent_0 gets win rate: 0.57.
[20260602 07:40:37 @multi_evo_agent_runner.py:115] Agent_1 gets eval reward: 447.06.
[20260602 07:40:37 @multi_evo_agent_runner.py:116] Agent_1 gets win rate: 0.40.
[20260602 07:40:37 @multi_evo_agent_runner.py:503] CRITICAL save best checkpoint with agent_1's rewards 447.06!
[20260602 07:40:37 @multi_evo_agent_runner.py:79] #------------------------ Iteration 188 --------------------------#
[20260602 07:40:54 @multi_evo_agent_runner.py:85] Sampling 50000 steps by 50 slaves, spending 16.08 s.
[20260602 07:41:22 @multi_evo_agent_runner.py:94] Policy update, spending: 28.94 s.
[20260602 07:41:25 @multi_evo_agent_runner.py:99] Evaluation time: 2.25 s.
[20260602 07:41:25 @multi_evo_agent_runner.py:105] Total time:     147.20 min
[20260602 07:41:25 @multi_evo_agent_runner.py:115] Agent_0 gets eval reward: 304.49.
[20260602 07:41:25 @multi_evo_agent_runner.py:116] Agent_0 gets win rate: 0.43.
[20260602 07:41:25 @multi_evo_agent_runner.py:115] Agent_1 gets eval reward: 779.53.
[20260602 07:41:25 @multi_evo_agent_runner.py:116] Agent_1 gets win rate: 0.36.
[20260602 07:41:25 @multi_evo_agent_runner.py:503] CRITICAL save best checkpoint with agent_1's rewards 779.53!
[20260602 07:41:25 @multi_evo_agent_runner.py:79] #------------------------ Iteration 189 --------------------------#
[20260602 07:41:41 @multi_evo_agent_runner.py:85] Sampling 50000 steps by 50 slaves, spending 16.09 s.
[20260602 07:42:10 @multi_evo_agent_runner.py:94] Policy update, spending: 28.87 s.
[20260602 07:42:12 @multi_evo_agent_runner.py:99] Evaluation time: 2.18 s.
[20260602 07:42:12 @multi_evo_agent_runner.py:105] Total time:     147.99 min
[20260602 07:42:12 @multi_evo_agent_runner.py:115] Agent_0 gets eval reward: 692.29.
[20260602 07:42:12 @multi_evo_agent_runner.py:116] Agent_0 gets win rate: 0.49.
[20260602 07:42:12 @multi_evo_agent_runner.py:115] Agent_1 gets eval reward: 409.80.
[20260602 07:42:12 @multi_evo_agent_runner.py:116] Agent_1 gets win rate: 0.47.
[20260602 07:42:12 @multi_evo_agent_runner.py:503] CRITICAL save best checkpoint with agent_1's rewards 409.80!
[20260602 07:42:12 @multi_evo_agent_runner.py:79] #------------------------ Iteration 190 --------------------------#
[20260602 07:42:28 @multi_evo_agent_runner.py:85] Sampling 50000 steps by 50 slaves, spending 15.77 s.
[20260602 07:42:57 @multi_evo_agent_runner.py:94] Policy update, spending: 28.92 s.
[20260602 07:42:59 @multi_evo_agent_runner.py:99] Evaluation time: 2.04 s.
[20260602 07:42:59 @multi_evo_agent_runner.py:105] Total time:     148.77 min
[20260602 07:42:59 @multi_evo_agent_runner.py:115] Agent_0 gets eval reward: 475.60.
[20260602 07:42:59 @multi_evo_agent_runner.py:116] Agent_0 gets win rate: 0.52.
[20260602 07:42:59 @multi_evo_agent_runner.py:115] Agent_1 gets eval reward: 596.14.
[20260602 07:42:59 @multi_evo_agent_runner.py:116] Agent_1 gets win rate: 0.42.
[20260602 07:42:59 @multi_evo_agent_runner.py:503] CRITICAL save best checkpoint with agent_1's rewards 596.14!
[20260602 07:42:59 @multi_evo_agent_runner.py:79] #------------------------ Iteration 191 --------------------------#
[20260602 07:43:16 @multi_evo_agent_runner.py:85] Sampling 50000 steps by 50 slaves, spending 16.35 s.
[20260602 07:43:45 @multi_evo_agent_runner.py:94] Policy update, spending: 28.89 s.
[20260602 07:43:47 @multi_evo_agent_runner.py:99] Evaluation time: 2.27 s.
[20260602 07:43:47 @multi_evo_agent_runner.py:105] Total time:     149.57 min
[20260602 07:43:47 @multi_evo_agent_runner.py:115] Agent_0 gets eval reward: 469.72.
[20260602 07:43:47 @multi_evo_agent_runner.py:116] Agent_0 gets win rate: 0.55.
[20260602 07:43:47 @multi_evo_agent_runner.py:115] Agent_1 gets eval reward: 351.46.
[20260602 07:43:47 @multi_evo_agent_runner.py:116] Agent_1 gets win rate: 0.40.
[20260602 07:43:47 @multi_evo_agent_runner.py:79] #------------------------ Iteration 192 --------------------------#
[20260602 07:44:03 @multi_evo_agent_runner.py:85] Sampling 50000 steps by 50 slaves, spending 16.13 s.
[20260602 07:44:33 @multi_evo_agent_runner.py:94] Policy update, spending: 29.25 s.
[20260602 07:44:35 @multi_evo_agent_runner.py:99] Evaluation time: 2.24 s.
[20260602 07:44:35 @multi_evo_agent_runner.py:105] Total time:     150.37 min
[20260602 07:44:35 @multi_evo_agent_runner.py:115] Agent_0 gets eval reward: 895.15.
[20260602 07:44:35 @multi_evo_agent_runner.py:116] Agent_0 gets win rate: 0.40.
[20260602 07:44:35 @multi_evo_agent_runner.py:115] Agent_1 gets eval reward: 1005.43.
[20260602 07:44:35 @multi_evo_agent_runner.py:116] Agent_1 gets win rate: 0.53.
[20260602 07:44:35 @multi_evo_agent_runner.py:503] CRITICAL save best checkpoint with agent_1's rewards 1005.43!
[20260602 07:44:35 @multi_evo_agent_runner.py:79] #------------------------ Iteration 193 --------------------------#
[20260602 07:44:51 @multi_evo_agent_runner.py:85] Sampling 50000 steps by 50 slaves, spending 15.91 s.
[20260602 07:45:20 @multi_evo_agent_runner.py:94] Policy update, spending: 29.23 s.
[20260602 07:45:23 @multi_evo_agent_runner.py:99] Evaluation time: 2.57 s.
[20260602 07:45:23 @multi_evo_agent_runner.py:105] Total time:     151.17 min
[20260602 07:45:23 @multi_evo_agent_runner.py:115] Agent_0 gets eval reward: 604.99.
[20260602 07:45:23 @multi_evo_agent_runner.py:116] Agent_0 gets win rate: 0.39.
[20260602 07:45:23 @multi_evo_agent_runner.py:115] Agent_1 gets eval reward: 491.92.
[20260602 07:45:23 @multi_evo_agent_runner.py:116] Agent_1 gets win rate: 0.55.
[20260602 07:45:23 @multi_evo_agent_runner.py:503] CRITICAL save best checkpoint with agent_1's rewards 491.92!
[20260602 07:45:23 @multi_evo_agent_runner.py:79] #------------------------ Iteration 194 --------------------------#
[20260602 07:45:39 @multi_evo_agent_runner.py:85] Sampling 50000 steps by 50 slaves, spending 16.08 s.
[20260602 07:46:08 @multi_evo_agent_runner.py:94] Policy update, spending: 28.72 s.
[20260602 07:46:10 @multi_evo_agent_runner.py:99] Evaluation time: 2.15 s.
[20260602 07:46:10 @multi_evo_agent_runner.py:105] Total time:     151.96 min
[20260602 07:46:10 @multi_evo_agent_runner.py:115] Agent_0 gets eval reward: 701.75.
[20260602 07:46:10 @multi_evo_agent_runner.py:116] Agent_0 gets win rate: 0.60.
[20260602 07:46:10 @multi_evo_agent_runner.py:115] Agent_1 gets eval reward: 592.67.
[20260602 07:46:10 @multi_evo_agent_runner.py:116] Agent_1 gets win rate: 0.40.
[20260602 07:46:10 @multi_evo_agent_runner.py:503] CRITICAL save best checkpoint with agent_1's rewards 592.67!
[20260602 07:46:10 @multi_evo_agent_runner.py:79] #------------------------ Iteration 195 --------------------------#
[20260602 07:46:26 @multi_evo_agent_runner.py:85] Sampling 50000 steps by 50 slaves, spending 15.91 s.
[20260602 07:46:54 @multi_evo_agent_runner.py:94] Policy update, spending: 28.21 s.
[20260602 07:46:56 @multi_evo_agent_runner.py:99] Evaluation time: 2.12 s.
[20260602 07:46:56 @multi_evo_agent_runner.py:105] Total time:     152.73 min
[20260602 07:46:57 @multi_evo_agent_runner.py:115] Agent_0 gets eval reward: 888.86.
[20260602 07:46:57 @multi_evo_agent_runner.py:116] Agent_0 gets win rate: 0.42.
[20260602 07:46:57 @multi_evo_agent_runner.py:115] Agent_1 gets eval reward: 667.70.
[20260602 07:46:57 @multi_evo_agent_runner.py:116] Agent_1 gets win rate: 0.44.
[20260602 07:46:57 @multi_evo_agent_runner.py:503] CRITICAL save best checkpoint with agent_1's rewards 667.70!
[20260602 07:46:57 @multi_evo_agent_runner.py:79] #------------------------ Iteration 196 --------------------------#
[20260602 07:47:13 @multi_evo_agent_runner.py:85] Sampling 50000 steps by 50 slaves, spending 16.34 s.
[20260602 07:47:42 @multi_evo_agent_runner.py:94] Policy update, spending: 28.86 s.
[20260602 07:47:44 @multi_evo_agent_runner.py:99] Evaluation time: 1.99 s.
[20260602 07:47:44 @multi_evo_agent_runner.py:105] Total time:     153.52 min
[20260602 07:47:44 @multi_evo_agent_runner.py:115] Agent_0 gets eval reward: 253.57.
[20260602 07:47:44 @multi_evo_agent_runner.py:116] Agent_0 gets win rate: 0.44.
[20260602 07:47:44 @multi_evo_agent_runner.py:115] Agent_1 gets eval reward: 732.58.
[20260602 07:47:44 @multi_evo_agent_runner.py:116] Agent_1 gets win rate: 0.44.
[20260602 07:47:44 @multi_evo_agent_runner.py:503] CRITICAL save best checkpoint with agent_1's rewards 732.58!
[20260602 07:47:44 @multi_evo_agent_runner.py:79] #------------------------ Iteration 197 --------------------------#
[20260602 07:48:00 @multi_evo_agent_runner.py:85] Sampling 50000 steps by 50 slaves, spending 15.83 s.
[20260602 07:48:28 @multi_evo_agent_runner.py:94] Policy update, spending: 28.42 s.
[20260602 07:48:30 @multi_evo_agent_runner.py:99] Evaluation time: 1.96 s.
[20260602 07:48:30 @multi_evo_agent_runner.py:105] Total time:     154.30 min
[20260602 07:48:31 @multi_evo_agent_runner.py:115] Agent_0 gets eval reward: 381.88.
[20260602 07:48:31 @multi_evo_agent_runner.py:116] Agent_0 gets win rate: 0.44.
[20260602 07:48:31 @multi_evo_agent_runner.py:115] Agent_1 gets eval reward: 523.70.
[20260602 07:48:31 @multi_evo_agent_runner.py:116] Agent_1 gets win rate: 0.50.
[20260602 07:48:31 @multi_evo_agent_runner.py:503] CRITICAL save best checkpoint with agent_1's rewards 523.70!
[20260602 07:48:31 @multi_evo_agent_runner.py:79] #------------------------ Iteration 198 --------------------------#
[20260602 07:48:47 @multi_evo_agent_runner.py:85] Sampling 50000 steps by 50 slaves, spending 16.04 s.
[20260602 07:49:16 @multi_evo_agent_runner.py:94] Policy update, spending: 29.19 s.
[20260602 07:49:18 @multi_evo_agent_runner.py:99] Evaluation time: 2.37 s.
[20260602 07:49:18 @multi_evo_agent_runner.py:105] Total time:     155.09 min
[20260602 07:49:18 @multi_evo_agent_runner.py:115] Agent_0 gets eval reward: 400.27.
[20260602 07:49:18 @multi_evo_agent_runner.py:116] Agent_0 gets win rate: 0.30.
[20260602 07:49:18 @multi_evo_agent_runner.py:115] Agent_1 gets eval reward: 837.20.
[20260602 07:49:18 @multi_evo_agent_runner.py:116] Agent_1 gets win rate: 0.58.
[20260602 07:49:18 @multi_evo_agent_runner.py:503] CRITICAL save best checkpoint with agent_1's rewards 837.20!
[20260602 07:49:19 @multi_evo_agent_runner.py:79] #------------------------ Iteration 199 --------------------------#
[20260602 07:49:35 @multi_evo_agent_runner.py:85] Sampling 50000 steps by 50 slaves, spending 16.39 s.
[20260602 07:50:04 @multi_evo_agent_runner.py:94] Policy update, spending: 29.20 s.
[20260602 07:50:06 @multi_evo_agent_runner.py:99] Evaluation time: 2.34 s.
[20260602 07:50:06 @multi_evo_agent_runner.py:105] Total time:     155.90 min
[20260602 07:50:07 @multi_evo_agent_runner.py:115] Agent_0 gets eval reward: 383.22.
[20260602 07:50:07 @multi_evo_agent_runner.py:116] Agent_0 gets win rate: 0.43.
[20260602 07:50:07 @multi_evo_agent_runner.py:115] Agent_1 gets eval reward: 806.74.
[20260602 07:50:07 @multi_evo_agent_runner.py:116] Agent_1 gets win rate: 0.43.
[20260602 07:50:07 @multi_evo_agent_runner.py:79] #------------------------ Iteration 200 --------------------------#
[20260602 07:50:22 @multi_evo_agent_runner.py:85] Sampling 50000 steps by 50 slaves, spending 15.80 s.
[20260602 07:50:51 @multi_evo_agent_runner.py:94] Policy update, spending: 28.77 s.
[20260602 07:50:53 @multi_evo_agent_runner.py:99] Evaluation time: 2.12 s.
[20260602 07:50:53 @multi_evo_agent_runner.py:105] Total time:     156.68 min
[20260602 07:50:54 @multi_evo_agent_runner.py:115] Agent_0 gets eval reward: 677.13.
[20260602 07:50:54 @multi_evo_agent_runner.py:116] Agent_0 gets win rate: 0.38.
[20260602 07:50:54 @multi_evo_agent_runner.py:115] Agent_1 gets eval reward: 562.79.
[20260602 07:50:54 @multi_evo_agent_runner.py:116] Agent_1 gets win rate: 0.49.
[20260602 07:50:54 @multi_evo_agent_runner.py:79] #------------------------ Iteration 201 --------------------------#
[20260602 07:51:09 @multi_evo_agent_runner.py:85] Sampling 50000 steps by 50 slaves, spending 15.40 s.
[20260602 07:51:38 @multi_evo_agent_runner.py:94] Policy update, spending: 28.68 s.
[20260602 07:51:40 @multi_evo_agent_runner.py:99] Evaluation time: 2.05 s.
[20260602 07:51:40 @multi_evo_agent_runner.py:105] Total time:     157.45 min
[20260602 07:51:40 @multi_evo_agent_runner.py:115] Agent_0 gets eval reward: 666.57.
[20260602 07:51:40 @multi_evo_agent_runner.py:116] Agent_0 gets win rate: 0.53.
[20260602 07:51:40 @multi_evo_agent_runner.py:115] Agent_1 gets eval reward: 565.72.
[20260602 07:51:40 @multi_evo_agent_runner.py:116] Agent_1 gets win rate: 0.36.
[20260602 07:51:40 @multi_evo_agent_runner.py:79] #------------------------ Iteration 202 --------------------------#
[20260602 07:51:56 @multi_evo_agent_runner.py:85] Sampling 50000 steps by 50 slaves, spending 16.27 s.
[20260602 07:52:25 @multi_evo_agent_runner.py:94] Policy update, spending: 29.02 s.
[20260602 07:52:28 @multi_evo_agent_runner.py:99] Evaluation time: 2.19 s.
[20260602 07:52:28 @multi_evo_agent_runner.py:105] Total time:     158.25 min
[20260602 07:52:28 @multi_evo_agent_runner.py:115] Agent_0 gets eval reward: 134.33.
[20260602 07:52:28 @multi_evo_agent_runner.py:116] Agent_0 gets win rate: 0.30.
[20260602 07:52:28 @multi_evo_agent_runner.py:115] Agent_1 gets eval reward: 756.74.
[20260602 07:52:28 @multi_evo_agent_runner.py:116] Agent_1 gets win rate: 0.57.
[20260602 07:52:28 @multi_evo_agent_runner.py:79] #------------------------ Iteration 203 --------------------------#
[20260602 07:52:44 @multi_evo_agent_runner.py:85] Sampling 50000 steps by 50 slaves, spending 16.48 s.
[20260602 07:53:13 @multi_evo_agent_runner.py:94] Policy update, spending: 29.05 s.
[20260602 07:53:15 @multi_evo_agent_runner.py:99] Evaluation time: 1.94 s.
[20260602 07:53:15 @multi_evo_agent_runner.py:105] Total time:     159.04 min
[20260602 07:53:15 @multi_evo_agent_runner.py:115] Agent_0 gets eval reward: 721.63.
[20260602 07:53:15 @multi_evo_agent_runner.py:116] Agent_0 gets win rate: 0.56.
[20260602 07:53:15 @multi_evo_agent_runner.py:115] Agent_1 gets eval reward: 588.89.
[20260602 07:53:15 @multi_evo_agent_runner.py:116] Agent_1 gets win rate: 0.48.
[20260602 07:53:16 @multi_evo_agent_runner.py:79] #------------------------ Iteration 204 --------------------------#
[20260602 07:53:32 @multi_evo_agent_runner.py:85] Sampling 50000 steps by 50 slaves, spending 16.20 s.
[20260602 07:54:02 @multi_evo_agent_runner.py:94] Policy update, spending: 30.15 s.
[20260602 07:54:04 @multi_evo_agent_runner.py:99] Evaluation time: 2.00 s.
[20260602 07:54:04 @multi_evo_agent_runner.py:105] Total time:     159.85 min
[20260602 07:54:04 @multi_evo_agent_runner.py:115] Agent_0 gets eval reward: 948.33.
[20260602 07:54:04 @multi_evo_agent_runner.py:116] Agent_0 gets win rate: 0.42.
[20260602 07:54:04 @multi_evo_agent_runner.py:115] Agent_1 gets eval reward: 478.64.
[20260602 07:54:04 @multi_evo_agent_runner.py:116] Agent_1 gets win rate: 0.47.
[20260602 07:54:04 @multi_evo_agent_runner.py:79] #------------------------ Iteration 205 --------------------------#
[20260602 07:54:20 @multi_evo_agent_runner.py:85] Sampling 50000 steps by 50 slaves, spending 16.22 s.
[20260602 07:54:50 @multi_evo_agent_runner.py:94] Policy update, spending: 29.69 s.
[20260602 07:54:52 @multi_evo_agent_runner.py:99] Evaluation time: 1.95 s.
[20260602 07:54:52 @multi_evo_agent_runner.py:105] Total time:     160.66 min
[20260602 07:54:52 @multi_evo_agent_runner.py:115] Agent_0 gets eval reward: 412.86.
[20260602 07:54:52 @multi_evo_agent_runner.py:116] Agent_0 gets win rate: 0.43.
[20260602 07:54:52 @multi_evo_agent_runner.py:115] Agent_1 gets eval reward: 495.73.
[20260602 07:54:52 @multi_evo_agent_runner.py:116] Agent_1 gets win rate: 0.53.
[20260602 07:54:52 @multi_evo_agent_runner.py:79] #------------------------ Iteration 206 --------------------------#
[20260602 07:55:09 @multi_evo_agent_runner.py:85] Sampling 50000 steps by 50 slaves, spending 16.42 s.
[20260602 07:55:39 @multi_evo_agent_runner.py:94] Policy update, spending: 30.35 s.
[20260602 07:55:41 @multi_evo_agent_runner.py:99] Evaluation time: 2.32 s.
[20260602 07:55:41 @multi_evo_agent_runner.py:105] Total time:     161.48 min
[20260602 07:55:42 @multi_evo_agent_runner.py:115] Agent_0 gets eval reward: 561.33.
[20260602 07:55:42 @multi_evo_agent_runner.py:116] Agent_0 gets win rate: 0.35.
[20260602 07:55:42 @multi_evo_agent_runner.py:115] Agent_1 gets eval reward: 743.01.
[20260602 07:55:42 @multi_evo_agent_runner.py:116] Agent_1 gets win rate: 0.62.
[20260602 07:55:42 @multi_evo_agent_runner.py:503] CRITICAL save best checkpoint with agent_1's rewards 743.01!
[20260602 07:55:42 @multi_evo_agent_runner.py:79] #------------------------ Iteration 207 --------------------------#
[20260602 07:55:57 @multi_evo_agent_runner.py:85] Sampling 50000 steps by 50 slaves, spending 15.68 s.
[20260602 07:56:26 @multi_evo_agent_runner.py:94] Policy update, spending: 28.29 s.
[20260602 07:56:28 @multi_evo_agent_runner.py:99] Evaluation time: 2.36 s.
[20260602 07:56:28 @multi_evo_agent_runner.py:105] Total time:     162.26 min
[20260602 07:56:28 @multi_evo_agent_runner.py:115] Agent_0 gets eval reward: 560.40.
[20260602 07:56:28 @multi_evo_agent_runner.py:116] Agent_0 gets win rate: 0.51.
[20260602 07:56:28 @multi_evo_agent_runner.py:115] Agent_1 gets eval reward: 667.51.
[20260602 07:56:28 @multi_evo_agent_runner.py:116] Agent_1 gets win rate: 0.37.
[20260602 07:56:28 @multi_evo_agent_runner.py:79] #------------------------ Iteration 208 --------------------------#
[20260602 07:56:45 @multi_evo_agent_runner.py:85] Sampling 50000 steps by 50 slaves, spending 16.65 s.
[20260602 07:57:15 @multi_evo_agent_runner.py:94] Policy update, spending: 29.77 s.
[20260602 07:57:17 @multi_evo_agent_runner.py:99] Evaluation time: 2.16 s.
[20260602 07:57:17 @multi_evo_agent_runner.py:105] Total time:     163.07 min
[20260602 07:57:17 @multi_evo_agent_runner.py:115] Agent_0 gets eval reward: 308.04.
[20260602 07:57:17 @multi_evo_agent_runner.py:116] Agent_0 gets win rate: 0.33.
[20260602 07:57:17 @multi_evo_agent_runner.py:115] Agent_1 gets eval reward: 871.06.
[20260602 07:57:17 @multi_evo_agent_runner.py:116] Agent_1 gets win rate: 0.53.
[20260602 07:57:17 @multi_evo_agent_runner.py:503] CRITICAL save best checkpoint with agent_1's rewards 871.06!
[20260602 07:57:17 @multi_evo_agent_runner.py:79] #------------------------ Iteration 209 --------------------------#
[20260602 07:57:33 @multi_evo_agent_runner.py:85] Sampling 50000 steps by 50 slaves, spending 16.20 s.
[20260602 07:58:03 @multi_evo_agent_runner.py:94] Policy update, spending: 30.00 s.
[20260602 07:58:05 @multi_evo_agent_runner.py:99] Evaluation time: 2.03 s.
[20260602 07:58:05 @multi_evo_agent_runner.py:105] Total time:     163.88 min
[20260602 07:58:06 @multi_evo_agent_runner.py:115] Agent_0 gets eval reward: 268.83.
[20260602 07:58:06 @multi_evo_agent_runner.py:116] Agent_0 gets win rate: 0.33.
[20260602 07:58:06 @multi_evo_agent_runner.py:115] Agent_1 gets eval reward: 843.42.
[20260602 07:58:06 @multi_evo_agent_runner.py:116] Agent_1 gets win rate: 0.49.
[20260602 07:58:06 @multi_evo_agent_runner.py:79] #------------------------ Iteration 210 --------------------------#
[20260602 07:58:22 @multi_evo_agent_runner.py:85] Sampling 50000 steps by 50 slaves, spending 16.21 s.
[20260602 07:58:51 @multi_evo_agent_runner.py:94] Policy update, spending: 29.17 s.
[20260602 07:58:53 @multi_evo_agent_runner.py:99] Evaluation time: 2.23 s.
[20260602 07:58:53 @multi_evo_agent_runner.py:105] Total time:     164.68 min
[20260602 07:58:53 @multi_evo_agent_runner.py:115] Agent_0 gets eval reward: 814.18.
[20260602 07:58:53 @multi_evo_agent_runner.py:116] Agent_0 gets win rate: 0.35.
[20260602 07:58:53 @multi_evo_agent_runner.py:115] Agent_1 gets eval reward: 376.32.
[20260602 07:58:53 @multi_evo_agent_runner.py:116] Agent_1 gets win rate: 0.53.
[20260602 07:58:54 @multi_evo_agent_runner.py:79] #------------------------ Iteration 211 --------------------------#
[20260602 07:59:10 @multi_evo_agent_runner.py:85] Sampling 50000 steps by 50 slaves, spending 16.45 s.
[20260602 07:59:39 @multi_evo_agent_runner.py:94] Policy update, spending: 29.05 s.
[20260602 07:59:41 @multi_evo_agent_runner.py:99] Evaluation time: 2.36 s.
[20260602 07:59:41 @multi_evo_agent_runner.py:105] Total time:     165.48 min
[20260602 07:59:42 @multi_evo_agent_runner.py:115] Agent_0 gets eval reward: 770.39.
[20260602 07:59:42 @multi_evo_agent_runner.py:116] Agent_0 gets win rate: 0.39.
[20260602 07:59:42 @multi_evo_agent_runner.py:115] Agent_1 gets eval reward: 642.09.
[20260602 07:59:42 @multi_evo_agent_runner.py:116] Agent_1 gets win rate: 0.29.
[20260602 07:59:42 @multi_evo_agent_runner.py:79] #------------------------ Iteration 212 --------------------------#
[20260602 07:59:58 @multi_evo_agent_runner.py:85] Sampling 50000 steps by 50 slaves, spending 16.77 s.
[20260602 08:00:28 @multi_evo_agent_runner.py:94] Policy update, spending: 29.52 s.
[20260602 08:00:30 @multi_evo_agent_runner.py:99] Evaluation time: 1.96 s.
[20260602 08:00:30 @multi_evo_agent_runner.py:105] Total time:     166.29 min
[20260602 08:00:30 @multi_evo_agent_runner.py:115] Agent_0 gets eval reward: 556.59.
[20260602 08:00:30 @multi_evo_agent_runner.py:116] Agent_0 gets win rate: 0.41.
[20260602 08:00:30 @multi_evo_agent_runner.py:115] Agent_1 gets eval reward: 743.16.
[20260602 08:00:30 @multi_evo_agent_runner.py:116] Agent_1 gets win rate: 0.53.
[20260602 08:00:30 @multi_evo_agent_runner.py:79] #------------------------ Iteration 213 --------------------------#
[20260602 08:00:46 @multi_evo_agent_runner.py:85] Sampling 50000 steps by 50 slaves, spending 15.96 s.
[20260602 08:01:15 @multi_evo_agent_runner.py:94] Policy update, spending: 28.49 s.
[20260602 08:01:17 @multi_evo_agent_runner.py:99] Evaluation time: 2.26 s.
[20260602 08:01:17 @multi_evo_agent_runner.py:105] Total time:     167.07 min
[20260602 08:01:17 @multi_evo_agent_runner.py:115] Agent_0 gets eval reward: 484.31.
[20260602 08:01:17 @multi_evo_agent_runner.py:116] Agent_0 gets win rate: 0.42.
[20260602 08:01:17 @multi_evo_agent_runner.py:115] Agent_1 gets eval reward: 612.16.
[20260602 08:01:17 @multi_evo_agent_runner.py:116] Agent_1 gets win rate: 0.40.
[20260602 08:01:17 @multi_evo_agent_runner.py:79] #------------------------ Iteration 214 --------------------------#
[20260602 08:01:33 @multi_evo_agent_runner.py:85] Sampling 50000 steps by 50 slaves, spending 16.28 s.
[20260602 08:02:03 @multi_evo_agent_runner.py:94] Policy update, spending: 29.49 s.
[20260602 08:02:05 @multi_evo_agent_runner.py:99] Evaluation time: 2.07 s.
[20260602 08:02:05 @multi_evo_agent_runner.py:105] Total time:     167.87 min
[20260602 08:02:05 @multi_evo_agent_runner.py:115] Agent_0 gets eval reward: 406.27.
[20260602 08:02:05 @multi_evo_agent_runner.py:116] Agent_0 gets win rate: 0.30.
[20260602 08:02:05 @multi_evo_agent_runner.py:115] Agent_1 gets eval reward: 713.72.
[20260602 08:02:05 @multi_evo_agent_runner.py:116] Agent_1 gets win rate: 0.61.
[20260602 08:02:05 @multi_evo_agent_runner.py:503] CRITICAL save best checkpoint with agent_1's rewards 713.72!
[20260602 08:02:05 @multi_evo_agent_runner.py:79] #------------------------ Iteration 215 --------------------------#
[20260602 08:02:22 @multi_evo_agent_runner.py:85] Sampling 50000 steps by 50 slaves, spending 16.57 s.
[20260602 08:02:52 @multi_evo_agent_runner.py:94] Policy update, spending: 30.12 s.
[20260602 08:02:54 @multi_evo_agent_runner.py:99] Evaluation time: 1.98 s.
[20260602 08:02:54 @multi_evo_agent_runner.py:105] Total time:     168.69 min
[20260602 08:02:54 @multi_evo_agent_runner.py:115] Agent_0 gets eval reward: 455.78.
[20260602 08:02:54 @multi_evo_agent_runner.py:116] Agent_0 gets win rate: 0.36.
[20260602 08:02:54 @multi_evo_agent_runner.py:115] Agent_1 gets eval reward: 723.38.
[20260602 08:02:54 @multi_evo_agent_runner.py:116] Agent_1 gets win rate: 0.43.
[20260602 08:02:54 @multi_evo_agent_runner.py:503] CRITICAL save best checkpoint with agent_1's rewards 723.38!
[20260602 08:02:54 @multi_evo_agent_runner.py:79] #------------------------ Iteration 216 --------------------------#
[20260602 08:03:11 @multi_evo_agent_runner.py:85] Sampling 50000 steps by 50 slaves, spending 16.51 s.
[20260602 08:03:40 @multi_evo_agent_runner.py:94] Policy update, spending: 29.31 s.
[20260602 08:03:42 @multi_evo_agent_runner.py:99] Evaluation time: 2.12 s.
[20260602 08:03:42 @multi_evo_agent_runner.py:105] Total time:     169.49 min
[20260602 08:03:42 @multi_evo_agent_runner.py:115] Agent_0 gets eval reward: 709.58.
[20260602 08:03:42 @multi_evo_agent_runner.py:116] Agent_0 gets win rate: 0.33.
[20260602 08:03:42 @multi_evo_agent_runner.py:115] Agent_1 gets eval reward: 877.92.
[20260602 08:03:42 @multi_evo_agent_runner.py:116] Agent_1 gets win rate: 0.53.
[20260602 08:03:42 @multi_evo_agent_runner.py:503] CRITICAL save best checkpoint with agent_1's rewards 877.92!
[20260602 08:03:42 @multi_evo_agent_runner.py:79] #------------------------ Iteration 217 --------------------------#
[20260602 08:03:59 @multi_evo_agent_runner.py:85] Sampling 50000 steps by 50 slaves, spending 16.63 s.
[20260602 08:04:30 @multi_evo_agent_runner.py:94] Policy update, spending: 30.51 s.
[20260602 08:04:32 @multi_evo_agent_runner.py:99] Evaluation time: 2.32 s.
[20260602 08:04:32 @multi_evo_agent_runner.py:105] Total time:     170.32 min
[20260602 08:04:32 @multi_evo_agent_runner.py:115] Agent_0 gets eval reward: 313.28.
[20260602 08:04:32 @multi_evo_agent_runner.py:116] Agent_0 gets win rate: 0.33.
[20260602 08:04:32 @multi_evo_agent_runner.py:115] Agent_1 gets eval reward: 542.54.
[20260602 08:04:32 @multi_evo_agent_runner.py:116] Agent_1 gets win rate: 0.61.
[20260602 08:04:32 @multi_evo_agent_runner.py:503] CRITICAL save best checkpoint with agent_1's rewards 542.54!
[20260602 08:04:32 @multi_evo_agent_runner.py:79] #------------------------ Iteration 218 --------------------------#
[20260602 08:04:49 @multi_evo_agent_runner.py:85] Sampling 50000 steps by 50 slaves, spending 16.36 s.
[20260602 08:05:18 @multi_evo_agent_runner.py:94] Policy update, spending: 29.53 s.
[20260602 08:05:20 @multi_evo_agent_runner.py:99] Evaluation time: 2.20 s.
[20260602 08:05:20 @multi_evo_agent_runner.py:105] Total time:     171.13 min
[20260602 08:05:20 @multi_evo_agent_runner.py:115] Agent_0 gets eval reward: 413.64.
[20260602 08:05:20 @multi_evo_agent_runner.py:116] Agent_0 gets win rate: 0.36.
[20260602 08:05:20 @multi_evo_agent_runner.py:115] Agent_1 gets eval reward: 521.34.
[20260602 08:05:20 @multi_evo_agent_runner.py:116] Agent_1 gets win rate: 0.54.
[20260602 08:05:21 @multi_evo_agent_runner.py:79] #------------------------ Iteration 219 --------------------------#
[20260602 08:05:37 @multi_evo_agent_runner.py:85] Sampling 50000 steps by 50 slaves, spending 16.39 s.
[20260602 08:06:06 @multi_evo_agent_runner.py:94] Policy update, spending: 29.20 s.
[20260602 08:06:08 @multi_evo_agent_runner.py:99] Evaluation time: 2.26 s.
[20260602 08:06:08 @multi_evo_agent_runner.py:105] Total time:     171.93 min
[20260602 08:06:09 @multi_evo_agent_runner.py:115] Agent_0 gets eval reward: 639.88.
[20260602 08:06:09 @multi_evo_agent_runner.py:116] Agent_0 gets win rate: 0.43.
[20260602 08:06:09 @multi_evo_agent_runner.py:115] Agent_1 gets eval reward: 565.11.
[20260602 08:06:09 @multi_evo_agent_runner.py:116] Agent_1 gets win rate: 0.30.
[20260602 08:06:09 @multi_evo_agent_runner.py:503] CRITICAL save best checkpoint with agent_1's rewards 565.11!
[20260602 08:06:09 @multi_evo_agent_runner.py:79] #------------------------ Iteration 220 --------------------------#
[20260602 08:06:25 @multi_evo_agent_runner.py:85] Sampling 50000 steps by 50 slaves, spending 16.12 s.
[20260602 08:06:54 @multi_evo_agent_runner.py:94] Policy update, spending: 28.94 s.
[20260602 08:06:56 @multi_evo_agent_runner.py:99] Evaluation time: 2.05 s.
[20260602 08:06:56 @multi_evo_agent_runner.py:105] Total time:     172.72 min
[20260602 08:06:56 @multi_evo_agent_runner.py:115] Agent_0 gets eval reward: 351.28.
[20260602 08:06:56 @multi_evo_agent_runner.py:116] Agent_0 gets win rate: 0.42.
[20260602 08:06:56 @multi_evo_agent_runner.py:115] Agent_1 gets eval reward: 796.15.
[20260602 08:06:56 @multi_evo_agent_runner.py:116] Agent_1 gets win rate: 0.25.
[20260602 08:06:56 @multi_evo_agent_runner.py:503] CRITICAL save best checkpoint with agent_1's rewards 796.15!
[20260602 08:06:56 @multi_evo_agent_runner.py:79] #------------------------ Iteration 221 --------------------------#
[20260602 08:07:13 @multi_evo_agent_runner.py:85] Sampling 50000 steps by 50 slaves, spending 16.85 s.
[20260602 08:07:42 @multi_evo_agent_runner.py:94] Policy update, spending: 29.48 s.
[20260602 08:07:45 @multi_evo_agent_runner.py:99] Evaluation time: 2.16 s.
[20260602 08:07:45 @multi_evo_agent_runner.py:105] Total time:     173.53 min
[20260602 08:07:45 @multi_evo_agent_runner.py:115] Agent_0 gets eval reward: 416.37.
[20260602 08:07:45 @multi_evo_agent_runner.py:116] Agent_0 gets win rate: 0.35.
[20260602 08:07:45 @multi_evo_agent_runner.py:115] Agent_1 gets eval reward: 562.91.
[20260602 08:07:45 @multi_evo_agent_runner.py:116] Agent_1 gets win rate: 0.54.
[20260602 08:07:45 @multi_evo_agent_runner.py:503] CRITICAL save best checkpoint with agent_1's rewards 562.91!
[20260602 08:07:45 @multi_evo_agent_runner.py:79] #------------------------ Iteration 222 --------------------------#
[20260602 08:08:02 @multi_evo_agent_runner.py:85] Sampling 50000 steps by 50 slaves, spending 16.74 s.
[20260602 08:08:31 @multi_evo_agent_runner.py:94] Policy update, spending: 29.95 s.
[20260602 08:08:34 @multi_evo_agent_runner.py:99] Evaluation time: 2.55 s.
[20260602 08:08:34 @multi_evo_agent_runner.py:105] Total time:     174.36 min
[20260602 08:08:34 @multi_evo_agent_runner.py:115] Agent_0 gets eval reward: 486.13.
[20260602 08:08:34 @multi_evo_agent_runner.py:116] Agent_0 gets win rate: 0.43.
[20260602 08:08:34 @multi_evo_agent_runner.py:115] Agent_1 gets eval reward: 459.56.
[20260602 08:08:34 @multi_evo_agent_runner.py:116] Agent_1 gets win rate: 0.45.
[20260602 08:08:34 @multi_evo_agent_runner.py:79] #------------------------ Iteration 223 --------------------------#
[20260602 08:08:51 @multi_evo_agent_runner.py:85] Sampling 50000 steps by 50 slaves, spending 16.53 s.
[20260602 08:09:20 @multi_evo_agent_runner.py:94] Policy update, spending: 29.53 s.
[20260602 08:09:23 @multi_evo_agent_runner.py:99] Evaluation time: 2.28 s.
[20260602 08:09:23 @multi_evo_agent_runner.py:105] Total time:     175.17 min
[20260602 08:09:23 @multi_evo_agent_runner.py:115] Agent_0 gets eval reward: 274.82.
[20260602 08:09:23 @multi_evo_agent_runner.py:116] Agent_0 gets win rate: 0.46.
[20260602 08:09:23 @multi_evo_agent_runner.py:115] Agent_1 gets eval reward: 612.93.
[20260602 08:09:23 @multi_evo_agent_runner.py:116] Agent_1 gets win rate: 0.44.
[20260602 08:09:23 @multi_evo_agent_runner.py:503] CRITICAL save best checkpoint with agent_1's rewards 612.93!
[20260602 08:09:23 @multi_evo_agent_runner.py:79] #------------------------ Iteration 224 --------------------------#
[20260602 08:09:39 @multi_evo_agent_runner.py:85] Sampling 50000 steps by 50 slaves, spending 16.34 s.
[20260602 08:10:09 @multi_evo_agent_runner.py:94] Policy update, spending: 29.50 s.
[20260602 08:10:11 @multi_evo_agent_runner.py:99] Evaluation time: 2.65 s.
[20260602 08:10:11 @multi_evo_agent_runner.py:105] Total time:     175.98 min
[20260602 08:10:12 @multi_evo_agent_runner.py:115] Agent_0 gets eval reward: 341.19.
[20260602 08:10:12 @multi_evo_agent_runner.py:116] Agent_0 gets win rate: 0.48.
[20260602 08:10:12 @multi_evo_agent_runner.py:115] Agent_1 gets eval reward: 223.31.
[20260602 08:10:12 @multi_evo_agent_runner.py:116] Agent_1 gets win rate: 0.44.
[20260602 08:10:12 @multi_evo_agent_runner.py:503] CRITICAL save best checkpoint with agent_1's rewards 223.31!
[20260602 08:10:12 @multi_evo_agent_runner.py:79] #------------------------ Iteration 225 --------------------------#
[20260602 08:10:28 @multi_evo_agent_runner.py:85] Sampling 50000 steps by 50 slaves, spending 16.45 s.
[20260602 08:10:57 @multi_evo_agent_runner.py:94] Policy update, spending: 28.53 s.
[20260602 08:10:59 @multi_evo_agent_runner.py:99] Evaluation time: 2.28 s.
[20260602 08:10:59 @multi_evo_agent_runner.py:105] Total time:     176.77 min
[20260602 08:10:59 @multi_evo_agent_runner.py:115] Agent_0 gets eval reward: 370.04.
[20260602 08:10:59 @multi_evo_agent_runner.py:116] Agent_0 gets win rate: 0.40.
[20260602 08:10:59 @multi_evo_agent_runner.py:115] Agent_1 gets eval reward: 798.61.
[20260602 08:10:59 @multi_evo_agent_runner.py:116] Agent_1 gets win rate: 0.56.
[20260602 08:10:59 @multi_evo_agent_runner.py:503] CRITICAL save best checkpoint with agent_1's rewards 798.61!
[20260602 08:10:59 @multi_evo_agent_runner.py:79] #------------------------ Iteration 226 --------------------------#
[20260602 08:11:16 @multi_evo_agent_runner.py:85] Sampling 50000 steps by 50 slaves, spending 16.37 s.
[20260602 08:11:44 @multi_evo_agent_runner.py:94] Policy update, spending: 28.77 s.
[20260602 08:11:46 @multi_evo_agent_runner.py:99] Evaluation time: 1.96 s.
[20260602 08:11:46 @multi_evo_agent_runner.py:105] Total time:     177.56 min
[20260602 08:11:46 @multi_evo_agent_runner.py:115] Agent_0 gets eval reward: 410.27.
[20260602 08:11:46 @multi_evo_agent_runner.py:116] Agent_0 gets win rate: 0.32.
[20260602 08:11:46 @multi_evo_agent_runner.py:115] Agent_1 gets eval reward: 554.83.
[20260602 08:11:46 @multi_evo_agent_runner.py:116] Agent_1 gets win rate: 0.55.
[20260602 08:11:47 @multi_evo_agent_runner.py:79] #------------------------ Iteration 227 --------------------------#
[20260602 08:12:03 @multi_evo_agent_runner.py:85] Sampling 50000 steps by 50 slaves, spending 16.65 s.
[20260602 08:12:33 @multi_evo_agent_runner.py:94] Policy update, spending: 29.51 s.
[20260602 08:12:35 @multi_evo_agent_runner.py:99] Evaluation time: 2.20 s.
[20260602 08:12:35 @multi_evo_agent_runner.py:105] Total time:     178.37 min
[20260602 08:12:35 @multi_evo_agent_runner.py:115] Agent_0 gets eval reward: 93.02.
[20260602 08:12:35 @multi_evo_agent_runner.py:116] Agent_0 gets win rate: 0.31.
[20260602 08:12:35 @multi_evo_agent_runner.py:115] Agent_1 gets eval reward: 523.57.
[20260602 08:12:35 @multi_evo_agent_runner.py:116] Agent_1 gets win rate: 0.45.
[20260602 08:12:35 @multi_evo_agent_runner.py:79] #------------------------ Iteration 228 --------------------------#
[20260602 08:12:51 @multi_evo_agent_runner.py:85] Sampling 50000 steps by 50 slaves, spending 15.71 s.
[20260602 08:13:19 @multi_evo_agent_runner.py:94] Policy update, spending: 28.44 s.
[20260602 08:13:21 @multi_evo_agent_runner.py:99] Evaluation time: 2.01 s.
[20260602 08:13:21 @multi_evo_agent_runner.py:105] Total time:     179.15 min
[20260602 08:13:22 @multi_evo_agent_runner.py:115] Agent_0 gets eval reward: 430.89.
[20260602 08:13:22 @multi_evo_agent_runner.py:116] Agent_0 gets win rate: 0.45.
[20260602 08:13:22 @multi_evo_agent_runner.py:115] Agent_1 gets eval reward: 317.62.
[20260602 08:13:22 @multi_evo_agent_runner.py:116] Agent_1 gets win rate: 0.49.
[20260602 08:13:22 @multi_evo_agent_runner.py:79] #------------------------ Iteration 229 --------------------------#
[20260602 08:13:38 @multi_evo_agent_runner.py:85] Sampling 50000 steps by 50 slaves, spending 16.67 s.
[20260602 08:14:08 @multi_evo_agent_runner.py:94] Policy update, spending: 29.29 s.
[20260602 08:14:10 @multi_evo_agent_runner.py:99] Evaluation time: 2.34 s.
[20260602 08:14:10 @multi_evo_agent_runner.py:105] Total time:     179.96 min
[20260602 08:14:10 @multi_evo_agent_runner.py:115] Agent_0 gets eval reward: 536.06.
[20260602 08:14:10 @multi_evo_agent_runner.py:116] Agent_0 gets win rate: 0.35.
[20260602 08:14:10 @multi_evo_agent_runner.py:115] Agent_1 gets eval reward: 1098.64.
[20260602 08:14:10 @multi_evo_agent_runner.py:116] Agent_1 gets win rate: 0.48.
[20260602 08:14:10 @multi_evo_agent_runner.py:503] CRITICAL save best checkpoint with agent_1's rewards 1098.64!
[20260602 08:14:10 @multi_evo_agent_runner.py:79] #------------------------ Iteration 230 --------------------------#
[20260602 08:14:26 @multi_evo_agent_runner.py:85] Sampling 50000 steps by 50 slaves, spending 16.13 s.
[20260602 08:14:55 @multi_evo_agent_runner.py:94] Policy update, spending: 28.81 s.
[20260602 08:14:57 @multi_evo_agent_runner.py:99] Evaluation time: 2.25 s.
[20260602 08:14:57 @multi_evo_agent_runner.py:105] Total time:     180.75 min
[20260602 08:14:58 @multi_evo_agent_runner.py:115] Agent_0 gets eval reward: 888.89.
[20260602 08:14:58 @multi_evo_agent_runner.py:116] Agent_0 gets win rate: 0.59.
[20260602 08:14:58 @multi_evo_agent_runner.py:115] Agent_1 gets eval reward: 444.26.
[20260602 08:14:58 @multi_evo_agent_runner.py:116] Agent_1 gets win rate: 0.28.
[20260602 08:14:58 @multi_evo_agent_runner.py:79] #------------------------ Iteration 231 --------------------------#
[20260602 08:15:14 @multi_evo_agent_runner.py:85] Sampling 50000 steps by 50 slaves, spending 16.51 s.
[20260602 08:15:44 @multi_evo_agent_runner.py:94] Policy update, spending: 29.61 s.
[20260602 08:15:46 @multi_evo_agent_runner.py:99] Evaluation time: 1.94 s.
[20260602 08:15:46 @multi_evo_agent_runner.py:105] Total time:     181.55 min
[20260602 08:15:46 @multi_evo_agent_runner.py:115] Agent_0 gets eval reward: 529.02.
[20260602 08:15:46 @multi_evo_agent_runner.py:116] Agent_0 gets win rate: 0.51.
[20260602 08:15:46 @multi_evo_agent_runner.py:115] Agent_1 gets eval reward: 567.49.
[20260602 08:15:46 @multi_evo_agent_runner.py:116] Agent_1 gets win rate: 0.29.
[20260602 08:15:46 @multi_evo_agent_runner.py:79] #------------------------ Iteration 232 --------------------------#
[20260602 08:16:03 @multi_evo_agent_runner.py:85] Sampling 50000 steps by 50 slaves, spending 16.72 s.
[20260602 08:16:31 @multi_evo_agent_runner.py:94] Policy update, spending: 28.68 s.
[20260602 08:16:34 @multi_evo_agent_runner.py:99] Evaluation time: 2.21 s.
[20260602 08:16:34 @multi_evo_agent_runner.py:105] Total time:     182.35 min
[20260602 08:16:34 @multi_evo_agent_runner.py:115] Agent_0 gets eval reward: 392.83.
[20260602 08:16:34 @multi_evo_agent_runner.py:116] Agent_0 gets win rate: 0.32.
[20260602 08:16:34 @multi_evo_agent_runner.py:115] Agent_1 gets eval reward: 601.99.
[20260602 08:16:34 @multi_evo_agent_runner.py:116] Agent_1 gets win rate: 0.57.
[20260602 08:16:34 @multi_evo_agent_runner.py:503] CRITICAL save best checkpoint with agent_1's rewards 601.99!
[20260602 08:16:34 @multi_evo_agent_runner.py:79] #------------------------ Iteration 233 --------------------------#
[20260602 08:16:50 @multi_evo_agent_runner.py:85] Sampling 50000 steps by 50 slaves, spending 16.25 s.
[20260602 08:17:19 @multi_evo_agent_runner.py:94] Policy update, spending: 28.83 s.
[20260602 08:17:21 @multi_evo_agent_runner.py:99] Evaluation time: 2.36 s.
[20260602 08:17:21 @multi_evo_agent_runner.py:105] Total time:     183.14 min
[20260602 08:17:21 @multi_evo_agent_runner.py:115] Agent_0 gets eval reward: 585.92.
[20260602 08:17:21 @multi_evo_agent_runner.py:116] Agent_0 gets win rate: 0.50.
[20260602 08:17:21 @multi_evo_agent_runner.py:115] Agent_1 gets eval reward: 346.22.
[20260602 08:17:21 @multi_evo_agent_runner.py:116] Agent_1 gets win rate: 0.42.
[20260602 08:17:22 @multi_evo_agent_runner.py:79] #------------------------ Iteration 234 --------------------------#
[20260602 08:17:37 @multi_evo_agent_runner.py:85] Sampling 50000 steps by 50 slaves, spending 15.93 s.
[20260602 08:18:06 @multi_evo_agent_runner.py:94] Policy update, spending: 28.57 s.
[20260602 08:18:08 @multi_evo_agent_runner.py:99] Evaluation time: 1.98 s.
[20260602 08:18:08 @multi_evo_agent_runner.py:105] Total time:     183.92 min
[20260602 08:18:08 @multi_evo_agent_runner.py:115] Agent_0 gets eval reward: 595.67.
[20260602 08:18:08 @multi_evo_agent_runner.py:116] Agent_0 gets win rate: 0.43.
[20260602 08:18:08 @multi_evo_agent_runner.py:115] Agent_1 gets eval reward: 718.50.
[20260602 08:18:08 @multi_evo_agent_runner.py:116] Agent_1 gets win rate: 0.49.
[20260602 08:18:08 @multi_evo_agent_runner.py:503] CRITICAL save best checkpoint with agent_1's rewards 718.50!
[20260602 08:18:08 @multi_evo_agent_runner.py:79] #------------------------ Iteration 235 --------------------------#
[20260602 08:18:26 @multi_evo_agent_runner.py:85] Sampling 50000 steps by 50 slaves, spending 17.54 s.
[20260602 08:18:57 @multi_evo_agent_runner.py:94] Policy update, spending: 30.92 s.
[20260602 08:18:59 @multi_evo_agent_runner.py:99] Evaluation time: 2.08 s.
[20260602 08:18:59 @multi_evo_agent_runner.py:105] Total time:     184.77 min
[20260602 08:18:59 @multi_evo_agent_runner.py:115] Agent_0 gets eval reward: 530.64.
[20260602 08:18:59 @multi_evo_agent_runner.py:116] Agent_0 gets win rate: 0.41.
[20260602 08:18:59 @multi_evo_agent_runner.py:115] Agent_1 gets eval reward: 467.58.
[20260602 08:18:59 @multi_evo_agent_runner.py:116] Agent_1 gets win rate: 0.53.
[20260602 08:18:59 @multi_evo_agent_runner.py:503] CRITICAL save best checkpoint with agent_1's rewards 467.58!
[20260602 08:18:59 @multi_evo_agent_runner.py:79] #------------------------ Iteration 236 --------------------------#
[20260602 08:19:15 @multi_evo_agent_runner.py:85] Sampling 50000 steps by 50 slaves, spending 15.87 s.
[20260602 08:19:43 @multi_evo_agent_runner.py:94] Policy update, spending: 28.09 s.
[20260602 08:19:45 @multi_evo_agent_runner.py:99] Evaluation time: 2.17 s.
[20260602 08:19:45 @multi_evo_agent_runner.py:105] Total time:     185.54 min
[20260602 08:19:45 @multi_evo_agent_runner.py:115] Agent_0 gets eval reward: 452.19.
[20260602 08:19:45 @multi_evo_agent_runner.py:116] Agent_0 gets win rate: 0.28.
[20260602 08:19:45 @multi_evo_agent_runner.py:115] Agent_1 gets eval reward: 682.89.
[20260602 08:19:45 @multi_evo_agent_runner.py:116] Agent_1 gets win rate: 0.56.
[20260602 08:19:45 @multi_evo_agent_runner.py:503] CRITICAL save best checkpoint with agent_1's rewards 682.89!
[20260602 08:19:46 @multi_evo_agent_runner.py:79] #------------------------ Iteration 237 --------------------------#
[20260602 08:20:02 @multi_evo_agent_runner.py:85] Sampling 50000 steps by 50 slaves, spending 16.23 s.
[20260602 08:20:31 @multi_evo_agent_runner.py:94] Policy update, spending: 29.00 s.
[20260602 08:20:33 @multi_evo_agent_runner.py:99] Evaluation time: 2.33 s.
[20260602 08:20:33 @multi_evo_agent_runner.py:105] Total time:     186.34 min
[20260602 08:20:33 @multi_evo_agent_runner.py:115] Agent_0 gets eval reward: 708.04.
[20260602 08:20:33 @multi_evo_agent_runner.py:116] Agent_0 gets win rate: 0.29.
[20260602 08:20:33 @multi_evo_agent_runner.py:115] Agent_1 gets eval reward: 732.52.
[20260602 08:20:33 @multi_evo_agent_runner.py:116] Agent_1 gets win rate: 0.51.
[20260602 08:20:33 @multi_evo_agent_runner.py:503] CRITICAL save best checkpoint with agent_1's rewards 732.52!
[20260602 08:20:33 @multi_evo_agent_runner.py:79] #------------------------ Iteration 238 --------------------------#
[20260602 08:20:50 @multi_evo_agent_runner.py:85] Sampling 50000 steps by 50 slaves, spending 16.54 s.
[20260602 08:21:20 @multi_evo_agent_runner.py:94] Policy update, spending: 30.16 s.
[20260602 08:21:22 @multi_evo_agent_runner.py:99] Evaluation time: 2.23 s.
[20260602 08:21:22 @multi_evo_agent_runner.py:105] Total time:     187.16 min
[20260602 08:21:22 @multi_evo_agent_runner.py:115] Agent_0 gets eval reward: 731.06.
[20260602 08:21:22 @multi_evo_agent_runner.py:116] Agent_0 gets win rate: 0.44.
[20260602 08:21:22 @multi_evo_agent_runner.py:115] Agent_1 gets eval reward: 654.04.
[20260602 08:21:22 @multi_evo_agent_runner.py:116] Agent_1 gets win rate: 0.44.
[20260602 08:21:23 @multi_evo_agent_runner.py:79] #------------------------ Iteration 239 --------------------------#
[20260602 08:21:39 @multi_evo_agent_runner.py:85] Sampling 50000 steps by 50 slaves, spending 16.37 s.
[20260602 08:22:08 @multi_evo_agent_runner.py:94] Policy update, spending: 28.70 s.
[20260602 08:22:10 @multi_evo_agent_runner.py:99] Evaluation time: 2.06 s.
[20260602 08:22:10 @multi_evo_agent_runner.py:105] Total time:     187.95 min
[20260602 08:22:10 @multi_evo_agent_runner.py:115] Agent_0 gets eval reward: 255.48.
[20260602 08:22:10 @multi_evo_agent_runner.py:116] Agent_0 gets win rate: 0.30.
[20260602 08:22:10 @multi_evo_agent_runner.py:115] Agent_1 gets eval reward: 763.40.
[20260602 08:22:10 @multi_evo_agent_runner.py:116] Agent_1 gets win rate: 0.57.
[20260602 08:22:10 @multi_evo_agent_runner.py:503] CRITICAL save best checkpoint with agent_1's rewards 763.40!
[20260602 08:22:10 @multi_evo_agent_runner.py:79] #------------------------ Iteration 240 --------------------------#
[20260602 08:22:27 @multi_evo_agent_runner.py:85] Sampling 50000 steps by 50 slaves, spending 16.68 s.
[20260602 08:22:56 @multi_evo_agent_runner.py:94] Policy update, spending: 29.38 s.
[20260602 08:22:58 @multi_evo_agent_runner.py:99] Evaluation time: 2.47 s.
[20260602 08:22:58 @multi_evo_agent_runner.py:105] Total time:     188.76 min
[20260602 08:22:59 @multi_evo_agent_runner.py:115] Agent_0 gets eval reward: 449.57.
[20260602 08:22:59 @multi_evo_agent_runner.py:116] Agent_0 gets win rate: 0.33.
[20260602 08:22:59 @multi_evo_agent_runner.py:115] Agent_1 gets eval reward: 852.80.
[20260602 08:22:59 @multi_evo_agent_runner.py:116] Agent_1 gets win rate: 0.44.
[20260602 08:22:59 @multi_evo_agent_runner.py:503] CRITICAL save best checkpoint with agent_1's rewards 852.80!
[20260602 08:22:59 @multi_evo_agent_runner.py:79] #------------------------ Iteration 241 --------------------------#
[20260602 08:23:16 @multi_evo_agent_runner.py:85] Sampling 50000 steps by 50 slaves, spending 17.15 s.
[20260602 08:23:46 @multi_evo_agent_runner.py:94] Policy update, spending: 30.48 s.
[20260602 08:23:48 @multi_evo_agent_runner.py:99] Evaluation time: 2.07 s.
[20260602 08:23:48 @multi_evo_agent_runner.py:105] Total time:     189.60 min
[20260602 08:23:49 @multi_evo_agent_runner.py:115] Agent_0 gets eval reward: 640.36.
[20260602 08:23:49 @multi_evo_agent_runner.py:116] Agent_0 gets win rate: 0.55.
[20260602 08:23:49 @multi_evo_agent_runner.py:115] Agent_1 gets eval reward: 508.98.
[20260602 08:23:49 @multi_evo_agent_runner.py:116] Agent_1 gets win rate: 0.45.
[20260602 08:23:49 @multi_evo_agent_runner.py:503] CRITICAL save best checkpoint with agent_1's rewards 508.98!
[20260602 08:23:49 @multi_evo_agent_runner.py:79] #------------------------ Iteration 242 --------------------------#
[20260602 08:24:04 @multi_evo_agent_runner.py:85] Sampling 50000 steps by 50 slaves, spending 15.74 s.
[20260602 08:24:33 @multi_evo_agent_runner.py:94] Policy update, spending: 28.75 s.
[20260602 08:24:35 @multi_evo_agent_runner.py:99] Evaluation time: 2.22 s.
[20260602 08:24:35 @multi_evo_agent_runner.py:105] Total time:     190.38 min
[20260602 08:24:36 @multi_evo_agent_runner.py:115] Agent_0 gets eval reward: 382.21.
[20260602 08:24:36 @multi_evo_agent_runner.py:116] Agent_0 gets win rate: 0.33.
[20260602 08:24:36 @multi_evo_agent_runner.py:115] Agent_1 gets eval reward: 862.14.
[20260602 08:24:36 @multi_evo_agent_runner.py:116] Agent_1 gets win rate: 0.47.
[20260602 08:24:36 @multi_evo_agent_runner.py:503] CRITICAL save best checkpoint with agent_1's rewards 862.14!
[20260602 08:24:36 @multi_evo_agent_runner.py:79] #------------------------ Iteration 243 --------------------------#
[20260602 08:24:53 @multi_evo_agent_runner.py:85] Sampling 50000 steps by 50 slaves, spending 17.18 s.
[20260602 08:25:23 @multi_evo_agent_runner.py:94] Policy update, spending: 30.13 s.
[20260602 08:25:25 @multi_evo_agent_runner.py:99] Evaluation time: 2.05 s.
[20260602 08:25:25 @multi_evo_agent_runner.py:105] Total time:     191.21 min
[20260602 08:25:25 @multi_evo_agent_runner.py:115] Agent_0 gets eval reward: 519.01.
[20260602 08:25:25 @multi_evo_agent_runner.py:116] Agent_0 gets win rate: 0.33.
[20260602 08:25:25 @multi_evo_agent_runner.py:115] Agent_1 gets eval reward: 958.21.
[20260602 08:25:25 @multi_evo_agent_runner.py:116] Agent_1 gets win rate: 0.57.
[20260602 08:25:25 @multi_evo_agent_runner.py:503] CRITICAL save best checkpoint with agent_1's rewards 958.21!
[20260602 08:25:25 @multi_evo_agent_runner.py:79] #------------------------ Iteration 244 --------------------------#
[20260602 08:25:42 @multi_evo_agent_runner.py:85] Sampling 50000 steps by 50 slaves, spending 16.70 s.
[20260602 08:26:11 @multi_evo_agent_runner.py:94] Policy update, spending: 29.25 s.
[20260602 08:26:14 @multi_evo_agent_runner.py:99] Evaluation time: 2.34 s.
[20260602 08:26:14 @multi_evo_agent_runner.py:105] Total time:     192.02 min
[20260602 08:26:14 @multi_evo_agent_runner.py:115] Agent_0 gets eval reward: 508.23.
[20260602 08:26:14 @multi_evo_agent_runner.py:116] Agent_0 gets win rate: 0.40.
[20260602 08:26:14 @multi_evo_agent_runner.py:115] Agent_1 gets eval reward: 647.62.
[20260602 08:26:14 @multi_evo_agent_runner.py:116] Agent_1 gets win rate: 0.45.
[20260602 08:26:14 @multi_evo_agent_runner.py:79] #------------------------ Iteration 245 --------------------------#
[20260602 08:26:31 @multi_evo_agent_runner.py:85] Sampling 50000 steps by 50 slaves, spending 16.62 s.
[20260602 08:27:00 @multi_evo_agent_runner.py:94] Policy update, spending: 29.31 s.
[20260602 08:27:02 @multi_evo_agent_runner.py:99] Evaluation time: 2.35 s.
[20260602 08:27:02 @multi_evo_agent_runner.py:105] Total time:     192.83 min
[20260602 08:27:02 @multi_evo_agent_runner.py:115] Agent_0 gets eval reward: -80.71.
[20260602 08:27:02 @multi_evo_agent_runner.py:116] Agent_0 gets win rate: 0.30.
[20260602 08:27:02 @multi_evo_agent_runner.py:115] Agent_1 gets eval reward: 565.93.
[20260602 08:27:02 @multi_evo_agent_runner.py:116] Agent_1 gets win rate: 0.54.
[20260602 08:27:02 @multi_evo_agent_runner.py:79] #------------------------ Iteration 246 --------------------------#
[20260602 08:27:19 @multi_evo_agent_runner.py:85] Sampling 50000 steps by 50 slaves, spending 16.67 s.
[20260602 08:27:48 @multi_evo_agent_runner.py:94] Policy update, spending: 28.93 s.
[20260602 08:27:50 @multi_evo_agent_runner.py:99] Evaluation time: 2.11 s.
[20260602 08:27:50 @multi_evo_agent_runner.py:105] Total time:     193.63 min
[20260602 08:27:50 @multi_evo_agent_runner.py:115] Agent_0 gets eval reward: 179.31.
[20260602 08:27:50 @multi_evo_agent_runner.py:116] Agent_0 gets win rate: 0.33.
[20260602 08:27:50 @multi_evo_agent_runner.py:115] Agent_1 gets eval reward: 687.40.
[20260602 08:27:50 @multi_evo_agent_runner.py:116] Agent_1 gets win rate: 0.38.
[20260602 08:27:50 @multi_evo_agent_runner.py:79] #------------------------ Iteration 247 --------------------------#
[20260602 08:28:07 @multi_evo_agent_runner.py:85] Sampling 50000 steps by 50 slaves, spending 16.95 s.
[20260602 08:28:37 @multi_evo_agent_runner.py:94] Policy update, spending: 29.63 s.
[20260602 08:28:39 @multi_evo_agent_runner.py:99] Evaluation time: 1.95 s.
[20260602 08:28:39 @multi_evo_agent_runner.py:105] Total time:     194.44 min
[20260602 08:28:39 @multi_evo_agent_runner.py:115] Agent_0 gets eval reward: 369.97.
[20260602 08:28:39 @multi_evo_agent_runner.py:116] Agent_0 gets win rate: 0.50.
[20260602 08:28:39 @multi_evo_agent_runner.py:115] Agent_1 gets eval reward: 590.43.
[20260602 08:28:39 @multi_evo_agent_runner.py:116] Agent_1 gets win rate: 0.44.
[20260602 08:28:39 @multi_evo_agent_runner.py:79] #------------------------ Iteration 248 --------------------------#
[20260602 08:28:56 @multi_evo_agent_runner.py:85] Sampling 50000 steps by 50 slaves, spending 16.62 s.
[20260602 08:29:26 @multi_evo_agent_runner.py:94] Policy update, spending: 29.83 s.
[20260602 08:29:28 @multi_evo_agent_runner.py:99] Evaluation time: 1.92 s.
[20260602 08:29:28 @multi_evo_agent_runner.py:105] Total time:     195.25 min
[20260602 08:29:28 @multi_evo_agent_runner.py:115] Agent_0 gets eval reward: 799.12.
[20260602 08:29:28 @multi_evo_agent_runner.py:116] Agent_0 gets win rate: 0.45.
[20260602 08:29:28 @multi_evo_agent_runner.py:115] Agent_1 gets eval reward: 602.59.
[20260602 08:29:28 @multi_evo_agent_runner.py:116] Agent_1 gets win rate: 0.32.
[20260602 08:29:28 @multi_evo_agent_runner.py:79] #------------------------ Iteration 249 --------------------------#
[20260602 08:29:44 @multi_evo_agent_runner.py:85] Sampling 50000 steps by 50 slaves, spending 15.74 s.
[20260602 08:30:12 @multi_evo_agent_runner.py:94] Policy update, spending: 28.44 s.
[20260602 08:30:14 @multi_evo_agent_runner.py:99] Evaluation time: 2.16 s.
[20260602 08:30:14 @multi_evo_agent_runner.py:105] Total time:     196.03 min
[20260602 08:30:14 @multi_evo_agent_runner.py:115] Agent_0 gets eval reward: 257.95.
[20260602 08:30:14 @multi_evo_agent_runner.py:116] Agent_0 gets win rate: 0.40.
[20260602 08:30:14 @multi_evo_agent_runner.py:115] Agent_1 gets eval reward: 683.52.
[20260602 08:30:14 @multi_evo_agent_runner.py:116] Agent_1 gets win rate: 0.55.
[20260602 08:30:14 @multi_evo_agent_runner.py:79] #------------------------ Iteration 250 --------------------------#
[20260602 08:30:31 @multi_evo_agent_runner.py:85] Sampling 50000 steps by 50 slaves, spending 16.75 s.
[20260602 08:31:00 @multi_evo_agent_runner.py:94] Policy update, spending: 28.92 s.
[20260602 08:31:02 @multi_evo_agent_runner.py:99] Evaluation time: 2.27 s.
[20260602 08:31:02 @multi_evo_agent_runner.py:105] Total time:     196.83 min
[20260602 08:31:03 @multi_evo_agent_runner.py:115] Agent_0 gets eval reward: 621.59.
[20260602 08:31:03 @multi_evo_agent_runner.py:116] Agent_0 gets win rate: 0.48.
[20260602 08:31:03 @multi_evo_agent_runner.py:115] Agent_1 gets eval reward: 706.58.
[20260602 08:31:03 @multi_evo_agent_runner.py:116] Agent_1 gets win rate: 0.36.
[20260602 08:31:03 @multi_evo_agent_runner.py:79] #------------------------ Iteration 251 --------------------------#
[20260602 08:31:19 @multi_evo_agent_runner.py:85] Sampling 50000 steps by 50 slaves, spending 16.81 s.
[20260602 08:31:50 @multi_evo_agent_runner.py:94] Policy update, spending: 30.70 s.
[20260602 08:31:52 @multi_evo_agent_runner.py:99] Evaluation time: 2.01 s.
[20260602 08:31:52 @multi_evo_agent_runner.py:105] Total time:     197.66 min
[20260602 08:31:52 @multi_evo_agent_runner.py:115] Agent_0 gets eval reward: 823.71.
[20260602 08:31:52 @multi_evo_agent_runner.py:116] Agent_0 gets win rate: 0.46.
[20260602 08:31:52 @multi_evo_agent_runner.py:115] Agent_1 gets eval reward: 771.33.
[20260602 08:31:52 @multi_evo_agent_runner.py:116] Agent_1 gets win rate: 0.33.
[20260602 08:31:52 @multi_evo_agent_runner.py:79] #------------------------ Iteration 252 --------------------------#
[20260602 08:32:09 @multi_evo_agent_runner.py:85] Sampling 50000 steps by 50 slaves, spending 16.24 s.
[20260602 08:32:38 @multi_evo_agent_runner.py:94] Policy update, spending: 28.89 s.
[20260602 08:32:40 @multi_evo_agent_runner.py:99] Evaluation time: 2.13 s.
[20260602 08:32:40 @multi_evo_agent_runner.py:105] Total time:     198.45 min
[20260602 08:32:40 @multi_evo_agent_runner.py:115] Agent_0 gets eval reward: 522.41.
[20260602 08:32:40 @multi_evo_agent_runner.py:116] Agent_0 gets win rate: 0.35.
[20260602 08:32:40 @multi_evo_agent_runner.py:115] Agent_1 gets eval reward: 1052.30.
[20260602 08:32:40 @multi_evo_agent_runner.py:116] Agent_1 gets win rate: 0.38.
[20260602 08:32:40 @multi_evo_agent_runner.py:503] CRITICAL save best checkpoint with agent_1's rewards 1052.30!
[20260602 08:32:40 @multi_evo_agent_runner.py:79] #------------------------ Iteration 253 --------------------------#
[20260602 08:32:57 @multi_evo_agent_runner.py:85] Sampling 50000 steps by 50 slaves, spending 16.76 s.
[20260602 08:33:26 @multi_evo_agent_runner.py:94] Policy update, spending: 29.19 s.
[20260602 08:33:28 @multi_evo_agent_runner.py:99] Evaluation time: 2.24 s.
[20260602 08:33:28 @multi_evo_agent_runner.py:105] Total time:     199.26 min
[20260602 08:33:28 @multi_evo_agent_runner.py:115] Agent_0 gets eval reward: 713.42.
[20260602 08:33:28 @multi_evo_agent_runner.py:116] Agent_0 gets win rate: 0.57.
[20260602 08:33:28 @multi_evo_agent_runner.py:115] Agent_1 gets eval reward: 382.85.
[20260602 08:33:28 @multi_evo_agent_runner.py:116] Agent_1 gets win rate: 0.31.
[20260602 08:33:28 @multi_evo_agent_runner.py:79] #------------------------ Iteration 254 --------------------------#
[20260602 08:33:44 @multi_evo_agent_runner.py:85] Sampling 50000 steps by 50 slaves, spending 15.93 s.
[20260602 08:34:14 @multi_evo_agent_runner.py:94] Policy update, spending: 29.45 s.
[20260602 08:34:16 @multi_evo_agent_runner.py:99] Evaluation time: 2.01 s.
[20260602 08:34:16 @multi_evo_agent_runner.py:105] Total time:     200.05 min
[20260602 08:34:16 @multi_evo_agent_runner.py:115] Agent_0 gets eval reward: 854.94.
[20260602 08:34:16 @multi_evo_agent_runner.py:116] Agent_0 gets win rate: 0.41.
[20260602 08:34:16 @multi_evo_agent_runner.py:115] Agent_1 gets eval reward: 772.58.
[20260602 08:34:16 @multi_evo_agent_runner.py:116] Agent_1 gets win rate: 0.48.
[20260602 08:34:16 @multi_evo_agent_runner.py:503] CRITICAL save best checkpoint with agent_1's rewards 772.58!
[20260602 08:34:16 @multi_evo_agent_runner.py:79] #------------------------ Iteration 255 --------------------------#
[20260602 08:34:33 @multi_evo_agent_runner.py:85] Sampling 50000 steps by 50 slaves, spending 16.56 s.
[20260602 08:35:03 @multi_evo_agent_runner.py:94] Policy update, spending: 30.04 s.
[20260602 08:35:05 @multi_evo_agent_runner.py:99] Evaluation time: 2.11 s.
[20260602 08:35:05 @multi_evo_agent_runner.py:105] Total time:     200.87 min
[20260602 08:35:05 @multi_evo_agent_runner.py:115] Agent_0 gets eval reward: 686.54.
[20260602 08:35:05 @multi_evo_agent_runner.py:116] Agent_0 gets win rate: 0.41.
[20260602 08:35:05 @multi_evo_agent_runner.py:115] Agent_1 gets eval reward: 560.47.
[20260602 08:35:05 @multi_evo_agent_runner.py:116] Agent_1 gets win rate: 0.41.
[20260602 08:35:05 @multi_evo_agent_runner.py:79] #------------------------ Iteration 256 --------------------------#
[20260602 08:35:21 @multi_evo_agent_runner.py:85] Sampling 50000 steps by 50 slaves, spending 16.10 s.
[20260602 08:35:51 @multi_evo_agent_runner.py:94] Policy update, spending: 30.13 s.
[20260602 08:35:53 @multi_evo_agent_runner.py:99] Evaluation time: 2.05 s.
[20260602 08:35:53 @multi_evo_agent_runner.py:105] Total time:     201.68 min
[20260602 08:35:54 @multi_evo_agent_runner.py:115] Agent_0 gets eval reward: 339.39.
[20260602 08:35:54 @multi_evo_agent_runner.py:116] Agent_0 gets win rate: 0.52.
[20260602 08:35:54 @multi_evo_agent_runner.py:115] Agent_1 gets eval reward: 318.25.
[20260602 08:35:54 @multi_evo_agent_runner.py:116] Agent_1 gets win rate: 0.35.
[20260602 08:35:54 @multi_evo_agent_runner.py:79] #------------------------ Iteration 257 --------------------------#
[20260602 08:36:10 @multi_evo_agent_runner.py:85] Sampling 50000 steps by 50 slaves, spending 16.07 s.
[20260602 08:36:39 @multi_evo_agent_runner.py:94] Policy update, spending: 29.66 s.
[20260602 08:36:42 @multi_evo_agent_runner.py:99] Evaluation time: 2.35 s.
[20260602 08:36:42 @multi_evo_agent_runner.py:105] Total time:     202.48 min
[20260602 08:36:42 @multi_evo_agent_runner.py:115] Agent_0 gets eval reward: 803.89.
[20260602 08:36:42 @multi_evo_agent_runner.py:116] Agent_0 gets win rate: 0.37.
[20260602 08:36:42 @multi_evo_agent_runner.py:115] Agent_1 gets eval reward: 500.43.
[20260602 08:36:42 @multi_evo_agent_runner.py:116] Agent_1 gets win rate: 0.44.
[20260602 08:36:42 @multi_evo_agent_runner.py:79] #------------------------ Iteration 258 --------------------------#
[20260602 08:36:58 @multi_evo_agent_runner.py:85] Sampling 50000 steps by 50 slaves, spending 16.39 s.
[20260602 08:37:28 @multi_evo_agent_runner.py:94] Policy update, spending: 29.57 s.
[20260602 08:37:30 @multi_evo_agent_runner.py:99] Evaluation time: 2.42 s.
[20260602 08:37:30 @multi_evo_agent_runner.py:105] Total time:     203.30 min
[20260602 08:37:30 @multi_evo_agent_runner.py:115] Agent_0 gets eval reward: 484.20.
[20260602 08:37:30 @multi_evo_agent_runner.py:116] Agent_0 gets win rate: 0.29.
[20260602 08:37:30 @multi_evo_agent_runner.py:115] Agent_1 gets eval reward: 507.60.
[20260602 08:37:30 @multi_evo_agent_runner.py:116] Agent_1 gets win rate: 0.56.
[20260602 08:37:30 @multi_evo_agent_runner.py:503] CRITICAL save best checkpoint with agent_1's rewards 507.60!
[20260602 08:37:31 @multi_evo_agent_runner.py:79] #------------------------ Iteration 259 --------------------------#
[20260602 08:37:47 @multi_evo_agent_runner.py:85] Sampling 50000 steps by 50 slaves, spending 16.46 s.
[20260602 08:38:17 @multi_evo_agent_runner.py:94] Policy update, spending: 29.78 s.
[20260602 08:38:19 @multi_evo_agent_runner.py:99] Evaluation time: 2.14 s.
[20260602 08:38:19 @multi_evo_agent_runner.py:105] Total time:     204.11 min
[20260602 08:38:19 @multi_evo_agent_runner.py:115] Agent_0 gets eval reward: 406.14.
[20260602 08:38:19 @multi_evo_agent_runner.py:116] Agent_0 gets win rate: 0.40.
[20260602 08:38:19 @multi_evo_agent_runner.py:115] Agent_1 gets eval reward: 396.40.
[20260602 08:38:19 @multi_evo_agent_runner.py:116] Agent_1 gets win rate: 0.47.
[20260602 08:38:19 @multi_evo_agent_runner.py:79] #------------------------ Iteration 260 --------------------------#
[20260602 08:38:35 @multi_evo_agent_runner.py:85] Sampling 50000 steps by 50 slaves, spending 15.92 s.
[20260602 08:39:03 @multi_evo_agent_runner.py:94] Policy update, spending: 28.18 s.
[20260602 08:39:06 @multi_evo_agent_runner.py:99] Evaluation time: 2.18 s.
[20260602 08:39:06 @multi_evo_agent_runner.py:105] Total time:     204.88 min
[20260602 08:39:06 @multi_evo_agent_runner.py:115] Agent_0 gets eval reward: 297.71.
[20260602 08:39:06 @multi_evo_agent_runner.py:116] Agent_0 gets win rate: 0.40.
[20260602 08:39:06 @multi_evo_agent_runner.py:115] Agent_1 gets eval reward: 734.99.
[20260602 08:39:06 @multi_evo_agent_runner.py:116] Agent_1 gets win rate: 0.50.
[20260602 08:39:06 @multi_evo_agent_runner.py:503] CRITICAL save best checkpoint with agent_1's rewards 734.99!
[20260602 08:39:06 @multi_evo_agent_runner.py:79] #------------------------ Iteration 261 --------------------------#
[20260602 08:39:22 @multi_evo_agent_runner.py:85] Sampling 50000 steps by 50 slaves, spending 16.55 s.
[20260602 08:39:51 @multi_evo_agent_runner.py:94] Policy update, spending: 28.83 s.
[20260602 08:39:53 @multi_evo_agent_runner.py:99] Evaluation time: 2.19 s.
[20260602 08:39:53 @multi_evo_agent_runner.py:105] Total time:     205.68 min
[20260602 08:39:54 @multi_evo_agent_runner.py:115] Agent_0 gets eval reward: 564.45.
[20260602 08:39:54 @multi_evo_agent_runner.py:116] Agent_0 gets win rate: 0.36.
[20260602 08:39:54 @multi_evo_agent_runner.py:115] Agent_1 gets eval reward: 988.81.
[20260602 08:39:54 @multi_evo_agent_runner.py:116] Agent_1 gets win rate: 0.36.
[20260602 08:39:54 @multi_evo_agent_runner.py:503] CRITICAL save best checkpoint with agent_1's rewards 988.81!
[20260602 08:39:54 @multi_evo_agent_runner.py:79] #------------------------ Iteration 262 --------------------------#
[20260602 08:40:11 @multi_evo_agent_runner.py:85] Sampling 50000 steps by 50 slaves, spending 17.29 s.
[20260602 08:40:41 @multi_evo_agent_runner.py:94] Policy update, spending: 30.14 s.
[20260602 08:40:43 @multi_evo_agent_runner.py:99] Evaluation time: 2.08 s.
[20260602 08:40:43 @multi_evo_agent_runner.py:105] Total time:     206.51 min
[20260602 08:40:43 @multi_evo_agent_runner.py:115] Agent_0 gets eval reward: 463.04.
[20260602 08:40:43 @multi_evo_agent_runner.py:116] Agent_0 gets win rate: 0.33.
[20260602 08:40:43 @multi_evo_agent_runner.py:115] Agent_1 gets eval reward: 839.66.
[20260602 08:40:43 @multi_evo_agent_runner.py:116] Agent_1 gets win rate: 0.45.
[20260602 08:40:43 @multi_evo_agent_runner.py:503] CRITICAL save best checkpoint with agent_1's rewards 839.66!
[20260602 08:40:43 @multi_evo_agent_runner.py:79] #------------------------ Iteration 263 --------------------------#
[20260602 08:41:00 @multi_evo_agent_runner.py:85] Sampling 50000 steps by 50 slaves, spending 16.67 s.
[20260602 08:41:29 @multi_evo_agent_runner.py:94] Policy update, spending: 28.99 s.
[20260602 08:41:32 @multi_evo_agent_runner.py:99] Evaluation time: 2.67 s.
[20260602 08:41:32 @multi_evo_agent_runner.py:105] Total time:     207.32 min
[20260602 08:41:32 @multi_evo_agent_runner.py:115] Agent_0 gets eval reward: 647.59.
[20260602 08:41:32 @multi_evo_agent_runner.py:116] Agent_0 gets win rate: 0.55.
[20260602 08:41:32 @multi_evo_agent_runner.py:115] Agent_1 gets eval reward: 617.38.
[20260602 08:41:32 @multi_evo_agent_runner.py:116] Agent_1 gets win rate: 0.31.
[20260602 08:41:32 @multi_evo_agent_runner.py:79] #------------------------ Iteration 264 --------------------------#
[20260602 08:41:48 @multi_evo_agent_runner.py:85] Sampling 50000 steps by 50 slaves, spending 16.29 s.
[20260602 08:42:18 @multi_evo_agent_runner.py:94] Policy update, spending: 29.70 s.
[20260602 08:42:20 @multi_evo_agent_runner.py:99] Evaluation time: 2.15 s.
[20260602 08:42:20 @multi_evo_agent_runner.py:105] Total time:     208.12 min
[20260602 08:42:20 @multi_evo_agent_runner.py:115] Agent_0 gets eval reward: 791.43.
[20260602 08:42:20 @multi_evo_agent_runner.py:116] Agent_0 gets win rate: 0.47.
[20260602 08:42:20 @multi_evo_agent_runner.py:115] Agent_1 gets eval reward: 647.07.
[20260602 08:42:20 @multi_evo_agent_runner.py:116] Agent_1 gets win rate: 0.29.
[20260602 08:42:20 @multi_evo_agent_runner.py:79] #------------------------ Iteration 265 --------------------------#
[20260602 08:42:36 @multi_evo_agent_runner.py:85] Sampling 50000 steps by 50 slaves, spending 15.84 s.
[20260602 08:43:05 @multi_evo_agent_runner.py:94] Policy update, spending: 28.86 s.
[20260602 08:43:07 @multi_evo_agent_runner.py:99] Evaluation time: 2.12 s.
[20260602 08:43:07 @multi_evo_agent_runner.py:105] Total time:     208.91 min
[20260602 08:43:07 @multi_evo_agent_runner.py:115] Agent_0 gets eval reward: 121.37.
[20260602 08:43:07 @multi_evo_agent_runner.py:116] Agent_0 gets win rate: 0.30.
[20260602 08:43:07 @multi_evo_agent_runner.py:115] Agent_1 gets eval reward: 704.97.
[20260602 08:43:07 @multi_evo_agent_runner.py:116] Agent_1 gets win rate: 0.62.
[20260602 08:43:07 @multi_evo_agent_runner.py:503] CRITICAL save best checkpoint with agent_1's rewards 704.97!
[20260602 08:43:07 @multi_evo_agent_runner.py:79] #------------------------ Iteration 266 --------------------------#
[20260602 08:43:24 @multi_evo_agent_runner.py:85] Sampling 50000 steps by 50 slaves, spending 16.48 s.
[20260602 08:43:53 @multi_evo_agent_runner.py:94] Policy update, spending: 29.43 s.
[20260602 08:43:55 @multi_evo_agent_runner.py:99] Evaluation time: 2.03 s.
[20260602 08:43:55 @multi_evo_agent_runner.py:105] Total time:     209.71 min
[20260602 08:43:56 @multi_evo_agent_runner.py:115] Agent_0 gets eval reward: 765.84.
[20260602 08:43:56 @multi_evo_agent_runner.py:116] Agent_0 gets win rate: 0.46.
[20260602 08:43:56 @multi_evo_agent_runner.py:115] Agent_1 gets eval reward: 743.96.
[20260602 08:43:56 @multi_evo_agent_runner.py:116] Agent_1 gets win rate: 0.39.
[20260602 08:43:56 @multi_evo_agent_runner.py:503] CRITICAL save best checkpoint with agent_1's rewards 743.96!
[20260602 08:43:56 @multi_evo_agent_runner.py:79] #------------------------ Iteration 267 --------------------------#
[20260602 08:44:12 @multi_evo_agent_runner.py:85] Sampling 50000 steps by 50 slaves, spending 16.25 s.
[20260602 08:44:41 @multi_evo_agent_runner.py:94] Policy update, spending: 29.18 s.
[20260602 08:44:43 @multi_evo_agent_runner.py:99] Evaluation time: 2.06 s.
[20260602 08:44:43 @multi_evo_agent_runner.py:105] Total time:     210.51 min
[20260602 08:44:43 @multi_evo_agent_runner.py:115] Agent_0 gets eval reward: 43.75.
[20260602 08:44:43 @multi_evo_agent_runner.py:116] Agent_0 gets win rate: 0.23.
[20260602 08:44:43 @multi_evo_agent_runner.py:115] Agent_1 gets eval reward: 868.51.
[20260602 08:44:43 @multi_evo_agent_runner.py:116] Agent_1 gets win rate: 0.54.
[20260602 08:44:43 @multi_evo_agent_runner.py:503] CRITICAL save best checkpoint with agent_1's rewards 868.51!
[20260602 08:44:43 @multi_evo_agent_runner.py:79] #------------------------ Iteration 268 --------------------------#
[20260602 08:45:00 @multi_evo_agent_runner.py:85] Sampling 50000 steps by 50 slaves, spending 17.02 s.
[20260602 08:45:31 @multi_evo_agent_runner.py:94] Policy update, spending: 30.46 s.
[20260602 08:45:33 @multi_evo_agent_runner.py:99] Evaluation time: 2.10 s.
[20260602 08:45:33 @multi_evo_agent_runner.py:105] Total time:     211.34 min
[20260602 08:45:33 @multi_evo_agent_runner.py:115] Agent_0 gets eval reward: 861.33.
[20260602 08:45:33 @multi_evo_agent_runner.py:116] Agent_0 gets win rate: 0.53.
[20260602 08:45:33 @multi_evo_agent_runner.py:115] Agent_1 gets eval reward: 483.51.
[20260602 08:45:33 @multi_evo_agent_runner.py:116] Agent_1 gets win rate: 0.29.
[20260602 08:45:33 @multi_evo_agent_runner.py:79] #------------------------ Iteration 269 --------------------------#
[20260602 08:45:50 @multi_evo_agent_runner.py:85] Sampling 50000 steps by 50 slaves, spending 16.36 s.
[20260602 08:46:20 @multi_evo_agent_runner.py:94] Policy update, spending: 30.07 s.
[20260602 08:46:22 @multi_evo_agent_runner.py:99] Evaluation time: 2.08 s.
[20260602 08:46:22 @multi_evo_agent_runner.py:105] Total time:     212.15 min
[20260602 08:46:22 @multi_evo_agent_runner.py:115] Agent_0 gets eval reward: 457.42.
[20260602 08:46:22 @multi_evo_agent_runner.py:116] Agent_0 gets win rate: 0.47.
[20260602 08:46:22 @multi_evo_agent_runner.py:115] Agent_1 gets eval reward: 817.01.
[20260602 08:46:22 @multi_evo_agent_runner.py:116] Agent_1 gets win rate: 0.36.
[20260602 08:46:22 @multi_evo_agent_runner.py:79] #------------------------ Iteration 270 --------------------------#
[20260602 08:46:38 @multi_evo_agent_runner.py:85] Sampling 50000 steps by 50 slaves, spending 16.35 s.
[20260602 08:47:08 @multi_evo_agent_runner.py:94] Policy update, spending: 29.84 s.
[20260602 08:47:11 @multi_evo_agent_runner.py:99] Evaluation time: 2.37 s.
[20260602 08:47:11 @multi_evo_agent_runner.py:105] Total time:     212.97 min
[20260602 08:47:11 @multi_evo_agent_runner.py:115] Agent_0 gets eval reward: 641.15.
[20260602 08:47:11 @multi_evo_agent_runner.py:116] Agent_0 gets win rate: 0.42.
[20260602 08:47:11 @multi_evo_agent_runner.py:115] Agent_1 gets eval reward: 523.25.
[20260602 08:47:11 @multi_evo_agent_runner.py:116] Agent_1 gets win rate: 0.48.
[20260602 08:47:11 @multi_evo_agent_runner.py:79] #------------------------ Iteration 271 --------------------------#
[20260602 08:47:27 @multi_evo_agent_runner.py:85] Sampling 50000 steps by 50 slaves, spending 16.11 s.
[20260602 08:47:57 @multi_evo_agent_runner.py:94] Policy update, spending: 29.97 s.
[20260602 08:47:59 @multi_evo_agent_runner.py:99] Evaluation time: 2.06 s.
[20260602 08:47:59 @multi_evo_agent_runner.py:105] Total time:     213.77 min
[20260602 08:47:59 @multi_evo_agent_runner.py:115] Agent_0 gets eval reward: 161.51.
[20260602 08:47:59 @multi_evo_agent_runner.py:116] Agent_0 gets win rate: 0.30.
[20260602 08:47:59 @multi_evo_agent_runner.py:115] Agent_1 gets eval reward: 481.79.
[20260602 08:47:59 @multi_evo_agent_runner.py:116] Agent_1 gets win rate: 0.58.
[20260602 08:47:59 @multi_evo_agent_runner.py:503] CRITICAL save best checkpoint with agent_1's rewards 481.79!
[20260602 08:47:59 @multi_evo_agent_runner.py:79] #------------------------ Iteration 272 --------------------------#
[20260602 08:48:16 @multi_evo_agent_runner.py:85] Sampling 50000 steps by 50 slaves, spending 16.56 s.
[20260602 08:48:45 @multi_evo_agent_runner.py:94] Policy update, spending: 28.94 s.
[20260602 08:48:47 @multi_evo_agent_runner.py:99] Evaluation time: 2.37 s.
[20260602 08:48:47 @multi_evo_agent_runner.py:105] Total time:     214.58 min
[20260602 08:48:47 @multi_evo_agent_runner.py:115] Agent_0 gets eval reward: 352.57.
[20260602 08:48:47 @multi_evo_agent_runner.py:116] Agent_0 gets win rate: 0.40.
[20260602 08:48:47 @multi_evo_agent_runner.py:115] Agent_1 gets eval reward: 746.67.
[20260602 08:48:47 @multi_evo_agent_runner.py:116] Agent_1 gets win rate: 0.48.
[20260602 08:48:47 @multi_evo_agent_runner.py:503] CRITICAL save best checkpoint with agent_1's rewards 746.67!
[20260602 08:48:47 @multi_evo_agent_runner.py:79] #------------------------ Iteration 273 --------------------------#
[20260602 08:49:04 @multi_evo_agent_runner.py:85] Sampling 50000 steps by 50 slaves, spending 16.79 s.
[20260602 08:49:34 @multi_evo_agent_runner.py:94] Policy update, spending: 29.84 s.
[20260602 08:49:36 @multi_evo_agent_runner.py:99] Evaluation time: 2.30 s.
[20260602 08:49:36 @multi_evo_agent_runner.py:105] Total time:     215.40 min
[20260602 08:49:37 @multi_evo_agent_runner.py:115] Agent_0 gets eval reward: 997.04.
[20260602 08:49:37 @multi_evo_agent_runner.py:116] Agent_0 gets win rate: 0.66.
[20260602 08:49:37 @multi_evo_agent_runner.py:115] Agent_1 gets eval reward: 544.57.
[20260602 08:49:37 @multi_evo_agent_runner.py:116] Agent_1 gets win rate: 0.18.
[20260602 08:49:37 @multi_evo_agent_runner.py:503] CRITICAL save best checkpoint with agent_0's rewards 997.04!
[20260602 08:49:37 @multi_evo_agent_runner.py:79] #------------------------ Iteration 274 --------------------------#
[20260602 08:49:53 @multi_evo_agent_runner.py:85] Sampling 50000 steps by 50 slaves, spending 16.48 s.
[20260602 08:50:23 @multi_evo_agent_runner.py:94] Policy update, spending: 29.34 s.
[20260602 08:50:25 @multi_evo_agent_runner.py:99] Evaluation time: 2.15 s.
[20260602 08:50:25 @multi_evo_agent_runner.py:105] Total time:     216.20 min
[20260602 08:50:25 @multi_evo_agent_runner.py:115] Agent_0 gets eval reward: 1074.47.
[20260602 08:50:25 @multi_evo_agent_runner.py:116] Agent_0 gets win rate: 0.39.
[20260602 08:50:25 @multi_evo_agent_runner.py:115] Agent_1 gets eval reward: 406.63.
[20260602 08:50:25 @multi_evo_agent_runner.py:116] Agent_1 gets win rate: 0.16.
[20260602 08:50:25 @multi_evo_agent_runner.py:503] CRITICAL save best checkpoint with agent_0's rewards 1074.47!
[20260602 08:50:25 @multi_evo_agent_runner.py:79] #------------------------ Iteration 275 --------------------------#
[20260602 08:50:41 @multi_evo_agent_runner.py:85] Sampling 50000 steps by 50 slaves, spending 16.18 s.
[20260602 08:51:11 @multi_evo_agent_runner.py:94] Policy update, spending: 30.01 s.
[20260602 08:51:13 @multi_evo_agent_runner.py:99] Evaluation time: 2.13 s.
[20260602 08:51:13 @multi_evo_agent_runner.py:105] Total time:     217.01 min
[20260602 08:51:13 @multi_evo_agent_runner.py:115] Agent_0 gets eval reward: 577.93.
[20260602 08:51:13 @multi_evo_agent_runner.py:116] Agent_0 gets win rate: 0.49.
[20260602 08:51:13 @multi_evo_agent_runner.py:115] Agent_1 gets eval reward: 615.03.
[20260602 08:51:13 @multi_evo_agent_runner.py:116] Agent_1 gets win rate: 0.39.
[20260602 08:51:13 @multi_evo_agent_runner.py:503] CRITICAL save best checkpoint with agent_0's rewards 577.93!
[20260602 08:51:14 @multi_evo_agent_runner.py:79] #------------------------ Iteration 276 --------------------------#
[20260602 08:51:30 @multi_evo_agent_runner.py:85] Sampling 50000 steps by 50 slaves, spending 16.35 s.
[20260602 08:52:00 @multi_evo_agent_runner.py:94] Policy update, spending: 29.69 s.
[20260602 08:52:02 @multi_evo_agent_runner.py:99] Evaluation time: 2.12 s.
[20260602 08:52:02 @multi_evo_agent_runner.py:105] Total time:     217.82 min
[20260602 08:52:02 @multi_evo_agent_runner.py:115] Agent_0 gets eval reward: 479.97.
[20260602 08:52:02 @multi_evo_agent_runner.py:116] Agent_0 gets win rate: 0.45.
[20260602 08:52:02 @multi_evo_agent_runner.py:115] Agent_1 gets eval reward: 482.98.
[20260602 08:52:02 @multi_evo_agent_runner.py:116] Agent_1 gets win rate: 0.43.
[20260602 08:52:02 @multi_evo_agent_runner.py:79] #------------------------ Iteration 277 --------------------------#
[20260602 08:52:19 @multi_evo_agent_runner.py:85] Sampling 50000 steps by 50 slaves, spending 17.11 s.
[20260602 08:52:49 @multi_evo_agent_runner.py:94] Policy update, spending: 30.27 s.
[20260602 08:52:52 @multi_evo_agent_runner.py:99] Evaluation time: 2.31 s.
[20260602 08:52:52 @multi_evo_agent_runner.py:105] Total time:     218.65 min
[20260602 08:52:52 @multi_evo_agent_runner.py:115] Agent_0 gets eval reward: 515.48.
[20260602 08:52:52 @multi_evo_agent_runner.py:116] Agent_0 gets win rate: 0.43.
[20260602 08:52:52 @multi_evo_agent_runner.py:115] Agent_1 gets eval reward: 459.12.
[20260602 08:52:52 @multi_evo_agent_runner.py:116] Agent_1 gets win rate: 0.37.
[20260602 08:52:52 @multi_evo_agent_runner.py:79] #------------------------ Iteration 278 --------------------------#
[20260602 08:53:08 @multi_evo_agent_runner.py:85] Sampling 50000 steps by 50 slaves, spending 16.10 s.
[20260602 08:53:38 @multi_evo_agent_runner.py:94] Policy update, spending: 29.65 s.
[20260602 08:53:40 @multi_evo_agent_runner.py:99] Evaluation time: 2.25 s.
[20260602 08:53:40 @multi_evo_agent_runner.py:105] Total time:     219.46 min
[20260602 08:53:40 @multi_evo_agent_runner.py:115] Agent_0 gets eval reward: 96.53.
[20260602 08:53:40 @multi_evo_agent_runner.py:116] Agent_0 gets win rate: 0.31.
[20260602 08:53:40 @multi_evo_agent_runner.py:115] Agent_1 gets eval reward: 848.52.
[20260602 08:53:40 @multi_evo_agent_runner.py:116] Agent_1 gets win rate: 0.34.
[20260602 08:53:40 @multi_evo_agent_runner.py:503] CRITICAL save best checkpoint with agent_1's rewards 848.52!
[20260602 08:53:40 @multi_evo_agent_runner.py:79] #------------------------ Iteration 279 --------------------------#
[20260602 08:53:56 @multi_evo_agent_runner.py:85] Sampling 50000 steps by 50 slaves, spending 16.13 s.
[20260602 08:54:25 @multi_evo_agent_runner.py:94] Policy update, spending: 28.85 s.
[20260602 08:54:28 @multi_evo_agent_runner.py:99] Evaluation time: 2.67 s.
[20260602 08:54:28 @multi_evo_agent_runner.py:105] Total time:     220.25 min
[20260602 08:54:28 @multi_evo_agent_runner.py:115] Agent_0 gets eval reward: 536.89.
[20260602 08:54:28 @multi_evo_agent_runner.py:116] Agent_0 gets win rate: 0.50.
[20260602 08:54:28 @multi_evo_agent_runner.py:115] Agent_1 gets eval reward: 331.01.
[20260602 08:54:28 @multi_evo_agent_runner.py:116] Agent_1 gets win rate: 0.42.
[20260602 08:54:28 @multi_evo_agent_runner.py:503] CRITICAL save best checkpoint with agent_0's rewards 536.89!
[20260602 08:54:28 @multi_evo_agent_runner.py:503] CRITICAL save best checkpoint with agent_1's rewards 331.01!
[20260602 08:54:28 @multi_evo_agent_runner.py:79] #------------------------ Iteration 280 --------------------------#
[20260602 08:54:45 @multi_evo_agent_runner.py:85] Sampling 50000 steps by 50 slaves, spending 16.81 s.
[20260602 08:55:15 @multi_evo_agent_runner.py:94] Policy update, spending: 30.30 s.
[20260602 08:55:17 @multi_evo_agent_runner.py:99] Evaluation time: 2.09 s.
[20260602 08:55:17 @multi_evo_agent_runner.py:105] Total time:     221.08 min
[20260602 08:55:17 @multi_evo_agent_runner.py:115] Agent_0 gets eval reward: 593.50.
[20260602 08:55:17 @multi_evo_agent_runner.py:116] Agent_0 gets win rate: 0.41.
[20260602 08:55:17 @multi_evo_agent_runner.py:115] Agent_1 gets eval reward: 803.91.
[20260602 08:55:17 @multi_evo_agent_runner.py:116] Agent_1 gets win rate: 0.26.
[20260602 08:55:18 @multi_evo_agent_runner.py:503] CRITICAL save best checkpoint with agent_0's rewards 593.50!
[20260602 08:55:18 @multi_evo_agent_runner.py:503] CRITICAL save best checkpoint with agent_1's rewards 803.91!
[20260602 08:55:18 @multi_evo_agent_runner.py:79] #------------------------ Iteration 281 --------------------------#
[20260602 08:55:34 @multi_evo_agent_runner.py:85] Sampling 50000 steps by 50 slaves, spending 16.24 s.
[20260602 08:56:03 @multi_evo_agent_runner.py:94] Policy update, spending: 29.27 s.
[20260602 08:56:05 @multi_evo_agent_runner.py:99] Evaluation time: 2.11 s.
[20260602 08:56:05 @multi_evo_agent_runner.py:105] Total time:     221.88 min
[20260602 08:56:05 @multi_evo_agent_runner.py:115] Agent_0 gets eval reward: 482.63.
[20260602 08:56:05 @multi_evo_agent_runner.py:116] Agent_0 gets win rate: 0.32.
[20260602 08:56:05 @multi_evo_agent_runner.py:115] Agent_1 gets eval reward: 715.56.
[20260602 08:56:05 @multi_evo_agent_runner.py:116] Agent_1 gets win rate: 0.41.
[20260602 08:56:05 @multi_evo_agent_runner.py:503] CRITICAL save best checkpoint with agent_1's rewards 715.56!
[20260602 08:56:06 @multi_evo_agent_runner.py:79] #------------------------ Iteration 282 --------------------------#
[20260602 08:56:22 @multi_evo_agent_runner.py:85] Sampling 50000 steps by 50 slaves, spending 16.24 s.
[20260602 08:56:51 @multi_evo_agent_runner.py:94] Policy update, spending: 29.53 s.
[20260602 08:56:54 @multi_evo_agent_runner.py:99] Evaluation time: 2.24 s.
[20260602 08:56:54 @multi_evo_agent_runner.py:105] Total time:     222.68 min
[20260602 08:56:54 @multi_evo_agent_runner.py:115] Agent_0 gets eval reward: 655.67.
[20260602 08:56:54 @multi_evo_agent_runner.py:116] Agent_0 gets win rate: 0.29.
[20260602 08:56:54 @multi_evo_agent_runner.py:115] Agent_1 gets eval reward: 617.15.
[20260602 08:56:54 @multi_evo_agent_runner.py:116] Agent_1 gets win rate: 0.46.
[20260602 08:56:54 @multi_evo_agent_runner.py:503] CRITICAL save best checkpoint with agent_0's rewards 655.67!
[20260602 08:56:54 @multi_evo_agent_runner.py:503] CRITICAL save best checkpoint with agent_1's rewards 617.15!
[20260602 08:56:54 @multi_evo_agent_runner.py:79] #------------------------ Iteration 283 --------------------------#
[20260602 08:57:10 @multi_evo_agent_runner.py:85] Sampling 50000 steps by 50 slaves, spending 16.40 s.
[20260602 08:57:39 @multi_evo_agent_runner.py:94] Policy update, spending: 28.90 s.
[20260602 08:57:41 @multi_evo_agent_runner.py:99] Evaluation time: 2.01 s.
[20260602 08:57:41 @multi_evo_agent_runner.py:105] Total time:     223.47 min
[20260602 08:57:41 @multi_evo_agent_runner.py:115] Agent_0 gets eval reward: 696.74.
[20260602 08:57:41 @multi_evo_agent_runner.py:116] Agent_0 gets win rate: 0.45.
[20260602 08:57:41 @multi_evo_agent_runner.py:115] Agent_1 gets eval reward: 385.67.
[20260602 08:57:41 @multi_evo_agent_runner.py:116] Agent_1 gets win rate: 0.26.
[20260602 08:57:41 @multi_evo_agent_runner.py:503] CRITICAL save best checkpoint with agent_0's rewards 696.74!
[20260602 08:57:41 @multi_evo_agent_runner.py:79] #------------------------ Iteration 284 --------------------------#
[20260602 08:57:58 @multi_evo_agent_runner.py:85] Sampling 50000 steps by 50 slaves, spending 16.98 s.
[20260602 08:58:28 @multi_evo_agent_runner.py:94] Policy update, spending: 29.59 s.
[20260602 08:58:30 @multi_evo_agent_runner.py:99] Evaluation time: 2.14 s.
[20260602 08:58:30 @multi_evo_agent_runner.py:105] Total time:     224.29 min
[20260602 08:58:30 @multi_evo_agent_runner.py:115] Agent_0 gets eval reward: 329.64.
[20260602 08:58:30 @multi_evo_agent_runner.py:116] Agent_0 gets win rate: 0.41.
[20260602 08:58:30 @multi_evo_agent_runner.py:115] Agent_1 gets eval reward: 271.56.
[20260602 08:58:30 @multi_evo_agent_runner.py:116] Agent_1 gets win rate: 0.39.
[20260602 08:58:30 @multi_evo_agent_runner.py:79] #------------------------ Iteration 285 --------------------------#
[20260602 08:58:47 @multi_evo_agent_runner.py:85] Sampling 50000 steps by 50 slaves, spending 16.81 s.
[20260602 08:59:17 @multi_evo_agent_runner.py:94] Policy update, spending: 29.61 s.
[20260602 08:59:19 @multi_evo_agent_runner.py:99] Evaluation time: 2.14 s.
[20260602 08:59:19 @multi_evo_agent_runner.py:105] Total time:     225.11 min
[20260602 08:59:19 @multi_evo_agent_runner.py:115] Agent_0 gets eval reward: 417.70.
[20260602 08:59:19 @multi_evo_agent_runner.py:116] Agent_0 gets win rate: 0.54.
[20260602 08:59:19 @multi_evo_agent_runner.py:115] Agent_1 gets eval reward: 347.89.
[20260602 08:59:19 @multi_evo_agent_runner.py:116] Agent_1 gets win rate: 0.36.
[20260602 08:59:19 @multi_evo_agent_runner.py:503] CRITICAL save best checkpoint with agent_0's rewards 417.70!
[20260602 08:59:19 @multi_evo_agent_runner.py:79] #------------------------ Iteration 286 --------------------------#
[20260602 08:59:36 @multi_evo_agent_runner.py:85] Sampling 50000 steps by 50 slaves, spending 16.53 s.
[20260602 09:00:06 @multi_evo_agent_runner.py:94] Policy update, spending: 30.51 s.
[20260602 09:00:08 @multi_evo_agent_runner.py:99] Evaluation time: 2.11 s.
[20260602 09:00:08 @multi_evo_agent_runner.py:105] Total time:     225.93 min
[20260602 09:00:09 @multi_evo_agent_runner.py:115] Agent_0 gets eval reward: 574.17.
[20260602 09:00:09 @multi_evo_agent_runner.py:116] Agent_0 gets win rate: 0.46.
[20260602 09:00:09 @multi_evo_agent_runner.py:115] Agent_1 gets eval reward: 559.17.
[20260602 09:00:09 @multi_evo_agent_runner.py:116] Agent_1 gets win rate: 0.43.
[20260602 09:00:09 @multi_evo_agent_runner.py:503] CRITICAL save best checkpoint with agent_0's rewards 574.17!
[20260602 09:00:09 @multi_evo_agent_runner.py:79] #------------------------ Iteration 287 --------------------------#
[20260602 09:00:25 @multi_evo_agent_runner.py:85] Sampling 50000 steps by 50 slaves, spending 16.42 s.
[20260602 09:00:55 @multi_evo_agent_runner.py:94] Policy update, spending: 29.88 s.
[20260602 09:00:57 @multi_evo_agent_runner.py:99] Evaluation time: 1.91 s.
[20260602 09:00:57 @multi_evo_agent_runner.py:105] Total time:     226.74 min
[20260602 09:00:57 @multi_evo_agent_runner.py:115] Agent_0 gets eval reward: 358.91.
[20260602 09:00:57 @multi_evo_agent_runner.py:116] Agent_0 gets win rate: 0.39.
[20260602 09:00:57 @multi_evo_agent_runner.py:115] Agent_1 gets eval reward: 744.01.
[20260602 09:00:57 @multi_evo_agent_runner.py:116] Agent_1 gets win rate: 0.44.
[20260602 09:00:57 @multi_evo_agent_runner.py:503] CRITICAL save best checkpoint with agent_1's rewards 744.01!
[20260602 09:00:57 @multi_evo_agent_runner.py:79] #------------------------ Iteration 288 --------------------------#
[20260602 09:01:14 @multi_evo_agent_runner.py:85] Sampling 50000 steps by 50 slaves, spending 16.88 s.
[20260602 09:01:45 @multi_evo_agent_runner.py:94] Policy update, spending: 30.52 s.
[20260602 09:01:47 @multi_evo_agent_runner.py:99] Evaluation time: 2.10 s.
[20260602 09:01:47 @multi_evo_agent_runner.py:105] Total time:     227.57 min
[20260602 09:01:47 @multi_evo_agent_runner.py:115] Agent_0 gets eval reward: 693.15.
[20260602 09:01:47 @multi_evo_agent_runner.py:116] Agent_0 gets win rate: 0.33.
[20260602 09:01:47 @multi_evo_agent_runner.py:115] Agent_1 gets eval reward: 534.71.
[20260602 09:01:47 @multi_evo_agent_runner.py:116] Agent_1 gets win rate: 0.28.
[20260602 09:01:47 @multi_evo_agent_runner.py:503] CRITICAL save best checkpoint with agent_0's rewards 693.15!
[20260602 09:01:47 @multi_evo_agent_runner.py:79] #------------------------ Iteration 289 --------------------------#
[20260602 09:02:04 @multi_evo_agent_runner.py:85] Sampling 50000 steps by 50 slaves, spending 16.99 s.
[20260602 09:02:34 @multi_evo_agent_runner.py:94] Policy update, spending: 30.16 s.
[20260602 09:02:36 @multi_evo_agent_runner.py:99] Evaluation time: 2.03 s.
[20260602 09:02:36 @multi_evo_agent_runner.py:105] Total time:     228.39 min
[20260602 09:02:36 @multi_evo_agent_runner.py:115] Agent_0 gets eval reward: 451.03.
[20260602 09:02:36 @multi_evo_agent_runner.py:116] Agent_0 gets win rate: 0.43.
[20260602 09:02:36 @multi_evo_agent_runner.py:115] Agent_1 gets eval reward: 157.94.
[20260602 09:02:36 @multi_evo_agent_runner.py:116] Agent_1 gets win rate: 0.34.
[20260602 09:02:36 @multi_evo_agent_runner.py:503] CRITICAL save best checkpoint with agent_0's rewards 451.03!
[20260602 09:02:36 @multi_evo_agent_runner.py:79] #------------------------ Iteration 290 --------------------------#
[20260602 09:02:53 @multi_evo_agent_runner.py:85] Sampling 50000 steps by 50 slaves, spending 16.69 s.
[20260602 09:03:23 @multi_evo_agent_runner.py:94] Policy update, spending: 30.29 s.
[20260602 09:03:26 @multi_evo_agent_runner.py:99] Evaluation time: 2.27 s.
[20260602 09:03:26 @multi_evo_agent_runner.py:105] Total time:     229.22 min
[20260602 09:03:26 @multi_evo_agent_runner.py:115] Agent_0 gets eval reward: 53.74.
[20260602 09:03:26 @multi_evo_agent_runner.py:116] Agent_0 gets win rate: 0.31.
[20260602 09:03:26 @multi_evo_agent_runner.py:115] Agent_1 gets eval reward: 651.45.
[20260602 09:03:26 @multi_evo_agent_runner.py:116] Agent_1 gets win rate: 0.53.
[20260602 09:03:26 @multi_evo_agent_runner.py:503] CRITICAL save best checkpoint with agent_1's rewards 651.45!
[20260602 09:03:26 @multi_evo_agent_runner.py:79] #------------------------ Iteration 291 --------------------------#
[20260602 09:03:43 @multi_evo_agent_runner.py:85] Sampling 50000 steps by 50 slaves, spending 16.97 s.
[20260602 09:04:14 @multi_evo_agent_runner.py:94] Policy update, spending: 30.69 s.
[20260602 09:04:16 @multi_evo_agent_runner.py:99] Evaluation time: 1.94 s.
[20260602 09:04:16 @multi_evo_agent_runner.py:105] Total time:     230.05 min
[20260602 09:04:16 @multi_evo_agent_runner.py:115] Agent_0 gets eval reward: 227.78.
[20260602 09:04:16 @multi_evo_agent_runner.py:116] Agent_0 gets win rate: 0.38.
[20260602 09:04:16 @multi_evo_agent_runner.py:115] Agent_1 gets eval reward: 915.49.
[20260602 09:04:16 @multi_evo_agent_runner.py:116] Agent_1 gets win rate: 0.31.
[20260602 09:04:16 @multi_evo_agent_runner.py:503] CRITICAL save best checkpoint with agent_1's rewards 915.49!
[20260602 09:04:16 @multi_evo_agent_runner.py:79] #------------------------ Iteration 292 --------------------------#
[20260602 09:04:32 @multi_evo_agent_runner.py:85] Sampling 50000 steps by 50 slaves, spending 16.27 s.
[20260602 09:05:01 @multi_evo_agent_runner.py:94] Policy update, spending: 29.10 s.
[20260602 09:05:03 @multi_evo_agent_runner.py:99] Evaluation time: 2.18 s.
[20260602 09:05:03 @multi_evo_agent_runner.py:105] Total time:     230.85 min
[20260602 09:05:04 @multi_evo_agent_runner.py:115] Agent_0 gets eval reward: 159.51.
[20260602 09:05:04 @multi_evo_agent_runner.py:116] Agent_0 gets win rate: 0.22.
[20260602 09:05:04 @multi_evo_agent_runner.py:115] Agent_1 gets eval reward: 996.64.
[20260602 09:05:04 @multi_evo_agent_runner.py:116] Agent_1 gets win rate: 0.41.
[20260602 09:05:04 @multi_evo_agent_runner.py:503] CRITICAL save best checkpoint with agent_1's rewards 996.64!
[20260602 09:05:04 @multi_evo_agent_runner.py:79] #------------------------ Iteration 293 --------------------------#
[20260602 09:05:21 @multi_evo_agent_runner.py:85] Sampling 50000 steps by 50 slaves, spending 16.92 s.
[20260602 09:05:51 @multi_evo_agent_runner.py:94] Policy update, spending: 30.02 s.
[20260602 09:05:53 @multi_evo_agent_runner.py:99] Evaluation time: 1.98 s.
[20260602 09:05:53 @multi_evo_agent_runner.py:105] Total time:     231.67 min
[20260602 09:05:53 @multi_evo_agent_runner.py:115] Agent_0 gets eval reward: 641.60.
[20260602 09:05:53 @multi_evo_agent_runner.py:116] Agent_0 gets win rate: 0.45.
[20260602 09:05:53 @multi_evo_agent_runner.py:115] Agent_1 gets eval reward: 547.40.
[20260602 09:05:53 @multi_evo_agent_runner.py:116] Agent_1 gets win rate: 0.50.
[20260602 09:05:53 @multi_evo_agent_runner.py:503] CRITICAL save best checkpoint with agent_0's rewards 641.60!
[20260602 09:05:53 @multi_evo_agent_runner.py:503] CRITICAL save best checkpoint with agent_1's rewards 547.40!
[20260602 09:05:53 @multi_evo_agent_runner.py:79] #------------------------ Iteration 294 --------------------------#
[20260602 09:06:10 @multi_evo_agent_runner.py:85] Sampling 50000 steps by 50 slaves, spending 17.33 s.
[20260602 09:06:41 @multi_evo_agent_runner.py:94] Policy update, spending: 30.45 s.
[20260602 09:06:43 @multi_evo_agent_runner.py:99] Evaluation time: 2.26 s.
[20260602 09:06:43 @multi_evo_agent_runner.py:105] Total time:     232.50 min
[20260602 09:06:43 @multi_evo_agent_runner.py:115] Agent_0 gets eval reward: 786.37.
[20260602 09:06:43 @multi_evo_agent_runner.py:116] Agent_0 gets win rate: 0.36.
[20260602 09:06:43 @multi_evo_agent_runner.py:115] Agent_1 gets eval reward: 476.17.
[20260602 09:06:43 @multi_evo_agent_runner.py:116] Agent_1 gets win rate: 0.31.
[20260602 09:06:43 @multi_evo_agent_runner.py:503] CRITICAL save best checkpoint with agent_0's rewards 786.37!
[20260602 09:06:43 @multi_evo_agent_runner.py:79] #------------------------ Iteration 295 --------------------------#
[20260602 09:06:59 @multi_evo_agent_runner.py:85] Sampling 50000 steps by 50 slaves, spending 16.13 s.
[20260602 09:07:28 @multi_evo_agent_runner.py:94] Policy update, spending: 28.88 s.
[20260602 09:07:30 @multi_evo_agent_runner.py:99] Evaluation time: 2.25 s.
[20260602 09:07:30 @multi_evo_agent_runner.py:105] Total time:     233.30 min
[20260602 09:07:31 @multi_evo_agent_runner.py:115] Agent_0 gets eval reward: 761.32.
[20260602 09:07:31 @multi_evo_agent_runner.py:116] Agent_0 gets win rate: 0.47.
[20260602 09:07:31 @multi_evo_agent_runner.py:115] Agent_1 gets eval reward: 413.21.
[20260602 09:07:31 @multi_evo_agent_runner.py:116] Agent_1 gets win rate: 0.33.
[20260602 09:07:31 @multi_evo_agent_runner.py:503] CRITICAL save best checkpoint with agent_0's rewards 761.32!
[20260602 09:07:31 @multi_evo_agent_runner.py:79] #------------------------ Iteration 296 --------------------------#
[20260602 09:07:47 @multi_evo_agent_runner.py:85] Sampling 50000 steps by 50 slaves, spending 16.78 s.
[20260602 09:08:17 @multi_evo_agent_runner.py:94] Policy update, spending: 29.75 s.
[20260602 09:08:19 @multi_evo_agent_runner.py:99] Evaluation time: 1.91 s.
[20260602 09:08:19 @multi_evo_agent_runner.py:105] Total time:     234.11 min
[20260602 09:08:19 @multi_evo_agent_runner.py:115] Agent_0 gets eval reward: 280.22.
[20260602 09:08:19 @multi_evo_agent_runner.py:116] Agent_0 gets win rate: 0.19.
[20260602 09:08:19 @multi_evo_agent_runner.py:115] Agent_1 gets eval reward: 823.11.
[20260602 09:08:19 @multi_evo_agent_runner.py:116] Agent_1 gets win rate: 0.23.
[20260602 09:08:19 @multi_evo_agent_runner.py:503] CRITICAL save best checkpoint with agent_1's rewards 823.11!
[20260602 09:08:19 @multi_evo_agent_runner.py:79] #------------------------ Iteration 297 --------------------------#
[20260602 09:08:36 @multi_evo_agent_runner.py:85] Sampling 50000 steps by 50 slaves, spending 16.90 s.
[20260602 09:09:07 @multi_evo_agent_runner.py:94] Policy update, spending: 30.78 s.
[20260602 09:09:09 @multi_evo_agent_runner.py:99] Evaluation time: 2.22 s.
[20260602 09:09:09 @multi_evo_agent_runner.py:105] Total time:     234.94 min
[20260602 09:09:09 @multi_evo_agent_runner.py:115] Agent_0 gets eval reward: 440.19.
[20260602 09:09:09 @multi_evo_agent_runner.py:116] Agent_0 gets win rate: 0.25.
[20260602 09:09:09 @multi_evo_agent_runner.py:115] Agent_1 gets eval reward: 881.87.
[20260602 09:09:09 @multi_evo_agent_runner.py:116] Agent_1 gets win rate: 0.39.
[20260602 09:09:09 @multi_evo_agent_runner.py:503] CRITICAL save best checkpoint with agent_1's rewards 881.87!
[20260602 09:09:10 @multi_evo_agent_runner.py:79] #------------------------ Iteration 298 --------------------------#
[20260602 09:09:26 @multi_evo_agent_runner.py:85] Sampling 50000 steps by 50 slaves, spending 16.58 s.
[20260602 09:09:56 @multi_evo_agent_runner.py:94] Policy update, spending: 30.01 s.
[20260602 09:09:59 @multi_evo_agent_runner.py:99] Evaluation time: 2.38 s.
[20260602 09:09:59 @multi_evo_agent_runner.py:105] Total time:     235.77 min
[20260602 09:09:59 @multi_evo_agent_runner.py:115] Agent_0 gets eval reward: 245.60.
[20260602 09:09:59 @multi_evo_agent_runner.py:116] Agent_0 gets win rate: 0.40.
[20260602 09:09:59 @multi_evo_agent_runner.py:115] Agent_1 gets eval reward: 494.03.
[20260602 09:09:59 @multi_evo_agent_runner.py:116] Agent_1 gets win rate: 0.45.
[20260602 09:09:59 @multi_evo_agent_runner.py:503] CRITICAL save best checkpoint with agent_1's rewards 494.03!
[20260602 09:09:59 @multi_evo_agent_runner.py:79] #------------------------ Iteration 299 --------------------------#
[20260602 09:10:15 @multi_evo_agent_runner.py:85] Sampling 50000 steps by 50 slaves, spending 16.20 s.
[20260602 09:10:44 @multi_evo_agent_runner.py:94] Policy update, spending: 28.88 s.
[20260602 09:10:46 @multi_evo_agent_runner.py:99] Evaluation time: 2.22 s.
[20260602 09:10:46 @multi_evo_agent_runner.py:105] Total time:     236.56 min
[20260602 09:10:46 @multi_evo_agent_runner.py:115] Agent_0 gets eval reward: 890.66.
[20260602 09:10:46 @multi_evo_agent_runner.py:116] Agent_0 gets win rate: 0.34.
[20260602 09:10:46 @multi_evo_agent_runner.py:115] Agent_1 gets eval reward: 704.25.
[20260602 09:10:46 @multi_evo_agent_runner.py:116] Agent_1 gets win rate: 0.21.
[20260602 09:10:46 @multi_evo_agent_runner.py:503] CRITICAL save best checkpoint with agent_0's rewards 890.66!
[20260602 09:10:46 @multi_evo_agent_runner.py:503] CRITICAL save best checkpoint with agent_1's rewards 704.25!
[20260602 09:10:46 @multi_evo_agent_runner.py:79] #------------------------ Iteration 300 --------------------------#
[20260602 09:11:03 @multi_evo_agent_runner.py:85] Sampling 50000 steps by 50 slaves, spending 16.35 s.
[20260602 09:11:32 @multi_evo_agent_runner.py:94] Policy update, spending: 29.42 s.
[20260602 09:11:35 @multi_evo_agent_runner.py:99] Evaluation time: 2.33 s.
[20260602 09:11:35 @multi_evo_agent_runner.py:105] Total time:     237.36 min
[20260602 09:11:35 @multi_evo_agent_runner.py:115] Agent_0 gets eval reward: 777.94.
[20260602 09:11:35 @multi_evo_agent_runner.py:116] Agent_0 gets win rate: 0.43.
[20260602 09:11:35 @multi_evo_agent_runner.py:115] Agent_1 gets eval reward: 691.07.
[20260602 09:11:35 @multi_evo_agent_runner.py:116] Agent_1 gets win rate: 0.30.
[20260602 09:11:35 @multi_evo_agent_runner.py:503] CRITICAL save best checkpoint with agent_0's rewards 777.94!
[20260602 09:11:35 @multi_evo_agent_runner.py:503] CRITICAL save best checkpoint with agent_1's rewards 691.07!
[20260602 09:11:35 @multi_evo_agent_runner.py:79] #------------------------ Iteration 301 --------------------------#
[20260602 09:11:52 @multi_evo_agent_runner.py:85] Sampling 50000 steps by 50 slaves, spending 16.73 s.
[20260602 09:12:22 @multi_evo_agent_runner.py:94] Policy update, spending: 30.18 s.
[20260602 09:12:24 @multi_evo_agent_runner.py:99] Evaluation time: 2.17 s.
[20260602 09:12:24 @multi_evo_agent_runner.py:105] Total time:     238.19 min
[20260602 09:12:24 @multi_evo_agent_runner.py:115] Agent_0 gets eval reward: 553.75.
[20260602 09:12:24 @multi_evo_agent_runner.py:116] Agent_0 gets win rate: 0.33.
[20260602 09:12:24 @multi_evo_agent_runner.py:115] Agent_1 gets eval reward: 523.25.
[20260602 09:12:24 @multi_evo_agent_runner.py:116] Agent_1 gets win rate: 0.47.
[20260602 09:12:24 @multi_evo_agent_runner.py:503] CRITICAL save best checkpoint with agent_1's rewards 523.25!
[20260602 09:12:24 @multi_evo_agent_runner.py:79] #------------------------ Iteration 302 --------------------------#
[20260602 09:12:41 @multi_evo_agent_runner.py:85] Sampling 50000 steps by 50 slaves, spending 16.76 s.
[20260602 09:13:11 @multi_evo_agent_runner.py:94] Policy update, spending: 29.93 s.
[20260602 09:13:13 @multi_evo_agent_runner.py:99] Evaluation time: 2.01 s.
[20260602 09:13:13 @multi_evo_agent_runner.py:105] Total time:     239.00 min
[20260602 09:13:13 @multi_evo_agent_runner.py:115] Agent_0 gets eval reward: 662.90.
[20260602 09:13:13 @multi_evo_agent_runner.py:116] Agent_0 gets win rate: 0.54.
[20260602 09:13:13 @multi_evo_agent_runner.py:115] Agent_1 gets eval reward: 447.07.
[20260602 09:13:13 @multi_evo_agent_runner.py:116] Agent_1 gets win rate: 0.35.
[20260602 09:13:13 @multi_evo_agent_runner.py:503] CRITICAL save best checkpoint with agent_0's rewards 662.90!
[20260602 09:13:13 @multi_evo_agent_runner.py:79] #------------------------ Iteration 303 --------------------------#
[20260602 09:13:30 @multi_evo_agent_runner.py:85] Sampling 50000 steps by 50 slaves, spending 17.06 s.
[20260602 09:14:01 @multi_evo_agent_runner.py:94] Policy update, spending: 30.62 s.
[20260602 09:14:03 @multi_evo_agent_runner.py:99] Evaluation time: 2.20 s.
[20260602 09:14:03 @multi_evo_agent_runner.py:105] Total time:     239.84 min
[20260602 09:14:03 @multi_evo_agent_runner.py:115] Agent_0 gets eval reward: 309.87.
[20260602 09:14:03 @multi_evo_agent_runner.py:116] Agent_0 gets win rate: 0.36.
[20260602 09:14:03 @multi_evo_agent_runner.py:115] Agent_1 gets eval reward: 529.36.
[20260602 09:14:03 @multi_evo_agent_runner.py:116] Agent_1 gets win rate: 0.51.
[20260602 09:14:03 @multi_evo_agent_runner.py:503] CRITICAL save best checkpoint with agent_1's rewards 529.36!
[20260602 09:14:03 @multi_evo_agent_runner.py:79] #------------------------ Iteration 304 --------------------------#
[20260602 09:14:20 @multi_evo_agent_runner.py:85] Sampling 50000 steps by 50 slaves, spending 16.25 s.
[20260602 09:14:50 @multi_evo_agent_runner.py:94] Policy update, spending: 30.07 s.
[20260602 09:14:52 @multi_evo_agent_runner.py:99] Evaluation time: 2.17 s.
[20260602 09:14:52 @multi_evo_agent_runner.py:105] Total time:     240.65 min
[20260602 09:14:52 @multi_evo_agent_runner.py:115] Agent_0 gets eval reward: 398.69.
[20260602 09:14:52 @multi_evo_agent_runner.py:116] Agent_0 gets win rate: 0.32.
[20260602 09:14:52 @multi_evo_agent_runner.py:115] Agent_1 gets eval reward: 477.11.
[20260602 09:14:52 @multi_evo_agent_runner.py:116] Agent_1 gets win rate: 0.11.
[20260602 09:14:52 @multi_evo_agent_runner.py:79] #------------------------ Iteration 305 --------------------------#
[20260602 09:15:09 @multi_evo_agent_runner.py:85] Sampling 50000 steps by 50 slaves, spending 16.48 s.
[20260602 09:15:39 @multi_evo_agent_runner.py:94] Policy update, spending: 30.73 s.
[20260602 09:15:42 @multi_evo_agent_runner.py:99] Evaluation time: 2.25 s.
[20260602 09:15:42 @multi_evo_agent_runner.py:105] Total time:     241.48 min
[20260602 09:15:42 @multi_evo_agent_runner.py:115] Agent_0 gets eval reward: 756.94.
[20260602 09:15:42 @multi_evo_agent_runner.py:116] Agent_0 gets win rate: 0.16.
[20260602 09:15:42 @multi_evo_agent_runner.py:115] Agent_1 gets eval reward: 1052.17.
[20260602 09:15:42 @multi_evo_agent_runner.py:116] Agent_1 gets win rate: 0.35.
[20260602 09:15:42 @multi_evo_agent_runner.py:503] CRITICAL save best checkpoint with agent_0's rewards 756.94!
[20260602 09:15:42 @multi_evo_agent_runner.py:503] CRITICAL save best checkpoint with agent_1's rewards 1052.17!
[20260602 09:15:42 @multi_evo_agent_runner.py:79] #------------------------ Iteration 306 --------------------------#
[20260602 09:15:58 @multi_evo_agent_runner.py:85] Sampling 50000 steps by 50 slaves, spending 16.52 s.
[20260602 09:16:29 @multi_evo_agent_runner.py:94] Policy update, spending: 30.79 s.
[20260602 09:16:31 @multi_evo_agent_runner.py:99] Evaluation time: 2.25 s.
[20260602 09:16:31 @multi_evo_agent_runner.py:105] Total time:     242.31 min
[20260602 09:16:32 @multi_evo_agent_runner.py:115] Agent_0 gets eval reward: 485.27.
[20260602 09:16:32 @multi_evo_agent_runner.py:116] Agent_0 gets win rate: 0.38.
[20260602 09:16:32 @multi_evo_agent_runner.py:115] Agent_1 gets eval reward: 526.40.
[20260602 09:16:32 @multi_evo_agent_runner.py:116] Agent_1 gets win rate: 0.50.
[20260602 09:16:32 @multi_evo_agent_runner.py:503] CRITICAL save best checkpoint with agent_0's rewards 485.27!
[20260602 09:16:32 @multi_evo_agent_runner.py:503] CRITICAL save best checkpoint with agent_1's rewards 526.40!
[20260602 09:16:32 @multi_evo_agent_runner.py:79] #------------------------ Iteration 307 --------------------------#
[20260602 09:16:48 @multi_evo_agent_runner.py:85] Sampling 50000 steps by 50 slaves, spending 16.08 s.
[20260602 09:17:17 @multi_evo_agent_runner.py:94] Policy update, spending: 29.48 s.
[20260602 09:17:19 @multi_evo_agent_runner.py:99] Evaluation time: 2.01 s.
[20260602 09:17:19 @multi_evo_agent_runner.py:105] Total time:     243.11 min
[20260602 09:17:19 @multi_evo_agent_runner.py:115] Agent_0 gets eval reward: 221.71.
[20260602 09:17:19 @multi_evo_agent_runner.py:116] Agent_0 gets win rate: 0.44.
[20260602 09:17:19 @multi_evo_agent_runner.py:115] Agent_1 gets eval reward: 497.57.
[20260602 09:17:19 @multi_evo_agent_runner.py:116] Agent_1 gets win rate: 0.46.
[20260602 09:17:19 @multi_evo_agent_runner.py:503] CRITICAL save best checkpoint with agent_0's rewards 221.71!
[20260602 09:17:20 @multi_evo_agent_runner.py:79] #------------------------ Iteration 308 --------------------------#
[20260602 09:17:37 @multi_evo_agent_runner.py:85] Sampling 50000 steps by 50 slaves, spending 17.25 s.
[20260602 09:18:08 @multi_evo_agent_runner.py:94] Policy update, spending: 30.96 s.
[20260602 09:18:10 @multi_evo_agent_runner.py:99] Evaluation time: 1.99 s.
[20260602 09:18:10 @multi_evo_agent_runner.py:105] Total time:     243.95 min
[20260602 09:18:10 @multi_evo_agent_runner.py:115] Agent_0 gets eval reward: 108.39.
[20260602 09:18:10 @multi_evo_agent_runner.py:116] Agent_0 gets win rate: 0.28.
[20260602 09:18:10 @multi_evo_agent_runner.py:115] Agent_1 gets eval reward: 588.32.
[20260602 09:18:10 @multi_evo_agent_runner.py:116] Agent_1 gets win rate: 0.49.
[20260602 09:18:10 @multi_evo_agent_runner.py:503] CRITICAL save best checkpoint with agent_1's rewards 588.32!
[20260602 09:18:10 @multi_evo_agent_runner.py:79] #------------------------ Iteration 309 --------------------------#
[20260602 09:18:26 @multi_evo_agent_runner.py:85] Sampling 50000 steps by 50 slaves, spending 16.43 s.
[20260602 09:18:56 @multi_evo_agent_runner.py:94] Policy update, spending: 29.37 s.
[20260602 09:18:58 @multi_evo_agent_runner.py:99] Evaluation time: 2.34 s.
[20260602 09:18:58 @multi_evo_agent_runner.py:105] Total time:     244.76 min
[20260602 09:18:58 @multi_evo_agent_runner.py:115] Agent_0 gets eval reward: 525.81.
[20260602 09:18:58 @multi_evo_agent_runner.py:116] Agent_0 gets win rate: 0.31.
[20260602 09:18:58 @multi_evo_agent_runner.py:115] Agent_1 gets eval reward: 636.94.
[20260602 09:18:58 @multi_evo_agent_runner.py:116] Agent_1 gets win rate: 0.37.
[20260602 09:18:58 @multi_evo_agent_runner.py:503] CRITICAL save best checkpoint with agent_0's rewards 525.81!
[20260602 09:18:58 @multi_evo_agent_runner.py:503] CRITICAL save best checkpoint with agent_1's rewards 636.94!
[20260602 09:18:58 @multi_evo_agent_runner.py:79] #------------------------ Iteration 310 --------------------------#
[20260602 09:19:15 @multi_evo_agent_runner.py:85] Sampling 50000 steps by 50 slaves, spending 16.67 s.
[20260602 09:19:45 @multi_evo_agent_runner.py:94] Policy update, spending: 29.52 s.
[20260602 09:19:47 @multi_evo_agent_runner.py:99] Evaluation time: 2.21 s.
[20260602 09:19:47 @multi_evo_agent_runner.py:105] Total time:     245.57 min
[20260602 09:19:47 @multi_evo_agent_runner.py:115] Agent_0 gets eval reward: 303.06.
[20260602 09:19:47 @multi_evo_agent_runner.py:116] Agent_0 gets win rate: 0.36.
[20260602 09:19:47 @multi_evo_agent_runner.py:115] Agent_1 gets eval reward: 549.71.
[20260602 09:19:47 @multi_evo_agent_runner.py:116] Agent_1 gets win rate: 0.38.
[20260602 09:19:47 @multi_evo_agent_runner.py:503] CRITICAL save best checkpoint with agent_0's rewards 303.06!
[20260602 09:19:47 @multi_evo_agent_runner.py:503] CRITICAL save best checkpoint with agent_1's rewards 549.71!
[20260602 09:19:47 @multi_evo_agent_runner.py:79] #------------------------ Iteration 311 --------------------------#
[20260602 09:20:04 @multi_evo_agent_runner.py:85] Sampling 50000 steps by 50 slaves, spending 16.67 s.
[20260602 09:20:33 @multi_evo_agent_runner.py:94] Policy update, spending: 29.45 s.
[20260602 09:20:35 @multi_evo_agent_runner.py:99] Evaluation time: 2.11 s.
[20260602 09:20:35 @multi_evo_agent_runner.py:105] Total time:     246.38 min
[20260602 09:20:35 @multi_evo_agent_runner.py:115] Agent_0 gets eval reward: 561.64.
[20260602 09:20:35 @multi_evo_agent_runner.py:116] Agent_0 gets win rate: 0.55.
[20260602 09:20:35 @multi_evo_agent_runner.py:115] Agent_1 gets eval reward: 614.51.
[20260602 09:20:35 @multi_evo_agent_runner.py:116] Agent_1 gets win rate: 0.35.
[20260602 09:20:35 @multi_evo_agent_runner.py:503] CRITICAL save best checkpoint with agent_0's rewards 561.64!
[20260602 09:20:35 @multi_evo_agent_runner.py:503] CRITICAL save best checkpoint with agent_1's rewards 614.51!
[20260602 09:20:36 @multi_evo_agent_runner.py:79] #------------------------ Iteration 312 --------------------------#
[20260602 09:20:52 @multi_evo_agent_runner.py:85] Sampling 50000 steps by 50 slaves, spending 16.13 s.
[20260602 09:21:21 @multi_evo_agent_runner.py:94] Policy update, spending: 29.17 s.
[20260602 09:21:23 @multi_evo_agent_runner.py:99] Evaluation time: 2.25 s.
[20260602 09:21:23 @multi_evo_agent_runner.py:105] Total time:     247.18 min
[20260602 09:21:23 @multi_evo_agent_runner.py:115] Agent_0 gets eval reward: 131.54.
[20260602 09:21:23 @multi_evo_agent_runner.py:116] Agent_0 gets win rate: 0.39.
[20260602 09:21:23 @multi_evo_agent_runner.py:115] Agent_1 gets eval reward: 641.51.
[20260602 09:21:23 @multi_evo_agent_runner.py:116] Agent_1 gets win rate: 0.41.
[20260602 09:21:23 @multi_evo_agent_runner.py:503] CRITICAL save best checkpoint with agent_1's rewards 641.51!
[20260602 09:21:23 @multi_evo_agent_runner.py:79] #------------------------ Iteration 313 --------------------------#
[20260602 09:21:40 @multi_evo_agent_runner.py:85] Sampling 50000 steps by 50 slaves, spending 16.20 s.
[20260602 09:22:09 @multi_evo_agent_runner.py:94] Policy update, spending: 29.06 s.
[20260602 09:22:11 @multi_evo_agent_runner.py:99] Evaluation time: 2.00 s.
[20260602 09:22:11 @multi_evo_agent_runner.py:105] Total time:     247.97 min
[20260602 09:22:11 @multi_evo_agent_runner.py:115] Agent_0 gets eval reward: 678.15.
[20260602 09:22:11 @multi_evo_agent_runner.py:116] Agent_0 gets win rate: 0.44.
[20260602 09:22:11 @multi_evo_agent_runner.py:115] Agent_1 gets eval reward: 275.00.
[20260602 09:22:11 @multi_evo_agent_runner.py:116] Agent_1 gets win rate: 0.33.
[20260602 09:22:11 @multi_evo_agent_runner.py:503] CRITICAL save best checkpoint with agent_0's rewards 678.15!
[20260602 09:22:11 @multi_evo_agent_runner.py:79] #------------------------ Iteration 314 --------------------------#
[20260602 09:22:27 @multi_evo_agent_runner.py:85] Sampling 50000 steps by 50 slaves, spending 16.11 s.
[20260602 09:22:56 @multi_evo_agent_runner.py:94] Policy update, spending: 29.30 s.
[20260602 09:22:59 @multi_evo_agent_runner.py:99] Evaluation time: 2.38 s.
[20260602 09:22:59 @multi_evo_agent_runner.py:105] Total time:     248.77 min
[20260602 09:22:59 @multi_evo_agent_runner.py:115] Agent_0 gets eval reward: 50.52.
[20260602 09:22:59 @multi_evo_agent_runner.py:116] Agent_0 gets win rate: 0.22.
[20260602 09:22:59 @multi_evo_agent_runner.py:115] Agent_1 gets eval reward: 755.18.
[20260602 09:22:59 @multi_evo_agent_runner.py:116] Agent_1 gets win rate: 0.53.
[20260602 09:22:59 @multi_evo_agent_runner.py:503] CRITICAL save best checkpoint with agent_1's rewards 755.18!
[20260602 09:22:59 @multi_evo_agent_runner.py:79] #------------------------ Iteration 315 --------------------------#
[20260602 09:23:15 @multi_evo_agent_runner.py:85] Sampling 50000 steps by 50 slaves, spending 16.13 s.
[20260602 09:23:44 @multi_evo_agent_runner.py:94] Policy update, spending: 28.79 s.
[20260602 09:23:46 @multi_evo_agent_runner.py:99] Evaluation time: 2.42 s.
[20260602 09:23:46 @multi_evo_agent_runner.py:105] Total time:     249.56 min
[20260602 09:23:47 @multi_evo_agent_runner.py:115] Agent_0 gets eval reward: 136.18.
[20260602 09:23:47 @multi_evo_agent_runner.py:116] Agent_0 gets win rate: 0.25.
[20260602 09:23:47 @multi_evo_agent_runner.py:115] Agent_1 gets eval reward: 1118.28.
[20260602 09:23:47 @multi_evo_agent_runner.py:116] Agent_1 gets win rate: 0.39.
[20260602 09:23:47 @multi_evo_agent_runner.py:503] CRITICAL save best checkpoint with agent_1's rewards 1118.28!
[20260602 09:23:47 @multi_evo_agent_runner.py:79] #------------------------ Iteration 316 --------------------------#
[20260602 09:24:04 @multi_evo_agent_runner.py:85] Sampling 50000 steps by 50 slaves, spending 17.34 s.
[20260602 09:24:34 @multi_evo_agent_runner.py:94] Policy update, spending: 30.14 s.
[20260602 09:24:36 @multi_evo_agent_runner.py:99] Evaluation time: 2.20 s.
[20260602 09:24:36 @multi_evo_agent_runner.py:105] Total time:     250.39 min
[20260602 09:24:36 @multi_evo_agent_runner.py:115] Agent_0 gets eval reward: 708.83.
[20260602 09:24:36 @multi_evo_agent_runner.py:116] Agent_0 gets win rate: 0.41.
[20260602 09:24:36 @multi_evo_agent_runner.py:115] Agent_1 gets eval reward: 857.35.
[20260602 09:24:36 @multi_evo_agent_runner.py:116] Agent_1 gets win rate: 0.21.
[20260602 09:24:36 @multi_evo_agent_runner.py:503] CRITICAL save best checkpoint with agent_0's rewards 708.83!
[20260602 09:24:37 @multi_evo_agent_runner.py:79] #------------------------ Iteration 317 --------------------------#
[20260602 09:24:54 @multi_evo_agent_runner.py:85] Sampling 50000 steps by 50 slaves, spending 17.20 s.
[20260602 09:25:24 @multi_evo_agent_runner.py:94] Policy update, spending: 30.26 s.
[20260602 09:25:26 @multi_evo_agent_runner.py:99] Evaluation time: 2.28 s.
[20260602 09:25:26 @multi_evo_agent_runner.py:105] Total time:     251.23 min
[20260602 09:25:26 @multi_evo_agent_runner.py:115] Agent_0 gets eval reward: 230.59.
[20260602 09:25:26 @multi_evo_agent_runner.py:116] Agent_0 gets win rate: 0.43.
[20260602 09:25:26 @multi_evo_agent_runner.py:115] Agent_1 gets eval reward: 939.18.
[20260602 09:25:26 @multi_evo_agent_runner.py:116] Agent_1 gets win rate: 0.37.
[20260602 09:25:26 @multi_evo_agent_runner.py:503] CRITICAL save best checkpoint with agent_0's rewards 230.59!
[20260602 09:25:27 @multi_evo_agent_runner.py:79] #------------------------ Iteration 318 --------------------------#
[20260602 09:25:43 @multi_evo_agent_runner.py:85] Sampling 50000 steps by 50 slaves, spending 16.48 s.
[20260602 09:26:13 @multi_evo_agent_runner.py:94] Policy update, spending: 30.24 s.
[20260602 09:26:15 @multi_evo_agent_runner.py:99] Evaluation time: 2.19 s.
[20260602 09:26:15 @multi_evo_agent_runner.py:105] Total time:     252.05 min
[20260602 09:26:16 @multi_evo_agent_runner.py:115] Agent_0 gets eval reward: 812.59.
[20260602 09:26:16 @multi_evo_agent_runner.py:116] Agent_0 gets win rate: 0.47.
[20260602 09:26:16 @multi_evo_agent_runner.py:115] Agent_1 gets eval reward: 655.56.
[20260602 09:26:16 @multi_evo_agent_runner.py:116] Agent_1 gets win rate: 0.35.
[20260602 09:26:16 @multi_evo_agent_runner.py:503] CRITICAL save best checkpoint with agent_0's rewards 812.59!
[20260602 09:26:16 @multi_evo_agent_runner.py:79] #------------------------ Iteration 319 --------------------------#
[20260602 09:26:32 @multi_evo_agent_runner.py:85] Sampling 50000 steps by 50 slaves, spending 16.31 s.
[20260602 09:27:02 @multi_evo_agent_runner.py:94] Policy update, spending: 29.52 s.
[20260602 09:27:04 @multi_evo_agent_runner.py:99] Evaluation time: 2.29 s.
[20260602 09:27:04 @multi_evo_agent_runner.py:105] Total time:     252.85 min
[20260602 09:27:04 @multi_evo_agent_runner.py:115] Agent_0 gets eval reward: 139.03.
[20260602 09:27:04 @multi_evo_agent_runner.py:116] Agent_0 gets win rate: 0.27.
[20260602 09:27:04 @multi_evo_agent_runner.py:115] Agent_1 gets eval reward: 603.93.
[20260602 09:27:04 @multi_evo_agent_runner.py:116] Agent_1 gets win rate: 0.49.
[20260602 09:27:04 @multi_evo_agent_runner.py:503] CRITICAL save best checkpoint with agent_1's rewards 603.93!
[20260602 09:27:04 @multi_evo_agent_runner.py:79] #------------------------ Iteration 320 --------------------------#
[20260602 09:27:20 @multi_evo_agent_runner.py:85] Sampling 50000 steps by 50 slaves, spending 16.04 s.
[20260602 09:27:50 @multi_evo_agent_runner.py:94] Policy update, spending: 29.57 s.
[20260602 09:27:52 @multi_evo_agent_runner.py:99] Evaluation time: 2.16 s.
[20260602 09:27:52 @multi_evo_agent_runner.py:105] Total time:     253.66 min
[20260602 09:27:52 @multi_evo_agent_runner.py:115] Agent_0 gets eval reward: 439.76.
[20260602 09:27:52 @multi_evo_agent_runner.py:116] Agent_0 gets win rate: 0.54.
[20260602 09:27:52 @multi_evo_agent_runner.py:115] Agent_1 gets eval reward: 271.89.
[20260602 09:27:52 @multi_evo_agent_runner.py:116] Agent_1 gets win rate: 0.24.
[20260602 09:27:52 @multi_evo_agent_runner.py:503] CRITICAL save best checkpoint with agent_0's rewards 439.76!
[20260602 09:27:52 @multi_evo_agent_runner.py:79] #------------------------ Iteration 321 --------------------------#
[20260602 09:28:09 @multi_evo_agent_runner.py:85] Sampling 50000 steps by 50 slaves, spending 17.13 s.
[20260602 09:28:39 @multi_evo_agent_runner.py:94] Policy update, spending: 29.72 s.
[20260602 09:28:41 @multi_evo_agent_runner.py:99] Evaluation time: 2.38 s.
[20260602 09:28:41 @multi_evo_agent_runner.py:105] Total time:     254.48 min
[20260602 09:28:42 @multi_evo_agent_runner.py:115] Agent_0 gets eval reward: 391.22.
[20260602 09:28:42 @multi_evo_agent_runner.py:116] Agent_0 gets win rate: 0.44.
[20260602 09:28:42 @multi_evo_agent_runner.py:115] Agent_1 gets eval reward: 577.62.
[20260602 09:28:42 @multi_evo_agent_runner.py:116] Agent_1 gets win rate: 0.23.
[20260602 09:28:42 @multi_evo_agent_runner.py:79] #------------------------ Iteration 322 --------------------------#
[20260602 09:28:58 @multi_evo_agent_runner.py:85] Sampling 50000 steps by 50 slaves, spending 16.67 s.
[20260602 09:29:28 @multi_evo_agent_runner.py:94] Policy update, spending: 29.77 s.
[20260602 09:29:31 @multi_evo_agent_runner.py:99] Evaluation time: 2.61 s.
[20260602 09:29:31 @multi_evo_agent_runner.py:105] Total time:     255.30 min
[20260602 09:29:31 @multi_evo_agent_runner.py:115] Agent_0 gets eval reward: 213.53.
[20260602 09:29:31 @multi_evo_agent_runner.py:116] Agent_0 gets win rate: 0.32.
[20260602 09:29:31 @multi_evo_agent_runner.py:115] Agent_1 gets eval reward: 692.82.
[20260602 09:29:31 @multi_evo_agent_runner.py:116] Agent_1 gets win rate: 0.54.
[20260602 09:29:31 @multi_evo_agent_runner.py:503] CRITICAL save best checkpoint with agent_1's rewards 692.82!
[20260602 09:29:31 @multi_evo_agent_runner.py:79] #------------------------ Iteration 323 --------------------------#
[20260602 09:29:48 @multi_evo_agent_runner.py:85] Sampling 50000 steps by 50 slaves, spending 17.04 s.
[20260602 09:30:18 @multi_evo_agent_runner.py:94] Policy update, spending: 30.25 s.
[20260602 09:30:20 @multi_evo_agent_runner.py:99] Evaluation time: 2.04 s.
[20260602 09:30:20 @multi_evo_agent_runner.py:105] Total time:     256.13 min
[20260602 09:30:21 @multi_evo_agent_runner.py:115] Agent_0 gets eval reward: 425.06.
[20260602 09:30:21 @multi_evo_agent_runner.py:116] Agent_0 gets win rate: 0.35.
[20260602 09:30:21 @multi_evo_agent_runner.py:115] Agent_1 gets eval reward: 650.78.
[20260602 09:30:21 @multi_evo_agent_runner.py:116] Agent_1 gets win rate: 0.45.
[20260602 09:30:21 @multi_evo_agent_runner.py:79] #------------------------ Iteration 324 --------------------------#
[20260602 09:30:37 @multi_evo_agent_runner.py:85] Sampling 50000 steps by 50 slaves, spending 16.43 s.
[20260602 09:31:07 @multi_evo_agent_runner.py:94] Policy update, spending: 30.17 s.
[20260602 09:31:09 @multi_evo_agent_runner.py:99] Evaluation time: 1.94 s.
[20260602 09:31:09 @multi_evo_agent_runner.py:105] Total time:     256.94 min
[20260602 09:31:09 @multi_evo_agent_runner.py:115] Agent_0 gets eval reward: 342.08.
[20260602 09:31:09 @multi_evo_agent_runner.py:116] Agent_0 gets win rate: 0.24.
[20260602 09:31:09 @multi_evo_agent_runner.py:115] Agent_1 gets eval reward: 538.91.
[20260602 09:31:09 @multi_evo_agent_runner.py:116] Agent_1 gets win rate: 0.45.
[20260602 09:31:09 @multi_evo_agent_runner.py:79] #------------------------ Iteration 325 --------------------------#
[20260602 09:31:26 @multi_evo_agent_runner.py:85] Sampling 50000 steps by 50 slaves, spending 16.63 s.
[20260602 09:31:56 @multi_evo_agent_runner.py:94] Policy update, spending: 29.38 s.
[20260602 09:31:58 @multi_evo_agent_runner.py:99] Evaluation time: 2.25 s.
[20260602 09:31:58 @multi_evo_agent_runner.py:105] Total time:     257.75 min
[20260602 09:31:58 @multi_evo_agent_runner.py:115] Agent_0 gets eval reward: 747.97.
[20260602 09:31:58 @multi_evo_agent_runner.py:116] Agent_0 gets win rate: 0.57.
[20260602 09:31:58 @multi_evo_agent_runner.py:115] Agent_1 gets eval reward: 214.44.
[20260602 09:31:58 @multi_evo_agent_runner.py:116] Agent_1 gets win rate: 0.26.
[20260602 09:31:58 @multi_evo_agent_runner.py:503] CRITICAL save best checkpoint with agent_0's rewards 747.97!
[20260602 09:31:58 @multi_evo_agent_runner.py:79] #------------------------ Iteration 326 --------------------------#
[20260602 09:32:15 @multi_evo_agent_runner.py:85] Sampling 50000 steps by 50 slaves, spending 17.30 s.
[20260602 09:32:45 @multi_evo_agent_runner.py:94] Policy update, spending: 29.84 s.
[20260602 09:32:47 @multi_evo_agent_runner.py:99] Evaluation time: 2.32 s.
[20260602 09:32:47 @multi_evo_agent_runner.py:105] Total time:     258.58 min
[20260602 09:32:48 @multi_evo_agent_runner.py:115] Agent_0 gets eval reward: 336.25.
[20260602 09:32:48 @multi_evo_agent_runner.py:116] Agent_0 gets win rate: 0.33.
[20260602 09:32:48 @multi_evo_agent_runner.py:115] Agent_1 gets eval reward: 360.55.
[20260602 09:32:48 @multi_evo_agent_runner.py:116] Agent_1 gets win rate: 0.44.
[20260602 09:32:48 @multi_evo_agent_runner.py:79] #------------------------ Iteration 327 --------------------------#
[20260602 09:33:04 @multi_evo_agent_runner.py:85] Sampling 50000 steps by 50 slaves, spending 16.19 s.
[20260602 09:33:34 @multi_evo_agent_runner.py:94] Policy update, spending: 30.15 s.
[20260602 09:33:36 @multi_evo_agent_runner.py:99] Evaluation time: 2.29 s.
[20260602 09:33:36 @multi_evo_agent_runner.py:105] Total time:     259.40 min
[20260602 09:33:37 @multi_evo_agent_runner.py:115] Agent_0 gets eval reward: 350.08.
[20260602 09:33:37 @multi_evo_agent_runner.py:116] Agent_0 gets win rate: 0.28.
[20260602 09:33:37 @multi_evo_agent_runner.py:115] Agent_1 gets eval reward: 618.91.
[20260602 09:33:37 @multi_evo_agent_runner.py:116] Agent_1 gets win rate: 0.52.
[20260602 09:33:37 @multi_evo_agent_runner.py:79] #------------------------ Iteration 328 --------------------------#
[20260602 09:33:53 @multi_evo_agent_runner.py:85] Sampling 50000 steps by 50 slaves, spending 15.90 s.
[20260602 09:34:22 @multi_evo_agent_runner.py:94] Policy update, spending: 29.07 s.
[20260602 09:34:24 @multi_evo_agent_runner.py:99] Evaluation time: 2.58 s.
[20260602 09:34:24 @multi_evo_agent_runner.py:105] Total time:     260.19 min
[20260602 09:34:24 @multi_evo_agent_runner.py:115] Agent_0 gets eval reward: 470.52.
[20260602 09:34:24 @multi_evo_agent_runner.py:116] Agent_0 gets win rate: 0.29.
[20260602 09:34:24 @multi_evo_agent_runner.py:115] Agent_1 gets eval reward: 508.83.
[20260602 09:34:24 @multi_evo_agent_runner.py:116] Agent_1 gets win rate: 0.43.
[20260602 09:34:24 @multi_evo_agent_runner.py:79] #------------------------ Iteration 329 --------------------------#
[20260602 09:34:41 @multi_evo_agent_runner.py:85] Sampling 50000 steps by 50 slaves, spending 16.56 s.
[20260602 09:35:11 @multi_evo_agent_runner.py:94] Policy update, spending: 29.62 s.
[20260602 09:35:13 @multi_evo_agent_runner.py:99] Evaluation time: 2.20 s.
[20260602 09:35:13 @multi_evo_agent_runner.py:105] Total time:     261.00 min
[20260602 09:35:13 @multi_evo_agent_runner.py:115] Agent_0 gets eval reward: 860.92.
[20260602 09:35:13 @multi_evo_agent_runner.py:116] Agent_0 gets win rate: 0.41.
[20260602 09:35:13 @multi_evo_agent_runner.py:115] Agent_1 gets eval reward: 539.54.
[20260602 09:35:13 @multi_evo_agent_runner.py:116] Agent_1 gets win rate: 0.28.
[20260602 09:35:13 @multi_evo_agent_runner.py:503] CRITICAL save best checkpoint with agent_0's rewards 860.92!
[20260602 09:35:13 @multi_evo_agent_runner.py:79] #------------------------ Iteration 330 --------------------------#
[20260602 09:35:30 @multi_evo_agent_runner.py:85] Sampling 50000 steps by 50 slaves, spending 16.57 s.
[20260602 09:36:00 @multi_evo_agent_runner.py:94] Policy update, spending: 29.87 s.
[20260602 09:36:02 @multi_evo_agent_runner.py:99] Evaluation time: 2.22 s.
[20260602 09:36:02 @multi_evo_agent_runner.py:105] Total time:     261.82 min
[20260602 09:36:02 @multi_evo_agent_runner.py:115] Agent_0 gets eval reward: 600.66.
[20260602 09:36:02 @multi_evo_agent_runner.py:116] Agent_0 gets win rate: 0.36.
[20260602 09:36:02 @multi_evo_agent_runner.py:115] Agent_1 gets eval reward: 576.62.
[20260602 09:36:02 @multi_evo_agent_runner.py:116] Agent_1 gets win rate: 0.45.
[20260602 09:36:02 @multi_evo_agent_runner.py:79] #------------------------ Iteration 331 --------------------------#
[20260602 09:36:19 @multi_evo_agent_runner.py:85] Sampling 50000 steps by 50 slaves, spending 17.04 s.
[20260602 09:36:49 @multi_evo_agent_runner.py:94] Policy update, spending: 30.19 s.
[20260602 09:36:52 @multi_evo_agent_runner.py:99] Evaluation time: 2.30 s.
[20260602 09:36:52 @multi_evo_agent_runner.py:105] Total time:     262.65 min
[20260602 09:36:52 @multi_evo_agent_runner.py:115] Agent_0 gets eval reward: 466.49.
[20260602 09:36:52 @multi_evo_agent_runner.py:116] Agent_0 gets win rate: 0.38.
[20260602 09:36:52 @multi_evo_agent_runner.py:115] Agent_1 gets eval reward: 669.93.
[20260602 09:36:52 @multi_evo_agent_runner.py:116] Agent_1 gets win rate: 0.34.
[20260602 09:36:52 @multi_evo_agent_runner.py:79] #------------------------ Iteration 332 --------------------------#
[20260602 09:37:09 @multi_evo_agent_runner.py:85] Sampling 50000 steps by 50 slaves, spending 16.70 s.
[20260602 09:37:39 @multi_evo_agent_runner.py:94] Policy update, spending: 30.22 s.
[20260602 09:37:41 @multi_evo_agent_runner.py:99] Evaluation time: 2.17 s.
[20260602 09:37:41 @multi_evo_agent_runner.py:105] Total time:     263.47 min
[20260602 09:37:41 @multi_evo_agent_runner.py:115] Agent_0 gets eval reward: 234.35.
[20260602 09:37:41 @multi_evo_agent_runner.py:116] Agent_0 gets win rate: 0.27.
[20260602 09:37:41 @multi_evo_agent_runner.py:115] Agent_1 gets eval reward: 447.35.
[20260602 09:37:41 @multi_evo_agent_runner.py:116] Agent_1 gets win rate: 0.35.
[20260602 09:37:41 @multi_evo_agent_runner.py:79] #------------------------ Iteration 333 --------------------------#
[20260602 09:37:58 @multi_evo_agent_runner.py:85] Sampling 50000 steps by 50 slaves, spending 17.10 s.
[20260602 09:38:29 @multi_evo_agent_runner.py:94] Policy update, spending: 30.49 s.
[20260602 09:38:31 @multi_evo_agent_runner.py:99] Evaluation time: 2.14 s.
[20260602 09:38:31 @multi_evo_agent_runner.py:105] Total time:     264.31 min
[20260602 09:38:31 @multi_evo_agent_runner.py:115] Agent_0 gets eval reward: 396.86.
[20260602 09:38:31 @multi_evo_agent_runner.py:116] Agent_0 gets win rate: 0.38.
[20260602 09:38:31 @multi_evo_agent_runner.py:115] Agent_1 gets eval reward: 897.90.
[20260602 09:38:31 @multi_evo_agent_runner.py:116] Agent_1 gets win rate: 0.43.
[20260602 09:38:31 @multi_evo_agent_runner.py:503] CRITICAL save best checkpoint with agent_1's rewards 897.90!
[20260602 09:38:31 @multi_evo_agent_runner.py:79] #------------------------ Iteration 334 --------------------------#
[20260602 09:38:48 @multi_evo_agent_runner.py:85] Sampling 50000 steps by 50 slaves, spending 16.80 s.
[20260602 09:39:18 @multi_evo_agent_runner.py:94] Policy update, spending: 30.20 s.
[20260602 09:39:20 @multi_evo_agent_runner.py:99] Evaluation time: 2.10 s.
[20260602 09:39:20 @multi_evo_agent_runner.py:105] Total time:     265.13 min
[20260602 09:39:20 @multi_evo_agent_runner.py:115] Agent_0 gets eval reward: 50.19.
[20260602 09:39:20 @multi_evo_agent_runner.py:116] Agent_0 gets win rate: 0.39.
[20260602 09:39:20 @multi_evo_agent_runner.py:115] Agent_1 gets eval reward: 597.33.
[20260602 09:39:20 @multi_evo_agent_runner.py:116] Agent_1 gets win rate: 0.39.
[20260602 09:39:21 @multi_evo_agent_runner.py:79] #------------------------ Iteration 335 --------------------------#
[20260602 09:39:37 @multi_evo_agent_runner.py:85] Sampling 50000 steps by 50 slaves, spending 16.47 s.
[20260602 09:40:06 @multi_evo_agent_runner.py:94] Policy update, spending: 28.84 s.
[20260602 09:40:08 @multi_evo_agent_runner.py:99] Evaluation time: 2.55 s.
[20260602 09:40:08 @multi_evo_agent_runner.py:105] Total time:     265.93 min
[20260602 09:40:09 @multi_evo_agent_runner.py:115] Agent_0 gets eval reward: 555.78.
[20260602 09:40:09 @multi_evo_agent_runner.py:116] Agent_0 gets win rate: 0.40.
[20260602 09:40:09 @multi_evo_agent_runner.py:115] Agent_1 gets eval reward: 436.90.
[20260602 09:40:09 @multi_evo_agent_runner.py:116] Agent_1 gets win rate: 0.30.
[20260602 09:40:09 @multi_evo_agent_runner.py:79] #------------------------ Iteration 336 --------------------------#
[20260602 09:40:25 @multi_evo_agent_runner.py:85] Sampling 50000 steps by 50 slaves, spending 16.36 s.
[20260602 09:40:55 @multi_evo_agent_runner.py:94] Policy update, spending: 30.35 s.
[20260602 09:40:57 @multi_evo_agent_runner.py:99] Evaluation time: 1.98 s.
[20260602 09:40:57 @multi_evo_agent_runner.py:105] Total time:     266.75 min
[20260602 09:40:58 @multi_evo_agent_runner.py:115] Agent_0 gets eval reward: 341.36.
[20260602 09:40:58 @multi_evo_agent_runner.py:116] Agent_0 gets win rate: 0.27.
[20260602 09:40:58 @multi_evo_agent_runner.py:115] Agent_1 gets eval reward: 855.99.
[20260602 09:40:58 @multi_evo_agent_runner.py:116] Agent_1 gets win rate: 0.15.
[20260602 09:40:58 @multi_evo_agent_runner.py:79] #------------------------ Iteration 337 --------------------------#
[20260602 09:41:14 @multi_evo_agent_runner.py:85] Sampling 50000 steps by 50 slaves, spending 16.63 s.
[20260602 09:41:45 @multi_evo_agent_runner.py:94] Policy update, spending: 30.53 s.
[20260602 09:41:47 @multi_evo_agent_runner.py:99] Evaluation time: 2.16 s.
[20260602 09:41:47 @multi_evo_agent_runner.py:105] Total time:     267.57 min
[20260602 09:41:47 @multi_evo_agent_runner.py:115] Agent_0 gets eval reward: 523.92.
[20260602 09:41:47 @multi_evo_agent_runner.py:116] Agent_0 gets win rate: 0.40.
[20260602 09:41:47 @multi_evo_agent_runner.py:115] Agent_1 gets eval reward: 475.50.
[20260602 09:41:47 @multi_evo_agent_runner.py:116] Agent_1 gets win rate: 0.35.
[20260602 09:41:47 @multi_evo_agent_runner.py:79] #------------------------ Iteration 338 --------------------------#
[20260602 09:42:03 @multi_evo_agent_runner.py:85] Sampling 50000 steps by 50 slaves, spending 15.66 s.
[20260602 09:42:31 @multi_evo_agent_runner.py:94] Policy update, spending: 28.23 s.
[20260602 09:42:33 @multi_evo_agent_runner.py:99] Evaluation time: 2.21 s.
[20260602 09:42:33 @multi_evo_agent_runner.py:105] Total time:     268.35 min
[20260602 09:42:34 @multi_evo_agent_runner.py:115] Agent_0 gets eval reward: 106.65.
[20260602 09:42:34 @multi_evo_agent_runner.py:116] Agent_0 gets win rate: 0.33.
[20260602 09:42:34 @multi_evo_agent_runner.py:115] Agent_1 gets eval reward: 744.74.
[20260602 09:42:34 @multi_evo_agent_runner.py:116] Agent_1 gets win rate: 0.31.
[20260602 09:42:34 @multi_evo_agent_runner.py:79] #------------------------ Iteration 339 --------------------------#
[20260602 09:42:51 @multi_evo_agent_runner.py:85] Sampling 50000 steps by 50 slaves, spending 16.93 s.
[20260602 09:43:20 @multi_evo_agent_runner.py:94] Policy update, spending: 29.33 s.
[20260602 09:43:22 @multi_evo_agent_runner.py:99] Evaluation time: 2.44 s.
[20260602 09:43:22 @multi_evo_agent_runner.py:105] Total time:     269.16 min
[20260602 09:43:22 @multi_evo_agent_runner.py:115] Agent_0 gets eval reward: 421.64.
[20260602 09:43:22 @multi_evo_agent_runner.py:116] Agent_0 gets win rate: 0.27.
[20260602 09:43:22 @multi_evo_agent_runner.py:115] Agent_1 gets eval reward: 874.47.
[20260602 09:43:22 @multi_evo_agent_runner.py:116] Agent_1 gets win rate: 0.23.
[20260602 09:43:23 @multi_evo_agent_runner.py:79] #------------------------ Iteration 340 --------------------------#
[20260602 09:43:39 @multi_evo_agent_runner.py:85] Sampling 50000 steps by 50 slaves, spending 16.64 s.
[20260602 09:44:09 @multi_evo_agent_runner.py:94] Policy update, spending: 30.07 s.
[20260602 09:44:12 @multi_evo_agent_runner.py:99] Evaluation time: 2.35 s.
[20260602 09:44:12 @multi_evo_agent_runner.py:105] Total time:     269.98 min
[20260602 09:44:12 @multi_evo_agent_runner.py:115] Agent_0 gets eval reward: 574.46.
[20260602 09:44:12 @multi_evo_agent_runner.py:116] Agent_0 gets win rate: 0.32.
[20260602 09:44:12 @multi_evo_agent_runner.py:115] Agent_1 gets eval reward: 450.85.
[20260602 09:44:12 @multi_evo_agent_runner.py:116] Agent_1 gets win rate: 0.34.
[20260602 09:44:12 @multi_evo_agent_runner.py:79] #------------------------ Iteration 341 --------------------------#
[20260602 09:44:29 @multi_evo_agent_runner.py:85] Sampling 50000 steps by 50 slaves, spending 16.68 s.
[20260602 09:44:59 @multi_evo_agent_runner.py:94] Policy update, spending: 30.23 s.
[20260602 09:45:01 @multi_evo_agent_runner.py:99] Evaluation time: 2.24 s.
[20260602 09:45:01 @multi_evo_agent_runner.py:105] Total time:     270.81 min
[20260602 09:45:01 @multi_evo_agent_runner.py:115] Agent_0 gets eval reward: 369.69.
[20260602 09:45:01 @multi_evo_agent_runner.py:116] Agent_0 gets win rate: 0.31.
[20260602 09:45:01 @multi_evo_agent_runner.py:115] Agent_1 gets eval reward: 791.88.
[20260602 09:45:01 @multi_evo_agent_runner.py:116] Agent_1 gets win rate: 0.36.
[20260602 09:45:01 @multi_evo_agent_runner.py:79] #------------------------ Iteration 342 --------------------------#
[20260602 09:45:18 @multi_evo_agent_runner.py:85] Sampling 50000 steps by 50 slaves, spending 16.71 s.
[20260602 09:45:48 @multi_evo_agent_runner.py:94] Policy update, spending: 30.26 s.
[20260602 09:45:50 @multi_evo_agent_runner.py:99] Evaluation time: 1.95 s.
[20260602 09:45:50 @multi_evo_agent_runner.py:105] Total time:     271.63 min
[20260602 09:45:50 @multi_evo_agent_runner.py:115] Agent_0 gets eval reward: 912.47.
[20260602 09:45:50 @multi_evo_agent_runner.py:116] Agent_0 gets win rate: 0.52.
[20260602 09:45:50 @multi_evo_agent_runner.py:115] Agent_1 gets eval reward: 746.95.
[20260602 09:45:50 @multi_evo_agent_runner.py:116] Agent_1 gets win rate: 0.10.
[20260602 09:45:50 @multi_evo_agent_runner.py:503] CRITICAL save best checkpoint with agent_0's rewards 912.47!
[20260602 09:45:51 @multi_evo_agent_runner.py:79] #------------------------ Iteration 343 --------------------------#
[20260602 09:46:07 @multi_evo_agent_runner.py:85] Sampling 50000 steps by 50 slaves, spending 16.17 s.
[20260602 09:46:36 @multi_evo_agent_runner.py:94] Policy update, spending: 29.01 s.
[20260602 09:46:38 @multi_evo_agent_runner.py:99] Evaluation time: 2.34 s.
[20260602 09:46:38 @multi_evo_agent_runner.py:105] Total time:     272.42 min
[20260602 09:46:38 @multi_evo_agent_runner.py:115] Agent_0 gets eval reward: 481.35.
[20260602 09:46:38 @multi_evo_agent_runner.py:116] Agent_0 gets win rate: 0.33.
[20260602 09:46:38 @multi_evo_agent_runner.py:115] Agent_1 gets eval reward: 427.72.
[20260602 09:46:38 @multi_evo_agent_runner.py:116] Agent_1 gets win rate: 0.44.
[20260602 09:46:38 @multi_evo_agent_runner.py:503] CRITICAL save best checkpoint with agent_1's rewards 427.72!
[20260602 09:46:38 @multi_evo_agent_runner.py:79] #------------------------ Iteration 344 --------------------------#
[20260602 09:46:55 @multi_evo_agent_runner.py:85] Sampling 50000 steps by 50 slaves, spending 16.86 s.
[20260602 09:47:25 @multi_evo_agent_runner.py:94] Policy update, spending: 29.78 s.
[20260602 09:47:27 @multi_evo_agent_runner.py:99] Evaluation time: 2.34 s.
[20260602 09:47:27 @multi_evo_agent_runner.py:105] Total time:     273.24 min
[20260602 09:47:27 @multi_evo_agent_runner.py:115] Agent_0 gets eval reward: 171.61.
[20260602 09:47:27 @multi_evo_agent_runner.py:116] Agent_0 gets win rate: 0.43.
[20260602 09:47:27 @multi_evo_agent_runner.py:115] Agent_1 gets eval reward: 177.58.
[20260602 09:47:27 @multi_evo_agent_runner.py:116] Agent_1 gets win rate: 0.49.
[20260602 09:47:27 @multi_evo_agent_runner.py:503] CRITICAL save best checkpoint with agent_1's rewards 177.58!
[20260602 09:47:28 @multi_evo_agent_runner.py:79] #------------------------ Iteration 345 --------------------------#
[20260602 09:47:44 @multi_evo_agent_runner.py:85] Sampling 50000 steps by 50 slaves, spending 16.66 s.
[20260602 09:48:14 @multi_evo_agent_runner.py:94] Policy update, spending: 29.32 s.
[20260602 09:48:16 @multi_evo_agent_runner.py:99] Evaluation time: 1.99 s.
[20260602 09:48:16 @multi_evo_agent_runner.py:105] Total time:     274.05 min
[20260602 09:48:16 @multi_evo_agent_runner.py:115] Agent_0 gets eval reward: 191.46.
[20260602 09:48:16 @multi_evo_agent_runner.py:116] Agent_0 gets win rate: 0.12.
[20260602 09:48:16 @multi_evo_agent_runner.py:115] Agent_1 gets eval reward: 644.25.
[20260602 09:48:16 @multi_evo_agent_runner.py:116] Agent_1 gets win rate: 0.27.
[20260602 09:48:16 @multi_evo_agent_runner.py:503] CRITICAL save best checkpoint with agent_1's rewards 644.25!
[20260602 09:48:16 @multi_evo_agent_runner.py:79] #------------------------ Iteration 346 --------------------------#
[20260602 09:48:33 @multi_evo_agent_runner.py:85] Sampling 50000 steps by 50 slaves, spending 17.01 s.
[20260602 09:49:04 @multi_evo_agent_runner.py:94] Policy update, spending: 31.01 s.
[20260602 09:49:06 @multi_evo_agent_runner.py:99] Evaluation time: 2.23 s.
[20260602 09:49:06 @multi_evo_agent_runner.py:105] Total time:     274.89 min
[20260602 09:49:06 @multi_evo_agent_runner.py:115] Agent_0 gets eval reward: 298.05.
[20260602 09:49:06 @multi_evo_agent_runner.py:116] Agent_0 gets win rate: 0.37.
[20260602 09:49:06 @multi_evo_agent_runner.py:115] Agent_1 gets eval reward: 535.59.
[20260602 09:49:06 @multi_evo_agent_runner.py:116] Agent_1 gets win rate: 0.29.
[20260602 09:49:06 @multi_evo_agent_runner.py:503] CRITICAL save best checkpoint with agent_1's rewards 535.59!
[20260602 09:49:06 @multi_evo_agent_runner.py:79] #------------------------ Iteration 347 --------------------------#
[20260602 09:49:23 @multi_evo_agent_runner.py:85] Sampling 50000 steps by 50 slaves, spending 16.46 s.
[20260602 09:49:54 @multi_evo_agent_runner.py:94] Policy update, spending: 30.84 s.
[20260602 09:49:56 @multi_evo_agent_runner.py:99] Evaluation time: 2.13 s.
[20260602 09:49:56 @multi_evo_agent_runner.py:105] Total time:     275.72 min
[20260602 09:49:56 @multi_evo_agent_runner.py:115] Agent_0 gets eval reward: 774.99.
[20260602 09:49:56 @multi_evo_agent_runner.py:116] Agent_0 gets win rate: 0.47.
[20260602 09:49:56 @multi_evo_agent_runner.py:115] Agent_1 gets eval reward: 594.38.
[20260602 09:49:56 @multi_evo_agent_runner.py:116] Agent_1 gets win rate: 0.21.
[20260602 09:49:56 @multi_evo_agent_runner.py:503] CRITICAL save best checkpoint with agent_1's rewards 594.38!
[20260602 09:49:56 @multi_evo_agent_runner.py:79] #------------------------ Iteration 348 --------------------------#
[20260602 09:50:13 @multi_evo_agent_runner.py:85] Sampling 50000 steps by 50 slaves, spending 16.61 s.
[20260602 09:50:43 @multi_evo_agent_runner.py:94] Policy update, spending: 30.44 s.
[20260602 09:50:45 @multi_evo_agent_runner.py:99] Evaluation time: 2.02 s.
[20260602 09:50:45 @multi_evo_agent_runner.py:105] Total time:     276.54 min
[20260602 09:50:45 @multi_evo_agent_runner.py:115] Agent_0 gets eval reward: 855.24.
[20260602 09:50:45 @multi_evo_agent_runner.py:116] Agent_0 gets win rate: 0.31.
[20260602 09:50:45 @multi_evo_agent_runner.py:115] Agent_1 gets eval reward: 598.42.
[20260602 09:50:45 @multi_evo_agent_runner.py:116] Agent_1 gets win rate: 0.38.
[20260602 09:50:45 @multi_evo_agent_runner.py:503] CRITICAL save best checkpoint with agent_1's rewards 598.42!
[20260602 09:50:45 @multi_evo_agent_runner.py:79] #------------------------ Iteration 349 --------------------------#
[20260602 09:51:02 @multi_evo_agent_runner.py:85] Sampling 50000 steps by 50 slaves, spending 16.40 s.
[20260602 09:51:32 @multi_evo_agent_runner.py:94] Policy update, spending: 29.94 s.
[20260602 09:51:34 @multi_evo_agent_runner.py:99] Evaluation time: 2.07 s.
[20260602 09:51:34 @multi_evo_agent_runner.py:105] Total time:     277.35 min
[20260602 09:51:34 @multi_evo_agent_runner.py:115] Agent_0 gets eval reward: 678.17.
[20260602 09:51:34 @multi_evo_agent_runner.py:116] Agent_0 gets win rate: 0.45.
[20260602 09:51:34 @multi_evo_agent_runner.py:115] Agent_1 gets eval reward: 524.70.
[20260602 09:51:34 @multi_evo_agent_runner.py:116] Agent_1 gets win rate: 0.31.
[20260602 09:51:34 @multi_evo_agent_runner.py:79] #------------------------ Iteration 350 --------------------------#
[20260602 09:51:51 @multi_evo_agent_runner.py:85] Sampling 50000 steps by 50 slaves, spending 16.79 s.
[20260602 09:52:21 @multi_evo_agent_runner.py:94] Policy update, spending: 30.30 s.
[20260602 09:52:23 @multi_evo_agent_runner.py:99] Evaluation time: 2.20 s.
[20260602 09:52:23 @multi_evo_agent_runner.py:105] Total time:     278.18 min
[20260602 09:52:24 @multi_evo_agent_runner.py:115] Agent_0 gets eval reward: 162.29.
[20260602 09:52:24 @multi_evo_agent_runner.py:116] Agent_0 gets win rate: 0.43.
[20260602 09:52:24 @multi_evo_agent_runner.py:115] Agent_1 gets eval reward: 889.41.
[20260602 09:52:24 @multi_evo_agent_runner.py:116] Agent_1 gets win rate: 0.26.
[20260602 09:52:24 @multi_evo_agent_runner.py:503] CRITICAL save best checkpoint with agent_1's rewards 889.41!
[20260602 09:52:24 @multi_evo_agent_runner.py:79] #------------------------ Iteration 351 --------------------------#
[20260602 09:52:41 @multi_evo_agent_runner.py:85] Sampling 50000 steps by 50 slaves, spending 16.90 s.
[20260602 09:53:10 @multi_evo_agent_runner.py:94] Policy update, spending: 29.82 s.
[20260602 09:53:13 @multi_evo_agent_runner.py:99] Evaluation time: 2.43 s.
[20260602 09:53:13 @multi_evo_agent_runner.py:105] Total time:     279.00 min
[20260602 09:53:13 @multi_evo_agent_runner.py:115] Agent_0 gets eval reward: 826.18.
[20260602 09:53:13 @multi_evo_agent_runner.py:116] Agent_0 gets win rate: 0.51.
[20260602 09:53:13 @multi_evo_agent_runner.py:115] Agent_1 gets eval reward: 206.36.
[20260602 09:53:13 @multi_evo_agent_runner.py:116] Agent_1 gets win rate: 0.32.
[20260602 09:53:13 @multi_evo_agent_runner.py:503] CRITICAL save best checkpoint with agent_1's rewards 206.36!
[20260602 09:53:13 @multi_evo_agent_runner.py:79] #------------------------ Iteration 352 --------------------------#
[20260602 09:53:30 @multi_evo_agent_runner.py:85] Sampling 50000 steps by 50 slaves, spending 16.66 s.
[20260602 09:54:00 @multi_evo_agent_runner.py:94] Policy update, spending: 30.11 s.
[20260602 09:54:02 @multi_evo_agent_runner.py:99] Evaluation time: 2.00 s.
[20260602 09:54:02 @multi_evo_agent_runner.py:105] Total time:     279.82 min
[20260602 09:54:02 @multi_evo_agent_runner.py:115] Agent_0 gets eval reward: 121.80.
[20260602 09:54:02 @multi_evo_agent_runner.py:116] Agent_0 gets win rate: 0.27.
[20260602 09:54:02 @multi_evo_agent_runner.py:115] Agent_1 gets eval reward: 920.76.
[20260602 09:54:02 @multi_evo_agent_runner.py:116] Agent_1 gets win rate: 0.37.
[20260602 09:54:02 @multi_evo_agent_runner.py:503] CRITICAL save best checkpoint with agent_1's rewards 920.76!
[20260602 09:54:02 @multi_evo_agent_runner.py:79] #------------------------ Iteration 353 --------------------------#
[20260602 09:54:19 @multi_evo_agent_runner.py:85] Sampling 50000 steps by 50 slaves, spending 17.27 s.
[20260602 09:54:49 @multi_evo_agent_runner.py:94] Policy update, spending: 29.99 s.
[20260602 09:54:51 @multi_evo_agent_runner.py:99] Evaluation time: 1.95 s.
[20260602 09:54:51 @multi_evo_agent_runner.py:105] Total time:     280.64 min
[20260602 09:54:51 @multi_evo_agent_runner.py:115] Agent_0 gets eval reward: 458.37.
[20260602 09:54:51 @multi_evo_agent_runner.py:116] Agent_0 gets win rate: 0.52.
[20260602 09:54:51 @multi_evo_agent_runner.py:115] Agent_1 gets eval reward: 333.94.
[20260602 09:54:51 @multi_evo_agent_runner.py:116] Agent_1 gets win rate: 0.41.
[20260602 09:54:51 @multi_evo_agent_runner.py:503] CRITICAL save best checkpoint with agent_0's rewards 458.37!
[20260602 09:54:51 @multi_evo_agent_runner.py:503] CRITICAL save best checkpoint with agent_1's rewards 333.94!
[20260602 09:54:52 @multi_evo_agent_runner.py:79] #------------------------ Iteration 354 --------------------------#
[20260602 09:55:08 @multi_evo_agent_runner.py:85] Sampling 50000 steps by 50 slaves, spending 16.14 s.
[20260602 09:55:37 @multi_evo_agent_runner.py:94] Policy update, spending: 29.39 s.
[20260602 09:55:39 @multi_evo_agent_runner.py:99] Evaluation time: 2.37 s.
[20260602 09:55:39 @multi_evo_agent_runner.py:105] Total time:     281.45 min
[20260602 09:55:40 @multi_evo_agent_runner.py:115] Agent_0 gets eval reward: 544.72.
[20260602 09:55:40 @multi_evo_agent_runner.py:116] Agent_0 gets win rate: 0.34.
[20260602 09:55:40 @multi_evo_agent_runner.py:115] Agent_1 gets eval reward: 516.64.
[20260602 09:55:40 @multi_evo_agent_runner.py:116] Agent_1 gets win rate: 0.25.
[20260602 09:55:40 @multi_evo_agent_runner.py:503] CRITICAL save best checkpoint with agent_0's rewards 544.72!
[20260602 09:55:40 @multi_evo_agent_runner.py:503] CRITICAL save best checkpoint with agent_1's rewards 516.64!
[20260602 09:55:40 @multi_evo_agent_runner.py:79] #------------------------ Iteration 355 --------------------------#
[20260602 09:55:56 @multi_evo_agent_runner.py:85] Sampling 50000 steps by 50 slaves, spending 16.40 s.
[20260602 09:56:25 @multi_evo_agent_runner.py:94] Policy update, spending: 29.11 s.
[20260602 09:56:28 @multi_evo_agent_runner.py:99] Evaluation time: 2.39 s.
[20260602 09:56:28 @multi_evo_agent_runner.py:105] Total time:     282.25 min
[20260602 09:56:28 @multi_evo_agent_runner.py:115] Agent_0 gets eval reward: 485.26.
[20260602 09:56:28 @multi_evo_agent_runner.py:116] Agent_0 gets win rate: 0.45.
[20260602 09:56:28 @multi_evo_agent_runner.py:115] Agent_1 gets eval reward: 434.00.
[20260602 09:56:28 @multi_evo_agent_runner.py:116] Agent_1 gets win rate: 0.39.
[20260602 09:56:28 @multi_evo_agent_runner.py:503] CRITICAL save best checkpoint with agent_0's rewards 485.26!
[20260602 09:56:28 @multi_evo_agent_runner.py:503] CRITICAL save best checkpoint with agent_1's rewards 434.00!
[20260602 09:56:28 @multi_evo_agent_runner.py:79] #------------------------ Iteration 356 --------------------------#
[20260602 09:56:45 @multi_evo_agent_runner.py:85] Sampling 50000 steps by 50 slaves, spending 16.93 s.
[20260602 09:57:16 @multi_evo_agent_runner.py:94] Policy update, spending: 30.88 s.
[20260602 09:57:18 @multi_evo_agent_runner.py:99] Evaluation time: 1.98 s.
[20260602 09:57:18 @multi_evo_agent_runner.py:105] Total time:     283.08 min
[20260602 09:57:18 @multi_evo_agent_runner.py:115] Agent_0 gets eval reward: -203.14.
[20260602 09:57:18 @multi_evo_agent_runner.py:116] Agent_0 gets win rate: 0.18.
[20260602 09:57:18 @multi_evo_agent_runner.py:115] Agent_1 gets eval reward: 555.26.
[20260602 09:57:18 @multi_evo_agent_runner.py:116] Agent_1 gets win rate: 0.47.
[20260602 09:57:18 @multi_evo_agent_runner.py:503] CRITICAL save best checkpoint with agent_1's rewards 555.26!
[20260602 09:57:18 @multi_evo_agent_runner.py:79] #------------------------ Iteration 357 --------------------------#
[20260602 09:57:34 @multi_evo_agent_runner.py:85] Sampling 50000 steps by 50 slaves, spending 16.32 s.
[20260602 09:58:04 @multi_evo_agent_runner.py:94] Policy update, spending: 29.62 s.
[20260602 09:58:06 @multi_evo_agent_runner.py:99] Evaluation time: 2.13 s.
[20260602 09:58:06 @multi_evo_agent_runner.py:105] Total time:     283.89 min
[20260602 09:58:06 @multi_evo_agent_runner.py:115] Agent_0 gets eval reward: 357.60.
[20260602 09:58:06 @multi_evo_agent_runner.py:116] Agent_0 gets win rate: 0.18.
[20260602 09:58:06 @multi_evo_agent_runner.py:115] Agent_1 gets eval reward: 988.24.
[20260602 09:58:06 @multi_evo_agent_runner.py:116] Agent_1 gets win rate: 0.52.
[20260602 09:58:06 @multi_evo_agent_runner.py:503] CRITICAL save best checkpoint with agent_1's rewards 988.24!
[20260602 09:58:06 @multi_evo_agent_runner.py:79] #------------------------ Iteration 358 --------------------------#
[20260602 09:58:22 @multi_evo_agent_runner.py:85] Sampling 50000 steps by 50 slaves, spending 16.01 s.
[20260602 09:58:52 @multi_evo_agent_runner.py:94] Policy update, spending: 29.90 s.
[20260602 09:58:54 @multi_evo_agent_runner.py:99] Evaluation time: 2.15 s.
[20260602 09:58:54 @multi_evo_agent_runner.py:105] Total time:     284.70 min
[20260602 09:58:55 @multi_evo_agent_runner.py:115] Agent_0 gets eval reward: 772.29.
[20260602 09:58:55 @multi_evo_agent_runner.py:116] Agent_0 gets win rate: 0.33.
[20260602 09:58:55 @multi_evo_agent_runner.py:115] Agent_1 gets eval reward: 399.45.
[20260602 09:58:55 @multi_evo_agent_runner.py:116] Agent_1 gets win rate: 0.21.
[20260602 09:58:55 @multi_evo_agent_runner.py:503] CRITICAL save best checkpoint with agent_0's rewards 772.29!
[20260602 09:58:55 @multi_evo_agent_runner.py:79] #------------------------ Iteration 359 --------------------------#
[20260602 09:59:11 @multi_evo_agent_runner.py:85] Sampling 50000 steps by 50 slaves, spending 16.33 s.
[20260602 09:59:41 @multi_evo_agent_runner.py:94] Policy update, spending: 30.46 s.
[20260602 09:59:44 @multi_evo_agent_runner.py:99] Evaluation time: 2.53 s.
[20260602 09:59:44 @multi_evo_agent_runner.py:105] Total time:     285.52 min
[20260602 09:59:44 @multi_evo_agent_runner.py:115] Agent_0 gets eval reward: 422.43.
[20260602 09:59:44 @multi_evo_agent_runner.py:116] Agent_0 gets win rate: 0.41.
[20260602 09:59:44 @multi_evo_agent_runner.py:115] Agent_1 gets eval reward: 345.07.
[20260602 09:59:44 @multi_evo_agent_runner.py:116] Agent_1 gets win rate: 0.43.
[20260602 09:59:44 @multi_evo_agent_runner.py:503] CRITICAL save best checkpoint with agent_0's rewards 422.43!
[20260602 09:59:44 @multi_evo_agent_runner.py:79] #------------------------ Iteration 360 --------------------------#
[20260602 10:00:00 @multi_evo_agent_runner.py:85] Sampling 50000 steps by 50 slaves, spending 16.17 s.
[20260602 10:00:29 @multi_evo_agent_runner.py:94] Policy update, spending: 28.97 s.
[20260602 10:00:32 @multi_evo_agent_runner.py:99] Evaluation time: 2.16 s.
[20260602 10:00:32 @multi_evo_agent_runner.py:105] Total time:     286.32 min
[20260602 10:00:32 @multi_evo_agent_runner.py:115] Agent_0 gets eval reward: 503.28.
[20260602 10:00:32 @multi_evo_agent_runner.py:116] Agent_0 gets win rate: 0.45.
[20260602 10:00:32 @multi_evo_agent_runner.py:115] Agent_1 gets eval reward: 234.50.
[20260602 10:00:32 @multi_evo_agent_runner.py:116] Agent_1 gets win rate: 0.39.
[20260602 10:00:32 @multi_evo_agent_runner.py:503] CRITICAL save best checkpoint with agent_0's rewards 503.28!
[20260602 10:00:32 @multi_evo_agent_runner.py:79] #------------------------ Iteration 361 --------------------------#
[20260602 10:00:48 @multi_evo_agent_runner.py:85] Sampling 50000 steps by 50 slaves, spending 16.32 s.
[20260602 10:01:17 @multi_evo_agent_runner.py:94] Policy update, spending: 29.03 s.
[20260602 10:01:19 @multi_evo_agent_runner.py:99] Evaluation time: 2.04 s.
[20260602 10:01:19 @multi_evo_agent_runner.py:105] Total time:     287.11 min
[20260602 10:01:19 @multi_evo_agent_runner.py:115] Agent_0 gets eval reward: 398.37.
[20260602 10:01:19 @multi_evo_agent_runner.py:116] Agent_0 gets win rate: 0.33.
[20260602 10:01:19 @multi_evo_agent_runner.py:115] Agent_1 gets eval reward: 667.50.
[20260602 10:01:19 @multi_evo_agent_runner.py:116] Agent_1 gets win rate: 0.33.
[20260602 10:01:19 @multi_evo_agent_runner.py:79] #------------------------ Iteration 362 --------------------------#
[20260602 10:01:49 @multi_evo_agent_runner.py:85] Sampling 50000 steps by 50 slaves, spending 29.08 s.
[20260602 10:02:19 @multi_evo_agent_runner.py:94] Policy update, spending: 30.30 s.
[20260602 10:02:21 @multi_evo_agent_runner.py:99] Evaluation time: 2.42 s.
[20260602 10:02:21 @multi_evo_agent_runner.py:105] Total time:     288.14 min
[20260602 10:02:21 @multi_evo_agent_runner.py:115] Agent_0 gets eval reward: 539.07.
[20260602 10:02:21 @multi_evo_agent_runner.py:116] Agent_0 gets win rate: 0.37.
[20260602 10:02:21 @multi_evo_agent_runner.py:115] Agent_1 gets eval reward: 304.09.
[20260602 10:02:21 @multi_evo_agent_runner.py:116] Agent_1 gets win rate: 0.39.
[20260602 10:02:21 @multi_evo_agent_runner.py:503] CRITICAL save best checkpoint with agent_0's rewards 539.07!
[20260602 10:02:22 @multi_evo_agent_runner.py:79] #------------------------ Iteration 363 --------------------------#
[20260602 10:02:35 @multi_evo_agent_runner.py:85] Sampling 50000 steps by 50 slaves, spending 13.55 s.
[20260602 10:03:05 @multi_evo_agent_runner.py:94] Policy update, spending: 29.70 s.
[20260602 10:03:07 @multi_evo_agent_runner.py:99] Evaluation time: 1.97 s.
[20260602 10:03:07 @multi_evo_agent_runner.py:105] Total time:     288.90 min
[20260602 10:03:07 @multi_evo_agent_runner.py:115] Agent_0 gets eval reward: 412.72.
[20260602 10:03:07 @multi_evo_agent_runner.py:116] Agent_0 gets win rate: 0.40.
[20260602 10:03:07 @multi_evo_agent_runner.py:115] Agent_1 gets eval reward: 642.23.
[20260602 10:03:07 @multi_evo_agent_runner.py:116] Agent_1 gets win rate: 0.45.
[20260602 10:03:07 @multi_evo_agent_runner.py:503] CRITICAL save best checkpoint with agent_0's rewards 412.72!
[20260602 10:03:07 @multi_evo_agent_runner.py:79] #------------------------ Iteration 364 --------------------------#
[20260602 10:03:22 @multi_evo_agent_runner.py:85] Sampling 50000 steps by 50 slaves, spending 15.03 s.
[20260602 10:03:51 @multi_evo_agent_runner.py:94] Policy update, spending: 28.84 s.
[20260602 10:03:53 @multi_evo_agent_runner.py:99] Evaluation time: 2.34 s.
[20260602 10:03:53 @multi_evo_agent_runner.py:105] Total time:     289.68 min
[20260602 10:03:53 @multi_evo_agent_runner.py:115] Agent_0 gets eval reward: 511.63.
[20260602 10:03:53 @multi_evo_agent_runner.py:116] Agent_0 gets win rate: 0.38.
[20260602 10:03:53 @multi_evo_agent_runner.py:115] Agent_1 gets eval reward: 544.15.
[20260602 10:03:53 @multi_evo_agent_runner.py:116] Agent_1 gets win rate: 0.32.
[20260602 10:03:53 @multi_evo_agent_runner.py:503] CRITICAL save best checkpoint with agent_0's rewards 511.63!
[20260602 10:03:53 @multi_evo_agent_runner.py:79] #------------------------ Iteration 365 --------------------------#
[20260602 10:04:10 @multi_evo_agent_runner.py:85] Sampling 50000 steps by 50 slaves, spending 16.54 s.
[20260602 10:04:40 @multi_evo_agent_runner.py:94] Policy update, spending: 30.44 s.
[20260602 10:04:43 @multi_evo_agent_runner.py:99] Evaluation time: 2.19 s.
[20260602 10:04:43 @multi_evo_agent_runner.py:105] Total time:     290.50 min
[20260602 10:04:43 @multi_evo_agent_runner.py:115] Agent_0 gets eval reward: 428.23.
[20260602 10:04:43 @multi_evo_agent_runner.py:116] Agent_0 gets win rate: 0.34.
[20260602 10:04:43 @multi_evo_agent_runner.py:115] Agent_1 gets eval reward: 683.64.
[20260602 10:04:43 @multi_evo_agent_runner.py:116] Agent_1 gets win rate: 0.37.
[20260602 10:04:43 @multi_evo_agent_runner.py:79] #------------------------ Iteration 366 --------------------------#
[20260602 10:04:59 @multi_evo_agent_runner.py:85] Sampling 50000 steps by 50 slaves, spending 16.19 s.
[20260602 10:05:28 @multi_evo_agent_runner.py:94] Policy update, spending: 28.96 s.
[20260602 10:05:30 @multi_evo_agent_runner.py:99] Evaluation time: 2.22 s.
[20260602 10:05:30 @multi_evo_agent_runner.py:105] Total time:     291.29 min
[20260602 10:05:30 @multi_evo_agent_runner.py:115] Agent_0 gets eval reward: 256.82.
[20260602 10:05:30 @multi_evo_agent_runner.py:116] Agent_0 gets win rate: 0.15.
[20260602 10:05:30 @multi_evo_agent_runner.py:115] Agent_1 gets eval reward: 914.83.
[20260602 10:05:30 @multi_evo_agent_runner.py:116] Agent_1 gets win rate: 0.52.
[20260602 10:05:31 @multi_evo_agent_runner.py:79] #------------------------ Iteration 367 --------------------------#
[20260602 10:05:47 @multi_evo_agent_runner.py:85] Sampling 50000 steps by 50 slaves, spending 16.05 s.
[20260602 10:06:16 @multi_evo_agent_runner.py:94] Policy update, spending: 29.14 s.
[20260602 10:06:18 @multi_evo_agent_runner.py:99] Evaluation time: 2.11 s.
[20260602 10:06:18 @multi_evo_agent_runner.py:105] Total time:     292.09 min
[20260602 10:06:18 @multi_evo_agent_runner.py:115] Agent_0 gets eval reward: 547.00.
[20260602 10:06:18 @multi_evo_agent_runner.py:116] Agent_0 gets win rate: 0.42.
[20260602 10:06:18 @multi_evo_agent_runner.py:115] Agent_1 gets eval reward: 411.37.
[20260602 10:06:18 @multi_evo_agent_runner.py:116] Agent_1 gets win rate: 0.40.
[20260602 10:06:18 @multi_evo_agent_runner.py:503] CRITICAL save best checkpoint with agent_0's rewards 547.00!
[20260602 10:06:18 @multi_evo_agent_runner.py:79] #------------------------ Iteration 368 --------------------------#
[20260602 10:06:35 @multi_evo_agent_runner.py:85] Sampling 50000 steps by 50 slaves, spending 17.06 s.
[20260602 10:07:05 @multi_evo_agent_runner.py:94] Policy update, spending: 29.67 s.
[20260602 10:07:07 @multi_evo_agent_runner.py:99] Evaluation time: 2.33 s.
[20260602 10:07:07 @multi_evo_agent_runner.py:105] Total time:     292.91 min
[20260602 10:07:07 @multi_evo_agent_runner.py:115] Agent_0 gets eval reward: 699.29.
[20260602 10:07:07 @multi_evo_agent_runner.py:116] Agent_0 gets win rate: 0.30.
[20260602 10:07:07 @multi_evo_agent_runner.py:115] Agent_1 gets eval reward: 663.91.
[20260602 10:07:07 @multi_evo_agent_runner.py:116] Agent_1 gets win rate: 0.43.
[20260602 10:07:07 @multi_evo_agent_runner.py:503] CRITICAL save best checkpoint with agent_0's rewards 699.29!
[20260602 10:07:07 @multi_evo_agent_runner.py:79] #------------------------ Iteration 369 --------------------------#
[20260602 10:07:24 @multi_evo_agent_runner.py:85] Sampling 50000 steps by 50 slaves, spending 16.22 s.
[20260602 10:07:53 @multi_evo_agent_runner.py:94] Policy update, spending: 29.00 s.
[20260602 10:07:55 @multi_evo_agent_runner.py:99] Evaluation time: 2.00 s.
[20260602 10:07:55 @multi_evo_agent_runner.py:105] Total time:     293.70 min
[20260602 10:07:55 @multi_evo_agent_runner.py:115] Agent_0 gets eval reward: -267.11.
[20260602 10:07:55 @multi_evo_agent_runner.py:116] Agent_0 gets win rate: 0.15.
[20260602 10:07:55 @multi_evo_agent_runner.py:115] Agent_1 gets eval reward: 897.14.
[20260602 10:07:55 @multi_evo_agent_runner.py:116] Agent_1 gets win rate: 0.55.
[20260602 10:07:55 @multi_evo_agent_runner.py:503] CRITICAL save best checkpoint with agent_1's rewards 897.14!
[20260602 10:07:55 @multi_evo_agent_runner.py:79] #------------------------ Iteration 370 --------------------------#
[20260602 10:08:12 @multi_evo_agent_runner.py:85] Sampling 50000 steps by 50 slaves, spending 16.94 s.
[20260602 10:08:41 @multi_evo_agent_runner.py:94] Policy update, spending: 29.60 s.
[20260602 10:08:44 @multi_evo_agent_runner.py:99] Evaluation time: 2.39 s.
[20260602 10:08:44 @multi_evo_agent_runner.py:105] Total time:     294.52 min
[20260602 10:08:44 @multi_evo_agent_runner.py:115] Agent_0 gets eval reward: 448.11.
[20260602 10:08:44 @multi_evo_agent_runner.py:116] Agent_0 gets win rate: 0.34.
[20260602 10:08:44 @multi_evo_agent_runner.py:115] Agent_1 gets eval reward: 726.98.
[20260602 10:08:44 @multi_evo_agent_runner.py:116] Agent_1 gets win rate: 0.34.
[20260602 10:08:44 @multi_evo_agent_runner.py:503] CRITICAL save best checkpoint with agent_0's rewards 448.11!
[20260602 10:08:44 @multi_evo_agent_runner.py:79] #------------------------ Iteration 371 --------------------------#
[20260602 10:09:01 @multi_evo_agent_runner.py:85] Sampling 50000 steps by 50 slaves, spending 16.40 s.
[20260602 10:09:30 @multi_evo_agent_runner.py:94] Policy update, spending: 29.74 s.
[20260602 10:09:33 @multi_evo_agent_runner.py:99] Evaluation time: 2.53 s.
[20260602 10:09:33 @multi_evo_agent_runner.py:105] Total time:     295.34 min
[20260602 10:09:33 @multi_evo_agent_runner.py:115] Agent_0 gets eval reward: 164.51.
[20260602 10:09:33 @multi_evo_agent_runner.py:116] Agent_0 gets win rate: 0.40.
[20260602 10:09:33 @multi_evo_agent_runner.py:115] Agent_1 gets eval reward: 83.72.
[20260602 10:09:33 @multi_evo_agent_runner.py:116] Agent_1 gets win rate: 0.36.
[20260602 10:09:33 @multi_evo_agent_runner.py:503] CRITICAL save best checkpoint with agent_0's rewards 164.51!
[20260602 10:09:33 @multi_evo_agent_runner.py:79] #------------------------ Iteration 372 --------------------------#
[20260602 10:09:49 @multi_evo_agent_runner.py:85] Sampling 50000 steps by 50 slaves, spending 16.16 s.
[20260602 10:10:18 @multi_evo_agent_runner.py:94] Policy update, spending: 28.59 s.
[20260602 10:10:20 @multi_evo_agent_runner.py:99] Evaluation time: 2.33 s.
[20260602 10:10:20 @multi_evo_agent_runner.py:105] Total time:     296.12 min
[20260602 10:10:20 @multi_evo_agent_runner.py:115] Agent_0 gets eval reward: 399.45.
[20260602 10:10:20 @multi_evo_agent_runner.py:116] Agent_0 gets win rate: 0.33.
[20260602 10:10:20 @multi_evo_agent_runner.py:115] Agent_1 gets eval reward: 534.49.
[20260602 10:10:20 @multi_evo_agent_runner.py:116] Agent_1 gets win rate: 0.48.
[20260602 10:10:20 @multi_evo_agent_runner.py:503] CRITICAL save best checkpoint with agent_0's rewards 399.45!
[20260602 10:10:20 @multi_evo_agent_runner.py:79] #------------------------ Iteration 373 --------------------------#
[20260602 10:10:37 @multi_evo_agent_runner.py:85] Sampling 50000 steps by 50 slaves, spending 16.81 s.
[20260602 10:11:07 @multi_evo_agent_runner.py:94] Policy update, spending: 30.24 s.
[20260602 10:11:10 @multi_evo_agent_runner.py:99] Evaluation time: 2.24 s.
[20260602 10:11:10 @multi_evo_agent_runner.py:105] Total time:     296.95 min
[20260602 10:11:10 @multi_evo_agent_runner.py:115] Agent_0 gets eval reward: 250.24.
[20260602 10:11:10 @multi_evo_agent_runner.py:116] Agent_0 gets win rate: 0.45.
[20260602 10:11:10 @multi_evo_agent_runner.py:115] Agent_1 gets eval reward: 361.97.
[20260602 10:11:10 @multi_evo_agent_runner.py:116] Agent_1 gets win rate: 0.31.
[20260602 10:11:10 @multi_evo_agent_runner.py:503] CRITICAL save best checkpoint with agent_0's rewards 250.24!
[20260602 10:11:10 @multi_evo_agent_runner.py:79] #------------------------ Iteration 374 --------------------------#
[20260602 10:11:26 @multi_evo_agent_runner.py:85] Sampling 50000 steps by 50 slaves, spending 16.45 s.
[20260602 10:11:56 @multi_evo_agent_runner.py:94] Policy update, spending: 29.74 s.
[20260602 10:11:58 @multi_evo_agent_runner.py:99] Evaluation time: 2.35 s.
[20260602 10:11:58 @multi_evo_agent_runner.py:105] Total time:     297.76 min
[20260602 10:11:59 @multi_evo_agent_runner.py:115] Agent_0 gets eval reward: 375.03.
[20260602 10:11:59 @multi_evo_agent_runner.py:116] Agent_0 gets win rate: 0.34.
[20260602 10:11:59 @multi_evo_agent_runner.py:115] Agent_1 gets eval reward: 534.96.
[20260602 10:11:59 @multi_evo_agent_runner.py:116] Agent_1 gets win rate: 0.47.
[20260602 10:11:59 @multi_evo_agent_runner.py:503] CRITICAL save best checkpoint with agent_0's rewards 375.03!
[20260602 10:11:59 @multi_evo_agent_runner.py:79] #------------------------ Iteration 375 --------------------------#
[20260602 10:12:15 @multi_evo_agent_runner.py:85] Sampling 50000 steps by 50 slaves, spending 16.48 s.
[20260602 10:12:45 @multi_evo_agent_runner.py:94] Policy update, spending: 29.75 s.
[20260602 10:12:47 @multi_evo_agent_runner.py:99] Evaluation time: 2.07 s.
[20260602 10:12:47 @multi_evo_agent_runner.py:105] Total time:     298.57 min
[20260602 10:12:47 @multi_evo_agent_runner.py:115] Agent_0 gets eval reward: 591.82.
[20260602 10:12:47 @multi_evo_agent_runner.py:116] Agent_0 gets win rate: 0.39.
[20260602 10:12:47 @multi_evo_agent_runner.py:115] Agent_1 gets eval reward: 558.49.
[20260602 10:12:47 @multi_evo_agent_runner.py:116] Agent_1 gets win rate: 0.37.
[20260602 10:12:47 @multi_evo_agent_runner.py:503] CRITICAL save best checkpoint with agent_0's rewards 591.82!
[20260602 10:12:47 @multi_evo_agent_runner.py:79] #------------------------ Iteration 376 --------------------------#
[20260602 10:13:05 @multi_evo_agent_runner.py:85] Sampling 50000 steps by 50 slaves, spending 17.86 s.
[20260602 10:13:36 @multi_evo_agent_runner.py:94] Policy update, spending: 30.90 s.
[20260602 10:13:38 @multi_evo_agent_runner.py:99] Evaluation time: 2.25 s.
[20260602 10:13:38 @multi_evo_agent_runner.py:105] Total time:     299.43 min
[20260602 10:13:38 @multi_evo_agent_runner.py:115] Agent_0 gets eval reward: 461.53.
[20260602 10:13:38 @multi_evo_agent_runner.py:116] Agent_0 gets win rate: 0.47.
[20260602 10:13:38 @multi_evo_agent_runner.py:115] Agent_1 gets eval reward: 267.35.
[20260602 10:13:38 @multi_evo_agent_runner.py:116] Agent_1 gets win rate: 0.30.
[20260602 10:13:38 @multi_evo_agent_runner.py:503] CRITICAL save best checkpoint with agent_0's rewards 461.53!
[20260602 10:13:39 @multi_evo_agent_runner.py:79] #------------------------ Iteration 377 --------------------------#
[20260602 10:13:56 @multi_evo_agent_runner.py:85] Sampling 50000 steps by 50 slaves, spending 17.20 s.
[20260602 10:14:25 @multi_evo_agent_runner.py:94] Policy update, spending: 29.69 s.
[20260602 10:14:28 @multi_evo_agent_runner.py:99] Evaluation time: 2.12 s.
[20260602 10:14:28 @multi_evo_agent_runner.py:105] Total time:     300.25 min
[20260602 10:14:28 @multi_evo_agent_runner.py:115] Agent_0 gets eval reward: 512.66.
[20260602 10:14:28 @multi_evo_agent_runner.py:116] Agent_0 gets win rate: 0.34.
[20260602 10:14:28 @multi_evo_agent_runner.py:115] Agent_1 gets eval reward: 575.70.
[20260602 10:14:28 @multi_evo_agent_runner.py:116] Agent_1 gets win rate: 0.37.
[20260602 10:14:28 @multi_evo_agent_runner.py:503] CRITICAL save best checkpoint with agent_0's rewards 512.66!
[20260602 10:14:28 @multi_evo_agent_runner.py:79] #------------------------ Iteration 378 --------------------------#
[20260602 10:14:45 @multi_evo_agent_runner.py:85] Sampling 50000 steps by 50 slaves, spending 16.99 s.
[20260602 10:15:15 @multi_evo_agent_runner.py:94] Policy update, spending: 30.03 s.
[20260602 10:15:17 @multi_evo_agent_runner.py:99] Evaluation time: 2.13 s.
[20260602 10:15:17 @multi_evo_agent_runner.py:105] Total time:     301.07 min
[20260602 10:15:17 @multi_evo_agent_runner.py:115] Agent_0 gets eval reward: 526.71.
[20260602 10:15:17 @multi_evo_agent_runner.py:116] Agent_0 gets win rate: 0.34.
[20260602 10:15:17 @multi_evo_agent_runner.py:115] Agent_1 gets eval reward: 182.40.
[20260602 10:15:17 @multi_evo_agent_runner.py:116] Agent_1 gets win rate: 0.25.
[20260602 10:15:17 @multi_evo_agent_runner.py:503] CRITICAL save best checkpoint with agent_0's rewards 526.71!
[20260602 10:15:17 @multi_evo_agent_runner.py:79] #------------------------ Iteration 379 --------------------------#
[20260602 10:15:34 @multi_evo_agent_runner.py:85] Sampling 50000 steps by 50 slaves, spending 16.39 s.
[20260602 10:16:04 @multi_evo_agent_runner.py:94] Policy update, spending: 29.96 s.
[20260602 10:16:06 @multi_evo_agent_runner.py:99] Evaluation time: 2.31 s.
[20260602 10:16:06 @multi_evo_agent_runner.py:105] Total time:     301.89 min
[20260602 10:16:06 @multi_evo_agent_runner.py:115] Agent_0 gets eval reward: 529.34.
[20260602 10:16:06 @multi_evo_agent_runner.py:116] Agent_0 gets win rate: 0.42.
[20260602 10:16:06 @multi_evo_agent_runner.py:115] Agent_1 gets eval reward: 748.63.
[20260602 10:16:06 @multi_evo_agent_runner.py:116] Agent_1 gets win rate: 0.06.
[20260602 10:16:06 @multi_evo_agent_runner.py:503] CRITICAL save best checkpoint with agent_0's rewards 529.34!
[20260602 10:16:06 @multi_evo_agent_runner.py:79] #------------------------ Iteration 380 --------------------------#
[20260602 10:16:23 @multi_evo_agent_runner.py:85] Sampling 50000 steps by 50 slaves, spending 16.61 s.
[20260602 10:16:52 @multi_evo_agent_runner.py:94] Policy update, spending: 28.98 s.
[20260602 10:16:54 @multi_evo_agent_runner.py:99] Evaluation time: 2.23 s.
[20260602 10:16:54 @multi_evo_agent_runner.py:105] Total time:     302.69 min
[20260602 10:16:54 @multi_evo_agent_runner.py:115] Agent_0 gets eval reward: 340.14.
[20260602 10:16:54 @multi_evo_agent_runner.py:116] Agent_0 gets win rate: 0.41.
[20260602 10:16:54 @multi_evo_agent_runner.py:115] Agent_1 gets eval reward: 141.99.
[20260602 10:16:54 @multi_evo_agent_runner.py:116] Agent_1 gets win rate: 0.30.
[20260602 10:16:54 @multi_evo_agent_runner.py:79] #------------------------ Iteration 381 --------------------------#
[20260602 10:17:12 @multi_evo_agent_runner.py:85] Sampling 50000 steps by 50 slaves, spending 17.59 s.
[20260602 10:17:42 @multi_evo_agent_runner.py:94] Policy update, spending: 29.71 s.
[20260602 10:17:44 @multi_evo_agent_runner.py:99] Evaluation time: 2.14 s.
[20260602 10:17:44 @multi_evo_agent_runner.py:105] Total time:     303.52 min
[20260602 10:17:44 @multi_evo_agent_runner.py:115] Agent_0 gets eval reward: -105.51.
[20260602 10:17:44 @multi_evo_agent_runner.py:116] Agent_0 gets win rate: 0.18.
[20260602 10:17:44 @multi_evo_agent_runner.py:115] Agent_1 gets eval reward: 977.35.
[20260602 10:17:44 @multi_evo_agent_runner.py:116] Agent_1 gets win rate: 0.32.
[20260602 10:17:44 @multi_evo_agent_runner.py:503] CRITICAL save best checkpoint with agent_1's rewards 977.35!
[20260602 10:17:44 @multi_evo_agent_runner.py:79] #------------------------ Iteration 382 --------------------------#
[20260602 10:18:01 @multi_evo_agent_runner.py:85] Sampling 50000 steps by 50 slaves, spending 17.22 s.
[20260602 10:18:31 @multi_evo_agent_runner.py:94] Policy update, spending: 29.72 s.
[20260602 10:18:33 @multi_evo_agent_runner.py:99] Evaluation time: 2.24 s.
[20260602 10:18:33 @multi_evo_agent_runner.py:105] Total time:     304.34 min
[20260602 10:18:33 @multi_evo_agent_runner.py:115] Agent_0 gets eval reward: 349.02.
[20260602 10:18:33 @multi_evo_agent_runner.py:116] Agent_0 gets win rate: 0.23.
[20260602 10:18:33 @multi_evo_agent_runner.py:115] Agent_1 gets eval reward: 459.18.
[20260602 10:18:33 @multi_evo_agent_runner.py:116] Agent_1 gets win rate: 0.47.
[20260602 10:18:33 @multi_evo_agent_runner.py:503] CRITICAL save best checkpoint with agent_1's rewards 459.18!
[20260602 10:18:34 @multi_evo_agent_runner.py:79] #------------------------ Iteration 383 --------------------------#
[20260602 10:18:51 @multi_evo_agent_runner.py:85] Sampling 50000 steps by 50 slaves, spending 17.27 s.
[20260602 10:19:21 @multi_evo_agent_runner.py:94] Policy update, spending: 30.05 s.
[20260602 10:19:23 @multi_evo_agent_runner.py:99] Evaluation time: 2.19 s.
[20260602 10:19:23 @multi_evo_agent_runner.py:105] Total time:     305.17 min
[20260602 10:19:23 @multi_evo_agent_runner.py:115] Agent_0 gets eval reward: 724.56.
[20260602 10:19:23 @multi_evo_agent_runner.py:116] Agent_0 gets win rate: 0.39.
[20260602 10:19:23 @multi_evo_agent_runner.py:115] Agent_1 gets eval reward: 649.84.
[20260602 10:19:23 @multi_evo_agent_runner.py:116] Agent_1 gets win rate: 0.34.
[20260602 10:19:23 @multi_evo_agent_runner.py:503] CRITICAL save best checkpoint with agent_0's rewards 724.56!
[20260602 10:19:23 @multi_evo_agent_runner.py:503] CRITICAL save best checkpoint with agent_1's rewards 649.84!
[20260602 10:19:23 @multi_evo_agent_runner.py:79] #------------------------ Iteration 384 --------------------------#
[20260602 10:19:40 @multi_evo_agent_runner.py:85] Sampling 50000 steps by 50 slaves, spending 17.03 s.
[20260602 10:20:10 @multi_evo_agent_runner.py:94] Policy update, spending: 29.94 s.
[20260602 10:20:12 @multi_evo_agent_runner.py:99] Evaluation time: 1.92 s.
[20260602 10:20:12 @multi_evo_agent_runner.py:105] Total time:     305.99 min
[20260602 10:20:12 @multi_evo_agent_runner.py:115] Agent_0 gets eval reward: 543.82.
[20260602 10:20:12 @multi_evo_agent_runner.py:116] Agent_0 gets win rate: 0.53.
[20260602 10:20:12 @multi_evo_agent_runner.py:115] Agent_1 gets eval reward: 456.36.
[20260602 10:20:12 @multi_evo_agent_runner.py:116] Agent_1 gets win rate: 0.38.
[20260602 10:20:12 @multi_evo_agent_runner.py:503] CRITICAL save best checkpoint with agent_0's rewards 543.82!
[20260602 10:20:12 @multi_evo_agent_runner.py:503] CRITICAL save best checkpoint with agent_1's rewards 456.36!
[20260602 10:20:12 @multi_evo_agent_runner.py:79] #------------------------ Iteration 385 --------------------------#
[20260602 10:20:29 @multi_evo_agent_runner.py:85] Sampling 50000 steps by 50 slaves, spending 16.97 s.
[20260602 10:21:00 @multi_evo_agent_runner.py:94] Policy update, spending: 30.27 s.
[20260602 10:21:02 @multi_evo_agent_runner.py:99] Evaluation time: 2.23 s.
[20260602 10:21:02 @multi_evo_agent_runner.py:105] Total time:     306.82 min
[20260602 10:21:02 @multi_evo_agent_runner.py:115] Agent_0 gets eval reward: 669.16.
[20260602 10:21:02 @multi_evo_agent_runner.py:116] Agent_0 gets win rate: 0.24.
[20260602 10:21:02 @multi_evo_agent_runner.py:115] Agent_1 gets eval reward: 792.45.
[20260602 10:21:02 @multi_evo_agent_runner.py:116] Agent_1 gets win rate: 0.39.
[20260602 10:21:02 @multi_evo_agent_runner.py:503] CRITICAL save best checkpoint with agent_0's rewards 669.16!
[20260602 10:21:02 @multi_evo_agent_runner.py:503] CRITICAL save best checkpoint with agent_1's rewards 792.45!
[20260602 10:21:02 @multi_evo_agent_runner.py:79] #------------------------ Iteration 386 --------------------------#
[20260602 10:21:19 @multi_evo_agent_runner.py:85] Sampling 50000 steps by 50 slaves, spending 16.34 s.
[20260602 10:21:49 @multi_evo_agent_runner.py:94] Policy update, spending: 30.05 s.
[20260602 10:21:51 @multi_evo_agent_runner.py:99] Evaluation time: 2.16 s.
[20260602 10:21:51 @multi_evo_agent_runner.py:105] Total time:     307.64 min
[20260602 10:21:51 @multi_evo_agent_runner.py:115] Agent_0 gets eval reward: 266.02.
[20260602 10:21:51 @multi_evo_agent_runner.py:116] Agent_0 gets win rate: 0.26.
[20260602 10:21:51 @multi_evo_agent_runner.py:115] Agent_1 gets eval reward: 373.94.
[20260602 10:21:51 @multi_evo_agent_runner.py:116] Agent_1 gets win rate: 0.35.
[20260602 10:21:51 @multi_evo_agent_runner.py:503] CRITICAL save best checkpoint with agent_0's rewards 266.02!
[20260602 10:21:51 @multi_evo_agent_runner.py:79] #------------------------ Iteration 387 --------------------------#
[20260602 10:22:07 @multi_evo_agent_runner.py:85] Sampling 50000 steps by 50 slaves, spending 16.36 s.
[20260602 10:22:38 @multi_evo_agent_runner.py:94] Policy update, spending: 30.27 s.
[20260602 10:22:40 @multi_evo_agent_runner.py:99] Evaluation time: 2.41 s.
[20260602 10:22:40 @multi_evo_agent_runner.py:105] Total time:     308.46 min
[20260602 10:22:40 @multi_evo_agent_runner.py:115] Agent_0 gets eval reward: 692.92.
[20260602 10:22:40 @multi_evo_agent_runner.py:116] Agent_0 gets win rate: 0.38.
[20260602 10:22:40 @multi_evo_agent_runner.py:115] Agent_1 gets eval reward: 428.02.
[20260602 10:22:40 @multi_evo_agent_runner.py:116] Agent_1 gets win rate: 0.28.
[20260602 10:22:40 @multi_evo_agent_runner.py:503] CRITICAL save best checkpoint with agent_0's rewards 692.92!
[20260602 10:22:40 @multi_evo_agent_runner.py:79] #------------------------ Iteration 388 --------------------------#
[20260602 10:22:57 @multi_evo_agent_runner.py:85] Sampling 50000 steps by 50 slaves, spending 16.40 s.
[20260602 10:23:26 @multi_evo_agent_runner.py:94] Policy update, spending: 29.18 s.
[20260602 10:23:28 @multi_evo_agent_runner.py:99] Evaluation time: 2.32 s.
[20260602 10:23:28 @multi_evo_agent_runner.py:105] Total time:     309.26 min
[20260602 10:23:28 @multi_evo_agent_runner.py:115] Agent_0 gets eval reward: 640.59.
[20260602 10:23:28 @multi_evo_agent_runner.py:116] Agent_0 gets win rate: 0.41.
[20260602 10:23:28 @multi_evo_agent_runner.py:115] Agent_1 gets eval reward: 476.45.
[20260602 10:23:28 @multi_evo_agent_runner.py:116] Agent_1 gets win rate: 0.34.
[20260602 10:23:28 @multi_evo_agent_runner.py:503] CRITICAL save best checkpoint with agent_0's rewards 640.59!
[20260602 10:23:29 @multi_evo_agent_runner.py:79] #------------------------ Iteration 389 --------------------------#
[20260602 10:23:45 @multi_evo_agent_runner.py:85] Sampling 50000 steps by 50 slaves, spending 16.84 s.
[20260602 10:24:16 @multi_evo_agent_runner.py:94] Policy update, spending: 30.44 s.
[20260602 10:24:18 @multi_evo_agent_runner.py:99] Evaluation time: 2.14 s.
[20260602 10:24:18 @multi_evo_agent_runner.py:105] Total time:     310.09 min
[20260602 10:24:18 @multi_evo_agent_runner.py:115] Agent_0 gets eval reward: 505.99.
[20260602 10:24:18 @multi_evo_agent_runner.py:116] Agent_0 gets win rate: 0.51.
[20260602 10:24:18 @multi_evo_agent_runner.py:115] Agent_1 gets eval reward: 239.63.
[20260602 10:24:18 @multi_evo_agent_runner.py:116] Agent_1 gets win rate: 0.41.
[20260602 10:24:18 @multi_evo_agent_runner.py:503] CRITICAL save best checkpoint with agent_0's rewards 505.99!
[20260602 10:24:18 @multi_evo_agent_runner.py:503] CRITICAL save best checkpoint with agent_1's rewards 239.63!
[20260602 10:24:18 @multi_evo_agent_runner.py:79] #------------------------ Iteration 390 --------------------------#
[20260602 10:24:35 @multi_evo_agent_runner.py:85] Sampling 50000 steps by 50 slaves, spending 17.24 s.
[20260602 10:25:06 @multi_evo_agent_runner.py:94] Policy update, spending: 30.86 s.
[20260602 10:25:08 @multi_evo_agent_runner.py:99] Evaluation time: 1.86 s.
[20260602 10:25:08 @multi_evo_agent_runner.py:105] Total time:     310.93 min
[20260602 10:25:08 @multi_evo_agent_runner.py:115] Agent_0 gets eval reward: 369.24.
[20260602 10:25:08 @multi_evo_agent_runner.py:116] Agent_0 gets win rate: 0.39.
[20260602 10:25:08 @multi_evo_agent_runner.py:115] Agent_1 gets eval reward: 375.91.
[20260602 10:25:08 @multi_evo_agent_runner.py:116] Agent_1 gets win rate: 0.33.
[20260602 10:25:08 @multi_evo_agent_runner.py:503] CRITICAL save best checkpoint with agent_1's rewards 375.91!
[20260602 10:25:08 @multi_evo_agent_runner.py:79] #------------------------ Iteration 391 --------------------------#
[20260602 10:25:26 @multi_evo_agent_runner.py:85] Sampling 50000 steps by 50 slaves, spending 17.63 s.
[20260602 10:25:57 @multi_evo_agent_runner.py:94] Policy update, spending: 30.58 s.
[20260602 10:25:59 @multi_evo_agent_runner.py:99] Evaluation time: 2.64 s.
[20260602 10:25:59 @multi_evo_agent_runner.py:105] Total time:     311.78 min
[20260602 10:25:59 @multi_evo_agent_runner.py:115] Agent_0 gets eval reward: 346.49.
[20260602 10:25:59 @multi_evo_agent_runner.py:116] Agent_0 gets win rate: 0.33.
[20260602 10:25:59 @multi_evo_agent_runner.py:115] Agent_1 gets eval reward: 543.49.
[20260602 10:25:59 @multi_evo_agent_runner.py:116] Agent_1 gets win rate: 0.22.
[20260602 10:26:00 @multi_evo_agent_runner.py:503] CRITICAL save best checkpoint with agent_1's rewards 543.49!
[20260602 10:26:00 @multi_evo_agent_runner.py:79] #------------------------ Iteration 392 --------------------------#
[20260602 10:26:16 @multi_evo_agent_runner.py:85] Sampling 50000 steps by 50 slaves, spending 16.47 s.
[20260602 10:26:45 @multi_evo_agent_runner.py:94] Policy update, spending: 29.17 s.
[20260602 10:26:48 @multi_evo_agent_runner.py:99] Evaluation time: 2.31 s.
[20260602 10:26:48 @multi_evo_agent_runner.py:105] Total time:     312.58 min
[20260602 10:26:48 @multi_evo_agent_runner.py:115] Agent_0 gets eval reward: 199.57.
[20260602 10:26:48 @multi_evo_agent_runner.py:116] Agent_0 gets win rate: 0.24.
[20260602 10:26:48 @multi_evo_agent_runner.py:115] Agent_1 gets eval reward: 658.20.
[20260602 10:26:48 @multi_evo_agent_runner.py:116] Agent_1 gets win rate: 0.33.
[20260602 10:26:48 @multi_evo_agent_runner.py:503] CRITICAL save best checkpoint with agent_1's rewards 658.20!
[20260602 10:26:48 @multi_evo_agent_runner.py:79] #------------------------ Iteration 393 --------------------------#
[20260602 10:27:04 @multi_evo_agent_runner.py:85] Sampling 50000 steps by 50 slaves, spending 16.48 s.
[20260602 10:27:34 @multi_evo_agent_runner.py:94] Policy update, spending: 30.16 s.
[20260602 10:27:37 @multi_evo_agent_runner.py:99] Evaluation time: 2.14 s.
[20260602 10:27:37 @multi_evo_agent_runner.py:105] Total time:     313.40 min
[20260602 10:27:37 @multi_evo_agent_runner.py:115] Agent_0 gets eval reward: 303.17.
[20260602 10:27:37 @multi_evo_agent_runner.py:116] Agent_0 gets win rate: 0.36.
[20260602 10:27:37 @multi_evo_agent_runner.py:115] Agent_1 gets eval reward: 810.51.
[20260602 10:27:37 @multi_evo_agent_runner.py:116] Agent_1 gets win rate: 0.36.
[20260602 10:27:37 @multi_evo_agent_runner.py:503] CRITICAL save best checkpoint with agent_1's rewards 810.51!
[20260602 10:27:37 @multi_evo_agent_runner.py:79] #------------------------ Iteration 394 --------------------------#
[20260602 10:27:53 @multi_evo_agent_runner.py:85] Sampling 50000 steps by 50 slaves, spending 16.56 s.
[20260602 10:28:24 @multi_evo_agent_runner.py:94] Policy update, spending: 30.62 s.
[20260602 10:28:26 @multi_evo_agent_runner.py:99] Evaluation time: 2.01 s.
[20260602 10:28:26 @multi_evo_agent_runner.py:105] Total time:     314.22 min
[20260602 10:28:26 @multi_evo_agent_runner.py:115] Agent_0 gets eval reward: 460.36.
[20260602 10:28:26 @multi_evo_agent_runner.py:116] Agent_0 gets win rate: 0.41.
[20260602 10:28:26 @multi_evo_agent_runner.py:115] Agent_1 gets eval reward: 524.60.
[20260602 10:28:26 @multi_evo_agent_runner.py:116] Agent_1 gets win rate: 0.15.
[20260602 10:28:26 @multi_evo_agent_runner.py:79] #------------------------ Iteration 395 --------------------------#
[20260602 10:28:43 @multi_evo_agent_runner.py:85] Sampling 50000 steps by 50 slaves, spending 16.43 s.
[20260602 10:29:13 @multi_evo_agent_runner.py:94] Policy update, spending: 30.02 s.
[20260602 10:29:15 @multi_evo_agent_runner.py:99] Evaluation time: 1.99 s.
[20260602 10:29:15 @multi_evo_agent_runner.py:105] Total time:     315.04 min
[20260602 10:29:15 @multi_evo_agent_runner.py:115] Agent_0 gets eval reward: 285.06.
[20260602 10:29:15 @multi_evo_agent_runner.py:116] Agent_0 gets win rate: 0.38.
[20260602 10:29:15 @multi_evo_agent_runner.py:115] Agent_1 gets eval reward: 542.93.
[20260602 10:29:15 @multi_evo_agent_runner.py:116] Agent_1 gets win rate: 0.41.
[20260602 10:29:15 @multi_evo_agent_runner.py:503] CRITICAL save best checkpoint with agent_1's rewards 542.93!
[20260602 10:29:15 @multi_evo_agent_runner.py:79] #------------------------ Iteration 396 --------------------------#
[20260602 10:29:31 @multi_evo_agent_runner.py:85] Sampling 50000 steps by 50 slaves, spending 16.46 s.
[20260602 10:30:00 @multi_evo_agent_runner.py:94] Policy update, spending: 28.87 s.
[20260602 10:30:03 @multi_evo_agent_runner.py:99] Evaluation time: 2.38 s.
[20260602 10:30:03 @multi_evo_agent_runner.py:105] Total time:     315.84 min
[20260602 10:30:03 @multi_evo_agent_runner.py:115] Agent_0 gets eval reward: 91.17.
[20260602 10:30:03 @multi_evo_agent_runner.py:116] Agent_0 gets win rate: 0.42.
[20260602 10:30:03 @multi_evo_agent_runner.py:115] Agent_1 gets eval reward: 336.89.
[20260602 10:30:03 @multi_evo_agent_runner.py:116] Agent_1 gets win rate: 0.46.
[20260602 10:30:03 @multi_evo_agent_runner.py:503] CRITICAL save best checkpoint with agent_1's rewards 336.89!
[20260602 10:30:03 @multi_evo_agent_runner.py:79] #------------------------ Iteration 397 --------------------------#
[20260602 10:30:20 @multi_evo_agent_runner.py:85] Sampling 50000 steps by 50 slaves, spending 17.03 s.
[20260602 10:30:50 @multi_evo_agent_runner.py:94] Policy update, spending: 29.90 s.
[20260602 10:30:52 @multi_evo_agent_runner.py:99] Evaluation time: 2.04 s.
[20260602 10:30:52 @multi_evo_agent_runner.py:105] Total time:     316.66 min
[20260602 10:30:52 @multi_evo_agent_runner.py:115] Agent_0 gets eval reward: 668.50.
[20260602 10:30:52 @multi_evo_agent_runner.py:116] Agent_0 gets win rate: 0.49.
[20260602 10:30:52 @multi_evo_agent_runner.py:115] Agent_1 gets eval reward: 25.04.
[20260602 10:30:52 @multi_evo_agent_runner.py:116] Agent_1 gets win rate: 0.30.
[20260602 10:30:52 @multi_evo_agent_runner.py:503] CRITICAL save best checkpoint with agent_0's rewards 668.50!
[20260602 10:30:52 @multi_evo_agent_runner.py:79] #------------------------ Iteration 398 --------------------------#
[20260602 10:31:09 @multi_evo_agent_runner.py:85] Sampling 50000 steps by 50 slaves, spending 16.64 s.
[20260602 10:31:38 @multi_evo_agent_runner.py:94] Policy update, spending: 29.36 s.
[20260602 10:31:41 @multi_evo_agent_runner.py:99] Evaluation time: 2.31 s.
[20260602 10:31:41 @multi_evo_agent_runner.py:105] Total time:     317.47 min
[20260602 10:31:41 @multi_evo_agent_runner.py:115] Agent_0 gets eval reward: 696.50.
[20260602 10:31:41 @multi_evo_agent_runner.py:116] Agent_0 gets win rate: 0.47.
[20260602 10:31:41 @multi_evo_agent_runner.py:115] Agent_1 gets eval reward: 212.57.
[20260602 10:31:41 @multi_evo_agent_runner.py:116] Agent_1 gets win rate: 0.23.
[20260602 10:31:41 @multi_evo_agent_runner.py:503] CRITICAL save best checkpoint with agent_0's rewards 696.50!
[20260602 10:31:41 @multi_evo_agent_runner.py:79] #------------------------ Iteration 399 --------------------------#
[20260602 10:31:57 @multi_evo_agent_runner.py:85] Sampling 50000 steps by 50 slaves, spending 16.44 s.
[20260602 10:32:27 @multi_evo_agent_runner.py:94] Policy update, spending: 29.81 s.
[20260602 10:32:29 @multi_evo_agent_runner.py:99] Evaluation time: 1.89 s.
[20260602 10:32:29 @multi_evo_agent_runner.py:105] Total time:     318.27 min
[20260602 10:32:29 @multi_evo_agent_runner.py:115] Agent_0 gets eval reward: 773.25.
[20260602 10:32:29 @multi_evo_agent_runner.py:116] Agent_0 gets win rate: 0.55.
[20260602 10:32:29 @multi_evo_agent_runner.py:115] Agent_1 gets eval reward: 392.60.
[20260602 10:32:29 @multi_evo_agent_runner.py:116] Agent_1 gets win rate: 0.35.
[20260602 10:32:29 @multi_evo_agent_runner.py:503] CRITICAL save best checkpoint with agent_0's rewards 773.25!
[20260602 10:32:29 @multi_evo_agent_runner.py:503] CRITICAL save best checkpoint with agent_1's rewards 392.60!
[20260602 10:32:29 @multi_evo_agent_runner.py:79] #------------------------ Iteration 400 --------------------------#
[20260602 10:32:45 @multi_evo_agent_runner.py:85] Sampling 50000 steps by 50 slaves, spending 16.24 s.
[20260602 10:33:15 @multi_evo_agent_runner.py:94] Policy update, spending: 29.82 s.
[20260602 10:33:17 @multi_evo_agent_runner.py:99] Evaluation time: 2.06 s.
[20260602 10:33:17 @multi_evo_agent_runner.py:105] Total time:     319.08 min
[20260602 10:33:17 @multi_evo_agent_runner.py:115] Agent_0 gets eval reward: 510.24.
[20260602 10:33:17 @multi_evo_agent_runner.py:116] Agent_0 gets win rate: 0.24.
[20260602 10:33:17 @multi_evo_agent_runner.py:115] Agent_1 gets eval reward: 564.34.
[20260602 10:33:17 @multi_evo_agent_runner.py:116] Agent_1 gets win rate: 0.31.
[20260602 10:33:18 @multi_evo_agent_runner.py:503] CRITICAL save best checkpoint with agent_1's rewards 564.34!
[20260602 10:33:18 @multi_evo_agent_runner.py:79] #------------------------ Iteration 401 --------------------------#
[20260602 10:33:35 @multi_evo_agent_runner.py:85] Sampling 50000 steps by 50 slaves, spending 17.02 s.
[20260602 10:34:05 @multi_evo_agent_runner.py:94] Policy update, spending: 30.27 s.
[20260602 10:34:07 @multi_evo_agent_runner.py:99] Evaluation time: 2.05 s.
[20260602 10:34:07 @multi_evo_agent_runner.py:105] Total time:     319.91 min
[20260602 10:34:07 @multi_evo_agent_runner.py:115] Agent_0 gets eval reward: 427.90.
[20260602 10:34:07 @multi_evo_agent_runner.py:116] Agent_0 gets win rate: 0.29.
[20260602 10:34:07 @multi_evo_agent_runner.py:115] Agent_1 gets eval reward: 673.19.
[20260602 10:34:07 @multi_evo_agent_runner.py:116] Agent_1 gets win rate: 0.40.
[20260602 10:34:07 @multi_evo_agent_runner.py:503] CRITICAL save best checkpoint with agent_1's rewards 673.19!
[20260602 10:34:07 @multi_evo_agent_runner.py:79] #------------------------ Iteration 402 --------------------------#
[20260602 10:34:24 @multi_evo_agent_runner.py:85] Sampling 50000 steps by 50 slaves, spending 16.63 s.
[20260602 10:34:54 @multi_evo_agent_runner.py:94] Policy update, spending: 30.39 s.
[20260602 10:34:57 @multi_evo_agent_runner.py:99] Evaluation time: 2.41 s.
[20260602 10:34:57 @multi_evo_agent_runner.py:105] Total time:     320.73 min
[20260602 10:34:57 @multi_evo_agent_runner.py:115] Agent_0 gets eval reward: 99.74.
[20260602 10:34:57 @multi_evo_agent_runner.py:116] Agent_0 gets win rate: 0.37.
[20260602 10:34:57 @multi_evo_agent_runner.py:115] Agent_1 gets eval reward: 444.32.
[20260602 10:34:57 @multi_evo_agent_runner.py:116] Agent_1 gets win rate: 0.48.
[20260602 10:34:57 @multi_evo_agent_runner.py:503] CRITICAL save best checkpoint with agent_1's rewards 444.32!
[20260602 10:34:57 @multi_evo_agent_runner.py:79] #------------------------ Iteration 403 --------------------------#
[20260602 10:35:14 @multi_evo_agent_runner.py:85] Sampling 50000 steps by 50 slaves, spending 16.90 s.
[20260602 10:35:44 @multi_evo_agent_runner.py:94] Policy update, spending: 30.51 s.
[20260602 10:35:46 @multi_evo_agent_runner.py:99] Evaluation time: 1.86 s.
[20260602 10:35:46 @multi_evo_agent_runner.py:105] Total time:     321.56 min
[20260602 10:35:46 @multi_evo_agent_runner.py:115] Agent_0 gets eval reward: 521.69.
[20260602 10:35:46 @multi_evo_agent_runner.py:116] Agent_0 gets win rate: 0.32.
[20260602 10:35:46 @multi_evo_agent_runner.py:115] Agent_1 gets eval reward: 716.34.
[20260602 10:35:46 @multi_evo_agent_runner.py:116] Agent_1 gets win rate: 0.14.
[20260602 10:35:46 @multi_evo_agent_runner.py:503] CRITICAL save best checkpoint with agent_1's rewards 716.34!
[20260602 10:35:46 @multi_evo_agent_runner.py:79] #------------------------ Iteration 404 --------------------------#
[20260602 10:36:04 @multi_evo_agent_runner.py:85] Sampling 50000 steps by 50 slaves, spending 17.42 s.
[20260602 10:36:34 @multi_evo_agent_runner.py:94] Policy update, spending: 29.96 s.
[20260602 10:36:36 @multi_evo_agent_runner.py:99] Evaluation time: 2.10 s.
[20260602 10:36:36 @multi_evo_agent_runner.py:105] Total time:     322.39 min
[20260602 10:36:36 @multi_evo_agent_runner.py:115] Agent_0 gets eval reward: 79.77.
[20260602 10:36:36 @multi_evo_agent_runner.py:116] Agent_0 gets win rate: 0.19.
[20260602 10:36:36 @multi_evo_agent_runner.py:115] Agent_1 gets eval reward: 568.25.
[20260602 10:36:36 @multi_evo_agent_runner.py:116] Agent_1 gets win rate: 0.39.
[20260602 10:36:36 @multi_evo_agent_runner.py:503] CRITICAL save best checkpoint with agent_1's rewards 568.25!
[20260602 10:36:36 @multi_evo_agent_runner.py:79] #------------------------ Iteration 405 --------------------------#
[20260602 10:36:53 @multi_evo_agent_runner.py:85] Sampling 50000 steps by 50 slaves, spending 16.69 s.
[20260602 10:37:23 @multi_evo_agent_runner.py:94] Policy update, spending: 30.42 s.
[20260602 10:37:26 @multi_evo_agent_runner.py:99] Evaluation time: 2.56 s.
[20260602 10:37:26 @multi_evo_agent_runner.py:105] Total time:     323.22 min
[20260602 10:37:26 @multi_evo_agent_runner.py:115] Agent_0 gets eval reward: 239.07.
[20260602 10:37:26 @multi_evo_agent_runner.py:116] Agent_0 gets win rate: 0.33.
[20260602 10:37:26 @multi_evo_agent_runner.py:115] Agent_1 gets eval reward: 229.82.
[20260602 10:37:26 @multi_evo_agent_runner.py:116] Agent_1 gets win rate: 0.33.
[20260602 10:37:26 @multi_evo_agent_runner.py:79] #------------------------ Iteration 406 --------------------------#
[20260602 10:37:43 @multi_evo_agent_runner.py:85] Sampling 50000 steps by 50 slaves, spending 17.09 s.
[20260602 10:38:14 @multi_evo_agent_runner.py:94] Policy update, spending: 30.79 s.
[20260602 10:38:16 @multi_evo_agent_runner.py:99] Evaluation time: 2.01 s.
[20260602 10:38:16 @multi_evo_agent_runner.py:105] Total time:     324.06 min
[20260602 10:38:16 @multi_evo_agent_runner.py:115] Agent_0 gets eval reward: 168.55.
[20260602 10:38:16 @multi_evo_agent_runner.py:116] Agent_0 gets win rate: 0.27.
[20260602 10:38:16 @multi_evo_agent_runner.py:115] Agent_1 gets eval reward: 855.63.
[20260602 10:38:16 @multi_evo_agent_runner.py:116] Agent_1 gets win rate: 0.49.
[20260602 10:38:16 @multi_evo_agent_runner.py:503] CRITICAL save best checkpoint with agent_1's rewards 855.63!
[20260602 10:38:16 @multi_evo_agent_runner.py:79] #------------------------ Iteration 407 --------------------------#
[20260602 10:38:32 @multi_evo_agent_runner.py:85] Sampling 50000 steps by 50 slaves, spending 15.95 s.
[20260602 10:39:02 @multi_evo_agent_runner.py:94] Policy update, spending: 29.31 s.
[20260602 10:39:04 @multi_evo_agent_runner.py:99] Evaluation time: 2.32 s.
[20260602 10:39:04 @multi_evo_agent_runner.py:105] Total time:     324.85 min
[20260602 10:39:04 @multi_evo_agent_runner.py:115] Agent_0 gets eval reward: 347.28.
[20260602 10:39:04 @multi_evo_agent_runner.py:116] Agent_0 gets win rate: 0.39.
[20260602 10:39:04 @multi_evo_agent_runner.py:115] Agent_1 gets eval reward: 270.49.
[20260602 10:39:04 @multi_evo_agent_runner.py:116] Agent_1 gets win rate: 0.31.
[20260602 10:39:04 @multi_evo_agent_runner.py:79] #------------------------ Iteration 408 --------------------------#
[20260602 10:39:21 @multi_evo_agent_runner.py:85] Sampling 50000 steps by 50 slaves, spending 16.37 s.
[20260602 10:39:51 @multi_evo_agent_runner.py:94] Policy update, spending: 30.52 s.
[20260602 10:39:53 @multi_evo_agent_runner.py:99] Evaluation time: 2.05 s.
[20260602 10:39:53 @multi_evo_agent_runner.py:105] Total time:     325.68 min
[20260602 10:39:53 @multi_evo_agent_runner.py:115] Agent_0 gets eval reward: 683.13.
[20260602 10:39:53 @multi_evo_agent_runner.py:116] Agent_0 gets win rate: 0.44.
[20260602 10:39:53 @multi_evo_agent_runner.py:115] Agent_1 gets eval reward: 385.03.
[20260602 10:39:53 @multi_evo_agent_runner.py:116] Agent_1 gets win rate: 0.22.
[20260602 10:39:53 @multi_evo_agent_runner.py:79] #------------------------ Iteration 409 --------------------------#
[20260602 10:40:10 @multi_evo_agent_runner.py:85] Sampling 50000 steps by 50 slaves, spending 16.62 s.
[20260602 10:40:40 @multi_evo_agent_runner.py:94] Policy update, spending: 29.67 s.
[20260602 10:40:42 @multi_evo_agent_runner.py:99] Evaluation time: 2.19 s.
[20260602 10:40:42 @multi_evo_agent_runner.py:105] Total time:     326.49 min
[20260602 10:40:42 @multi_evo_agent_runner.py:115] Agent_0 gets eval reward: -73.91.
[20260602 10:40:42 @multi_evo_agent_runner.py:116] Agent_0 gets win rate: 0.08.
[20260602 10:40:42 @multi_evo_agent_runner.py:115] Agent_1 gets eval reward: 769.64.
[20260602 10:40:42 @multi_evo_agent_runner.py:116] Agent_1 gets win rate: 0.24.
[20260602 10:40:42 @multi_evo_agent_runner.py:79] #------------------------ Iteration 410 --------------------------#
[20260602 10:40:59 @multi_evo_agent_runner.py:85] Sampling 50000 steps by 50 slaves, spending 16.42 s.
[20260602 10:41:28 @multi_evo_agent_runner.py:94] Policy update, spending: 29.24 s.
[20260602 10:41:30 @multi_evo_agent_runner.py:99] Evaluation time: 2.36 s.
[20260602 10:41:30 @multi_evo_agent_runner.py:105] Total time:     327.29 min
[20260602 10:41:30 @multi_evo_agent_runner.py:115] Agent_0 gets eval reward: 255.23.
[20260602 10:41:30 @multi_evo_agent_runner.py:116] Agent_0 gets win rate: 0.43.
[20260602 10:41:30 @multi_evo_agent_runner.py:115] Agent_1 gets eval reward: 454.72.
[20260602 10:41:30 @multi_evo_agent_runner.py:116] Agent_1 gets win rate: 0.33.
[20260602 10:41:30 @multi_evo_agent_runner.py:79] #------------------------ Iteration 411 --------------------------#
[20260602 10:41:47 @multi_evo_agent_runner.py:85] Sampling 50000 steps by 50 slaves, spending 16.71 s.
[20260602 10:42:17 @multi_evo_agent_runner.py:94] Policy update, spending: 29.59 s.
[20260602 10:42:19 @multi_evo_agent_runner.py:99] Evaluation time: 2.05 s.
[20260602 10:42:19 @multi_evo_agent_runner.py:105] Total time:     328.10 min
[20260602 10:42:19 @multi_evo_agent_runner.py:115] Agent_0 gets eval reward: 514.33.
[20260602 10:42:19 @multi_evo_agent_runner.py:116] Agent_0 gets win rate: 0.36.
[20260602 10:42:19 @multi_evo_agent_runner.py:115] Agent_1 gets eval reward: 246.04.
[20260602 10:42:19 @multi_evo_agent_runner.py:116] Agent_1 gets win rate: 0.28.
[20260602 10:42:19 @multi_evo_agent_runner.py:79] #------------------------ Iteration 412 --------------------------#
[20260602 10:42:36 @multi_evo_agent_runner.py:85] Sampling 50000 steps by 50 slaves, spending 16.89 s.
[20260602 10:43:06 @multi_evo_agent_runner.py:94] Policy update, spending: 30.01 s.
[20260602 10:43:08 @multi_evo_agent_runner.py:99] Evaluation time: 2.04 s.
[20260602 10:43:08 @multi_evo_agent_runner.py:105] Total time:     328.92 min
[20260602 10:43:08 @multi_evo_agent_runner.py:115] Agent_0 gets eval reward: 382.07.
[20260602 10:43:08 @multi_evo_agent_runner.py:116] Agent_0 gets win rate: 0.32.
[20260602 10:43:08 @multi_evo_agent_runner.py:115] Agent_1 gets eval reward: 366.75.
[20260602 10:43:08 @multi_evo_agent_runner.py:116] Agent_1 gets win rate: 0.30.
[20260602 10:43:08 @multi_evo_agent_runner.py:79] #------------------------ Iteration 413 --------------------------#
[20260602 10:43:25 @multi_evo_agent_runner.py:85] Sampling 50000 steps by 50 slaves, spending 16.76 s.
[20260602 10:43:55 @multi_evo_agent_runner.py:94] Policy update, spending: 30.10 s.
[20260602 10:43:57 @multi_evo_agent_runner.py:99] Evaluation time: 2.15 s.
[20260602 10:43:57 @multi_evo_agent_runner.py:105] Total time:     329.74 min
[20260602 10:43:57 @multi_evo_agent_runner.py:115] Agent_0 gets eval reward: 569.59.
[20260602 10:43:57 @multi_evo_agent_runner.py:116] Agent_0 gets win rate: 0.51.
[20260602 10:43:57 @multi_evo_agent_runner.py:115] Agent_1 gets eval reward: 285.89.
[20260602 10:43:57 @multi_evo_agent_runner.py:116] Agent_1 gets win rate: 0.18.
[20260602 10:43:58 @multi_evo_agent_runner.py:79] #------------------------ Iteration 414 --------------------------#
[20260602 10:44:14 @multi_evo_agent_runner.py:85] Sampling 50000 steps by 50 slaves, spending 16.27 s.
[20260602 10:44:44 @multi_evo_agent_runner.py:94] Policy update, spending: 29.90 s.
[20260602 10:44:46 @multi_evo_agent_runner.py:99] Evaluation time: 2.40 s.
[20260602 10:44:46 @multi_evo_agent_runner.py:105] Total time:     330.56 min
[20260602 10:44:46 @multi_evo_agent_runner.py:115] Agent_0 gets eval reward: 562.71.
[20260602 10:44:46 @multi_evo_agent_runner.py:116] Agent_0 gets win rate: 0.35.
[20260602 10:44:46 @multi_evo_agent_runner.py:115] Agent_1 gets eval reward: 251.96.
[20260602 10:44:46 @multi_evo_agent_runner.py:116] Agent_1 gets win rate: 0.30.
[20260602 10:44:46 @multi_evo_agent_runner.py:79] #------------------------ Iteration 415 --------------------------#
[20260602 10:45:02 @multi_evo_agent_runner.py:85] Sampling 50000 steps by 50 slaves, spending 15.83 s.
[20260602 10:45:31 @multi_evo_agent_runner.py:94] Policy update, spending: 28.79 s.
[20260602 10:45:33 @multi_evo_agent_runner.py:99] Evaluation time: 2.27 s.
[20260602 10:45:33 @multi_evo_agent_runner.py:105] Total time:     331.35 min
[20260602 10:45:33 @multi_evo_agent_runner.py:115] Agent_0 gets eval reward: 58.67.
[20260602 10:45:33 @multi_evo_agent_runner.py:116] Agent_0 gets win rate: 0.18.
[20260602 10:45:33 @multi_evo_agent_runner.py:115] Agent_1 gets eval reward: 835.76.
[20260602 10:45:33 @multi_evo_agent_runner.py:116] Agent_1 gets win rate: 0.41.
[20260602 10:45:34 @multi_evo_agent_runner.py:79] #------------------------ Iteration 416 --------------------------#
[20260602 10:45:51 @multi_evo_agent_runner.py:85] Sampling 50000 steps by 50 slaves, spending 16.98 s.
[20260602 10:46:21 @multi_evo_agent_runner.py:94] Policy update, spending: 30.10 s.
[20260602 10:46:23 @multi_evo_agent_runner.py:99] Evaluation time: 2.10 s.
[20260602 10:46:23 @multi_evo_agent_runner.py:105] Total time:     332.17 min
[20260602 10:46:23 @multi_evo_agent_runner.py:115] Agent_0 gets eval reward: -157.83.
[20260602 10:46:23 @multi_evo_agent_runner.py:116] Agent_0 gets win rate: 0.16.
[20260602 10:46:23 @multi_evo_agent_runner.py:115] Agent_1 gets eval reward: 873.13.
[20260602 10:46:23 @multi_evo_agent_runner.py:116] Agent_1 gets win rate: 0.63.
[20260602 10:46:23 @multi_evo_agent_runner.py:503] CRITICAL save best checkpoint with agent_1's rewards 873.13!
[20260602 10:46:23 @multi_evo_agent_runner.py:79] #------------------------ Iteration 417 --------------------------#
[20260602 10:46:39 @multi_evo_agent_runner.py:85] Sampling 50000 steps by 50 slaves, spending 16.21 s.
[20260602 10:47:09 @multi_evo_agent_runner.py:94] Policy update, spending: 29.46 s.
[20260602 10:47:11 @multi_evo_agent_runner.py:99] Evaluation time: 2.43 s.
[20260602 10:47:11 @multi_evo_agent_runner.py:105] Total time:     332.98 min
[20260602 10:47:11 @multi_evo_agent_runner.py:115] Agent_0 gets eval reward: 618.23.
[20260602 10:47:11 @multi_evo_agent_runner.py:116] Agent_0 gets win rate: 0.38.
[20260602 10:47:11 @multi_evo_agent_runner.py:115] Agent_1 gets eval reward: 72.94.
[20260602 10:47:11 @multi_evo_agent_runner.py:116] Agent_1 gets win rate: 0.09.
[20260602 10:47:11 @multi_evo_agent_runner.py:79] #------------------------ Iteration 418 --------------------------#
[20260602 10:47:28 @multi_evo_agent_runner.py:85] Sampling 50000 steps by 50 slaves, spending 17.06 s.
[20260602 10:47:58 @multi_evo_agent_runner.py:94] Policy update, spending: 29.98 s.
[20260602 10:48:00 @multi_evo_agent_runner.py:99] Evaluation time: 2.01 s.
[20260602 10:48:00 @multi_evo_agent_runner.py:105] Total time:     333.80 min
[20260602 10:48:01 @multi_evo_agent_runner.py:115] Agent_0 gets eval reward: 272.59.
[20260602 10:48:01 @multi_evo_agent_runner.py:116] Agent_0 gets win rate: 0.39.
[20260602 10:48:01 @multi_evo_agent_runner.py:115] Agent_1 gets eval reward: 457.59.
[20260602 10:48:01 @multi_evo_agent_runner.py:116] Agent_1 gets win rate: 0.33.
[20260602 10:48:01 @multi_evo_agent_runner.py:79] #------------------------ Iteration 419 --------------------------#
[20260602 10:48:18 @multi_evo_agent_runner.py:85] Sampling 50000 steps by 50 slaves, spending 16.82 s.
[20260602 10:48:48 @multi_evo_agent_runner.py:94] Policy update, spending: 30.40 s.
[20260602 10:48:50 @multi_evo_agent_runner.py:99] Evaluation time: 2.53 s.
[20260602 10:48:50 @multi_evo_agent_runner.py:105] Total time:     334.63 min
[20260602 10:48:51 @multi_evo_agent_runner.py:115] Agent_0 gets eval reward: 109.83.
[20260602 10:48:51 @multi_evo_agent_runner.py:116] Agent_0 gets win rate: 0.18.
[20260602 10:48:51 @multi_evo_agent_runner.py:115] Agent_1 gets eval reward: 522.41.
[20260602 10:48:51 @multi_evo_agent_runner.py:116] Agent_1 gets win rate: 0.21.
[20260602 10:48:51 @multi_evo_agent_runner.py:79] #------------------------ Iteration 420 --------------------------#
[20260602 10:49:08 @multi_evo_agent_runner.py:85] Sampling 50000 steps by 50 slaves, spending 17.07 s.
[20260602 10:49:39 @multi_evo_agent_runner.py:94] Policy update, spending: 30.90 s.
[20260602 10:49:41 @multi_evo_agent_runner.py:99] Evaluation time: 2.12 s.
[20260602 10:49:41 @multi_evo_agent_runner.py:105] Total time:     335.47 min
[20260602 10:49:41 @multi_evo_agent_runner.py:115] Agent_0 gets eval reward: 98.20.
[20260602 10:49:41 @multi_evo_agent_runner.py:116] Agent_0 gets win rate: 0.29.
[20260602 10:49:41 @multi_evo_agent_runner.py:115] Agent_1 gets eval reward: 750.79.
[20260602 10:49:41 @multi_evo_agent_runner.py:116] Agent_1 gets win rate: 0.40.
[20260602 10:49:41 @multi_evo_agent_runner.py:79] #------------------------ Iteration 421 --------------------------#
[20260602 10:49:58 @multi_evo_agent_runner.py:85] Sampling 50000 steps by 50 slaves, spending 17.14 s.
[20260602 10:50:29 @multi_evo_agent_runner.py:94] Policy update, spending: 30.71 s.
[20260602 10:50:31 @multi_evo_agent_runner.py:99] Evaluation time: 2.21 s.
[20260602 10:50:31 @multi_evo_agent_runner.py:105] Total time:     336.31 min
[20260602 10:50:31 @multi_evo_agent_runner.py:115] Agent_0 gets eval reward: 184.35.
[20260602 10:50:31 @multi_evo_agent_runner.py:116] Agent_0 gets win rate: 0.18.
[20260602 10:50:31 @multi_evo_agent_runner.py:115] Agent_1 gets eval reward: 975.34.
[20260602 10:50:31 @multi_evo_agent_runner.py:116] Agent_1 gets win rate: 0.38.
[20260602 10:50:31 @multi_evo_agent_runner.py:503] CRITICAL save best checkpoint with agent_1's rewards 975.34!
[20260602 10:50:31 @multi_evo_agent_runner.py:79] #------------------------ Iteration 422 --------------------------#
[20260602 10:50:49 @multi_evo_agent_runner.py:85] Sampling 50000 steps by 50 slaves, spending 17.14 s.
[20260602 10:51:19 @multi_evo_agent_runner.py:94] Policy update, spending: 30.23 s.
[20260602 10:51:21 @multi_evo_agent_runner.py:99] Evaluation time: 2.09 s.
[20260602 10:51:21 @multi_evo_agent_runner.py:105] Total time:     337.14 min
[20260602 10:51:21 @multi_evo_agent_runner.py:115] Agent_0 gets eval reward: 314.65.
[20260602 10:51:21 @multi_evo_agent_runner.py:116] Agent_0 gets win rate: 0.35.
[20260602 10:51:21 @multi_evo_agent_runner.py:115] Agent_1 gets eval reward: 398.18.
[20260602 10:51:21 @multi_evo_agent_runner.py:116] Agent_1 gets win rate: 0.38.
[20260602 10:51:21 @multi_evo_agent_runner.py:79] #------------------------ Iteration 423 --------------------------#
[20260602 10:51:39 @multi_evo_agent_runner.py:85] Sampling 50000 steps by 50 slaves, spending 17.41 s.
[20260602 10:52:10 @multi_evo_agent_runner.py:94] Policy update, spending: 31.22 s.
[20260602 10:52:12 @multi_evo_agent_runner.py:99] Evaluation time: 2.18 s.
[20260602 10:52:12 @multi_evo_agent_runner.py:105] Total time:     337.99 min
[20260602 10:52:12 @multi_evo_agent_runner.py:115] Agent_0 gets eval reward: 114.93.
[20260602 10:52:12 @multi_evo_agent_runner.py:116] Agent_0 gets win rate: 0.17.
[20260602 10:52:12 @multi_evo_agent_runner.py:115] Agent_1 gets eval reward: 857.62.
[20260602 10:52:12 @multi_evo_agent_runner.py:116] Agent_1 gets win rate: 0.46.
[20260602 10:52:12 @multi_evo_agent_runner.py:503] CRITICAL save best checkpoint with agent_1's rewards 857.62!
[20260602 10:52:12 @multi_evo_agent_runner.py:79] #------------------------ Iteration 424 --------------------------#
[20260602 10:52:30 @multi_evo_agent_runner.py:85] Sampling 50000 steps by 50 slaves, spending 17.31 s.
[20260602 10:53:01 @multi_evo_agent_runner.py:94] Policy update, spending: 31.18 s.
[20260602 10:53:03 @multi_evo_agent_runner.py:99] Evaluation time: 2.10 s.
[20260602 10:53:03 @multi_evo_agent_runner.py:105] Total time:     338.84 min
[20260602 10:53:03 @multi_evo_agent_runner.py:115] Agent_0 gets eval reward: 753.29.
[20260602 10:53:03 @multi_evo_agent_runner.py:116] Agent_0 gets win rate: 0.40.
[20260602 10:53:03 @multi_evo_agent_runner.py:115] Agent_1 gets eval reward: 421.77.
[20260602 10:53:03 @multi_evo_agent_runner.py:116] Agent_1 gets win rate: 0.26.
[20260602 10:53:03 @multi_evo_agent_runner.py:79] #------------------------ Iteration 425 --------------------------#
[20260602 10:53:20 @multi_evo_agent_runner.py:85] Sampling 50000 steps by 50 slaves, spending 16.40 s.
[20260602 10:53:50 @multi_evo_agent_runner.py:94] Policy update, spending: 30.42 s.
[20260602 10:53:52 @multi_evo_agent_runner.py:99] Evaluation time: 2.26 s.
[20260602 10:53:52 @multi_evo_agent_runner.py:105] Total time:     339.66 min
[20260602 10:53:52 @multi_evo_agent_runner.py:115] Agent_0 gets eval reward: -88.23.
[20260602 10:53:52 @multi_evo_agent_runner.py:116] Agent_0 gets win rate: 0.26.
[20260602 10:53:52 @multi_evo_agent_runner.py:115] Agent_1 gets eval reward: 652.79.
[20260602 10:53:52 @multi_evo_agent_runner.py:116] Agent_1 gets win rate: 0.51.
[20260602 10:53:52 @multi_evo_agent_runner.py:503] CRITICAL save best checkpoint with agent_1's rewards 652.79!
[20260602 10:53:52 @multi_evo_agent_runner.py:79] #------------------------ Iteration 426 --------------------------#
[20260602 10:54:09 @multi_evo_agent_runner.py:85] Sampling 50000 steps by 50 slaves, spending 16.52 s.
[20260602 10:54:39 @multi_evo_agent_runner.py:94] Policy update, spending: 30.30 s.
[20260602 10:54:42 @multi_evo_agent_runner.py:99] Evaluation time: 2.22 s.
[20260602 10:54:42 @multi_evo_agent_runner.py:105] Total time:     340.48 min
[20260602 10:54:42 @multi_evo_agent_runner.py:115] Agent_0 gets eval reward: 54.09.
[20260602 10:54:42 @multi_evo_agent_runner.py:116] Agent_0 gets win rate: 0.24.
[20260602 10:54:42 @multi_evo_agent_runner.py:115] Agent_1 gets eval reward: 588.83.
[20260602 10:54:42 @multi_evo_agent_runner.py:116] Agent_1 gets win rate: 0.41.
[20260602 10:54:42 @multi_evo_agent_runner.py:79] #------------------------ Iteration 427 --------------------------#
[20260602 10:54:59 @multi_evo_agent_runner.py:85] Sampling 50000 steps by 50 slaves, spending 17.08 s.
[20260602 10:55:29 @multi_evo_agent_runner.py:94] Policy update, spending: 30.50 s.
[20260602 10:55:32 @multi_evo_agent_runner.py:99] Evaluation time: 2.34 s.
[20260602 10:55:32 @multi_evo_agent_runner.py:105] Total time:     341.32 min
[20260602 10:55:32 @multi_evo_agent_runner.py:115] Agent_0 gets eval reward: 319.35.
[20260602 10:55:32 @multi_evo_agent_runner.py:116] Agent_0 gets win rate: 0.38.
[20260602 10:55:32 @multi_evo_agent_runner.py:115] Agent_1 gets eval reward: 268.76.
[20260602 10:55:32 @multi_evo_agent_runner.py:116] Agent_1 gets win rate: 0.33.
[20260602 10:55:32 @multi_evo_agent_runner.py:79] #------------------------ Iteration 428 --------------------------#
[20260602 10:55:48 @multi_evo_agent_runner.py:85] Sampling 50000 steps by 50 slaves, spending 15.77 s.
[20260602 10:56:17 @multi_evo_agent_runner.py:94] Policy update, spending: 29.73 s.
[20260602 10:56:20 @multi_evo_agent_runner.py:99] Evaluation time: 2.43 s.
[20260602 10:56:20 @multi_evo_agent_runner.py:105] Total time:     342.12 min
[20260602 10:56:20 @multi_evo_agent_runner.py:115] Agent_0 gets eval reward: 574.85.
[20260602 10:56:20 @multi_evo_agent_runner.py:116] Agent_0 gets win rate: 0.56.
[20260602 10:56:20 @multi_evo_agent_runner.py:115] Agent_1 gets eval reward: 237.44.
[20260602 10:56:20 @multi_evo_agent_runner.py:116] Agent_1 gets win rate: 0.26.
[20260602 10:56:20 @multi_evo_agent_runner.py:503] CRITICAL save best checkpoint with agent_0's rewards 574.85!
[20260602 10:56:20 @multi_evo_agent_runner.py:79] #------------------------ Iteration 429 --------------------------#
[20260602 10:56:36 @multi_evo_agent_runner.py:85] Sampling 50000 steps by 50 slaves, spending 15.97 s.
[20260602 10:57:06 @multi_evo_agent_runner.py:94] Policy update, spending: 29.72 s.
[20260602 10:57:08 @multi_evo_agent_runner.py:99] Evaluation time: 2.06 s.
[20260602 10:57:08 @multi_evo_agent_runner.py:105] Total time:     342.92 min
[20260602 10:57:08 @multi_evo_agent_runner.py:115] Agent_0 gets eval reward: 168.81.
[20260602 10:57:08 @multi_evo_agent_runner.py:116] Agent_0 gets win rate: 0.37.
[20260602 10:57:08 @multi_evo_agent_runner.py:115] Agent_1 gets eval reward: 467.74.
[20260602 10:57:08 @multi_evo_agent_runner.py:116] Agent_1 gets win rate: 0.43.
[20260602 10:57:08 @multi_evo_agent_runner.py:79] #------------------------ Iteration 430 --------------------------#
[20260602 10:57:24 @multi_evo_agent_runner.py:85] Sampling 50000 steps by 50 slaves, spending 15.76 s.
[20260602 10:57:53 @multi_evo_agent_runner.py:94] Policy update, spending: 29.27 s.
[20260602 10:57:55 @multi_evo_agent_runner.py:99] Evaluation time: 1.95 s.
[20260602 10:57:55 @multi_evo_agent_runner.py:105] Total time:     343.71 min
[20260602 10:57:55 @multi_evo_agent_runner.py:115] Agent_0 gets eval reward: 542.34.
[20260602 10:57:55 @multi_evo_agent_runner.py:116] Agent_0 gets win rate: 0.31.
[20260602 10:57:55 @multi_evo_agent_runner.py:115] Agent_1 gets eval reward: 339.19.
[20260602 10:57:55 @multi_evo_agent_runner.py:116] Agent_1 gets win rate: 0.28.
[20260602 10:57:55 @multi_evo_agent_runner.py:79] #------------------------ Iteration 431 --------------------------#
[20260602 10:58:12 @multi_evo_agent_runner.py:85] Sampling 50000 steps by 50 slaves, spending 16.72 s.
[20260602 10:58:43 @multi_evo_agent_runner.py:94] Policy update, spending: 30.75 s.
[20260602 10:58:46 @multi_evo_agent_runner.py:99] Evaluation time: 2.59 s.
[20260602 10:58:46 @multi_evo_agent_runner.py:105] Total time:     344.55 min
[20260602 10:58:46 @multi_evo_agent_runner.py:115] Agent_0 gets eval reward: 551.35.
[20260602 10:58:46 @multi_evo_agent_runner.py:116] Agent_0 gets win rate: 0.41.
[20260602 10:58:46 @multi_evo_agent_runner.py:115] Agent_1 gets eval reward: 401.61.
[20260602 10:58:46 @multi_evo_agent_runner.py:116] Agent_1 gets win rate: 0.12.
[20260602 10:58:46 @multi_evo_agent_runner.py:79] #------------------------ Iteration 432 --------------------------#
[20260602 10:59:03 @multi_evo_agent_runner.py:85] Sampling 50000 steps by 50 slaves, spending 16.72 s.
[20260602 10:59:33 @multi_evo_agent_runner.py:94] Policy update, spending: 30.33 s.
[20260602 10:59:35 @multi_evo_agent_runner.py:99] Evaluation time: 2.02 s.
[20260602 10:59:35 @multi_evo_agent_runner.py:105] Total time:     345.37 min
[20260602 10:59:35 @multi_evo_agent_runner.py:115] Agent_0 gets eval reward: 535.08.
[20260602 10:59:35 @multi_evo_agent_runner.py:116] Agent_0 gets win rate: 0.41.
[20260602 10:59:35 @multi_evo_agent_runner.py:115] Agent_1 gets eval reward: 538.01.
[20260602 10:59:35 @multi_evo_agent_runner.py:116] Agent_1 gets win rate: 0.43.
[20260602 10:59:35 @multi_evo_agent_runner.py:79] #------------------------ Iteration 433 --------------------------#
[20260602 10:59:52 @multi_evo_agent_runner.py:85] Sampling 50000 steps by 50 slaves, spending 16.83 s.
[20260602 11:00:22 @multi_evo_agent_runner.py:94] Policy update, spending: 30.23 s.
[20260602 11:00:25 @multi_evo_agent_runner.py:99] Evaluation time: 2.37 s.
[20260602 11:00:25 @multi_evo_agent_runner.py:105] Total time:     346.20 min
[20260602 11:00:25 @multi_evo_agent_runner.py:115] Agent_0 gets eval reward: 464.64.
[20260602 11:00:25 @multi_evo_agent_runner.py:116] Agent_0 gets win rate: 0.34.
[20260602 11:00:25 @multi_evo_agent_runner.py:115] Agent_1 gets eval reward: 694.14.
[20260602 11:00:25 @multi_evo_agent_runner.py:116] Agent_1 gets win rate: 0.41.
[20260602 11:00:25 @multi_evo_agent_runner.py:503] CRITICAL save best checkpoint with agent_1's rewards 694.14!
[20260602 11:00:25 @multi_evo_agent_runner.py:79] #------------------------ Iteration 434 --------------------------#
[20260602 11:00:42 @multi_evo_agent_runner.py:85] Sampling 50000 steps by 50 slaves, spending 16.96 s.
[20260602 11:01:12 @multi_evo_agent_runner.py:94] Policy update, spending: 29.92 s.
[20260602 11:01:14 @multi_evo_agent_runner.py:99] Evaluation time: 2.34 s.
[20260602 11:01:14 @multi_evo_agent_runner.py:105] Total time:     347.02 min
[20260602 11:01:14 @multi_evo_agent_runner.py:115] Agent_0 gets eval reward: 109.91.
[20260602 11:01:14 @multi_evo_agent_runner.py:116] Agent_0 gets win rate: 0.29.
[20260602 11:01:14 @multi_evo_agent_runner.py:115] Agent_1 gets eval reward: 603.49.
[20260602 11:01:14 @multi_evo_agent_runner.py:116] Agent_1 gets win rate: 0.26.
[20260602 11:01:14 @multi_evo_agent_runner.py:79] #------------------------ Iteration 435 --------------------------#
[20260602 11:01:31 @multi_evo_agent_runner.py:85] Sampling 50000 steps by 50 slaves, spending 16.99 s.
[20260602 11:02:02 @multi_evo_agent_runner.py:94] Policy update, spending: 30.88 s.
[20260602 11:02:05 @multi_evo_agent_runner.py:99] Evaluation time: 2.41 s.
[20260602 11:02:05 @multi_evo_agent_runner.py:105] Total time:     347.87 min
[20260602 11:02:05 @multi_evo_agent_runner.py:115] Agent_0 gets eval reward: 317.32.
[20260602 11:02:05 @multi_evo_agent_runner.py:116] Agent_0 gets win rate: 0.45.
[20260602 11:02:05 @multi_evo_agent_runner.py:115] Agent_1 gets eval reward: 182.07.
[20260602 11:02:05 @multi_evo_agent_runner.py:116] Agent_1 gets win rate: 0.26.
[20260602 11:02:05 @multi_evo_agent_runner.py:79] #------------------------ Iteration 436 --------------------------#
[20260602 11:02:22 @multi_evo_agent_runner.py:85] Sampling 50000 steps by 50 slaves, spending 16.84 s.
[20260602 11:02:51 @multi_evo_agent_runner.py:94] Policy update, spending: 29.69 s.
[20260602 11:02:53 @multi_evo_agent_runner.py:99] Evaluation time: 2.06 s.
[20260602 11:02:53 @multi_evo_agent_runner.py:105] Total time:     348.68 min
[20260602 11:02:54 @multi_evo_agent_runner.py:115] Agent_0 gets eval reward: 167.04.
[20260602 11:02:54 @multi_evo_agent_runner.py:116] Agent_0 gets win rate: 0.29.
[20260602 11:02:54 @multi_evo_agent_runner.py:115] Agent_1 gets eval reward: 590.23.
[20260602 11:02:54 @multi_evo_agent_runner.py:116] Agent_1 gets win rate: 0.47.
[20260602 11:02:54 @multi_evo_agent_runner.py:503] CRITICAL save best checkpoint with agent_1's rewards 590.23!
[20260602 11:02:54 @multi_evo_agent_runner.py:79] #------------------------ Iteration 437 --------------------------#
[20260602 11:03:11 @multi_evo_agent_runner.py:85] Sampling 50000 steps by 50 slaves, spending 17.35 s.
[20260602 11:03:41 @multi_evo_agent_runner.py:94] Policy update, spending: 30.24 s.
[20260602 11:03:43 @multi_evo_agent_runner.py:99] Evaluation time: 2.14 s.
[20260602 11:03:43 @multi_evo_agent_runner.py:105] Total time:     349.51 min
[20260602 11:03:44 @multi_evo_agent_runner.py:115] Agent_0 gets eval reward: 82.45.
[20260602 11:03:44 @multi_evo_agent_runner.py:116] Agent_0 gets win rate: 0.29.
[20260602 11:03:44 @multi_evo_agent_runner.py:115] Agent_1 gets eval reward: 680.61.
[20260602 11:03:44 @multi_evo_agent_runner.py:116] Agent_1 gets win rate: 0.42.
[20260602 11:03:44 @multi_evo_agent_runner.py:503] CRITICAL save best checkpoint with agent_1's rewards 680.61!
[20260602 11:03:44 @multi_evo_agent_runner.py:79] #------------------------ Iteration 438 --------------------------#
[20260602 11:04:00 @multi_evo_agent_runner.py:85] Sampling 50000 steps by 50 slaves, spending 16.54 s.
[20260602 11:04:30 @multi_evo_agent_runner.py:94] Policy update, spending: 30.04 s.
[20260602 11:04:32 @multi_evo_agent_runner.py:99] Evaluation time: 2.16 s.
[20260602 11:04:32 @multi_evo_agent_runner.py:105] Total time:     350.33 min
[20260602 11:04:33 @multi_evo_agent_runner.py:115] Agent_0 gets eval reward: -23.72.
[20260602 11:04:33 @multi_evo_agent_runner.py:116] Agent_0 gets win rate: 0.07.
[20260602 11:04:33 @multi_evo_agent_runner.py:115] Agent_1 gets eval reward: 836.82.
[20260602 11:04:33 @multi_evo_agent_runner.py:116] Agent_1 gets win rate: 0.36.
[20260602 11:04:33 @multi_evo_agent_runner.py:503] CRITICAL save best checkpoint with agent_1's rewards 836.82!
[20260602 11:04:33 @multi_evo_agent_runner.py:79] #------------------------ Iteration 439 --------------------------#
[20260602 11:04:50 @multi_evo_agent_runner.py:85] Sampling 50000 steps by 50 slaves, spending 17.20 s.
[20260602 11:05:20 @multi_evo_agent_runner.py:94] Policy update, spending: 30.30 s.
[20260602 11:05:22 @multi_evo_agent_runner.py:99] Evaluation time: 2.08 s.
[20260602 11:05:22 @multi_evo_agent_runner.py:105] Total time:     351.16 min
[20260602 11:05:23 @multi_evo_agent_runner.py:115] Agent_0 gets eval reward: 551.89.
[20260602 11:05:23 @multi_evo_agent_runner.py:116] Agent_0 gets win rate: 0.44.
[20260602 11:05:23 @multi_evo_agent_runner.py:115] Agent_1 gets eval reward: 189.09.
[20260602 11:05:23 @multi_evo_agent_runner.py:116] Agent_1 gets win rate: 0.28.
[20260602 11:05:23 @multi_evo_agent_runner.py:79] #------------------------ Iteration 440 --------------------------#
[20260602 11:05:39 @multi_evo_agent_runner.py:85] Sampling 50000 steps by 50 slaves, spending 15.95 s.
[20260602 11:06:08 @multi_evo_agent_runner.py:94] Policy update, spending: 29.78 s.
[20260602 11:06:11 @multi_evo_agent_runner.py:99] Evaluation time: 2.22 s.
[20260602 11:06:11 @multi_evo_agent_runner.py:105] Total time:     351.97 min
[20260602 11:06:11 @multi_evo_agent_runner.py:115] Agent_0 gets eval reward: 256.04.
[20260602 11:06:11 @multi_evo_agent_runner.py:116] Agent_0 gets win rate: 0.33.
[20260602 11:06:11 @multi_evo_agent_runner.py:115] Agent_1 gets eval reward: 271.67.
[20260602 11:06:11 @multi_evo_agent_runner.py:116] Agent_1 gets win rate: 0.27.
[20260602 11:06:11 @multi_evo_agent_runner.py:79] #------------------------ Iteration 441 --------------------------#
[20260602 11:06:27 @multi_evo_agent_runner.py:85] Sampling 50000 steps by 50 slaves, spending 16.52 s.
[20260602 11:06:58 @multi_evo_agent_runner.py:94] Policy update, spending: 30.89 s.
[20260602 11:07:01 @multi_evo_agent_runner.py:99] Evaluation time: 2.29 s.
[20260602 11:07:01 @multi_evo_agent_runner.py:105] Total time:     352.80 min
[20260602 11:07:01 @multi_evo_agent_runner.py:115] Agent_0 gets eval reward: 489.47.
[20260602 11:07:01 @multi_evo_agent_runner.py:116] Agent_0 gets win rate: 0.40.
[20260602 11:07:01 @multi_evo_agent_runner.py:115] Agent_1 gets eval reward: 179.33.
[20260602 11:07:01 @multi_evo_agent_runner.py:116] Agent_1 gets win rate: 0.26.
[20260602 11:07:01 @multi_evo_agent_runner.py:79] #------------------------ Iteration 442 --------------------------#
[20260602 11:07:17 @multi_evo_agent_runner.py:85] Sampling 50000 steps by 50 slaves, spending 16.06 s.
[20260602 11:07:46 @multi_evo_agent_runner.py:94] Policy update, spending: 29.04 s.
[20260602 11:07:48 @multi_evo_agent_runner.py:99] Evaluation time: 2.05 s.
[20260602 11:07:48 @multi_evo_agent_runner.py:105] Total time:     353.59 min
[20260602 11:07:48 @multi_evo_agent_runner.py:115] Agent_0 gets eval reward: 558.03.
[20260602 11:07:48 @multi_evo_agent_runner.py:116] Agent_0 gets win rate: 0.27.
[20260602 11:07:48 @multi_evo_agent_runner.py:115] Agent_1 gets eval reward: 255.19.
[20260602 11:07:48 @multi_evo_agent_runner.py:116] Agent_1 gets win rate: 0.15.
[20260602 11:07:48 @multi_evo_agent_runner.py:79] #------------------------ Iteration 443 --------------------------#
[20260602 11:08:05 @multi_evo_agent_runner.py:85] Sampling 50000 steps by 50 slaves, spending 16.77 s.
[20260602 11:08:36 @multi_evo_agent_runner.py:94] Policy update, spending: 30.54 s.
[20260602 11:08:38 @multi_evo_agent_runner.py:99] Evaluation time: 2.21 s.
[20260602 11:08:38 @multi_evo_agent_runner.py:105] Total time:     354.42 min
[20260602 11:08:38 @multi_evo_agent_runner.py:115] Agent_0 gets eval reward: 809.84.
[20260602 11:08:38 @multi_evo_agent_runner.py:116] Agent_0 gets win rate: 0.38.
[20260602 11:08:38 @multi_evo_agent_runner.py:115] Agent_1 gets eval reward: 549.82.
[20260602 11:08:38 @multi_evo_agent_runner.py:116] Agent_1 gets win rate: 0.17.
[20260602 11:08:38 @multi_evo_agent_runner.py:503] CRITICAL save best checkpoint with agent_0's rewards 809.84!
[20260602 11:08:38 @multi_evo_agent_runner.py:79] #------------------------ Iteration 444 --------------------------#
[20260602 11:08:55 @multi_evo_agent_runner.py:85] Sampling 50000 steps by 50 slaves, spending 16.80 s.
[20260602 11:09:25 @multi_evo_agent_runner.py:94] Policy update, spending: 30.62 s.
[20260602 11:09:28 @multi_evo_agent_runner.py:99] Evaluation time: 2.29 s.
[20260602 11:09:28 @multi_evo_agent_runner.py:105] Total time:     355.25 min
[20260602 11:09:28 @multi_evo_agent_runner.py:115] Agent_0 gets eval reward: 461.51.
[20260602 11:09:28 @multi_evo_agent_runner.py:116] Agent_0 gets win rate: 0.41.
[20260602 11:09:28 @multi_evo_agent_runner.py:115] Agent_1 gets eval reward: 619.89.
[20260602 11:09:28 @multi_evo_agent_runner.py:116] Agent_1 gets win rate: 0.24.
[20260602 11:09:28 @multi_evo_agent_runner.py:503] CRITICAL save best checkpoint with agent_0's rewards 461.51!
[20260602 11:09:28 @multi_evo_agent_runner.py:79] #------------------------ Iteration 445 --------------------------#
[20260602 11:09:45 @multi_evo_agent_runner.py:85] Sampling 50000 steps by 50 slaves, spending 16.56 s.
[20260602 11:10:15 @multi_evo_agent_runner.py:94] Policy update, spending: 30.34 s.
[20260602 11:10:17 @multi_evo_agent_runner.py:99] Evaluation time: 2.27 s.
[20260602 11:10:17 @multi_evo_agent_runner.py:105] Total time:     356.08 min
[20260602 11:10:17 @multi_evo_agent_runner.py:115] Agent_0 gets eval reward: 116.15.
[20260602 11:10:17 @multi_evo_agent_runner.py:116] Agent_0 gets win rate: 0.20.
[20260602 11:10:17 @multi_evo_agent_runner.py:115] Agent_1 gets eval reward: 756.86.
[20260602 11:10:17 @multi_evo_agent_runner.py:116] Agent_1 gets win rate: 0.40.
[20260602 11:10:17 @multi_evo_agent_runner.py:503] CRITICAL save best checkpoint with agent_1's rewards 756.86!
[20260602 11:10:17 @multi_evo_agent_runner.py:79] #------------------------ Iteration 446 --------------------------#
[20260602 11:10:34 @multi_evo_agent_runner.py:85] Sampling 50000 steps by 50 slaves, spending 16.31 s.
[20260602 11:11:03 @multi_evo_agent_runner.py:94] Policy update, spending: 29.53 s.
[20260602 11:11:06 @multi_evo_agent_runner.py:99] Evaluation time: 2.20 s.
[20260602 11:11:06 @multi_evo_agent_runner.py:105] Total time:     356.88 min
[20260602 11:11:06 @multi_evo_agent_runner.py:115] Agent_0 gets eval reward: 329.47.
[20260602 11:11:06 @multi_evo_agent_runner.py:116] Agent_0 gets win rate: 0.33.
[20260602 11:11:06 @multi_evo_agent_runner.py:115] Agent_1 gets eval reward: 234.58.
[20260602 11:11:06 @multi_evo_agent_runner.py:116] Agent_1 gets win rate: 0.33.
[20260602 11:11:06 @multi_evo_agent_runner.py:79] #------------------------ Iteration 447 --------------------------#
[20260602 11:11:22 @multi_evo_agent_runner.py:85] Sampling 50000 steps by 50 slaves, spending 16.64 s.
[20260602 11:11:52 @multi_evo_agent_runner.py:94] Policy update, spending: 29.41 s.
[20260602 11:11:54 @multi_evo_agent_runner.py:99] Evaluation time: 2.12 s.
[20260602 11:11:54 @multi_evo_agent_runner.py:105] Total time:     357.69 min
[20260602 11:11:54 @multi_evo_agent_runner.py:115] Agent_0 gets eval reward: -103.37.
[20260602 11:11:54 @multi_evo_agent_runner.py:116] Agent_0 gets win rate: 0.25.
[20260602 11:11:54 @multi_evo_agent_runner.py:115] Agent_1 gets eval reward: 952.74.
[20260602 11:11:54 @multi_evo_agent_runner.py:116] Agent_1 gets win rate: 0.47.
[20260602 11:11:54 @multi_evo_agent_runner.py:503] CRITICAL save best checkpoint with agent_1's rewards 952.74!
[20260602 11:11:54 @multi_evo_agent_runner.py:79] #------------------------ Iteration 448 --------------------------#
[20260602 11:12:11 @multi_evo_agent_runner.py:85] Sampling 50000 steps by 50 slaves, spending 17.08 s.
[20260602 11:12:42 @multi_evo_agent_runner.py:94] Policy update, spending: 31.13 s.
[20260602 11:12:45 @multi_evo_agent_runner.py:99] Evaluation time: 2.30 s.
[20260602 11:12:45 @multi_evo_agent_runner.py:105] Total time:     358.54 min
[20260602 11:12:45 @multi_evo_agent_runner.py:115] Agent_0 gets eval reward: 263.00.
[20260602 11:12:45 @multi_evo_agent_runner.py:116] Agent_0 gets win rate: 0.19.
[20260602 11:12:45 @multi_evo_agent_runner.py:115] Agent_1 gets eval reward: 503.59.
[20260602 11:12:45 @multi_evo_agent_runner.py:116] Agent_1 gets win rate: 0.12.
[20260602 11:12:45 @multi_evo_agent_runner.py:79] #------------------------ Iteration 449 --------------------------#
[20260602 11:13:02 @multi_evo_agent_runner.py:85] Sampling 50000 steps by 50 slaves, spending 17.12 s.
[20260602 11:13:32 @multi_evo_agent_runner.py:94] Policy update, spending: 30.08 s.
[20260602 11:13:34 @multi_evo_agent_runner.py:99] Evaluation time: 1.98 s.
[20260602 11:13:34 @multi_evo_agent_runner.py:105] Total time:     359.36 min
[20260602 11:13:34 @multi_evo_agent_runner.py:115] Agent_0 gets eval reward: 652.97.
[20260602 11:13:34 @multi_evo_agent_runner.py:116] Agent_0 gets win rate: 0.55.
[20260602 11:13:34 @multi_evo_agent_runner.py:115] Agent_1 gets eval reward: -243.30.
[20260602 11:13:34 @multi_evo_agent_runner.py:116] Agent_1 gets win rate: 0.13.
[20260602 11:13:34 @multi_evo_agent_runner.py:503] CRITICAL save best checkpoint with agent_0's rewards 652.97!
[20260602 11:13:34 @multi_evo_agent_runner.py:79] #------------------------ Iteration 450 --------------------------#
[20260602 11:13:51 @multi_evo_agent_runner.py:85] Sampling 50000 steps by 50 slaves, spending 16.48 s.
[20260602 11:14:21 @multi_evo_agent_runner.py:94] Policy update, spending: 30.04 s.
[20260602 11:14:23 @multi_evo_agent_runner.py:99] Evaluation time: 2.31 s.
[20260602 11:14:23 @multi_evo_agent_runner.py:105] Total time:     360.18 min
[20260602 11:14:23 @multi_evo_agent_runner.py:115] Agent_0 gets eval reward: 469.08.
[20260602 11:14:23 @multi_evo_agent_runner.py:116] Agent_0 gets win rate: 0.47.
[20260602 11:14:23 @multi_evo_agent_runner.py:115] Agent_1 gets eval reward: 319.38.
[20260602 11:14:23 @multi_evo_agent_runner.py:116] Agent_1 gets win rate: 0.35.
[20260602 11:14:24 @multi_evo_agent_runner.py:79] #------------------------ Iteration 451 --------------------------#
[20260602 11:14:41 @multi_evo_agent_runner.py:85] Sampling 50000 steps by 50 slaves, spending 17.19 s.
[20260602 11:15:12 @multi_evo_agent_runner.py:94] Policy update, spending: 30.98 s.
[20260602 11:15:14 @multi_evo_agent_runner.py:99] Evaluation time: 2.08 s.
[20260602 11:15:14 @multi_evo_agent_runner.py:105] Total time:     361.02 min
[20260602 11:15:14 @multi_evo_agent_runner.py:115] Agent_0 gets eval reward: -202.69.
[20260602 11:15:14 @multi_evo_agent_runner.py:116] Agent_0 gets win rate: 0.18.
[20260602 11:15:14 @multi_evo_agent_runner.py:115] Agent_1 gets eval reward: 1030.75.
[20260602 11:15:14 @multi_evo_agent_runner.py:116] Agent_1 gets win rate: 0.55.
[20260602 11:15:14 @multi_evo_agent_runner.py:503] CRITICAL save best checkpoint with agent_1's rewards 1030.75!
[20260602 11:15:14 @multi_evo_agent_runner.py:79] #------------------------ Iteration 452 --------------------------#
[20260602 11:15:31 @multi_evo_agent_runner.py:85] Sampling 50000 steps by 50 slaves, spending 16.96 s.
[20260602 11:16:00 @multi_evo_agent_runner.py:94] Policy update, spending: 29.41 s.
[20260602 11:16:02 @multi_evo_agent_runner.py:99] Evaluation time: 1.99 s.
[20260602 11:16:02 @multi_evo_agent_runner.py:105] Total time:     361.83 min
[20260602 11:16:03 @multi_evo_agent_runner.py:115] Agent_0 gets eval reward: 383.69.
[20260602 11:16:03 @multi_evo_agent_runner.py:116] Agent_0 gets win rate: 0.39.
[20260602 11:16:03 @multi_evo_agent_runner.py:115] Agent_1 gets eval reward: 145.11.
[20260602 11:16:03 @multi_evo_agent_runner.py:116] Agent_1 gets win rate: 0.36.
[20260602 11:16:03 @multi_evo_agent_runner.py:79] #------------------------ Iteration 453 --------------------------#
[20260602 11:16:20 @multi_evo_agent_runner.py:85] Sampling 50000 steps by 50 slaves, spending 17.12 s.
[20260602 11:16:50 @multi_evo_agent_runner.py:94] Policy update, spending: 29.88 s.
[20260602 11:16:52 @multi_evo_agent_runner.py:99] Evaluation time: 1.94 s.
[20260602 11:16:52 @multi_evo_agent_runner.py:105] Total time:     362.65 min
[20260602 11:16:52 @multi_evo_agent_runner.py:115] Agent_0 gets eval reward: 386.21.
[20260602 11:16:52 @multi_evo_agent_runner.py:116] Agent_0 gets win rate: 0.46.
[20260602 11:16:52 @multi_evo_agent_runner.py:115] Agent_1 gets eval reward: 245.21.
[20260602 11:16:52 @multi_evo_agent_runner.py:116] Agent_1 gets win rate: 0.23.
[20260602 11:16:52 @multi_evo_agent_runner.py:79] #------------------------ Iteration 454 --------------------------#
[20260602 11:17:09 @multi_evo_agent_runner.py:85] Sampling 50000 steps by 50 slaves, spending 16.81 s.
[20260602 11:17:39 @multi_evo_agent_runner.py:94] Policy update, spending: 30.62 s.
[20260602 11:17:42 @multi_evo_agent_runner.py:99] Evaluation time: 2.15 s.
[20260602 11:17:42 @multi_evo_agent_runner.py:105] Total time:     363.48 min
[20260602 11:17:42 @multi_evo_agent_runner.py:115] Agent_0 gets eval reward: 398.25.
[20260602 11:17:42 @multi_evo_agent_runner.py:116] Agent_0 gets win rate: 0.30.
[20260602 11:17:42 @multi_evo_agent_runner.py:115] Agent_1 gets eval reward: 539.47.
[20260602 11:17:42 @multi_evo_agent_runner.py:116] Agent_1 gets win rate: 0.52.
[20260602 11:17:42 @multi_evo_agent_runner.py:79] #------------------------ Iteration 455 --------------------------#
[20260602 11:17:59 @multi_evo_agent_runner.py:85] Sampling 50000 steps by 50 slaves, spending 17.44 s.
[20260602 11:18:30 @multi_evo_agent_runner.py:94] Policy update, spending: 31.18 s.
[20260602 11:18:32 @multi_evo_agent_runner.py:99] Evaluation time: 2.05 s.
[20260602 11:18:32 @multi_evo_agent_runner.py:105] Total time:     364.33 min
[20260602 11:18:33 @multi_evo_agent_runner.py:115] Agent_0 gets eval reward: 613.93.
[20260602 11:18:33 @multi_evo_agent_runner.py:116] Agent_0 gets win rate: 0.30.
[20260602 11:18:33 @multi_evo_agent_runner.py:115] Agent_1 gets eval reward: 702.59.
[20260602 11:18:33 @multi_evo_agent_runner.py:116] Agent_1 gets win rate: 0.33.
[20260602 11:18:33 @multi_evo_agent_runner.py:79] #------------------------ Iteration 456 --------------------------#
[20260602 11:18:50 @multi_evo_agent_runner.py:85] Sampling 50000 steps by 50 slaves, spending 16.91 s.
[20260602 11:19:20 @multi_evo_agent_runner.py:94] Policy update, spending: 30.29 s.
[20260602 11:19:22 @multi_evo_agent_runner.py:99] Evaluation time: 2.39 s.
[20260602 11:19:22 @multi_evo_agent_runner.py:105] Total time:     365.16 min
[20260602 11:19:22 @multi_evo_agent_runner.py:115] Agent_0 gets eval reward: -261.79.
[20260602 11:19:22 @multi_evo_agent_runner.py:116] Agent_0 gets win rate: 0.11.
[20260602 11:19:22 @multi_evo_agent_runner.py:115] Agent_1 gets eval reward: 859.73.
[20260602 11:19:22 @multi_evo_agent_runner.py:116] Agent_1 gets win rate: 0.53.
[20260602 11:19:23 @multi_evo_agent_runner.py:79] #------------------------ Iteration 457 --------------------------#
[20260602 11:19:39 @multi_evo_agent_runner.py:85] Sampling 50000 steps by 50 slaves, spending 16.58 s.
[20260602 11:20:08 @multi_evo_agent_runner.py:94] Policy update, spending: 28.75 s.
[20260602 11:20:10 @multi_evo_agent_runner.py:99] Evaluation time: 2.55 s.
[20260602 11:20:10 @multi_evo_agent_runner.py:105] Total time:     365.96 min
[20260602 11:20:11 @multi_evo_agent_runner.py:115] Agent_0 gets eval reward: 233.97.
[20260602 11:20:11 @multi_evo_agent_runner.py:116] Agent_0 gets win rate: 0.33.
[20260602 11:20:11 @multi_evo_agent_runner.py:115] Agent_1 gets eval reward: 549.48.
[20260602 11:20:11 @multi_evo_agent_runner.py:116] Agent_1 gets win rate: 0.49.
[20260602 11:20:11 @multi_evo_agent_runner.py:79] #------------------------ Iteration 458 --------------------------#
[20260602 11:20:28 @multi_evo_agent_runner.py:85] Sampling 50000 steps by 50 slaves, spending 17.12 s.
[20260602 11:20:59 @multi_evo_agent_runner.py:94] Policy update, spending: 30.73 s.
[20260602 11:21:01 @multi_evo_agent_runner.py:99] Evaluation time: 1.98 s.
[20260602 11:21:01 @multi_evo_agent_runner.py:105] Total time:     366.80 min
[20260602 11:21:01 @multi_evo_agent_runner.py:115] Agent_0 gets eval reward: 565.49.
[20260602 11:21:01 @multi_evo_agent_runner.py:116] Agent_0 gets win rate: 0.35.
[20260602 11:21:01 @multi_evo_agent_runner.py:115] Agent_1 gets eval reward: 666.77.
[20260602 11:21:01 @multi_evo_agent_runner.py:116] Agent_1 gets win rate: 0.26.
[20260602 11:21:01 @multi_evo_agent_runner.py:79] #------------------------ Iteration 459 --------------------------#
[20260602 11:21:17 @multi_evo_agent_runner.py:85] Sampling 50000 steps by 50 slaves, spending 16.14 s.
[20260602 11:21:47 @multi_evo_agent_runner.py:94] Policy update, spending: 30.01 s.
[20260602 11:21:49 @multi_evo_agent_runner.py:99] Evaluation time: 2.36 s.
[20260602 11:21:49 @multi_evo_agent_runner.py:105] Total time:     367.61 min
[20260602 11:21:49 @multi_evo_agent_runner.py:115] Agent_0 gets eval reward: 296.77.
[20260602 11:21:49 @multi_evo_agent_runner.py:116] Agent_0 gets win rate: 0.36.
[20260602 11:21:49 @multi_evo_agent_runner.py:115] Agent_1 gets eval reward: 518.63.
[20260602 11:21:49 @multi_evo_agent_runner.py:116] Agent_1 gets win rate: 0.43.
[20260602 11:21:50 @multi_evo_agent_runner.py:79] #------------------------ Iteration 460 --------------------------#
[20260602 11:22:06 @multi_evo_agent_runner.py:85] Sampling 50000 steps by 50 slaves, spending 16.28 s.
[20260602 11:22:36 @multi_evo_agent_runner.py:94] Policy update, spending: 30.34 s.
[20260602 11:22:39 @multi_evo_agent_runner.py:99] Evaluation time: 2.28 s.
[20260602 11:22:39 @multi_evo_agent_runner.py:105] Total time:     368.43 min
[20260602 11:22:39 @multi_evo_agent_runner.py:115] Agent_0 gets eval reward: 228.78.
[20260602 11:22:39 @multi_evo_agent_runner.py:116] Agent_0 gets win rate: 0.37.
[20260602 11:22:39 @multi_evo_agent_runner.py:115] Agent_1 gets eval reward: 513.80.
[20260602 11:22:39 @multi_evo_agent_runner.py:116] Agent_1 gets win rate: 0.41.
[20260602 11:22:39 @multi_evo_agent_runner.py:79] #------------------------ Iteration 461 --------------------------#
[20260602 11:22:55 @multi_evo_agent_runner.py:85] Sampling 50000 steps by 50 slaves, spending 16.25 s.
[20260602 11:23:24 @multi_evo_agent_runner.py:94] Policy update, spending: 29.22 s.
[20260602 11:23:27 @multi_evo_agent_runner.py:99] Evaluation time: 2.52 s.
[20260602 11:23:27 @multi_evo_agent_runner.py:105] Total time:     369.24 min
[20260602 11:23:27 @multi_evo_agent_runner.py:115] Agent_0 gets eval reward: 590.37.
[20260602 11:23:27 @multi_evo_agent_runner.py:116] Agent_0 gets win rate: 0.44.
[20260602 11:23:27 @multi_evo_agent_runner.py:115] Agent_1 gets eval reward: 343.59.
[20260602 11:23:27 @multi_evo_agent_runner.py:116] Agent_1 gets win rate: 0.33.
[20260602 11:23:27 @multi_evo_agent_runner.py:79] #------------------------ Iteration 462 --------------------------#
[20260602 11:23:44 @multi_evo_agent_runner.py:85] Sampling 50000 steps by 50 slaves, spending 16.74 s.
[20260602 11:24:14 @multi_evo_agent_runner.py:94] Policy update, spending: 30.24 s.
[20260602 11:24:16 @multi_evo_agent_runner.py:99] Evaluation time: 2.41 s.
[20260602 11:24:16 @multi_evo_agent_runner.py:105] Total time:     370.06 min
[20260602 11:24:17 @multi_evo_agent_runner.py:115] Agent_0 gets eval reward: 78.02.
[20260602 11:24:17 @multi_evo_agent_runner.py:116] Agent_0 gets win rate: 0.20.
[20260602 11:24:17 @multi_evo_agent_runner.py:115] Agent_1 gets eval reward: 838.35.
[20260602 11:24:17 @multi_evo_agent_runner.py:116] Agent_1 gets win rate: 0.40.
[20260602 11:24:17 @multi_evo_agent_runner.py:79] #------------------------ Iteration 463 --------------------------#
[20260602 11:24:34 @multi_evo_agent_runner.py:85] Sampling 50000 steps by 50 slaves, spending 17.35 s.
[20260602 11:25:05 @multi_evo_agent_runner.py:94] Policy update, spending: 30.63 s.
[20260602 11:25:07 @multi_evo_agent_runner.py:99] Evaluation time: 2.39 s.
[20260602 11:25:07 @multi_evo_agent_runner.py:105] Total time:     370.91 min
[20260602 11:25:07 @multi_evo_agent_runner.py:115] Agent_0 gets eval reward: -17.55.
[20260602 11:25:07 @multi_evo_agent_runner.py:116] Agent_0 gets win rate: 0.28.
[20260602 11:25:07 @multi_evo_agent_runner.py:115] Agent_1 gets eval reward: 663.80.
[20260602 11:25:07 @multi_evo_agent_runner.py:116] Agent_1 gets win rate: 0.54.
[20260602 11:25:07 @multi_evo_agent_runner.py:79] #------------------------ Iteration 464 --------------------------#
[20260602 11:25:25 @multi_evo_agent_runner.py:85] Sampling 50000 steps by 50 slaves, spending 17.24 s.
[20260602 11:25:55 @multi_evo_agent_runner.py:94] Policy update, spending: 30.10 s.
[20260602 11:25:57 @multi_evo_agent_runner.py:99] Evaluation time: 2.27 s.
[20260602 11:25:57 @multi_evo_agent_runner.py:105] Total time:     371.74 min
[20260602 11:25:57 @multi_evo_agent_runner.py:115] Agent_0 gets eval reward: 606.80.
[20260602 11:25:57 @multi_evo_agent_runner.py:116] Agent_0 gets win rate: 0.42.
[20260602 11:25:57 @multi_evo_agent_runner.py:115] Agent_1 gets eval reward: 117.08.
[20260602 11:25:57 @multi_evo_agent_runner.py:116] Agent_1 gets win rate: 0.21.
[20260602 11:25:57 @multi_evo_agent_runner.py:79] #------------------------ Iteration 465 --------------------------#
[20260602 11:26:14 @multi_evo_agent_runner.py:85] Sampling 50000 steps by 50 slaves, spending 16.60 s.
[20260602 11:26:44 @multi_evo_agent_runner.py:94] Policy update, spending: 30.60 s.
[20260602 11:26:47 @multi_evo_agent_runner.py:99] Evaluation time: 2.18 s.
[20260602 11:26:47 @multi_evo_agent_runner.py:105] Total time:     372.57 min
[20260602 11:26:47 @multi_evo_agent_runner.py:115] Agent_0 gets eval reward: 417.30.
[20260602 11:26:47 @multi_evo_agent_runner.py:116] Agent_0 gets win rate: 0.43.
[20260602 11:26:47 @multi_evo_agent_runner.py:115] Agent_1 gets eval reward: 251.39.
[20260602 11:26:47 @multi_evo_agent_runner.py:116] Agent_1 gets win rate: 0.23.
[20260602 11:26:47 @multi_evo_agent_runner.py:79] #------------------------ Iteration 466 --------------------------#
[20260602 11:27:03 @multi_evo_agent_runner.py:85] Sampling 50000 steps by 50 slaves, spending 16.49 s.
[20260602 11:27:33 @multi_evo_agent_runner.py:94] Policy update, spending: 29.83 s.
[20260602 11:27:36 @multi_evo_agent_runner.py:99] Evaluation time: 2.29 s.
[20260602 11:27:36 @multi_evo_agent_runner.py:105] Total time:     373.38 min
[20260602 11:27:36 @multi_evo_agent_runner.py:115] Agent_0 gets eval reward: 21.49.
[20260602 11:27:36 @multi_evo_agent_runner.py:116] Agent_0 gets win rate: 0.16.
[20260602 11:27:36 @multi_evo_agent_runner.py:115] Agent_1 gets eval reward: 651.13.
[20260602 11:27:36 @multi_evo_agent_runner.py:116] Agent_1 gets win rate: 0.35.
[20260602 11:27:36 @multi_evo_agent_runner.py:79] #------------------------ Iteration 467 --------------------------#
[20260602 11:27:53 @multi_evo_agent_runner.py:85] Sampling 50000 steps by 50 slaves, spending 16.83 s.
[20260602 11:28:23 @multi_evo_agent_runner.py:94] Policy update, spending: 30.14 s.
[20260602 11:28:25 @multi_evo_agent_runner.py:99] Evaluation time: 2.31 s.
[20260602 11:28:25 @multi_evo_agent_runner.py:105] Total time:     374.21 min
[20260602 11:28:25 @multi_evo_agent_runner.py:115] Agent_0 gets eval reward: 325.14.
[20260602 11:28:25 @multi_evo_agent_runner.py:116] Agent_0 gets win rate: 0.45.
[20260602 11:28:25 @multi_evo_agent_runner.py:115] Agent_1 gets eval reward: 486.81.
[20260602 11:28:25 @multi_evo_agent_runner.py:116] Agent_1 gets win rate: 0.45.
[20260602 11:28:25 @multi_evo_agent_runner.py:79] #------------------------ Iteration 468 --------------------------#
[20260602 11:28:42 @multi_evo_agent_runner.py:85] Sampling 50000 steps by 50 slaves, spending 17.09 s.
[20260602 11:29:13 @multi_evo_agent_runner.py:94] Policy update, spending: 30.68 s.
[20260602 11:29:15 @multi_evo_agent_runner.py:99] Evaluation time: 2.33 s.
[20260602 11:29:15 @multi_evo_agent_runner.py:105] Total time:     375.05 min
[20260602 11:29:16 @multi_evo_agent_runner.py:115] Agent_0 gets eval reward: 223.64.
[20260602 11:29:16 @multi_evo_agent_runner.py:116] Agent_0 gets win rate: 0.30.
[20260602 11:29:16 @multi_evo_agent_runner.py:115] Agent_1 gets eval reward: 469.72.
[20260602 11:29:16 @multi_evo_agent_runner.py:116] Agent_1 gets win rate: 0.38.
[20260602 11:29:16 @multi_evo_agent_runner.py:79] #------------------------ Iteration 469 --------------------------#
[20260602 11:29:32 @multi_evo_agent_runner.py:85] Sampling 50000 steps by 50 slaves, spending 16.08 s.
[20260602 11:30:01 @multi_evo_agent_runner.py:94] Policy update, spending: 28.91 s.
[20260602 11:30:03 @multi_evo_agent_runner.py:99] Evaluation time: 1.99 s.
[20260602 11:30:03 @multi_evo_agent_runner.py:105] Total time:     375.84 min
[20260602 11:30:03 @multi_evo_agent_runner.py:115] Agent_0 gets eval reward: 693.66.
[20260602 11:30:03 @multi_evo_agent_runner.py:116] Agent_0 gets win rate: 0.34.
[20260602 11:30:03 @multi_evo_agent_runner.py:115] Agent_1 gets eval reward: 163.74.
[20260602 11:30:03 @multi_evo_agent_runner.py:116] Agent_1 gets win rate: 0.19.
[20260602 11:30:03 @multi_evo_agent_runner.py:503] CRITICAL save best checkpoint with agent_0's rewards 693.66!
[20260602 11:30:03 @multi_evo_agent_runner.py:79] #------------------------ Iteration 470 --------------------------#
[20260602 11:30:19 @multi_evo_agent_runner.py:85] Sampling 50000 steps by 50 slaves, spending 16.15 s.
[20260602 11:30:49 @multi_evo_agent_runner.py:94] Policy update, spending: 29.41 s.
[20260602 11:30:51 @multi_evo_agent_runner.py:99] Evaluation time: 2.31 s.
[20260602 11:30:51 @multi_evo_agent_runner.py:105] Total time:     376.64 min
[20260602 11:30:51 @multi_evo_agent_runner.py:115] Agent_0 gets eval reward: 74.68.
[20260602 11:30:51 @multi_evo_agent_runner.py:116] Agent_0 gets win rate: 0.23.
[20260602 11:30:51 @multi_evo_agent_runner.py:115] Agent_1 gets eval reward: 641.16.
[20260602 11:30:51 @multi_evo_agent_runner.py:116] Agent_1 gets win rate: 0.42.
[20260602 11:30:51 @multi_evo_agent_runner.py:79] #------------------------ Iteration 471 --------------------------#
[20260602 11:31:09 @multi_evo_agent_runner.py:85] Sampling 50000 steps by 50 slaves, spending 17.37 s.
[20260602 11:31:39 @multi_evo_agent_runner.py:94] Policy update, spending: 29.99 s.
[20260602 11:31:41 @multi_evo_agent_runner.py:99] Evaluation time: 2.16 s.
[20260602 11:31:41 @multi_evo_agent_runner.py:105] Total time:     377.47 min
[20260602 11:31:41 @multi_evo_agent_runner.py:115] Agent_0 gets eval reward: -26.60.
[20260602 11:31:41 @multi_evo_agent_runner.py:116] Agent_0 gets win rate: 0.25.
[20260602 11:31:41 @multi_evo_agent_runner.py:115] Agent_1 gets eval reward: 420.86.
[20260602 11:31:41 @multi_evo_agent_runner.py:116] Agent_1 gets win rate: 0.45.
[20260602 11:31:41 @multi_evo_agent_runner.py:79] #------------------------ Iteration 472 --------------------------#
[20260602 11:31:58 @multi_evo_agent_runner.py:85] Sampling 50000 steps by 50 slaves, spending 17.42 s.
[20260602 11:32:29 @multi_evo_agent_runner.py:94] Policy update, spending: 30.73 s.
[20260602 11:32:31 @multi_evo_agent_runner.py:99] Evaluation time: 2.13 s.
[20260602 11:32:31 @multi_evo_agent_runner.py:105] Total time:     378.31 min
[20260602 11:32:31 @multi_evo_agent_runner.py:115] Agent_0 gets eval reward: 784.04.
[20260602 11:32:31 @multi_evo_agent_runner.py:116] Agent_0 gets win rate: 0.50.
[20260602 11:32:31 @multi_evo_agent_runner.py:115] Agent_1 gets eval reward: 78.89.
[20260602 11:32:31 @multi_evo_agent_runner.py:116] Agent_1 gets win rate: 0.29.
[20260602 11:32:31 @multi_evo_agent_runner.py:503] CRITICAL save best checkpoint with agent_0's rewards 784.04!
[20260602 11:32:32 @multi_evo_agent_runner.py:79] #------------------------ Iteration 473 --------------------------#
[20260602 11:32:48 @multi_evo_agent_runner.py:85] Sampling 50000 steps by 50 slaves, spending 16.10 s.
[20260602 11:33:18 @multi_evo_agent_runner.py:94] Policy update, spending: 29.92 s.
[20260602 11:33:20 @multi_evo_agent_runner.py:99] Evaluation time: 2.39 s.
[20260602 11:33:20 @multi_evo_agent_runner.py:105] Total time:     379.12 min
[20260602 11:33:20 @multi_evo_agent_runner.py:115] Agent_0 gets eval reward: 529.41.
[20260602 11:33:20 @multi_evo_agent_runner.py:116] Agent_0 gets win rate: 0.38.
[20260602 11:33:20 @multi_evo_agent_runner.py:115] Agent_1 gets eval reward: -84.18.
[20260602 11:33:20 @multi_evo_agent_runner.py:116] Agent_1 gets win rate: 0.14.
[20260602 11:33:20 @multi_evo_agent_runner.py:79] #------------------------ Iteration 474 --------------------------#
[20260602 11:33:37 @multi_evo_agent_runner.py:85] Sampling 50000 steps by 50 slaves, spending 16.67 s.
[20260602 11:34:07 @multi_evo_agent_runner.py:94] Policy update, spending: 29.97 s.
[20260602 11:34:09 @multi_evo_agent_runner.py:99] Evaluation time: 2.14 s.
[20260602 11:34:09 @multi_evo_agent_runner.py:105] Total time:     379.94 min
[20260602 11:34:09 @multi_evo_agent_runner.py:115] Agent_0 gets eval reward: -51.02.
[20260602 11:34:09 @multi_evo_agent_runner.py:116] Agent_0 gets win rate: 0.25.
[20260602 11:34:09 @multi_evo_agent_runner.py:115] Agent_1 gets eval reward: 743.97.
[20260602 11:34:09 @multi_evo_agent_runner.py:116] Agent_1 gets win rate: 0.44.
[20260602 11:34:09 @multi_evo_agent_runner.py:79] #------------------------ Iteration 475 --------------------------#
[20260602 11:34:25 @multi_evo_agent_runner.py:85] Sampling 50000 steps by 50 slaves, spending 16.17 s.
[20260602 11:34:56 @multi_evo_agent_runner.py:94] Policy update, spending: 30.30 s.
[20260602 11:34:58 @multi_evo_agent_runner.py:99] Evaluation time: 2.32 s.
[20260602 11:34:58 @multi_evo_agent_runner.py:105] Total time:     380.76 min
[20260602 11:34:58 @multi_evo_agent_runner.py:115] Agent_0 gets eval reward: 62.98.
[20260602 11:34:58 @multi_evo_agent_runner.py:116] Agent_0 gets win rate: 0.26.
[20260602 11:34:58 @multi_evo_agent_runner.py:115] Agent_1 gets eval reward: 676.40.
[20260602 11:34:58 @multi_evo_agent_runner.py:116] Agent_1 gets win rate: 0.44.
[20260602 11:34:58 @multi_evo_agent_runner.py:79] #------------------------ Iteration 476 --------------------------#
[20260602 11:35:15 @multi_evo_agent_runner.py:85] Sampling 50000 steps by 50 slaves, spending 16.98 s.
[20260602 11:35:46 @multi_evo_agent_runner.py:94] Policy update, spending: 30.64 s.
[20260602 11:35:48 @multi_evo_agent_runner.py:99] Evaluation time: 2.13 s.
[20260602 11:35:48 @multi_evo_agent_runner.py:105] Total time:     381.59 min
[20260602 11:35:48 @multi_evo_agent_runner.py:115] Agent_0 gets eval reward: 279.81.
[20260602 11:35:48 @multi_evo_agent_runner.py:116] Agent_0 gets win rate: 0.33.
[20260602 11:35:48 @multi_evo_agent_runner.py:115] Agent_1 gets eval reward: 367.27.
[20260602 11:35:48 @multi_evo_agent_runner.py:116] Agent_1 gets win rate: 0.43.
[20260602 11:35:48 @multi_evo_agent_runner.py:79] #------------------------ Iteration 477 --------------------------#
[20260602 11:36:06 @multi_evo_agent_runner.py:85] Sampling 50000 steps by 50 slaves, spending 17.73 s.
[20260602 11:36:37 @multi_evo_agent_runner.py:94] Policy update, spending: 30.81 s.
[20260602 11:36:39 @multi_evo_agent_runner.py:99] Evaluation time: 1.89 s.
[20260602 11:36:39 @multi_evo_agent_runner.py:105] Total time:     382.44 min
[20260602 11:36:39 @multi_evo_agent_runner.py:115] Agent_0 gets eval reward: 541.52.
[20260602 11:36:39 @multi_evo_agent_runner.py:116] Agent_0 gets win rate: 0.38.
[20260602 11:36:39 @multi_evo_agent_runner.py:115] Agent_1 gets eval reward: 535.10.
[20260602 11:36:39 @multi_evo_agent_runner.py:116] Agent_1 gets win rate: 0.28.
[20260602 11:36:39 @multi_evo_agent_runner.py:79] #------------------------ Iteration 478 --------------------------#
[20260602 11:36:57 @multi_evo_agent_runner.py:85] Sampling 50000 steps by 50 slaves, spending 17.50 s.
[20260602 11:37:27 @multi_evo_agent_runner.py:94] Policy update, spending: 30.24 s.
[20260602 11:37:29 @multi_evo_agent_runner.py:99] Evaluation time: 2.27 s.
[20260602 11:37:29 @multi_evo_agent_runner.py:105] Total time:     383.27 min
[20260602 11:37:29 @multi_evo_agent_runner.py:115] Agent_0 gets eval reward: 321.91.
[20260602 11:37:29 @multi_evo_agent_runner.py:116] Agent_0 gets win rate: 0.29.
[20260602 11:37:29 @multi_evo_agent_runner.py:115] Agent_1 gets eval reward: 549.73.
[20260602 11:37:29 @multi_evo_agent_runner.py:116] Agent_1 gets win rate: 0.47.
[20260602 11:37:29 @multi_evo_agent_runner.py:79] #------------------------ Iteration 479 --------------------------#
[20260602 11:37:46 @multi_evo_agent_runner.py:85] Sampling 50000 steps by 50 slaves, spending 17.07 s.
[20260602 11:38:17 @multi_evo_agent_runner.py:94] Policy update, spending: 30.38 s.
[20260602 11:38:19 @multi_evo_agent_runner.py:99] Evaluation time: 2.19 s.
[20260602 11:38:19 @multi_evo_agent_runner.py:105] Total time:     384.11 min
[20260602 11:38:19 @multi_evo_agent_runner.py:115] Agent_0 gets eval reward: 364.38.
[20260602 11:38:19 @multi_evo_agent_runner.py:116] Agent_0 gets win rate: 0.35.
[20260602 11:38:19 @multi_evo_agent_runner.py:115] Agent_1 gets eval reward: 324.74.
[20260602 11:38:19 @multi_evo_agent_runner.py:116] Agent_1 gets win rate: 0.32.
[20260602 11:38:19 @multi_evo_agent_runner.py:79] #------------------------ Iteration 480 --------------------------#
[20260602 11:38:37 @multi_evo_agent_runner.py:85] Sampling 50000 steps by 50 slaves, spending 17.41 s.
[20260602 11:39:08 @multi_evo_agent_runner.py:94] Policy update, spending: 31.47 s.
[20260602 11:39:11 @multi_evo_agent_runner.py:99] Evaluation time: 2.43 s.
[20260602 11:39:11 @multi_evo_agent_runner.py:105] Total time:     384.97 min
[20260602 11:39:11 @multi_evo_agent_runner.py:115] Agent_0 gets eval reward: 18.61.
[20260602 11:39:11 @multi_evo_agent_runner.py:116] Agent_0 gets win rate: 0.26.
[20260602 11:39:11 @multi_evo_agent_runner.py:115] Agent_1 gets eval reward: 1127.30.
[20260602 11:39:11 @multi_evo_agent_runner.py:116] Agent_1 gets win rate: 0.45.
[20260602 11:39:11 @multi_evo_agent_runner.py:503] CRITICAL save best checkpoint with agent_1's rewards 1127.30!
[20260602 11:39:11 @multi_evo_agent_runner.py:79] #------------------------ Iteration 481 --------------------------#
[20260602 11:39:27 @multi_evo_agent_runner.py:85] Sampling 50000 steps by 50 slaves, spending 16.22 s.
[20260602 11:39:57 @multi_evo_agent_runner.py:94] Policy update, spending: 30.27 s.
[20260602 11:40:00 @multi_evo_agent_runner.py:99] Evaluation time: 2.19 s.
[20260602 11:40:00 @multi_evo_agent_runner.py:105] Total time:     385.78 min
[20260602 11:40:00 @multi_evo_agent_runner.py:115] Agent_0 gets eval reward: 466.48.
[20260602 11:40:00 @multi_evo_agent_runner.py:116] Agent_0 gets win rate: 0.32.
[20260602 11:40:00 @multi_evo_agent_runner.py:115] Agent_1 gets eval reward: 586.53.
[20260602 11:40:00 @multi_evo_agent_runner.py:116] Agent_1 gets win rate: 0.26.
[20260602 11:40:00 @multi_evo_agent_runner.py:79] #------------------------ Iteration 482 --------------------------#
[20260602 11:40:16 @multi_evo_agent_runner.py:85] Sampling 50000 steps by 50 slaves, spending 16.33 s.
[20260602 11:40:46 @multi_evo_agent_runner.py:94] Policy update, spending: 29.57 s.
[20260602 11:40:48 @multi_evo_agent_runner.py:99] Evaluation time: 2.05 s.
[20260602 11:40:48 @multi_evo_agent_runner.py:105] Total time:     386.59 min
[20260602 11:40:48 @multi_evo_agent_runner.py:115] Agent_0 gets eval reward: 344.77.
[20260602 11:40:48 @multi_evo_agent_runner.py:116] Agent_0 gets win rate: 0.25.
[20260602 11:40:48 @multi_evo_agent_runner.py:115] Agent_1 gets eval reward: 403.24.
[20260602 11:40:48 @multi_evo_agent_runner.py:116] Agent_1 gets win rate: 0.36.
[20260602 11:40:48 @multi_evo_agent_runner.py:79] #------------------------ Iteration 483 --------------------------#
[20260602 11:41:05 @multi_evo_agent_runner.py:85] Sampling 50000 steps by 50 slaves, spending 16.76 s.
[20260602 11:41:35 @multi_evo_agent_runner.py:94] Policy update, spending: 29.92 s.
[20260602 11:41:37 @multi_evo_agent_runner.py:99] Evaluation time: 2.45 s.
[20260602 11:41:37 @multi_evo_agent_runner.py:105] Total time:     387.41 min
[20260602 11:41:37 @multi_evo_agent_runner.py:115] Agent_0 gets eval reward: 222.01.
[20260602 11:41:37 @multi_evo_agent_runner.py:116] Agent_0 gets win rate: 0.32.
[20260602 11:41:37 @multi_evo_agent_runner.py:115] Agent_1 gets eval reward: 591.07.
[20260602 11:41:37 @multi_evo_agent_runner.py:116] Agent_1 gets win rate: 0.29.
[20260602 11:41:37 @multi_evo_agent_runner.py:79] #------------------------ Iteration 484 --------------------------#
[20260602 11:41:54 @multi_evo_agent_runner.py:85] Sampling 50000 steps by 50 slaves, spending 16.77 s.
[20260602 11:42:25 @multi_evo_agent_runner.py:94] Policy update, spending: 30.39 s.
[20260602 11:42:27 @multi_evo_agent_runner.py:99] Evaluation time: 2.22 s.
[20260602 11:42:27 @multi_evo_agent_runner.py:105] Total time:     388.24 min
[20260602 11:42:27 @multi_evo_agent_runner.py:115] Agent_0 gets eval reward: 298.27.
[20260602 11:42:27 @multi_evo_agent_runner.py:116] Agent_0 gets win rate: 0.28.
[20260602 11:42:27 @multi_evo_agent_runner.py:115] Agent_1 gets eval reward: 380.67.
[20260602 11:42:27 @multi_evo_agent_runner.py:116] Agent_1 gets win rate: 0.36.
[20260602 11:42:27 @multi_evo_agent_runner.py:79] #------------------------ Iteration 485 --------------------------#
[20260602 11:42:43 @multi_evo_agent_runner.py:85] Sampling 50000 steps by 50 slaves, spending 15.96 s.
[20260602 11:43:13 @multi_evo_agent_runner.py:94] Policy update, spending: 30.09 s.
[20260602 11:43:15 @multi_evo_agent_runner.py:99] Evaluation time: 2.24 s.
[20260602 11:43:15 @multi_evo_agent_runner.py:105] Total time:     389.05 min
[20260602 11:43:16 @multi_evo_agent_runner.py:115] Agent_0 gets eval reward: 608.08.
[20260602 11:43:16 @multi_evo_agent_runner.py:116] Agent_0 gets win rate: 0.33.
[20260602 11:43:16 @multi_evo_agent_runner.py:115] Agent_1 gets eval reward: 454.30.
[20260602 11:43:16 @multi_evo_agent_runner.py:116] Agent_1 gets win rate: 0.30.
[20260602 11:43:16 @multi_evo_agent_runner.py:79] #------------------------ Iteration 486 --------------------------#
[20260602 11:43:32 @multi_evo_agent_runner.py:85] Sampling 50000 steps by 50 slaves, spending 16.42 s.
[20260602 11:44:02 @multi_evo_agent_runner.py:94] Policy update, spending: 30.06 s.
[20260602 11:44:04 @multi_evo_agent_runner.py:99] Evaluation time: 2.03 s.
[20260602 11:44:04 @multi_evo_agent_runner.py:105] Total time:     389.86 min
[20260602 11:44:04 @multi_evo_agent_runner.py:115] Agent_0 gets eval reward: -67.66.
[20260602 11:44:04 @multi_evo_agent_runner.py:116] Agent_0 gets win rate: 0.24.
[20260602 11:44:04 @multi_evo_agent_runner.py:115] Agent_1 gets eval reward: 665.53.
[20260602 11:44:04 @multi_evo_agent_runner.py:116] Agent_1 gets win rate: 0.49.
[20260602 11:44:04 @multi_evo_agent_runner.py:503] CRITICAL save best checkpoint with agent_1's rewards 665.53!
[20260602 11:44:04 @multi_evo_agent_runner.py:79] #------------------------ Iteration 487 --------------------------#
[20260602 11:44:22 @multi_evo_agent_runner.py:85] Sampling 50000 steps by 50 slaves, spending 17.10 s.
[20260602 11:44:52 @multi_evo_agent_runner.py:94] Policy update, spending: 30.23 s.
[20260602 11:44:54 @multi_evo_agent_runner.py:99] Evaluation time: 1.96 s.
[20260602 11:44:54 @multi_evo_agent_runner.py:105] Total time:     390.68 min
[20260602 11:44:54 @multi_evo_agent_runner.py:115] Agent_0 gets eval reward: 176.71.
[20260602 11:44:54 @multi_evo_agent_runner.py:116] Agent_0 gets win rate: 0.30.
[20260602 11:44:54 @multi_evo_agent_runner.py:115] Agent_1 gets eval reward: 374.42.
[20260602 11:44:54 @multi_evo_agent_runner.py:116] Agent_1 gets win rate: 0.27.
[20260602 11:44:54 @multi_evo_agent_runner.py:79] #------------------------ Iteration 488 --------------------------#
[20260602 11:45:12 @multi_evo_agent_runner.py:85] Sampling 50000 steps by 50 slaves, spending 17.73 s.
[20260602 11:45:43 @multi_evo_agent_runner.py:94] Policy update, spending: 31.06 s.
[20260602 11:45:45 @multi_evo_agent_runner.py:99] Evaluation time: 2.26 s.
[20260602 11:45:45 @multi_evo_agent_runner.py:105] Total time:     391.54 min
[20260602 11:45:45 @multi_evo_agent_runner.py:115] Agent_0 gets eval reward: 372.90.
[20260602 11:45:45 @multi_evo_agent_runner.py:116] Agent_0 gets win rate: 0.28.
[20260602 11:45:45 @multi_evo_agent_runner.py:115] Agent_1 gets eval reward: 563.51.
[20260602 11:45:45 @multi_evo_agent_runner.py:116] Agent_1 gets win rate: 0.31.
[20260602 11:45:45 @multi_evo_agent_runner.py:79] #------------------------ Iteration 489 --------------------------#
[20260602 11:46:01 @multi_evo_agent_runner.py:85] Sampling 50000 steps by 50 slaves, spending 15.82 s.
[20260602 11:46:31 @multi_evo_agent_runner.py:94] Policy update, spending: 29.65 s.
[20260602 11:46:33 @multi_evo_agent_runner.py:99] Evaluation time: 2.01 s.
[20260602 11:46:33 @multi_evo_agent_runner.py:105] Total time:     392.34 min
[20260602 11:46:33 @multi_evo_agent_runner.py:115] Agent_0 gets eval reward: 433.62.
[20260602 11:46:33 @multi_evo_agent_runner.py:116] Agent_0 gets win rate: 0.45.
[20260602 11:46:33 @multi_evo_agent_runner.py:115] Agent_1 gets eval reward: 237.38.
[20260602 11:46:33 @multi_evo_agent_runner.py:116] Agent_1 gets win rate: 0.40.
[20260602 11:46:33 @multi_evo_agent_runner.py:79] #------------------------ Iteration 490 --------------------------#
[20260602 11:46:49 @multi_evo_agent_runner.py:85] Sampling 50000 steps by 50 slaves, spending 16.30 s.
[20260602 11:47:20 @multi_evo_agent_runner.py:94] Policy update, spending: 30.31 s.
[20260602 11:47:22 @multi_evo_agent_runner.py:99] Evaluation time: 2.16 s.
[20260602 11:47:22 @multi_evo_agent_runner.py:105] Total time:     393.15 min
[20260602 11:47:22 @multi_evo_agent_runner.py:115] Agent_0 gets eval reward: 177.59.
[20260602 11:47:22 @multi_evo_agent_runner.py:116] Agent_0 gets win rate: 0.29.
[20260602 11:47:22 @multi_evo_agent_runner.py:115] Agent_1 gets eval reward: 439.41.
[20260602 11:47:22 @multi_evo_agent_runner.py:116] Agent_1 gets win rate: 0.39.
[20260602 11:47:22 @multi_evo_agent_runner.py:79] #------------------------ Iteration 491 --------------------------#
[20260602 11:47:39 @multi_evo_agent_runner.py:85] Sampling 50000 steps by 50 slaves, spending 16.47 s.
[20260602 11:48:07 @multi_evo_agent_runner.py:94] Policy update, spending: 28.83 s.
[20260602 11:48:10 @multi_evo_agent_runner.py:99] Evaluation time: 2.48 s.
[20260602 11:48:10 @multi_evo_agent_runner.py:105] Total time:     393.95 min
[20260602 11:48:10 @multi_evo_agent_runner.py:115] Agent_0 gets eval reward: 300.88.
[20260602 11:48:10 @multi_evo_agent_runner.py:116] Agent_0 gets win rate: 0.19.
[20260602 11:48:10 @multi_evo_agent_runner.py:115] Agent_1 gets eval reward: 713.92.
[20260602 11:48:10 @multi_evo_agent_runner.py:116] Agent_1 gets win rate: 0.26.
[20260602 11:48:10 @multi_evo_agent_runner.py:503] CRITICAL save best checkpoint with agent_1's rewards 713.92!
[20260602 11:48:10 @multi_evo_agent_runner.py:79] #------------------------ Iteration 492 --------------------------#
[20260602 11:48:26 @multi_evo_agent_runner.py:85] Sampling 50000 steps by 50 slaves, spending 16.33 s.
[20260602 11:48:56 @multi_evo_agent_runner.py:94] Policy update, spending: 29.77 s.
[20260602 11:48:58 @multi_evo_agent_runner.py:99] Evaluation time: 2.03 s.
[20260602 11:48:58 @multi_evo_agent_runner.py:105] Total time:     394.76 min
[20260602 11:48:58 @multi_evo_agent_runner.py:115] Agent_0 gets eval reward: 84.70.
[20260602 11:48:58 @multi_evo_agent_runner.py:116] Agent_0 gets win rate: 0.29.
[20260602 11:48:58 @multi_evo_agent_runner.py:115] Agent_1 gets eval reward: 526.71.
[20260602 11:48:58 @multi_evo_agent_runner.py:116] Agent_1 gets win rate: 0.32.
[20260602 11:48:58 @multi_evo_agent_runner.py:503] CRITICAL save best checkpoint with agent_1's rewards 526.71!
[20260602 11:48:59 @multi_evo_agent_runner.py:79] #------------------------ Iteration 493 --------------------------#
[20260602 11:49:16 @multi_evo_agent_runner.py:85] Sampling 50000 steps by 50 slaves, spending 17.29 s.
[20260602 11:49:46 @multi_evo_agent_runner.py:94] Policy update, spending: 30.43 s.
[20260602 11:49:49 @multi_evo_agent_runner.py:99] Evaluation time: 2.47 s.
[20260602 11:49:49 @multi_evo_agent_runner.py:105] Total time:     395.60 min
[20260602 11:49:49 @multi_evo_agent_runner.py:115] Agent_0 gets eval reward: -70.78.
[20260602 11:49:49 @multi_evo_agent_runner.py:116] Agent_0 gets win rate: 0.13.
[20260602 11:49:49 @multi_evo_agent_runner.py:115] Agent_1 gets eval reward: 733.64.
[20260602 11:49:49 @multi_evo_agent_runner.py:116] Agent_1 gets win rate: 0.42.
[20260602 11:49:49 @multi_evo_agent_runner.py:503] CRITICAL save best checkpoint with agent_1's rewards 733.64!
[20260602 11:49:49 @multi_evo_agent_runner.py:79] #------------------------ Iteration 494 --------------------------#
[20260602 11:50:06 @multi_evo_agent_runner.py:85] Sampling 50000 steps by 50 slaves, spending 17.23 s.
[20260602 11:50:37 @multi_evo_agent_runner.py:94] Policy update, spending: 30.35 s.
[20260602 11:50:39 @multi_evo_agent_runner.py:99] Evaluation time: 1.95 s.
[20260602 11:50:39 @multi_evo_agent_runner.py:105] Total time:     396.43 min
[20260602 11:50:39 @multi_evo_agent_runner.py:115] Agent_0 gets eval reward: -60.17.
[20260602 11:50:39 @multi_evo_agent_runner.py:116] Agent_0 gets win rate: 0.11.
[20260602 11:50:39 @multi_evo_agent_runner.py:115] Agent_1 gets eval reward: 502.35.
[20260602 11:50:39 @multi_evo_agent_runner.py:116] Agent_1 gets win rate: 0.33.
[20260602 11:50:39 @multi_evo_agent_runner.py:79] #------------------------ Iteration 495 --------------------------#
[20260602 11:50:56 @multi_evo_agent_runner.py:85] Sampling 50000 steps by 50 slaves, spending 17.53 s.
[20260602 11:51:27 @multi_evo_agent_runner.py:94] Policy update, spending: 30.60 s.
[20260602 11:51:29 @multi_evo_agent_runner.py:99] Evaluation time: 2.14 s.
[20260602 11:51:29 @multi_evo_agent_runner.py:105] Total time:     397.27 min
[20260602 11:51:29 @multi_evo_agent_runner.py:115] Agent_0 gets eval reward: 610.10.
[20260602 11:51:29 @multi_evo_agent_runner.py:116] Agent_0 gets win rate: 0.42.
[20260602 11:51:29 @multi_evo_agent_runner.py:115] Agent_1 gets eval reward: 152.07.
[20260602 11:51:29 @multi_evo_agent_runner.py:116] Agent_1 gets win rate: 0.32.
[20260602 11:51:29 @multi_evo_agent_runner.py:79] #------------------------ Iteration 496 --------------------------#
[20260602 11:51:47 @multi_evo_agent_runner.py:85] Sampling 50000 steps by 50 slaves, spending 17.31 s.
[20260602 11:52:18 @multi_evo_agent_runner.py:94] Policy update, spending: 31.02 s.
[20260602 11:52:20 @multi_evo_agent_runner.py:99] Evaluation time: 2.07 s.
[20260602 11:52:20 @multi_evo_agent_runner.py:105] Total time:     398.12 min
[20260602 11:52:20 @multi_evo_agent_runner.py:115] Agent_0 gets eval reward: -65.08.
[20260602 11:52:20 @multi_evo_agent_runner.py:116] Agent_0 gets win rate: 0.14.
[20260602 11:52:20 @multi_evo_agent_runner.py:115] Agent_1 gets eval reward: 390.42.
[20260602 11:52:20 @multi_evo_agent_runner.py:116] Agent_1 gets win rate: 0.21.
[20260602 11:52:20 @multi_evo_agent_runner.py:79] #------------------------ Iteration 497 --------------------------#
[20260602 11:52:37 @multi_evo_agent_runner.py:85] Sampling 50000 steps by 50 slaves, spending 17.07 s.
[20260602 11:53:08 @multi_evo_agent_runner.py:94] Policy update, spending: 30.84 s.
[20260602 11:53:10 @multi_evo_agent_runner.py:99] Evaluation time: 2.21 s.
[20260602 11:53:10 @multi_evo_agent_runner.py:105] Total time:     398.96 min
[20260602 11:53:10 @multi_evo_agent_runner.py:115] Agent_0 gets eval reward: -161.82.
[20260602 11:53:10 @multi_evo_agent_runner.py:116] Agent_0 gets win rate: 0.19.
[20260602 11:53:10 @multi_evo_agent_runner.py:115] Agent_1 gets eval reward: 444.21.
[20260602 11:53:10 @multi_evo_agent_runner.py:116] Agent_1 gets win rate: 0.41.
[20260602 11:53:10 @multi_evo_agent_runner.py:79] #------------------------ Iteration 498 --------------------------#
[20260602 11:53:26 @multi_evo_agent_runner.py:85] Sampling 50000 steps by 50 slaves, spending 15.83 s.
[20260602 11:53:55 @multi_evo_agent_runner.py:94] Policy update, spending: 29.20 s.
[20260602 11:53:58 @multi_evo_agent_runner.py:99] Evaluation time: 2.65 s.
[20260602 11:53:58 @multi_evo_agent_runner.py:105] Total time:     399.76 min
[20260602 11:53:58 @multi_evo_agent_runner.py:115] Agent_0 gets eval reward: -275.51.
[20260602 11:53:58 @multi_evo_agent_runner.py:116] Agent_0 gets win rate: 0.25.
[20260602 11:53:58 @multi_evo_agent_runner.py:115] Agent_1 gets eval reward: 780.04.
[20260602 11:53:58 @multi_evo_agent_runner.py:116] Agent_1 gets win rate: 0.57.
[20260602 11:53:58 @multi_evo_agent_runner.py:503] CRITICAL save best checkpoint with agent_1's rewards 780.04!
[20260602 11:53:58 @multi_evo_agent_runner.py:79] #------------------------ Iteration 499 --------------------------#
[20260602 11:54:15 @multi_evo_agent_runner.py:85] Sampling 50000 steps by 50 slaves, spending 17.06 s.
[20260602 11:54:46 @multi_evo_agent_runner.py:94] Policy update, spending: 30.94 s.
[20260602 11:54:49 @multi_evo_agent_runner.py:99] Evaluation time: 2.32 s.
[20260602 11:54:49 @multi_evo_agent_runner.py:105] Total time:     400.60 min
[20260602 11:54:49 @multi_evo_agent_runner.py:115] Agent_0 gets eval reward: 676.80.
[20260602 11:54:49 @multi_evo_agent_runner.py:116] Agent_0 gets win rate: 0.39.
[20260602 11:54:49 @multi_evo_agent_runner.py:115] Agent_1 gets eval reward: -21.07.
[20260602 11:54:49 @multi_evo_agent_runner.py:116] Agent_1 gets win rate: 0.16.
[20260602 11:54:49 @multi_evo_agent_runner.py:79] #------------------------ Iteration 500 --------------------------#
[20260602 11:55:06 @multi_evo_agent_runner.py:85] Sampling 50000 steps by 50 slaves, spending 16.60 s.
[20260602 11:55:35 @multi_evo_agent_runner.py:94] Policy update, spending: 29.77 s.
[20260602 11:55:38 @multi_evo_agent_runner.py:99] Evaluation time: 2.23 s.
[20260602 11:55:38 @multi_evo_agent_runner.py:105] Total time:     401.42 min
[20260602 11:55:38 @multi_evo_agent_runner.py:115] Agent_0 gets eval reward: -214.53.
[20260602 11:55:38 @multi_evo_agent_runner.py:116] Agent_0 gets win rate: 0.14.
[20260602 11:55:38 @multi_evo_agent_runner.py:115] Agent_1 gets eval reward: 580.37.
[20260602 11:55:38 @multi_evo_agent_runner.py:116] Agent_1 gets win rate: 0.40.
[20260602 11:55:38 @multi_evo_agent_runner.py:79] #------------------------ Iteration 501 --------------------------#
[20260602 11:55:54 @multi_evo_agent_runner.py:85] Sampling 50000 steps by 50 slaves, spending 16.56 s.
[20260602 11:56:25 @multi_evo_agent_runner.py:94] Policy update, spending: 30.57 s.
[20260602 11:56:27 @multi_evo_agent_runner.py:99] Evaluation time: 2.08 s.
[20260602 11:56:27 @multi_evo_agent_runner.py:105] Total time:     402.24 min
[20260602 11:56:27 @multi_evo_agent_runner.py:115] Agent_0 gets eval reward: -229.86.
[20260602 11:56:27 @multi_evo_agent_runner.py:116] Agent_0 gets win rate: 0.11.
[20260602 11:56:27 @multi_evo_agent_runner.py:115] Agent_1 gets eval reward: 642.26.
[20260602 11:56:27 @multi_evo_agent_runner.py:116] Agent_1 gets win rate: 0.30.
[20260602 11:56:27 @multi_evo_agent_runner.py:79] #------------------------ Iteration 502 --------------------------#
[20260602 11:56:44 @multi_evo_agent_runner.py:85] Sampling 50000 steps by 50 slaves, spending 16.93 s.
[20260602 11:57:15 @multi_evo_agent_runner.py:94] Policy update, spending: 30.69 s.
[20260602 11:57:17 @multi_evo_agent_runner.py:99] Evaluation time: 2.33 s.
[20260602 11:57:17 @multi_evo_agent_runner.py:105] Total time:     403.08 min
[20260602 11:57:17 @multi_evo_agent_runner.py:115] Agent_0 gets eval reward: 220.55.
[20260602 11:57:17 @multi_evo_agent_runner.py:116] Agent_0 gets win rate: 0.21.
[20260602 11:57:17 @multi_evo_agent_runner.py:115] Agent_1 gets eval reward: 733.03.
[20260602 11:57:17 @multi_evo_agent_runner.py:116] Agent_1 gets win rate: 0.36.
[20260602 11:57:18 @multi_evo_agent_runner.py:79] #------------------------ Iteration 503 --------------------------#
[20260602 11:57:34 @multi_evo_agent_runner.py:85] Sampling 50000 steps by 50 slaves, spending 16.74 s.
[20260602 11:58:04 @multi_evo_agent_runner.py:94] Policy update, spending: 30.13 s.
[20260602 11:58:07 @multi_evo_agent_runner.py:99] Evaluation time: 2.11 s.
[20260602 11:58:07 @multi_evo_agent_runner.py:105] Total time:     403.90 min
[20260602 11:58:07 @multi_evo_agent_runner.py:115] Agent_0 gets eval reward: -75.43.
[20260602 11:58:07 @multi_evo_agent_runner.py:116] Agent_0 gets win rate: 0.16.
[20260602 11:58:07 @multi_evo_agent_runner.py:115] Agent_1 gets eval reward: 910.38.
[20260602 11:58:07 @multi_evo_agent_runner.py:116] Agent_1 gets win rate: 0.44.
[20260602 11:58:07 @multi_evo_agent_runner.py:503] CRITICAL save best checkpoint with agent_1's rewards 910.38!
[20260602 11:58:07 @multi_evo_agent_runner.py:79] #------------------------ Iteration 504 --------------------------#
[20260602 11:58:24 @multi_evo_agent_runner.py:85] Sampling 50000 steps by 50 slaves, spending 16.79 s.
[20260602 11:58:54 @multi_evo_agent_runner.py:94] Policy update, spending: 30.65 s.
[20260602 11:58:56 @multi_evo_agent_runner.py:99] Evaluation time: 2.24 s.
[20260602 11:58:56 @multi_evo_agent_runner.py:105] Total time:     404.73 min
[20260602 11:58:57 @multi_evo_agent_runner.py:115] Agent_0 gets eval reward: 46.56.
[20260602 11:58:57 @multi_evo_agent_runner.py:116] Agent_0 gets win rate: 0.38.
[20260602 11:58:57 @multi_evo_agent_runner.py:115] Agent_1 gets eval reward: 481.82.
[20260602 11:58:57 @multi_evo_agent_runner.py:116] Agent_1 gets win rate: 0.52.
[20260602 11:58:57 @multi_evo_agent_runner.py:503] CRITICAL save best checkpoint with agent_1's rewards 481.82!
[20260602 11:58:57 @multi_evo_agent_runner.py:79] #------------------------ Iteration 505 --------------------------#
[20260602 11:59:14 @multi_evo_agent_runner.py:85] Sampling 50000 steps by 50 slaves, spending 17.16 s.
[20260602 11:59:45 @multi_evo_agent_runner.py:94] Policy update, spending: 31.02 s.
[20260602 11:59:47 @multi_evo_agent_runner.py:99] Evaluation time: 2.24 s.
[20260602 11:59:47 @multi_evo_agent_runner.py:105] Total time:     405.58 min
[20260602 11:59:47 @multi_evo_agent_runner.py:115] Agent_0 gets eval reward: 488.72.
[20260602 11:59:47 @multi_evo_agent_runner.py:116] Agent_0 gets win rate: 0.34.
[20260602 11:59:47 @multi_evo_agent_runner.py:115] Agent_1 gets eval reward: 243.62.
[20260602 11:59:47 @multi_evo_agent_runner.py:116] Agent_1 gets win rate: 0.31.
[20260602 11:59:47 @multi_evo_agent_runner.py:79] #------------------------ Iteration 506 --------------------------#
[20260602 12:00:05 @multi_evo_agent_runner.py:85] Sampling 50000 steps by 50 slaves, spending 17.70 s.
[20260602 12:00:36 @multi_evo_agent_runner.py:94] Policy update, spending: 30.78 s.
[20260602 12:00:38 @multi_evo_agent_runner.py:99] Evaluation time: 2.03 s.
[20260602 12:00:38 @multi_evo_agent_runner.py:105] Total time:     406.42 min
[20260602 12:00:38 @multi_evo_agent_runner.py:115] Agent_0 gets eval reward: 385.74.
[20260602 12:00:38 @multi_evo_agent_runner.py:116] Agent_0 gets win rate: 0.40.
[20260602 12:00:38 @multi_evo_agent_runner.py:115] Agent_1 gets eval reward: 340.56.
[20260602 12:00:38 @multi_evo_agent_runner.py:116] Agent_1 gets win rate: 0.38.
[20260602 12:00:38 @multi_evo_agent_runner.py:79] #------------------------ Iteration 507 --------------------------#
[20260602 12:00:55 @multi_evo_agent_runner.py:85] Sampling 50000 steps by 50 slaves, spending 17.20 s.
[20260602 12:01:26 @multi_evo_agent_runner.py:94] Policy update, spending: 30.87 s.
[20260602 12:01:29 @multi_evo_agent_runner.py:99] Evaluation time: 2.25 s.
[20260602 12:01:29 @multi_evo_agent_runner.py:105] Total time:     407.27 min
[20260602 12:01:29 @multi_evo_agent_runner.py:115] Agent_0 gets eval reward: 415.68.
[20260602 12:01:29 @multi_evo_agent_runner.py:116] Agent_0 gets win rate: 0.44.
[20260602 12:01:29 @multi_evo_agent_runner.py:115] Agent_1 gets eval reward: 164.39.
[20260602 12:01:29 @multi_evo_agent_runner.py:116] Agent_1 gets win rate: 0.27.
[20260602 12:01:29 @multi_evo_agent_runner.py:79] #------------------------ Iteration 508 --------------------------#
[20260602 12:01:45 @multi_evo_agent_runner.py:85] Sampling 50000 steps by 50 slaves, spending 16.35 s.
[20260602 12:02:15 @multi_evo_agent_runner.py:94] Policy update, spending: 29.66 s.
[20260602 12:02:17 @multi_evo_agent_runner.py:99] Evaluation time: 2.31 s.
[20260602 12:02:17 @multi_evo_agent_runner.py:105] Total time:     408.08 min
[20260602 12:02:17 @multi_evo_agent_runner.py:115] Agent_0 gets eval reward: 477.82.
[20260602 12:02:17 @multi_evo_agent_runner.py:116] Agent_0 gets win rate: 0.37.
[20260602 12:02:17 @multi_evo_agent_runner.py:115] Agent_1 gets eval reward: 133.41.
[20260602 12:02:17 @multi_evo_agent_runner.py:116] Agent_1 gets win rate: 0.32.
[20260602 12:02:17 @multi_evo_agent_runner.py:79] #------------------------ Iteration 509 --------------------------#
[20260602 12:02:34 @multi_evo_agent_runner.py:85] Sampling 50000 steps by 50 slaves, spending 16.57 s.
[20260602 12:03:04 @multi_evo_agent_runner.py:94] Policy update, spending: 29.80 s.
[20260602 12:03:06 @multi_evo_agent_runner.py:99] Evaluation time: 2.19 s.
[20260602 12:03:06 @multi_evo_agent_runner.py:105] Total time:     408.89 min
[20260602 12:03:06 @multi_evo_agent_runner.py:115] Agent_0 gets eval reward: 370.32.
[20260602 12:03:06 @multi_evo_agent_runner.py:116] Agent_0 gets win rate: 0.27.
[20260602 12:03:06 @multi_evo_agent_runner.py:115] Agent_1 gets eval reward: 369.84.
[20260602 12:03:06 @multi_evo_agent_runner.py:116] Agent_1 gets win rate: 0.38.
[20260602 12:03:06 @multi_evo_agent_runner.py:79] #------------------------ Iteration 510 --------------------------#
[20260602 12:03:24 @multi_evo_agent_runner.py:85] Sampling 50000 steps by 50 slaves, spending 17.44 s.
[20260602 12:03:54 @multi_evo_agent_runner.py:94] Policy update, spending: 30.54 s.
[20260602 12:03:57 @multi_evo_agent_runner.py:99] Evaluation time: 2.35 s.
[20260602 12:03:57 @multi_evo_agent_runner.py:105] Total time:     409.73 min
[20260602 12:03:57 @multi_evo_agent_runner.py:115] Agent_0 gets eval reward: 450.20.
[20260602 12:03:57 @multi_evo_agent_runner.py:116] Agent_0 gets win rate: 0.32.
[20260602 12:03:57 @multi_evo_agent_runner.py:115] Agent_1 gets eval reward: 7.80.
[20260602 12:03:57 @multi_evo_agent_runner.py:116] Agent_1 gets win rate: 0.24.
[20260602 12:03:57 @multi_evo_agent_runner.py:79] #------------------------ Iteration 511 --------------------------#
[20260602 12:04:14 @multi_evo_agent_runner.py:85] Sampling 50000 steps by 50 slaves, spending 17.28 s.
[20260602 12:04:45 @multi_evo_agent_runner.py:94] Policy update, spending: 30.56 s.
[20260602 12:04:47 @multi_evo_agent_runner.py:99] Evaluation time: 2.24 s.
[20260602 12:04:47 @multi_evo_agent_runner.py:105] Total time:     410.57 min
[20260602 12:04:47 @multi_evo_agent_runner.py:115] Agent_0 gets eval reward: -58.00.
[20260602 12:04:47 @multi_evo_agent_runner.py:116] Agent_0 gets win rate: 0.19.
[20260602 12:04:47 @multi_evo_agent_runner.py:115] Agent_1 gets eval reward: 616.16.
[20260602 12:04:47 @multi_evo_agent_runner.py:116] Agent_1 gets win rate: 0.46.
[20260602 12:04:47 @multi_evo_agent_runner.py:503] CRITICAL save best checkpoint with agent_1's rewards 616.16!
[20260602 12:04:47 @multi_evo_agent_runner.py:79] #------------------------ Iteration 512 --------------------------#
[20260602 12:05:04 @multi_evo_agent_runner.py:85] Sampling 50000 steps by 50 slaves, spending 17.14 s.
[20260602 12:05:34 @multi_evo_agent_runner.py:94] Policy update, spending: 30.02 s.
[20260602 12:05:37 @multi_evo_agent_runner.py:99] Evaluation time: 2.30 s.
[20260602 12:05:37 @multi_evo_agent_runner.py:105] Total time:     411.40 min
[20260602 12:05:37 @multi_evo_agent_runner.py:115] Agent_0 gets eval reward: -391.63.
[20260602 12:05:37 @multi_evo_agent_runner.py:116] Agent_0 gets win rate: 0.12.
[20260602 12:05:37 @multi_evo_agent_runner.py:115] Agent_1 gets eval reward: 671.08.
[20260602 12:05:37 @multi_evo_agent_runner.py:116] Agent_1 gets win rate: 0.33.
[20260602 12:05:37 @multi_evo_agent_runner.py:503] CRITICAL save best checkpoint with agent_1's rewards 671.08!
[20260602 12:05:37 @multi_evo_agent_runner.py:79] #------------------------ Iteration 513 --------------------------#
[20260602 12:05:53 @multi_evo_agent_runner.py:85] Sampling 50000 steps by 50 slaves, spending 16.37 s.
[20260602 12:06:23 @multi_evo_agent_runner.py:94] Policy update, spending: 29.21 s.
[20260602 12:06:25 @multi_evo_agent_runner.py:99] Evaluation time: 2.27 s.
[20260602 12:06:25 @multi_evo_agent_runner.py:105] Total time:     412.20 min
[20260602 12:06:25 @multi_evo_agent_runner.py:115] Agent_0 gets eval reward: 157.35.
[20260602 12:06:25 @multi_evo_agent_runner.py:116] Agent_0 gets win rate: 0.24.
[20260602 12:06:25 @multi_evo_agent_runner.py:115] Agent_1 gets eval reward: 482.66.
[20260602 12:06:25 @multi_evo_agent_runner.py:116] Agent_1 gets win rate: 0.24.
[20260602 12:06:25 @multi_evo_agent_runner.py:79] #------------------------ Iteration 514 --------------------------#
[20260602 12:06:42 @multi_evo_agent_runner.py:85] Sampling 50000 steps by 50 slaves, spending 17.01 s.
[20260602 12:07:12 @multi_evo_agent_runner.py:94] Policy update, spending: 29.45 s.
[20260602 12:07:14 @multi_evo_agent_runner.py:99] Evaluation time: 2.32 s.
[20260602 12:07:14 @multi_evo_agent_runner.py:105] Total time:     413.02 min
[20260602 12:07:14 @multi_evo_agent_runner.py:115] Agent_0 gets eval reward: 338.86.
[20260602 12:07:14 @multi_evo_agent_runner.py:116] Agent_0 gets win rate: 0.42.
[20260602 12:07:14 @multi_evo_agent_runner.py:115] Agent_1 gets eval reward: 264.46.
[20260602 12:07:14 @multi_evo_agent_runner.py:116] Agent_1 gets win rate: 0.36.
[20260602 12:07:14 @multi_evo_agent_runner.py:503] CRITICAL save best checkpoint with agent_1's rewards 264.46!
[20260602 12:07:14 @multi_evo_agent_runner.py:79] #------------------------ Iteration 515 --------------------------#
[20260602 12:07:31 @multi_evo_agent_runner.py:85] Sampling 50000 steps by 50 slaves, spending 16.49 s.
[20260602 12:08:00 @multi_evo_agent_runner.py:94] Policy update, spending: 29.41 s.
[20260602 12:08:02 @multi_evo_agent_runner.py:99] Evaluation time: 2.37 s.
[20260602 12:08:02 @multi_evo_agent_runner.py:105] Total time:     413.83 min
[20260602 12:08:03 @multi_evo_agent_runner.py:115] Agent_0 gets eval reward: 72.09.
[20260602 12:08:03 @multi_evo_agent_runner.py:116] Agent_0 gets win rate: 0.23.
[20260602 12:08:03 @multi_evo_agent_runner.py:115] Agent_1 gets eval reward: 770.93.
[20260602 12:08:03 @multi_evo_agent_runner.py:116] Agent_1 gets win rate: 0.43.
[20260602 12:08:03 @multi_evo_agent_runner.py:503] CRITICAL save best checkpoint with agent_1's rewards 770.93!
[20260602 12:08:03 @multi_evo_agent_runner.py:79] #------------------------ Iteration 516 --------------------------#
[20260602 12:08:19 @multi_evo_agent_runner.py:85] Sampling 50000 steps by 50 slaves, spending 16.63 s.
[20260602 12:08:49 @multi_evo_agent_runner.py:94] Policy update, spending: 29.14 s.
[20260602 12:08:50 @multi_evo_agent_runner.py:99] Evaluation time: 1.96 s.
[20260602 12:08:50 @multi_evo_agent_runner.py:105] Total time:     414.63 min
[20260602 12:08:51 @multi_evo_agent_runner.py:115] Agent_0 gets eval reward: 432.78.
[20260602 12:08:51 @multi_evo_agent_runner.py:116] Agent_0 gets win rate: 0.32.
[20260602 12:08:51 @multi_evo_agent_runner.py:115] Agent_1 gets eval reward: 101.17.
[20260602 12:08:51 @multi_evo_agent_runner.py:116] Agent_1 gets win rate: 0.26.
[20260602 12:08:51 @multi_evo_agent_runner.py:79] #------------------------ Iteration 517 --------------------------#
[20260602 12:09:08 @multi_evo_agent_runner.py:85] Sampling 50000 steps by 50 slaves, spending 17.57 s.
[20260602 12:09:39 @multi_evo_agent_runner.py:94] Policy update, spending: 31.08 s.
[20260602 12:09:42 @multi_evo_agent_runner.py:99] Evaluation time: 2.15 s.
[20260602 12:09:42 @multi_evo_agent_runner.py:105] Total time:     415.48 min
[20260602 12:09:42 @multi_evo_agent_runner.py:115] Agent_0 gets eval reward: -207.59.
[20260602 12:09:42 @multi_evo_agent_runner.py:116] Agent_0 gets win rate: 0.12.
[20260602 12:09:42 @multi_evo_agent_runner.py:115] Agent_1 gets eval reward: 621.72.
[20260602 12:09:42 @multi_evo_agent_runner.py:116] Agent_1 gets win rate: 0.45.
[20260602 12:09:42 @multi_evo_agent_runner.py:503] CRITICAL save best checkpoint with agent_1's rewards 621.72!
[20260602 12:09:42 @multi_evo_agent_runner.py:79] #------------------------ Iteration 518 --------------------------#
[20260602 12:09:59 @multi_evo_agent_runner.py:85] Sampling 50000 steps by 50 slaves, spending 17.33 s.
[20260602 12:10:29 @multi_evo_agent_runner.py:94] Policy update, spending: 30.24 s.
[20260602 12:10:32 @multi_evo_agent_runner.py:99] Evaluation time: 2.32 s.
[20260602 12:10:32 @multi_evo_agent_runner.py:105] Total time:     416.32 min
[20260602 12:10:32 @multi_evo_agent_runner.py:115] Agent_0 gets eval reward: 37.82.
[20260602 12:10:32 @multi_evo_agent_runner.py:116] Agent_0 gets win rate: 0.18.
[20260602 12:10:32 @multi_evo_agent_runner.py:115] Agent_1 gets eval reward: 441.91.
[20260602 12:10:32 @multi_evo_agent_runner.py:116] Agent_1 gets win rate: 0.41.
[20260602 12:10:32 @multi_evo_agent_runner.py:79] #------------------------ Iteration 519 --------------------------#
[20260602 12:10:48 @multi_evo_agent_runner.py:85] Sampling 50000 steps by 50 slaves, spending 16.21 s.
[20260602 12:11:18 @multi_evo_agent_runner.py:94] Policy update, spending: 29.38 s.
[20260602 12:11:20 @multi_evo_agent_runner.py:99] Evaluation time: 2.21 s.
[20260602 12:11:20 @multi_evo_agent_runner.py:105] Total time:     417.12 min
[20260602 12:11:20 @multi_evo_agent_runner.py:115] Agent_0 gets eval reward: 447.58.
[20260602 12:11:20 @multi_evo_agent_runner.py:116] Agent_0 gets win rate: 0.37.
[20260602 12:11:20 @multi_evo_agent_runner.py:115] Agent_1 gets eval reward: 366.21.
[20260602 12:11:20 @multi_evo_agent_runner.py:116] Agent_1 gets win rate: 0.42.
[20260602 12:11:20 @multi_evo_agent_runner.py:79] #------------------------ Iteration 520 --------------------------#
[20260602 12:11:36 @multi_evo_agent_runner.py:85] Sampling 50000 steps by 50 slaves, spending 16.23 s.
[20260602 12:12:06 @multi_evo_agent_runner.py:94] Policy update, spending: 29.52 s.
[20260602 12:12:08 @multi_evo_agent_runner.py:99] Evaluation time: 1.92 s.
[20260602 12:12:08 @multi_evo_agent_runner.py:105] Total time:     417.92 min
[20260602 12:12:08 @multi_evo_agent_runner.py:115] Agent_0 gets eval reward: 101.90.
[20260602 12:12:08 @multi_evo_agent_runner.py:116] Agent_0 gets win rate: 0.19.
[20260602 12:12:08 @multi_evo_agent_runner.py:115] Agent_1 gets eval reward: 326.40.
[20260602 12:12:08 @multi_evo_agent_runner.py:116] Agent_1 gets win rate: 0.32.
[20260602 12:12:08 @multi_evo_agent_runner.py:79] #------------------------ Iteration 521 --------------------------#
[20260602 12:12:25 @multi_evo_agent_runner.py:85] Sampling 50000 steps by 50 slaves, spending 16.69 s.
[20260602 12:12:54 @multi_evo_agent_runner.py:94] Policy update, spending: 29.33 s.
[20260602 12:12:57 @multi_evo_agent_runner.py:99] Evaluation time: 2.67 s.
[20260602 12:12:57 @multi_evo_agent_runner.py:105] Total time:     418.73 min
[20260602 12:12:57 @multi_evo_agent_runner.py:115] Agent_0 gets eval reward: 691.92.
[20260602 12:12:57 @multi_evo_agent_runner.py:116] Agent_0 gets win rate: 0.51.
[20260602 12:12:57 @multi_evo_agent_runner.py:115] Agent_1 gets eval reward: -101.33.
[20260602 12:12:57 @multi_evo_agent_runner.py:116] Agent_1 gets win rate: 0.21.
[20260602 12:12:57 @multi_evo_agent_runner.py:503] CRITICAL save best checkpoint with agent_0's rewards 691.92!
[20260602 12:12:57 @multi_evo_agent_runner.py:79] #------------------------ Iteration 522 --------------------------#
[20260602 12:13:14 @multi_evo_agent_runner.py:85] Sampling 50000 steps by 50 slaves, spending 16.62 s.
[20260602 12:13:43 @multi_evo_agent_runner.py:94] Policy update, spending: 29.67 s.
[20260602 12:13:45 @multi_evo_agent_runner.py:99] Evaluation time: 2.03 s.
[20260602 12:13:45 @multi_evo_agent_runner.py:105] Total time:     419.54 min
[20260602 12:13:45 @multi_evo_agent_runner.py:115] Agent_0 gets eval reward: 86.45.
[20260602 12:13:45 @multi_evo_agent_runner.py:116] Agent_0 gets win rate: 0.29.
[20260602 12:13:45 @multi_evo_agent_runner.py:115] Agent_1 gets eval reward: 355.82.
[20260602 12:13:45 @multi_evo_agent_runner.py:116] Agent_1 gets win rate: 0.35.
[20260602 12:13:46 @multi_evo_agent_runner.py:79] #------------------------ Iteration 523 --------------------------#
[20260602 12:14:03 @multi_evo_agent_runner.py:85] Sampling 50000 steps by 50 slaves, spending 17.43 s.
[20260602 12:14:34 @multi_evo_agent_runner.py:94] Policy update, spending: 30.79 s.
[20260602 12:14:36 @multi_evo_agent_runner.py:99] Evaluation time: 2.32 s.
[20260602 12:14:36 @multi_evo_agent_runner.py:105] Total time:     420.39 min
[20260602 12:14:36 @multi_evo_agent_runner.py:115] Agent_0 gets eval reward: 66.74.
[20260602 12:14:36 @multi_evo_agent_runner.py:116] Agent_0 gets win rate: 0.27.
[20260602 12:14:36 @multi_evo_agent_runner.py:115] Agent_1 gets eval reward: 629.30.
[20260602 12:14:36 @multi_evo_agent_runner.py:116] Agent_1 gets win rate: 0.41.
[20260602 12:14:36 @multi_evo_agent_runner.py:503] CRITICAL save best checkpoint with agent_1's rewards 629.30!
[20260602 12:14:36 @multi_evo_agent_runner.py:79] #------------------------ Iteration 524 --------------------------#
[20260602 12:14:53 @multi_evo_agent_runner.py:85] Sampling 50000 steps by 50 slaves, spending 16.56 s.
[20260602 12:15:23 @multi_evo_agent_runner.py:94] Policy update, spending: 30.14 s.
[20260602 12:15:25 @multi_evo_agent_runner.py:99] Evaluation time: 2.22 s.
[20260602 12:15:25 @multi_evo_agent_runner.py:105] Total time:     421.21 min
[20260602 12:15:25 @multi_evo_agent_runner.py:115] Agent_0 gets eval reward: -6.75.
[20260602 12:15:25 @multi_evo_agent_runner.py:116] Agent_0 gets win rate: 0.23.
[20260602 12:15:25 @multi_evo_agent_runner.py:115] Agent_1 gets eval reward: 422.71.
[20260602 12:15:25 @multi_evo_agent_runner.py:116] Agent_1 gets win rate: 0.33.
[20260602 12:15:26 @multi_evo_agent_runner.py:79] #------------------------ Iteration 525 --------------------------#
[20260602 12:15:43 @multi_evo_agent_runner.py:85] Sampling 50000 steps by 50 slaves, spending 17.14 s.
[20260602 12:16:13 @multi_evo_agent_runner.py:94] Policy update, spending: 30.66 s.
[20260602 12:16:15 @multi_evo_agent_runner.py:99] Evaluation time: 1.92 s.
[20260602 12:16:15 @multi_evo_agent_runner.py:105] Total time:     422.04 min
[20260602 12:16:15 @multi_evo_agent_runner.py:115] Agent_0 gets eval reward: 646.23.
[20260602 12:16:15 @multi_evo_agent_runner.py:116] Agent_0 gets win rate: 0.47.
[20260602 12:16:15 @multi_evo_agent_runner.py:115] Agent_1 gets eval reward: 63.55.
[20260602 12:16:15 @multi_evo_agent_runner.py:116] Agent_1 gets win rate: 0.28.
[20260602 12:16:16 @multi_evo_agent_runner.py:79] #------------------------ Iteration 526 --------------------------#
[20260602 12:16:33 @multi_evo_agent_runner.py:85] Sampling 50000 steps by 50 slaves, spending 17.09 s.
[20260602 12:17:03 @multi_evo_agent_runner.py:94] Policy update, spending: 30.50 s.
[20260602 12:17:05 @multi_evo_agent_runner.py:99] Evaluation time: 2.08 s.
[20260602 12:17:05 @multi_evo_agent_runner.py:105] Total time:     422.88 min
[20260602 12:17:05 @multi_evo_agent_runner.py:115] Agent_0 gets eval reward: 173.18.
[20260602 12:17:05 @multi_evo_agent_runner.py:116] Agent_0 gets win rate: 0.14.
[20260602 12:17:05 @multi_evo_agent_runner.py:115] Agent_1 gets eval reward: 793.05.
[20260602 12:17:05 @multi_evo_agent_runner.py:116] Agent_1 gets win rate: 0.31.
[20260602 12:17:05 @multi_evo_agent_runner.py:503] CRITICAL save best checkpoint with agent_1's rewards 793.05!
[20260602 12:17:06 @multi_evo_agent_runner.py:79] #------------------------ Iteration 527 --------------------------#
[20260602 12:17:23 @multi_evo_agent_runner.py:85] Sampling 50000 steps by 50 slaves, spending 17.55 s.
[20260602 12:17:55 @multi_evo_agent_runner.py:94] Policy update, spending: 31.44 s.
[20260602 12:17:57 @multi_evo_agent_runner.py:99] Evaluation time: 2.29 s.
[20260602 12:17:57 @multi_evo_agent_runner.py:105] Total time:     423.74 min
[20260602 12:17:57 @multi_evo_agent_runner.py:115] Agent_0 gets eval reward: -117.73.
[20260602 12:17:57 @multi_evo_agent_runner.py:116] Agent_0 gets win rate: 0.15.
[20260602 12:17:57 @multi_evo_agent_runner.py:115] Agent_1 gets eval reward: 668.27.
[20260602 12:17:57 @multi_evo_agent_runner.py:116] Agent_1 gets win rate: 0.41.
[20260602 12:17:57 @multi_evo_agent_runner.py:503] CRITICAL save best checkpoint with agent_1's rewards 668.27!
[20260602 12:17:57 @multi_evo_agent_runner.py:79] #------------------------ Iteration 528 --------------------------#
[20260602 12:18:14 @multi_evo_agent_runner.py:85] Sampling 50000 steps by 50 slaves, spending 16.48 s.
[20260602 12:18:43 @multi_evo_agent_runner.py:94] Policy update, spending: 29.54 s.
[20260602 12:18:45 @multi_evo_agent_runner.py:99] Evaluation time: 2.15 s.
[20260602 12:18:45 @multi_evo_agent_runner.py:105] Total time:     424.54 min
[20260602 12:18:45 @multi_evo_agent_runner.py:115] Agent_0 gets eval reward: 187.60.
[20260602 12:18:45 @multi_evo_agent_runner.py:116] Agent_0 gets win rate: 0.32.
[20260602 12:18:45 @multi_evo_agent_runner.py:115] Agent_1 gets eval reward: 172.07.
[20260602 12:18:45 @multi_evo_agent_runner.py:116] Agent_1 gets win rate: 0.32.
[20260602 12:18:46 @multi_evo_agent_runner.py:79] #------------------------ Iteration 529 --------------------------#
[20260602 12:19:02 @multi_evo_agent_runner.py:85] Sampling 50000 steps by 50 slaves, spending 16.93 s.
[20260602 12:19:33 @multi_evo_agent_runner.py:94] Policy update, spending: 30.37 s.
[20260602 12:19:35 @multi_evo_agent_runner.py:99] Evaluation time: 2.25 s.
[20260602 12:19:35 @multi_evo_agent_runner.py:105] Total time:     425.37 min
[20260602 12:19:35 @multi_evo_agent_runner.py:115] Agent_0 gets eval reward: 276.84.
[20260602 12:19:35 @multi_evo_agent_runner.py:116] Agent_0 gets win rate: 0.38.
[20260602 12:19:35 @multi_evo_agent_runner.py:115] Agent_1 gets eval reward: 247.10.
[20260602 12:19:35 @multi_evo_agent_runner.py:116] Agent_1 gets win rate: 0.27.
[20260602 12:19:35 @multi_evo_agent_runner.py:79] #------------------------ Iteration 530 --------------------------#
[20260602 12:19:52 @multi_evo_agent_runner.py:85] Sampling 50000 steps by 50 slaves, spending 16.97 s.
[20260602 12:20:22 @multi_evo_agent_runner.py:94] Policy update, spending: 29.33 s.
[20260602 12:20:24 @multi_evo_agent_runner.py:99] Evaluation time: 2.58 s.
[20260602 12:20:24 @multi_evo_agent_runner.py:105] Total time:     426.19 min
[20260602 12:20:24 @multi_evo_agent_runner.py:115] Agent_0 gets eval reward: 218.32.
[20260602 12:20:24 @multi_evo_agent_runner.py:116] Agent_0 gets win rate: 0.41.
[20260602 12:20:24 @multi_evo_agent_runner.py:115] Agent_1 gets eval reward: 158.98.
[20260602 12:20:24 @multi_evo_agent_runner.py:116] Agent_1 gets win rate: 0.32.
[20260602 12:20:25 @multi_evo_agent_runner.py:79] #------------------------ Iteration 531 --------------------------#
[20260602 12:20:41 @multi_evo_agent_runner.py:85] Sampling 50000 steps by 50 slaves, spending 16.18 s.
[20260602 12:21:09 @multi_evo_agent_runner.py:94] Policy update, spending: 28.41 s.
[20260602 12:21:11 @multi_evo_agent_runner.py:99] Evaluation time: 2.37 s.
[20260602 12:21:11 @multi_evo_agent_runner.py:105] Total time:     426.98 min
[20260602 12:21:12 @multi_evo_agent_runner.py:115] Agent_0 gets eval reward: 218.76.
[20260602 12:21:12 @multi_evo_agent_runner.py:116] Agent_0 gets win rate: 0.28.
[20260602 12:21:12 @multi_evo_agent_runner.py:115] Agent_1 gets eval reward: 207.64.
[20260602 12:21:12 @multi_evo_agent_runner.py:116] Agent_1 gets win rate: 0.24.
[20260602 12:21:12 @multi_evo_agent_runner.py:79] #------------------------ Iteration 532 --------------------------#
[20260602 12:21:29 @multi_evo_agent_runner.py:85] Sampling 50000 steps by 50 slaves, spending 17.75 s.
[20260602 12:22:00 @multi_evo_agent_runner.py:94] Policy update, spending: 30.80 s.
[20260602 12:22:02 @multi_evo_agent_runner.py:99] Evaluation time: 1.91 s.
[20260602 12:22:02 @multi_evo_agent_runner.py:105] Total time:     427.83 min
[20260602 12:22:02 @multi_evo_agent_runner.py:115] Agent_0 gets eval reward: 428.61.
[20260602 12:22:02 @multi_evo_agent_runner.py:116] Agent_0 gets win rate: 0.38.
[20260602 12:22:02 @multi_evo_agent_runner.py:115] Agent_1 gets eval reward: 445.57.
[20260602 12:22:02 @multi_evo_agent_runner.py:116] Agent_1 gets win rate: 0.38.
[20260602 12:22:02 @multi_evo_agent_runner.py:79] #------------------------ Iteration 533 --------------------------#
[20260602 12:22:19 @multi_evo_agent_runner.py:85] Sampling 50000 steps by 50 slaves, spending 16.46 s.
[20260602 12:22:49 @multi_evo_agent_runner.py:94] Policy update, spending: 30.16 s.
[20260602 12:22:51 @multi_evo_agent_runner.py:99] Evaluation time: 1.98 s.
[20260602 12:22:51 @multi_evo_agent_runner.py:105] Total time:     428.64 min
[20260602 12:22:51 @multi_evo_agent_runner.py:115] Agent_0 gets eval reward: 575.92.
[20260602 12:22:51 @multi_evo_agent_runner.py:116] Agent_0 gets win rate: 0.47.
[20260602 12:22:51 @multi_evo_agent_runner.py:115] Agent_1 gets eval reward: 83.13.
[20260602 12:22:51 @multi_evo_agent_runner.py:116] Agent_1 gets win rate: 0.26.
[20260602 12:22:51 @multi_evo_agent_runner.py:79] #------------------------ Iteration 534 --------------------------#
[20260602 12:23:08 @multi_evo_agent_runner.py:85] Sampling 50000 steps by 50 slaves, spending 16.35 s.
[20260602 12:23:38 @multi_evo_agent_runner.py:94] Policy update, spending: 29.97 s.
[20260602 12:23:40 @multi_evo_agent_runner.py:99] Evaluation time: 2.20 s.
[20260602 12:23:40 @multi_evo_agent_runner.py:105] Total time:     429.45 min
[20260602 12:23:40 @multi_evo_agent_runner.py:115] Agent_0 gets eval reward: 603.77.
[20260602 12:23:40 @multi_evo_agent_runner.py:116] Agent_0 gets win rate: 0.32.
[20260602 12:23:40 @multi_evo_agent_runner.py:115] Agent_1 gets eval reward: 28.30.
[20260602 12:23:40 @multi_evo_agent_runner.py:116] Agent_1 gets win rate: 0.13.
[20260602 12:23:40 @multi_evo_agent_runner.py:79] #------------------------ Iteration 535 --------------------------#
[20260602 12:23:57 @multi_evo_agent_runner.py:85] Sampling 50000 steps by 50 slaves, spending 16.62 s.
[20260602 12:24:26 @multi_evo_agent_runner.py:94] Policy update, spending: 29.68 s.
[20260602 12:24:29 @multi_evo_agent_runner.py:99] Evaluation time: 2.42 s.
[20260602 12:24:29 @multi_evo_agent_runner.py:105] Total time:     430.27 min
[20260602 12:24:29 @multi_evo_agent_runner.py:115] Agent_0 gets eval reward: 314.25.
[20260602 12:24:29 @multi_evo_agent_runner.py:116] Agent_0 gets win rate: 0.16.
[20260602 12:24:29 @multi_evo_agent_runner.py:115] Agent_1 gets eval reward: -28.04.
[20260602 12:24:29 @multi_evo_agent_runner.py:116] Agent_1 gets win rate: 0.08.
[20260602 12:24:29 @multi_evo_agent_runner.py:79] #------------------------ Iteration 536 --------------------------#
[20260602 12:24:46 @multi_evo_agent_runner.py:85] Sampling 50000 steps by 50 slaves, spending 16.42 s.
[20260602 12:25:16 @multi_evo_agent_runner.py:94] Policy update, spending: 30.21 s.
[20260602 12:25:18 @multi_evo_agent_runner.py:99] Evaluation time: 1.97 s.
[20260602 12:25:18 @multi_evo_agent_runner.py:105] Total time:     431.09 min
[20260602 12:25:18 @multi_evo_agent_runner.py:115] Agent_0 gets eval reward: 252.57.
[20260602 12:25:18 @multi_evo_agent_runner.py:116] Agent_0 gets win rate: 0.38.
[20260602 12:25:18 @multi_evo_agent_runner.py:115] Agent_1 gets eval reward: 291.13.
[20260602 12:25:18 @multi_evo_agent_runner.py:116] Agent_1 gets win rate: 0.26.
[20260602 12:25:18 @multi_evo_agent_runner.py:79] #------------------------ Iteration 537 --------------------------#
[20260602 12:25:35 @multi_evo_agent_runner.py:85] Sampling 50000 steps by 50 slaves, spending 17.20 s.
[20260602 12:26:06 @multi_evo_agent_runner.py:94] Policy update, spending: 30.33 s.
[20260602 12:26:08 @multi_evo_agent_runner.py:99] Evaluation time: 2.24 s.
[20260602 12:26:08 @multi_evo_agent_runner.py:105] Total time:     431.92 min
[20260602 12:26:08 @multi_evo_agent_runner.py:115] Agent_0 gets eval reward: 442.98.
[20260602 12:26:08 @multi_evo_agent_runner.py:116] Agent_0 gets win rate: 0.38.
[20260602 12:26:08 @multi_evo_agent_runner.py:115] Agent_1 gets eval reward: 16.16.
[20260602 12:26:08 @multi_evo_agent_runner.py:116] Agent_1 gets win rate: 0.24.
[20260602 12:26:08 @multi_evo_agent_runner.py:79] #------------------------ Iteration 538 --------------------------#
[20260602 12:26:25 @multi_evo_agent_runner.py:85] Sampling 50000 steps by 50 slaves, spending 16.89 s.
[20260602 12:26:55 @multi_evo_agent_runner.py:94] Policy update, spending: 29.74 s.
[20260602 12:26:57 @multi_evo_agent_runner.py:99] Evaluation time: 2.18 s.
[20260602 12:26:57 @multi_evo_agent_runner.py:105] Total time:     432.74 min
[20260602 12:26:57 @multi_evo_agent_runner.py:115] Agent_0 gets eval reward: 404.32.
[20260602 12:26:57 @multi_evo_agent_runner.py:116] Agent_0 gets win rate: 0.27.
[20260602 12:26:57 @multi_evo_agent_runner.py:115] Agent_1 gets eval reward: 522.63.
[20260602 12:26:57 @multi_evo_agent_runner.py:116] Agent_1 gets win rate: 0.27.
[20260602 12:26:57 @multi_evo_agent_runner.py:79] #------------------------ Iteration 539 --------------------------#
[20260602 12:27:15 @multi_evo_agent_runner.py:85] Sampling 50000 steps by 50 slaves, spending 17.59 s.
[20260602 12:27:45 @multi_evo_agent_runner.py:94] Policy update, spending: 30.35 s.
[20260602 12:27:47 @multi_evo_agent_runner.py:99] Evaluation time: 2.13 s.
[20260602 12:27:47 @multi_evo_agent_runner.py:105] Total time:     433.58 min
[20260602 12:27:47 @multi_evo_agent_runner.py:115] Agent_0 gets eval reward: 115.27.
[20260602 12:27:47 @multi_evo_agent_runner.py:116] Agent_0 gets win rate: 0.37.
[20260602 12:27:47 @multi_evo_agent_runner.py:115] Agent_1 gets eval reward: 295.81.
[20260602 12:27:47 @multi_evo_agent_runner.py:116] Agent_1 gets win rate: 0.37.
[20260602 12:27:47 @multi_evo_agent_runner.py:79] #------------------------ Iteration 540 --------------------------#
[20260602 12:28:04 @multi_evo_agent_runner.py:85] Sampling 50000 steps by 50 slaves, spending 16.78 s.
[20260602 12:28:34 @multi_evo_agent_runner.py:94] Policy update, spending: 30.09 s.
[20260602 12:28:36 @multi_evo_agent_runner.py:99] Evaluation time: 2.10 s.
[20260602 12:28:36 @multi_evo_agent_runner.py:105] Total time:     434.40 min
[20260602 12:28:37 @multi_evo_agent_runner.py:115] Agent_0 gets eval reward: 15.28.
[20260602 12:28:37 @multi_evo_agent_runner.py:116] Agent_0 gets win rate: 0.27.
[20260602 12:28:37 @multi_evo_agent_runner.py:115] Agent_1 gets eval reward: 749.67.
[20260602 12:28:37 @multi_evo_agent_runner.py:116] Agent_1 gets win rate: 0.42.
[20260602 12:28:37 @multi_evo_agent_runner.py:503] CRITICAL save best checkpoint with agent_1's rewards 749.67!
[20260602 12:28:37 @multi_evo_agent_runner.py:79] #------------------------ Iteration 541 --------------------------#
[20260602 12:28:53 @multi_evo_agent_runner.py:85] Sampling 50000 steps by 50 slaves, spending 16.05 s.
[20260602 12:29:21 @multi_evo_agent_runner.py:94] Policy update, spending: 28.45 s.
[20260602 12:29:23 @multi_evo_agent_runner.py:99] Evaluation time: 2.09 s.
[20260602 12:29:23 @multi_evo_agent_runner.py:105] Total time:     435.18 min
[20260602 12:29:23 @multi_evo_agent_runner.py:115] Agent_0 gets eval reward: 71.46.
[20260602 12:29:23 @multi_evo_agent_runner.py:116] Agent_0 gets win rate: 0.22.
[20260602 12:29:23 @multi_evo_agent_runner.py:115] Agent_1 gets eval reward: 373.94.
[20260602 12:29:23 @multi_evo_agent_runner.py:116] Agent_1 gets win rate: 0.34.
[20260602 12:29:24 @multi_evo_agent_runner.py:79] #------------------------ Iteration 542 --------------------------#
[20260602 12:29:41 @multi_evo_agent_runner.py:85] Sampling 50000 steps by 50 slaves, spending 16.96 s.
[20260602 12:30:11 @multi_evo_agent_runner.py:94] Policy update, spending: 30.16 s.
[20260602 12:30:13 @multi_evo_agent_runner.py:99] Evaluation time: 2.15 s.
[20260602 12:30:13 @multi_evo_agent_runner.py:105] Total time:     436.00 min
[20260602 12:30:13 @multi_evo_agent_runner.py:115] Agent_0 gets eval reward: 625.47.
[20260602 12:30:13 @multi_evo_agent_runner.py:116] Agent_0 gets win rate: 0.24.
[20260602 12:30:13 @multi_evo_agent_runner.py:115] Agent_1 gets eval reward: 346.45.
[20260602 12:30:13 @multi_evo_agent_runner.py:116] Agent_1 gets win rate: 0.24.
[20260602 12:30:13 @multi_evo_agent_runner.py:79] #------------------------ Iteration 543 --------------------------#
[20260602 12:30:30 @multi_evo_agent_runner.py:85] Sampling 50000 steps by 50 slaves, spending 17.20 s.
[20260602 12:31:01 @multi_evo_agent_runner.py:94] Policy update, spending: 31.01 s.
[20260602 12:31:04 @multi_evo_agent_runner.py:99] Evaluation time: 2.60 s.
[20260602 12:31:04 @multi_evo_agent_runner.py:105] Total time:     436.86 min
[20260602 12:31:04 @multi_evo_agent_runner.py:115] Agent_0 gets eval reward: 244.81.
[20260602 12:31:04 @multi_evo_agent_runner.py:116] Agent_0 gets win rate: 0.34.
[20260602 12:31:04 @multi_evo_agent_runner.py:115] Agent_1 gets eval reward: 292.94.
[20260602 12:31:04 @multi_evo_agent_runner.py:116] Agent_1 gets win rate: 0.28.
[20260602 12:31:04 @multi_evo_agent_runner.py:79] #------------------------ Iteration 544 --------------------------#
[20260602 12:31:21 @multi_evo_agent_runner.py:85] Sampling 50000 steps by 50 slaves, spending 16.67 s.
[20260602 12:31:52 @multi_evo_agent_runner.py:94] Policy update, spending: 30.96 s.
[20260602 12:31:54 @multi_evo_agent_runner.py:99] Evaluation time: 2.08 s.
[20260602 12:31:54 @multi_evo_agent_runner.py:105] Total time:     437.69 min
[20260602 12:31:54 @multi_evo_agent_runner.py:115] Agent_0 gets eval reward: 339.78.
[20260602 12:31:54 @multi_evo_agent_runner.py:116] Agent_0 gets win rate: 0.38.
[20260602 12:31:54 @multi_evo_agent_runner.py:115] Agent_1 gets eval reward: 207.70.
[20260602 12:31:54 @multi_evo_agent_runner.py:116] Agent_1 gets win rate: 0.29.
[20260602 12:31:54 @multi_evo_agent_runner.py:79] #------------------------ Iteration 545 --------------------------#
[20260602 12:32:10 @multi_evo_agent_runner.py:85] Sampling 50000 steps by 50 slaves, spending 16.22 s.
[20260602 12:32:40 @multi_evo_agent_runner.py:94] Policy update, spending: 29.78 s.
[20260602 12:32:42 @multi_evo_agent_runner.py:99] Evaluation time: 2.11 s.
[20260602 12:32:42 @multi_evo_agent_runner.py:105] Total time:     438.49 min
[20260602 12:32:42 @multi_evo_agent_runner.py:115] Agent_0 gets eval reward: 99.72.
[20260602 12:32:42 @multi_evo_agent_runner.py:116] Agent_0 gets win rate: 0.33.
[20260602 12:32:42 @multi_evo_agent_runner.py:115] Agent_1 gets eval reward: 411.83.
[20260602 12:32:42 @multi_evo_agent_runner.py:116] Agent_1 gets win rate: 0.42.
[20260602 12:32:43 @multi_evo_agent_runner.py:79] #------------------------ Iteration 546 --------------------------#
[20260602 12:33:00 @multi_evo_agent_runner.py:85] Sampling 50000 steps by 50 slaves, spending 16.95 s.
[20260602 12:33:31 @multi_evo_agent_runner.py:94] Policy update, spending: 30.97 s.
[20260602 12:33:33 @multi_evo_agent_runner.py:99] Evaluation time: 2.52 s.
[20260602 12:33:33 @multi_evo_agent_runner.py:105] Total time:     439.34 min
[20260602 12:33:33 @multi_evo_agent_runner.py:115] Agent_0 gets eval reward: 569.48.
[20260602 12:33:33 @multi_evo_agent_runner.py:116] Agent_0 gets win rate: 0.34.
[20260602 12:33:33 @multi_evo_agent_runner.py:115] Agent_1 gets eval reward: 116.42.
[20260602 12:33:33 @multi_evo_agent_runner.py:116] Agent_1 gets win rate: 0.14.
[20260602 12:33:33 @multi_evo_agent_runner.py:79] #------------------------ Iteration 547 --------------------------#
[20260602 12:33:50 @multi_evo_agent_runner.py:85] Sampling 50000 steps by 50 slaves, spending 17.00 s.
[20260602 12:34:21 @multi_evo_agent_runner.py:94] Policy update, spending: 30.90 s.
[20260602 12:34:23 @multi_evo_agent_runner.py:99] Evaluation time: 1.96 s.
[20260602 12:34:23 @multi_evo_agent_runner.py:105] Total time:     440.18 min
[20260602 12:34:23 @multi_evo_agent_runner.py:115] Agent_0 gets eval reward: 238.51.
[20260602 12:34:23 @multi_evo_agent_runner.py:116] Agent_0 gets win rate: 0.16.
[20260602 12:34:23 @multi_evo_agent_runner.py:115] Agent_1 gets eval reward: 250.94.
[20260602 12:34:23 @multi_evo_agent_runner.py:116] Agent_1 gets win rate: 0.16.
[20260602 12:34:23 @multi_evo_agent_runner.py:79] #------------------------ Iteration 548 --------------------------#
[20260602 12:34:40 @multi_evo_agent_runner.py:85] Sampling 50000 steps by 50 slaves, spending 16.45 s.
[20260602 12:35:10 @multi_evo_agent_runner.py:94] Policy update, spending: 30.26 s.
[20260602 12:35:12 @multi_evo_agent_runner.py:99] Evaluation time: 2.27 s.
[20260602 12:35:12 @multi_evo_agent_runner.py:105] Total time:     441.00 min
[20260602 12:35:13 @multi_evo_agent_runner.py:115] Agent_0 gets eval reward: 194.62.
[20260602 12:35:13 @multi_evo_agent_runner.py:116] Agent_0 gets win rate: 0.27.
[20260602 12:35:13 @multi_evo_agent_runner.py:115] Agent_1 gets eval reward: 581.13.
[20260602 12:35:13 @multi_evo_agent_runner.py:116] Agent_1 gets win rate: 0.43.
[20260602 12:35:13 @multi_evo_agent_runner.py:503] CRITICAL save best checkpoint with agent_1's rewards 581.13!
[20260602 12:35:13 @multi_evo_agent_runner.py:79] #------------------------ Iteration 549 --------------------------#
[20260602 12:35:30 @multi_evo_agent_runner.py:85] Sampling 50000 steps by 50 slaves, spending 17.24 s.
[20260602 12:36:00 @multi_evo_agent_runner.py:94] Policy update, spending: 30.38 s.
[20260602 12:36:03 @multi_evo_agent_runner.py:99] Evaluation time: 2.29 s.
[20260602 12:36:03 @multi_evo_agent_runner.py:105] Total time:     441.83 min
[20260602 12:36:03 @multi_evo_agent_runner.py:115] Agent_0 gets eval reward: 232.22.
[20260602 12:36:03 @multi_evo_agent_runner.py:116] Agent_0 gets win rate: 0.29.
[20260602 12:36:03 @multi_evo_agent_runner.py:115] Agent_1 gets eval reward: 261.86.
[20260602 12:36:03 @multi_evo_agent_runner.py:116] Agent_1 gets win rate: 0.35.
[20260602 12:36:03 @multi_evo_agent_runner.py:79] #------------------------ Iteration 550 --------------------------#
[20260602 12:36:19 @multi_evo_agent_runner.py:85] Sampling 50000 steps by 50 slaves, spending 16.18 s.
[20260602 12:36:49 @multi_evo_agent_runner.py:94] Policy update, spending: 29.83 s.
[20260602 12:36:51 @multi_evo_agent_runner.py:99] Evaluation time: 2.41 s.
[20260602 12:36:51 @multi_evo_agent_runner.py:105] Total time:     442.64 min
[20260602 12:36:51 @multi_evo_agent_runner.py:115] Agent_0 gets eval reward: 324.46.
[20260602 12:36:51 @multi_evo_agent_runner.py:116] Agent_0 gets win rate: 0.21.
[20260602 12:36:51 @multi_evo_agent_runner.py:115] Agent_1 gets eval reward: 235.53.
[20260602 12:36:51 @multi_evo_agent_runner.py:116] Agent_1 gets win rate: 0.24.
[20260602 12:36:52 @multi_evo_agent_runner.py:79] #------------------------ Iteration 551 --------------------------#
[20260602 12:37:09 @multi_evo_agent_runner.py:85] Sampling 50000 steps by 50 slaves, spending 17.52 s.
[20260602 12:37:40 @multi_evo_agent_runner.py:94] Policy update, spending: 31.36 s.
[20260602 12:37:42 @multi_evo_agent_runner.py:99] Evaluation time: 1.97 s.
[20260602 12:37:42 @multi_evo_agent_runner.py:105] Total time:     443.50 min
[20260602 12:37:43 @multi_evo_agent_runner.py:115] Agent_0 gets eval reward: 416.33.
[20260602 12:37:43 @multi_evo_agent_runner.py:116] Agent_0 gets win rate: 0.17.
[20260602 12:37:43 @multi_evo_agent_runner.py:115] Agent_1 gets eval reward: -132.79.
[20260602 12:37:43 @multi_evo_agent_runner.py:116] Agent_1 gets win rate: 0.04.
[20260602 12:37:43 @multi_evo_agent_runner.py:79] #------------------------ Iteration 552 --------------------------#
[20260602 12:38:00 @multi_evo_agent_runner.py:85] Sampling 50000 steps by 50 slaves, spending 17.24 s.
[20260602 12:38:31 @multi_evo_agent_runner.py:94] Policy update, spending: 30.70 s.
[20260602 12:38:33 @multi_evo_agent_runner.py:99] Evaluation time: 2.17 s.
[20260602 12:38:33 @multi_evo_agent_runner.py:105] Total time:     444.34 min
[20260602 12:38:33 @multi_evo_agent_runner.py:115] Agent_0 gets eval reward: 341.39.
[20260602 12:38:33 @multi_evo_agent_runner.py:116] Agent_0 gets win rate: 0.40.
[20260602 12:38:33 @multi_evo_agent_runner.py:115] Agent_1 gets eval reward: 139.29.
[20260602 12:38:33 @multi_evo_agent_runner.py:116] Agent_1 gets win rate: 0.35.
[20260602 12:38:33 @multi_evo_agent_runner.py:79] #------------------------ Iteration 553 --------------------------#
[20260602 12:38:50 @multi_evo_agent_runner.py:85] Sampling 50000 steps by 50 slaves, spending 17.20 s.
[20260602 12:39:20 @multi_evo_agent_runner.py:94] Policy update, spending: 30.18 s.
[20260602 12:39:23 @multi_evo_agent_runner.py:99] Evaluation time: 2.49 s.
[20260602 12:39:23 @multi_evo_agent_runner.py:105] Total time:     445.17 min
[20260602 12:39:23 @multi_evo_agent_runner.py:115] Agent_0 gets eval reward: -154.48.
[20260602 12:39:23 @multi_evo_agent_runner.py:116] Agent_0 gets win rate: 0.24.
[20260602 12:39:23 @multi_evo_agent_runner.py:115] Agent_1 gets eval reward: 292.01.
[20260602 12:39:23 @multi_evo_agent_runner.py:116] Agent_1 gets win rate: 0.27.
[20260602 12:39:23 @multi_evo_agent_runner.py:79] #------------------------ Iteration 554 --------------------------#
[20260602 12:39:40 @multi_evo_agent_runner.py:85] Sampling 50000 steps by 50 slaves, spending 16.90 s.
[20260602 12:40:11 @multi_evo_agent_runner.py:94] Policy update, spending: 30.79 s.
[20260602 12:40:13 @multi_evo_agent_runner.py:99] Evaluation time: 2.05 s.
[20260602 12:40:13 @multi_evo_agent_runner.py:105] Total time:     446.01 min
[20260602 12:40:13 @multi_evo_agent_runner.py:115] Agent_0 gets eval reward: 313.56.
[20260602 12:40:13 @multi_evo_agent_runner.py:116] Agent_0 gets win rate: 0.45.
[20260602 12:40:13 @multi_evo_agent_runner.py:115] Agent_1 gets eval reward: -196.81.
[20260602 12:40:13 @multi_evo_agent_runner.py:116] Agent_1 gets win rate: 0.24.
[20260602 12:40:13 @multi_evo_agent_runner.py:79] #------------------------ Iteration 555 --------------------------#
[20260602 12:40:31 @multi_evo_agent_runner.py:85] Sampling 50000 steps by 50 slaves, spending 17.53 s.
[20260602 12:41:02 @multi_evo_agent_runner.py:94] Policy update, spending: 31.14 s.
[20260602 12:41:04 @multi_evo_agent_runner.py:99] Evaluation time: 2.03 s.
[20260602 12:41:04 @multi_evo_agent_runner.py:105] Total time:     446.86 min
[20260602 12:41:04 @multi_evo_agent_runner.py:115] Agent_0 gets eval reward: 244.48.
[20260602 12:41:04 @multi_evo_agent_runner.py:116] Agent_0 gets win rate: 0.39.
[20260602 12:41:04 @multi_evo_agent_runner.py:115] Agent_1 gets eval reward: 177.79.
[20260602 12:41:04 @multi_evo_agent_runner.py:116] Agent_1 gets win rate: 0.36.
[20260602 12:41:04 @multi_evo_agent_runner.py:79] #------------------------ Iteration 556 --------------------------#
[20260602 12:41:22 @multi_evo_agent_runner.py:85] Sampling 50000 steps by 50 slaves, spending 17.31 s.
[20260602 12:41:52 @multi_evo_agent_runner.py:94] Policy update, spending: 30.86 s.
[20260602 12:41:55 @multi_evo_agent_runner.py:99] Evaluation time: 2.26 s.
[20260602 12:41:55 @multi_evo_agent_runner.py:105] Total time:     447.70 min
[20260602 12:41:55 @multi_evo_agent_runner.py:115] Agent_0 gets eval reward: 531.21.
[20260602 12:41:55 @multi_evo_agent_runner.py:116] Agent_0 gets win rate: 0.44.
[20260602 12:41:55 @multi_evo_agent_runner.py:115] Agent_1 gets eval reward: 110.79.
[20260602 12:41:55 @multi_evo_agent_runner.py:116] Agent_1 gets win rate: 0.16.
[20260602 12:41:55 @multi_evo_agent_runner.py:79] #------------------------ Iteration 557 --------------------------#
[20260602 12:42:12 @multi_evo_agent_runner.py:85] Sampling 50000 steps by 50 slaves, spending 17.04 s.
[20260602 12:42:43 @multi_evo_agent_runner.py:94] Policy update, spending: 31.06 s.
[20260602 12:42:45 @multi_evo_agent_runner.py:99] Evaluation time: 2.04 s.
[20260602 12:42:45 @multi_evo_agent_runner.py:105] Total time:     448.54 min
[20260602 12:42:45 @multi_evo_agent_runner.py:115] Agent_0 gets eval reward: -178.82.
[20260602 12:42:45 @multi_evo_agent_runner.py:116] Agent_0 gets win rate: 0.04.
[20260602 12:42:45 @multi_evo_agent_runner.py:115] Agent_1 gets eval reward: 566.13.
[20260602 12:42:45 @multi_evo_agent_runner.py:116] Agent_1 gets win rate: 0.23.
[20260602 12:42:45 @multi_evo_agent_runner.py:79] #------------------------ Iteration 558 --------------------------#
[20260602 12:43:02 @multi_evo_agent_runner.py:85] Sampling 50000 steps by 50 slaves, spending 16.84 s.
[20260602 12:43:32 @multi_evo_agent_runner.py:94] Policy update, spending: 29.57 s.
[20260602 12:43:34 @multi_evo_agent_runner.py:99] Evaluation time: 2.01 s.
[20260602 12:43:34 @multi_evo_agent_runner.py:105] Total time:     449.35 min
[20260602 12:43:34 @multi_evo_agent_runner.py:115] Agent_0 gets eval reward: 195.37.
[20260602 12:43:34 @multi_evo_agent_runner.py:116] Agent_0 gets win rate: 0.31.
[20260602 12:43:34 @multi_evo_agent_runner.py:115] Agent_1 gets eval reward: 211.26.
[20260602 12:43:34 @multi_evo_agent_runner.py:116] Agent_1 gets win rate: 0.31.
[20260602 12:43:34 @multi_evo_agent_runner.py:79] #------------------------ Iteration 559 --------------------------#
[20260602 12:43:51 @multi_evo_agent_runner.py:85] Sampling 50000 steps by 50 slaves, spending 17.19 s.
[20260602 12:44:21 @multi_evo_agent_runner.py:94] Policy update, spending: 29.87 s.
[20260602 12:44:23 @multi_evo_agent_runner.py:99] Evaluation time: 2.33 s.
[20260602 12:44:23 @multi_evo_agent_runner.py:105] Total time:     450.18 min
[20260602 12:44:24 @multi_evo_agent_runner.py:115] Agent_0 gets eval reward: 129.27.
[20260602 12:44:24 @multi_evo_agent_runner.py:116] Agent_0 gets win rate: 0.30.
[20260602 12:44:24 @multi_evo_agent_runner.py:115] Agent_1 gets eval reward: 336.49.
[20260602 12:44:24 @multi_evo_agent_runner.py:116] Agent_1 gets win rate: 0.24.
[20260602 12:44:24 @multi_evo_agent_runner.py:79] #------------------------ Iteration 560 --------------------------#
[20260602 12:44:40 @multi_evo_agent_runner.py:85] Sampling 50000 steps by 50 slaves, spending 16.24 s.
[20260602 12:45:10 @multi_evo_agent_runner.py:94] Policy update, spending: 30.32 s.
[20260602 12:45:13 @multi_evo_agent_runner.py:99] Evaluation time: 2.36 s.
[20260602 12:45:13 @multi_evo_agent_runner.py:105] Total time:     451.00 min
[20260602 12:45:13 @multi_evo_agent_runner.py:115] Agent_0 gets eval reward: 170.90.
[20260602 12:45:13 @multi_evo_agent_runner.py:116] Agent_0 gets win rate: 0.36.
[20260602 12:45:13 @multi_evo_agent_runner.py:115] Agent_1 gets eval reward: 447.06.
[20260602 12:45:13 @multi_evo_agent_runner.py:116] Agent_1 gets win rate: 0.49.
[20260602 12:45:13 @multi_evo_agent_runner.py:503] CRITICAL save best checkpoint with agent_1's rewards 447.06!
[20260602 12:45:13 @multi_evo_agent_runner.py:79] #------------------------ Iteration 561 --------------------------#
[20260602 12:45:29 @multi_evo_agent_runner.py:85] Sampling 50000 steps by 50 slaves, spending 16.36 s.
[20260602 12:45:59 @multi_evo_agent_runner.py:94] Policy update, spending: 29.47 s.
[20260602 12:46:01 @multi_evo_agent_runner.py:99] Evaluation time: 2.22 s.
[20260602 12:46:01 @multi_evo_agent_runner.py:105] Total time:     451.81 min
[20260602 12:46:01 @multi_evo_agent_runner.py:115] Agent_0 gets eval reward: 125.17.
[20260602 12:46:01 @multi_evo_agent_runner.py:116] Agent_0 gets win rate: 0.33.
[20260602 12:46:01 @multi_evo_agent_runner.py:115] Agent_1 gets eval reward: 570.13.
[20260602 12:46:01 @multi_evo_agent_runner.py:116] Agent_1 gets win rate: 0.38.
[20260602 12:46:01 @multi_evo_agent_runner.py:503] CRITICAL save best checkpoint with agent_1's rewards 570.13!
[20260602 12:46:01 @multi_evo_agent_runner.py:79] #------------------------ Iteration 562 --------------------------#
[20260602 12:46:18 @multi_evo_agent_runner.py:85] Sampling 50000 steps by 50 slaves, spending 16.87 s.
[20260602 12:46:48 @multi_evo_agent_runner.py:94] Policy update, spending: 29.73 s.
[20260602 12:46:50 @multi_evo_agent_runner.py:99] Evaluation time: 2.11 s.
[20260602 12:46:50 @multi_evo_agent_runner.py:105] Total time:     452.62 min
[20260602 12:46:50 @multi_evo_agent_runner.py:115] Agent_0 gets eval reward: 607.75.
[20260602 12:46:50 @multi_evo_agent_runner.py:116] Agent_0 gets win rate: 0.46.
[20260602 12:46:50 @multi_evo_agent_runner.py:115] Agent_1 gets eval reward: 216.44.
[20260602 12:46:50 @multi_evo_agent_runner.py:116] Agent_1 gets win rate: 0.29.
[20260602 12:46:50 @multi_evo_agent_runner.py:79] #------------------------ Iteration 563 --------------------------#
[20260602 12:47:06 @multi_evo_agent_runner.py:85] Sampling 50000 steps by 50 slaves, spending 16.07 s.
[20260602 12:47:35 @multi_evo_agent_runner.py:94] Policy update, spending: 28.92 s.
[20260602 12:47:37 @multi_evo_agent_runner.py:99] Evaluation time: 2.23 s.
[20260602 12:47:37 @multi_evo_agent_runner.py:105] Total time:     453.41 min
[20260602 12:47:38 @multi_evo_agent_runner.py:115] Agent_0 gets eval reward: 53.92.
[20260602 12:47:38 @multi_evo_agent_runner.py:116] Agent_0 gets win rate: 0.28.
[20260602 12:47:38 @multi_evo_agent_runner.py:115] Agent_1 gets eval reward: 172.65.
[20260602 12:47:38 @multi_evo_agent_runner.py:116] Agent_1 gets win rate: 0.21.
[20260602 12:47:38 @multi_evo_agent_runner.py:79] #------------------------ Iteration 564 --------------------------#
[20260602 12:47:54 @multi_evo_agent_runner.py:85] Sampling 50000 steps by 50 slaves, spending 16.71 s.
[20260602 12:48:25 @multi_evo_agent_runner.py:94] Policy update, spending: 30.10 s.
[20260602 12:48:27 @multi_evo_agent_runner.py:99] Evaluation time: 2.02 s.
[20260602 12:48:27 @multi_evo_agent_runner.py:105] Total time:     454.23 min
[20260602 12:48:27 @multi_evo_agent_runner.py:115] Agent_0 gets eval reward: 231.64.
[20260602 12:48:27 @multi_evo_agent_runner.py:116] Agent_0 gets win rate: 0.30.
[20260602 12:48:27 @multi_evo_agent_runner.py:115] Agent_1 gets eval reward: 153.04.
[20260602 12:48:27 @multi_evo_agent_runner.py:116] Agent_1 gets win rate: 0.23.
[20260602 12:48:27 @multi_evo_agent_runner.py:79] #------------------------ Iteration 565 --------------------------#
[20260602 12:48:44 @multi_evo_agent_runner.py:85] Sampling 50000 steps by 50 slaves, spending 17.20 s.
[20260602 12:49:15 @multi_evo_agent_runner.py:94] Policy update, spending: 30.61 s.
[20260602 12:49:17 @multi_evo_agent_runner.py:99] Evaluation time: 2.30 s.
[20260602 12:49:17 @multi_evo_agent_runner.py:105] Total time:     455.07 min
[20260602 12:49:17 @multi_evo_agent_runner.py:115] Agent_0 gets eval reward: 179.75.
[20260602 12:49:17 @multi_evo_agent_runner.py:116] Agent_0 gets win rate: 0.39.
[20260602 12:49:17 @multi_evo_agent_runner.py:115] Agent_1 gets eval reward: 134.74.
[20260602 12:49:17 @multi_evo_agent_runner.py:116] Agent_1 gets win rate: 0.33.
[20260602 12:49:17 @multi_evo_agent_runner.py:79] #------------------------ Iteration 566 --------------------------#
[20260602 12:49:34 @multi_evo_agent_runner.py:85] Sampling 50000 steps by 50 slaves, spending 16.71 s.
[20260602 12:50:04 @multi_evo_agent_runner.py:94] Policy update, spending: 29.85 s.
[20260602 12:50:06 @multi_evo_agent_runner.py:99] Evaluation time: 2.33 s.
[20260602 12:50:06 @multi_evo_agent_runner.py:105] Total time:     455.89 min
[20260602 12:50:06 @multi_evo_agent_runner.py:115] Agent_0 gets eval reward: 141.36.
[20260602 12:50:06 @multi_evo_agent_runner.py:116] Agent_0 gets win rate: 0.39.
[20260602 12:50:06 @multi_evo_agent_runner.py:115] Agent_1 gets eval reward: 228.06.
[20260602 12:50:06 @multi_evo_agent_runner.py:116] Agent_1 gets win rate: 0.32.
[20260602 12:50:06 @multi_evo_agent_runner.py:79] #------------------------ Iteration 567 --------------------------#
[20260602 12:50:23 @multi_evo_agent_runner.py:85] Sampling 50000 steps by 50 slaves, spending 16.60 s.
[20260602 12:50:53 @multi_evo_agent_runner.py:94] Policy update, spending: 29.96 s.
[20260602 12:50:55 @multi_evo_agent_runner.py:99] Evaluation time: 2.38 s.
[20260602 12:50:55 @multi_evo_agent_runner.py:105] Total time:     456.71 min
[20260602 12:50:56 @multi_evo_agent_runner.py:115] Agent_0 gets eval reward: 352.16.
[20260602 12:50:56 @multi_evo_agent_runner.py:116] Agent_0 gets win rate: 0.33.
[20260602 12:50:56 @multi_evo_agent_runner.py:115] Agent_1 gets eval reward: 71.95.
[20260602 12:50:56 @multi_evo_agent_runner.py:116] Agent_1 gets win rate: 0.24.
[20260602 12:50:56 @multi_evo_agent_runner.py:79] #------------------------ Iteration 568 --------------------------#
[20260602 12:51:13 @multi_evo_agent_runner.py:85] Sampling 50000 steps by 50 slaves, spending 16.99 s.
[20260602 12:51:43 @multi_evo_agent_runner.py:94] Policy update, spending: 30.48 s.
[20260602 12:51:45 @multi_evo_agent_runner.py:99] Evaluation time: 2.26 s.
[20260602 12:51:45 @multi_evo_agent_runner.py:105] Total time:     457.55 min
[20260602 12:51:46 @multi_evo_agent_runner.py:115] Agent_0 gets eval reward: 90.44.
[20260602 12:51:46 @multi_evo_agent_runner.py:116] Agent_0 gets win rate: 0.38.
[20260602 12:51:46 @multi_evo_agent_runner.py:115] Agent_1 gets eval reward: 501.16.
[20260602 12:51:46 @multi_evo_agent_runner.py:116] Agent_1 gets win rate: 0.47.
[20260602 12:51:46 @multi_evo_agent_runner.py:503] CRITICAL save best checkpoint with agent_1's rewards 501.16!
[20260602 12:51:46 @multi_evo_agent_runner.py:79] #------------------------ Iteration 569 --------------------------#
[20260602 12:52:02 @multi_evo_agent_runner.py:85] Sampling 50000 steps by 50 slaves, spending 16.39 s.
[20260602 12:52:31 @multi_evo_agent_runner.py:94] Policy update, spending: 29.42 s.
[20260602 12:52:34 @multi_evo_agent_runner.py:99] Evaluation time: 2.17 s.
[20260602 12:52:34 @multi_evo_agent_runner.py:105] Total time:     458.35 min
[20260602 12:52:34 @multi_evo_agent_runner.py:115] Agent_0 gets eval reward: 244.66.
[20260602 12:52:34 @multi_evo_agent_runner.py:116] Agent_0 gets win rate: 0.38.
[20260602 12:52:34 @multi_evo_agent_runner.py:115] Agent_1 gets eval reward: 203.34.
[20260602 12:52:34 @multi_evo_agent_runner.py:116] Agent_1 gets win rate: 0.24.
[20260602 12:52:34 @multi_evo_agent_runner.py:79] #------------------------ Iteration 570 --------------------------#
[20260602 12:52:51 @multi_evo_agent_runner.py:85] Sampling 50000 steps by 50 slaves, spending 16.96 s.
[20260602 12:53:21 @multi_evo_agent_runner.py:94] Policy update, spending: 29.89 s.
[20260602 12:53:23 @multi_evo_agent_runner.py:99] Evaluation time: 2.33 s.
[20260602 12:53:23 @multi_evo_agent_runner.py:105] Total time:     459.17 min
[20260602 12:53:23 @multi_evo_agent_runner.py:115] Agent_0 gets eval reward: -121.02.
[20260602 12:53:23 @multi_evo_agent_runner.py:116] Agent_0 gets win rate: 0.32.
[20260602 12:53:23 @multi_evo_agent_runner.py:115] Agent_1 gets eval reward: 219.50.
[20260602 12:53:23 @multi_evo_agent_runner.py:116] Agent_1 gets win rate: 0.32.
[20260602 12:53:23 @multi_evo_agent_runner.py:79] #------------------------ Iteration 571 --------------------------#
[20260602 12:53:40 @multi_evo_agent_runner.py:85] Sampling 50000 steps by 50 slaves, spending 16.58 s.
[20260602 12:54:10 @multi_evo_agent_runner.py:94] Policy update, spending: 29.93 s.
[20260602 12:54:12 @multi_evo_agent_runner.py:99] Evaluation time: 2.23 s.
[20260602 12:54:12 @multi_evo_agent_runner.py:105] Total time:     459.99 min
[20260602 12:54:12 @multi_evo_agent_runner.py:115] Agent_0 gets eval reward: -114.98.
[20260602 12:54:12 @multi_evo_agent_runner.py:116] Agent_0 gets win rate: 0.17.
[20260602 12:54:12 @multi_evo_agent_runner.py:115] Agent_1 gets eval reward: 377.48.
[20260602 12:54:12 @multi_evo_agent_runner.py:116] Agent_1 gets win rate: 0.28.
[20260602 12:54:12 @multi_evo_agent_runner.py:79] #------------------------ Iteration 572 --------------------------#
[20260602 12:54:29 @multi_evo_agent_runner.py:85] Sampling 50000 steps by 50 slaves, spending 16.31 s.
[20260602 12:54:58 @multi_evo_agent_runner.py:94] Policy update, spending: 29.33 s.
[20260602 12:55:00 @multi_evo_agent_runner.py:99] Evaluation time: 1.85 s.
[20260602 12:55:00 @multi_evo_agent_runner.py:105] Total time:     460.79 min
[20260602 12:55:00 @multi_evo_agent_runner.py:115] Agent_0 gets eval reward: 48.79.
[20260602 12:55:00 @multi_evo_agent_runner.py:116] Agent_0 gets win rate: 0.15.
[20260602 12:55:00 @multi_evo_agent_runner.py:115] Agent_1 gets eval reward: 237.68.
[20260602 12:55:00 @multi_evo_agent_runner.py:116] Agent_1 gets win rate: 0.15.
[20260602 12:55:00 @multi_evo_agent_runner.py:79] #------------------------ Iteration 573 --------------------------#
[20260602 12:55:17 @multi_evo_agent_runner.py:85] Sampling 50000 steps by 50 slaves, spending 16.82 s.
[20260602 12:55:47 @multi_evo_agent_runner.py:94] Policy update, spending: 30.35 s.
[20260602 12:55:49 @multi_evo_agent_runner.py:99] Evaluation time: 2.17 s.
[20260602 12:55:49 @multi_evo_agent_runner.py:105] Total time:     461.61 min
[20260602 12:55:50 @multi_evo_agent_runner.py:115] Agent_0 gets eval reward: 322.94.
[20260602 12:55:50 @multi_evo_agent_runner.py:116] Agent_0 gets win rate: 0.36.
[20260602 12:55:50 @multi_evo_agent_runner.py:115] Agent_1 gets eval reward: 227.96.
[20260602 12:55:50 @multi_evo_agent_runner.py:116] Agent_1 gets win rate: 0.33.
[20260602 12:55:50 @multi_evo_agent_runner.py:79] #------------------------ Iteration 574 --------------------------#
[20260602 12:56:07 @multi_evo_agent_runner.py:85] Sampling 50000 steps by 50 slaves, spending 16.85 s.
[20260602 12:56:37 @multi_evo_agent_runner.py:94] Policy update, spending: 30.35 s.
[20260602 12:56:39 @multi_evo_agent_runner.py:99] Evaluation time: 2.24 s.
[20260602 12:56:39 @multi_evo_agent_runner.py:105] Total time:     462.44 min
[20260602 12:56:39 @multi_evo_agent_runner.py:115] Agent_0 gets eval reward: -202.40.
[20260602 12:56:39 @multi_evo_agent_runner.py:116] Agent_0 gets win rate: 0.22.
[20260602 12:56:39 @multi_evo_agent_runner.py:115] Agent_1 gets eval reward: 539.39.
[20260602 12:56:39 @multi_evo_agent_runner.py:116] Agent_1 gets win rate: 0.42.
[20260602 12:56:39 @multi_evo_agent_runner.py:503] CRITICAL save best checkpoint with agent_1's rewards 539.39!
[20260602 12:56:39 @multi_evo_agent_runner.py:79] #------------------------ Iteration 575 --------------------------#
[20260602 12:56:56 @multi_evo_agent_runner.py:85] Sampling 50000 steps by 50 slaves, spending 16.66 s.
[20260602 12:57:26 @multi_evo_agent_runner.py:94] Policy update, spending: 30.17 s.
[20260602 12:57:29 @multi_evo_agent_runner.py:99] Evaluation time: 2.28 s.
[20260602 12:57:29 @multi_evo_agent_runner.py:105] Total time:     463.27 min
[20260602 12:57:29 @multi_evo_agent_runner.py:115] Agent_0 gets eval reward: 276.51.
[20260602 12:57:29 @multi_evo_agent_runner.py:116] Agent_0 gets win rate: 0.15.
[20260602 12:57:29 @multi_evo_agent_runner.py:115] Agent_1 gets eval reward: 216.85.
[20260602 12:57:29 @multi_evo_agent_runner.py:116] Agent_1 gets win rate: 0.19.
[20260602 12:57:29 @multi_evo_agent_runner.py:79] #------------------------ Iteration 576 --------------------------#
[20260602 12:57:45 @multi_evo_agent_runner.py:85] Sampling 50000 steps by 50 slaves, spending 16.36 s.
[20260602 12:58:15 @multi_evo_agent_runner.py:94] Policy update, spending: 30.09 s.
[20260602 12:58:17 @multi_evo_agent_runner.py:99] Evaluation time: 2.08 s.
[20260602 12:58:17 @multi_evo_agent_runner.py:105] Total time:     464.08 min
[20260602 12:58:18 @multi_evo_agent_runner.py:115] Agent_0 gets eval reward: 503.03.
[20260602 12:58:18 @multi_evo_agent_runner.py:116] Agent_0 gets win rate: 0.34.
[20260602 12:58:18 @multi_evo_agent_runner.py:115] Agent_1 gets eval reward: -115.99.
[20260602 12:58:18 @multi_evo_agent_runner.py:116] Agent_1 gets win rate: 0.16.
[20260602 12:58:18 @multi_evo_agent_runner.py:79] #------------------------ Iteration 577 --------------------------#
[20260602 12:58:34 @multi_evo_agent_runner.py:85] Sampling 50000 steps by 50 slaves, spending 16.23 s.
[20260602 12:59:03 @multi_evo_agent_runner.py:94] Policy update, spending: 28.61 s.
[20260602 12:59:05 @multi_evo_agent_runner.py:99] Evaluation time: 2.56 s.
[20260602 12:59:05 @multi_evo_agent_runner.py:105] Total time:     464.87 min
[20260602 12:59:05 @multi_evo_agent_runner.py:115] Agent_0 gets eval reward: -17.04.
[20260602 12:59:05 @multi_evo_agent_runner.py:116] Agent_0 gets win rate: 0.29.
[20260602 12:59:05 @multi_evo_agent_runner.py:115] Agent_1 gets eval reward: 301.35.
[20260602 12:59:05 @multi_evo_agent_runner.py:116] Agent_1 gets win rate: 0.38.
[20260602 12:59:05 @multi_evo_agent_runner.py:79] #------------------------ Iteration 578 --------------------------#
[20260602 12:59:22 @multi_evo_agent_runner.py:85] Sampling 50000 steps by 50 slaves, spending 16.73 s.
[20260602 12:59:52 @multi_evo_agent_runner.py:94] Policy update, spending: 30.03 s.
[20260602 12:59:54 @multi_evo_agent_runner.py:99] Evaluation time: 2.04 s.
[20260602 12:59:54 @multi_evo_agent_runner.py:105] Total time:     465.69 min
[20260602 12:59:54 @multi_evo_agent_runner.py:115] Agent_0 gets eval reward: -56.03.
[20260602 12:59:54 @multi_evo_agent_runner.py:116] Agent_0 gets win rate: 0.20.
[20260602 12:59:54 @multi_evo_agent_runner.py:115] Agent_1 gets eval reward: 371.10.
[20260602 12:59:54 @multi_evo_agent_runner.py:116] Agent_1 gets win rate: 0.33.
[20260602 12:59:54 @multi_evo_agent_runner.py:79] #------------------------ Iteration 579 --------------------------#
[20260602 13:00:11 @multi_evo_agent_runner.py:85] Sampling 50000 steps by 50 slaves, spending 16.77 s.
[20260602 13:00:41 @multi_evo_agent_runner.py:94] Policy update, spending: 29.59 s.
[20260602 13:00:43 @multi_evo_agent_runner.py:99] Evaluation time: 2.10 s.
[20260602 13:00:43 @multi_evo_agent_runner.py:105] Total time:     466.50 min
[20260602 13:00:43 @multi_evo_agent_runner.py:115] Agent_0 gets eval reward: 581.35.
[20260602 13:00:43 @multi_evo_agent_runner.py:116] Agent_0 gets win rate: 0.41.
[20260602 13:00:43 @multi_evo_agent_runner.py:115] Agent_1 gets eval reward: -27.86.
[20260602 13:00:43 @multi_evo_agent_runner.py:116] Agent_1 gets win rate: 0.18.
[20260602 13:00:43 @multi_evo_agent_runner.py:79] #------------------------ Iteration 580 --------------------------#
[20260602 13:01:00 @multi_evo_agent_runner.py:85] Sampling 50000 steps by 50 slaves, spending 17.26 s.
[20260602 13:01:31 @multi_evo_agent_runner.py:94] Policy update, spending: 30.76 s.
[20260602 13:01:33 @multi_evo_agent_runner.py:99] Evaluation time: 2.28 s.
[20260602 13:01:33 @multi_evo_agent_runner.py:105] Total time:     467.35 min
[20260602 13:01:34 @multi_evo_agent_runner.py:115] Agent_0 gets eval reward: 146.58.
[20260602 13:01:34 @multi_evo_agent_runner.py:116] Agent_0 gets win rate: 0.34.
[20260602 13:01:34 @multi_evo_agent_runner.py:115] Agent_1 gets eval reward: 57.01.
[20260602 13:01:34 @multi_evo_agent_runner.py:116] Agent_1 gets win rate: 0.29.
[20260602 13:01:34 @multi_evo_agent_runner.py:79] #------------------------ Iteration 581 --------------------------#
[20260602 13:01:50 @multi_evo_agent_runner.py:85] Sampling 50000 steps by 50 slaves, spending 16.22 s.
[20260602 13:02:19 @multi_evo_agent_runner.py:94] Policy update, spending: 28.73 s.
[20260602 13:02:21 @multi_evo_agent_runner.py:99] Evaluation time: 2.21 s.
[20260602 13:02:21 @multi_evo_agent_runner.py:105] Total time:     468.14 min
[20260602 13:02:21 @multi_evo_agent_runner.py:115] Agent_0 gets eval reward: -104.59.
[20260602 13:02:21 @multi_evo_agent_runner.py:116] Agent_0 gets win rate: 0.11.
[20260602 13:02:21 @multi_evo_agent_runner.py:115] Agent_1 gets eval reward: 308.25.
[20260602 13:02:21 @multi_evo_agent_runner.py:116] Agent_1 gets win rate: 0.26.
[20260602 13:02:21 @multi_evo_agent_runner.py:79] #------------------------ Iteration 582 --------------------------#
[20260602 13:02:38 @multi_evo_agent_runner.py:85] Sampling 50000 steps by 50 slaves, spending 16.78 s.
[20260602 13:03:08 @multi_evo_agent_runner.py:94] Policy update, spending: 30.02 s.
[20260602 13:03:10 @multi_evo_agent_runner.py:99] Evaluation time: 2.06 s.
[20260602 13:03:10 @multi_evo_agent_runner.py:105] Total time:     468.96 min
[20260602 13:03:10 @multi_evo_agent_runner.py:115] Agent_0 gets eval reward: -8.51.
[20260602 13:03:10 @multi_evo_agent_runner.py:116] Agent_0 gets win rate: 0.26.
[20260602 13:03:10 @multi_evo_agent_runner.py:115] Agent_1 gets eval reward: 339.15.
[20260602 13:03:10 @multi_evo_agent_runner.py:116] Agent_1 gets win rate: 0.40.
[20260602 13:03:10 @multi_evo_agent_runner.py:79] #------------------------ Iteration 583 --------------------------#
[20260602 13:03:27 @multi_evo_agent_runner.py:85] Sampling 50000 steps by 50 slaves, spending 16.27 s.
[20260602 13:03:57 @multi_evo_agent_runner.py:94] Policy update, spending: 30.30 s.
[20260602 13:03:59 @multi_evo_agent_runner.py:99] Evaluation time: 2.08 s.
[20260602 13:03:59 @multi_evo_agent_runner.py:105] Total time:     469.77 min
[20260602 13:03:59 @multi_evo_agent_runner.py:115] Agent_0 gets eval reward: 768.16.
[20260602 13:03:59 @multi_evo_agent_runner.py:116] Agent_0 gets win rate: 0.50.
[20260602 13:03:59 @multi_evo_agent_runner.py:115] Agent_1 gets eval reward: -409.03.
[20260602 13:03:59 @multi_evo_agent_runner.py:116] Agent_1 gets win rate: 0.09.
[20260602 13:03:59 @multi_evo_agent_runner.py:503] CRITICAL save best checkpoint with agent_0's rewards 768.16!
[20260602 13:03:59 @multi_evo_agent_runner.py:79] #------------------------ Iteration 584 --------------------------#
[20260602 13:04:15 @multi_evo_agent_runner.py:85] Sampling 50000 steps by 50 slaves, spending 16.26 s.
[20260602 13:04:44 @multi_evo_agent_runner.py:94] Policy update, spending: 28.31 s.
[20260602 13:04:46 @multi_evo_agent_runner.py:99] Evaluation time: 2.16 s.
[20260602 13:04:46 @multi_evo_agent_runner.py:105] Total time:     470.56 min
[20260602 13:04:46 @multi_evo_agent_runner.py:115] Agent_0 gets eval reward: 327.45.
[20260602 13:04:46 @multi_evo_agent_runner.py:116] Agent_0 gets win rate: 0.42.
[20260602 13:04:46 @multi_evo_agent_runner.py:115] Agent_1 gets eval reward: -120.80.
[20260602 13:04:46 @multi_evo_agent_runner.py:116] Agent_1 gets win rate: 0.24.
[20260602 13:04:46 @multi_evo_agent_runner.py:79] #------------------------ Iteration 585 --------------------------#
[20260602 13:05:02 @multi_evo_agent_runner.py:85] Sampling 50000 steps by 50 slaves, spending 16.28 s.
[20260602 13:05:32 @multi_evo_agent_runner.py:94] Policy update, spending: 29.05 s.
[20260602 13:05:33 @multi_evo_agent_runner.py:99] Evaluation time: 1.84 s.
[20260602 13:05:33 @multi_evo_agent_runner.py:105] Total time:     471.35 min
[20260602 13:05:34 @multi_evo_agent_runner.py:115] Agent_0 gets eval reward: -299.47.
[20260602 13:05:34 @multi_evo_agent_runner.py:116] Agent_0 gets win rate: 0.12.
[20260602 13:05:34 @multi_evo_agent_runner.py:115] Agent_1 gets eval reward: 456.22.
[20260602 13:05:34 @multi_evo_agent_runner.py:116] Agent_1 gets win rate: 0.25.
[20260602 13:05:34 @multi_evo_agent_runner.py:79] #------------------------ Iteration 586 --------------------------#
[20260602 13:05:51 @multi_evo_agent_runner.py:85] Sampling 50000 steps by 50 slaves, spending 17.31 s.
[20260602 13:06:21 @multi_evo_agent_runner.py:94] Policy update, spending: 29.93 s.
[20260602 13:06:23 @multi_evo_agent_runner.py:99] Evaluation time: 1.92 s.
[20260602 13:06:23 @multi_evo_agent_runner.py:105] Total time:     472.17 min
[20260602 13:06:23 @multi_evo_agent_runner.py:115] Agent_0 gets eval reward: 842.10.
[20260602 13:06:23 @multi_evo_agent_runner.py:116] Agent_0 gets win rate: 0.45.
[20260602 13:06:23 @multi_evo_agent_runner.py:115] Agent_1 gets eval reward: -158.32.
[20260602 13:06:23 @multi_evo_agent_runner.py:116] Agent_1 gets win rate: 0.24.
[20260602 13:06:23 @multi_evo_agent_runner.py:503] CRITICAL save best checkpoint with agent_0's rewards 842.10!
[20260602 13:06:23 @multi_evo_agent_runner.py:79] #------------------------ Iteration 587 --------------------------#
[20260602 13:06:40 @multi_evo_agent_runner.py:85] Sampling 50000 steps by 50 slaves, spending 16.95 s.
[20260602 13:07:10 @multi_evo_agent_runner.py:94] Policy update, spending: 30.19 s.
[20260602 13:07:13 @multi_evo_agent_runner.py:99] Evaluation time: 2.38 s.
[20260602 13:07:13 @multi_evo_agent_runner.py:105] Total time:     473.00 min
[20260602 13:07:13 @multi_evo_agent_runner.py:115] Agent_0 gets eval reward: -72.94.
[20260602 13:07:13 @multi_evo_agent_runner.py:116] Agent_0 gets win rate: 0.26.
[20260602 13:07:13 @multi_evo_agent_runner.py:115] Agent_1 gets eval reward: 476.77.
[20260602 13:07:13 @multi_evo_agent_runner.py:116] Agent_1 gets win rate: 0.37.
[20260602 13:07:13 @multi_evo_agent_runner.py:79] #------------------------ Iteration 588 --------------------------#
[20260602 13:07:29 @multi_evo_agent_runner.py:85] Sampling 50000 steps by 50 slaves, spending 16.43 s.
[20260602 13:08:00 @multi_evo_agent_runner.py:94] Policy update, spending: 30.29 s.
[20260602 13:08:02 @multi_evo_agent_runner.py:99] Evaluation time: 2.11 s.
[20260602 13:08:02 @multi_evo_agent_runner.py:105] Total time:     473.82 min
[20260602 13:08:02 @multi_evo_agent_runner.py:115] Agent_0 gets eval reward: 309.24.
[20260602 13:08:02 @multi_evo_agent_runner.py:116] Agent_0 gets win rate: 0.38.
[20260602 13:08:02 @multi_evo_agent_runner.py:115] Agent_1 gets eval reward: 13.39.
[20260602 13:08:02 @multi_evo_agent_runner.py:116] Agent_1 gets win rate: 0.36.
[20260602 13:08:02 @multi_evo_agent_runner.py:79] #------------------------ Iteration 589 --------------------------#
[20260602 13:08:19 @multi_evo_agent_runner.py:85] Sampling 50000 steps by 50 slaves, spending 17.05 s.
[20260602 13:08:49 @multi_evo_agent_runner.py:94] Policy update, spending: 30.47 s.
[20260602 13:08:52 @multi_evo_agent_runner.py:99] Evaluation time: 2.43 s.
[20260602 13:08:52 @multi_evo_agent_runner.py:105] Total time:     474.65 min
[20260602 13:08:52 @multi_evo_agent_runner.py:115] Agent_0 gets eval reward: -304.07.
[20260602 13:08:52 @multi_evo_agent_runner.py:116] Agent_0 gets win rate: 0.20.
[20260602 13:08:52 @multi_evo_agent_runner.py:115] Agent_1 gets eval reward: 719.78.
[20260602 13:08:52 @multi_evo_agent_runner.py:116] Agent_1 gets win rate: 0.50.
[20260602 13:08:52 @multi_evo_agent_runner.py:503] CRITICAL save best checkpoint with agent_1's rewards 719.78!
[20260602 13:08:52 @multi_evo_agent_runner.py:79] #------------------------ Iteration 590 --------------------------#
[20260602 13:09:08 @multi_evo_agent_runner.py:85] Sampling 50000 steps by 50 slaves, spending 16.12 s.
[20260602 13:09:37 @multi_evo_agent_runner.py:94] Policy update, spending: 29.07 s.
[20260602 13:09:39 @multi_evo_agent_runner.py:99] Evaluation time: 1.86 s.
[20260602 13:09:39 @multi_evo_agent_runner.py:105] Total time:     475.44 min
[20260602 13:09:39 @multi_evo_agent_runner.py:115] Agent_0 gets eval reward: -33.75.
[20260602 13:09:39 @multi_evo_agent_runner.py:116] Agent_0 gets win rate: 0.08.
[20260602 13:09:39 @multi_evo_agent_runner.py:115] Agent_1 gets eval reward: 553.16.
[20260602 13:09:39 @multi_evo_agent_runner.py:116] Agent_1 gets win rate: 0.33.
[20260602 13:09:39 @multi_evo_agent_runner.py:79] #------------------------ Iteration 591 --------------------------#
[20260602 13:09:56 @multi_evo_agent_runner.py:85] Sampling 50000 steps by 50 slaves, spending 16.60 s.
[20260602 13:10:26 @multi_evo_agent_runner.py:94] Policy update, spending: 30.26 s.
[20260602 13:10:29 @multi_evo_agent_runner.py:99] Evaluation time: 2.21 s.
[20260602 13:10:29 @multi_evo_agent_runner.py:105] Total time:     476.27 min
[20260602 13:10:29 @multi_evo_agent_runner.py:115] Agent_0 gets eval reward: 89.58.
[20260602 13:10:29 @multi_evo_agent_runner.py:116] Agent_0 gets win rate: 0.21.
[20260602 13:10:29 @multi_evo_agent_runner.py:115] Agent_1 gets eval reward: 185.15.
[20260602 13:10:29 @multi_evo_agent_runner.py:116] Agent_1 gets win rate: 0.28.
[20260602 13:10:29 @multi_evo_agent_runner.py:79] #------------------------ Iteration 592 --------------------------#
[20260602 13:10:46 @multi_evo_agent_runner.py:85] Sampling 50000 steps by 50 slaves, spending 16.73 s.
[20260602 13:11:16 @multi_evo_agent_runner.py:94] Policy update, spending: 30.62 s.
[20260602 13:11:18 @multi_evo_agent_runner.py:99] Evaluation time: 2.20 s.
[20260602 13:11:18 @multi_evo_agent_runner.py:105] Total time:     477.10 min
[20260602 13:11:19 @multi_evo_agent_runner.py:115] Agent_0 gets eval reward: 380.24.
[20260602 13:11:19 @multi_evo_agent_runner.py:116] Agent_0 gets win rate: 0.45.
[20260602 13:11:19 @multi_evo_agent_runner.py:115] Agent_1 gets eval reward: -41.29.
[20260602 13:11:19 @multi_evo_agent_runner.py:116] Agent_1 gets win rate: 0.32.
[20260602 13:11:19 @multi_evo_agent_runner.py:79] #------------------------ Iteration 593 --------------------------#
[20260602 13:11:36 @multi_evo_agent_runner.py:85] Sampling 50000 steps by 50 slaves, spending 17.12 s.
[20260602 13:12:06 @multi_evo_agent_runner.py:94] Policy update, spending: 30.26 s.
[20260602 13:12:08 @multi_evo_agent_runner.py:99] Evaluation time: 1.92 s.
[20260602 13:12:08 @multi_evo_agent_runner.py:105] Total time:     477.92 min
[20260602 13:12:08 @multi_evo_agent_runner.py:115] Agent_0 gets eval reward: 99.62.
[20260602 13:12:08 @multi_evo_agent_runner.py:116] Agent_0 gets win rate: 0.30.
[20260602 13:12:08 @multi_evo_agent_runner.py:115] Agent_1 gets eval reward: -120.10.
[20260602 13:12:08 @multi_evo_agent_runner.py:116] Agent_1 gets win rate: 0.20.
[20260602 13:12:08 @multi_evo_agent_runner.py:79] #------------------------ Iteration 594 --------------------------#
[20260602 13:12:26 @multi_evo_agent_runner.py:85] Sampling 50000 steps by 50 slaves, spending 17.37 s.
[20260602 13:12:56 @multi_evo_agent_runner.py:94] Policy update, spending: 30.09 s.
[20260602 13:12:58 @multi_evo_agent_runner.py:99] Evaluation time: 1.98 s.
[20260602 13:12:58 @multi_evo_agent_runner.py:105] Total time:     478.75 min
[20260602 13:12:58 @multi_evo_agent_runner.py:115] Agent_0 gets eval reward: 484.27.
[20260602 13:12:58 @multi_evo_agent_runner.py:116] Agent_0 gets win rate: 0.39.
[20260602 13:12:58 @multi_evo_agent_runner.py:115] Agent_1 gets eval reward: -62.73.
[20260602 13:12:58 @multi_evo_agent_runner.py:116] Agent_1 gets win rate: 0.10.
[20260602 13:12:58 @multi_evo_agent_runner.py:79] #------------------------ Iteration 595 --------------------------#
[20260602 13:13:15 @multi_evo_agent_runner.py:85] Sampling 50000 steps by 50 slaves, spending 16.87 s.
[20260602 13:13:45 @multi_evo_agent_runner.py:94] Policy update, spending: 30.22 s.
[20260602 13:13:47 @multi_evo_agent_runner.py:99] Evaluation time: 2.26 s.
[20260602 13:13:47 @multi_evo_agent_runner.py:105] Total time:     479.58 min
[20260602 13:13:47 @multi_evo_agent_runner.py:115] Agent_0 gets eval reward: 140.47.
[20260602 13:13:47 @multi_evo_agent_runner.py:116] Agent_0 gets win rate: 0.20.
[20260602 13:13:47 @multi_evo_agent_runner.py:115] Agent_1 gets eval reward: 97.39.
[20260602 13:13:47 @multi_evo_agent_runner.py:116] Agent_1 gets win rate: 0.33.
[20260602 13:13:48 @multi_evo_agent_runner.py:79] #------------------------ Iteration 596 --------------------------#
[20260602 13:14:04 @multi_evo_agent_runner.py:85] Sampling 50000 steps by 50 slaves, spending 16.68 s.
[20260602 13:14:34 @multi_evo_agent_runner.py:94] Policy update, spending: 29.55 s.
[20260602 13:14:36 @multi_evo_agent_runner.py:99] Evaluation time: 1.89 s.
[20260602 13:14:36 @multi_evo_agent_runner.py:105] Total time:     480.38 min
[20260602 13:14:36 @multi_evo_agent_runner.py:115] Agent_0 gets eval reward: 103.14.
[20260602 13:14:36 @multi_evo_agent_runner.py:116] Agent_0 gets win rate: 0.13.
[20260602 13:14:36 @multi_evo_agent_runner.py:115] Agent_1 gets eval reward: 91.79.
[20260602 13:14:36 @multi_evo_agent_runner.py:116] Agent_1 gets win rate: 0.09.
[20260602 13:14:36 @multi_evo_agent_runner.py:79] #------------------------ Iteration 597 --------------------------#
[20260602 13:14:54 @multi_evo_agent_runner.py:85] Sampling 50000 steps by 50 slaves, spending 17.57 s.
[20260602 13:15:24 @multi_evo_agent_runner.py:94] Policy update, spending: 30.49 s.
[20260602 13:15:26 @multi_evo_agent_runner.py:99] Evaluation time: 2.34 s.
[20260602 13:15:26 @multi_evo_agent_runner.py:105] Total time:     481.23 min
[20260602 13:15:27 @multi_evo_agent_runner.py:115] Agent_0 gets eval reward: -212.48.
[20260602 13:15:27 @multi_evo_agent_runner.py:116] Agent_0 gets win rate: 0.23.
[20260602 13:15:27 @multi_evo_agent_runner.py:115] Agent_1 gets eval reward: 587.31.
[20260602 13:15:27 @multi_evo_agent_runner.py:116] Agent_1 gets win rate: 0.51.
[20260602 13:15:27 @multi_evo_agent_runner.py:503] CRITICAL save best checkpoint with agent_1's rewards 587.31!
[20260602 13:15:27 @multi_evo_agent_runner.py:79] #------------------------ Iteration 598 --------------------------#
[20260602 13:15:44 @multi_evo_agent_runner.py:85] Sampling 50000 steps by 50 slaves, spending 17.25 s.
[20260602 13:16:14 @multi_evo_agent_runner.py:94] Policy update, spending: 30.35 s.
[20260602 13:16:16 @multi_evo_agent_runner.py:99] Evaluation time: 2.04 s.
[20260602 13:16:16 @multi_evo_agent_runner.py:105] Total time:     482.06 min
[20260602 13:16:16 @multi_evo_agent_runner.py:115] Agent_0 gets eval reward: 310.21.
[20260602 13:16:16 @multi_evo_agent_runner.py:116] Agent_0 gets win rate: 0.47.
[20260602 13:16:16 @multi_evo_agent_runner.py:115] Agent_1 gets eval reward: -69.98.
[20260602 13:16:16 @multi_evo_agent_runner.py:116] Agent_1 gets win rate: 0.38.
[20260602 13:16:16 @multi_evo_agent_runner.py:503] CRITICAL save best checkpoint with agent_0's rewards 310.21!
[20260602 13:16:17 @multi_evo_agent_runner.py:79] #------------------------ Iteration 599 --------------------------#
[20260602 13:16:33 @multi_evo_agent_runner.py:85] Sampling 50000 steps by 50 slaves, spending 16.61 s.
[20260602 13:17:02 @multi_evo_agent_runner.py:94] Policy update, spending: 29.22 s.
[20260602 13:17:05 @multi_evo_agent_runner.py:99] Evaluation time: 2.47 s.
[20260602 13:17:05 @multi_evo_agent_runner.py:105] Total time:     482.87 min
[20260602 13:17:05 @multi_evo_agent_runner.py:115] Agent_0 gets eval reward: -319.85.
[20260602 13:17:05 @multi_evo_agent_runner.py:116] Agent_0 gets win rate: 0.16.
[20260602 13:17:05 @multi_evo_agent_runner.py:115] Agent_1 gets eval reward: 500.31.
[20260602 13:17:05 @multi_evo_agent_runner.py:116] Agent_1 gets win rate: 0.39.
[20260602 13:17:05 @multi_evo_agent_runner.py:79] #------------------------ Iteration 600 --------------------------#
[20260602 13:17:22 @multi_evo_agent_runner.py:85] Sampling 50000 steps by 50 slaves, spending 17.21 s.
[20260602 13:17:52 @multi_evo_agent_runner.py:94] Policy update, spending: 29.37 s.
[20260602 13:17:54 @multi_evo_agent_runner.py:99] Evaluation time: 2.23 s.
[20260602 13:17:54 @multi_evo_agent_runner.py:105] Total time:     483.69 min
[20260602 13:17:54 @multi_evo_agent_runner.py:115] Agent_0 gets eval reward: 31.45.
[20260602 13:17:54 @multi_evo_agent_runner.py:116] Agent_0 gets win rate: 0.19.
[20260602 13:17:54 @multi_evo_agent_runner.py:115] Agent_1 gets eval reward: 239.34.
[20260602 13:17:54 @multi_evo_agent_runner.py:116] Agent_1 gets win rate: 0.22.
[20260602 13:17:54 @multi_evo_agent_runner.py:79] #------------------------ Iteration 601 --------------------------#
[20260602 13:18:11 @multi_evo_agent_runner.py:85] Sampling 50000 steps by 50 slaves, spending 17.23 s.
[20260602 13:18:41 @multi_evo_agent_runner.py:94] Policy update, spending: 29.86 s.
[20260602 13:18:44 @multi_evo_agent_runner.py:99] Evaluation time: 2.30 s.
[20260602 13:18:44 @multi_evo_agent_runner.py:105] Total time:     484.52 min
[20260602 13:18:44 @multi_evo_agent_runner.py:115] Agent_0 gets eval reward: 246.66.
[20260602 13:18:44 @multi_evo_agent_runner.py:116] Agent_0 gets win rate: 0.21.
[20260602 13:18:44 @multi_evo_agent_runner.py:115] Agent_1 gets eval reward: 46.62.
[20260602 13:18:44 @multi_evo_agent_runner.py:116] Agent_1 gets win rate: 0.14.
[20260602 13:18:44 @multi_evo_agent_runner.py:79] #------------------------ Iteration 602 --------------------------#
[20260602 13:19:00 @multi_evo_agent_runner.py:85] Sampling 50000 steps by 50 slaves, spending 16.10 s.
[20260602 13:19:28 @multi_evo_agent_runner.py:94] Policy update, spending: 28.16 s.
[20260602 13:19:31 @multi_evo_agent_runner.py:99] Evaluation time: 2.46 s.
[20260602 13:19:31 @multi_evo_agent_runner.py:105] Total time:     485.30 min
[20260602 13:19:31 @multi_evo_agent_runner.py:115] Agent_0 gets eval reward: -53.52.
[20260602 13:19:31 @multi_evo_agent_runner.py:116] Agent_0 gets win rate: 0.17.
[20260602 13:19:31 @multi_evo_agent_runner.py:115] Agent_1 gets eval reward: 514.81.
[20260602 13:19:31 @multi_evo_agent_runner.py:116] Agent_1 gets win rate: 0.39.
[20260602 13:19:31 @multi_evo_agent_runner.py:79] #------------------------ Iteration 603 --------------------------#
[20260602 13:19:47 @multi_evo_agent_runner.py:85] Sampling 50000 steps by 50 slaves, spending 16.41 s.
[20260602 13:20:15 @multi_evo_agent_runner.py:94] Policy update, spending: 28.13 s.
[20260602 13:20:18 @multi_evo_agent_runner.py:99] Evaluation time: 2.24 s.
[20260602 13:20:18 @multi_evo_agent_runner.py:105] Total time:     486.08 min
[20260602 13:20:18 @multi_evo_agent_runner.py:115] Agent_0 gets eval reward: 233.76.
[20260602 13:20:18 @multi_evo_agent_runner.py:116] Agent_0 gets win rate: 0.42.
[20260602 13:20:18 @multi_evo_agent_runner.py:115] Agent_1 gets eval reward: 103.10.
[20260602 13:20:18 @multi_evo_agent_runner.py:116] Agent_1 gets win rate: 0.35.
[20260602 13:20:18 @multi_evo_agent_runner.py:79] #------------------------ Iteration 604 --------------------------#
[20260602 13:20:36 @multi_evo_agent_runner.py:85] Sampling 50000 steps by 50 slaves, spending 17.89 s.
[20260602 13:21:07 @multi_evo_agent_runner.py:94] Policy update, spending: 31.01 s.
[20260602 13:21:09 @multi_evo_agent_runner.py:99] Evaluation time: 2.21 s.
[20260602 13:21:09 @multi_evo_agent_runner.py:105] Total time:     486.94 min
[20260602 13:21:09 @multi_evo_agent_runner.py:115] Agent_0 gets eval reward: -250.53.
[20260602 13:21:09 @multi_evo_agent_runner.py:116] Agent_0 gets win rate: 0.23.
[20260602 13:21:09 @multi_evo_agent_runner.py:115] Agent_1 gets eval reward: 394.80.
[20260602 13:21:09 @multi_evo_agent_runner.py:116] Agent_1 gets win rate: 0.35.
[20260602 13:21:09 @multi_evo_agent_runner.py:79] #------------------------ Iteration 605 --------------------------#
[20260602 13:21:26 @multi_evo_agent_runner.py:85] Sampling 50000 steps by 50 slaves, spending 16.80 s.
[20260602 13:21:56 @multi_evo_agent_runner.py:94] Policy update, spending: 30.13 s.
[20260602 13:21:58 @multi_evo_agent_runner.py:99] Evaluation time: 2.05 s.
[20260602 13:21:58 @multi_evo_agent_runner.py:105] Total time:     487.76 min
[20260602 13:21:58 @multi_evo_agent_runner.py:115] Agent_0 gets eval reward: -14.07.
[20260602 13:21:58 @multi_evo_agent_runner.py:116] Agent_0 gets win rate: 0.43.
[20260602 13:21:58 @multi_evo_agent_runner.py:115] Agent_1 gets eval reward: 212.30.
[20260602 13:21:58 @multi_evo_agent_runner.py:116] Agent_1 gets win rate: 0.45.
[20260602 13:21:59 @multi_evo_agent_runner.py:79] #------------------------ Iteration 606 --------------------------#
[20260602 13:22:15 @multi_evo_agent_runner.py:85] Sampling 50000 steps by 50 slaves, spending 16.55 s.
[20260602 13:22:45 @multi_evo_agent_runner.py:94] Policy update, spending: 30.20 s.
[20260602 13:22:47 @multi_evo_agent_runner.py:99] Evaluation time: 2.14 s.
[20260602 13:22:47 @multi_evo_agent_runner.py:105] Total time:     488.58 min
[20260602 13:22:48 @multi_evo_agent_runner.py:115] Agent_0 gets eval reward: -422.53.
[20260602 13:22:48 @multi_evo_agent_runner.py:116] Agent_0 gets win rate: 0.07.
[20260602 13:22:48 @multi_evo_agent_runner.py:115] Agent_1 gets eval reward: 632.21.
[20260602 13:22:48 @multi_evo_agent_runner.py:116] Agent_1 gets win rate: 0.30.
[20260602 13:22:48 @multi_evo_agent_runner.py:503] CRITICAL save best checkpoint with agent_1's rewards 632.21!
[20260602 13:22:48 @multi_evo_agent_runner.py:79] #------------------------ Iteration 607 --------------------------#
[20260602 13:23:05 @multi_evo_agent_runner.py:85] Sampling 50000 steps by 50 slaves, spending 17.57 s.
[20260602 13:23:36 @multi_evo_agent_runner.py:94] Policy update, spending: 30.37 s.
[20260602 13:23:38 @multi_evo_agent_runner.py:99] Evaluation time: 2.21 s.
[20260602 13:23:38 @multi_evo_agent_runner.py:105] Total time:     489.42 min
[20260602 13:23:38 @multi_evo_agent_runner.py:115] Agent_0 gets eval reward: 354.86.
[20260602 13:23:38 @multi_evo_agent_runner.py:116] Agent_0 gets win rate: 0.35.
[20260602 13:23:38 @multi_evo_agent_runner.py:115] Agent_1 gets eval reward: 81.57.
[20260602 13:23:38 @multi_evo_agent_runner.py:116] Agent_1 gets win rate: 0.23.
[20260602 13:23:38 @multi_evo_agent_runner.py:503] CRITICAL save best checkpoint with agent_0's rewards 354.86!
[20260602 13:23:38 @multi_evo_agent_runner.py:79] #------------------------ Iteration 608 --------------------------#
[20260602 13:23:55 @multi_evo_agent_runner.py:85] Sampling 50000 steps by 50 slaves, spending 16.86 s.
[20260602 13:24:26 @multi_evo_agent_runner.py:94] Policy update, spending: 30.75 s.
[20260602 13:24:28 @multi_evo_agent_runner.py:99] Evaluation time: 2.31 s.
[20260602 13:24:28 @multi_evo_agent_runner.py:105] Total time:     490.26 min
[20260602 13:24:28 @multi_evo_agent_runner.py:115] Agent_0 gets eval reward: 909.10.
[20260602 13:24:28 @multi_evo_agent_runner.py:116] Agent_0 gets win rate: 0.54.
[20260602 13:24:28 @multi_evo_agent_runner.py:115] Agent_1 gets eval reward: -404.21.
[20260602 13:24:28 @multi_evo_agent_runner.py:116] Agent_1 gets win rate: 0.20.
[20260602 13:24:28 @multi_evo_agent_runner.py:503] CRITICAL save best checkpoint with agent_0's rewards 909.10!
[20260602 13:24:28 @multi_evo_agent_runner.py:79] #------------------------ Iteration 609 --------------------------#
[20260602 13:24:46 @multi_evo_agent_runner.py:85] Sampling 50000 steps by 50 slaves, spending 17.33 s.
[20260602 13:25:17 @multi_evo_agent_runner.py:94] Policy update, spending: 30.91 s.
[20260602 13:25:19 @multi_evo_agent_runner.py:99] Evaluation time: 2.30 s.
[20260602 13:25:19 @multi_evo_agent_runner.py:105] Total time:     491.10 min
[20260602 13:25:19 @multi_evo_agent_runner.py:115] Agent_0 gets eval reward: -448.17.
[20260602 13:25:19 @multi_evo_agent_runner.py:116] Agent_0 gets win rate: 0.08.
[20260602 13:25:19 @multi_evo_agent_runner.py:115] Agent_1 gets eval reward: 778.30.
[20260602 13:25:19 @multi_evo_agent_runner.py:116] Agent_1 gets win rate: 0.56.
[20260602 13:25:19 @multi_evo_agent_runner.py:503] CRITICAL save best checkpoint with agent_1's rewards 778.30!
[20260602 13:25:19 @multi_evo_agent_runner.py:79] #------------------------ Iteration 610 --------------------------#
[20260602 13:25:35 @multi_evo_agent_runner.py:85] Sampling 50000 steps by 50 slaves, spending 16.11 s.
[20260602 13:26:05 @multi_evo_agent_runner.py:94] Policy update, spending: 29.59 s.
[20260602 13:26:07 @multi_evo_agent_runner.py:99] Evaluation time: 2.27 s.
[20260602 13:26:07 @multi_evo_agent_runner.py:105] Total time:     491.91 min
[20260602 13:26:07 @multi_evo_agent_runner.py:115] Agent_0 gets eval reward: 522.76.
[20260602 13:26:07 @multi_evo_agent_runner.py:116] Agent_0 gets win rate: 0.42.
[20260602 13:26:07 @multi_evo_agent_runner.py:115] Agent_1 gets eval reward: 18.05.
[20260602 13:26:07 @multi_evo_agent_runner.py:116] Agent_1 gets win rate: 0.28.
[20260602 13:26:07 @multi_evo_agent_runner.py:79] #------------------------ Iteration 611 --------------------------#
[20260602 13:26:24 @multi_evo_agent_runner.py:85] Sampling 50000 steps by 50 slaves, spending 17.05 s.
[20260602 13:26:54 @multi_evo_agent_runner.py:94] Policy update, spending: 29.49 s.
[20260602 13:26:56 @multi_evo_agent_runner.py:99] Evaluation time: 2.18 s.
[20260602 13:26:56 @multi_evo_agent_runner.py:105] Total time:     492.73 min
[20260602 13:26:56 @multi_evo_agent_runner.py:115] Agent_0 gets eval reward: -64.35.
[20260602 13:26:56 @multi_evo_agent_runner.py:116] Agent_0 gets win rate: 0.11.
[20260602 13:26:56 @multi_evo_agent_runner.py:115] Agent_1 gets eval reward: 440.07.
[20260602 13:26:56 @multi_evo_agent_runner.py:116] Agent_1 gets win rate: 0.25.
[20260602 13:26:56 @multi_evo_agent_runner.py:79] #------------------------ Iteration 612 --------------------------#
[20260602 13:27:13 @multi_evo_agent_runner.py:85] Sampling 50000 steps by 50 slaves, spending 16.41 s.
[20260602 13:27:42 @multi_evo_agent_runner.py:94] Policy update, spending: 29.68 s.
[20260602 13:27:45 @multi_evo_agent_runner.py:99] Evaluation time: 2.24 s.
[20260602 13:27:45 @multi_evo_agent_runner.py:105] Total time:     493.53 min
[20260602 13:27:45 @multi_evo_agent_runner.py:115] Agent_0 gets eval reward: -39.96.
[20260602 13:27:45 @multi_evo_agent_runner.py:116] Agent_0 gets win rate: 0.19.
[20260602 13:27:45 @multi_evo_agent_runner.py:115] Agent_1 gets eval reward: 217.50.
[20260602 13:27:45 @multi_evo_agent_runner.py:116] Agent_1 gets win rate: 0.19.
[20260602 13:27:45 @multi_evo_agent_runner.py:79] #------------------------ Iteration 613 --------------------------#
[20260602 13:28:02 @multi_evo_agent_runner.py:85] Sampling 50000 steps by 50 slaves, spending 17.06 s.
[20260602 13:28:33 @multi_evo_agent_runner.py:94] Policy update, spending: 31.03 s.
[20260602 13:28:35 @multi_evo_agent_runner.py:99] Evaluation time: 1.98 s.
[20260602 13:28:35 @multi_evo_agent_runner.py:105] Total time:     494.37 min
[20260602 13:28:35 @multi_evo_agent_runner.py:115] Agent_0 gets eval reward: -165.85.
[20260602 13:28:35 @multi_evo_agent_runner.py:116] Agent_0 gets win rate: 0.28.
[20260602 13:28:35 @multi_evo_agent_runner.py:115] Agent_1 gets eval reward: 453.55.
[20260602 13:28:35 @multi_evo_agent_runner.py:116] Agent_1 gets win rate: 0.44.
[20260602 13:28:35 @multi_evo_agent_runner.py:79] #------------------------ Iteration 614 --------------------------#
[20260602 13:28:51 @multi_evo_agent_runner.py:85] Sampling 50000 steps by 50 slaves, spending 15.76 s.
[20260602 13:29:20 @multi_evo_agent_runner.py:94] Policy update, spending: 29.05 s.
[20260602 13:29:22 @multi_evo_agent_runner.py:99] Evaluation time: 2.26 s.
[20260602 13:29:22 @multi_evo_agent_runner.py:105] Total time:     495.16 min
[20260602 13:29:23 @multi_evo_agent_runner.py:115] Agent_0 gets eval reward: 198.15.
[20260602 13:29:23 @multi_evo_agent_runner.py:116] Agent_0 gets win rate: 0.24.
[20260602 13:29:23 @multi_evo_agent_runner.py:115] Agent_1 gets eval reward: 122.23.
[20260602 13:29:23 @multi_evo_agent_runner.py:116] Agent_1 gets win rate: 0.24.
[20260602 13:29:23 @multi_evo_agent_runner.py:79] #------------------------ Iteration 615 --------------------------#
[20260602 13:29:40 @multi_evo_agent_runner.py:85] Sampling 50000 steps by 50 slaves, spending 17.45 s.
[20260602 13:30:11 @multi_evo_agent_runner.py:94] Policy update, spending: 31.11 s.
[20260602 13:30:13 @multi_evo_agent_runner.py:99] Evaluation time: 2.06 s.
[20260602 13:30:13 @multi_evo_agent_runner.py:105] Total time:     496.01 min
[20260602 13:30:13 @multi_evo_agent_runner.py:115] Agent_0 gets eval reward: 555.71.
[20260602 13:30:13 @multi_evo_agent_runner.py:116] Agent_0 gets win rate: 0.56.
[20260602 13:30:13 @multi_evo_agent_runner.py:115] Agent_1 gets eval reward: -356.10.
[20260602 13:30:13 @multi_evo_agent_runner.py:116] Agent_1 gets win rate: 0.24.
[20260602 13:30:13 @multi_evo_agent_runner.py:503] CRITICAL save best checkpoint with agent_0's rewards 555.71!
[20260602 13:30:14 @multi_evo_agent_runner.py:79] #------------------------ Iteration 616 --------------------------#
[20260602 13:30:30 @multi_evo_agent_runner.py:85] Sampling 50000 steps by 50 slaves, spending 16.42 s.
[20260602 13:31:00 @multi_evo_agent_runner.py:94] Policy update, spending: 30.32 s.
[20260602 13:31:02 @multi_evo_agent_runner.py:99] Evaluation time: 2.10 s.
[20260602 13:31:02 @multi_evo_agent_runner.py:105] Total time:     496.83 min
[20260602 13:31:03 @multi_evo_agent_runner.py:115] Agent_0 gets eval reward: 532.99.
[20260602 13:31:03 @multi_evo_agent_runner.py:116] Agent_0 gets win rate: 0.34.
[20260602 13:31:03 @multi_evo_agent_runner.py:115] Agent_1 gets eval reward: 12.37.
[20260602 13:31:03 @multi_evo_agent_runner.py:116] Agent_1 gets win rate: 0.31.
[20260602 13:31:03 @multi_evo_agent_runner.py:79] #------------------------ Iteration 617 --------------------------#
[20260602 13:31:19 @multi_evo_agent_runner.py:85] Sampling 50000 steps by 50 slaves, spending 16.04 s.
[20260602 13:31:49 @multi_evo_agent_runner.py:94] Policy update, spending: 30.33 s.
[20260602 13:31:51 @multi_evo_agent_runner.py:99] Evaluation time: 2.11 s.
[20260602 13:31:51 @multi_evo_agent_runner.py:105] Total time:     497.64 min
[20260602 13:31:51 @multi_evo_agent_runner.py:115] Agent_0 gets eval reward: 135.80.
[20260602 13:31:51 @multi_evo_agent_runner.py:116] Agent_0 gets win rate: 0.30.
[20260602 13:31:51 @multi_evo_agent_runner.py:115] Agent_1 gets eval reward: -85.71.
[20260602 13:31:51 @multi_evo_agent_runner.py:116] Agent_1 gets win rate: 0.24.
[20260602 13:31:51 @multi_evo_agent_runner.py:79] #------------------------ Iteration 618 --------------------------#
[20260602 13:32:08 @multi_evo_agent_runner.py:85] Sampling 50000 steps by 50 slaves, spending 16.92 s.
[20260602 13:32:39 @multi_evo_agent_runner.py:94] Policy update, spending: 30.18 s.
[20260602 13:32:41 @multi_evo_agent_runner.py:99] Evaluation time: 2.51 s.
[20260602 13:32:41 @multi_evo_agent_runner.py:105] Total time:     498.47 min
[20260602 13:32:41 @multi_evo_agent_runner.py:115] Agent_0 gets eval reward: 431.88.
[20260602 13:32:41 @multi_evo_agent_runner.py:116] Agent_0 gets win rate: 0.54.
[20260602 13:32:41 @multi_evo_agent_runner.py:115] Agent_1 gets eval reward: -250.38.
[20260602 13:32:41 @multi_evo_agent_runner.py:116] Agent_1 gets win rate: 0.31.
[20260602 13:32:41 @multi_evo_agent_runner.py:79] #------------------------ Iteration 619 --------------------------#
[20260602 13:32:58 @multi_evo_agent_runner.py:85] Sampling 50000 steps by 50 slaves, spending 16.86 s.
[20260602 13:33:29 @multi_evo_agent_runner.py:94] Policy update, spending: 30.55 s.
[20260602 13:33:31 @multi_evo_agent_runner.py:99] Evaluation time: 2.16 s.
[20260602 13:33:31 @multi_evo_agent_runner.py:105] Total time:     499.30 min
[20260602 13:33:31 @multi_evo_agent_runner.py:115] Agent_0 gets eval reward: -7.54.
[20260602 13:33:31 @multi_evo_agent_runner.py:116] Agent_0 gets win rate: 0.20.
[20260602 13:33:31 @multi_evo_agent_runner.py:115] Agent_1 gets eval reward: 130.70.
[20260602 13:33:31 @multi_evo_agent_runner.py:116] Agent_1 gets win rate: 0.20.
[20260602 13:33:31 @multi_evo_agent_runner.py:79] #------------------------ Iteration 620 --------------------------#
[20260602 13:33:48 @multi_evo_agent_runner.py:85] Sampling 50000 steps by 50 slaves, spending 16.57 s.
[20260602 13:34:18 @multi_evo_agent_runner.py:94] Policy update, spending: 29.97 s.
[20260602 13:34:20 @multi_evo_agent_runner.py:99] Evaluation time: 1.99 s.
[20260602 13:34:20 @multi_evo_agent_runner.py:105] Total time:     500.12 min
[20260602 13:34:20 @multi_evo_agent_runner.py:115] Agent_0 gets eval reward: 597.97.
[20260602 13:34:20 @multi_evo_agent_runner.py:116] Agent_0 gets win rate: 0.36.
[20260602 13:34:20 @multi_evo_agent_runner.py:115] Agent_1 gets eval reward: 173.12.
[20260602 13:34:20 @multi_evo_agent_runner.py:116] Agent_1 gets win rate: 0.29.
[20260602 13:34:20 @multi_evo_agent_runner.py:503] CRITICAL save best checkpoint with agent_0's rewards 597.97!
[20260602 13:34:20 @multi_evo_agent_runner.py:79] #------------------------ Iteration 621 --------------------------#
[20260602 13:34:36 @multi_evo_agent_runner.py:85] Sampling 50000 steps by 50 slaves, spending 15.67 s.
[20260602 13:35:05 @multi_evo_agent_runner.py:94] Policy update, spending: 29.18 s.
[20260602 13:35:07 @multi_evo_agent_runner.py:99] Evaluation time: 2.18 s.
[20260602 13:35:07 @multi_evo_agent_runner.py:105] Total time:     500.91 min
[20260602 13:35:07 @multi_evo_agent_runner.py:115] Agent_0 gets eval reward: 287.52.
[20260602 13:35:07 @multi_evo_agent_runner.py:116] Agent_0 gets win rate: 0.23.
[20260602 13:35:07 @multi_evo_agent_runner.py:115] Agent_1 gets eval reward: 316.13.
[20260602 13:35:07 @multi_evo_agent_runner.py:116] Agent_1 gets win rate: 0.30.
[20260602 13:35:07 @multi_evo_agent_runner.py:79] #------------------------ Iteration 622 --------------------------#
[20260602 13:35:24 @multi_evo_agent_runner.py:85] Sampling 50000 steps by 50 slaves, spending 16.81 s.
[20260602 13:35:54 @multi_evo_agent_runner.py:94] Policy update, spending: 29.86 s.
[20260602 13:35:56 @multi_evo_agent_runner.py:99] Evaluation time: 1.98 s.
[20260602 13:35:56 @multi_evo_agent_runner.py:105] Total time:     501.72 min
[20260602 13:35:56 @multi_evo_agent_runner.py:115] Agent_0 gets eval reward: -249.01.
[20260602 13:35:56 @multi_evo_agent_runner.py:116] Agent_0 gets win rate: 0.10.
[20260602 13:35:56 @multi_evo_agent_runner.py:115] Agent_1 gets eval reward: 389.46.
[20260602 13:35:56 @multi_evo_agent_runner.py:116] Agent_1 gets win rate: 0.37.
[20260602 13:35:56 @multi_evo_agent_runner.py:79] #------------------------ Iteration 623 --------------------------#
[20260602 13:36:13 @multi_evo_agent_runner.py:85] Sampling 50000 steps by 50 slaves, spending 17.05 s.
[20260602 13:36:44 @multi_evo_agent_runner.py:94] Policy update, spending: 30.43 s.
[20260602 13:36:46 @multi_evo_agent_runner.py:99] Evaluation time: 2.14 s.
[20260602 13:36:46 @multi_evo_agent_runner.py:105] Total time:     502.55 min
[20260602 13:36:46 @multi_evo_agent_runner.py:115] Agent_0 gets eval reward: 232.98.
[20260602 13:36:46 @multi_evo_agent_runner.py:116] Agent_0 gets win rate: 0.32.
[20260602 13:36:46 @multi_evo_agent_runner.py:115] Agent_1 gets eval reward: 19.69.
[20260602 13:36:46 @multi_evo_agent_runner.py:116] Agent_1 gets win rate: 0.08.
[20260602 13:36:46 @multi_evo_agent_runner.py:79] #------------------------ Iteration 624 --------------------------#
[20260602 13:37:02 @multi_evo_agent_runner.py:85] Sampling 50000 steps by 50 slaves, spending 16.25 s.
[20260602 13:37:32 @multi_evo_agent_runner.py:94] Policy update, spending: 29.97 s.
[20260602 13:37:35 @multi_evo_agent_runner.py:99] Evaluation time: 2.27 s.
[20260602 13:37:35 @multi_evo_agent_runner.py:105] Total time:     503.37 min
[20260602 13:37:35 @multi_evo_agent_runner.py:115] Agent_0 gets eval reward: 43.38.
[20260602 13:37:35 @multi_evo_agent_runner.py:116] Agent_0 gets win rate: 0.31.
[20260602 13:37:35 @multi_evo_agent_runner.py:115] Agent_1 gets eval reward: -38.66.
[20260602 13:37:35 @multi_evo_agent_runner.py:116] Agent_1 gets win rate: 0.28.
[20260602 13:37:35 @multi_evo_agent_runner.py:79] #------------------------ Iteration 625 --------------------------#
[20260602 13:37:51 @multi_evo_agent_runner.py:85] Sampling 50000 steps by 50 slaves, spending 16.37 s.
[20260602 13:38:21 @multi_evo_agent_runner.py:94] Policy update, spending: 29.62 s.
[20260602 13:38:23 @multi_evo_agent_runner.py:99] Evaluation time: 2.18 s.
[20260602 13:38:23 @multi_evo_agent_runner.py:105] Total time:     504.17 min
[20260602 13:38:23 @multi_evo_agent_runner.py:115] Agent_0 gets eval reward: -97.80.
[20260602 13:38:23 @multi_evo_agent_runner.py:116] Agent_0 gets win rate: 0.26.
[20260602 13:38:23 @multi_evo_agent_runner.py:115] Agent_1 gets eval reward: 455.90.
[20260602 13:38:23 @multi_evo_agent_runner.py:116] Agent_1 gets win rate: 0.35.
[20260602 13:38:23 @multi_evo_agent_runner.py:79] #------------------------ Iteration 626 --------------------------#
[20260602 13:38:40 @multi_evo_agent_runner.py:85] Sampling 50000 steps by 50 slaves, spending 17.01 s.
[20260602 13:39:11 @multi_evo_agent_runner.py:94] Policy update, spending: 30.59 s.
[20260602 13:39:13 @multi_evo_agent_runner.py:99] Evaluation time: 2.02 s.
[20260602 13:39:13 @multi_evo_agent_runner.py:105] Total time:     505.01 min
[20260602 13:39:13 @multi_evo_agent_runner.py:115] Agent_0 gets eval reward: -797.94.
[20260602 13:39:13 @multi_evo_agent_runner.py:116] Agent_0 gets win rate: 0.00.
[20260602 13:39:13 @multi_evo_agent_runner.py:115] Agent_1 gets eval reward: 568.81.
[20260602 13:39:13 @multi_evo_agent_runner.py:116] Agent_1 gets win rate: 0.27.
[20260602 13:39:13 @multi_evo_agent_runner.py:79] #------------------------ Iteration 627 --------------------------#
[20260602 13:39:30 @multi_evo_agent_runner.py:85] Sampling 50000 steps by 50 slaves, spending 16.85 s.
[20260602 13:40:01 @multi_evo_agent_runner.py:94] Policy update, spending: 30.64 s.
[20260602 13:40:03 @multi_evo_agent_runner.py:99] Evaluation time: 2.00 s.
[20260602 13:40:03 @multi_evo_agent_runner.py:105] Total time:     505.84 min
[20260602 13:40:03 @multi_evo_agent_runner.py:115] Agent_0 gets eval reward: 536.57.
[20260602 13:40:03 @multi_evo_agent_runner.py:116] Agent_0 gets win rate: 0.44.
[20260602 13:40:03 @multi_evo_agent_runner.py:115] Agent_1 gets eval reward: -109.78.
[20260602 13:40:03 @multi_evo_agent_runner.py:116] Agent_1 gets win rate: 0.24.
[20260602 13:40:03 @multi_evo_agent_runner.py:503] CRITICAL save best checkpoint with agent_0's rewards 536.57!
[20260602 13:40:03 @multi_evo_agent_runner.py:79] #------------------------ Iteration 628 --------------------------#
[20260602 13:40:20 @multi_evo_agent_runner.py:85] Sampling 50000 steps by 50 slaves, spending 16.67 s.
[20260602 13:40:50 @multi_evo_agent_runner.py:94] Policy update, spending: 30.37 s.
[20260602 13:40:52 @multi_evo_agent_runner.py:99] Evaluation time: 2.17 s.
[20260602 13:40:52 @multi_evo_agent_runner.py:105] Total time:     506.66 min
[20260602 13:40:52 @multi_evo_agent_runner.py:115] Agent_0 gets eval reward: -225.05.
[20260602 13:40:52 @multi_evo_agent_runner.py:116] Agent_0 gets win rate: 0.15.
[20260602 13:40:52 @multi_evo_agent_runner.py:115] Agent_1 gets eval reward: 559.78.
[20260602 13:40:52 @multi_evo_agent_runner.py:116] Agent_1 gets win rate: 0.27.
[20260602 13:40:53 @multi_evo_agent_runner.py:79] #------------------------ Iteration 629 --------------------------#
[20260602 13:41:09 @multi_evo_agent_runner.py:85] Sampling 50000 steps by 50 slaves, spending 16.19 s.
[20260602 13:41:38 @multi_evo_agent_runner.py:94] Policy update, spending: 29.49 s.
[20260602 13:41:40 @multi_evo_agent_runner.py:99] Evaluation time: 2.04 s.
[20260602 13:41:40 @multi_evo_agent_runner.py:105] Total time:     507.46 min
[20260602 13:41:40 @multi_evo_agent_runner.py:115] Agent_0 gets eval reward: 652.79.
[20260602 13:41:40 @multi_evo_agent_runner.py:116] Agent_0 gets win rate: 0.51.
[20260602 13:41:40 @multi_evo_agent_runner.py:115] Agent_1 gets eval reward: -537.68.
[20260602 13:41:40 @multi_evo_agent_runner.py:116] Agent_1 gets win rate: 0.11.
[20260602 13:41:40 @multi_evo_agent_runner.py:503] CRITICAL save best checkpoint with agent_0's rewards 652.79!
[20260602 13:41:41 @multi_evo_agent_runner.py:79] #------------------------ Iteration 630 --------------------------#
[20260602 13:41:57 @multi_evo_agent_runner.py:85] Sampling 50000 steps by 50 slaves, spending 16.70 s.
[20260602 13:42:27 @multi_evo_agent_runner.py:94] Policy update, spending: 29.65 s.
[20260602 13:42:29 @multi_evo_agent_runner.py:99] Evaluation time: 2.04 s.
[20260602 13:42:29 @multi_evo_agent_runner.py:105] Total time:     508.27 min
[20260602 13:42:29 @multi_evo_agent_runner.py:115] Agent_0 gets eval reward: -393.07.
[20260602 13:42:29 @multi_evo_agent_runner.py:116] Agent_0 gets win rate: 0.26.
[20260602 13:42:29 @multi_evo_agent_runner.py:115] Agent_1 gets eval reward: 642.36.
[20260602 13:42:29 @multi_evo_agent_runner.py:116] Agent_1 gets win rate: 0.49.
[20260602 13:42:29 @multi_evo_agent_runner.py:79] #------------------------ Iteration 631 --------------------------#
[20260602 13:42:46 @multi_evo_agent_runner.py:85] Sampling 50000 steps by 50 slaves, spending 17.07 s.
[20260602 13:43:16 @multi_evo_agent_runner.py:94] Policy update, spending: 29.84 s.
[20260602 13:43:19 @multi_evo_agent_runner.py:99] Evaluation time: 2.45 s.
[20260602 13:43:19 @multi_evo_agent_runner.py:105] Total time:     509.10 min
[20260602 13:43:19 @multi_evo_agent_runner.py:115] Agent_0 gets eval reward: -20.64.
[20260602 13:43:19 @multi_evo_agent_runner.py:116] Agent_0 gets win rate: 0.24.
[20260602 13:43:19 @multi_evo_agent_runner.py:115] Agent_1 gets eval reward: 26.79.
[20260602 13:43:19 @multi_evo_agent_runner.py:116] Agent_1 gets win rate: 0.27.
[20260602 13:43:19 @multi_evo_agent_runner.py:79] #------------------------ Iteration 632 --------------------------#
[20260602 13:43:35 @multi_evo_agent_runner.py:85] Sampling 50000 steps by 50 slaves, spending 16.09 s.
[20260602 13:44:03 @multi_evo_agent_runner.py:94] Policy update, spending: 28.43 s.
[20260602 13:44:05 @multi_evo_agent_runner.py:99] Evaluation time: 2.14 s.
[20260602 13:44:05 @multi_evo_agent_runner.py:105] Total time:     509.88 min
[20260602 13:44:06 @multi_evo_agent_runner.py:115] Agent_0 gets eval reward: -59.98.
[20260602 13:44:06 @multi_evo_agent_runner.py:116] Agent_0 gets win rate: 0.31.
[20260602 13:44:06 @multi_evo_agent_runner.py:115] Agent_1 gets eval reward: -128.63.
[20260602 13:44:06 @multi_evo_agent_runner.py:116] Agent_1 gets win rate: 0.26.
[20260602 13:44:06 @multi_evo_agent_runner.py:79] #------------------------ Iteration 633 --------------------------#
[20260602 13:44:23 @multi_evo_agent_runner.py:85] Sampling 50000 steps by 50 slaves, spending 16.96 s.
[20260602 13:44:53 @multi_evo_agent_runner.py:94] Policy update, spending: 29.98 s.
[20260602 13:44:55 @multi_evo_agent_runner.py:99] Evaluation time: 1.83 s.
[20260602 13:44:55 @multi_evo_agent_runner.py:105] Total time:     510.70 min
[20260602 13:44:55 @multi_evo_agent_runner.py:115] Agent_0 gets eval reward: -164.25.
[20260602 13:44:55 @multi_evo_agent_runner.py:116] Agent_0 gets win rate: 0.08.
[20260602 13:44:55 @multi_evo_agent_runner.py:115] Agent_1 gets eval reward: 726.97.
[20260602 13:44:55 @multi_evo_agent_runner.py:116] Agent_1 gets win rate: 0.35.
[20260602 13:44:55 @multi_evo_agent_runner.py:79] #------------------------ Iteration 634 --------------------------#
[20260602 13:45:12 @multi_evo_agent_runner.py:85] Sampling 50000 steps by 50 slaves, spending 16.78 s.
[20260602 13:45:42 @multi_evo_agent_runner.py:94] Policy update, spending: 30.21 s.
[20260602 13:45:44 @multi_evo_agent_runner.py:99] Evaluation time: 2.56 s.
[20260602 13:45:44 @multi_evo_agent_runner.py:105] Total time:     511.53 min
[20260602 13:45:45 @multi_evo_agent_runner.py:115] Agent_0 gets eval reward: -112.84.
[20260602 13:45:45 @multi_evo_agent_runner.py:116] Agent_0 gets win rate: 0.18.
[20260602 13:45:45 @multi_evo_agent_runner.py:115] Agent_1 gets eval reward: 557.29.
[20260602 13:45:45 @multi_evo_agent_runner.py:116] Agent_1 gets win rate: 0.39.
[20260602 13:45:45 @multi_evo_agent_runner.py:79] #------------------------ Iteration 635 --------------------------#
[20260602 13:46:02 @multi_evo_agent_runner.py:85] Sampling 50000 steps by 50 slaves, spending 17.17 s.
[20260602 13:46:32 @multi_evo_agent_runner.py:94] Policy update, spending: 30.23 s.
[20260602 13:46:34 @multi_evo_agent_runner.py:99] Evaluation time: 2.23 s.
[20260602 13:46:34 @multi_evo_agent_runner.py:105] Total time:     512.36 min
[20260602 13:46:34 @multi_evo_agent_runner.py:115] Agent_0 gets eval reward: -394.88.
[20260602 13:46:34 @multi_evo_agent_runner.py:116] Agent_0 gets win rate: 0.04.
[20260602 13:46:34 @multi_evo_agent_runner.py:115] Agent_1 gets eval reward: 450.71.
[20260602 13:46:34 @multi_evo_agent_runner.py:116] Agent_1 gets win rate: 0.23.
[20260602 13:46:35 @multi_evo_agent_runner.py:79] #------------------------ Iteration 636 --------------------------#
[20260602 13:46:52 @multi_evo_agent_runner.py:85] Sampling 50000 steps by 50 slaves, spending 17.13 s.
[20260602 13:47:22 @multi_evo_agent_runner.py:94] Policy update, spending: 30.74 s.
[20260602 13:47:25 @multi_evo_agent_runner.py:99] Evaluation time: 2.36 s.
[20260602 13:47:25 @multi_evo_agent_runner.py:105] Total time:     513.20 min
[20260602 13:47:25 @multi_evo_agent_runner.py:115] Agent_0 gets eval reward: 150.89.
[20260602 13:47:25 @multi_evo_agent_runner.py:116] Agent_0 gets win rate: 0.17.
[20260602 13:47:25 @multi_evo_agent_runner.py:115] Agent_1 gets eval reward: 243.26.
[20260602 13:47:25 @multi_evo_agent_runner.py:116] Agent_1 gets win rate: 0.20.
[20260602 13:47:25 @multi_evo_agent_runner.py:79] #------------------------ Iteration 637 --------------------------#
[20260602 13:47:41 @multi_evo_agent_runner.py:85] Sampling 50000 steps by 50 slaves, spending 16.06 s.
[20260602 13:48:11 @multi_evo_agent_runner.py:94] Policy update, spending: 29.62 s.
[20260602 13:48:13 @multi_evo_agent_runner.py:99] Evaluation time: 2.13 s.
[20260602 13:48:13 @multi_evo_agent_runner.py:105] Total time:     514.00 min
[20260602 13:48:13 @multi_evo_agent_runner.py:115] Agent_0 gets eval reward: 16.38.
[20260602 13:48:13 @multi_evo_agent_runner.py:116] Agent_0 gets win rate: 0.24.
[20260602 13:48:13 @multi_evo_agent_runner.py:115] Agent_1 gets eval reward: 217.80.
[20260602 13:48:13 @multi_evo_agent_runner.py:116] Agent_1 gets win rate: 0.32.
[20260602 13:48:13 @multi_evo_agent_runner.py:79] #------------------------ Iteration 638 --------------------------#
[20260602 13:48:29 @multi_evo_agent_runner.py:85] Sampling 50000 steps by 50 slaves, spending 16.25 s.
[20260602 13:48:59 @multi_evo_agent_runner.py:94] Policy update, spending: 29.95 s.
[20260602 13:49:02 @multi_evo_agent_runner.py:99] Evaluation time: 2.21 s.
[20260602 13:49:02 @multi_evo_agent_runner.py:105] Total time:     514.82 min
[20260602 13:49:02 @multi_evo_agent_runner.py:115] Agent_0 gets eval reward: 149.45.
[20260602 13:49:02 @multi_evo_agent_runner.py:116] Agent_0 gets win rate: 0.38.
[20260602 13:49:02 @multi_evo_agent_runner.py:115] Agent_1 gets eval reward: 148.71.
[20260602 13:49:02 @multi_evo_agent_runner.py:116] Agent_1 gets win rate: 0.35.
[20260602 13:49:02 @multi_evo_agent_runner.py:79] #------------------------ Iteration 639 --------------------------#
[20260602 13:49:18 @multi_evo_agent_runner.py:85] Sampling 50000 steps by 50 slaves, spending 16.42 s.
[20260602 13:49:47 @multi_evo_agent_runner.py:94] Policy update, spending: 28.82 s.
[20260602 13:49:49 @multi_evo_agent_runner.py:99] Evaluation time: 2.38 s.
[20260602 13:49:49 @multi_evo_agent_runner.py:105] Total time:     515.61 min
[20260602 13:49:50 @multi_evo_agent_runner.py:115] Agent_0 gets eval reward: 437.46.
[20260602 13:49:50 @multi_evo_agent_runner.py:116] Agent_0 gets win rate: 0.46.
[20260602 13:49:50 @multi_evo_agent_runner.py:115] Agent_1 gets eval reward: -16.88.
[20260602 13:49:50 @multi_evo_agent_runner.py:116] Agent_1 gets win rate: 0.32.
[20260602 13:49:50 @multi_evo_agent_runner.py:79] #------------------------ Iteration 640 --------------------------#
[20260602 13:50:07 @multi_evo_agent_runner.py:85] Sampling 50000 steps by 50 slaves, spending 16.81 s.
[20260602 13:50:37 @multi_evo_agent_runner.py:94] Policy update, spending: 30.64 s.
[20260602 13:50:39 @multi_evo_agent_runner.py:99] Evaluation time: 2.25 s.
[20260602 13:50:39 @multi_evo_agent_runner.py:105] Total time:     516.45 min
[20260602 13:50:40 @multi_evo_agent_runner.py:115] Agent_0 gets eval reward: 287.65.
[20260602 13:50:40 @multi_evo_agent_runner.py:116] Agent_0 gets win rate: 0.38.
[20260602 13:50:40 @multi_evo_agent_runner.py:115] Agent_1 gets eval reward: 100.09.
[20260602 13:50:40 @multi_evo_agent_runner.py:116] Agent_1 gets win rate: 0.31.
[20260602 13:50:40 @multi_evo_agent_runner.py:79] #------------------------ Iteration 641 --------------------------#
[20260602 13:50:57 @multi_evo_agent_runner.py:85] Sampling 50000 steps by 50 slaves, spending 16.81 s.
[20260602 13:51:27 @multi_evo_agent_runner.py:94] Policy update, spending: 30.29 s.
[20260602 13:51:29 @multi_evo_agent_runner.py:99] Evaluation time: 2.60 s.
[20260602 13:51:29 @multi_evo_agent_runner.py:105] Total time:     517.28 min
[20260602 13:51:30 @multi_evo_agent_runner.py:115] Agent_0 gets eval reward: -279.89.
[20260602 13:51:30 @multi_evo_agent_runner.py:116] Agent_0 gets win rate: 0.17.
[20260602 13:51:30 @multi_evo_agent_runner.py:115] Agent_1 gets eval reward: 322.24.
[20260602 13:51:30 @multi_evo_agent_runner.py:116] Agent_1 gets win rate: 0.31.
[20260602 13:51:30 @multi_evo_agent_runner.py:79] #------------------------ Iteration 642 --------------------------#
[20260602 13:51:46 @multi_evo_agent_runner.py:85] Sampling 50000 steps by 50 slaves, spending 16.83 s.
[20260602 13:52:17 @multi_evo_agent_runner.py:94] Policy update, spending: 30.84 s.
[20260602 13:52:19 @multi_evo_agent_runner.py:99] Evaluation time: 2.12 s.
[20260602 13:52:19 @multi_evo_agent_runner.py:105] Total time:     518.11 min
[20260602 13:52:20 @multi_evo_agent_runner.py:115] Agent_0 gets eval reward: 372.57.
[20260602 13:52:20 @multi_evo_agent_runner.py:116] Agent_0 gets win rate: 0.36.
[20260602 13:52:20 @multi_evo_agent_runner.py:115] Agent_1 gets eval reward: -255.07.
[20260602 13:52:20 @multi_evo_agent_runner.py:116] Agent_1 gets win rate: 0.14.
[20260602 13:52:20 @multi_evo_agent_runner.py:79] #------------------------ Iteration 643 --------------------------#
[20260602 13:52:36 @multi_evo_agent_runner.py:85] Sampling 50000 steps by 50 slaves, spending 16.58 s.
[20260602 13:53:06 @multi_evo_agent_runner.py:94] Policy update, spending: 30.03 s.
[20260602 13:53:08 @multi_evo_agent_runner.py:99] Evaluation time: 2.03 s.
[20260602 13:53:08 @multi_evo_agent_runner.py:105] Total time:     518.93 min
[20260602 13:53:09 @multi_evo_agent_runner.py:115] Agent_0 gets eval reward: -415.80.
[20260602 13:53:09 @multi_evo_agent_runner.py:116] Agent_0 gets win rate: 0.17.
[20260602 13:53:09 @multi_evo_agent_runner.py:115] Agent_1 gets eval reward: 352.44.
[20260602 13:53:09 @multi_evo_agent_runner.py:116] Agent_1 gets win rate: 0.28.
[20260602 13:53:09 @multi_evo_agent_runner.py:79] #------------------------ Iteration 644 --------------------------#
[20260602 13:53:26 @multi_evo_agent_runner.py:85] Sampling 50000 steps by 50 slaves, spending 17.70 s.
[20260602 13:53:57 @multi_evo_agent_runner.py:94] Policy update, spending: 30.55 s.
[20260602 13:53:59 @multi_evo_agent_runner.py:99] Evaluation time: 2.32 s.
[20260602 13:53:59 @multi_evo_agent_runner.py:105] Total time:     519.78 min
[20260602 13:53:59 @multi_evo_agent_runner.py:115] Agent_0 gets eval reward: 227.97.
[20260602 13:53:59 @multi_evo_agent_runner.py:116] Agent_0 gets win rate: 0.33.
[20260602 13:53:59 @multi_evo_agent_runner.py:115] Agent_1 gets eval reward: -250.17.
[20260602 13:53:59 @multi_evo_agent_runner.py:116] Agent_1 gets win rate: 0.07.
[20260602 13:53:59 @multi_evo_agent_runner.py:79] #------------------------ Iteration 645 --------------------------#
[20260602 13:54:17 @multi_evo_agent_runner.py:85] Sampling 50000 steps by 50 slaves, spending 17.33 s.
[20260602 13:54:47 @multi_evo_agent_runner.py:94] Policy update, spending: 30.01 s.
[20260602 13:54:49 @multi_evo_agent_runner.py:99] Evaluation time: 2.43 s.
[20260602 13:54:49 @multi_evo_agent_runner.py:105] Total time:     520.61 min
[20260602 13:54:49 @multi_evo_agent_runner.py:115] Agent_0 gets eval reward: -274.25.
[20260602 13:54:49 @multi_evo_agent_runner.py:116] Agent_0 gets win rate: 0.22.
[20260602 13:54:49 @multi_evo_agent_runner.py:115] Agent_1 gets eval reward: 242.01.
[20260602 13:54:49 @multi_evo_agent_runner.py:116] Agent_1 gets win rate: 0.36.
[20260602 13:54:50 @multi_evo_agent_runner.py:79] #------------------------ Iteration 646 --------------------------#
[20260602 13:55:06 @multi_evo_agent_runner.py:85] Sampling 50000 steps by 50 slaves, spending 16.42 s.
[20260602 13:55:36 @multi_evo_agent_runner.py:94] Policy update, spending: 29.84 s.
[20260602 13:55:38 @multi_evo_agent_runner.py:99] Evaluation time: 2.14 s.
[20260602 13:55:38 @multi_evo_agent_runner.py:105] Total time:     521.42 min
[20260602 13:55:38 @multi_evo_agent_runner.py:115] Agent_0 gets eval reward: 273.41.
[20260602 13:55:38 @multi_evo_agent_runner.py:116] Agent_0 gets win rate: 0.24.
[20260602 13:55:38 @multi_evo_agent_runner.py:115] Agent_1 gets eval reward: -77.16.
[20260602 13:55:38 @multi_evo_agent_runner.py:116] Agent_1 gets win rate: 0.21.
[20260602 13:55:38 @multi_evo_agent_runner.py:79] #------------------------ Iteration 647 --------------------------#
[20260602 13:55:55 @multi_evo_agent_runner.py:85] Sampling 50000 steps by 50 slaves, spending 17.28 s.
[20260602 13:56:26 @multi_evo_agent_runner.py:94] Policy update, spending: 30.36 s.
[20260602 13:56:28 @multi_evo_agent_runner.py:99] Evaluation time: 2.36 s.
[20260602 13:56:28 @multi_evo_agent_runner.py:105] Total time:     522.26 min
[20260602 13:56:28 @multi_evo_agent_runner.py:115] Agent_0 gets eval reward: 59.58.
[20260602 13:56:28 @multi_evo_agent_runner.py:116] Agent_0 gets win rate: 0.24.
[20260602 13:56:28 @multi_evo_agent_runner.py:115] Agent_1 gets eval reward: 71.96.
[20260602 13:56:28 @multi_evo_agent_runner.py:116] Agent_1 gets win rate: 0.27.
[20260602 13:56:28 @multi_evo_agent_runner.py:79] #------------------------ Iteration 648 --------------------------#
[20260602 13:56:45 @multi_evo_agent_runner.py:85] Sampling 50000 steps by 50 slaves, spending 16.71 s.
[20260602 13:57:15 @multi_evo_agent_runner.py:94] Policy update, spending: 29.84 s.
[20260602 13:57:17 @multi_evo_agent_runner.py:99] Evaluation time: 1.99 s.
[20260602 13:57:17 @multi_evo_agent_runner.py:105] Total time:     523.07 min
[20260602 13:57:17 @multi_evo_agent_runner.py:115] Agent_0 gets eval reward: -294.62.
[20260602 13:57:17 @multi_evo_agent_runner.py:116] Agent_0 gets win rate: 0.15.
[20260602 13:57:17 @multi_evo_agent_runner.py:115] Agent_1 gets eval reward: 402.89.
[20260602 13:57:17 @multi_evo_agent_runner.py:116] Agent_1 gets win rate: 0.30.
[20260602 13:57:17 @multi_evo_agent_runner.py:79] #------------------------ Iteration 649 --------------------------#
[20260602 13:57:34 @multi_evo_agent_runner.py:85] Sampling 50000 steps by 50 slaves, spending 16.60 s.
[20260602 13:58:05 @multi_evo_agent_runner.py:94] Policy update, spending: 30.65 s.
[20260602 13:58:07 @multi_evo_agent_runner.py:99] Evaluation time: 2.17 s.
[20260602 13:58:07 @multi_evo_agent_runner.py:105] Total time:     523.90 min
[20260602 13:58:07 @multi_evo_agent_runner.py:115] Agent_0 gets eval reward: 321.72.
[20260602 13:58:07 @multi_evo_agent_runner.py:116] Agent_0 gets win rate: 0.44.
[20260602 13:58:07 @multi_evo_agent_runner.py:115] Agent_1 gets eval reward: 167.62.
[20260602 13:58:07 @multi_evo_agent_runner.py:116] Agent_1 gets win rate: 0.34.
[20260602 13:58:07 @multi_evo_agent_runner.py:79] #------------------------ Iteration 650 --------------------------#
[20260602 13:58:23 @multi_evo_agent_runner.py:85] Sampling 50000 steps by 50 slaves, spending 16.23 s.
[20260602 13:58:53 @multi_evo_agent_runner.py:94] Policy update, spending: 29.88 s.
[20260602 13:58:55 @multi_evo_agent_runner.py:99] Evaluation time: 2.18 s.
[20260602 13:58:55 @multi_evo_agent_runner.py:105] Total time:     524.71 min
[20260602 13:58:55 @multi_evo_agent_runner.py:115] Agent_0 gets eval reward: -452.69.
[20260602 13:58:55 @multi_evo_agent_runner.py:116] Agent_0 gets win rate: 0.19.
[20260602 13:58:55 @multi_evo_agent_runner.py:115] Agent_1 gets eval reward: 518.33.
[20260602 13:58:55 @multi_evo_agent_runner.py:116] Agent_1 gets win rate: 0.38.
[20260602 13:58:56 @multi_evo_agent_runner.py:79] #------------------------ Iteration 651 --------------------------#
[20260602 13:59:13 @multi_evo_agent_runner.py:85] Sampling 50000 steps by 50 slaves, spending 17.32 s.
[20260602 13:59:44 @multi_evo_agent_runner.py:94] Policy update, spending: 30.81 s.
[20260602 13:59:46 @multi_evo_agent_runner.py:99] Evaluation time: 1.93 s.
[20260602 13:59:46 @multi_evo_agent_runner.py:105] Total time:     525.55 min
[20260602 13:59:46 @multi_evo_agent_runner.py:115] Agent_0 gets eval reward: -151.20.
[20260602 13:59:46 @multi_evo_agent_runner.py:116] Agent_0 gets win rate: 0.27.
[20260602 13:59:46 @multi_evo_agent_runner.py:115] Agent_1 gets eval reward: 252.50.
[20260602 13:59:46 @multi_evo_agent_runner.py:116] Agent_1 gets win rate: 0.33.
[20260602 13:59:46 @multi_evo_agent_runner.py:79] #------------------------ Iteration 652 --------------------------#
[20260602 14:00:03 @multi_evo_agent_runner.py:85] Sampling 50000 steps by 50 slaves, spending 17.56 s.
[20260602 14:00:34 @multi_evo_agent_runner.py:94] Policy update, spending: 30.53 s.
[20260602 14:00:36 @multi_evo_agent_runner.py:99] Evaluation time: 1.94 s.
[20260602 14:00:36 @multi_evo_agent_runner.py:105] Total time:     526.39 min
[20260602 14:00:36 @multi_evo_agent_runner.py:115] Agent_0 gets eval reward: -6.51.
[20260602 14:00:36 @multi_evo_agent_runner.py:116] Agent_0 gets win rate: 0.21.
[20260602 14:00:36 @multi_evo_agent_runner.py:115] Agent_1 gets eval reward: -32.31.
[20260602 14:00:36 @multi_evo_agent_runner.py:116] Agent_1 gets win rate: 0.25.
[20260602 14:00:36 @multi_evo_agent_runner.py:79] #------------------------ Iteration 653 --------------------------#
[20260602 14:00:53 @multi_evo_agent_runner.py:85] Sampling 50000 steps by 50 slaves, spending 17.19 s.
[20260602 14:01:24 @multi_evo_agent_runner.py:94] Policy update, spending: 30.18 s.
[20260602 14:01:26 @multi_evo_agent_runner.py:99] Evaluation time: 2.22 s.
[20260602 14:01:26 @multi_evo_agent_runner.py:105] Total time:     527.22 min
[20260602 14:01:26 @multi_evo_agent_runner.py:115] Agent_0 gets eval reward: 197.90.
[20260602 14:01:26 @multi_evo_agent_runner.py:116] Agent_0 gets win rate: 0.24.
[20260602 14:01:26 @multi_evo_agent_runner.py:115] Agent_1 gets eval reward: -80.21.
[20260602 14:01:26 @multi_evo_agent_runner.py:116] Agent_1 gets win rate: 0.24.
[20260602 14:01:26 @multi_evo_agent_runner.py:79] #------------------------ Iteration 654 --------------------------#
[20260602 14:01:44 @multi_evo_agent_runner.py:85] Sampling 50000 steps by 50 slaves, spending 17.60 s.
[20260602 14:02:15 @multi_evo_agent_runner.py:94] Policy update, spending: 31.29 s.
[20260602 14:02:17 @multi_evo_agent_runner.py:99] Evaluation time: 2.06 s.
[20260602 14:02:17 @multi_evo_agent_runner.py:105] Total time:     528.07 min
[20260602 14:02:17 @multi_evo_agent_runner.py:115] Agent_0 gets eval reward: -45.12.
[20260602 14:02:17 @multi_evo_agent_runner.py:116] Agent_0 gets win rate: 0.31.
[20260602 14:02:17 @multi_evo_agent_runner.py:115] Agent_1 gets eval reward: -112.28.
[20260602 14:02:17 @multi_evo_agent_runner.py:116] Agent_1 gets win rate: 0.19.
[20260602 14:02:17 @multi_evo_agent_runner.py:79] #------------------------ Iteration 655 --------------------------#
[20260602 14:02:34 @multi_evo_agent_runner.py:85] Sampling 50000 steps by 50 slaves, spending 16.48 s.
[20260602 14:03:04 @multi_evo_agent_runner.py:94] Policy update, spending: 30.48 s.
[20260602 14:03:06 @multi_evo_agent_runner.py:99] Evaluation time: 1.97 s.
[20260602 14:03:06 @multi_evo_agent_runner.py:105] Total time:     528.89 min
[20260602 14:03:06 @multi_evo_agent_runner.py:115] Agent_0 gets eval reward: 183.17.
[20260602 14:03:06 @multi_evo_agent_runner.py:116] Agent_0 gets win rate: 0.35.
[20260602 14:03:06 @multi_evo_agent_runner.py:115] Agent_1 gets eval reward: 141.82.
[20260602 14:03:06 @multi_evo_agent_runner.py:116] Agent_1 gets win rate: 0.35.
[20260602 14:03:07 @multi_evo_agent_runner.py:79] #------------------------ Iteration 656 --------------------------#
[20260602 14:03:23 @multi_evo_agent_runner.py:85] Sampling 50000 steps by 50 slaves, spending 16.73 s.
[20260602 14:03:54 @multi_evo_agent_runner.py:94] Policy update, spending: 30.80 s.
[20260602 14:03:56 @multi_evo_agent_runner.py:99] Evaluation time: 2.20 s.
[20260602 14:03:56 @multi_evo_agent_runner.py:105] Total time:     529.73 min
[20260602 14:03:56 @multi_evo_agent_runner.py:115] Agent_0 gets eval reward: 88.85.
[20260602 14:03:56 @multi_evo_agent_runner.py:116] Agent_0 gets win rate: 0.30.
[20260602 14:03:56 @multi_evo_agent_runner.py:115] Agent_1 gets eval reward: 189.59.
[20260602 14:03:56 @multi_evo_agent_runner.py:116] Agent_1 gets win rate: 0.27.
[20260602 14:03:57 @multi_evo_agent_runner.py:79] #------------------------ Iteration 657 --------------------------#
[20260602 14:04:13 @multi_evo_agent_runner.py:85] Sampling 50000 steps by 50 slaves, spending 16.34 s.
[20260602 14:04:42 @multi_evo_agent_runner.py:94] Policy update, spending: 29.39 s.
[20260602 14:04:44 @multi_evo_agent_runner.py:99] Evaluation time: 2.12 s.
[20260602 14:04:44 @multi_evo_agent_runner.py:105] Total time:     530.53 min
[20260602 14:04:45 @multi_evo_agent_runner.py:115] Agent_0 gets eval reward: 80.94.
[20260602 14:04:45 @multi_evo_agent_runner.py:116] Agent_0 gets win rate: 0.28.
[20260602 14:04:45 @multi_evo_agent_runner.py:115] Agent_1 gets eval reward: -113.69.
[20260602 14:04:45 @multi_evo_agent_runner.py:116] Agent_1 gets win rate: 0.14.
[20260602 14:04:45 @multi_evo_agent_runner.py:79] #------------------------ Iteration 658 --------------------------#
[20260602 14:05:02 @multi_evo_agent_runner.py:85] Sampling 50000 steps by 50 slaves, spending 17.16 s.
[20260602 14:05:33 @multi_evo_agent_runner.py:94] Policy update, spending: 30.74 s.
[20260602 14:05:34 @multi_evo_agent_runner.py:99] Evaluation time: 1.91 s.
[20260602 14:05:34 @multi_evo_agent_runner.py:105] Total time:     531.36 min
[20260602 14:05:35 @multi_evo_agent_runner.py:115] Agent_0 gets eval reward: -287.77.
[20260602 14:05:35 @multi_evo_agent_runner.py:116] Agent_0 gets win rate: 0.04.
[20260602 14:05:35 @multi_evo_agent_runner.py:115] Agent_1 gets eval reward: 362.03.
[20260602 14:05:35 @multi_evo_agent_runner.py:116] Agent_1 gets win rate: 0.17.
[20260602 14:05:35 @multi_evo_agent_runner.py:79] #------------------------ Iteration 659 --------------------------#
[20260602 14:05:52 @multi_evo_agent_runner.py:85] Sampling 50000 steps by 50 slaves, spending 16.90 s.
[20260602 14:06:22 @multi_evo_agent_runner.py:94] Policy update, spending: 30.67 s.
[20260602 14:06:24 @multi_evo_agent_runner.py:99] Evaluation time: 2.15 s.
[20260602 14:06:24 @multi_evo_agent_runner.py:105] Total time:     532.20 min
[20260602 14:06:25 @multi_evo_agent_runner.py:115] Agent_0 gets eval reward: 517.41.
[20260602 14:06:25 @multi_evo_agent_runner.py:116] Agent_0 gets win rate: 0.43.
[20260602 14:06:25 @multi_evo_agent_runner.py:115] Agent_1 gets eval reward: -302.17.
[20260602 14:06:25 @multi_evo_agent_runner.py:116] Agent_1 gets win rate: 0.22.
[20260602 14:06:25 @multi_evo_agent_runner.py:79] #------------------------ Iteration 660 --------------------------#
[20260602 14:06:42 @multi_evo_agent_runner.py:85] Sampling 50000 steps by 50 slaves, spending 17.11 s.
[20260602 14:07:12 @multi_evo_agent_runner.py:94] Policy update, spending: 30.56 s.
[20260602 14:07:14 @multi_evo_agent_runner.py:99] Evaluation time: 2.06 s.
[20260602 14:07:14 @multi_evo_agent_runner.py:105] Total time:     533.03 min
[20260602 14:07:15 @multi_evo_agent_runner.py:115] Agent_0 gets eval reward: 320.43.
[20260602 14:07:15 @multi_evo_agent_runner.py:116] Agent_0 gets win rate: 0.40.
[20260602 14:07:15 @multi_evo_agent_runner.py:115] Agent_1 gets eval reward: -367.70.
[20260602 14:07:15 @multi_evo_agent_runner.py:116] Agent_1 gets win rate: 0.10.
[20260602 14:07:15 @multi_evo_agent_runner.py:79] #------------------------ Iteration 661 --------------------------#
[20260602 14:07:32 @multi_evo_agent_runner.py:85] Sampling 50000 steps by 50 slaves, spending 16.87 s.
[20260602 14:08:02 @multi_evo_agent_runner.py:94] Policy update, spending: 30.43 s.
[20260602 14:08:04 @multi_evo_agent_runner.py:99] Evaluation time: 2.35 s.
[20260602 14:08:04 @multi_evo_agent_runner.py:105] Total time:     533.86 min
[20260602 14:08:05 @multi_evo_agent_runner.py:115] Agent_0 gets eval reward: -265.86.
[20260602 14:08:05 @multi_evo_agent_runner.py:116] Agent_0 gets win rate: 0.13.
[20260602 14:08:05 @multi_evo_agent_runner.py:115] Agent_1 gets eval reward: 338.64.
[20260602 14:08:05 @multi_evo_agent_runner.py:116] Agent_1 gets win rate: 0.35.
[20260602 14:08:05 @multi_evo_agent_runner.py:79] #------------------------ Iteration 662 --------------------------#
[20260602 14:08:22 @multi_evo_agent_runner.py:85] Sampling 50000 steps by 50 slaves, spending 17.20 s.
[20260602 14:08:52 @multi_evo_agent_runner.py:94] Policy update, spending: 30.62 s.
[20260602 14:08:55 @multi_evo_agent_runner.py:99] Evaluation time: 2.11 s.
[20260602 14:08:55 @multi_evo_agent_runner.py:105] Total time:     534.70 min
[20260602 14:08:55 @multi_evo_agent_runner.py:115] Agent_0 gets eval reward: -142.31.
[20260602 14:08:55 @multi_evo_agent_runner.py:116] Agent_0 gets win rate: 0.14.
[20260602 14:08:55 @multi_evo_agent_runner.py:115] Agent_1 gets eval reward: 145.34.
[20260602 14:08:55 @multi_evo_agent_runner.py:116] Agent_1 gets win rate: 0.25.
[20260602 14:08:55 @multi_evo_agent_runner.py:79] #------------------------ Iteration 663 --------------------------#
[20260602 14:09:11 @multi_evo_agent_runner.py:85] Sampling 50000 steps by 50 slaves, spending 16.44 s.
[20260602 14:09:41 @multi_evo_agent_runner.py:94] Policy update, spending: 29.89 s.
[20260602 14:09:43 @multi_evo_agent_runner.py:99] Evaluation time: 1.93 s.
[20260602 14:09:43 @multi_evo_agent_runner.py:105] Total time:     535.51 min
[20260602 14:09:43 @multi_evo_agent_runner.py:115] Agent_0 gets eval reward: 44.90.
[20260602 14:09:43 @multi_evo_agent_runner.py:116] Agent_0 gets win rate: 0.15.
[20260602 14:09:43 @multi_evo_agent_runner.py:115] Agent_1 gets eval reward: -18.72.
[20260602 14:09:43 @multi_evo_agent_runner.py:116] Agent_1 gets win rate: 0.22.
[20260602 14:09:43 @multi_evo_agent_runner.py:79] #------------------------ Iteration 664 --------------------------#
[20260602 14:10:01 @multi_evo_agent_runner.py:85] Sampling 50000 steps by 50 slaves, spending 17.34 s.
[20260602 14:10:31 @multi_evo_agent_runner.py:94] Policy update, spending: 30.01 s.
[20260602 14:10:33 @multi_evo_agent_runner.py:99] Evaluation time: 2.33 s.
[20260602 14:10:33 @multi_evo_agent_runner.py:105] Total time:     536.34 min
[20260602 14:10:33 @multi_evo_agent_runner.py:115] Agent_0 gets eval reward: 333.38.
[20260602 14:10:33 @multi_evo_agent_runner.py:116] Agent_0 gets win rate: 0.49.
[20260602 14:10:33 @multi_evo_agent_runner.py:115] Agent_1 gets eval reward: -63.49.
[20260602 14:10:33 @multi_evo_agent_runner.py:116] Agent_1 gets win rate: 0.29.
[20260602 14:10:33 @multi_evo_agent_runner.py:79] #------------------------ Iteration 665 --------------------------#
[20260602 14:10:50 @multi_evo_agent_runner.py:85] Sampling 50000 steps by 50 slaves, spending 16.80 s.
[20260602 14:11:21 @multi_evo_agent_runner.py:94] Policy update, spending: 30.89 s.
[20260602 14:11:23 @multi_evo_agent_runner.py:99] Evaluation time: 2.17 s.
[20260602 14:11:23 @multi_evo_agent_runner.py:105] Total time:     537.18 min
[20260602 14:11:23 @multi_evo_agent_runner.py:115] Agent_0 gets eval reward: -349.10.
[20260602 14:11:23 @multi_evo_agent_runner.py:116] Agent_0 gets win rate: 0.13.
[20260602 14:11:23 @multi_evo_agent_runner.py:115] Agent_1 gets eval reward: 93.59.
[20260602 14:11:23 @multi_evo_agent_runner.py:116] Agent_1 gets win rate: 0.20.
[20260602 14:11:24 @multi_evo_agent_runner.py:79] #------------------------ Iteration 666 --------------------------#
[20260602 14:11:40 @multi_evo_agent_runner.py:85] Sampling 50000 steps by 50 slaves, spending 16.27 s.
[20260602 14:12:09 @multi_evo_agent_runner.py:94] Policy update, spending: 29.38 s.
[20260602 14:12:11 @multi_evo_agent_runner.py:99] Evaluation time: 1.96 s.
[20260602 14:12:11 @multi_evo_agent_runner.py:105] Total time:     537.98 min
[20260602 14:12:11 @multi_evo_agent_runner.py:115] Agent_0 gets eval reward: 232.28.
[20260602 14:12:11 @multi_evo_agent_runner.py:116] Agent_0 gets win rate: 0.32.
[20260602 14:12:11 @multi_evo_agent_runner.py:115] Agent_1 gets eval reward: -234.83.
[20260602 14:12:11 @multi_evo_agent_runner.py:116] Agent_1 gets win rate: 0.14.
[20260602 14:12:11 @multi_evo_agent_runner.py:79] #------------------------ Iteration 667 --------------------------#
[20260602 14:12:29 @multi_evo_agent_runner.py:85] Sampling 50000 steps by 50 slaves, spending 17.99 s.
[20260602 14:13:01 @multi_evo_agent_runner.py:94] Policy update, spending: 31.97 s.
[20260602 14:13:04 @multi_evo_agent_runner.py:99] Evaluation time: 2.15 s.
[20260602 14:13:04 @multi_evo_agent_runner.py:105] Total time:     538.85 min
[20260602 14:13:04 @multi_evo_agent_runner.py:115] Agent_0 gets eval reward: 166.32.
[20260602 14:13:04 @multi_evo_agent_runner.py:116] Agent_0 gets win rate: 0.29.
[20260602 14:13:04 @multi_evo_agent_runner.py:115] Agent_1 gets eval reward: -193.04.
[20260602 14:13:04 @multi_evo_agent_runner.py:116] Agent_1 gets win rate: 0.07.
[20260602 14:13:04 @multi_evo_agent_runner.py:79] #------------------------ Iteration 668 --------------------------#
[20260602 14:13:21 @multi_evo_agent_runner.py:85] Sampling 50000 steps by 50 slaves, spending 16.95 s.
[20260602 14:13:51 @multi_evo_agent_runner.py:94] Policy update, spending: 30.15 s.
[20260602 14:13:53 @multi_evo_agent_runner.py:99] Evaluation time: 2.03 s.
[20260602 14:13:53 @multi_evo_agent_runner.py:105] Total time:     539.67 min
[20260602 14:13:53 @multi_evo_agent_runner.py:115] Agent_0 gets eval reward: 296.24.
[20260602 14:13:53 @multi_evo_agent_runner.py:116] Agent_0 gets win rate: 0.29.
[20260602 14:13:53 @multi_evo_agent_runner.py:115] Agent_1 gets eval reward: -222.79.
[20260602 14:13:53 @multi_evo_agent_runner.py:116] Agent_1 gets win rate: 0.07.
[20260602 14:13:53 @multi_evo_agent_runner.py:79] #------------------------ Iteration 669 --------------------------#
[20260602 14:14:11 @multi_evo_agent_runner.py:85] Sampling 50000 steps by 50 slaves, spending 17.90 s.
[20260602 14:14:43 @multi_evo_agent_runner.py:94] Policy update, spending: 31.36 s.
[20260602 14:14:45 @multi_evo_agent_runner.py:99] Evaluation time: 2.26 s.
[20260602 14:14:45 @multi_evo_agent_runner.py:105] Total time:     540.54 min
[20260602 14:14:45 @multi_evo_agent_runner.py:115] Agent_0 gets eval reward: -18.82.
[20260602 14:14:45 @multi_evo_agent_runner.py:116] Agent_0 gets win rate: 0.27.
[20260602 14:14:45 @multi_evo_agent_runner.py:115] Agent_1 gets eval reward: 169.29.
[20260602 14:14:45 @multi_evo_agent_runner.py:116] Agent_1 gets win rate: 0.24.
[20260602 14:14:45 @multi_evo_agent_runner.py:79] #------------------------ Iteration 670 --------------------------#
[20260602 14:15:02 @multi_evo_agent_runner.py:85] Sampling 50000 steps by 50 slaves, spending 16.90 s.
[20260602 14:15:33 @multi_evo_agent_runner.py:94] Policy update, spending: 30.83 s.
[20260602 14:15:35 @multi_evo_agent_runner.py:99] Evaluation time: 2.41 s.
[20260602 14:15:35 @multi_evo_agent_runner.py:105] Total time:     541.38 min
[20260602 14:15:35 @multi_evo_agent_runner.py:115] Agent_0 gets eval reward: 503.41.
[20260602 14:15:35 @multi_evo_agent_runner.py:116] Agent_0 gets win rate: 0.39.
[20260602 14:15:35 @multi_evo_agent_runner.py:115] Agent_1 gets eval reward: -179.24.
[20260602 14:15:35 @multi_evo_agent_runner.py:116] Agent_1 gets win rate: 0.11.
[20260602 14:15:35 @multi_evo_agent_runner.py:79] #------------------------ Iteration 671 --------------------------#
[20260602 14:15:52 @multi_evo_agent_runner.py:85] Sampling 50000 steps by 50 slaves, spending 16.32 s.
[20260602 14:16:21 @multi_evo_agent_runner.py:94] Policy update, spending: 28.91 s.
[20260602 14:16:23 @multi_evo_agent_runner.py:99] Evaluation time: 1.98 s.
[20260602 14:16:23 @multi_evo_agent_runner.py:105] Total time:     542.17 min
[20260602 14:16:23 @multi_evo_agent_runner.py:115] Agent_0 gets eval reward: 19.30.
[20260602 14:16:23 @multi_evo_agent_runner.py:116] Agent_0 gets win rate: 0.22.
[20260602 14:16:23 @multi_evo_agent_runner.py:115] Agent_1 gets eval reward: 104.15.
[20260602 14:16:23 @multi_evo_agent_runner.py:116] Agent_1 gets win rate: 0.25.
[20260602 14:16:23 @multi_evo_agent_runner.py:79] #------------------------ Iteration 672 --------------------------#
[20260602 14:16:40 @multi_evo_agent_runner.py:85] Sampling 50000 steps by 50 slaves, spending 16.76 s.
[20260602 14:17:11 @multi_evo_agent_runner.py:94] Policy update, spending: 30.86 s.
[20260602 14:17:13 @multi_evo_agent_runner.py:99] Evaluation time: 2.10 s.
[20260602 14:17:13 @multi_evo_agent_runner.py:105] Total time:     543.00 min
[20260602 14:17:13 @multi_evo_agent_runner.py:115] Agent_0 gets eval reward: -39.79.
[20260602 14:17:13 @multi_evo_agent_runner.py:116] Agent_0 gets win rate: 0.28.
[20260602 14:17:13 @multi_evo_agent_runner.py:115] Agent_1 gets eval reward: -159.09.
[20260602 14:17:13 @multi_evo_agent_runner.py:116] Agent_1 gets win rate: 0.19.
[20260602 14:17:13 @multi_evo_agent_runner.py:79] #------------------------ Iteration 673 --------------------------#
[20260602 14:17:30 @multi_evo_agent_runner.py:85] Sampling 50000 steps by 50 slaves, spending 16.75 s.
[20260602 14:17:59 @multi_evo_agent_runner.py:94] Policy update, spending: 29.74 s.
[20260602 14:18:01 @multi_evo_agent_runner.py:99] Evaluation time: 2.06 s.
[20260602 14:18:01 @multi_evo_agent_runner.py:105] Total time:     543.81 min
[20260602 14:18:02 @multi_evo_agent_runner.py:115] Agent_0 gets eval reward: -255.83.
[20260602 14:18:02 @multi_evo_agent_runner.py:116] Agent_0 gets win rate: 0.36.
[20260602 14:18:02 @multi_evo_agent_runner.py:115] Agent_1 gets eval reward: 317.76.
[20260602 14:18:02 @multi_evo_agent_runner.py:116] Agent_1 gets win rate: 0.47.
[20260602 14:18:02 @multi_evo_agent_runner.py:79] #------------------------ Iteration 674 --------------------------#
[20260602 14:18:19 @multi_evo_agent_runner.py:85] Sampling 50000 steps by 50 slaves, spending 16.77 s.
[20260602 14:18:49 @multi_evo_agent_runner.py:94] Policy update, spending: 30.64 s.
[20260602 14:18:51 @multi_evo_agent_runner.py:99] Evaluation time: 2.25 s.
[20260602 14:18:51 @multi_evo_agent_runner.py:105] Total time:     544.65 min
[20260602 14:18:52 @multi_evo_agent_runner.py:115] Agent_0 gets eval reward: -338.63.
[20260602 14:18:52 @multi_evo_agent_runner.py:116] Agent_0 gets win rate: 0.21.
[20260602 14:18:52 @multi_evo_agent_runner.py:115] Agent_1 gets eval reward: 489.36.
[20260602 14:18:52 @multi_evo_agent_runner.py:116] Agent_1 gets win rate: 0.42.
[20260602 14:18:52 @multi_evo_agent_runner.py:79] #------------------------ Iteration 675 --------------------------#
[20260602 14:19:09 @multi_evo_agent_runner.py:85] Sampling 50000 steps by 50 slaves, spending 17.59 s.
[20260602 14:19:39 @multi_evo_agent_runner.py:94] Policy update, spending: 29.97 s.
[20260602 14:19:42 @multi_evo_agent_runner.py:99] Evaluation time: 2.25 s.
[20260602 14:19:42 @multi_evo_agent_runner.py:105] Total time:     545.48 min
[20260602 14:19:42 @multi_evo_agent_runner.py:115] Agent_0 gets eval reward: 246.33.
[20260602 14:19:42 @multi_evo_agent_runner.py:116] Agent_0 gets win rate: 0.23.
[20260602 14:19:42 @multi_evo_agent_runner.py:115] Agent_1 gets eval reward: 83.88.
[20260602 14:19:42 @multi_evo_agent_runner.py:116] Agent_1 gets win rate: 0.20.
[20260602 14:19:42 @multi_evo_agent_runner.py:79] #------------------------ Iteration 676 --------------------------#
[20260602 14:19:59 @multi_evo_agent_runner.py:85] Sampling 50000 steps by 50 slaves, spending 17.37 s.
[20260602 14:20:29 @multi_evo_agent_runner.py:94] Policy update, spending: 30.26 s.
[20260602 14:20:32 @multi_evo_agent_runner.py:99] Evaluation time: 2.58 s.
[20260602 14:20:32 @multi_evo_agent_runner.py:105] Total time:     546.32 min
[20260602 14:20:32 @multi_evo_agent_runner.py:115] Agent_0 gets eval reward: -22.28.
[20260602 14:20:32 @multi_evo_agent_runner.py:116] Agent_0 gets win rate: 0.37.
[20260602 14:20:32 @multi_evo_agent_runner.py:115] Agent_1 gets eval reward: 107.31.
[20260602 14:20:32 @multi_evo_agent_runner.py:116] Agent_1 gets win rate: 0.40.
[20260602 14:20:32 @multi_evo_agent_runner.py:79] #------------------------ Iteration 677 --------------------------#
[20260602 14:20:50 @multi_evo_agent_runner.py:85] Sampling 50000 steps by 50 slaves, spending 17.40 s.
[20260602 14:21:20 @multi_evo_agent_runner.py:94] Policy update, spending: 30.25 s.
[20260602 14:21:22 @multi_evo_agent_runner.py:99] Evaluation time: 2.30 s.
[20260602 14:21:22 @multi_evo_agent_runner.py:105] Total time:     547.16 min
[20260602 14:21:22 @multi_evo_agent_runner.py:115] Agent_0 gets eval reward: -429.61.
[20260602 14:21:22 @multi_evo_agent_runner.py:116] Agent_0 gets win rate: 0.18.
[20260602 14:21:22 @multi_evo_agent_runner.py:115] Agent_1 gets eval reward: 742.15.
[20260602 14:21:22 @multi_evo_agent_runner.py:116] Agent_1 gets win rate: 0.48.
[20260602 14:21:23 @multi_evo_agent_runner.py:79] #------------------------ Iteration 678 --------------------------#
[20260602 14:21:39 @multi_evo_agent_runner.py:85] Sampling 50000 steps by 50 slaves, spending 16.21 s.
[20260602 14:22:08 @multi_evo_agent_runner.py:94] Policy update, spending: 29.49 s.
[20260602 14:22:10 @multi_evo_agent_runner.py:99] Evaluation time: 2.28 s.
[20260602 14:22:10 @multi_evo_agent_runner.py:105] Total time:     547.96 min
[20260602 14:22:11 @multi_evo_agent_runner.py:115] Agent_0 gets eval reward: 246.92.
[20260602 14:22:11 @multi_evo_agent_runner.py:116] Agent_0 gets win rate: 0.31.
[20260602 14:22:11 @multi_evo_agent_runner.py:115] Agent_1 gets eval reward: -240.30.
[20260602 14:22:11 @multi_evo_agent_runner.py:116] Agent_1 gets win rate: 0.09.
[20260602 14:22:11 @multi_evo_agent_runner.py:79] #------------------------ Iteration 679 --------------------------#
[20260602 14:22:29 @multi_evo_agent_runner.py:85] Sampling 50000 steps by 50 slaves, spending 18.21 s.
[20260602 14:23:01 @multi_evo_agent_runner.py:94] Policy update, spending: 31.78 s.
[20260602 14:23:03 @multi_evo_agent_runner.py:99] Evaluation time: 1.93 s.
[20260602 14:23:03 @multi_evo_agent_runner.py:105] Total time:     548.83 min
[20260602 14:23:03 @multi_evo_agent_runner.py:115] Agent_0 gets eval reward: -133.27.
[20260602 14:23:03 @multi_evo_agent_runner.py:116] Agent_0 gets win rate: 0.19.
[20260602 14:23:03 @multi_evo_agent_runner.py:115] Agent_1 gets eval reward: -157.10.
[20260602 14:23:03 @multi_evo_agent_runner.py:116] Agent_1 gets win rate: 0.12.
[20260602 14:23:03 @multi_evo_agent_runner.py:79] #------------------------ Iteration 680 --------------------------#
[20260602 14:23:19 @multi_evo_agent_runner.py:85] Sampling 50000 steps by 50 slaves, spending 16.04 s.
[20260602 14:23:48 @multi_evo_agent_runner.py:94] Policy update, spending: 29.36 s.
[20260602 14:23:51 @multi_evo_agent_runner.py:99] Evaluation time: 2.16 s.
[20260602 14:23:51 @multi_evo_agent_runner.py:105] Total time:     549.63 min
[20260602 14:23:51 @multi_evo_agent_runner.py:115] Agent_0 gets eval reward: 121.00.
[20260602 14:23:51 @multi_evo_agent_runner.py:116] Agent_0 gets win rate: 0.36.
[20260602 14:23:51 @multi_evo_agent_runner.py:115] Agent_1 gets eval reward: 296.27.
[20260602 14:23:51 @multi_evo_agent_runner.py:116] Agent_1 gets win rate: 0.42.
[20260602 14:23:51 @multi_evo_agent_runner.py:79] #------------------------ Iteration 681 --------------------------#
[20260602 14:24:08 @multi_evo_agent_runner.py:85] Sampling 50000 steps by 50 slaves, spending 17.27 s.
[20260602 14:24:40 @multi_evo_agent_runner.py:94] Policy update, spending: 31.70 s.
[20260602 14:24:42 @multi_evo_agent_runner.py:99] Evaluation time: 2.07 s.
[20260602 14:24:42 @multi_evo_agent_runner.py:105] Total time:     550.49 min
[20260602 14:24:42 @multi_evo_agent_runner.py:115] Agent_0 gets eval reward: 700.21.
[20260602 14:24:42 @multi_evo_agent_runner.py:116] Agent_0 gets win rate: 0.53.
[20260602 14:24:42 @multi_evo_agent_runner.py:115] Agent_1 gets eval reward: -675.35.
[20260602 14:24:42 @multi_evo_agent_runner.py:116] Agent_1 gets win rate: 0.12.
[20260602 14:24:42 @multi_evo_agent_runner.py:503] CRITICAL save best checkpoint with agent_0's rewards 700.21!
[20260602 14:24:42 @multi_evo_agent_runner.py:79] #------------------------ Iteration 682 --------------------------#
[20260602 14:24:58 @multi_evo_agent_runner.py:85] Sampling 50000 steps by 50 slaves, spending 16.05 s.
[20260602 14:25:27 @multi_evo_agent_runner.py:94] Policy update, spending: 28.72 s.
[20260602 14:25:29 @multi_evo_agent_runner.py:99] Evaluation time: 1.97 s.
[20260602 14:25:29 @multi_evo_agent_runner.py:105] Total time:     551.27 min
[20260602 14:25:29 @multi_evo_agent_runner.py:115] Agent_0 gets eval reward: -273.00.
[20260602 14:25:29 @multi_evo_agent_runner.py:116] Agent_0 gets win rate: 0.19.
[20260602 14:25:29 @multi_evo_agent_runner.py:115] Agent_1 gets eval reward: 62.07.
[20260602 14:25:29 @multi_evo_agent_runner.py:116] Agent_1 gets win rate: 0.15.
[20260602 14:25:29 @multi_evo_agent_runner.py:79] #------------------------ Iteration 683 --------------------------#
[20260602 14:25:47 @multi_evo_agent_runner.py:85] Sampling 50000 steps by 50 slaves, spending 17.48 s.
[20260602 14:26:17 @multi_evo_agent_runner.py:94] Policy update, spending: 30.83 s.
[20260602 14:26:20 @multi_evo_agent_runner.py:99] Evaluation time: 2.09 s.
[20260602 14:26:20 @multi_evo_agent_runner.py:105] Total time:     552.12 min
[20260602 14:26:20 @multi_evo_agent_runner.py:115] Agent_0 gets eval reward: -430.68.
[20260602 14:26:20 @multi_evo_agent_runner.py:116] Agent_0 gets win rate: 0.21.
[20260602 14:26:20 @multi_evo_agent_runner.py:115] Agent_1 gets eval reward: 532.89.
[20260602 14:26:20 @multi_evo_agent_runner.py:116] Agent_1 gets win rate: 0.36.
[20260602 14:26:20 @multi_evo_agent_runner.py:79] #------------------------ Iteration 684 --------------------------#
[20260602 14:26:36 @multi_evo_agent_runner.py:85] Sampling 50000 steps by 50 slaves, spending 16.39 s.
[20260602 14:27:06 @multi_evo_agent_runner.py:94] Policy update, spending: 29.56 s.
[20260602 14:27:08 @multi_evo_agent_runner.py:99] Evaluation time: 2.01 s.
[20260602 14:27:08 @multi_evo_agent_runner.py:105] Total time:     552.92 min
[20260602 14:27:08 @multi_evo_agent_runner.py:115] Agent_0 gets eval reward: -317.95.
[20260602 14:27:08 @multi_evo_agent_runner.py:116] Agent_0 gets win rate: 0.19.
[20260602 14:27:08 @multi_evo_agent_runner.py:115] Agent_1 gets eval reward: 89.73.
[20260602 14:27:08 @multi_evo_agent_runner.py:116] Agent_1 gets win rate: 0.19.
[20260602 14:27:08 @multi_evo_agent_runner.py:79] #------------------------ Iteration 685 --------------------------#
[20260602 14:27:25 @multi_evo_agent_runner.py:85] Sampling 50000 steps by 50 slaves, spending 16.65 s.
[20260602 14:27:55 @multi_evo_agent_runner.py:94] Policy update, spending: 29.98 s.
[20260602 14:27:57 @multi_evo_agent_runner.py:99] Evaluation time: 2.28 s.
[20260602 14:27:57 @multi_evo_agent_runner.py:105] Total time:     553.74 min
[20260602 14:27:57 @multi_evo_agent_runner.py:115] Agent_0 gets eval reward: -189.17.
[20260602 14:27:57 @multi_evo_agent_runner.py:116] Agent_0 gets win rate: 0.08.
[20260602 14:27:57 @multi_evo_agent_runner.py:115] Agent_1 gets eval reward: 176.34.
[20260602 14:27:57 @multi_evo_agent_runner.py:116] Agent_1 gets win rate: 0.16.
[20260602 14:27:57 @multi_evo_agent_runner.py:79] #------------------------ Iteration 686 --------------------------#
[20260602 14:28:14 @multi_evo_agent_runner.py:85] Sampling 50000 steps by 50 slaves, spending 17.19 s.
[20260602 14:28:45 @multi_evo_agent_runner.py:94] Policy update, spending: 30.73 s.
[20260602 14:28:47 @multi_evo_agent_runner.py:99] Evaluation time: 1.85 s.
[20260602 14:28:47 @multi_evo_agent_runner.py:105] Total time:     554.57 min
[20260602 14:28:47 @multi_evo_agent_runner.py:115] Agent_0 gets eval reward: -450.43.
[20260602 14:28:47 @multi_evo_agent_runner.py:116] Agent_0 gets win rate: 0.00.
[20260602 14:28:47 @multi_evo_agent_runner.py:115] Agent_1 gets eval reward: 348.93.
[20260602 14:28:47 @multi_evo_agent_runner.py:116] Agent_1 gets win rate: 0.25.
[20260602 14:28:47 @multi_evo_agent_runner.py:79] #------------------------ Iteration 687 --------------------------#
[20260602 14:29:04 @multi_evo_agent_runner.py:85] Sampling 50000 steps by 50 slaves, spending 17.02 s.
[20260602 14:29:34 @multi_evo_agent_runner.py:94] Policy update, spending: 30.13 s.
[20260602 14:29:37 @multi_evo_agent_runner.py:99] Evaluation time: 2.25 s.
[20260602 14:29:37 @multi_evo_agent_runner.py:105] Total time:     555.40 min
[20260602 14:29:37 @multi_evo_agent_runner.py:115] Agent_0 gets eval reward: -262.84.
[20260602 14:29:37 @multi_evo_agent_runner.py:116] Agent_0 gets win rate: 0.28.
[20260602 14:29:37 @multi_evo_agent_runner.py:115] Agent_1 gets eval reward: 306.59.
[20260602 14:29:37 @multi_evo_agent_runner.py:116] Agent_1 gets win rate: 0.39.
[20260602 14:29:37 @multi_evo_agent_runner.py:79] #------------------------ Iteration 688 --------------------------#
[20260602 14:29:53 @multi_evo_agent_runner.py:85] Sampling 50000 steps by 50 slaves, spending 16.14 s.
[20260602 14:30:22 @multi_evo_agent_runner.py:94] Policy update, spending: 28.89 s.
[20260602 14:30:24 @multi_evo_agent_runner.py:99] Evaluation time: 2.27 s.
[20260602 14:30:24 @multi_evo_agent_runner.py:105] Total time:     556.19 min
[20260602 14:30:24 @multi_evo_agent_runner.py:115] Agent_0 gets eval reward: 247.73.
[20260602 14:30:24 @multi_evo_agent_runner.py:116] Agent_0 gets win rate: 0.37.
[20260602 14:30:24 @multi_evo_agent_runner.py:115] Agent_1 gets eval reward: -254.40.
[20260602 14:30:24 @multi_evo_agent_runner.py:116] Agent_1 gets win rate: 0.24.
[20260602 14:30:25 @multi_evo_agent_runner.py:79] #------------------------ Iteration 689 --------------------------#
[20260602 14:30:42 @multi_evo_agent_runner.py:85] Sampling 50000 steps by 50 slaves, spending 17.36 s.
[20260602 14:31:13 @multi_evo_agent_runner.py:94] Policy update, spending: 30.68 s.
[20260602 14:31:15 @multi_evo_agent_runner.py:99] Evaluation time: 1.96 s.
[20260602 14:31:15 @multi_evo_agent_runner.py:105] Total time:     557.03 min
[20260602 14:31:15 @multi_evo_agent_runner.py:115] Agent_0 gets eval reward: 108.19.
[20260602 14:31:15 @multi_evo_agent_runner.py:116] Agent_0 gets win rate: 0.28.
[20260602 14:31:15 @multi_evo_agent_runner.py:115] Agent_1 gets eval reward: -48.59.
[20260602 14:31:15 @multi_evo_agent_runner.py:116] Agent_1 gets win rate: 0.14.
[20260602 14:31:15 @multi_evo_agent_runner.py:79] #------------------------ Iteration 690 --------------------------#
[20260602 14:31:32 @multi_evo_agent_runner.py:85] Sampling 50000 steps by 50 slaves, spending 16.91 s.
[20260602 14:32:03 @multi_evo_agent_runner.py:94] Policy update, spending: 30.84 s.
[20260602 14:32:05 @multi_evo_agent_runner.py:99] Evaluation time: 2.12 s.
[20260602 14:32:05 @multi_evo_agent_runner.py:105] Total time:     557.87 min
[20260602 14:32:05 @multi_evo_agent_runner.py:115] Agent_0 gets eval reward: 355.51.
[20260602 14:32:05 @multi_evo_agent_runner.py:116] Agent_0 gets win rate: 0.34.
[20260602 14:32:05 @multi_evo_agent_runner.py:115] Agent_1 gets eval reward: -375.36.
[20260602 14:32:05 @multi_evo_agent_runner.py:116] Agent_1 gets win rate: 0.14.
[20260602 14:32:05 @multi_evo_agent_runner.py:79] #------------------------ Iteration 691 --------------------------#
[20260602 14:32:22 @multi_evo_agent_runner.py:85] Sampling 50000 steps by 50 slaves, spending 16.71 s.
[20260602 14:32:51 @multi_evo_agent_runner.py:94] Policy update, spending: 29.58 s.
[20260602 14:32:53 @multi_evo_agent_runner.py:99] Evaluation time: 2.21 s.
[20260602 14:32:53 @multi_evo_agent_runner.py:105] Total time:     558.68 min
[20260602 14:32:54 @multi_evo_agent_runner.py:115] Agent_0 gets eval reward: -34.95.
[20260602 14:32:54 @multi_evo_agent_runner.py:116] Agent_0 gets win rate: 0.26.
[20260602 14:32:54 @multi_evo_agent_runner.py:115] Agent_1 gets eval reward: 99.57.
[20260602 14:32:54 @multi_evo_agent_runner.py:116] Agent_1 gets win rate: 0.31.
[20260602 14:32:54 @multi_evo_agent_runner.py:79] #------------------------ Iteration 692 --------------------------#
[20260602 14:33:11 @multi_evo_agent_runner.py:85] Sampling 50000 steps by 50 slaves, spending 17.22 s.
[20260602 14:33:42 @multi_evo_agent_runner.py:94] Policy update, spending: 30.78 s.
[20260602 14:33:44 @multi_evo_agent_runner.py:99] Evaluation time: 2.17 s.
[20260602 14:33:44 @multi_evo_agent_runner.py:105] Total time:     559.52 min
[20260602 14:33:44 @multi_evo_agent_runner.py:115] Agent_0 gets eval reward: 156.75.
[20260602 14:33:44 @multi_evo_agent_runner.py:116] Agent_0 gets win rate: 0.23.
[20260602 14:33:44 @multi_evo_agent_runner.py:115] Agent_1 gets eval reward: -43.81.
[20260602 14:33:44 @multi_evo_agent_runner.py:116] Agent_1 gets win rate: 0.26.
[20260602 14:33:44 @multi_evo_agent_runner.py:79] #------------------------ Iteration 693 --------------------------#
[20260602 14:34:01 @multi_evo_agent_runner.py:85] Sampling 50000 steps by 50 slaves, spending 16.41 s.
[20260602 14:34:31 @multi_evo_agent_runner.py:94] Policy update, spending: 30.02 s.
[20260602 14:34:33 @multi_evo_agent_runner.py:99] Evaluation time: 2.18 s.
[20260602 14:34:33 @multi_evo_agent_runner.py:105] Total time:     560.34 min
[20260602 14:34:33 @multi_evo_agent_runner.py:115] Agent_0 gets eval reward: -693.23.
[20260602 14:34:33 @multi_evo_agent_runner.py:116] Agent_0 gets win rate: 0.19.
[20260602 14:34:33 @multi_evo_agent_runner.py:115] Agent_1 gets eval reward: 528.41.
[20260602 14:34:33 @multi_evo_agent_runner.py:116] Agent_1 gets win rate: 0.47.
[20260602 14:34:33 @multi_evo_agent_runner.py:79] #------------------------ Iteration 694 --------------------------#
[20260602 14:34:50 @multi_evo_agent_runner.py:85] Sampling 50000 steps by 50 slaves, spending 16.48 s.
[20260602 14:35:19 @multi_evo_agent_runner.py:94] Policy update, spending: 29.43 s.
[20260602 14:35:21 @multi_evo_agent_runner.py:99] Evaluation time: 2.35 s.
[20260602 14:35:21 @multi_evo_agent_runner.py:105] Total time:     561.15 min
[20260602 14:35:22 @multi_evo_agent_runner.py:115] Agent_0 gets eval reward: 89.70.
[20260602 14:35:22 @multi_evo_agent_runner.py:116] Agent_0 gets win rate: 0.36.
[20260602 14:35:22 @multi_evo_agent_runner.py:115] Agent_1 gets eval reward: 218.72.
[20260602 14:35:22 @multi_evo_agent_runner.py:116] Agent_1 gets win rate: 0.39.
[20260602 14:35:22 @multi_evo_agent_runner.py:79] #------------------------ Iteration 695 --------------------------#
[20260602 14:35:38 @multi_evo_agent_runner.py:85] Sampling 50000 steps by 50 slaves, spending 16.19 s.
[20260602 14:36:07 @multi_evo_agent_runner.py:94] Policy update, spending: 29.04 s.
[20260602 14:36:09 @multi_evo_agent_runner.py:99] Evaluation time: 1.86 s.
[20260602 14:36:09 @multi_evo_agent_runner.py:105] Total time:     561.94 min
[20260602 14:36:09 @multi_evo_agent_runner.py:115] Agent_0 gets eval reward: 34.04.
[20260602 14:36:09 @multi_evo_agent_runner.py:116] Agent_0 gets win rate: 0.20.
[20260602 14:36:09 @multi_evo_agent_runner.py:115] Agent_1 gets eval reward: -6.33.
[20260602 14:36:09 @multi_evo_agent_runner.py:116] Agent_1 gets win rate: 0.16.
[20260602 14:36:09 @multi_evo_agent_runner.py:79] #------------------------ Iteration 696 --------------------------#
[20260602 14:36:26 @multi_evo_agent_runner.py:85] Sampling 50000 steps by 50 slaves, spending 16.60 s.
[20260602 14:36:55 @multi_evo_agent_runner.py:94] Policy update, spending: 29.52 s.
[20260602 14:36:57 @multi_evo_agent_runner.py:99] Evaluation time: 2.35 s.
[20260602 14:36:57 @multi_evo_agent_runner.py:105] Total time:     562.75 min
[20260602 14:36:58 @multi_evo_agent_runner.py:115] Agent_0 gets eval reward: -425.66.
[20260602 14:36:58 @multi_evo_agent_runner.py:116] Agent_0 gets win rate: 0.27.
[20260602 14:36:58 @multi_evo_agent_runner.py:115] Agent_1 gets eval reward: 554.51.
[20260602 14:36:58 @multi_evo_agent_runner.py:116] Agent_1 gets win rate: 0.55.
[20260602 14:36:58 @multi_evo_agent_runner.py:79] #------------------------ Iteration 697 --------------------------#
[20260602 14:37:15 @multi_evo_agent_runner.py:85] Sampling 50000 steps by 50 slaves, spending 17.69 s.
[20260602 14:37:46 @multi_evo_agent_runner.py:94] Policy update, spending: 30.85 s.
[20260602 14:37:49 @multi_evo_agent_runner.py:99] Evaluation time: 2.40 s.
[20260602 14:37:49 @multi_evo_agent_runner.py:105] Total time:     563.60 min
[20260602 14:37:49 @multi_evo_agent_runner.py:115] Agent_0 gets eval reward: 167.52.
[20260602 14:37:49 @multi_evo_agent_runner.py:116] Agent_0 gets win rate: 0.29.
[20260602 14:37:49 @multi_evo_agent_runner.py:115] Agent_1 gets eval reward: -384.78.
[20260602 14:37:49 @multi_evo_agent_runner.py:116] Agent_1 gets win rate: 0.04.
[20260602 14:37:49 @multi_evo_agent_runner.py:79] #------------------------ Iteration 698 --------------------------#
[20260602 14:38:06 @multi_evo_agent_runner.py:85] Sampling 50000 steps by 50 slaves, spending 17.51 s.
[20260602 14:38:38 @multi_evo_agent_runner.py:94] Policy update, spending: 31.39 s.
[20260602 14:38:40 @multi_evo_agent_runner.py:99] Evaluation time: 2.38 s.
[20260602 14:38:40 @multi_evo_agent_runner.py:105] Total time:     564.46 min
[20260602 14:38:40 @multi_evo_agent_runner.py:115] Agent_0 gets eval reward: 200.35.
[20260602 14:38:40 @multi_evo_agent_runner.py:116] Agent_0 gets win rate: 0.27.
[20260602 14:38:40 @multi_evo_agent_runner.py:115] Agent_1 gets eval reward: -150.94.
[20260602 14:38:40 @multi_evo_agent_runner.py:116] Agent_1 gets win rate: 0.17.
[20260602 14:38:41 @multi_evo_agent_runner.py:79] #------------------------ Iteration 699 --------------------------#
[20260602 14:38:58 @multi_evo_agent_runner.py:85] Sampling 50000 steps by 50 slaves, spending 17.17 s.
[20260602 14:39:28 @multi_evo_agent_runner.py:94] Policy update, spending: 30.77 s.
[20260602 14:39:31 @multi_evo_agent_runner.py:99] Evaluation time: 2.61 s.
[20260602 14:39:31 @multi_evo_agent_runner.py:105] Total time:     565.31 min
[20260602 14:39:31 @multi_evo_agent_runner.py:115] Agent_0 gets eval reward: -164.11.
[20260602 14:39:31 @multi_evo_agent_runner.py:116] Agent_0 gets win rate: 0.22.
[20260602 14:39:31 @multi_evo_agent_runner.py:115] Agent_1 gets eval reward: -7.25.
[20260602 14:39:31 @multi_evo_agent_runner.py:116] Agent_1 gets win rate: 0.15.
[20260602 14:39:31 @multi_evo_agent_runner.py:79] #------------------------ Iteration 700 --------------------------#
[20260602 14:39:48 @multi_evo_agent_runner.py:85] Sampling 50000 steps by 50 slaves, spending 16.66 s.
[20260602 14:40:18 @multi_evo_agent_runner.py:94] Policy update, spending: 30.17 s.
[20260602 14:40:20 @multi_evo_agent_runner.py:99] Evaluation time: 2.09 s.
[20260602 14:40:20 @multi_evo_agent_runner.py:105] Total time:     566.13 min
[20260602 14:40:20 @multi_evo_agent_runner.py:115] Agent_0 gets eval reward: -450.21.
[20260602 14:40:20 @multi_evo_agent_runner.py:116] Agent_0 gets win rate: 0.12.
[20260602 14:40:20 @multi_evo_agent_runner.py:115] Agent_1 gets eval reward: 427.74.
[20260602 14:40:20 @multi_evo_agent_runner.py:116] Agent_1 gets win rate: 0.35.
[20260602 14:40:21 @multi_evo_agent_runner.py:79] #------------------------ Iteration 701 --------------------------#
[20260602 14:40:37 @multi_evo_agent_runner.py:85] Sampling 50000 steps by 50 slaves, spending 16.49 s.
[20260602 14:41:08 @multi_evo_agent_runner.py:94] Policy update, spending: 30.51 s.
[20260602 14:41:10 @multi_evo_agent_runner.py:99] Evaluation time: 2.11 s.
[20260602 14:41:10 @multi_evo_agent_runner.py:105] Total time:     566.95 min
[20260602 14:41:10 @multi_evo_agent_runner.py:115] Agent_0 gets eval reward: 438.93.
[20260602 14:41:10 @multi_evo_agent_runner.py:116] Agent_0 gets win rate: 0.45.
[20260602 14:41:10 @multi_evo_agent_runner.py:115] Agent_1 gets eval reward: -369.17.
[20260602 14:41:10 @multi_evo_agent_runner.py:116] Agent_1 gets win rate: 0.18.
[20260602 14:41:10 @multi_evo_agent_runner.py:79] #------------------------ Iteration 702 --------------------------#
[20260602 14:41:27 @multi_evo_agent_runner.py:85] Sampling 50000 steps by 50 slaves, spending 16.78 s.
[20260602 14:41:58 @multi_evo_agent_runner.py:94] Policy update, spending: 31.26 s.
[20260602 14:42:00 @multi_evo_agent_runner.py:99] Evaluation time: 1.91 s.
[20260602 14:42:00 @multi_evo_agent_runner.py:105] Total time:     567.79 min
[20260602 14:42:00 @multi_evo_agent_runner.py:115] Agent_0 gets eval reward: -139.43.
[20260602 14:42:00 @multi_evo_agent_runner.py:116] Agent_0 gets win rate: 0.16.
[20260602 14:42:00 @multi_evo_agent_runner.py:115] Agent_1 gets eval reward: 60.38.
[20260602 14:42:00 @multi_evo_agent_runner.py:116] Agent_1 gets win rate: 0.12.
[20260602 14:42:00 @multi_evo_agent_runner.py:79] #------------------------ Iteration 703 --------------------------#
[20260602 14:42:17 @multi_evo_agent_runner.py:85] Sampling 50000 steps by 50 slaves, spending 16.52 s.
[20260602 14:42:46 @multi_evo_agent_runner.py:94] Policy update, spending: 29.76 s.
[20260602 14:42:49 @multi_evo_agent_runner.py:99] Evaluation time: 2.16 s.
[20260602 14:42:49 @multi_evo_agent_runner.py:105] Total time:     568.60 min
[20260602 14:42:49 @multi_evo_agent_runner.py:115] Agent_0 gets eval reward: 305.48.
[20260602 14:42:49 @multi_evo_agent_runner.py:116] Agent_0 gets win rate: 0.32.
[20260602 14:42:49 @multi_evo_agent_runner.py:115] Agent_1 gets eval reward: -319.81.
[20260602 14:42:49 @multi_evo_agent_runner.py:116] Agent_1 gets win rate: 0.16.
[20260602 14:42:49 @multi_evo_agent_runner.py:79] #------------------------ Iteration 704 --------------------------#
[20260602 14:43:05 @multi_evo_agent_runner.py:85] Sampling 50000 steps by 50 slaves, spending 16.38 s.
[20260602 14:43:34 @multi_evo_agent_runner.py:94] Policy update, spending: 28.36 s.
[20260602 14:43:36 @multi_evo_agent_runner.py:99] Evaluation time: 2.38 s.
[20260602 14:43:36 @multi_evo_agent_runner.py:105] Total time:     569.39 min
[20260602 14:43:36 @multi_evo_agent_runner.py:115] Agent_0 gets eval reward: -250.57.
[20260602 14:43:36 @multi_evo_agent_runner.py:116] Agent_0 gets win rate: 0.32.
[20260602 14:43:36 @multi_evo_agent_runner.py:115] Agent_1 gets eval reward: 269.26.
[20260602 14:43:36 @multi_evo_agent_runner.py:116] Agent_1 gets win rate: 0.44.
[20260602 14:43:36 @multi_evo_agent_runner.py:79] #------------------------ Iteration 705 --------------------------#
[20260602 14:43:53 @multi_evo_agent_runner.py:85] Sampling 50000 steps by 50 slaves, spending 17.15 s.
[20260602 14:44:24 @multi_evo_agent_runner.py:94] Policy update, spending: 30.65 s.
[20260602 14:44:26 @multi_evo_agent_runner.py:99] Evaluation time: 2.31 s.
[20260602 14:44:26 @multi_evo_agent_runner.py:105] Total time:     570.23 min
[20260602 14:44:27 @multi_evo_agent_runner.py:115] Agent_0 gets eval reward: -201.61.
[20260602 14:44:27 @multi_evo_agent_runner.py:116] Agent_0 gets win rate: 0.12.
[20260602 14:44:27 @multi_evo_agent_runner.py:115] Agent_1 gets eval reward: 37.74.
[20260602 14:44:27 @multi_evo_agent_runner.py:116] Agent_1 gets win rate: 0.19.
[20260602 14:44:27 @multi_evo_agent_runner.py:79] #------------------------ Iteration 706 --------------------------#
[20260602 14:44:43 @multi_evo_agent_runner.py:85] Sampling 50000 steps by 50 slaves, spending 16.52 s.
[20260602 14:45:14 @multi_evo_agent_runner.py:94] Policy update, spending: 30.96 s.
[20260602 14:45:16 @multi_evo_agent_runner.py:99] Evaluation time: 2.10 s.
[20260602 14:45:16 @multi_evo_agent_runner.py:105] Total time:     571.06 min
[20260602 14:45:16 @multi_evo_agent_runner.py:115] Agent_0 gets eval reward: -529.24.
[20260602 14:45:16 @multi_evo_agent_runner.py:116] Agent_0 gets win rate: 0.07.
[20260602 14:45:16 @multi_evo_agent_runner.py:115] Agent_1 gets eval reward: 115.09.
[20260602 14:45:16 @multi_evo_agent_runner.py:116] Agent_1 gets win rate: 0.19.
[20260602 14:45:17 @multi_evo_agent_runner.py:79] #------------------------ Iteration 707 --------------------------#
[20260602 14:45:34 @multi_evo_agent_runner.py:85] Sampling 50000 steps by 50 slaves, spending 17.25 s.
[20260602 14:46:05 @multi_evo_agent_runner.py:94] Policy update, spending: 31.06 s.
[20260602 14:46:07 @multi_evo_agent_runner.py:99] Evaluation time: 2.06 s.
[20260602 14:46:07 @multi_evo_agent_runner.py:105] Total time:     571.90 min
[20260602 14:46:07 @multi_evo_agent_runner.py:115] Agent_0 gets eval reward: -390.68.
[20260602 14:46:07 @multi_evo_agent_runner.py:116] Agent_0 gets win rate: 0.07.
[20260602 14:46:07 @multi_evo_agent_runner.py:115] Agent_1 gets eval reward: 501.23.
[20260602 14:46:07 @multi_evo_agent_runner.py:116] Agent_1 gets win rate: 0.36.
[20260602 14:46:07 @multi_evo_agent_runner.py:79] #------------------------ Iteration 708 --------------------------#
[20260602 14:46:24 @multi_evo_agent_runner.py:85] Sampling 50000 steps by 50 slaves, spending 16.46 s.
[20260602 14:46:53 @multi_evo_agent_runner.py:94] Policy update, spending: 29.31 s.
[20260602 14:46:55 @multi_evo_agent_runner.py:99] Evaluation time: 2.38 s.
[20260602 14:46:55 @multi_evo_agent_runner.py:105] Total time:     572.71 min
[20260602 14:46:56 @multi_evo_agent_runner.py:115] Agent_0 gets eval reward: -53.27.
[20260602 14:46:56 @multi_evo_agent_runner.py:116] Agent_0 gets win rate: 0.29.
[20260602 14:46:56 @multi_evo_agent_runner.py:115] Agent_1 gets eval reward: 147.76.
[20260602 14:46:56 @multi_evo_agent_runner.py:116] Agent_1 gets win rate: 0.32.
[20260602 14:46:56 @multi_evo_agent_runner.py:79] #------------------------ Iteration 709 --------------------------#
[20260602 14:47:13 @multi_evo_agent_runner.py:85] Sampling 50000 steps by 50 slaves, spending 17.50 s.
[20260602 14:47:43 @multi_evo_agent_runner.py:94] Policy update, spending: 30.27 s.
[20260602 14:47:46 @multi_evo_agent_runner.py:99] Evaluation time: 2.14 s.
[20260602 14:47:46 @multi_evo_agent_runner.py:105] Total time:     573.55 min
[20260602 14:47:46 @multi_evo_agent_runner.py:115] Agent_0 gets eval reward: 318.89.
[20260602 14:47:46 @multi_evo_agent_runner.py:116] Agent_0 gets win rate: 0.40.
[20260602 14:47:46 @multi_evo_agent_runner.py:115] Agent_1 gets eval reward: -353.01.
[20260602 14:47:46 @multi_evo_agent_runner.py:116] Agent_1 gets win rate: 0.13.
[20260602 14:47:46 @multi_evo_agent_runner.py:79] #------------------------ Iteration 710 --------------------------#
[20260602 14:48:04 @multi_evo_agent_runner.py:85] Sampling 50000 steps by 50 slaves, spending 18.07 s.
[20260602 14:48:35 @multi_evo_agent_runner.py:94] Policy update, spending: 31.06 s.
[20260602 14:48:37 @multi_evo_agent_runner.py:99] Evaluation time: 2.22 s.
[20260602 14:48:37 @multi_evo_agent_runner.py:105] Total time:     574.41 min
[20260602 14:48:37 @multi_evo_agent_runner.py:115] Agent_0 gets eval reward: -31.36.
[20260602 14:48:37 @multi_evo_agent_runner.py:116] Agent_0 gets win rate: 0.24.
[20260602 14:48:37 @multi_evo_agent_runner.py:115] Agent_1 gets eval reward: -54.94.
[20260602 14:48:37 @multi_evo_agent_runner.py:116] Agent_1 gets win rate: 0.17.
[20260602 14:48:37 @multi_evo_agent_runner.py:79] #------------------------ Iteration 711 --------------------------#
[20260602 14:48:54 @multi_evo_agent_runner.py:85] Sampling 50000 steps by 50 slaves, spending 16.19 s.
[20260602 14:49:22 @multi_evo_agent_runner.py:94] Policy update, spending: 28.63 s.
[20260602 14:49:25 @multi_evo_agent_runner.py:99] Evaluation time: 2.27 s.
[20260602 14:49:25 @multi_evo_agent_runner.py:105] Total time:     575.20 min
[20260602 14:49:25 @multi_evo_agent_runner.py:115] Agent_0 gets eval reward: 88.56.
[20260602 14:49:25 @multi_evo_agent_runner.py:116] Agent_0 gets win rate: 0.28.
[20260602 14:49:25 @multi_evo_agent_runner.py:115] Agent_1 gets eval reward: -155.10.
[20260602 14:49:25 @multi_evo_agent_runner.py:116] Agent_1 gets win rate: 0.10.
[20260602 14:49:25 @multi_evo_agent_runner.py:79] #------------------------ Iteration 712 --------------------------#
[20260602 14:49:42 @multi_evo_agent_runner.py:85] Sampling 50000 steps by 50 slaves, spending 17.07 s.
[20260602 14:50:13 @multi_evo_agent_runner.py:94] Policy update, spending: 31.16 s.
[20260602 14:50:15 @multi_evo_agent_runner.py:99] Evaluation time: 2.06 s.
[20260602 14:50:15 @multi_evo_agent_runner.py:105] Total time:     576.04 min
[20260602 14:50:15 @multi_evo_agent_runner.py:115] Agent_0 gets eval reward: 34.44.
[20260602 14:50:15 @multi_evo_agent_runner.py:116] Agent_0 gets win rate: 0.20.
[20260602 14:50:15 @multi_evo_agent_runner.py:115] Agent_1 gets eval reward: -13.42.
[20260602 14:50:15 @multi_evo_agent_runner.py:116] Agent_1 gets win rate: 0.23.
[20260602 14:50:15 @multi_evo_agent_runner.py:79] #------------------------ Iteration 713 --------------------------#
[20260602 14:50:31 @multi_evo_agent_runner.py:85] Sampling 50000 steps by 50 slaves, spending 15.86 s.
[20260602 14:51:00 @multi_evo_agent_runner.py:94] Policy update, spending: 29.02 s.
[20260602 14:51:03 @multi_evo_agent_runner.py:99] Evaluation time: 2.37 s.
[20260602 14:51:03 @multi_evo_agent_runner.py:105] Total time:     576.83 min
[20260602 14:51:03 @multi_evo_agent_runner.py:115] Agent_0 gets eval reward: 451.43.
[20260602 14:51:03 @multi_evo_agent_runner.py:116] Agent_0 gets win rate: 0.37.
[20260602 14:51:03 @multi_evo_agent_runner.py:115] Agent_1 gets eval reward: -391.58.
[20260602 14:51:03 @multi_evo_agent_runner.py:116] Agent_1 gets win rate: 0.03.
[20260602 14:51:03 @multi_evo_agent_runner.py:79] #------------------------ Iteration 714 --------------------------#
[20260602 14:51:20 @multi_evo_agent_runner.py:85] Sampling 50000 steps by 50 slaves, spending 17.03 s.
[20260602 14:51:50 @multi_evo_agent_runner.py:94] Policy update, spending: 30.21 s.
[20260602 14:51:52 @multi_evo_agent_runner.py:99] Evaluation time: 2.24 s.
[20260602 14:51:52 @multi_evo_agent_runner.py:105] Total time:     577.66 min
[20260602 14:51:53 @multi_evo_agent_runner.py:115] Agent_0 gets eval reward: 682.59.
[20260602 14:51:53 @multi_evo_agent_runner.py:116] Agent_0 gets win rate: 0.56.
[20260602 14:51:53 @multi_evo_agent_runner.py:115] Agent_1 gets eval reward: -391.73.
[20260602 14:51:53 @multi_evo_agent_runner.py:116] Agent_1 gets win rate: 0.21.
[20260602 14:51:53 @multi_evo_agent_runner.py:503] CRITICAL save best checkpoint with agent_0's rewards 682.59!
[20260602 14:51:53 @multi_evo_agent_runner.py:79] #------------------------ Iteration 715 --------------------------#
[20260602 14:52:10 @multi_evo_agent_runner.py:85] Sampling 50000 steps by 50 slaves, spending 16.90 s.
[20260602 14:52:40 @multi_evo_agent_runner.py:94] Policy update, spending: 30.47 s.
[20260602 14:52:42 @multi_evo_agent_runner.py:99] Evaluation time: 2.16 s.
[20260602 14:52:42 @multi_evo_agent_runner.py:105] Total time:     578.49 min
[20260602 14:52:42 @multi_evo_agent_runner.py:115] Agent_0 gets eval reward: -160.10.
[20260602 14:52:42 @multi_evo_agent_runner.py:116] Agent_0 gets win rate: 0.35.
[20260602 14:52:42 @multi_evo_agent_runner.py:115] Agent_1 gets eval reward: 296.87.
[20260602 14:52:42 @multi_evo_agent_runner.py:116] Agent_1 gets win rate: 0.38.
[20260602 14:52:43 @multi_evo_agent_runner.py:79] #------------------------ Iteration 716 --------------------------#
[20260602 14:52:59 @multi_evo_agent_runner.py:85] Sampling 50000 steps by 50 slaves, spending 16.88 s.
[20260602 14:53:29 @multi_evo_agent_runner.py:94] Policy update, spending: 29.25 s.
[20260602 14:53:31 @multi_evo_agent_runner.py:99] Evaluation time: 2.52 s.
[20260602 14:53:31 @multi_evo_agent_runner.py:105] Total time:     579.31 min
[20260602 14:53:31 @multi_evo_agent_runner.py:115] Agent_0 gets eval reward: -161.30.
[20260602 14:53:31 @multi_evo_agent_runner.py:116] Agent_0 gets win rate: 0.22.
[20260602 14:53:31 @multi_evo_agent_runner.py:115] Agent_1 gets eval reward: -31.68.
[20260602 14:53:31 @multi_evo_agent_runner.py:116] Agent_1 gets win rate: 0.19.
[20260602 14:53:31 @multi_evo_agent_runner.py:79] #------------------------ Iteration 717 --------------------------#
[20260602 14:53:48 @multi_evo_agent_runner.py:85] Sampling 50000 steps by 50 slaves, spending 16.83 s.
[20260602 14:54:18 @multi_evo_agent_runner.py:94] Policy update, spending: 30.18 s.
[20260602 14:54:21 @multi_evo_agent_runner.py:99] Evaluation time: 2.33 s.
[20260602 14:54:21 @multi_evo_agent_runner.py:105] Total time:     580.14 min
[20260602 14:54:21 @multi_evo_agent_runner.py:115] Agent_0 gets eval reward: 409.76.
[20260602 14:54:21 @multi_evo_agent_runner.py:116] Agent_0 gets win rate: 0.42.
[20260602 14:54:21 @multi_evo_agent_runner.py:115] Agent_1 gets eval reward: -385.99.
[20260602 14:54:21 @multi_evo_agent_runner.py:116] Agent_1 gets win rate: 0.09.
[20260602 14:54:21 @multi_evo_agent_runner.py:79] #------------------------ Iteration 718 --------------------------#
[20260602 14:54:37 @multi_evo_agent_runner.py:85] Sampling 50000 steps by 50 slaves, spending 16.09 s.
[20260602 14:55:06 @multi_evo_agent_runner.py:94] Policy update, spending: 29.27 s.
[20260602 14:55:08 @multi_evo_agent_runner.py:99] Evaluation time: 1.85 s.
[20260602 14:55:08 @multi_evo_agent_runner.py:105] Total time:     580.93 min
[20260602 14:55:08 @multi_evo_agent_runner.py:115] Agent_0 gets eval reward: -345.03.
[20260602 14:55:08 @multi_evo_agent_runner.py:116] Agent_0 gets win rate: 0.00.
[20260602 14:55:08 @multi_evo_agent_runner.py:115] Agent_1 gets eval reward: -227.72.
[20260602 14:55:08 @multi_evo_agent_runner.py:116] Agent_1 gets win rate: 0.00.
[20260602 14:55:09 @multi_evo_agent_runner.py:79] #------------------------ Iteration 719 --------------------------#
[20260602 14:55:26 @multi_evo_agent_runner.py:85] Sampling 50000 steps by 50 slaves, spending 17.31 s.
[20260602 14:55:57 @multi_evo_agent_runner.py:94] Policy update, spending: 30.95 s.
[20260602 14:56:00 @multi_evo_agent_runner.py:99] Evaluation time: 2.66 s.
[20260602 14:56:00 @multi_evo_agent_runner.py:105] Total time:     581.78 min
[20260602 14:56:00 @multi_evo_agent_runner.py:115] Agent_0 gets eval reward: 169.79.
[20260602 14:56:00 @multi_evo_agent_runner.py:116] Agent_0 gets win rate: 0.30.
[20260602 14:56:00 @multi_evo_agent_runner.py:115] Agent_1 gets eval reward: -207.33.
[20260602 14:56:00 @multi_evo_agent_runner.py:116] Agent_1 gets win rate: 0.20.
[20260602 14:56:00 @multi_evo_agent_runner.py:79] #------------------------ Iteration 720 --------------------------#
[20260602 14:56:17 @multi_evo_agent_runner.py:85] Sampling 50000 steps by 50 slaves, spending 17.52 s.
[20260602 14:56:49 @multi_evo_agent_runner.py:94] Policy update, spending: 31.28 s.
[20260602 14:56:51 @multi_evo_agent_runner.py:99] Evaluation time: 1.96 s.
[20260602 14:56:51 @multi_evo_agent_runner.py:105] Total time:     582.63 min
[20260602 14:56:51 @multi_evo_agent_runner.py:115] Agent_0 gets eval reward: -90.98.
[20260602 14:56:51 @multi_evo_agent_runner.py:116] Agent_0 gets win rate: 0.16.
[20260602 14:56:51 @multi_evo_agent_runner.py:115] Agent_1 gets eval reward: -36.96.
[20260602 14:56:51 @multi_evo_agent_runner.py:116] Agent_1 gets win rate: 0.20.
[20260602 14:56:51 @multi_evo_agent_runner.py:79] #------------------------ Iteration 721 --------------------------#
[20260602 14:57:08 @multi_evo_agent_runner.py:85] Sampling 50000 steps by 50 slaves, spending 16.97 s.
[20260602 14:57:38 @multi_evo_agent_runner.py:94] Policy update, spending: 30.21 s.
[20260602 14:57:40 @multi_evo_agent_runner.py:99] Evaluation time: 2.26 s.
[20260602 14:57:40 @multi_evo_agent_runner.py:105] Total time:     583.46 min
[20260602 14:57:40 @multi_evo_agent_runner.py:115] Agent_0 gets eval reward: -198.10.
[20260602 14:57:40 @multi_evo_agent_runner.py:116] Agent_0 gets win rate: 0.27.
[20260602 14:57:40 @multi_evo_agent_runner.py:115] Agent_1 gets eval reward: 155.68.
[20260602 14:57:40 @multi_evo_agent_runner.py:116] Agent_1 gets win rate: 0.36.
[20260602 14:57:41 @multi_evo_agent_runner.py:79] #------------------------ Iteration 722 --------------------------#
[20260602 14:57:58 @multi_evo_agent_runner.py:85] Sampling 50000 steps by 50 slaves, spending 17.29 s.
[20260602 14:58:28 @multi_evo_agent_runner.py:94] Policy update, spending: 30.57 s.
[20260602 14:58:30 @multi_evo_agent_runner.py:99] Evaluation time: 2.05 s.
[20260602 14:58:30 @multi_evo_agent_runner.py:105] Total time:     584.30 min
[20260602 14:58:31 @multi_evo_agent_runner.py:115] Agent_0 gets eval reward: -103.44.
[20260602 14:58:31 @multi_evo_agent_runner.py:116] Agent_0 gets win rate: 0.19.
[20260602 14:58:31 @multi_evo_agent_runner.py:115] Agent_1 gets eval reward: -130.19.
[20260602 14:58:31 @multi_evo_agent_runner.py:116] Agent_1 gets win rate: 0.15.
[20260602 14:58:31 @multi_evo_agent_runner.py:79] #------------------------ Iteration 723 --------------------------#
[20260602 14:58:48 @multi_evo_agent_runner.py:85] Sampling 50000 steps by 50 slaves, spending 17.45 s.
[20260602 14:59:19 @multi_evo_agent_runner.py:94] Policy update, spending: 30.78 s.
[20260602 14:59:21 @multi_evo_agent_runner.py:99] Evaluation time: 1.98 s.
[20260602 14:59:21 @multi_evo_agent_runner.py:105] Total time:     585.14 min
[20260602 14:59:21 @multi_evo_agent_runner.py:115] Agent_0 gets eval reward: -593.31.
[20260602 14:59:21 @multi_evo_agent_runner.py:116] Agent_0 gets win rate: 0.05.
[20260602 14:59:21 @multi_evo_agent_runner.py:115] Agent_1 gets eval reward: -30.43.
[20260602 14:59:21 @multi_evo_agent_runner.py:116] Agent_1 gets win rate: 0.05.
[20260602 14:59:21 @multi_evo_agent_runner.py:79] #------------------------ Iteration 724 --------------------------#
[20260602 14:59:38 @multi_evo_agent_runner.py:85] Sampling 50000 steps by 50 slaves, spending 16.92 s.
[20260602 15:00:09 @multi_evo_agent_runner.py:94] Policy update, spending: 30.75 s.
[20260602 15:00:11 @multi_evo_agent_runner.py:99] Evaluation time: 2.25 s.
[20260602 15:00:11 @multi_evo_agent_runner.py:105] Total time:     585.98 min
[20260602 15:00:11 @multi_evo_agent_runner.py:115] Agent_0 gets eval reward: 219.61.
[20260602 15:00:11 @multi_evo_agent_runner.py:116] Agent_0 gets win rate: 0.30.
[20260602 15:00:11 @multi_evo_agent_runner.py:115] Agent_1 gets eval reward: -213.88.
[20260602 15:00:11 @multi_evo_agent_runner.py:116] Agent_1 gets win rate: 0.17.
[20260602 15:00:11 @multi_evo_agent_runner.py:79] #------------------------ Iteration 725 --------------------------#
[20260602 15:00:29 @multi_evo_agent_runner.py:85] Sampling 50000 steps by 50 slaves, spending 17.02 s.
[20260602 15:00:59 @multi_evo_agent_runner.py:94] Policy update, spending: 30.78 s.
[20260602 15:01:02 @multi_evo_agent_runner.py:99] Evaluation time: 2.39 s.
[20260602 15:01:02 @multi_evo_agent_runner.py:105] Total time:     586.82 min
[20260602 15:01:02 @multi_evo_agent_runner.py:115] Agent_0 gets eval reward: -234.17.
[20260602 15:01:02 @multi_evo_agent_runner.py:116] Agent_0 gets win rate: 0.17.
[20260602 15:01:02 @multi_evo_agent_runner.py:115] Agent_1 gets eval reward: 93.08.
[20260602 15:01:02 @multi_evo_agent_runner.py:116] Agent_1 gets win rate: 0.28.
[20260602 15:01:02 @multi_evo_agent_runner.py:79] #------------------------ Iteration 726 --------------------------#
[20260602 15:01:20 @multi_evo_agent_runner.py:85] Sampling 50000 steps by 50 slaves, spending 17.69 s.
[20260602 15:01:52 @multi_evo_agent_runner.py:94] Policy update, spending: 32.09 s.
[20260602 15:01:54 @multi_evo_agent_runner.py:99] Evaluation time: 2.12 s.
[20260602 15:01:54 @multi_evo_agent_runner.py:105] Total time:     587.69 min
[20260602 15:01:54 @multi_evo_agent_runner.py:115] Agent_0 gets eval reward: -124.57.
[20260602 15:01:54 @multi_evo_agent_runner.py:116] Agent_0 gets win rate: 0.20.
[20260602 15:01:54 @multi_evo_agent_runner.py:115] Agent_1 gets eval reward: 65.55.
[20260602 15:01:54 @multi_evo_agent_runner.py:116] Agent_1 gets win rate: 0.27.
[20260602 15:01:54 @multi_evo_agent_runner.py:79] #------------------------ Iteration 727 --------------------------#
[20260602 15:02:10 @multi_evo_agent_runner.py:85] Sampling 50000 steps by 50 slaves, spending 16.30 s.
[20260602 15:02:41 @multi_evo_agent_runner.py:94] Policy update, spending: 30.22 s.
[20260602 15:02:43 @multi_evo_agent_runner.py:99] Evaluation time: 2.08 s.
[20260602 15:02:43 @multi_evo_agent_runner.py:105] Total time:     588.50 min
[20260602 15:02:43 @multi_evo_agent_runner.py:115] Agent_0 gets eval reward: -124.30.
[20260602 15:02:43 @multi_evo_agent_runner.py:116] Agent_0 gets win rate: 0.27.
[20260602 15:02:43 @multi_evo_agent_runner.py:115] Agent_1 gets eval reward: 9.50.
[20260602 15:02:43 @multi_evo_agent_runner.py:116] Agent_1 gets win rate: 0.30.
[20260602 15:02:43 @multi_evo_agent_runner.py:79] #------------------------ Iteration 728 --------------------------#
[20260602 15:03:00 @multi_evo_agent_runner.py:85] Sampling 50000 steps by 50 slaves, spending 17.09 s.
[20260602 15:03:31 @multi_evo_agent_runner.py:94] Policy update, spending: 30.87 s.
[20260602 15:03:33 @multi_evo_agent_runner.py:99] Evaluation time: 1.98 s.
[20260602 15:03:33 @multi_evo_agent_runner.py:105] Total time:     589.34 min
[20260602 15:03:33 @multi_evo_agent_runner.py:115] Agent_0 gets eval reward: 330.58.
[20260602 15:03:33 @multi_evo_agent_runner.py:116] Agent_0 gets win rate: 0.43.
[20260602 15:03:33 @multi_evo_agent_runner.py:115] Agent_1 gets eval reward: -230.52.
[20260602 15:03:33 @multi_evo_agent_runner.py:116] Agent_1 gets win rate: 0.26.
[20260602 15:03:33 @multi_evo_agent_runner.py:79] #------------------------ Iteration 729 --------------------------#
[20260602 15:03:51 @multi_evo_agent_runner.py:85] Sampling 50000 steps by 50 slaves, spending 17.66 s.
[20260602 15:04:21 @multi_evo_agent_runner.py:94] Policy update, spending: 30.11 s.
[20260602 15:04:23 @multi_evo_agent_runner.py:99] Evaluation time: 2.00 s.
[20260602 15:04:23 @multi_evo_agent_runner.py:105] Total time:     590.17 min
[20260602 15:04:23 @multi_evo_agent_runner.py:115] Agent_0 gets eval reward: 18.87.
[20260602 15:04:23 @multi_evo_agent_runner.py:116] Agent_0 gets win rate: 0.24.
[20260602 15:04:23 @multi_evo_agent_runner.py:115] Agent_1 gets eval reward: -254.87.
[20260602 15:04:23 @multi_evo_agent_runner.py:116] Agent_1 gets win rate: 0.08.
[20260602 15:04:23 @multi_evo_agent_runner.py:79] #------------------------ Iteration 730 --------------------------#
[20260602 15:04:40 @multi_evo_agent_runner.py:85] Sampling 50000 steps by 50 slaves, spending 16.53 s.
[20260602 15:05:09 @multi_evo_agent_runner.py:94] Policy update, spending: 29.13 s.
[20260602 15:05:11 @multi_evo_agent_runner.py:99] Evaluation time: 2.29 s.
[20260602 15:05:11 @multi_evo_agent_runner.py:105] Total time:     590.98 min
[20260602 15:05:11 @multi_evo_agent_runner.py:115] Agent_0 gets eval reward: -230.48.
[20260602 15:05:11 @multi_evo_agent_runner.py:116] Agent_0 gets win rate: 0.27.
[20260602 15:05:11 @multi_evo_agent_runner.py:115] Agent_1 gets eval reward: 327.72.
[20260602 15:05:11 @multi_evo_agent_runner.py:116] Agent_1 gets win rate: 0.40.
[20260602 15:05:12 @multi_evo_agent_runner.py:79] #------------------------ Iteration 731 --------------------------#
[20260602 15:05:29 @multi_evo_agent_runner.py:85] Sampling 50000 steps by 50 slaves, spending 17.01 s.
[20260602 15:05:59 @multi_evo_agent_runner.py:94] Policy update, spending: 30.03 s.
[20260602 15:06:01 @multi_evo_agent_runner.py:99] Evaluation time: 2.19 s.
[20260602 15:06:01 @multi_evo_agent_runner.py:105] Total time:     591.80 min
[20260602 15:06:01 @multi_evo_agent_runner.py:115] Agent_0 gets eval reward: 394.84.
[20260602 15:06:01 @multi_evo_agent_runner.py:116] Agent_0 gets win rate: 0.40.
[20260602 15:06:01 @multi_evo_agent_runner.py:115] Agent_1 gets eval reward: -613.03.
[20260602 15:06:01 @multi_evo_agent_runner.py:116] Agent_1 gets win rate: 0.10.
[20260602 15:06:01 @multi_evo_agent_runner.py:79] #------------------------ Iteration 732 --------------------------#
[20260602 15:06:18 @multi_evo_agent_runner.py:85] Sampling 50000 steps by 50 slaves, spending 17.09 s.
[20260602 15:06:48 @multi_evo_agent_runner.py:94] Policy update, spending: 30.25 s.
[20260602 15:06:51 @multi_evo_agent_runner.py:99] Evaluation time: 2.13 s.
[20260602 15:06:51 @multi_evo_agent_runner.py:105] Total time:     592.63 min
[20260602 15:06:51 @multi_evo_agent_runner.py:115] Agent_0 gets eval reward: -373.66.
[20260602 15:06:51 @multi_evo_agent_runner.py:116] Agent_0 gets win rate: 0.08.
[20260602 15:06:51 @multi_evo_agent_runner.py:115] Agent_1 gets eval reward: 281.84.
[20260602 15:06:51 @multi_evo_agent_runner.py:116] Agent_1 gets win rate: 0.24.
[20260602 15:06:51 @multi_evo_agent_runner.py:79] #------------------------ Iteration 733 --------------------------#
[20260602 15:07:07 @multi_evo_agent_runner.py:85] Sampling 50000 steps by 50 slaves, spending 16.50 s.
[20260602 15:07:37 @multi_evo_agent_runner.py:94] Policy update, spending: 30.16 s.
[20260602 15:07:39 @multi_evo_agent_runner.py:99] Evaluation time: 2.00 s.
[20260602 15:07:39 @multi_evo_agent_runner.py:105] Total time:     593.45 min
[20260602 15:07:40 @multi_evo_agent_runner.py:115] Agent_0 gets eval reward: -182.01.
[20260602 15:07:40 @multi_evo_agent_runner.py:116] Agent_0 gets win rate: 0.20.
[20260602 15:07:40 @multi_evo_agent_runner.py:115] Agent_1 gets eval reward: -155.31.
[20260602 15:07:40 @multi_evo_agent_runner.py:116] Agent_1 gets win rate: 0.20.
[20260602 15:07:40 @multi_evo_agent_runner.py:79] #------------------------ Iteration 734 --------------------------#
[20260602 15:07:57 @multi_evo_agent_runner.py:85] Sampling 50000 steps by 50 slaves, spending 17.29 s.
[20260602 15:08:28 @multi_evo_agent_runner.py:94] Policy update, spending: 31.31 s.
[20260602 15:08:31 @multi_evo_agent_runner.py:99] Evaluation time: 2.31 s.
[20260602 15:08:31 @multi_evo_agent_runner.py:105] Total time:     594.30 min
[20260602 15:08:31 @multi_evo_agent_runner.py:115] Agent_0 gets eval reward: 151.53.
[20260602 15:08:31 @multi_evo_agent_runner.py:116] Agent_0 gets win rate: 0.42.
[20260602 15:08:31 @multi_evo_agent_runner.py:115] Agent_1 gets eval reward: -36.45.
[20260602 15:08:31 @multi_evo_agent_runner.py:116] Agent_1 gets win rate: 0.30.
[20260602 15:08:31 @multi_evo_agent_runner.py:79] #------------------------ Iteration 735 --------------------------#
[20260602 15:08:47 @multi_evo_agent_runner.py:85] Sampling 50000 steps by 50 slaves, spending 16.26 s.
[20260602 15:09:18 @multi_evo_agent_runner.py:94] Policy update, spending: 30.56 s.
[20260602 15:09:20 @multi_evo_agent_runner.py:99] Evaluation time: 2.17 s.
[20260602 15:09:20 @multi_evo_agent_runner.py:105] Total time:     595.12 min
[20260602 15:09:20 @multi_evo_agent_runner.py:115] Agent_0 gets eval reward: 34.09.
[20260602 15:09:20 @multi_evo_agent_runner.py:116] Agent_0 gets win rate: 0.25.
[20260602 15:09:20 @multi_evo_agent_runner.py:115] Agent_1 gets eval reward: -232.09.
[20260602 15:09:20 @multi_evo_agent_runner.py:116] Agent_1 gets win rate: 0.14.
[20260602 15:09:20 @multi_evo_agent_runner.py:79] #------------------------ Iteration 736 --------------------------#
[20260602 15:09:37 @multi_evo_agent_runner.py:85] Sampling 50000 steps by 50 slaves, spending 16.33 s.
[20260602 15:10:07 @multi_evo_agent_runner.py:94] Policy update, spending: 30.09 s.
[20260602 15:10:09 @multi_evo_agent_runner.py:99] Evaluation time: 2.14 s.
[20260602 15:10:09 @multi_evo_agent_runner.py:105] Total time:     595.94 min
[20260602 15:10:09 @multi_evo_agent_runner.py:115] Agent_0 gets eval reward: 395.32.
[20260602 15:10:09 @multi_evo_agent_runner.py:116] Agent_0 gets win rate: 0.42.
[20260602 15:10:09 @multi_evo_agent_runner.py:115] Agent_1 gets eval reward: -428.67.
[20260602 15:10:09 @multi_evo_agent_runner.py:116] Agent_1 gets win rate: 0.15.
[20260602 15:10:09 @multi_evo_agent_runner.py:79] #------------------------ Iteration 737 --------------------------#
[20260602 15:10:27 @multi_evo_agent_runner.py:85] Sampling 50000 steps by 50 slaves, spending 17.44 s.
[20260602 15:10:58 @multi_evo_agent_runner.py:94] Policy update, spending: 31.00 s.
[20260602 15:10:59 @multi_evo_agent_runner.py:99] Evaluation time: 1.88 s.
[20260602 15:10:59 @multi_evo_agent_runner.py:105] Total time:     596.78 min
[20260602 15:11:00 @multi_evo_agent_runner.py:115] Agent_0 gets eval reward: 342.55.
[20260602 15:11:00 @multi_evo_agent_runner.py:116] Agent_0 gets win rate: 0.43.
[20260602 15:11:00 @multi_evo_agent_runner.py:115] Agent_1 gets eval reward: -378.55.
[20260602 15:11:00 @multi_evo_agent_runner.py:116] Agent_1 gets win rate: 0.20.
[20260602 15:11:00 @multi_evo_agent_runner.py:79] #------------------------ Iteration 738 --------------------------#
[20260602 15:11:16 @multi_evo_agent_runner.py:85] Sampling 50000 steps by 50 slaves, spending 16.65 s.
[20260602 15:11:46 @multi_evo_agent_runner.py:94] Policy update, spending: 29.39 s.
[20260602 15:11:48 @multi_evo_agent_runner.py:99] Evaluation time: 2.45 s.
[20260602 15:11:48 @multi_evo_agent_runner.py:105] Total time:     597.59 min
[20260602 15:11:48 @multi_evo_agent_runner.py:115] Agent_0 gets eval reward: -267.66.
[20260602 15:11:48 @multi_evo_agent_runner.py:116] Agent_0 gets win rate: 0.16.
[20260602 15:11:48 @multi_evo_agent_runner.py:115] Agent_1 gets eval reward: 41.75.
[20260602 15:11:48 @multi_evo_agent_runner.py:116] Agent_1 gets win rate: 0.26.
[20260602 15:11:48 @multi_evo_agent_runner.py:79] #------------------------ Iteration 739 --------------------------#
[20260602 15:12:06 @multi_evo_agent_runner.py:85] Sampling 50000 steps by 50 slaves, spending 17.12 s.
[20260602 15:12:36 @multi_evo_agent_runner.py:94] Policy update, spending: 30.10 s.
[20260602 15:12:38 @multi_evo_agent_runner.py:99] Evaluation time: 2.22 s.
[20260602 15:12:38 @multi_evo_agent_runner.py:105] Total time:     598.42 min
[20260602 15:12:38 @multi_evo_agent_runner.py:115] Agent_0 gets eval reward: -249.40.
[20260602 15:12:38 @multi_evo_agent_runner.py:116] Agent_0 gets win rate: 0.24.
[20260602 15:12:38 @multi_evo_agent_runner.py:115] Agent_1 gets eval reward: 185.47.
[20260602 15:12:38 @multi_evo_agent_runner.py:116] Agent_1 gets win rate: 0.33.
[20260602 15:12:38 @multi_evo_agent_runner.py:79] #------------------------ Iteration 740 --------------------------#
[20260602 15:12:56 @multi_evo_agent_runner.py:85] Sampling 50000 steps by 50 slaves, spending 17.66 s.
[20260602 15:13:27 @multi_evo_agent_runner.py:94] Policy update, spending: 31.51 s.
[20260602 15:13:29 @multi_evo_agent_runner.py:99] Evaluation time: 1.90 s.
[20260602 15:13:29 @multi_evo_agent_runner.py:105] Total time:     599.28 min
[20260602 15:13:29 @multi_evo_agent_runner.py:115] Agent_0 gets eval reward: -520.79.
[20260602 15:13:29 @multi_evo_agent_runner.py:116] Agent_0 gets win rate: 0.12.
[20260602 15:13:29 @multi_evo_agent_runner.py:115] Agent_1 gets eval reward: 390.49.
[20260602 15:13:29 @multi_evo_agent_runner.py:116] Agent_1 gets win rate: 0.31.
[20260602 15:13:30 @multi_evo_agent_runner.py:79] #------------------------ Iteration 741 --------------------------#
[20260602 15:13:47 @multi_evo_agent_runner.py:85] Sampling 50000 steps by 50 slaves, spending 17.08 s.
[20260602 15:14:17 @multi_evo_agent_runner.py:94] Policy update, spending: 30.23 s.
[20260602 15:14:19 @multi_evo_agent_runner.py:99] Evaluation time: 2.02 s.
[20260602 15:14:19 @multi_evo_agent_runner.py:105] Total time:     600.10 min
[20260602 15:14:19 @multi_evo_agent_runner.py:115] Agent_0 gets eval reward: -171.04.
[20260602 15:14:19 @multi_evo_agent_runner.py:116] Agent_0 gets win rate: 0.23.
[20260602 15:14:19 @multi_evo_agent_runner.py:115] Agent_1 gets eval reward: -52.05.
[20260602 15:14:19 @multi_evo_agent_runner.py:116] Agent_1 gets win rate: 0.23.
[20260602 15:14:19 @multi_evo_agent_runner.py:79] #------------------------ Iteration 742 --------------------------#
[20260602 15:14:37 @multi_evo_agent_runner.py:85] Sampling 50000 steps by 50 slaves, spending 17.77 s.
[20260602 15:15:08 @multi_evo_agent_runner.py:94] Policy update, spending: 31.00 s.
[20260602 15:15:10 @multi_evo_agent_runner.py:99] Evaluation time: 2.20 s.
[20260602 15:15:10 @multi_evo_agent_runner.py:105] Total time:     600.96 min
[20260602 15:15:10 @multi_evo_agent_runner.py:115] Agent_0 gets eval reward: -216.29.
[20260602 15:15:10 @multi_evo_agent_runner.py:116] Agent_0 gets win rate: 0.24.
[20260602 15:15:10 @multi_evo_agent_runner.py:115] Agent_1 gets eval reward: -222.77.
[20260602 15:15:10 @multi_evo_agent_runner.py:116] Agent_1 gets win rate: 0.08.
[20260602 15:15:10 @multi_evo_agent_runner.py:79] #------------------------ Iteration 743 --------------------------#
[20260602 15:15:27 @multi_evo_agent_runner.py:85] Sampling 50000 steps by 50 slaves, spending 16.85 s.
[20260602 15:15:57 @multi_evo_agent_runner.py:94] Policy update, spending: 29.80 s.
[20260602 15:15:59 @multi_evo_agent_runner.py:99] Evaluation time: 2.02 s.
[20260602 15:15:59 @multi_evo_agent_runner.py:105] Total time:     601.77 min
[20260602 15:15:59 @multi_evo_agent_runner.py:115] Agent_0 gets eval reward: 182.87.
[20260602 15:15:59 @multi_evo_agent_runner.py:116] Agent_0 gets win rate: 0.39.
[20260602 15:15:59 @multi_evo_agent_runner.py:115] Agent_1 gets eval reward: -335.72.
[20260602 15:15:59 @multi_evo_agent_runner.py:116] Agent_1 gets win rate: 0.24.
[20260602 15:15:59 @multi_evo_agent_runner.py:79] #------------------------ Iteration 744 --------------------------#
[20260602 15:16:16 @multi_evo_agent_runner.py:85] Sampling 50000 steps by 50 slaves, spending 17.00 s.
[20260602 15:16:46 @multi_evo_agent_runner.py:94] Policy update, spending: 29.97 s.
[20260602 15:16:49 @multi_evo_agent_runner.py:99] Evaluation time: 2.35 s.
[20260602 15:16:49 @multi_evo_agent_runner.py:105] Total time:     602.60 min
[20260602 15:16:49 @multi_evo_agent_runner.py:115] Agent_0 gets eval reward: -58.34.
[20260602 15:16:49 @multi_evo_agent_runner.py:116] Agent_0 gets win rate: 0.27.
[20260602 15:16:49 @multi_evo_agent_runner.py:115] Agent_1 gets eval reward: -387.76.
[20260602 15:16:49 @multi_evo_agent_runner.py:116] Agent_1 gets win rate: 0.13.
[20260602 15:16:49 @multi_evo_agent_runner.py:79] #------------------------ Iteration 745 --------------------------#
[20260602 15:17:06 @multi_evo_agent_runner.py:85] Sampling 50000 steps by 50 slaves, spending 17.47 s.
[20260602 15:17:36 @multi_evo_agent_runner.py:94] Policy update, spending: 29.82 s.
[20260602 15:17:38 @multi_evo_agent_runner.py:99] Evaluation time: 2.21 s.
[20260602 15:17:38 @multi_evo_agent_runner.py:105] Total time:     603.43 min
[20260602 15:17:39 @multi_evo_agent_runner.py:115] Agent_0 gets eval reward: -207.33.
[20260602 15:17:39 @multi_evo_agent_runner.py:116] Agent_0 gets win rate: 0.23.
[20260602 15:17:39 @multi_evo_agent_runner.py:115] Agent_1 gets eval reward: 68.75.
[20260602 15:17:39 @multi_evo_agent_runner.py:116] Agent_1 gets win rate: 0.32.
[20260602 15:17:39 @multi_evo_agent_runner.py:79] #------------------------ Iteration 746 --------------------------#
[20260602 15:17:57 @multi_evo_agent_runner.py:85] Sampling 50000 steps by 50 slaves, spending 18.01 s.
[20260602 15:18:28 @multi_evo_agent_runner.py:94] Policy update, spending: 31.51 s.
[20260602 15:18:30 @multi_evo_agent_runner.py:99] Evaluation time: 2.24 s.
[20260602 15:18:30 @multi_evo_agent_runner.py:105] Total time:     604.30 min
[20260602 15:18:31 @multi_evo_agent_runner.py:115] Agent_0 gets eval reward: 380.27.
[20260602 15:18:31 @multi_evo_agent_runner.py:116] Agent_0 gets win rate: 0.40.
[20260602 15:18:31 @multi_evo_agent_runner.py:115] Agent_1 gets eval reward: -425.25.
[20260602 15:18:31 @multi_evo_agent_runner.py:116] Agent_1 gets win rate: 0.17.
[20260602 15:18:31 @multi_evo_agent_runner.py:79] #------------------------ Iteration 747 --------------------------#
[20260602 15:18:48 @multi_evo_agent_runner.py:85] Sampling 50000 steps by 50 slaves, spending 17.07 s.
[20260602 15:19:18 @multi_evo_agent_runner.py:94] Policy update, spending: 30.63 s.
[20260602 15:19:21 @multi_evo_agent_runner.py:99] Evaluation time: 2.16 s.
[20260602 15:19:21 @multi_evo_agent_runner.py:105] Total time:     605.13 min
[20260602 15:19:21 @multi_evo_agent_runner.py:115] Agent_0 gets eval reward: 724.54.
[20260602 15:19:21 @multi_evo_agent_runner.py:116] Agent_0 gets win rate: 0.59.
[20260602 15:19:21 @multi_evo_agent_runner.py:115] Agent_1 gets eval reward: -786.96.
[20260602 15:19:21 @multi_evo_agent_runner.py:116] Agent_1 gets win rate: 0.13.
[20260602 15:19:21 @multi_evo_agent_runner.py:503] CRITICAL save best checkpoint with agent_0's rewards 724.54!
[20260602 15:19:21 @multi_evo_agent_runner.py:79] #------------------------ Iteration 748 --------------------------#
[20260602 15:19:38 @multi_evo_agent_runner.py:85] Sampling 50000 steps by 50 slaves, spending 17.45 s.
[20260602 15:20:10 @multi_evo_agent_runner.py:94] Policy update, spending: 31.29 s.
[20260602 15:20:12 @multi_evo_agent_runner.py:99] Evaluation time: 2.11 s.
[20260602 15:20:12 @multi_evo_agent_runner.py:105] Total time:     605.99 min
[20260602 15:20:12 @multi_evo_agent_runner.py:115] Agent_0 gets eval reward: 162.24.
[20260602 15:20:12 @multi_evo_agent_runner.py:116] Agent_0 gets win rate: 0.37.
[20260602 15:20:12 @multi_evo_agent_runner.py:115] Agent_1 gets eval reward: -69.48.
[20260602 15:20:12 @multi_evo_agent_runner.py:116] Agent_1 gets win rate: 0.27.
[20260602 15:20:12 @multi_evo_agent_runner.py:79] #------------------------ Iteration 749 --------------------------#
[20260602 15:20:30 @multi_evo_agent_runner.py:85] Sampling 50000 steps by 50 slaves, spending 17.46 s.
[20260602 15:21:00 @multi_evo_agent_runner.py:94] Policy update, spending: 30.81 s.
[20260602 15:21:03 @multi_evo_agent_runner.py:99] Evaluation time: 2.33 s.
[20260602 15:21:03 @multi_evo_agent_runner.py:105] Total time:     606.83 min
[20260602 15:21:03 @multi_evo_agent_runner.py:115] Agent_0 gets eval reward: 224.44.
[20260602 15:21:03 @multi_evo_agent_runner.py:116] Agent_0 gets win rate: 0.42.
[20260602 15:21:03 @multi_evo_agent_runner.py:115] Agent_1 gets eval reward: -68.03.
[20260602 15:21:03 @multi_evo_agent_runner.py:116] Agent_1 gets win rate: 0.33.
[20260602 15:21:03 @multi_evo_agent_runner.py:79] #------------------------ Iteration 750 --------------------------#
[20260602 15:21:20 @multi_evo_agent_runner.py:85] Sampling 50000 steps by 50 slaves, spending 17.07 s.
[20260602 15:21:50 @multi_evo_agent_runner.py:94] Policy update, spending: 30.44 s.
[20260602 15:21:53 @multi_evo_agent_runner.py:99] Evaluation time: 2.29 s.
[20260602 15:21:53 @multi_evo_agent_runner.py:105] Total time:     607.67 min
[20260602 15:21:53 @multi_evo_agent_runner.py:115] Agent_0 gets eval reward: 285.68.
[20260602 15:21:53 @multi_evo_agent_runner.py:116] Agent_0 gets win rate: 0.48.
[20260602 15:21:53 @multi_evo_agent_runner.py:115] Agent_1 gets eval reward: -435.82.
[20260602 15:21:53 @multi_evo_agent_runner.py:116] Agent_1 gets win rate: 0.19.
[20260602 15:21:53 @multi_evo_agent_runner.py:79] #------------------------ Iteration 751 --------------------------#
[20260602 15:22:10 @multi_evo_agent_runner.py:85] Sampling 50000 steps by 50 slaves, spending 17.24 s.
[20260602 15:22:40 @multi_evo_agent_runner.py:94] Policy update, spending: 30.20 s.
[20260602 15:22:42 @multi_evo_agent_runner.py:99] Evaluation time: 1.94 s.
[20260602 15:22:42 @multi_evo_agent_runner.py:105] Total time:     608.50 min
[20260602 15:22:43 @multi_evo_agent_runner.py:115] Agent_0 gets eval reward: 248.38.
[20260602 15:22:43 @multi_evo_agent_runner.py:116] Agent_0 gets win rate: 0.43.
[20260602 15:22:43 @multi_evo_agent_runner.py:115] Agent_1 gets eval reward: -279.54.
[20260602 15:22:43 @multi_evo_agent_runner.py:116] Agent_1 gets win rate: 0.27.
[20260602 15:22:43 @multi_evo_agent_runner.py:79] #------------------------ Iteration 752 --------------------------#
[20260602 15:23:00 @multi_evo_agent_runner.py:85] Sampling 50000 steps by 50 slaves, spending 17.52 s.
[20260602 15:23:31 @multi_evo_agent_runner.py:94] Policy update, spending: 30.33 s.
[20260602 15:23:33 @multi_evo_agent_runner.py:99] Evaluation time: 2.33 s.
[20260602 15:23:33 @multi_evo_agent_runner.py:105] Total time:     609.34 min
[20260602 15:23:33 @multi_evo_agent_runner.py:115] Agent_0 gets eval reward: -326.33.
[20260602 15:23:33 @multi_evo_agent_runner.py:116] Agent_0 gets win rate: 0.17.
[20260602 15:23:33 @multi_evo_agent_runner.py:115] Agent_1 gets eval reward: 282.57.
[20260602 15:23:33 @multi_evo_agent_runner.py:116] Agent_1 gets win rate: 0.23.
[20260602 15:23:33 @multi_evo_agent_runner.py:79] #------------------------ Iteration 753 --------------------------#
[20260602 15:23:50 @multi_evo_agent_runner.py:85] Sampling 50000 steps by 50 slaves, spending 16.62 s.
[20260602 15:24:19 @multi_evo_agent_runner.py:94] Policy update, spending: 29.50 s.
[20260602 15:24:21 @multi_evo_agent_runner.py:99] Evaluation time: 2.06 s.
[20260602 15:24:21 @multi_evo_agent_runner.py:105] Total time:     610.15 min
[20260602 15:24:21 @multi_evo_agent_runner.py:115] Agent_0 gets eval reward: 569.29.
[20260602 15:24:21 @multi_evo_agent_runner.py:116] Agent_0 gets win rate: 0.46.
[20260602 15:24:21 @multi_evo_agent_runner.py:115] Agent_1 gets eval reward: -763.62.
[20260602 15:24:21 @multi_evo_agent_runner.py:116] Agent_1 gets win rate: 0.07.
[20260602 15:24:22 @multi_evo_agent_runner.py:79] #------------------------ Iteration 754 --------------------------#
[20260602 15:24:39 @multi_evo_agent_runner.py:85] Sampling 50000 steps by 50 slaves, spending 17.43 s.
[20260602 15:25:10 @multi_evo_agent_runner.py:94] Policy update, spending: 30.69 s.
[20260602 15:25:12 @multi_evo_agent_runner.py:99] Evaluation time: 2.32 s.
[20260602 15:25:12 @multi_evo_agent_runner.py:105] Total time:     610.99 min
[20260602 15:25:12 @multi_evo_agent_runner.py:115] Agent_0 gets eval reward: 116.25.
[20260602 15:25:12 @multi_evo_agent_runner.py:116] Agent_0 gets win rate: 0.38.
[20260602 15:25:12 @multi_evo_agent_runner.py:115] Agent_1 gets eval reward: -189.22.
[20260602 15:25:12 @multi_evo_agent_runner.py:116] Agent_1 gets win rate: 0.29.
[20260602 15:25:12 @multi_evo_agent_runner.py:79] #------------------------ Iteration 755 --------------------------#
[20260602 15:25:30 @multi_evo_agent_runner.py:85] Sampling 50000 steps by 50 slaves, spending 17.56 s.
[20260602 15:26:01 @multi_evo_agent_runner.py:94] Policy update, spending: 31.16 s.
[20260602 15:26:03 @multi_evo_agent_runner.py:99] Evaluation time: 2.09 s.
[20260602 15:26:03 @multi_evo_agent_runner.py:105] Total time:     611.84 min
[20260602 15:26:03 @multi_evo_agent_runner.py:115] Agent_0 gets eval reward: 134.90.
[20260602 15:26:03 @multi_evo_agent_runner.py:116] Agent_0 gets win rate: 0.39.
[20260602 15:26:03 @multi_evo_agent_runner.py:115] Agent_1 gets eval reward: -192.32.
[20260602 15:26:03 @multi_evo_agent_runner.py:116] Agent_1 gets win rate: 0.24.
[20260602 15:26:03 @multi_evo_agent_runner.py:79] #------------------------ Iteration 756 --------------------------#
[20260602 15:26:20 @multi_evo_agent_runner.py:85] Sampling 50000 steps by 50 slaves, spending 16.53 s.
[20260602 15:26:50 @multi_evo_agent_runner.py:94] Policy update, spending: 30.03 s.
[20260602 15:26:52 @multi_evo_agent_runner.py:99] Evaluation time: 2.11 s.
[20260602 15:26:52 @multi_evo_agent_runner.py:105] Total time:     612.66 min
[20260602 15:26:52 @multi_evo_agent_runner.py:115] Agent_0 gets eval reward: -288.77.
[20260602 15:26:52 @multi_evo_agent_runner.py:116] Agent_0 gets win rate: 0.24.
[20260602 15:26:52 @multi_evo_agent_runner.py:115] Agent_1 gets eval reward: 88.67.
[20260602 15:26:52 @multi_evo_agent_runner.py:116] Agent_1 gets win rate: 0.31.
[20260602 15:26:52 @multi_evo_agent_runner.py:79] #------------------------ Iteration 757 --------------------------#
[20260602 15:27:11 @multi_evo_agent_runner.py:85] Sampling 50000 steps by 50 slaves, spending 18.15 s.
[20260602 15:27:42 @multi_evo_agent_runner.py:94] Policy update, spending: 31.49 s.
[20260602 15:27:44 @multi_evo_agent_runner.py:99] Evaluation time: 2.01 s.
[20260602 15:27:44 @multi_evo_agent_runner.py:105] Total time:     613.52 min
[20260602 15:27:44 @multi_evo_agent_runner.py:115] Agent_0 gets eval reward: 42.26.
[20260602 15:27:44 @multi_evo_agent_runner.py:116] Agent_0 gets win rate: 0.33.
[20260602 15:27:44 @multi_evo_agent_runner.py:115] Agent_1 gets eval reward: -45.81.
[20260602 15:27:44 @multi_evo_agent_runner.py:116] Agent_1 gets win rate: 0.33.
[20260602 15:27:44 @multi_evo_agent_runner.py:79] #------------------------ Iteration 758 --------------------------#
[20260602 15:28:02 @multi_evo_agent_runner.py:85] Sampling 50000 steps by 50 slaves, spending 17.32 s.
[20260602 15:28:33 @multi_evo_agent_runner.py:94] Policy update, spending: 31.01 s.
[20260602 15:28:35 @multi_evo_agent_runner.py:99] Evaluation time: 2.22 s.
[20260602 15:28:35 @multi_evo_agent_runner.py:105] Total time:     614.37 min
[20260602 15:28:35 @multi_evo_agent_runner.py:115] Agent_0 gets eval reward: 690.25.
[20260602 15:28:35 @multi_evo_agent_runner.py:116] Agent_0 gets win rate: 0.48.
[20260602 15:28:35 @multi_evo_agent_runner.py:115] Agent_1 gets eval reward: -907.41.
[20260602 15:28:35 @multi_evo_agent_runner.py:116] Agent_1 gets win rate: 0.03.
[20260602 15:28:35 @multi_evo_agent_runner.py:79] #------------------------ Iteration 759 --------------------------#
[20260602 15:28:52 @multi_evo_agent_runner.py:85] Sampling 50000 steps by 50 slaves, spending 16.62 s.
[20260602 15:29:22 @multi_evo_agent_runner.py:94] Policy update, spending: 29.95 s.
[20260602 15:29:24 @multi_evo_agent_runner.py:99] Evaluation time: 2.22 s.
[20260602 15:29:24 @multi_evo_agent_runner.py:105] Total time:     615.19 min
[20260602 15:29:24 @multi_evo_agent_runner.py:115] Agent_0 gets eval reward: 70.70.
[20260602 15:29:24 @multi_evo_agent_runner.py:116] Agent_0 gets win rate: 0.39.
[20260602 15:29:24 @multi_evo_agent_runner.py:115] Agent_1 gets eval reward: -119.87.
[20260602 15:29:24 @multi_evo_agent_runner.py:116] Agent_1 gets win rate: 0.29.
[20260602 15:29:24 @multi_evo_agent_runner.py:79] #------------------------ Iteration 760 --------------------------#
[20260602 15:29:41 @multi_evo_agent_runner.py:85] Sampling 50000 steps by 50 slaves, spending 16.87 s.
[20260602 15:30:12 @multi_evo_agent_runner.py:94] Policy update, spending: 30.56 s.
[20260602 15:30:14 @multi_evo_agent_runner.py:99] Evaluation time: 2.17 s.
[20260602 15:30:14 @multi_evo_agent_runner.py:105] Total time:     616.02 min
[20260602 15:30:14 @multi_evo_agent_runner.py:115] Agent_0 gets eval reward: -175.00.
[20260602 15:30:14 @multi_evo_agent_runner.py:116] Agent_0 gets win rate: 0.33.
[20260602 15:30:14 @multi_evo_agent_runner.py:115] Agent_1 gets eval reward: 222.97.
[20260602 15:30:14 @multi_evo_agent_runner.py:116] Agent_1 gets win rate: 0.44.
[20260602 15:30:14 @multi_evo_agent_runner.py:79] #------------------------ Iteration 761 --------------------------#
[20260602 15:30:31 @multi_evo_agent_runner.py:85] Sampling 50000 steps by 50 slaves, spending 16.90 s.
[20260602 15:31:02 @multi_evo_agent_runner.py:94] Policy update, spending: 30.66 s.
[20260602 15:31:04 @multi_evo_agent_runner.py:99] Evaluation time: 1.85 s.
[20260602 15:31:04 @multi_evo_agent_runner.py:105] Total time:     616.85 min
[20260602 15:31:04 @multi_evo_agent_runner.py:115] Agent_0 gets eval reward: -183.90.
[20260602 15:31:04 @multi_evo_agent_runner.py:116] Agent_0 gets win rate: 0.13.
[20260602 15:31:04 @multi_evo_agent_runner.py:115] Agent_1 gets eval reward: -364.09.
[20260602 15:31:04 @multi_evo_agent_runner.py:116] Agent_1 gets win rate: 0.09.
[20260602 15:31:04 @multi_evo_agent_runner.py:79] #------------------------ Iteration 762 --------------------------#
[20260602 15:31:20 @multi_evo_agent_runner.py:85] Sampling 50000 steps by 50 slaves, spending 15.84 s.
[20260602 15:31:49 @multi_evo_agent_runner.py:94] Policy update, spending: 28.96 s.
[20260602 15:31:51 @multi_evo_agent_runner.py:99] Evaluation time: 2.17 s.
[20260602 15:31:51 @multi_evo_agent_runner.py:105] Total time:     617.64 min
[20260602 15:31:51 @multi_evo_agent_runner.py:115] Agent_0 gets eval reward: 287.34.
[20260602 15:31:51 @multi_evo_agent_runner.py:116] Agent_0 gets win rate: 0.38.
[20260602 15:31:51 @multi_evo_agent_runner.py:115] Agent_1 gets eval reward: -440.72.
[20260602 15:31:51 @multi_evo_agent_runner.py:116] Agent_1 gets win rate: 0.16.
[20260602 15:31:51 @multi_evo_agent_runner.py:79] #------------------------ Iteration 763 --------------------------#
[20260602 15:32:09 @multi_evo_agent_runner.py:85] Sampling 50000 steps by 50 slaves, spending 17.91 s.
[20260602 15:32:40 @multi_evo_agent_runner.py:94] Policy update, spending: 31.20 s.
[20260602 15:32:42 @multi_evo_agent_runner.py:99] Evaluation time: 2.02 s.
[20260602 15:32:42 @multi_evo_agent_runner.py:105] Total time:     618.49 min
[20260602 15:32:42 @multi_evo_agent_runner.py:115] Agent_0 gets eval reward: -191.20.
[20260602 15:32:42 @multi_evo_agent_runner.py:116] Agent_0 gets win rate: 0.27.
[20260602 15:32:42 @multi_evo_agent_runner.py:115] Agent_1 gets eval reward: 64.91.
[20260602 15:32:42 @multi_evo_agent_runner.py:116] Agent_1 gets win rate: 0.33.
[20260602 15:32:42 @multi_evo_agent_runner.py:79] #------------------------ Iteration 764 --------------------------#
[20260602 15:32:59 @multi_evo_agent_runner.py:85] Sampling 50000 steps by 50 slaves, spending 16.72 s.
[20260602 15:33:29 @multi_evo_agent_runner.py:94] Policy update, spending: 29.88 s.
[20260602 15:33:31 @multi_evo_agent_runner.py:99] Evaluation time: 2.17 s.
[20260602 15:33:31 @multi_evo_agent_runner.py:105] Total time:     619.31 min
[20260602 15:33:31 @multi_evo_agent_runner.py:115] Agent_0 gets eval reward: -56.50.
[20260602 15:33:31 @multi_evo_agent_runner.py:116] Agent_0 gets win rate: 0.33.
[20260602 15:33:31 @multi_evo_agent_runner.py:115] Agent_1 gets eval reward: -169.59.
[20260602 15:33:31 @multi_evo_agent_runner.py:116] Agent_1 gets win rate: 0.25.
[20260602 15:33:32 @multi_evo_agent_runner.py:79] #------------------------ Iteration 765 --------------------------#
[20260602 15:33:47 @multi_evo_agent_runner.py:85] Sampling 50000 steps by 50 slaves, spending 15.93 s.
[20260602 15:34:16 @multi_evo_agent_runner.py:94] Policy update, spending: 28.07 s.
[20260602 15:34:17 @multi_evo_agent_runner.py:99] Evaluation time: 1.89 s.
[20260602 15:34:17 @multi_evo_agent_runner.py:105] Total time:     620.08 min
[20260602 15:34:18 @multi_evo_agent_runner.py:115] Agent_0 gets eval reward: 643.19.
[20260602 15:34:18 @multi_evo_agent_runner.py:116] Agent_0 gets win rate: 0.44.
[20260602 15:34:18 @multi_evo_agent_runner.py:115] Agent_1 gets eval reward: -736.62.
[20260602 15:34:18 @multi_evo_agent_runner.py:116] Agent_1 gets win rate: 0.04.
[20260602 15:34:18 @multi_evo_agent_runner.py:79] #------------------------ Iteration 766 --------------------------#
[20260602 15:34:36 @multi_evo_agent_runner.py:85] Sampling 50000 steps by 50 slaves, spending 17.84 s.
[20260602 15:35:07 @multi_evo_agent_runner.py:94] Policy update, spending: 31.55 s.
[20260602 15:35:09 @multi_evo_agent_runner.py:99] Evaluation time: 2.09 s.
[20260602 15:35:09 @multi_evo_agent_runner.py:105] Total time:     620.94 min
[20260602 15:35:09 @multi_evo_agent_runner.py:115] Agent_0 gets eval reward: 307.50.
[20260602 15:35:09 @multi_evo_agent_runner.py:116] Agent_0 gets win rate: 0.39.
[20260602 15:35:09 @multi_evo_agent_runner.py:115] Agent_1 gets eval reward: -555.06.
[20260602 15:35:09 @multi_evo_agent_runner.py:116] Agent_1 gets win rate: 0.12.
[20260602 15:35:09 @multi_evo_agent_runner.py:79] #------------------------ Iteration 767 --------------------------#
[20260602 15:35:26 @multi_evo_agent_runner.py:85] Sampling 50000 steps by 50 slaves, spending 16.26 s.
[20260602 15:35:55 @multi_evo_agent_runner.py:94] Policy update, spending: 28.93 s.
[20260602 15:35:57 @multi_evo_agent_runner.py:99] Evaluation time: 2.07 s.
[20260602 15:35:57 @multi_evo_agent_runner.py:105] Total time:     621.73 min
[20260602 15:35:57 @multi_evo_agent_runner.py:115] Agent_0 gets eval reward: -398.72.
[20260602 15:35:57 @multi_evo_agent_runner.py:116] Agent_0 gets win rate: 0.08.
[20260602 15:35:57 @multi_evo_agent_runner.py:115] Agent_1 gets eval reward: -246.76.
[20260602 15:35:57 @multi_evo_agent_runner.py:116] Agent_1 gets win rate: 0.16.
[20260602 15:35:57 @multi_evo_agent_runner.py:79] #------------------------ Iteration 768 --------------------------#
[20260602 15:36:15 @multi_evo_agent_runner.py:85] Sampling 50000 steps by 50 slaves, spending 17.84 s.
[20260602 15:36:46 @multi_evo_agent_runner.py:94] Policy update, spending: 31.42 s.
[20260602 15:36:48 @multi_evo_agent_runner.py:99] Evaluation time: 2.19 s.
[20260602 15:36:48 @multi_evo_agent_runner.py:105] Total time:     622.60 min
[20260602 15:36:49 @multi_evo_agent_runner.py:115] Agent_0 gets eval reward: -386.23.
[20260602 15:36:49 @multi_evo_agent_runner.py:116] Agent_0 gets win rate: 0.13.
[20260602 15:36:49 @multi_evo_agent_runner.py:115] Agent_1 gets eval reward: 40.62.
[20260602 15:36:49 @multi_evo_agent_runner.py:116] Agent_1 gets win rate: 0.23.
[20260602 15:36:49 @multi_evo_agent_runner.py:79] #------------------------ Iteration 769 --------------------------#
[20260602 15:37:07 @multi_evo_agent_runner.py:85] Sampling 50000 steps by 50 slaves, spending 17.79 s.
[20260602 15:37:38 @multi_evo_agent_runner.py:94] Policy update, spending: 31.63 s.
[20260602 15:37:41 @multi_evo_agent_runner.py:99] Evaluation time: 2.35 s.
[20260602 15:37:41 @multi_evo_agent_runner.py:105] Total time:     623.46 min
[20260602 15:37:41 @multi_evo_agent_runner.py:115] Agent_0 gets eval reward: 375.62.
[20260602 15:37:41 @multi_evo_agent_runner.py:116] Agent_0 gets win rate: 0.45.
[20260602 15:37:41 @multi_evo_agent_runner.py:115] Agent_1 gets eval reward: -511.00.
[20260602 15:37:41 @multi_evo_agent_runner.py:116] Agent_1 gets win rate: 0.13.
[20260602 15:37:41 @multi_evo_agent_runner.py:79] #------------------------ Iteration 770 --------------------------#
[20260602 15:37:58 @multi_evo_agent_runner.py:85] Sampling 50000 steps by 50 slaves, spending 16.99 s.
[20260602 15:38:29 @multi_evo_agent_runner.py:94] Policy update, spending: 31.05 s.
[20260602 15:38:31 @multi_evo_agent_runner.py:99] Evaluation time: 2.31 s.
[20260602 15:38:31 @multi_evo_agent_runner.py:105] Total time:     624.31 min
[20260602 15:38:31 @multi_evo_agent_runner.py:115] Agent_0 gets eval reward: 254.43.
[20260602 15:38:31 @multi_evo_agent_runner.py:116] Agent_0 gets win rate: 0.34.
[20260602 15:38:31 @multi_evo_agent_runner.py:115] Agent_1 gets eval reward: -600.44.
[20260602 15:38:31 @multi_evo_agent_runner.py:116] Agent_1 gets win rate: 0.09.
[20260602 15:38:31 @multi_evo_agent_runner.py:79] #------------------------ Iteration 771 --------------------------#
[20260602 15:38:48 @multi_evo_agent_runner.py:85] Sampling 50000 steps by 50 slaves, spending 16.21 s.
[20260602 15:39:18 @multi_evo_agent_runner.py:94] Policy update, spending: 29.99 s.
[20260602 15:39:20 @multi_evo_agent_runner.py:99] Evaluation time: 2.14 s.
[20260602 15:39:20 @multi_evo_agent_runner.py:105] Total time:     625.12 min
[20260602 15:39:20 @multi_evo_agent_runner.py:115] Agent_0 gets eval reward: -565.07.
[20260602 15:39:20 @multi_evo_agent_runner.py:116] Agent_0 gets win rate: 0.16.
[20260602 15:39:20 @multi_evo_agent_runner.py:115] Agent_1 gets eval reward: 442.98.
[20260602 15:39:20 @multi_evo_agent_runner.py:116] Agent_1 gets win rate: 0.44.
[20260602 15:39:20 @multi_evo_agent_runner.py:79] #------------------------ Iteration 772 --------------------------#
[20260602 15:39:36 @multi_evo_agent_runner.py:85] Sampling 50000 steps by 50 slaves, spending 16.39 s.
[20260602 15:40:06 @multi_evo_agent_runner.py:94] Policy update, spending: 29.25 s.
[20260602 15:40:08 @multi_evo_agent_runner.py:99] Evaluation time: 2.53 s.
[20260602 15:40:08 @multi_evo_agent_runner.py:105] Total time:     625.93 min
[20260602 15:40:08 @multi_evo_agent_runner.py:115] Agent_0 gets eval reward: -342.40.
[20260602 15:40:08 @multi_evo_agent_runner.py:116] Agent_0 gets win rate: 0.19.
[20260602 15:40:08 @multi_evo_agent_runner.py:115] Agent_1 gets eval reward: 116.89.
[20260602 15:40:08 @multi_evo_agent_runner.py:116] Agent_1 gets win rate: 0.35.
[20260602 15:40:09 @multi_evo_agent_runner.py:79] #------------------------ Iteration 773 --------------------------#
[20260602 15:40:25 @multi_evo_agent_runner.py:85] Sampling 50000 steps by 50 slaves, spending 16.73 s.
[20260602 15:40:55 @multi_evo_agent_runner.py:94] Policy update, spending: 30.21 s.
[20260602 15:40:58 @multi_evo_agent_runner.py:99] Evaluation time: 2.47 s.
[20260602 15:40:58 @multi_evo_agent_runner.py:105] Total time:     626.75 min
[20260602 15:40:58 @multi_evo_agent_runner.py:115] Agent_0 gets eval reward: 1.95.
[20260602 15:40:58 @multi_evo_agent_runner.py:116] Agent_0 gets win rate: 0.36.
[20260602 15:40:58 @multi_evo_agent_runner.py:115] Agent_1 gets eval reward: -91.87.
[20260602 15:40:58 @multi_evo_agent_runner.py:116] Agent_1 gets win rate: 0.33.
[20260602 15:40:58 @multi_evo_agent_runner.py:79] #------------------------ Iteration 774 --------------------------#
[20260602 15:41:16 @multi_evo_agent_runner.py:85] Sampling 50000 steps by 50 slaves, spending 17.59 s.
[20260602 15:41:48 @multi_evo_agent_runner.py:94] Policy update, spending: 31.76 s.
[20260602 15:41:50 @multi_evo_agent_runner.py:99] Evaluation time: 2.24 s.
[20260602 15:41:50 @multi_evo_agent_runner.py:105] Total time:     627.62 min
[20260602 15:41:50 @multi_evo_agent_runner.py:115] Agent_0 gets eval reward: -36.78.
[20260602 15:41:50 @multi_evo_agent_runner.py:116] Agent_0 gets win rate: 0.32.
[20260602 15:41:50 @multi_evo_agent_runner.py:115] Agent_1 gets eval reward: -71.94.
[20260602 15:41:50 @multi_evo_agent_runner.py:116] Agent_1 gets win rate: 0.29.
[20260602 15:41:50 @multi_evo_agent_runner.py:79] #------------------------ Iteration 775 --------------------------#
[20260602 15:42:07 @multi_evo_agent_runner.py:85] Sampling 50000 steps by 50 slaves, spending 16.54 s.
[20260602 15:42:37 @multi_evo_agent_runner.py:94] Policy update, spending: 30.37 s.
[20260602 15:42:39 @multi_evo_agent_runner.py:99] Evaluation time: 2.33 s.
[20260602 15:42:39 @multi_evo_agent_runner.py:105] Total time:     628.45 min
[20260602 15:42:39 @multi_evo_agent_runner.py:115] Agent_0 gets eval reward: -115.77.
[20260602 15:42:39 @multi_evo_agent_runner.py:116] Agent_0 gets win rate: 0.25.
[20260602 15:42:40 @multi_evo_agent_runner.py:115] Agent_1 gets eval reward: -148.41.
[20260602 15:42:40 @multi_evo_agent_runner.py:116] Agent_1 gets win rate: 0.18.
[20260602 15:42:40 @multi_evo_agent_runner.py:79] #------------------------ Iteration 776 --------------------------#
[20260602 15:42:57 @multi_evo_agent_runner.py:85] Sampling 50000 steps by 50 slaves, spending 16.97 s.
[20260602 15:43:27 @multi_evo_agent_runner.py:94] Policy update, spending: 30.83 s.
[20260602 15:43:30 @multi_evo_agent_runner.py:99] Evaluation time: 2.30 s.
[20260602 15:43:30 @multi_evo_agent_runner.py:105] Total time:     629.28 min
[20260602 15:43:30 @multi_evo_agent_runner.py:115] Agent_0 gets eval reward: -95.49.
[20260602 15:43:30 @multi_evo_agent_runner.py:116] Agent_0 gets win rate: 0.33.
[20260602 15:43:30 @multi_evo_agent_runner.py:115] Agent_1 gets eval reward: -139.43.
[20260602 15:43:30 @multi_evo_agent_runner.py:116] Agent_1 gets win rate: 0.27.
[20260602 15:43:30 @multi_evo_agent_runner.py:79] #------------------------ Iteration 777 --------------------------#
[20260602 15:43:47 @multi_evo_agent_runner.py:85] Sampling 50000 steps by 50 slaves, spending 17.10 s.
[20260602 15:44:17 @multi_evo_agent_runner.py:94] Policy update, spending: 30.29 s.
[20260602 15:44:20 @multi_evo_agent_runner.py:99] Evaluation time: 2.64 s.
[20260602 15:44:20 @multi_evo_agent_runner.py:105] Total time:     630.12 min
[20260602 15:44:20 @multi_evo_agent_runner.py:115] Agent_0 gets eval reward: -325.44.
[20260602 15:44:20 @multi_evo_agent_runner.py:116] Agent_0 gets win rate: 0.26.
[20260602 15:44:20 @multi_evo_agent_runner.py:115] Agent_1 gets eval reward: 56.49.
[20260602 15:44:20 @multi_evo_agent_runner.py:116] Agent_1 gets win rate: 0.35.
[20260602 15:44:20 @multi_evo_agent_runner.py:79] #------------------------ Iteration 778 --------------------------#
[20260602 15:44:38 @multi_evo_agent_runner.py:85] Sampling 50000 steps by 50 slaves, spending 17.89 s.
[20260602 15:45:09 @multi_evo_agent_runner.py:94] Policy update, spending: 31.23 s.
[20260602 15:45:12 @multi_evo_agent_runner.py:99] Evaluation time: 2.12 s.
[20260602 15:45:12 @multi_evo_agent_runner.py:105] Total time:     630.98 min
[20260602 15:45:12 @multi_evo_agent_runner.py:115] Agent_0 gets eval reward: -409.67.
[20260602 15:45:12 @multi_evo_agent_runner.py:116] Agent_0 gets win rate: 0.23.
[20260602 15:45:12 @multi_evo_agent_runner.py:115] Agent_1 gets eval reward: 14.75.
[20260602 15:45:12 @multi_evo_agent_runner.py:116] Agent_1 gets win rate: 0.32.
[20260602 15:45:12 @multi_evo_agent_runner.py:79] #------------------------ Iteration 779 --------------------------#
[20260602 15:45:28 @multi_evo_agent_runner.py:85] Sampling 50000 steps by 50 slaves, spending 16.53 s.
[20260602 15:45:59 @multi_evo_agent_runner.py:94] Policy update, spending: 30.33 s.
[20260602 15:46:01 @multi_evo_agent_runner.py:99] Evaluation time: 2.77 s.
[20260602 15:46:01 @multi_evo_agent_runner.py:105] Total time:     631.81 min
[20260602 15:46:02 @multi_evo_agent_runner.py:115] Agent_0 gets eval reward: -200.66.
[20260602 15:46:02 @multi_evo_agent_runner.py:116] Agent_0 gets win rate: 0.19.
[20260602 15:46:02 @multi_evo_agent_runner.py:115] Agent_1 gets eval reward: -411.67.
[20260602 15:46:02 @multi_evo_agent_runner.py:116] Agent_1 gets win rate: 0.08.
[20260602 15:46:02 @multi_evo_agent_runner.py:79] #------------------------ Iteration 780 --------------------------#
[20260602 15:46:19 @multi_evo_agent_runner.py:85] Sampling 50000 steps by 50 slaves, spending 17.70 s.
[20260602 15:46:50 @multi_evo_agent_runner.py:94] Policy update, spending: 30.84 s.
[20260602 15:46:53 @multi_evo_agent_runner.py:99] Evaluation time: 2.24 s.
[20260602 15:46:53 @multi_evo_agent_runner.py:105] Total time:     632.66 min
[20260602 15:46:53 @multi_evo_agent_runner.py:115] Agent_0 gets eval reward: 456.78.
[20260602 15:46:53 @multi_evo_agent_runner.py:116] Agent_0 gets win rate: 0.52.
[20260602 15:46:53 @multi_evo_agent_runner.py:115] Agent_1 gets eval reward: -575.16.
[20260602 15:46:53 @multi_evo_agent_runner.py:116] Agent_1 gets win rate: 0.18.
[20260602 15:46:53 @multi_evo_agent_runner.py:79] #------------------------ Iteration 781 --------------------------#
[20260602 15:47:09 @multi_evo_agent_runner.py:85] Sampling 50000 steps by 50 slaves, spending 16.45 s.
[20260602 15:47:39 @multi_evo_agent_runner.py:94] Policy update, spending: 29.71 s.
[20260602 15:47:41 @multi_evo_agent_runner.py:99] Evaluation time: 1.91 s.
[20260602 15:47:41 @multi_evo_agent_runner.py:105] Total time:     633.47 min
[20260602 15:47:41 @multi_evo_agent_runner.py:115] Agent_0 gets eval reward: -534.97.
[20260602 15:47:41 @multi_evo_agent_runner.py:116] Agent_0 gets win rate: 0.09.
[20260602 15:47:41 @multi_evo_agent_runner.py:115] Agent_1 gets eval reward: -190.68.
[20260602 15:47:41 @multi_evo_agent_runner.py:116] Agent_1 gets win rate: 0.09.
[20260602 15:47:41 @multi_evo_agent_runner.py:79] #------------------------ Iteration 782 --------------------------#
[20260602 15:47:59 @multi_evo_agent_runner.py:85] Sampling 50000 steps by 50 slaves, spending 17.59 s.
[20260602 15:48:30 @multi_evo_agent_runner.py:94] Policy update, spending: 31.32 s.
[20260602 15:48:32 @multi_evo_agent_runner.py:99] Evaluation time: 1.88 s.
[20260602 15:48:32 @multi_evo_agent_runner.py:105] Total time:     634.32 min
[20260602 15:48:32 @multi_evo_agent_runner.py:115] Agent_0 gets eval reward: -518.07.
[20260602 15:48:32 @multi_evo_agent_runner.py:116] Agent_0 gets win rate: 0.17.
[20260602 15:48:32 @multi_evo_agent_runner.py:115] Agent_1 gets eval reward: 295.43.
[20260602 15:48:32 @multi_evo_agent_runner.py:116] Agent_1 gets win rate: 0.38.
[20260602 15:48:32 @multi_evo_agent_runner.py:79] #------------------------ Iteration 783 --------------------------#
[20260602 15:48:50 @multi_evo_agent_runner.py:85] Sampling 50000 steps by 50 slaves, spending 17.38 s.
[20260602 15:49:21 @multi_evo_agent_runner.py:94] Policy update, spending: 31.15 s.
[20260602 15:49:23 @multi_evo_agent_runner.py:99] Evaluation time: 2.30 s.
[20260602 15:49:23 @multi_evo_agent_runner.py:105] Total time:     635.17 min
[20260602 15:49:23 @multi_evo_agent_runner.py:115] Agent_0 gets eval reward: -438.48.
[20260602 15:49:23 @multi_evo_agent_runner.py:116] Agent_0 gets win rate: 0.15.
[20260602 15:49:23 @multi_evo_agent_runner.py:115] Agent_1 gets eval reward: 50.64.
[20260602 15:49:23 @multi_evo_agent_runner.py:116] Agent_1 gets win rate: 0.27.
[20260602 15:49:23 @multi_evo_agent_runner.py:79] #------------------------ Iteration 784 --------------------------#
[20260602 15:49:41 @multi_evo_agent_runner.py:85] Sampling 50000 steps by 50 slaves, spending 17.16 s.
[20260602 15:50:11 @multi_evo_agent_runner.py:94] Policy update, spending: 30.89 s.
[20260602 15:50:14 @multi_evo_agent_runner.py:99] Evaluation time: 2.36 s.
[20260602 15:50:14 @multi_evo_agent_runner.py:105] Total time:     636.02 min
[20260602 15:50:14 @multi_evo_agent_runner.py:115] Agent_0 gets eval reward: 354.50.
[20260602 15:50:14 @multi_evo_agent_runner.py:116] Agent_0 gets win rate: 0.36.
[20260602 15:50:14 @multi_evo_agent_runner.py:115] Agent_1 gets eval reward: -653.88.
[20260602 15:50:14 @multi_evo_agent_runner.py:116] Agent_1 gets win rate: 0.11.
[20260602 15:50:14 @multi_evo_agent_runner.py:79] #------------------------ Iteration 785 --------------------------#
[20260602 15:50:31 @multi_evo_agent_runner.py:85] Sampling 50000 steps by 50 slaves, spending 17.12 s.
[20260602 15:51:02 @multi_evo_agent_runner.py:94] Policy update, spending: 30.58 s.
[20260602 15:51:04 @multi_evo_agent_runner.py:99] Evaluation time: 2.10 s.
[20260602 15:51:04 @multi_evo_agent_runner.py:105] Total time:     636.85 min
[20260602 15:51:04 @multi_evo_agent_runner.py:115] Agent_0 gets eval reward: -88.62.
[20260602 15:51:04 @multi_evo_agent_runner.py:116] Agent_0 gets win rate: 0.30.
[20260602 15:51:04 @multi_evo_agent_runner.py:115] Agent_1 gets eval reward: -127.07.
[20260602 15:51:04 @multi_evo_agent_runner.py:116] Agent_1 gets win rate: 0.27.
[20260602 15:51:04 @multi_evo_agent_runner.py:79] #------------------------ Iteration 786 --------------------------#
[20260602 15:51:21 @multi_evo_agent_runner.py:85] Sampling 50000 steps by 50 slaves, spending 17.14 s.
[20260602 15:51:52 @multi_evo_agent_runner.py:94] Policy update, spending: 31.12 s.
[20260602 15:51:55 @multi_evo_agent_runner.py:99] Evaluation time: 2.41 s.
[20260602 15:51:55 @multi_evo_agent_runner.py:105] Total time:     637.70 min
[20260602 15:51:55 @multi_evo_agent_runner.py:115] Agent_0 gets eval reward: -745.07.
[20260602 15:51:55 @multi_evo_agent_runner.py:116] Agent_0 gets win rate: 0.14.
[20260602 15:51:55 @multi_evo_agent_runner.py:115] Agent_1 gets eval reward: 788.53.
[20260602 15:51:55 @multi_evo_agent_runner.py:116] Agent_1 gets win rate: 0.58.
[20260602 15:51:55 @multi_evo_agent_runner.py:503] CRITICAL save best checkpoint with agent_1's rewards 788.53!
[20260602 15:51:55 @multi_evo_agent_runner.py:79] #------------------------ Iteration 787 --------------------------#
[20260602 15:52:12 @multi_evo_agent_runner.py:85] Sampling 50000 steps by 50 slaves, spending 17.03 s.
[20260602 15:52:43 @multi_evo_agent_runner.py:94] Policy update, spending: 30.65 s.
[20260602 15:52:45 @multi_evo_agent_runner.py:99] Evaluation time: 2.33 s.
[20260602 15:52:45 @multi_evo_agent_runner.py:105] Total time:     638.54 min
[20260602 15:52:45 @multi_evo_agent_runner.py:115] Agent_0 gets eval reward: -52.48.
[20260602 15:52:45 @multi_evo_agent_runner.py:116] Agent_0 gets win rate: 0.35.
[20260602 15:52:45 @multi_evo_agent_runner.py:115] Agent_1 gets eval reward: -128.58.
[20260602 15:52:45 @multi_evo_agent_runner.py:116] Agent_1 gets win rate: 0.30.
[20260602 15:52:45 @multi_evo_agent_runner.py:79] #------------------------ Iteration 788 --------------------------#
[20260602 15:53:02 @multi_evo_agent_runner.py:85] Sampling 50000 steps by 50 slaves, spending 16.58 s.
[20260602 15:53:32 @multi_evo_agent_runner.py:94] Policy update, spending: 30.09 s.
[20260602 15:53:34 @multi_evo_agent_runner.py:99] Evaluation time: 2.16 s.
[20260602 15:53:34 @multi_evo_agent_runner.py:105] Total time:     639.36 min
[20260602 15:53:34 @multi_evo_agent_runner.py:115] Agent_0 gets eval reward: 38.41.
[20260602 15:53:34 @multi_evo_agent_runner.py:116] Agent_0 gets win rate: 0.34.
[20260602 15:53:34 @multi_evo_agent_runner.py:115] Agent_1 gets eval reward: -300.28.
[20260602 15:53:34 @multi_evo_agent_runner.py:116] Agent_1 gets win rate: 0.24.
[20260602 15:53:35 @multi_evo_agent_runner.py:79] #------------------------ Iteration 789 --------------------------#
[20260602 15:53:52 @multi_evo_agent_runner.py:85] Sampling 50000 steps by 50 slaves, spending 17.23 s.
[20260602 15:54:22 @multi_evo_agent_runner.py:94] Policy update, spending: 30.62 s.
[20260602 15:54:24 @multi_evo_agent_runner.py:99] Evaluation time: 1.85 s.
[20260602 15:54:24 @multi_evo_agent_runner.py:105] Total time:     640.19 min
[20260602 15:54:24 @multi_evo_agent_runner.py:115] Agent_0 gets eval reward: -47.63.
[20260602 15:54:24 @multi_evo_agent_runner.py:116] Agent_0 gets win rate: 0.22.
[20260602 15:54:24 @multi_evo_agent_runner.py:115] Agent_1 gets eval reward: -524.32.
[20260602 15:54:24 @multi_evo_agent_runner.py:116] Agent_1 gets win rate: 0.04.
[20260602 15:54:25 @multi_evo_agent_runner.py:79] #------------------------ Iteration 790 --------------------------#
[20260602 15:54:41 @multi_evo_agent_runner.py:85] Sampling 50000 steps by 50 slaves, spending 16.96 s.
[20260602 15:55:12 @multi_evo_agent_runner.py:94] Policy update, spending: 30.98 s.
[20260602 15:55:15 @multi_evo_agent_runner.py:99] Evaluation time: 2.29 s.
[20260602 15:55:15 @multi_evo_agent_runner.py:105] Total time:     641.04 min
[20260602 15:55:15 @multi_evo_agent_runner.py:115] Agent_0 gets eval reward: 240.29.
[20260602 15:55:15 @multi_evo_agent_runner.py:116] Agent_0 gets win rate: 0.46.
[20260602 15:55:15 @multi_evo_agent_runner.py:115] Agent_1 gets eval reward: -613.95.
[20260602 15:55:15 @multi_evo_agent_runner.py:116] Agent_1 gets win rate: 0.19.
[20260602 15:55:15 @multi_evo_agent_runner.py:79] #------------------------ Iteration 791 --------------------------#
[20260602 15:55:32 @multi_evo_agent_runner.py:85] Sampling 50000 steps by 50 slaves, spending 16.74 s.
[20260602 15:56:03 @multi_evo_agent_runner.py:94] Policy update, spending: 30.76 s.
[20260602 15:56:05 @multi_evo_agent_runner.py:99] Evaluation time: 2.09 s.
[20260602 15:56:05 @multi_evo_agent_runner.py:105] Total time:     641.87 min
[20260602 15:56:05 @multi_evo_agent_runner.py:115] Agent_0 gets eval reward: -63.02.
[20260602 15:56:05 @multi_evo_agent_runner.py:116] Agent_0 gets win rate: 0.31.
[20260602 15:56:05 @multi_evo_agent_runner.py:115] Agent_1 gets eval reward: -86.38.
[20260602 15:56:05 @multi_evo_agent_runner.py:116] Agent_1 gets win rate: 0.31.
[20260602 15:56:05 @multi_evo_agent_runner.py:79] #------------------------ Iteration 792 --------------------------#
[20260602 15:56:22 @multi_evo_agent_runner.py:85] Sampling 50000 steps by 50 slaves, spending 17.18 s.
[20260602 15:56:53 @multi_evo_agent_runner.py:94] Policy update, spending: 30.60 s.
[20260602 15:56:55 @multi_evo_agent_runner.py:99] Evaluation time: 2.25 s.
[20260602 15:56:55 @multi_evo_agent_runner.py:105] Total time:     642.70 min
[20260602 15:56:55 @multi_evo_agent_runner.py:115] Agent_0 gets eval reward: -154.17.
[20260602 15:56:55 @multi_evo_agent_runner.py:116] Agent_0 gets win rate: 0.29.
[20260602 15:56:55 @multi_evo_agent_runner.py:115] Agent_1 gets eval reward: -196.23.
[20260602 15:56:55 @multi_evo_agent_runner.py:116] Agent_1 gets win rate: 0.23.
[20260602 15:56:55 @multi_evo_agent_runner.py:79] #------------------------ Iteration 793 --------------------------#
[20260602 15:57:12 @multi_evo_agent_runner.py:85] Sampling 50000 steps by 50 slaves, spending 16.66 s.
[20260602 15:57:42 @multi_evo_agent_runner.py:94] Policy update, spending: 30.48 s.
[20260602 15:57:45 @multi_evo_agent_runner.py:99] Evaluation time: 2.26 s.
[20260602 15:57:45 @multi_evo_agent_runner.py:105] Total time:     643.53 min
[20260602 15:57:45 @multi_evo_agent_runner.py:115] Agent_0 gets eval reward: -231.07.
[20260602 15:57:45 @multi_evo_agent_runner.py:116] Agent_0 gets win rate: 0.23.
[20260602 15:57:45 @multi_evo_agent_runner.py:115] Agent_1 gets eval reward: -58.04.
[20260602 15:57:45 @multi_evo_agent_runner.py:116] Agent_1 gets win rate: 0.27.
[20260602 15:57:45 @multi_evo_agent_runner.py:79] #------------------------ Iteration 794 --------------------------#
[20260602 15:58:02 @multi_evo_agent_runner.py:85] Sampling 50000 steps by 50 slaves, spending 17.10 s.
[20260602 15:58:32 @multi_evo_agent_runner.py:94] Policy update, spending: 30.11 s.
[20260602 15:58:35 @multi_evo_agent_runner.py:99] Evaluation time: 2.80 s.
[20260602 15:58:35 @multi_evo_agent_runner.py:105] Total time:     644.37 min
[20260602 15:58:35 @multi_evo_agent_runner.py:115] Agent_0 gets eval reward: 218.08.
[20260602 15:58:35 @multi_evo_agent_runner.py:116] Agent_0 gets win rate: 0.38.
[20260602 15:58:35 @multi_evo_agent_runner.py:115] Agent_1 gets eval reward: -397.77.
[20260602 15:58:35 @multi_evo_agent_runner.py:116] Agent_1 gets win rate: 0.24.
[20260602 15:58:35 @multi_evo_agent_runner.py:79] #------------------------ Iteration 795 --------------------------#
[20260602 15:58:53 @multi_evo_agent_runner.py:85] Sampling 50000 steps by 50 slaves, spending 17.95 s.
[20260602 15:59:24 @multi_evo_agent_runner.py:94] Policy update, spending: 31.33 s.
[20260602 15:59:27 @multi_evo_agent_runner.py:99] Evaluation time: 2.29 s.
[20260602 15:59:27 @multi_evo_agent_runner.py:105] Total time:     645.24 min
[20260602 15:59:27 @multi_evo_agent_runner.py:115] Agent_0 gets eval reward: -533.75.
[20260602 15:59:27 @multi_evo_agent_runner.py:116] Agent_0 gets win rate: 0.12.
[20260602 15:59:27 @multi_evo_agent_runner.py:115] Agent_1 gets eval reward: 120.28.
[20260602 15:59:27 @multi_evo_agent_runner.py:116] Agent_1 gets win rate: 0.19.
[20260602 15:59:27 @multi_evo_agent_runner.py:79] #------------------------ Iteration 796 --------------------------#
[20260602 15:59:45 @multi_evo_agent_runner.py:85] Sampling 50000 steps by 50 slaves, spending 17.49 s.
[20260602 16:00:15 @multi_evo_agent_runner.py:94] Policy update, spending: 30.78 s.
[20260602 16:00:17 @multi_evo_agent_runner.py:99] Evaluation time: 1.87 s.
[20260602 16:00:17 @multi_evo_agent_runner.py:105] Total time:     646.08 min
[20260602 16:00:17 @multi_evo_agent_runner.py:115] Agent_0 gets eval reward: -592.88.
[20260602 16:00:17 @multi_evo_agent_runner.py:116] Agent_0 gets win rate: 0.09.
[20260602 16:00:17 @multi_evo_agent_runner.py:115] Agent_1 gets eval reward: -342.70.
[20260602 16:00:17 @multi_evo_agent_runner.py:116] Agent_1 gets win rate: 0.09.
[20260602 16:00:17 @multi_evo_agent_runner.py:79] #------------------------ Iteration 797 --------------------------#
[20260602 16:00:34 @multi_evo_agent_runner.py:85] Sampling 50000 steps by 50 slaves, spending 16.92 s.
[20260602 16:01:05 @multi_evo_agent_runner.py:94] Policy update, spending: 30.45 s.
[20260602 16:01:07 @multi_evo_agent_runner.py:99] Evaluation time: 2.11 s.
[20260602 16:01:07 @multi_evo_agent_runner.py:105] Total time:     646.91 min
[20260602 16:01:07 @multi_evo_agent_runner.py:115] Agent_0 gets eval reward: -367.71.
[20260602 16:01:07 @multi_evo_agent_runner.py:116] Agent_0 gets win rate: 0.17.
[20260602 16:01:07 @multi_evo_agent_runner.py:115] Agent_1 gets eval reward: 141.34.
[20260602 16:01:07 @multi_evo_agent_runner.py:116] Agent_1 gets win rate: 0.31.
[20260602 16:01:07 @multi_evo_agent_runner.py:79] #------------------------ Iteration 798 --------------------------#
[20260602 16:01:25 @multi_evo_agent_runner.py:85] Sampling 50000 steps by 50 slaves, spending 17.39 s.
[20260602 16:01:55 @multi_evo_agent_runner.py:94] Policy update, spending: 30.81 s.
[20260602 16:01:58 @multi_evo_agent_runner.py:99] Evaluation time: 2.17 s.
[20260602 16:01:58 @multi_evo_agent_runner.py:105] Total time:     647.75 min
[20260602 16:01:58 @multi_evo_agent_runner.py:115] Agent_0 gets eval reward: -148.36.
[20260602 16:01:58 @multi_evo_agent_runner.py:116] Agent_0 gets win rate: 0.26.
[20260602 16:01:58 @multi_evo_agent_runner.py:115] Agent_1 gets eval reward: -323.72.
[20260602 16:01:58 @multi_evo_agent_runner.py:116] Agent_1 gets win rate: 0.15.
[20260602 16:01:58 @multi_evo_agent_runner.py:79] #------------------------ Iteration 799 --------------------------#
[20260602 16:02:14 @multi_evo_agent_runner.py:85] Sampling 50000 steps by 50 slaves, spending 16.47 s.
[20260602 16:02:43 @multi_evo_agent_runner.py:94] Policy update, spending: 28.84 s.
[20260602 16:02:45 @multi_evo_agent_runner.py:99] Evaluation time: 2.25 s.
[20260602 16:02:45 @multi_evo_agent_runner.py:105] Total time:     648.55 min
[20260602 16:02:46 @multi_evo_agent_runner.py:115] Agent_0 gets eval reward: 97.03.
[20260602 16:02:46 @multi_evo_agent_runner.py:116] Agent_0 gets win rate: 0.38.
[20260602 16:02:46 @multi_evo_agent_runner.py:115] Agent_1 gets eval reward: -393.05.
[20260602 16:02:46 @multi_evo_agent_runner.py:116] Agent_1 gets win rate: 0.24.
[20260602 16:02:46 @multi_evo_agent_runner.py:79] #------------------------ Iteration 800 --------------------------#
[20260602 16:03:03 @multi_evo_agent_runner.py:85] Sampling 50000 steps by 50 slaves, spending 17.53 s.
[20260602 16:03:34 @multi_evo_agent_runner.py:94] Policy update, spending: 30.83 s.
[20260602 16:03:36 @multi_evo_agent_runner.py:99] Evaluation time: 2.33 s.
[20260602 16:03:36 @multi_evo_agent_runner.py:105] Total time:     649.40 min
[20260602 16:03:37 @multi_evo_agent_runner.py:115] Agent_0 gets eval reward: -126.57.
[20260602 16:03:37 @multi_evo_agent_runner.py:116] Agent_0 gets win rate: 0.32.
[20260602 16:03:37 @multi_evo_agent_runner.py:115] Agent_1 gets eval reward: 28.95.
[20260602 16:03:37 @multi_evo_agent_runner.py:116] Agent_1 gets win rate: 0.38.
[20260602 16:03:37 @multi_evo_agent_runner.py:79] #------------------------ Iteration 801 --------------------------#
[20260602 16:03:54 @multi_evo_agent_runner.py:85] Sampling 50000 steps by 50 slaves, spending 17.10 s.
[20260602 16:04:25 @multi_evo_agent_runner.py:94] Policy update, spending: 30.85 s.
[20260602 16:04:27 @multi_evo_agent_runner.py:99] Evaluation time: 1.89 s.
[20260602 16:04:27 @multi_evo_agent_runner.py:105] Total time:     650.23 min
[20260602 16:04:27 @multi_evo_agent_runner.py:115] Agent_0 gets eval reward: -356.25.
[20260602 16:04:27 @multi_evo_agent_runner.py:116] Agent_0 gets win rate: 0.12.
[20260602 16:04:27 @multi_evo_agent_runner.py:115] Agent_1 gets eval reward: -279.46.
[20260602 16:04:27 @multi_evo_agent_runner.py:116] Agent_1 gets win rate: 0.12.
[20260602 16:04:27 @multi_evo_agent_runner.py:79] #------------------------ Iteration 802 --------------------------#
[20260602 16:04:44 @multi_evo_agent_runner.py:85] Sampling 50000 steps by 50 slaves, spending 17.08 s.
[20260602 16:05:15 @multi_evo_agent_runner.py:94] Policy update, spending: 31.01 s.
[20260602 16:05:17 @multi_evo_agent_runner.py:99] Evaluation time: 2.06 s.
[20260602 16:05:17 @multi_evo_agent_runner.py:105] Total time:     651.07 min
[20260602 16:05:17 @multi_evo_agent_runner.py:115] Agent_0 gets eval reward: 114.90.
[20260602 16:05:17 @multi_evo_agent_runner.py:116] Agent_0 gets win rate: 0.34.
[20260602 16:05:17 @multi_evo_agent_runner.py:115] Agent_1 gets eval reward: -400.82.
[20260602 16:05:17 @multi_evo_agent_runner.py:116] Agent_1 gets win rate: 0.17.
[20260602 16:05:17 @multi_evo_agent_runner.py:79] #------------------------ Iteration 803 --------------------------#
[20260602 16:05:34 @multi_evo_agent_runner.py:85] Sampling 50000 steps by 50 slaves, spending 16.41 s.
[20260602 16:06:05 @multi_evo_agent_runner.py:94] Policy update, spending: 31.05 s.
[20260602 16:06:07 @multi_evo_agent_runner.py:99] Evaluation time: 2.44 s.
[20260602 16:06:07 @multi_evo_agent_runner.py:105] Total time:     651.91 min
[20260602 16:06:07 @multi_evo_agent_runner.py:115] Agent_0 gets eval reward: -138.87.
[20260602 16:06:07 @multi_evo_agent_runner.py:116] Agent_0 gets win rate: 0.25.
[20260602 16:06:07 @multi_evo_agent_runner.py:115] Agent_1 gets eval reward: -234.30.
[20260602 16:06:07 @multi_evo_agent_runner.py:116] Agent_1 gets win rate: 0.25.
[20260602 16:06:07 @multi_evo_agent_runner.py:79] #------------------------ Iteration 804 --------------------------#
[20260602 16:06:24 @multi_evo_agent_runner.py:85] Sampling 50000 steps by 50 slaves, spending 16.94 s.
[20260602 16:06:55 @multi_evo_agent_runner.py:94] Policy update, spending: 30.26 s.
[20260602 16:06:57 @multi_evo_agent_runner.py:99] Evaluation time: 2.09 s.
[20260602 16:06:57 @multi_evo_agent_runner.py:105] Total time:     652.74 min
[20260602 16:06:57 @multi_evo_agent_runner.py:115] Agent_0 gets eval reward: -77.53.
[20260602 16:06:57 @multi_evo_agent_runner.py:116] Agent_0 gets win rate: 0.24.
[20260602 16:06:57 @multi_evo_agent_runner.py:115] Agent_1 gets eval reward: -335.99.
[20260602 16:06:57 @multi_evo_agent_runner.py:116] Agent_1 gets win rate: 0.16.
[20260602 16:06:57 @multi_evo_agent_runner.py:79] #------------------------ Iteration 805 --------------------------#
[20260602 16:07:13 @multi_evo_agent_runner.py:85] Sampling 50000 steps by 50 slaves, spending 16.03 s.
[20260602 16:07:42 @multi_evo_agent_runner.py:94] Policy update, spending: 28.53 s.
[20260602 16:07:44 @multi_evo_agent_runner.py:99] Evaluation time: 2.21 s.
[20260602 16:07:44 @multi_evo_agent_runner.py:105] Total time:     653.52 min
[20260602 16:07:44 @multi_evo_agent_runner.py:115] Agent_0 gets eval reward: 30.96.
[20260602 16:07:44 @multi_evo_agent_runner.py:116] Agent_0 gets win rate: 0.31.
[20260602 16:07:44 @multi_evo_agent_runner.py:115] Agent_1 gets eval reward: -513.02.
[20260602 16:07:44 @multi_evo_agent_runner.py:116] Agent_1 gets win rate: 0.17.
[20260602 16:07:44 @multi_evo_agent_runner.py:79] #------------------------ Iteration 806 --------------------------#
[20260602 16:08:01 @multi_evo_agent_runner.py:85] Sampling 50000 steps by 50 slaves, spending 17.18 s.
[20260602 16:08:31 @multi_evo_agent_runner.py:94] Policy update, spending: 29.81 s.
[20260602 16:08:33 @multi_evo_agent_runner.py:99] Evaluation time: 2.37 s.
[20260602 16:08:33 @multi_evo_agent_runner.py:105] Total time:     654.35 min
[20260602 16:08:34 @multi_evo_agent_runner.py:115] Agent_0 gets eval reward: -576.09.
[20260602 16:08:34 @multi_evo_agent_runner.py:116] Agent_0 gets win rate: 0.07.
[20260602 16:08:34 @multi_evo_agent_runner.py:115] Agent_1 gets eval reward: -175.35.
[20260602 16:08:34 @multi_evo_agent_runner.py:116] Agent_1 gets win rate: 0.19.
[20260602 16:08:34 @multi_evo_agent_runner.py:79] #------------------------ Iteration 807 --------------------------#
[20260602 16:08:51 @multi_evo_agent_runner.py:85] Sampling 50000 steps by 50 slaves, spending 16.89 s.
[20260602 16:09:21 @multi_evo_agent_runner.py:94] Policy update, spending: 30.08 s.
[20260602 16:09:23 @multi_evo_agent_runner.py:99] Evaluation time: 2.21 s.
[20260602 16:09:23 @multi_evo_agent_runner.py:105] Total time:     655.17 min
[20260602 16:09:23 @multi_evo_agent_runner.py:115] Agent_0 gets eval reward: -276.12.
[20260602 16:09:23 @multi_evo_agent_runner.py:116] Agent_0 gets win rate: 0.23.
[20260602 16:09:23 @multi_evo_agent_runner.py:115] Agent_1 gets eval reward: 20.04.
[20260602 16:09:23 @multi_evo_agent_runner.py:116] Agent_1 gets win rate: 0.30.
[20260602 16:09:23 @multi_evo_agent_runner.py:79] #------------------------ Iteration 808 --------------------------#
[20260602 16:09:41 @multi_evo_agent_runner.py:85] Sampling 50000 steps by 50 slaves, spending 17.50 s.
[20260602 16:10:12 @multi_evo_agent_runner.py:94] Policy update, spending: 31.54 s.
[20260602 16:10:15 @multi_evo_agent_runner.py:99] Evaluation time: 2.28 s.
[20260602 16:10:15 @multi_evo_agent_runner.py:105] Total time:     656.03 min
[20260602 16:10:15 @multi_evo_agent_runner.py:115] Agent_0 gets eval reward: -252.79.
[20260602 16:10:15 @multi_evo_agent_runner.py:116] Agent_0 gets win rate: 0.21.
[20260602 16:10:15 @multi_evo_agent_runner.py:115] Agent_1 gets eval reward: -144.58.
[20260602 16:10:15 @multi_evo_agent_runner.py:116] Agent_1 gets win rate: 0.21.
[20260602 16:10:15 @multi_evo_agent_runner.py:79] #------------------------ Iteration 809 --------------------------#
[20260602 16:10:31 @multi_evo_agent_runner.py:85] Sampling 50000 steps by 50 slaves, spending 16.26 s.
[20260602 16:11:00 @multi_evo_agent_runner.py:94] Policy update, spending: 29.29 s.
[20260602 16:11:03 @multi_evo_agent_runner.py:99] Evaluation time: 2.26 s.
[20260602 16:11:03 @multi_evo_agent_runner.py:105] Total time:     656.83 min
[20260602 16:11:03 @multi_evo_agent_runner.py:115] Agent_0 gets eval reward: -277.48.
[20260602 16:11:03 @multi_evo_agent_runner.py:116] Agent_0 gets win rate: 0.34.
[20260602 16:11:03 @multi_evo_agent_runner.py:115] Agent_1 gets eval reward: 244.76.
[20260602 16:11:03 @multi_evo_agent_runner.py:116] Agent_1 gets win rate: 0.50.
[20260602 16:11:03 @multi_evo_agent_runner.py:79] #------------------------ Iteration 810 --------------------------#
[20260602 16:11:21 @multi_evo_agent_runner.py:85] Sampling 50000 steps by 50 slaves, spending 17.59 s.
[20260602 16:11:52 @multi_evo_agent_runner.py:94] Policy update, spending: 31.34 s.
[20260602 16:11:54 @multi_evo_agent_runner.py:99] Evaluation time: 1.94 s.
[20260602 16:11:54 @multi_evo_agent_runner.py:105] Total time:     657.69 min
[20260602 16:11:54 @multi_evo_agent_runner.py:115] Agent_0 gets eval reward: 216.66.
[20260602 16:11:54 @multi_evo_agent_runner.py:116] Agent_0 gets win rate: 0.32.
[20260602 16:11:54 @multi_evo_agent_runner.py:115] Agent_1 gets eval reward: -540.64.
[20260602 16:11:54 @multi_evo_agent_runner.py:116] Agent_1 gets win rate: 0.11.
[20260602 16:11:54 @multi_evo_agent_runner.py:79] #------------------------ Iteration 811 --------------------------#
[20260602 16:12:11 @multi_evo_agent_runner.py:85] Sampling 50000 steps by 50 slaves, spending 16.90 s.
[20260602 16:12:42 @multi_evo_agent_runner.py:94] Policy update, spending: 30.60 s.
[20260602 16:12:44 @multi_evo_agent_runner.py:99] Evaluation time: 1.99 s.
[20260602 16:12:44 @multi_evo_agent_runner.py:105] Total time:     658.52 min
[20260602 16:12:44 @multi_evo_agent_runner.py:115] Agent_0 gets eval reward: 459.09.
[20260602 16:12:44 @multi_evo_agent_runner.py:116] Agent_0 gets win rate: 0.46.
[20260602 16:12:44 @multi_evo_agent_runner.py:115] Agent_1 gets eval reward: -714.62.
[20260602 16:12:44 @multi_evo_agent_runner.py:116] Agent_1 gets win rate: 0.11.
[20260602 16:12:44 @multi_evo_agent_runner.py:79] #------------------------ Iteration 812 --------------------------#
[20260602 16:13:01 @multi_evo_agent_runner.py:85] Sampling 50000 steps by 50 slaves, spending 17.00 s.
[20260602 16:13:31 @multi_evo_agent_runner.py:94] Policy update, spending: 30.03 s.
[20260602 16:13:33 @multi_evo_agent_runner.py:99] Evaluation time: 2.17 s.
[20260602 16:13:33 @multi_evo_agent_runner.py:105] Total time:     659.34 min
[20260602 16:13:33 @multi_evo_agent_runner.py:115] Agent_0 gets eval reward: 365.76.
[20260602 16:13:33 @multi_evo_agent_runner.py:116] Agent_0 gets win rate: 0.46.
[20260602 16:13:33 @multi_evo_agent_runner.py:115] Agent_1 gets eval reward: -563.77.
[20260602 16:13:33 @multi_evo_agent_runner.py:116] Agent_1 gets win rate: 0.20.
[20260602 16:13:33 @multi_evo_agent_runner.py:79] #------------------------ Iteration 813 --------------------------#
[20260602 16:13:51 @multi_evo_agent_runner.py:85] Sampling 50000 steps by 50 slaves, spending 17.65 s.
[20260602 16:14:21 @multi_evo_agent_runner.py:94] Policy update, spending: 30.26 s.
[20260602 16:14:24 @multi_evo_agent_runner.py:99] Evaluation time: 2.41 s.
[20260602 16:14:24 @multi_evo_agent_runner.py:105] Total time:     660.18 min
[20260602 16:14:24 @multi_evo_agent_runner.py:115] Agent_0 gets eval reward: -98.24.
[20260602 16:14:24 @multi_evo_agent_runner.py:116] Agent_0 gets win rate: 0.30.
[20260602 16:14:24 @multi_evo_agent_runner.py:115] Agent_1 gets eval reward: -162.50.
[20260602 16:14:24 @multi_evo_agent_runner.py:116] Agent_1 gets win rate: 0.27.
[20260602 16:14:24 @multi_evo_agent_runner.py:79] #------------------------ Iteration 814 --------------------------#
[20260602 16:14:41 @multi_evo_agent_runner.py:85] Sampling 50000 steps by 50 slaves, spending 16.89 s.
[20260602 16:15:11 @multi_evo_agent_runner.py:94] Policy update, spending: 30.25 s.
[20260602 16:15:13 @multi_evo_agent_runner.py:99] Evaluation time: 2.25 s.
[20260602 16:15:13 @multi_evo_agent_runner.py:105] Total time:     661.01 min
[20260602 16:15:13 @multi_evo_agent_runner.py:115] Agent_0 gets eval reward: 459.70.
[20260602 16:15:13 @multi_evo_agent_runner.py:116] Agent_0 gets win rate: 0.44.
[20260602 16:15:13 @multi_evo_agent_runner.py:115] Agent_1 gets eval reward: -684.96.
[20260602 16:15:13 @multi_evo_agent_runner.py:116] Agent_1 gets win rate: 0.16.
[20260602 16:15:14 @multi_evo_agent_runner.py:79] #------------------------ Iteration 815 --------------------------#
[20260602 16:15:31 @multi_evo_agent_runner.py:85] Sampling 50000 steps by 50 slaves, spending 17.02 s.
[20260602 16:16:01 @multi_evo_agent_runner.py:94] Policy update, spending: 30.00 s.
[20260602 16:16:03 @multi_evo_agent_runner.py:99] Evaluation time: 2.11 s.
[20260602 16:16:03 @multi_evo_agent_runner.py:105] Total time:     661.84 min
[20260602 16:16:03 @multi_evo_agent_runner.py:115] Agent_0 gets eval reward: 35.68.
[20260602 16:16:03 @multi_evo_agent_runner.py:116] Agent_0 gets win rate: 0.31.
[20260602 16:16:03 @multi_evo_agent_runner.py:115] Agent_1 gets eval reward: -537.94.
[20260602 16:16:03 @multi_evo_agent_runner.py:116] Agent_1 gets win rate: 0.08.
[20260602 16:16:03 @multi_evo_agent_runner.py:79] #------------------------ Iteration 816 --------------------------#
[20260602 16:16:19 @multi_evo_agent_runner.py:85] Sampling 50000 steps by 50 slaves, spending 16.39 s.
[20260602 16:16:49 @multi_evo_agent_runner.py:94] Policy update, spending: 29.69 s.
[20260602 16:16:51 @multi_evo_agent_runner.py:99] Evaluation time: 1.99 s.
[20260602 16:16:51 @multi_evo_agent_runner.py:105] Total time:     662.64 min
[20260602 16:16:51 @multi_evo_agent_runner.py:115] Agent_0 gets eval reward: -642.52.
[20260602 16:16:51 @multi_evo_agent_runner.py:116] Agent_0 gets win rate: 0.04.
[20260602 16:16:51 @multi_evo_agent_runner.py:115] Agent_1 gets eval reward: -336.47.
[20260602 16:16:51 @multi_evo_agent_runner.py:116] Agent_1 gets win rate: 0.09.
[20260602 16:16:51 @multi_evo_agent_runner.py:79] #------------------------ Iteration 817 --------------------------#
[20260602 16:17:09 @multi_evo_agent_runner.py:85] Sampling 50000 steps by 50 slaves, spending 17.59 s.
[20260602 16:17:40 @multi_evo_agent_runner.py:94] Policy update, spending: 31.29 s.
[20260602 16:17:42 @multi_evo_agent_runner.py:99] Evaluation time: 2.06 s.
[20260602 16:17:42 @multi_evo_agent_runner.py:105] Total time:     663.50 min
[20260602 16:17:43 @multi_evo_agent_runner.py:115] Agent_0 gets eval reward: -231.74.
[20260602 16:17:43 @multi_evo_agent_runner.py:116] Agent_0 gets win rate: 0.24.
[20260602 16:17:43 @multi_evo_agent_runner.py:115] Agent_1 gets eval reward: -190.95.
[20260602 16:17:43 @multi_evo_agent_runner.py:116] Agent_1 gets win rate: 0.27.
[20260602 16:17:43 @multi_evo_agent_runner.py:79] #------------------------ Iteration 818 --------------------------#
[20260602 16:17:59 @multi_evo_agent_runner.py:85] Sampling 50000 steps by 50 slaves, spending 16.64 s.
[20260602 16:18:30 @multi_evo_agent_runner.py:94] Policy update, spending: 30.46 s.
[20260602 16:18:32 @multi_evo_agent_runner.py:99] Evaluation time: 2.34 s.
[20260602 16:18:32 @multi_evo_agent_runner.py:105] Total time:     664.32 min
[20260602 16:18:32 @multi_evo_agent_runner.py:115] Agent_0 gets eval reward: 250.91.
[20260602 16:18:32 @multi_evo_agent_runner.py:116] Agent_0 gets win rate: 0.40.
[20260602 16:18:32 @multi_evo_agent_runner.py:115] Agent_1 gets eval reward: -443.48.
[20260602 16:18:32 @multi_evo_agent_runner.py:116] Agent_1 gets win rate: 0.23.
[20260602 16:18:32 @multi_evo_agent_runner.py:79] #------------------------ Iteration 819 --------------------------#
[20260602 16:18:49 @multi_evo_agent_runner.py:85] Sampling 50000 steps by 50 slaves, spending 17.11 s.
[20260602 16:19:20 @multi_evo_agent_runner.py:94] Policy update, spending: 30.47 s.
[20260602 16:19:22 @multi_evo_agent_runner.py:99] Evaluation time: 2.06 s.
[20260602 16:19:22 @multi_evo_agent_runner.py:105] Total time:     665.16 min
[20260602 16:19:22 @multi_evo_agent_runner.py:115] Agent_0 gets eval reward: -716.47.
[20260602 16:19:22 @multi_evo_agent_runner.py:116] Agent_0 gets win rate: 0.04.
[20260602 16:19:22 @multi_evo_agent_runner.py:115] Agent_1 gets eval reward: -271.03.
[20260602 16:19:22 @multi_evo_agent_runner.py:116] Agent_1 gets win rate: 0.13.
[20260602 16:19:22 @multi_evo_agent_runner.py:79] #------------------------ Iteration 820 --------------------------#
[20260602 16:19:39 @multi_evo_agent_runner.py:85] Sampling 50000 steps by 50 slaves, spending 17.00 s.
[20260602 16:20:10 @multi_evo_agent_runner.py:94] Policy update, spending: 30.32 s.
[20260602 16:20:12 @multi_evo_agent_runner.py:99] Evaluation time: 2.17 s.
[20260602 16:20:12 @multi_evo_agent_runner.py:105] Total time:     665.99 min
[20260602 16:20:12 @multi_evo_agent_runner.py:115] Agent_0 gets eval reward: 133.41.
[20260602 16:20:12 @multi_evo_agent_runner.py:116] Agent_0 gets win rate: 0.33.
[20260602 16:20:12 @multi_evo_agent_runner.py:115] Agent_1 gets eval reward: -548.54.
[20260602 16:20:12 @multi_evo_agent_runner.py:116] Agent_1 gets win rate: 0.13.
[20260602 16:20:12 @multi_evo_agent_runner.py:79] #------------------------ Iteration 821 --------------------------#
[20260602 16:20:29 @multi_evo_agent_runner.py:85] Sampling 50000 steps by 50 slaves, spending 17.42 s.
[20260602 16:21:01 @multi_evo_agent_runner.py:94] Policy update, spending: 31.09 s.
[20260602 16:21:03 @multi_evo_agent_runner.py:99] Evaluation time: 2.20 s.
[20260602 16:21:03 @multi_evo_agent_runner.py:105] Total time:     666.84 min
[20260602 16:21:03 @multi_evo_agent_runner.py:115] Agent_0 gets eval reward: 328.98.
[20260602 16:21:03 @multi_evo_agent_runner.py:116] Agent_0 gets win rate: 0.38.
[20260602 16:21:03 @multi_evo_agent_runner.py:115] Agent_1 gets eval reward: -774.17.
[20260602 16:21:03 @multi_evo_agent_runner.py:116] Agent_1 gets win rate: 0.07.
[20260602 16:21:03 @multi_evo_agent_runner.py:79] #------------------------ Iteration 822 --------------------------#
[20260602 16:21:19 @multi_evo_agent_runner.py:85] Sampling 50000 steps by 50 slaves, spending 16.20 s.
[20260602 16:21:49 @multi_evo_agent_runner.py:94] Policy update, spending: 29.50 s.
[20260602 16:21:51 @multi_evo_agent_runner.py:99] Evaluation time: 2.32 s.
[20260602 16:21:51 @multi_evo_agent_runner.py:105] Total time:     667.64 min
[20260602 16:21:51 @multi_evo_agent_runner.py:115] Agent_0 gets eval reward: -515.33.
[20260602 16:21:51 @multi_evo_agent_runner.py:116] Agent_0 gets win rate: 0.18.
[20260602 16:21:51 @multi_evo_agent_runner.py:115] Agent_1 gets eval reward: -201.56.
[20260602 16:21:51 @multi_evo_agent_runner.py:116] Agent_1 gets win rate: 0.27.
[20260602 16:21:51 @multi_evo_agent_runner.py:79] #------------------------ Iteration 823 --------------------------#
[20260602 16:22:08 @multi_evo_agent_runner.py:85] Sampling 50000 steps by 50 slaves, spending 16.55 s.
[20260602 16:22:37 @multi_evo_agent_runner.py:94] Policy update, spending: 29.30 s.
[20260602 16:22:39 @multi_evo_agent_runner.py:99] Evaluation time: 2.16 s.
[20260602 16:22:39 @multi_evo_agent_runner.py:105] Total time:     668.45 min
[20260602 16:22:40 @multi_evo_agent_runner.py:115] Agent_0 gets eval reward: -205.93.
[20260602 16:22:40 @multi_evo_agent_runner.py:116] Agent_0 gets win rate: 0.20.
[20260602 16:22:40 @multi_evo_agent_runner.py:115] Agent_1 gets eval reward: -508.09.
[20260602 16:22:40 @multi_evo_agent_runner.py:116] Agent_1 gets win rate: 0.08.
[20260602 16:22:40 @multi_evo_agent_runner.py:79] #------------------------ Iteration 824 --------------------------#
[20260602 16:22:57 @multi_evo_agent_runner.py:85] Sampling 50000 steps by 50 slaves, spending 17.02 s.
[20260602 16:23:28 @multi_evo_agent_runner.py:94] Policy update, spending: 31.05 s.
[20260602 16:23:30 @multi_evo_agent_runner.py:99] Evaluation time: 2.26 s.
[20260602 16:23:30 @multi_evo_agent_runner.py:105] Total time:     669.29 min
[20260602 16:23:30 @multi_evo_agent_runner.py:115] Agent_0 gets eval reward: -130.30.
[20260602 16:23:30 @multi_evo_agent_runner.py:116] Agent_0 gets win rate: 0.29.
[20260602 16:23:30 @multi_evo_agent_runner.py:115] Agent_1 gets eval reward: -170.96.
[20260602 16:23:30 @multi_evo_agent_runner.py:116] Agent_1 gets win rate: 0.26.
[20260602 16:23:30 @multi_evo_agent_runner.py:79] #------------------------ Iteration 825 --------------------------#
[20260602 16:23:47 @multi_evo_agent_runner.py:85] Sampling 50000 steps by 50 slaves, spending 16.44 s.
[20260602 16:24:17 @multi_evo_agent_runner.py:94] Policy update, spending: 30.27 s.
[20260602 16:24:20 @multi_evo_agent_runner.py:99] Evaluation time: 2.62 s.
[20260602 16:24:20 @multi_evo_agent_runner.py:105] Total time:     670.12 min
[20260602 16:24:20 @multi_evo_agent_runner.py:115] Agent_0 gets eval reward: 846.91.
[20260602 16:24:20 @multi_evo_agent_runner.py:116] Agent_0 gets win rate: 0.65.
[20260602 16:24:20 @multi_evo_agent_runner.py:115] Agent_1 gets eval reward: -993.17.
[20260602 16:24:20 @multi_evo_agent_runner.py:116] Agent_1 gets win rate: 0.10.
[20260602 16:24:20 @multi_evo_agent_runner.py:503] CRITICAL save best checkpoint with agent_0's rewards 846.91!
[20260602 16:24:20 @multi_evo_agent_runner.py:79] #------------------------ Iteration 826 --------------------------#
[20260602 16:24:37 @multi_evo_agent_runner.py:85] Sampling 50000 steps by 50 slaves, spending 17.51 s.
[20260602 16:25:09 @multi_evo_agent_runner.py:94] Policy update, spending: 31.45 s.
[20260602 16:25:11 @multi_evo_agent_runner.py:99] Evaluation time: 2.31 s.
[20260602 16:25:11 @multi_evo_agent_runner.py:105] Total time:     670.98 min
[20260602 16:25:11 @multi_evo_agent_runner.py:115] Agent_0 gets eval reward: -384.89.
[20260602 16:25:11 @multi_evo_agent_runner.py:116] Agent_0 gets win rate: 0.26.
[20260602 16:25:11 @multi_evo_agent_runner.py:115] Agent_1 gets eval reward: 69.87.
[20260602 16:25:11 @multi_evo_agent_runner.py:116] Agent_1 gets win rate: 0.34.
[20260602 16:25:11 @multi_evo_agent_runner.py:79] #------------------------ Iteration 827 --------------------------#
[20260602 16:25:29 @multi_evo_agent_runner.py:85] Sampling 50000 steps by 50 slaves, spending 17.55 s.
[20260602 16:26:00 @multi_evo_agent_runner.py:94] Policy update, spending: 30.58 s.
[20260602 16:26:02 @multi_evo_agent_runner.py:99] Evaluation time: 2.22 s.
[20260602 16:26:02 @multi_evo_agent_runner.py:105] Total time:     671.82 min
[20260602 16:26:02 @multi_evo_agent_runner.py:115] Agent_0 gets eval reward: -282.34.
[20260602 16:26:02 @multi_evo_agent_runner.py:116] Agent_0 gets win rate: 0.23.
[20260602 16:26:02 @multi_evo_agent_runner.py:115] Agent_1 gets eval reward: -217.86.
[20260602 16:26:02 @multi_evo_agent_runner.py:116] Agent_1 gets win rate: 0.23.
[20260602 16:26:02 @multi_evo_agent_runner.py:79] #------------------------ Iteration 828 --------------------------#
[20260602 16:26:19 @multi_evo_agent_runner.py:85] Sampling 50000 steps by 50 slaves, spending 16.82 s.
[20260602 16:26:50 @multi_evo_agent_runner.py:94] Policy update, spending: 31.19 s.
[20260602 16:26:52 @multi_evo_agent_runner.py:99] Evaluation time: 2.22 s.
[20260602 16:26:52 @multi_evo_agent_runner.py:105] Total time:     672.66 min
[20260602 16:26:52 @multi_evo_agent_runner.py:115] Agent_0 gets eval reward: -356.12.
[20260602 16:26:52 @multi_evo_agent_runner.py:116] Agent_0 gets win rate: 0.26.
[20260602 16:26:52 @multi_evo_agent_runner.py:115] Agent_1 gets eval reward: -90.89.
[20260602 16:26:52 @multi_evo_agent_runner.py:116] Agent_1 gets win rate: 0.29.
[20260602 16:26:53 @multi_evo_agent_runner.py:79] #------------------------ Iteration 829 --------------------------#
[20260602 16:27:10 @multi_evo_agent_runner.py:85] Sampling 50000 steps by 50 slaves, spending 17.34 s.
[20260602 16:27:42 @multi_evo_agent_runner.py:94] Policy update, spending: 31.70 s.
[20260602 16:27:44 @multi_evo_agent_runner.py:99] Evaluation time: 2.09 s.
[20260602 16:27:44 @multi_evo_agent_runner.py:105] Total time:     673.52 min
[20260602 16:27:44 @multi_evo_agent_runner.py:115] Agent_0 gets eval reward: -223.79.
[20260602 16:27:44 @multi_evo_agent_runner.py:116] Agent_0 gets win rate: 0.29.
[20260602 16:27:44 @multi_evo_agent_runner.py:115] Agent_1 gets eval reward: -253.51.
[20260602 16:27:44 @multi_evo_agent_runner.py:116] Agent_1 gets win rate: 0.23.
[20260602 16:27:44 @multi_evo_agent_runner.py:79] #------------------------ Iteration 830 --------------------------#
[20260602 16:28:02 @multi_evo_agent_runner.py:85] Sampling 50000 steps by 50 slaves, spending 17.93 s.
[20260602 16:28:34 @multi_evo_agent_runner.py:94] Policy update, spending: 31.90 s.
[20260602 16:28:36 @multi_evo_agent_runner.py:99] Evaluation time: 2.32 s.
[20260602 16:28:36 @multi_evo_agent_runner.py:105] Total time:     674.39 min
[20260602 16:28:36 @multi_evo_agent_runner.py:115] Agent_0 gets eval reward: -663.10.
[20260602 16:28:36 @multi_evo_agent_runner.py:116] Agent_0 gets win rate: 0.11.
[20260602 16:28:36 @multi_evo_agent_runner.py:115] Agent_1 gets eval reward: 53.43.
[20260602 16:28:36 @multi_evo_agent_runner.py:116] Agent_1 gets win rate: 0.29.
[20260602 16:28:36 @multi_evo_agent_runner.py:79] #------------------------ Iteration 831 --------------------------#
[20260602 16:28:53 @multi_evo_agent_runner.py:85] Sampling 50000 steps by 50 slaves, spending 16.43 s.
[20260602 16:29:24 @multi_evo_agent_runner.py:94] Policy update, spending: 30.64 s.
[20260602 16:29:26 @multi_evo_agent_runner.py:99] Evaluation time: 2.09 s.
[20260602 16:29:26 @multi_evo_agent_runner.py:105] Total time:     675.22 min
[20260602 16:29:26 @multi_evo_agent_runner.py:115] Agent_0 gets eval reward: 261.59.
[20260602 16:29:26 @multi_evo_agent_runner.py:116] Agent_0 gets win rate: 0.38.
[20260602 16:29:26 @multi_evo_agent_runner.py:115] Agent_1 gets eval reward: -804.54.
[20260602 16:29:26 @multi_evo_agent_runner.py:116] Agent_1 gets win rate: 0.07.
[20260602 16:29:26 @multi_evo_agent_runner.py:79] #------------------------ Iteration 832 --------------------------#
[20260602 16:29:43 @multi_evo_agent_runner.py:85] Sampling 50000 steps by 50 slaves, spending 16.91 s.
[20260602 16:30:14 @multi_evo_agent_runner.py:94] Policy update, spending: 30.70 s.
[20260602 16:30:16 @multi_evo_agent_runner.py:99] Evaluation time: 1.99 s.
[20260602 16:30:16 @multi_evo_agent_runner.py:105] Total time:     676.05 min
[20260602 16:30:16 @multi_evo_agent_runner.py:115] Agent_0 gets eval reward: 5.74.
[20260602 16:30:16 @multi_evo_agent_runner.py:116] Agent_0 gets win rate: 0.35.
[20260602 16:30:16 @multi_evo_agent_runner.py:115] Agent_1 gets eval reward: -206.92.
[20260602 16:30:16 @multi_evo_agent_runner.py:116] Agent_1 gets win rate: 0.26.
[20260602 16:30:16 @multi_evo_agent_runner.py:79] #------------------------ Iteration 833 --------------------------#
[20260602 16:30:33 @multi_evo_agent_runner.py:85] Sampling 50000 steps by 50 slaves, spending 17.11 s.
[20260602 16:31:03 @multi_evo_agent_runner.py:94] Policy update, spending: 30.53 s.
[20260602 16:31:06 @multi_evo_agent_runner.py:99] Evaluation time: 2.52 s.
[20260602 16:31:06 @multi_evo_agent_runner.py:105] Total time:     676.89 min
[20260602 16:31:06 @multi_evo_agent_runner.py:115] Agent_0 gets eval reward: -277.61.
[20260602 16:31:06 @multi_evo_agent_runner.py:116] Agent_0 gets win rate: 0.21.
[20260602 16:31:06 @multi_evo_agent_runner.py:115] Agent_1 gets eval reward: -141.80.
[20260602 16:31:06 @multi_evo_agent_runner.py:116] Agent_1 gets win rate: 0.21.
[20260602 16:31:06 @multi_evo_agent_runner.py:79] #------------------------ Iteration 834 --------------------------#
[20260602 16:31:23 @multi_evo_agent_runner.py:85] Sampling 50000 steps by 50 slaves, spending 16.90 s.
[20260602 16:31:54 @multi_evo_agent_runner.py:94] Policy update, spending: 31.05 s.
[20260602 16:31:56 @multi_evo_agent_runner.py:99] Evaluation time: 2.02 s.
[20260602 16:31:56 @multi_evo_agent_runner.py:105] Total time:     677.73 min
[20260602 16:31:56 @multi_evo_agent_runner.py:115] Agent_0 gets eval reward: 52.54.
[20260602 16:31:56 @multi_evo_agent_runner.py:116] Agent_0 gets win rate: 0.31.
[20260602 16:31:56 @multi_evo_agent_runner.py:115] Agent_1 gets eval reward: -479.29.
[20260602 16:31:56 @multi_evo_agent_runner.py:116] Agent_1 gets win rate: 0.15.
[20260602 16:31:57 @multi_evo_agent_runner.py:79] #------------------------ Iteration 835 --------------------------#
[20260602 16:32:13 @multi_evo_agent_runner.py:85] Sampling 50000 steps by 50 slaves, spending 16.69 s.
[20260602 16:32:44 @multi_evo_agent_runner.py:94] Policy update, spending: 30.38 s.
[20260602 16:32:46 @multi_evo_agent_runner.py:99] Evaluation time: 1.97 s.
[20260602 16:32:46 @multi_evo_agent_runner.py:105] Total time:     678.55 min
[20260602 16:32:46 @multi_evo_agent_runner.py:115] Agent_0 gets eval reward: -386.24.
[20260602 16:32:46 @multi_evo_agent_runner.py:116] Agent_0 gets win rate: 0.12.
[20260602 16:32:46 @multi_evo_agent_runner.py:115] Agent_1 gets eval reward: -98.16.
[20260602 16:32:46 @multi_evo_agent_runner.py:116] Agent_1 gets win rate: 0.24.
[20260602 16:32:46 @multi_evo_agent_runner.py:79] #------------------------ Iteration 836 --------------------------#
[20260602 16:33:05 @multi_evo_agent_runner.py:85] Sampling 50000 steps by 50 slaves, spending 18.72 s.
[20260602 16:33:36 @multi_evo_agent_runner.py:94] Policy update, spending: 31.86 s.
[20260602 16:33:39 @multi_evo_agent_runner.py:99] Evaluation time: 2.21 s.
[20260602 16:33:39 @multi_evo_agent_runner.py:105] Total time:     679.43 min
[20260602 16:33:39 @multi_evo_agent_runner.py:115] Agent_0 gets eval reward: 205.32.
[20260602 16:33:39 @multi_evo_agent_runner.py:116] Agent_0 gets win rate: 0.34.
[20260602 16:33:39 @multi_evo_agent_runner.py:115] Agent_1 gets eval reward: -713.50.
[20260602 16:33:39 @multi_evo_agent_runner.py:116] Agent_1 gets win rate: 0.07.
[20260602 16:33:39 @multi_evo_agent_runner.py:79] #------------------------ Iteration 837 --------------------------#
[20260602 16:33:56 @multi_evo_agent_runner.py:85] Sampling 50000 steps by 50 slaves, spending 17.46 s.
[20260602 16:34:28 @multi_evo_agent_runner.py:94] Policy update, spending: 31.35 s.
[20260602 16:34:30 @multi_evo_agent_runner.py:99] Evaluation time: 2.24 s.
[20260602 16:34:30 @multi_evo_agent_runner.py:105] Total time:     680.29 min
[20260602 16:34:30 @multi_evo_agent_runner.py:115] Agent_0 gets eval reward: -73.94.
[20260602 16:34:30 @multi_evo_agent_runner.py:116] Agent_0 gets win rate: 0.32.
[20260602 16:34:30 @multi_evo_agent_runner.py:115] Agent_1 gets eval reward: -366.10.
[20260602 16:34:30 @multi_evo_agent_runner.py:116] Agent_1 gets win rate: 0.23.
[20260602 16:34:30 @multi_evo_agent_runner.py:79] #------------------------ Iteration 838 --------------------------#
[20260602 16:34:47 @multi_evo_agent_runner.py:85] Sampling 50000 steps by 50 slaves, spending 16.27 s.
[20260602 16:35:15 @multi_evo_agent_runner.py:94] Policy update, spending: 28.83 s.
[20260602 16:35:17 @multi_evo_agent_runner.py:99] Evaluation time: 2.07 s.
[20260602 16:35:17 @multi_evo_agent_runner.py:105] Total time:     681.08 min
[20260602 16:35:18 @multi_evo_agent_runner.py:115] Agent_0 gets eval reward: -200.17.
[20260602 16:35:18 @multi_evo_agent_runner.py:116] Agent_0 gets win rate: 0.24.
[20260602 16:35:18 @multi_evo_agent_runner.py:115] Agent_1 gets eval reward: -390.14.
[20260602 16:35:18 @multi_evo_agent_runner.py:116] Agent_1 gets win rate: 0.17.
[20260602 16:35:18 @multi_evo_agent_runner.py:79] #------------------------ Iteration 839 --------------------------#
[20260602 16:35:35 @multi_evo_agent_runner.py:85] Sampling 50000 steps by 50 slaves, spending 16.99 s.
[20260602 16:36:06 @multi_evo_agent_runner.py:94] Policy update, spending: 31.51 s.
[20260602 16:36:08 @multi_evo_agent_runner.py:99] Evaluation time: 2.11 s.
[20260602 16:36:08 @multi_evo_agent_runner.py:105] Total time:     681.93 min
[20260602 16:36:08 @multi_evo_agent_runner.py:115] Agent_0 gets eval reward: -345.91.
[20260602 16:36:08 @multi_evo_agent_runner.py:116] Agent_0 gets win rate: 0.33.
[20260602 16:36:08 @multi_evo_agent_runner.py:115] Agent_1 gets eval reward: 243.95.
[20260602 16:36:08 @multi_evo_agent_runner.py:116] Agent_1 gets win rate: 0.47.
[20260602 16:36:09 @multi_evo_agent_runner.py:79] #------------------------ Iteration 840 --------------------------#
[20260602 16:36:25 @multi_evo_agent_runner.py:85] Sampling 50000 steps by 50 slaves, spending 16.15 s.
[20260602 16:36:54 @multi_evo_agent_runner.py:94] Policy update, spending: 29.32 s.
[20260602 16:36:57 @multi_evo_agent_runner.py:99] Evaluation time: 2.56 s.
[20260602 16:36:57 @multi_evo_agent_runner.py:105] Total time:     682.73 min
[20260602 16:36:57 @multi_evo_agent_runner.py:115] Agent_0 gets eval reward: 320.34.
[20260602 16:36:57 @multi_evo_agent_runner.py:116] Agent_0 gets win rate: 0.42.
[20260602 16:36:57 @multi_evo_agent_runner.py:115] Agent_1 gets eval reward: -713.26.
[20260602 16:36:57 @multi_evo_agent_runner.py:116] Agent_1 gets win rate: 0.15.
[20260602 16:36:57 @multi_evo_agent_runner.py:79] #------------------------ Iteration 841 --------------------------#
[20260602 16:37:15 @multi_evo_agent_runner.py:85] Sampling 50000 steps by 50 slaves, spending 17.95 s.
[20260602 16:37:46 @multi_evo_agent_runner.py:94] Policy update, spending: 30.83 s.
[20260602 16:37:48 @multi_evo_agent_runner.py:99] Evaluation time: 2.41 s.
[20260602 16:37:48 @multi_evo_agent_runner.py:105] Total time:     683.59 min
[20260602 16:37:48 @multi_evo_agent_runner.py:115] Agent_0 gets eval reward: -150.36.
[20260602 16:37:48 @multi_evo_agent_runner.py:116] Agent_0 gets win rate: 0.27.
[20260602 16:37:48 @multi_evo_agent_runner.py:115] Agent_1 gets eval reward: -450.28.
[20260602 16:37:48 @multi_evo_agent_runner.py:116] Agent_1 gets win rate: 0.17.
[20260602 16:37:48 @multi_evo_agent_runner.py:79] #------------------------ Iteration 842 --------------------------#
[20260602 16:38:05 @multi_evo_agent_runner.py:85] Sampling 50000 steps by 50 slaves, spending 17.04 s.
[20260602 16:38:35 @multi_evo_agent_runner.py:94] Policy update, spending: 29.97 s.
[20260602 16:38:38 @multi_evo_agent_runner.py:99] Evaluation time: 2.55 s.
[20260602 16:38:38 @multi_evo_agent_runner.py:105] Total time:     684.42 min
[20260602 16:38:38 @multi_evo_agent_runner.py:115] Agent_0 gets eval reward: -752.26.
[20260602 16:38:38 @multi_evo_agent_runner.py:116] Agent_0 gets win rate: 0.11.
[20260602 16:38:38 @multi_evo_agent_runner.py:115] Agent_1 gets eval reward: 153.40.
[20260602 16:38:38 @multi_evo_agent_runner.py:116] Agent_1 gets win rate: 0.33.
[20260602 16:38:38 @multi_evo_agent_runner.py:79] #------------------------ Iteration 843 --------------------------#
[20260602 16:38:56 @multi_evo_agent_runner.py:85] Sampling 50000 steps by 50 slaves, spending 17.54 s.
[20260602 16:39:27 @multi_evo_agent_runner.py:94] Policy update, spending: 30.79 s.
[20260602 16:39:29 @multi_evo_agent_runner.py:99] Evaluation time: 2.32 s.
[20260602 16:39:29 @multi_evo_agent_runner.py:105] Total time:     685.27 min
[20260602 16:39:29 @multi_evo_agent_runner.py:115] Agent_0 gets eval reward: -68.65.
[20260602 16:39:29 @multi_evo_agent_runner.py:116] Agent_0 gets win rate: 0.33.
[20260602 16:39:29 @multi_evo_agent_runner.py:115] Agent_1 gets eval reward: -522.64.
[20260602 16:39:29 @multi_evo_agent_runner.py:116] Agent_1 gets win rate: 0.17.
[20260602 16:39:29 @multi_evo_agent_runner.py:79] #------------------------ Iteration 844 --------------------------#
[20260602 16:39:47 @multi_evo_agent_runner.py:85] Sampling 50000 steps by 50 slaves, spending 17.85 s.
[20260602 16:40:18 @multi_evo_agent_runner.py:94] Policy update, spending: 31.28 s.
[20260602 16:40:21 @multi_evo_agent_runner.py:99] Evaluation time: 2.28 s.
[20260602 16:40:21 @multi_evo_agent_runner.py:105] Total time:     686.13 min
[20260602 16:40:21 @multi_evo_agent_runner.py:115] Agent_0 gets eval reward: -446.10.
[20260602 16:40:21 @multi_evo_agent_runner.py:116] Agent_0 gets win rate: 0.26.
[20260602 16:40:21 @multi_evo_agent_runner.py:115] Agent_1 gets eval reward: 245.31.
[20260602 16:40:21 @multi_evo_agent_runner.py:116] Agent_1 gets win rate: 0.46.
[20260602 16:40:21 @multi_evo_agent_runner.py:79] #------------------------ Iteration 845 --------------------------#
[20260602 16:40:38 @multi_evo_agent_runner.py:85] Sampling 50000 steps by 50 slaves, spending 16.74 s.
[20260602 16:41:09 @multi_evo_agent_runner.py:94] Policy update, spending: 31.00 s.
[20260602 16:41:11 @multi_evo_agent_runner.py:99] Evaluation time: 2.14 s.
[20260602 16:41:11 @multi_evo_agent_runner.py:105] Total time:     686.97 min
[20260602 16:41:11 @multi_evo_agent_runner.py:115] Agent_0 gets eval reward: -12.80.
[20260602 16:41:11 @multi_evo_agent_runner.py:116] Agent_0 gets win rate: 0.34.
[20260602 16:41:11 @multi_evo_agent_runner.py:115] Agent_1 gets eval reward: -384.90.
[20260602 16:41:11 @multi_evo_agent_runner.py:116] Agent_1 gets win rate: 0.22.
[20260602 16:41:11 @multi_evo_agent_runner.py:79] #------------------------ Iteration 846 --------------------------#
[20260602 16:41:29 @multi_evo_agent_runner.py:85] Sampling 50000 steps by 50 slaves, spending 17.46 s.
[20260602 16:42:00 @multi_evo_agent_runner.py:94] Policy update, spending: 31.15 s.
[20260602 16:42:02 @multi_evo_agent_runner.py:99] Evaluation time: 2.00 s.
[20260602 16:42:02 @multi_evo_agent_runner.py:105] Total time:     687.82 min
[20260602 16:42:02 @multi_evo_agent_runner.py:115] Agent_0 gets eval reward: -399.33.
[20260602 16:42:02 @multi_evo_agent_runner.py:116] Agent_0 gets win rate: 0.19.
[20260602 16:42:02 @multi_evo_agent_runner.py:115] Agent_1 gets eval reward: 12.33.
[20260602 16:42:02 @multi_evo_agent_runner.py:116] Agent_1 gets win rate: 0.26.
[20260602 16:42:02 @multi_evo_agent_runner.py:79] #------------------------ Iteration 847 --------------------------#
[20260602 16:42:19 @multi_evo_agent_runner.py:85] Sampling 50000 steps by 50 slaves, spending 16.88 s.
[20260602 16:42:49 @multi_evo_agent_runner.py:94] Policy update, spending: 30.19 s.
[20260602 16:42:51 @multi_evo_agent_runner.py:99] Evaluation time: 1.95 s.
[20260602 16:42:51 @multi_evo_agent_runner.py:105] Total time:     688.64 min
[20260602 16:42:51 @multi_evo_agent_runner.py:115] Agent_0 gets eval reward: 206.59.
[20260602 16:42:51 @multi_evo_agent_runner.py:116] Agent_0 gets win rate: 0.38.
[20260602 16:42:51 @multi_evo_agent_runner.py:115] Agent_1 gets eval reward: -410.66.
[20260602 16:42:51 @multi_evo_agent_runner.py:116] Agent_1 gets win rate: 0.24.
[20260602 16:42:51 @multi_evo_agent_runner.py:79] #------------------------ Iteration 848 --------------------------#
[20260602 16:43:08 @multi_evo_agent_runner.py:85] Sampling 50000 steps by 50 slaves, spending 16.44 s.
[20260602 16:43:38 @multi_evo_agent_runner.py:94] Policy update, spending: 29.84 s.
[20260602 16:43:40 @multi_evo_agent_runner.py:99] Evaluation time: 2.11 s.
[20260602 16:43:40 @multi_evo_agent_runner.py:105] Total time:     689.45 min
[20260602 16:43:40 @multi_evo_agent_runner.py:115] Agent_0 gets eval reward: 142.79.
[20260602 16:43:40 @multi_evo_agent_runner.py:116] Agent_0 gets win rate: 0.41.
[20260602 16:43:40 @multi_evo_agent_runner.py:115] Agent_1 gets eval reward: -565.57.
[20260602 16:43:40 @multi_evo_agent_runner.py:116] Agent_1 gets win rate: 0.21.
[20260602 16:43:40 @multi_evo_agent_runner.py:79] #------------------------ Iteration 849 --------------------------#
[20260602 16:43:57 @multi_evo_agent_runner.py:85] Sampling 50000 steps by 50 slaves, spending 17.42 s.
[20260602 16:44:28 @multi_evo_agent_runner.py:94] Policy update, spending: 30.59 s.
[20260602 16:44:30 @multi_evo_agent_runner.py:99] Evaluation time: 2.00 s.
[20260602 16:44:30 @multi_evo_agent_runner.py:105] Total time:     690.29 min
[20260602 16:44:30 @multi_evo_agent_runner.py:115] Agent_0 gets eval reward: -293.79.
[20260602 16:44:30 @multi_evo_agent_runner.py:116] Agent_0 gets win rate: 0.22.
[20260602 16:44:30 @multi_evo_agent_runner.py:115] Agent_1 gets eval reward: -329.45.
[20260602 16:44:30 @multi_evo_agent_runner.py:116] Agent_1 gets win rate: 0.19.
[20260602 16:44:30 @multi_evo_agent_runner.py:79] #------------------------ Iteration 850 --------------------------#
[20260602 16:44:47 @multi_evo_agent_runner.py:85] Sampling 50000 steps by 50 slaves, spending 16.94 s.
[20260602 16:45:17 @multi_evo_agent_runner.py:94] Policy update, spending: 30.28 s.
[20260602 16:45:20 @multi_evo_agent_runner.py:99] Evaluation time: 2.24 s.
[20260602 16:45:20 @multi_evo_agent_runner.py:105] Total time:     691.12 min
[20260602 16:45:20 @multi_evo_agent_runner.py:115] Agent_0 gets eval reward: -242.18.
[20260602 16:45:20 @multi_evo_agent_runner.py:116] Agent_0 gets win rate: 0.23.
[20260602 16:45:20 @multi_evo_agent_runner.py:115] Agent_1 gets eval reward: -408.41.
[20260602 16:45:20 @multi_evo_agent_runner.py:116] Agent_1 gets win rate: 0.17.
[20260602 16:45:20 @multi_evo_agent_runner.py:79] #------------------------ Iteration 851 --------------------------#
[20260602 16:45:37 @multi_evo_agent_runner.py:85] Sampling 50000 steps by 50 slaves, spending 16.81 s.
[20260602 16:46:07 @multi_evo_agent_runner.py:94] Policy update, spending: 30.73 s.
[20260602 16:46:10 @multi_evo_agent_runner.py:99] Evaluation time: 2.09 s.
[20260602 16:46:10 @multi_evo_agent_runner.py:105] Total time:     691.95 min
[20260602 16:46:10 @multi_evo_agent_runner.py:115] Agent_0 gets eval reward: -276.71.
[20260602 16:46:10 @multi_evo_agent_runner.py:116] Agent_0 gets win rate: 0.25.
[20260602 16:46:10 @multi_evo_agent_runner.py:115] Agent_1 gets eval reward: 94.34.
[20260602 16:46:10 @multi_evo_agent_runner.py:116] Agent_1 gets win rate: 0.36.
[20260602 16:46:10 @multi_evo_agent_runner.py:79] #------------------------ Iteration 852 --------------------------#
[20260602 16:46:27 @multi_evo_agent_runner.py:85] Sampling 50000 steps by 50 slaves, spending 17.03 s.
[20260602 16:46:58 @multi_evo_agent_runner.py:94] Policy update, spending: 30.83 s.
[20260602 16:47:00 @multi_evo_agent_runner.py:99] Evaluation time: 2.22 s.
[20260602 16:47:00 @multi_evo_agent_runner.py:105] Total time:     692.79 min
[20260602 16:47:00 @multi_evo_agent_runner.py:115] Agent_0 gets eval reward: 342.58.
[20260602 16:47:00 @multi_evo_agent_runner.py:116] Agent_0 gets win rate: 0.43.
[20260602 16:47:00 @multi_evo_agent_runner.py:115] Agent_1 gets eval reward: -641.39.
[20260602 16:47:00 @multi_evo_agent_runner.py:116] Agent_1 gets win rate: 0.17.
[20260602 16:47:00 @multi_evo_agent_runner.py:79] #------------------------ Iteration 853 --------------------------#
[20260602 16:47:18 @multi_evo_agent_runner.py:85] Sampling 50000 steps by 50 slaves, spending 17.38 s.
[20260602 16:47:49 @multi_evo_agent_runner.py:94] Policy update, spending: 30.91 s.
[20260602 16:47:51 @multi_evo_agent_runner.py:99] Evaluation time: 2.07 s.
[20260602 16:47:51 @multi_evo_agent_runner.py:105] Total time:     693.63 min
[20260602 16:47:51 @multi_evo_agent_runner.py:115] Agent_0 gets eval reward: 330.94.
[20260602 16:47:51 @multi_evo_agent_runner.py:116] Agent_0 gets win rate: 0.45.
[20260602 16:47:51 @multi_evo_agent_runner.py:115] Agent_1 gets eval reward: -801.91.
[20260602 16:47:51 @multi_evo_agent_runner.py:116] Agent_1 gets win rate: 0.10.
[20260602 16:47:51 @multi_evo_agent_runner.py:79] #------------------------ Iteration 854 --------------------------#
[20260602 16:48:08 @multi_evo_agent_runner.py:85] Sampling 50000 steps by 50 slaves, spending 17.36 s.
[20260602 16:48:40 @multi_evo_agent_runner.py:94] Policy update, spending: 31.41 s.
[20260602 16:48:42 @multi_evo_agent_runner.py:99] Evaluation time: 2.38 s.
[20260602 16:48:42 @multi_evo_agent_runner.py:105] Total time:     694.49 min
[20260602 16:48:42 @multi_evo_agent_runner.py:115] Agent_0 gets eval reward: 459.96.
[20260602 16:48:42 @multi_evo_agent_runner.py:116] Agent_0 gets win rate: 0.55.
[20260602 16:48:42 @multi_evo_agent_runner.py:115] Agent_1 gets eval reward: -713.83.
[20260602 16:48:42 @multi_evo_agent_runner.py:116] Agent_1 gets win rate: 0.20.
[20260602 16:48:42 @multi_evo_agent_runner.py:79] #------------------------ Iteration 855 --------------------------#
[20260602 16:49:00 @multi_evo_agent_runner.py:85] Sampling 50000 steps by 50 slaves, spending 17.97 s.
[20260602 16:49:32 @multi_evo_agent_runner.py:94] Policy update, spending: 31.39 s.
[20260602 16:49:34 @multi_evo_agent_runner.py:99] Evaluation time: 2.18 s.
[20260602 16:49:34 @multi_evo_agent_runner.py:105] Total time:     695.35 min
[20260602 16:49:34 @multi_evo_agent_runner.py:115] Agent_0 gets eval reward: 578.05.
[20260602 16:49:34 @multi_evo_agent_runner.py:116] Agent_0 gets win rate: 0.54.
[20260602 16:49:34 @multi_evo_agent_runner.py:115] Agent_1 gets eval reward: -810.06.
[20260602 16:49:34 @multi_evo_agent_runner.py:116] Agent_1 gets win rate: 0.14.
[20260602 16:49:34 @multi_evo_agent_runner.py:79] #------------------------ Iteration 856 --------------------------#
[20260602 16:49:51 @multi_evo_agent_runner.py:85] Sampling 50000 steps by 50 slaves, spending 16.84 s.
[20260602 16:50:22 @multi_evo_agent_runner.py:94] Policy update, spending: 30.68 s.
[20260602 16:50:24 @multi_evo_agent_runner.py:99] Evaluation time: 2.37 s.
[20260602 16:50:24 @multi_evo_agent_runner.py:105] Total time:     696.19 min
[20260602 16:50:24 @multi_evo_agent_runner.py:115] Agent_0 gets eval reward: -80.77.
[20260602 16:50:24 @multi_evo_agent_runner.py:116] Agent_0 gets win rate: 0.28.
[20260602 16:50:24 @multi_evo_agent_runner.py:115] Agent_1 gets eval reward: -318.90.
[20260602 16:50:24 @multi_evo_agent_runner.py:116] Agent_1 gets win rate: 0.21.
[20260602 16:50:24 @multi_evo_agent_runner.py:79] #------------------------ Iteration 857 --------------------------#
[20260602 16:50:42 @multi_evo_agent_runner.py:85] Sampling 50000 steps by 50 slaves, spending 17.72 s.
[20260602 16:51:13 @multi_evo_agent_runner.py:94] Policy update, spending: 31.35 s.
[20260602 16:51:16 @multi_evo_agent_runner.py:99] Evaluation time: 2.29 s.
[20260602 16:51:16 @multi_evo_agent_runner.py:105] Total time:     697.05 min
[20260602 16:51:16 @multi_evo_agent_runner.py:115] Agent_0 gets eval reward: 557.32.
[20260602 16:51:16 @multi_evo_agent_runner.py:116] Agent_0 gets win rate: 0.48.
[20260602 16:51:16 @multi_evo_agent_runner.py:115] Agent_1 gets eval reward: -1087.45.
[20260602 16:51:16 @multi_evo_agent_runner.py:116] Agent_1 gets win rate: 0.03.
[20260602 16:51:16 @multi_evo_agent_runner.py:79] #------------------------ Iteration 858 --------------------------#
[20260602 16:51:33 @multi_evo_agent_runner.py:85] Sampling 50000 steps by 50 slaves, spending 17.29 s.
[20260602 16:52:04 @multi_evo_agent_runner.py:94] Policy update, spending: 30.63 s.
[20260602 16:52:06 @multi_evo_agent_runner.py:99] Evaluation time: 2.12 s.
[20260602 16:52:06 @multi_evo_agent_runner.py:105] Total time:     697.89 min
[20260602 16:52:06 @multi_evo_agent_runner.py:115] Agent_0 gets eval reward: -640.89.
[20260602 16:52:06 @multi_evo_agent_runner.py:116] Agent_0 gets win rate: 0.08.
[20260602 16:52:06 @multi_evo_agent_runner.py:115] Agent_1 gets eval reward: -395.02.
[20260602 16:52:06 @multi_evo_agent_runner.py:116] Agent_1 gets win rate: 0.08.
[20260602 16:52:06 @multi_evo_agent_runner.py:79] #------------------------ Iteration 859 --------------------------#
[20260602 16:52:23 @multi_evo_agent_runner.py:85] Sampling 50000 steps by 50 slaves, spending 16.74 s.
[20260602 16:52:53 @multi_evo_agent_runner.py:94] Policy update, spending: 30.43 s.
[20260602 16:52:56 @multi_evo_agent_runner.py:99] Evaluation time: 2.14 s.
[20260602 16:52:56 @multi_evo_agent_runner.py:105] Total time:     698.72 min
[20260602 16:52:56 @multi_evo_agent_runner.py:115] Agent_0 gets eval reward: 304.12.
[20260602 16:52:56 @multi_evo_agent_runner.py:116] Agent_0 gets win rate: 0.41.
[20260602 16:52:56 @multi_evo_agent_runner.py:115] Agent_1 gets eval reward: -747.35.
[20260602 16:52:56 @multi_evo_agent_runner.py:116] Agent_1 gets win rate: 0.14.
[20260602 16:52:56 @multi_evo_agent_runner.py:79] #------------------------ Iteration 860 --------------------------#
[20260602 16:53:13 @multi_evo_agent_runner.py:85] Sampling 50000 steps by 50 slaves, spending 17.33 s.
[20260602 16:53:44 @multi_evo_agent_runner.py:94] Policy update, spending: 30.81 s.
[20260602 16:53:46 @multi_evo_agent_runner.py:99] Evaluation time: 2.41 s.
[20260602 16:53:46 @multi_evo_agent_runner.py:105] Total time:     699.56 min
[20260602 16:53:47 @multi_evo_agent_runner.py:115] Agent_0 gets eval reward: 24.73.
[20260602 16:53:47 @multi_evo_agent_runner.py:116] Agent_0 gets win rate: 0.33.
[20260602 16:53:47 @multi_evo_agent_runner.py:115] Agent_1 gets eval reward: -628.61.
[20260602 16:53:47 @multi_evo_agent_runner.py:116] Agent_1 gets win rate: 0.17.
[20260602 16:53:47 @multi_evo_agent_runner.py:79] #------------------------ Iteration 861 --------------------------#
[20260602 16:54:04 @multi_evo_agent_runner.py:85] Sampling 50000 steps by 50 slaves, spending 17.01 s.
[20260602 16:54:34 @multi_evo_agent_runner.py:94] Policy update, spending: 29.85 s.
[20260602 16:54:35 @multi_evo_agent_runner.py:99] Evaluation time: 1.88 s.
[20260602 16:54:35 @multi_evo_agent_runner.py:105] Total time:     700.38 min
[20260602 16:54:36 @multi_evo_agent_runner.py:115] Agent_0 gets eval reward: -588.34.
[20260602 16:54:36 @multi_evo_agent_runner.py:116] Agent_0 gets win rate: 0.08.
[20260602 16:54:36 @multi_evo_agent_runner.py:115] Agent_1 gets eval reward: -319.37.
[20260602 16:54:36 @multi_evo_agent_runner.py:116] Agent_1 gets win rate: 0.12.
[20260602 16:54:36 @multi_evo_agent_runner.py:79] #------------------------ Iteration 862 --------------------------#
[20260602 16:54:52 @multi_evo_agent_runner.py:85] Sampling 50000 steps by 50 slaves, spending 16.16 s.
[20260602 16:55:20 @multi_evo_agent_runner.py:94] Policy update, spending: 28.47 s.
[20260602 16:55:23 @multi_evo_agent_runner.py:99] Evaluation time: 2.37 s.
[20260602 16:55:23 @multi_evo_agent_runner.py:105] Total time:     701.17 min
[20260602 16:55:23 @multi_evo_agent_runner.py:115] Agent_0 gets eval reward: -72.41.
[20260602 16:55:23 @multi_evo_agent_runner.py:116] Agent_0 gets win rate: 0.33.
[20260602 16:55:23 @multi_evo_agent_runner.py:115] Agent_1 gets eval reward: -203.83.
[20260602 16:55:23 @multi_evo_agent_runner.py:116] Agent_1 gets win rate: 0.30.
[20260602 16:55:23 @multi_evo_agent_runner.py:79] #------------------------ Iteration 863 --------------------------#
[20260602 16:55:41 @multi_evo_agent_runner.py:85] Sampling 50000 steps by 50 slaves, spending 18.06 s.
[20260602 16:56:12 @multi_evo_agent_runner.py:94] Policy update, spending: 30.93 s.
[20260602 16:56:14 @multi_evo_agent_runner.py:99] Evaluation time: 2.31 s.
[20260602 16:56:14 @multi_evo_agent_runner.py:105] Total time:     702.03 min
[20260602 16:56:15 @multi_evo_agent_runner.py:115] Agent_0 gets eval reward: 245.16.
[20260602 16:56:15 @multi_evo_agent_runner.py:116] Agent_0 gets win rate: 0.43.
[20260602 16:56:15 @multi_evo_agent_runner.py:115] Agent_1 gets eval reward: -574.46.
[20260602 16:56:15 @multi_evo_agent_runner.py:116] Agent_1 gets win rate: 0.22.
[20260602 16:56:15 @multi_evo_agent_runner.py:79] #------------------------ Iteration 864 --------------------------#
[20260602 16:56:32 @multi_evo_agent_runner.py:85] Sampling 50000 steps by 50 slaves, spending 16.86 s.
[20260602 16:57:02 @multi_evo_agent_runner.py:94] Policy update, spending: 30.53 s.
[20260602 16:57:04 @multi_evo_agent_runner.py:99] Evaluation time: 2.10 s.
[20260602 16:57:04 @multi_evo_agent_runner.py:105] Total time:     702.86 min
[20260602 16:57:04 @multi_evo_agent_runner.py:115] Agent_0 gets eval reward: -322.42.
[20260602 16:57:04 @multi_evo_agent_runner.py:116] Agent_0 gets win rate: 0.27.
[20260602 16:57:04 @multi_evo_agent_runner.py:115] Agent_1 gets eval reward: -201.29.
[20260602 16:57:04 @multi_evo_agent_runner.py:116] Agent_1 gets win rate: 0.27.
[20260602 16:57:04 @multi_evo_agent_runner.py:79] #------------------------ Iteration 865 --------------------------#
[20260602 16:57:21 @multi_evo_agent_runner.py:85] Sampling 50000 steps by 50 slaves, spending 16.63 s.
[20260602 16:57:51 @multi_evo_agent_runner.py:94] Policy update, spending: 30.24 s.
[20260602 16:57:54 @multi_evo_agent_runner.py:99] Evaluation time: 2.36 s.
[20260602 16:57:54 @multi_evo_agent_runner.py:105] Total time:     703.68 min
[20260602 16:57:54 @multi_evo_agent_runner.py:115] Agent_0 gets eval reward: -308.74.
[20260602 16:57:54 @multi_evo_agent_runner.py:116] Agent_0 gets win rate: 0.27.
[20260602 16:57:54 @multi_evo_agent_runner.py:115] Agent_1 gets eval reward: -83.66.
[20260602 16:57:54 @multi_evo_agent_runner.py:116] Agent_1 gets win rate: 0.30.
[20260602 16:57:54 @multi_evo_agent_runner.py:79] #------------------------ Iteration 866 --------------------------#
[20260602 16:58:11 @multi_evo_agent_runner.py:85] Sampling 50000 steps by 50 slaves, spending 17.33 s.
[20260602 16:58:42 @multi_evo_agent_runner.py:94] Policy update, spending: 31.05 s.
[20260602 16:58:45 @multi_evo_agent_runner.py:99] Evaluation time: 2.19 s.
[20260602 16:58:45 @multi_evo_agent_runner.py:105] Total time:     704.53 min
[20260602 16:58:45 @multi_evo_agent_runner.py:115] Agent_0 gets eval reward: 137.76.
[20260602 16:58:45 @multi_evo_agent_runner.py:116] Agent_0 gets win rate: 0.45.
[20260602 16:58:45 @multi_evo_agent_runner.py:115] Agent_1 gets eval reward: -329.83.
[20260602 16:58:45 @multi_evo_agent_runner.py:116] Agent_1 gets win rate: 0.33.
[20260602 16:58:45 @multi_evo_agent_runner.py:79] #------------------------ Iteration 867 --------------------------#
[20260602 16:59:02 @multi_evo_agent_runner.py:85] Sampling 50000 steps by 50 slaves, spending 17.06 s.
[20260602 16:59:32 @multi_evo_agent_runner.py:94] Policy update, spending: 30.16 s.
[20260602 16:59:34 @multi_evo_agent_runner.py:99] Evaluation time: 2.26 s.
[20260602 16:59:34 @multi_evo_agent_runner.py:105] Total time:     705.36 min
[20260602 16:59:34 @multi_evo_agent_runner.py:115] Agent_0 gets eval reward: 2.64.
[20260602 16:59:34 @multi_evo_agent_runner.py:116] Agent_0 gets win rate: 0.37.
[20260602 16:59:34 @multi_evo_agent_runner.py:115] Agent_1 gets eval reward: -485.42.
[20260602 16:59:34 @multi_evo_agent_runner.py:116] Agent_1 gets win rate: 0.20.
[20260602 16:59:35 @multi_evo_agent_runner.py:79] #------------------------ Iteration 868 --------------------------#
[20260602 16:59:51 @multi_evo_agent_runner.py:85] Sampling 50000 steps by 50 slaves, spending 15.94 s.
[20260602 17:00:19 @multi_evo_agent_runner.py:94] Policy update, spending: 28.61 s.
[20260602 17:00:21 @multi_evo_agent_runner.py:99] Evaluation time: 2.20 s.
[20260602 17:00:21 @multi_evo_agent_runner.py:105] Total time:     706.14 min
[20260602 17:00:21 @multi_evo_agent_runner.py:115] Agent_0 gets eval reward: 175.26.
[20260602 17:00:21 @multi_evo_agent_runner.py:116] Agent_0 gets win rate: 0.48.
[20260602 17:00:21 @multi_evo_agent_runner.py:115] Agent_1 gets eval reward: -228.81.
[20260602 17:00:21 @multi_evo_agent_runner.py:116] Agent_1 gets win rate: 0.36.
[20260602 17:00:22 @multi_evo_agent_runner.py:79] #------------------------ Iteration 869 --------------------------#
[20260602 17:00:39 @multi_evo_agent_runner.py:85] Sampling 50000 steps by 50 slaves, spending 17.69 s.
[20260602 17:01:11 @multi_evo_agent_runner.py:94] Policy update, spending: 31.67 s.
[20260602 17:01:13 @multi_evo_agent_runner.py:99] Evaluation time: 2.34 s.
[20260602 17:01:13 @multi_evo_agent_runner.py:105] Total time:     707.01 min
[20260602 17:01:13 @multi_evo_agent_runner.py:115] Agent_0 gets eval reward: 253.32.
[20260602 17:01:13 @multi_evo_agent_runner.py:116] Agent_0 gets win rate: 0.38.
[20260602 17:01:13 @multi_evo_agent_runner.py:115] Agent_1 gets eval reward: -732.81.
[20260602 17:01:13 @multi_evo_agent_runner.py:116] Agent_1 gets win rate: 0.10.
[20260602 17:01:14 @multi_evo_agent_runner.py:79] #------------------------ Iteration 870 --------------------------#
[20260602 17:01:31 @multi_evo_agent_runner.py:85] Sampling 50000 steps by 50 slaves, spending 16.96 s.
[20260602 17:02:01 @multi_evo_agent_runner.py:94] Policy update, spending: 30.51 s.
[20260602 17:02:03 @multi_evo_agent_runner.py:99] Evaluation time: 2.31 s.
[20260602 17:02:03 @multi_evo_agent_runner.py:105] Total time:     707.85 min
[20260602 17:02:04 @multi_evo_agent_runner.py:115] Agent_0 gets eval reward: 133.34.
[20260602 17:02:04 @multi_evo_agent_runner.py:116] Agent_0 gets win rate: 0.40.
[20260602 17:02:04 @multi_evo_agent_runner.py:115] Agent_1 gets eval reward: -356.53.
[20260602 17:02:04 @multi_evo_agent_runner.py:116] Agent_1 gets win rate: 0.31.
[20260602 17:02:04 @multi_evo_agent_runner.py:79] #------------------------ Iteration 871 --------------------------#
[20260602 17:02:20 @multi_evo_agent_runner.py:85] Sampling 50000 steps by 50 slaves, spending 16.58 s.
[20260602 17:02:50 @multi_evo_agent_runner.py:94] Policy update, spending: 29.59 s.
[20260602 17:02:52 @multi_evo_agent_runner.py:99] Evaluation time: 2.26 s.
[20260602 17:02:52 @multi_evo_agent_runner.py:105] Total time:     708.66 min
[20260602 17:02:52 @multi_evo_agent_runner.py:115] Agent_0 gets eval reward: 284.21.
[20260602 17:02:52 @multi_evo_agent_runner.py:116] Agent_0 gets win rate: 0.49.
[20260602 17:02:52 @multi_evo_agent_runner.py:115] Agent_1 gets eval reward: -504.13.
[20260602 17:02:52 @multi_evo_agent_runner.py:116] Agent_1 gets win rate: 0.27.
[20260602 17:02:52 @multi_evo_agent_runner.py:79] #------------------------ Iteration 872 --------------------------#
[20260602 17:03:10 @multi_evo_agent_runner.py:85] Sampling 50000 steps by 50 slaves, spending 17.94 s.
[20260602 17:03:41 @multi_evo_agent_runner.py:94] Policy update, spending: 31.18 s.
[20260602 17:03:44 @multi_evo_agent_runner.py:99] Evaluation time: 2.05 s.
[20260602 17:03:44 @multi_evo_agent_runner.py:105] Total time:     709.52 min
[20260602 17:03:44 @multi_evo_agent_runner.py:115] Agent_0 gets eval reward: 50.53.
[20260602 17:03:44 @multi_evo_agent_runner.py:116] Agent_0 gets win rate: 0.40.
[20260602 17:03:44 @multi_evo_agent_runner.py:115] Agent_1 gets eval reward: -391.46.
[20260602 17:03:44 @multi_evo_agent_runner.py:116] Agent_1 gets win rate: 0.26.
[20260602 17:03:44 @multi_evo_agent_runner.py:79] #------------------------ Iteration 873 --------------------------#
[20260602 17:04:01 @multi_evo_agent_runner.py:85] Sampling 50000 steps by 50 slaves, spending 17.19 s.
[20260602 17:04:31 @multi_evo_agent_runner.py:94] Policy update, spending: 29.50 s.
[20260602 17:04:33 @multi_evo_agent_runner.py:99] Evaluation time: 2.55 s.
[20260602 17:04:33 @multi_evo_agent_runner.py:105] Total time:     710.34 min
[20260602 17:04:33 @multi_evo_agent_runner.py:115] Agent_0 gets eval reward: -142.20.
[20260602 17:04:33 @multi_evo_agent_runner.py:116] Agent_0 gets win rate: 0.33.
[20260602 17:04:33 @multi_evo_agent_runner.py:115] Agent_1 gets eval reward: -331.24.
[20260602 17:04:33 @multi_evo_agent_runner.py:116] Agent_1 gets win rate: 0.27.
[20260602 17:04:33 @multi_evo_agent_runner.py:79] #------------------------ Iteration 874 --------------------------#
[20260602 17:04:50 @multi_evo_agent_runner.py:85] Sampling 50000 steps by 50 slaves, spending 16.46 s.
[20260602 17:05:19 @multi_evo_agent_runner.py:94] Policy update, spending: 29.69 s.
[20260602 17:05:22 @multi_evo_agent_runner.py:99] Evaluation time: 2.81 s.
[20260602 17:05:22 @multi_evo_agent_runner.py:105] Total time:     711.16 min
[20260602 17:05:22 @multi_evo_agent_runner.py:115] Agent_0 gets eval reward: -537.25.
[20260602 17:05:22 @multi_evo_agent_runner.py:116] Agent_0 gets win rate: 0.17.
[20260602 17:05:22 @multi_evo_agent_runner.py:115] Agent_1 gets eval reward: -102.62.
[20260602 17:05:22 @multi_evo_agent_runner.py:116] Agent_1 gets win rate: 0.28.
[20260602 17:05:23 @multi_evo_agent_runner.py:79] #------------------------ Iteration 875 --------------------------#
[20260602 17:05:40 @multi_evo_agent_runner.py:85] Sampling 50000 steps by 50 slaves, spending 17.26 s.
[20260602 17:06:10 @multi_evo_agent_runner.py:94] Policy update, spending: 30.37 s.
[20260602 17:06:12 @multi_evo_agent_runner.py:99] Evaluation time: 2.14 s.
[20260602 17:06:12 @multi_evo_agent_runner.py:105] Total time:     712.00 min
[20260602 17:06:12 @multi_evo_agent_runner.py:115] Agent_0 gets eval reward: 202.03.
[20260602 17:06:12 @multi_evo_agent_runner.py:116] Agent_0 gets win rate: 0.41.
[20260602 17:06:12 @multi_evo_agent_runner.py:115] Agent_1 gets eval reward: -630.08.
[20260602 17:06:12 @multi_evo_agent_runner.py:116] Agent_1 gets win rate: 0.18.
[20260602 17:06:13 @multi_evo_agent_runner.py:79] #------------------------ Iteration 876 --------------------------#
[20260602 17:06:29 @multi_evo_agent_runner.py:85] Sampling 50000 steps by 50 slaves, spending 16.61 s.
[20260602 17:06:58 @multi_evo_agent_runner.py:94] Policy update, spending: 29.18 s.
[20260602 17:07:01 @multi_evo_agent_runner.py:99] Evaluation time: 2.24 s.
[20260602 17:07:01 @multi_evo_agent_runner.py:105] Total time:     712.80 min
[20260602 17:07:01 @multi_evo_agent_runner.py:115] Agent_0 gets eval reward: -152.78.
[20260602 17:07:01 @multi_evo_agent_runner.py:116] Agent_0 gets win rate: 0.35.
[20260602 17:07:01 @multi_evo_agent_runner.py:115] Agent_1 gets eval reward: -203.93.
[20260602 17:07:01 @multi_evo_agent_runner.py:116] Agent_1 gets win rate: 0.32.
[20260602 17:07:01 @multi_evo_agent_runner.py:79] #------------------------ Iteration 877 --------------------------#
[20260602 17:07:18 @multi_evo_agent_runner.py:85] Sampling 50000 steps by 50 slaves, spending 17.24 s.
[20260602 17:07:49 @multi_evo_agent_runner.py:94] Policy update, spending: 31.14 s.
[20260602 17:07:51 @multi_evo_agent_runner.py:99] Evaluation time: 2.11 s.
[20260602 17:07:51 @multi_evo_agent_runner.py:105] Total time:     713.65 min
[20260602 17:07:52 @multi_evo_agent_runner.py:115] Agent_0 gets eval reward: -121.97.
[20260602 17:07:52 @multi_evo_agent_runner.py:116] Agent_0 gets win rate: 0.37.
[20260602 17:07:52 @multi_evo_agent_runner.py:115] Agent_1 gets eval reward: -61.41.
[20260602 17:07:52 @multi_evo_agent_runner.py:116] Agent_1 gets win rate: 0.37.
[20260602 17:07:52 @multi_evo_agent_runner.py:79] #------------------------ Iteration 878 --------------------------#
[20260602 17:08:09 @multi_evo_agent_runner.py:85] Sampling 50000 steps by 50 slaves, spending 17.70 s.
[20260602 17:08:40 @multi_evo_agent_runner.py:94] Policy update, spending: 30.92 s.
[20260602 17:08:43 @multi_evo_agent_runner.py:99] Evaluation time: 2.27 s.
[20260602 17:08:43 @multi_evo_agent_runner.py:105] Total time:     714.50 min
[20260602 17:08:43 @multi_evo_agent_runner.py:115] Agent_0 gets eval reward: 641.45.
[20260602 17:08:43 @multi_evo_agent_runner.py:116] Agent_0 gets win rate: 0.61.
[20260602 17:08:43 @multi_evo_agent_runner.py:115] Agent_1 gets eval reward: -732.40.
[20260602 17:08:43 @multi_evo_agent_runner.py:116] Agent_1 gets win rate: 0.22.
[20260602 17:08:43 @multi_evo_agent_runner.py:79] #------------------------ Iteration 879 --------------------------#
[20260602 17:09:01 @multi_evo_agent_runner.py:85] Sampling 50000 steps by 50 slaves, spending 17.62 s.
[20260602 17:09:31 @multi_evo_agent_runner.py:94] Policy update, spending: 30.68 s.
[20260602 17:09:34 @multi_evo_agent_runner.py:99] Evaluation time: 2.87 s.
[20260602 17:09:34 @multi_evo_agent_runner.py:105] Total time:     715.36 min
[20260602 17:09:34 @multi_evo_agent_runner.py:115] Agent_0 gets eval reward: -37.64.
[20260602 17:09:34 @multi_evo_agent_runner.py:116] Agent_0 gets win rate: 0.30.
[20260602 17:09:34 @multi_evo_agent_runner.py:115] Agent_1 gets eval reward: -832.51.
[20260602 17:09:34 @multi_evo_agent_runner.py:116] Agent_1 gets win rate: 0.04.
[20260602 17:09:34 @multi_evo_agent_runner.py:79] #------------------------ Iteration 880 --------------------------#
[20260602 17:09:52 @multi_evo_agent_runner.py:85] Sampling 50000 steps by 50 slaves, spending 17.29 s.
[20260602 17:10:22 @multi_evo_agent_runner.py:94] Policy update, spending: 30.10 s.
[20260602 17:10:24 @multi_evo_agent_runner.py:99] Evaluation time: 2.09 s.
[20260602 17:10:24 @multi_evo_agent_runner.py:105] Total time:     716.19 min
[20260602 17:10:24 @multi_evo_agent_runner.py:115] Agent_0 gets eval reward: 643.86.
[20260602 17:10:24 @multi_evo_agent_runner.py:116] Agent_0 gets win rate: 0.53.
[20260602 17:10:24 @multi_evo_agent_runner.py:115] Agent_1 gets eval reward: -1044.11.
[20260602 17:10:24 @multi_evo_agent_runner.py:116] Agent_1 gets win rate: 0.07.
[20260602 17:10:24 @multi_evo_agent_runner.py:79] #------------------------ Iteration 881 --------------------------#
[20260602 17:10:41 @multi_evo_agent_runner.py:85] Sampling 50000 steps by 50 slaves, spending 16.49 s.
[20260602 17:11:11 @multi_evo_agent_runner.py:94] Policy update, spending: 30.09 s.
[20260602 17:11:13 @multi_evo_agent_runner.py:99] Evaluation time: 2.00 s.
[20260602 17:11:13 @multi_evo_agent_runner.py:105] Total time:     717.00 min
[20260602 17:11:13 @multi_evo_agent_runner.py:115] Agent_0 gets eval reward: -46.48.
[20260602 17:11:13 @multi_evo_agent_runner.py:116] Agent_0 gets win rate: 0.41.
[20260602 17:11:13 @multi_evo_agent_runner.py:115] Agent_1 gets eval reward: -132.55.
[20260602 17:11:13 @multi_evo_agent_runner.py:116] Agent_1 gets win rate: 0.38.
[20260602 17:11:13 @multi_evo_agent_runner.py:79] #------------------------ Iteration 882 --------------------------#
[20260602 17:11:30 @multi_evo_agent_runner.py:85] Sampling 50000 steps by 50 slaves, spending 16.70 s.
[20260602 17:12:00 @multi_evo_agent_runner.py:94] Policy update, spending: 30.18 s.
[20260602 17:12:02 @multi_evo_agent_runner.py:99] Evaluation time: 2.26 s.
[20260602 17:12:02 @multi_evo_agent_runner.py:105] Total time:     717.83 min
[20260602 17:12:02 @multi_evo_agent_runner.py:115] Agent_0 gets eval reward: -74.15.
[20260602 17:12:02 @multi_evo_agent_runner.py:116] Agent_0 gets win rate: 0.38.
[20260602 17:12:02 @multi_evo_agent_runner.py:115] Agent_1 gets eval reward: -294.09.
[20260602 17:12:02 @multi_evo_agent_runner.py:116] Agent_1 gets win rate: 0.30.
[20260602 17:12:02 @multi_evo_agent_runner.py:79] #------------------------ Iteration 883 --------------------------#
[20260602 17:12:20 @multi_evo_agent_runner.py:85] Sampling 50000 steps by 50 slaves, spending 17.52 s.
[20260602 17:12:52 @multi_evo_agent_runner.py:94] Policy update, spending: 31.73 s.
[20260602 17:12:54 @multi_evo_agent_runner.py:99] Evaluation time: 2.27 s.
[20260602 17:12:54 @multi_evo_agent_runner.py:105] Total time:     718.69 min
[20260602 17:12:54 @multi_evo_agent_runner.py:115] Agent_0 gets eval reward: -563.48.
[20260602 17:12:54 @multi_evo_agent_runner.py:116] Agent_0 gets win rate: 0.15.
[20260602 17:12:54 @multi_evo_agent_runner.py:115] Agent_1 gets eval reward: -198.12.
[20260602 17:12:54 @multi_evo_agent_runner.py:116] Agent_1 gets win rate: 0.19.
[20260602 17:12:54 @multi_evo_agent_runner.py:79] #------------------------ Iteration 884 --------------------------#
[20260602 17:13:11 @multi_evo_agent_runner.py:85] Sampling 50000 steps by 50 slaves, spending 17.02 s.
[20260602 17:13:42 @multi_evo_agent_runner.py:94] Policy update, spending: 30.91 s.
[20260602 17:13:45 @multi_evo_agent_runner.py:99] Evaluation time: 2.75 s.
[20260602 17:13:45 @multi_evo_agent_runner.py:105] Total time:     719.54 min
[20260602 17:13:45 @multi_evo_agent_runner.py:115] Agent_0 gets eval reward: 30.03.
[20260602 17:13:45 @multi_evo_agent_runner.py:116] Agent_0 gets win rate: 0.38.
[20260602 17:13:45 @multi_evo_agent_runner.py:115] Agent_1 gets eval reward: -445.33.
[20260602 17:13:45 @multi_evo_agent_runner.py:116] Agent_1 gets win rate: 0.24.
[20260602 17:13:45 @multi_evo_agent_runner.py:79] #------------------------ Iteration 885 --------------------------#
[20260602 17:14:02 @multi_evo_agent_runner.py:85] Sampling 50000 steps by 50 slaves, spending 16.84 s.
[20260602 17:14:32 @multi_evo_agent_runner.py:94] Policy update, spending: 30.09 s.
[20260602 17:14:34 @multi_evo_agent_runner.py:99] Evaluation time: 2.33 s.
[20260602 17:14:34 @multi_evo_agent_runner.py:105] Total time:     720.36 min
[20260602 17:14:35 @multi_evo_agent_runner.py:115] Agent_0 gets eval reward: 354.43.
[20260602 17:14:35 @multi_evo_agent_runner.py:116] Agent_0 gets win rate: 0.46.
[20260602 17:14:35 @multi_evo_agent_runner.py:115] Agent_1 gets eval reward: -789.62.
[20260602 17:14:35 @multi_evo_agent_runner.py:116] Agent_1 gets win rate: 0.14.
[20260602 17:14:35 @multi_evo_agent_runner.py:79] #------------------------ Iteration 886 --------------------------#
[20260602 17:14:51 @multi_evo_agent_runner.py:85] Sampling 50000 steps by 50 slaves, spending 16.57 s.
[20260602 17:15:22 @multi_evo_agent_runner.py:94] Policy update, spending: 30.53 s.
[20260602 17:15:24 @multi_evo_agent_runner.py:99] Evaluation time: 2.15 s.
[20260602 17:15:24 @multi_evo_agent_runner.py:105] Total time:     721.19 min
[20260602 17:15:24 @multi_evo_agent_runner.py:115] Agent_0 gets eval reward: 145.88.
[20260602 17:15:24 @multi_evo_agent_runner.py:116] Agent_0 gets win rate: 0.40.
[20260602 17:15:24 @multi_evo_agent_runner.py:115] Agent_1 gets eval reward: -664.82.
[20260602 17:15:24 @multi_evo_agent_runner.py:116] Agent_1 gets win rate: 0.17.
[20260602 17:15:24 @multi_evo_agent_runner.py:79] #------------------------ Iteration 887 --------------------------#
[20260602 17:15:41 @multi_evo_agent_runner.py:85] Sampling 50000 steps by 50 slaves, spending 17.03 s.
[20260602 17:16:12 @multi_evo_agent_runner.py:94] Policy update, spending: 31.15 s.
[20260602 17:16:15 @multi_evo_agent_runner.py:99] Evaluation time: 2.20 s.
[20260602 17:16:15 @multi_evo_agent_runner.py:105] Total time:     722.03 min
[20260602 17:16:15 @multi_evo_agent_runner.py:115] Agent_0 gets eval reward: -254.33.
[20260602 17:16:15 @multi_evo_agent_runner.py:116] Agent_0 gets win rate: 0.30.
[20260602 17:16:15 @multi_evo_agent_runner.py:115] Agent_1 gets eval reward: -260.01.
[20260602 17:16:15 @multi_evo_agent_runner.py:116] Agent_1 gets win rate: 0.27.
[20260602 17:16:15 @multi_evo_agent_runner.py:79] #------------------------ Iteration 888 --------------------------#
[20260602 17:16:31 @multi_evo_agent_runner.py:85] Sampling 50000 steps by 50 slaves, spending 16.46 s.
[20260602 17:17:01 @multi_evo_agent_runner.py:94] Policy update, spending: 29.91 s.
[20260602 17:17:03 @multi_evo_agent_runner.py:99] Evaluation time: 2.22 s.
[20260602 17:17:03 @multi_evo_agent_runner.py:105] Total time:     722.85 min
[20260602 17:17:04 @multi_evo_agent_runner.py:115] Agent_0 gets eval reward: -282.49.
[20260602 17:17:04 @multi_evo_agent_runner.py:116] Agent_0 gets win rate: 0.27.
[20260602 17:17:04 @multi_evo_agent_runner.py:115] Agent_1 gets eval reward: -312.11.
[20260602 17:17:04 @multi_evo_agent_runner.py:116] Agent_1 gets win rate: 0.23.
[20260602 17:17:04 @multi_evo_agent_runner.py:79] #------------------------ Iteration 889 --------------------------#
[20260602 17:17:20 @multi_evo_agent_runner.py:85] Sampling 50000 steps by 50 slaves, spending 16.30 s.
[20260602 17:17:50 @multi_evo_agent_runner.py:94] Policy update, spending: 30.01 s.
[20260602 17:17:52 @multi_evo_agent_runner.py:99] Evaluation time: 1.94 s.
[20260602 17:17:52 @multi_evo_agent_runner.py:105] Total time:     723.66 min
[20260602 17:17:52 @multi_evo_agent_runner.py:115] Agent_0 gets eval reward: -147.83.
[20260602 17:17:52 @multi_evo_agent_runner.py:116] Agent_0 gets win rate: 0.31.
[20260602 17:17:52 @multi_evo_agent_runner.py:115] Agent_1 gets eval reward: -265.64.
[20260602 17:17:52 @multi_evo_agent_runner.py:116] Agent_1 gets win rate: 0.28.
[20260602 17:17:52 @multi_evo_agent_runner.py:79] #------------------------ Iteration 890 --------------------------#
[20260602 17:18:10 @multi_evo_agent_runner.py:85] Sampling 50000 steps by 50 slaves, spending 17.42 s.
[20260602 17:18:42 @multi_evo_agent_runner.py:94] Policy update, spending: 31.98 s.
[20260602 17:18:44 @multi_evo_agent_runner.py:99] Evaluation time: 2.17 s.
[20260602 17:18:44 @multi_evo_agent_runner.py:105] Total time:     724.52 min
[20260602 17:18:44 @multi_evo_agent_runner.py:115] Agent_0 gets eval reward: -376.72.
[20260602 17:18:44 @multi_evo_agent_runner.py:116] Agent_0 gets win rate: 0.25.
[20260602 17:18:44 @multi_evo_agent_runner.py:115] Agent_1 gets eval reward: -147.22.
[20260602 17:18:44 @multi_evo_agent_runner.py:116] Agent_1 gets win rate: 0.31.
[20260602 17:18:44 @multi_evo_agent_runner.py:79] #------------------------ Iteration 891 --------------------------#
[20260602 17:19:02 @multi_evo_agent_runner.py:85] Sampling 50000 steps by 50 slaves, spending 17.40 s.
[20260602 17:19:33 @multi_evo_agent_runner.py:94] Policy update, spending: 31.81 s.
[20260602 17:19:36 @multi_evo_agent_runner.py:99] Evaluation time: 2.21 s.
[20260602 17:19:36 @multi_evo_agent_runner.py:105] Total time:     725.38 min
[20260602 17:19:36 @multi_evo_agent_runner.py:115] Agent_0 gets eval reward: 251.98.
[20260602 17:19:36 @multi_evo_agent_runner.py:116] Agent_0 gets win rate: 0.44.
[20260602 17:19:36 @multi_evo_agent_runner.py:115] Agent_1 gets eval reward: -692.80.
[20260602 17:19:36 @multi_evo_agent_runner.py:116] Agent_1 gets win rate: 0.19.
[20260602 17:19:36 @multi_evo_agent_runner.py:79] #------------------------ Iteration 892 --------------------------#
[20260602 17:19:54 @multi_evo_agent_runner.py:85] Sampling 50000 steps by 50 slaves, spending 17.88 s.
[20260602 17:20:24 @multi_evo_agent_runner.py:94] Policy update, spending: 30.52 s.
[20260602 17:20:26 @multi_evo_agent_runner.py:99] Evaluation time: 2.08 s.
[20260602 17:20:26 @multi_evo_agent_runner.py:105] Total time:     726.23 min
[20260602 17:20:27 @multi_evo_agent_runner.py:115] Agent_0 gets eval reward: -463.73.
[20260602 17:20:27 @multi_evo_agent_runner.py:116] Agent_0 gets win rate: 0.19.
[20260602 17:20:27 @multi_evo_agent_runner.py:115] Agent_1 gets eval reward: -255.09.
[20260602 17:20:27 @multi_evo_agent_runner.py:116] Agent_1 gets win rate: 0.23.
[20260602 17:20:27 @multi_evo_agent_runner.py:79] #------------------------ Iteration 893 --------------------------#
[20260602 17:20:44 @multi_evo_agent_runner.py:85] Sampling 50000 steps by 50 slaves, spending 17.32 s.
[20260602 17:21:15 @multi_evo_agent_runner.py:94] Policy update, spending: 31.31 s.
[20260602 17:21:17 @multi_evo_agent_runner.py:99] Evaluation time: 2.09 s.
[20260602 17:21:17 @multi_evo_agent_runner.py:105] Total time:     727.08 min
[20260602 17:21:18 @multi_evo_agent_runner.py:115] Agent_0 gets eval reward: -336.30.
[20260602 17:21:18 @multi_evo_agent_runner.py:116] Agent_0 gets win rate: 0.30.
[20260602 17:21:18 @multi_evo_agent_runner.py:115] Agent_1 gets eval reward: -60.01.
[20260602 17:21:18 @multi_evo_agent_runner.py:116] Agent_1 gets win rate: 0.35.
[20260602 17:21:18 @multi_evo_agent_runner.py:79] #------------------------ Iteration 894 --------------------------#
[20260602 17:21:35 @multi_evo_agent_runner.py:85] Sampling 50000 steps by 50 slaves, spending 16.88 s.
[20260602 17:22:05 @multi_evo_agent_runner.py:94] Policy update, spending: 30.38 s.
[20260602 17:22:07 @multi_evo_agent_runner.py:99] Evaluation time: 2.26 s.
[20260602 17:22:07 @multi_evo_agent_runner.py:105] Total time:     727.91 min
[20260602 17:22:07 @multi_evo_agent_runner.py:115] Agent_0 gets eval reward: -483.64.
[20260602 17:22:07 @multi_evo_agent_runner.py:116] Agent_0 gets win rate: 0.19.
[20260602 17:22:07 @multi_evo_agent_runner.py:115] Agent_1 gets eval reward: -255.64.
[20260602 17:22:07 @multi_evo_agent_runner.py:116] Agent_1 gets win rate: 0.22.
[20260602 17:22:08 @multi_evo_agent_runner.py:79] #------------------------ Iteration 895 --------------------------#
[20260602 17:22:25 @multi_evo_agent_runner.py:85] Sampling 50000 steps by 50 slaves, spending 17.15 s.
[20260602 17:22:55 @multi_evo_agent_runner.py:94] Policy update, spending: 30.84 s.
[20260602 17:22:58 @multi_evo_agent_runner.py:99] Evaluation time: 2.17 s.
[20260602 17:22:58 @multi_evo_agent_runner.py:105] Total time:     728.75 min
[20260602 17:22:58 @multi_evo_agent_runner.py:115] Agent_0 gets eval reward: 112.54.
[20260602 17:22:58 @multi_evo_agent_runner.py:116] Agent_0 gets win rate: 0.38.
[20260602 17:22:58 @multi_evo_agent_runner.py:115] Agent_1 gets eval reward: -806.48.
[20260602 17:22:58 @multi_evo_agent_runner.py:116] Agent_1 gets win rate: 0.10.
[20260602 17:22:58 @multi_evo_agent_runner.py:79] #------------------------ Iteration 896 --------------------------#
[20260602 17:23:14 @multi_evo_agent_runner.py:85] Sampling 50000 steps by 50 slaves, spending 16.16 s.
[20260602 17:23:44 @multi_evo_agent_runner.py:94] Policy update, spending: 29.66 s.
[20260602 17:23:46 @multi_evo_agent_runner.py:99] Evaluation time: 2.39 s.
[20260602 17:23:46 @multi_evo_agent_runner.py:105] Total time:     729.56 min
[20260602 17:23:46 @multi_evo_agent_runner.py:115] Agent_0 gets eval reward: 243.65.
[20260602 17:23:46 @multi_evo_agent_runner.py:116] Agent_0 gets win rate: 0.40.
[20260602 17:23:46 @multi_evo_agent_runner.py:115] Agent_1 gets eval reward: -969.28.
[20260602 17:23:46 @multi_evo_agent_runner.py:116] Agent_1 gets win rate: 0.07.
[20260602 17:23:46 @multi_evo_agent_runner.py:79] #------------------------ Iteration 897 --------------------------#
[20260602 17:24:04 @multi_evo_agent_runner.py:85] Sampling 50000 steps by 50 slaves, spending 17.30 s.
[20260602 17:24:34 @multi_evo_agent_runner.py:94] Policy update, spending: 30.34 s.
[20260602 17:24:36 @multi_evo_agent_runner.py:99] Evaluation time: 2.29 s.
[20260602 17:24:36 @multi_evo_agent_runner.py:105] Total time:     730.40 min
[20260602 17:24:37 @multi_evo_agent_runner.py:115] Agent_0 gets eval reward: -396.04.
[20260602 17:24:37 @multi_evo_agent_runner.py:116] Agent_0 gets win rate: 0.29.
[20260602 17:24:37 @multi_evo_agent_runner.py:115] Agent_1 gets eval reward: -47.03.
[20260602 17:24:37 @multi_evo_agent_runner.py:116] Agent_1 gets win rate: 0.37.
[20260602 17:24:37 @multi_evo_agent_runner.py:79] #------------------------ Iteration 898 --------------------------#
[20260602 17:24:53 @multi_evo_agent_runner.py:85] Sampling 50000 steps by 50 slaves, spending 16.78 s.
[20260602 17:25:23 @multi_evo_agent_runner.py:94] Policy update, spending: 29.53 s.
[20260602 17:25:25 @multi_evo_agent_runner.py:99] Evaluation time: 2.27 s.
[20260602 17:25:25 @multi_evo_agent_runner.py:105] Total time:     731.21 min
[20260602 17:25:25 @multi_evo_agent_runner.py:115] Agent_0 gets eval reward: -192.42.
[20260602 17:25:25 @multi_evo_agent_runner.py:116] Agent_0 gets win rate: 0.35.
[20260602 17:25:25 @multi_evo_agent_runner.py:115] Agent_1 gets eval reward: -119.46.
[20260602 17:25:25 @multi_evo_agent_runner.py:116] Agent_1 gets win rate: 0.35.
[20260602 17:25:26 @multi_evo_agent_runner.py:79] #------------------------ Iteration 899 --------------------------#
[20260602 17:25:44 @multi_evo_agent_runner.py:85] Sampling 50000 steps by 50 slaves, spending 18.12 s.
[20260602 17:26:15 @multi_evo_agent_runner.py:94] Policy update, spending: 31.61 s.
[20260602 17:26:17 @multi_evo_agent_runner.py:99] Evaluation time: 2.19 s.
[20260602 17:26:17 @multi_evo_agent_runner.py:105] Total time:     732.08 min
[20260602 17:26:18 @multi_evo_agent_runner.py:115] Agent_0 gets eval reward: -115.44.
[20260602 17:26:18 @multi_evo_agent_runner.py:116] Agent_0 gets win rate: 0.30.
[20260602 17:26:18 @multi_evo_agent_runner.py:115] Agent_1 gets eval reward: -609.37.
[20260602 17:26:18 @multi_evo_agent_runner.py:116] Agent_1 gets win rate: 0.17.
[20260602 17:26:18 @multi_evo_agent_runner.py:79] #------------------------ Iteration 900 --------------------------#
[20260602 17:26:35 @multi_evo_agent_runner.py:85] Sampling 50000 steps by 50 slaves, spending 16.86 s.
[20260602 17:27:05 @multi_evo_agent_runner.py:94] Policy update, spending: 30.39 s.
[20260602 17:27:07 @multi_evo_agent_runner.py:99] Evaluation time: 2.30 s.
[20260602 17:27:07 @multi_evo_agent_runner.py:105] Total time:     732.91 min
[20260602 17:27:07 @multi_evo_agent_runner.py:115] Agent_0 gets eval reward: -337.94.
[20260602 17:27:07 @multi_evo_agent_runner.py:116] Agent_0 gets win rate: 0.27.
[20260602 17:27:07 @multi_evo_agent_runner.py:115] Agent_1 gets eval reward: -152.68.
[20260602 17:27:07 @multi_evo_agent_runner.py:116] Agent_1 gets win rate: 0.30.
[20260602 17:27:08 @multi_evo_agent_runner.py:79] #------------------------ Iteration 901 --------------------------#
[20260602 17:27:25 @multi_evo_agent_runner.py:85] Sampling 50000 steps by 50 slaves, spending 17.00 s.
[20260602 17:27:55 @multi_evo_agent_runner.py:94] Policy update, spending: 30.77 s.
[20260602 17:27:57 @multi_evo_agent_runner.py:99] Evaluation time: 2.09 s.
[20260602 17:27:57 @multi_evo_agent_runner.py:105] Total time:     733.75 min
[20260602 17:27:58 @multi_evo_agent_runner.py:115] Agent_0 gets eval reward: -201.19.
[20260602 17:27:58 @multi_evo_agent_runner.py:116] Agent_0 gets win rate: 0.29.
[20260602 17:27:58 @multi_evo_agent_runner.py:115] Agent_1 gets eval reward: -450.55.
[20260602 17:27:58 @multi_evo_agent_runner.py:116] Agent_1 gets win rate: 0.18.
[20260602 17:27:58 @multi_evo_agent_runner.py:79] #------------------------ Iteration 902 --------------------------#
[20260602 17:28:16 @multi_evo_agent_runner.py:85] Sampling 50000 steps by 50 slaves, spending 17.80 s.
[20260602 17:28:47 @multi_evo_agent_runner.py:94] Policy update, spending: 31.24 s.
[20260602 17:28:49 @multi_evo_agent_runner.py:99] Evaluation time: 2.33 s.
[20260602 17:28:49 @multi_evo_agent_runner.py:105] Total time:     734.61 min
[20260602 17:28:49 @multi_evo_agent_runner.py:115] Agent_0 gets eval reward: 32.57.
[20260602 17:28:49 @multi_evo_agent_runner.py:116] Agent_0 gets win rate: 0.46.
[20260602 17:28:49 @multi_evo_agent_runner.py:115] Agent_1 gets eval reward: -169.09.
[20260602 17:28:49 @multi_evo_agent_runner.py:116] Agent_1 gets win rate: 0.39.
[20260602 17:28:49 @multi_evo_agent_runner.py:79] #------------------------ Iteration 903 --------------------------#
[20260602 17:29:06 @multi_evo_agent_runner.py:85] Sampling 50000 steps by 50 slaves, spending 16.67 s.
[20260602 17:29:37 @multi_evo_agent_runner.py:94] Policy update, spending: 31.17 s.
[20260602 17:29:40 @multi_evo_agent_runner.py:99] Evaluation time: 2.36 s.
[20260602 17:29:40 @multi_evo_agent_runner.py:105] Total time:     735.45 min
[20260602 17:29:40 @multi_evo_agent_runner.py:115] Agent_0 gets eval reward: -83.16.
[20260602 17:29:40 @multi_evo_agent_runner.py:116] Agent_0 gets win rate: 0.25.
[20260602 17:29:40 @multi_evo_agent_runner.py:115] Agent_1 gets eval reward: -828.14.
[20260602 17:29:40 @multi_evo_agent_runner.py:116] Agent_1 gets win rate: 0.04.
[20260602 17:29:40 @multi_evo_agent_runner.py:79] #------------------------ Iteration 904 --------------------------#
[20260602 17:29:56 @multi_evo_agent_runner.py:85] Sampling 50000 steps by 50 slaves, spending 16.24 s.
[20260602 17:30:26 @multi_evo_agent_runner.py:94] Policy update, spending: 29.46 s.
[20260602 17:30:28 @multi_evo_agent_runner.py:99] Evaluation time: 2.22 s.
[20260602 17:30:28 @multi_evo_agent_runner.py:105] Total time:     736.25 min
[20260602 17:30:28 @multi_evo_agent_runner.py:115] Agent_0 gets eval reward: 7.53.
[20260602 17:30:28 @multi_evo_agent_runner.py:116] Agent_0 gets win rate: 0.41.
[20260602 17:30:28 @multi_evo_agent_runner.py:115] Agent_1 gets eval reward: -396.13.
[20260602 17:30:28 @multi_evo_agent_runner.py:116] Agent_1 gets win rate: 0.28.
[20260602 17:30:28 @multi_evo_agent_runner.py:79] #------------------------ Iteration 905 --------------------------#
[20260602 17:30:45 @multi_evo_agent_runner.py:85] Sampling 50000 steps by 50 slaves, spending 16.99 s.
[20260602 17:31:15 @multi_evo_agent_runner.py:94] Policy update, spending: 30.33 s.
[20260602 17:31:18 @multi_evo_agent_runner.py:99] Evaluation time: 2.57 s.
[20260602 17:31:18 @multi_evo_agent_runner.py:105] Total time:     737.09 min
[20260602 17:31:18 @multi_evo_agent_runner.py:115] Agent_0 gets eval reward: -107.67.
[20260602 17:31:18 @multi_evo_agent_runner.py:116] Agent_0 gets win rate: 0.37.
[20260602 17:31:18 @multi_evo_agent_runner.py:115] Agent_1 gets eval reward: -358.17.
[20260602 17:31:18 @multi_evo_agent_runner.py:116] Agent_1 gets win rate: 0.29.
[20260602 17:31:18 @multi_evo_agent_runner.py:79] #------------------------ Iteration 906 --------------------------#
[20260602 17:31:34 @multi_evo_agent_runner.py:85] Sampling 50000 steps by 50 slaves, spending 15.97 s.
[20260602 17:32:03 @multi_evo_agent_runner.py:94] Policy update, spending: 28.39 s.
[20260602 17:32:05 @multi_evo_agent_runner.py:99] Evaluation time: 2.36 s.
[20260602 17:32:05 @multi_evo_agent_runner.py:105] Total time:     737.87 min
[20260602 17:32:05 @multi_evo_agent_runner.py:115] Agent_0 gets eval reward: 282.16.
[20260602 17:32:05 @multi_evo_agent_runner.py:116] Agent_0 gets win rate: 0.43.
[20260602 17:32:05 @multi_evo_agent_runner.py:115] Agent_1 gets eval reward: -941.43.
[20260602 17:32:05 @multi_evo_agent_runner.py:116] Agent_1 gets win rate: 0.10.
[20260602 17:32:05 @multi_evo_agent_runner.py:79] #------------------------ Iteration 907 --------------------------#
[20260602 17:32:22 @multi_evo_agent_runner.py:85] Sampling 50000 steps by 50 slaves, spending 16.85 s.
[20260602 17:32:53 @multi_evo_agent_runner.py:94] Policy update, spending: 30.92 s.
[20260602 17:32:55 @multi_evo_agent_runner.py:99] Evaluation time: 2.35 s.
[20260602 17:32:55 @multi_evo_agent_runner.py:105] Total time:     738.71 min
[20260602 17:32:56 @multi_evo_agent_runner.py:115] Agent_0 gets eval reward: -130.89.
[20260602 17:32:56 @multi_evo_agent_runner.py:116] Agent_0 gets win rate: 0.33.
[20260602 17:32:56 @multi_evo_agent_runner.py:115] Agent_1 gets eval reward: -474.64.
[20260602 17:32:56 @multi_evo_agent_runner.py:116] Agent_1 gets win rate: 0.22.
[20260602 17:32:56 @multi_evo_agent_runner.py:79] #------------------------ Iteration 908 --------------------------#
[20260602 17:33:11 @multi_evo_agent_runner.py:85] Sampling 50000 steps by 50 slaves, spending 15.63 s.
[20260602 17:33:40 @multi_evo_agent_runner.py:94] Policy update, spending: 28.62 s.
[20260602 17:33:42 @multi_evo_agent_runner.py:99] Evaluation time: 2.06 s.
[20260602 17:33:42 @multi_evo_agent_runner.py:105] Total time:     739.49 min
[20260602 17:33:42 @multi_evo_agent_runner.py:115] Agent_0 gets eval reward: -113.15.
[20260602 17:33:42 @multi_evo_agent_runner.py:116] Agent_0 gets win rate: 0.40.
[20260602 17:33:42 @multi_evo_agent_runner.py:115] Agent_1 gets eval reward: -93.89.
[20260602 17:33:42 @multi_evo_agent_runner.py:116] Agent_1 gets win rate: 0.40.
[20260602 17:33:42 @multi_evo_agent_runner.py:79] #------------------------ Iteration 909 --------------------------#
[20260602 17:33:59 @multi_evo_agent_runner.py:85] Sampling 50000 steps by 50 slaves, spending 16.27 s.
[20260602 17:34:28 @multi_evo_agent_runner.py:94] Policy update, spending: 29.43 s.
[20260602 17:34:31 @multi_evo_agent_runner.py:99] Evaluation time: 2.55 s.
[20260602 17:34:31 @multi_evo_agent_runner.py:105] Total time:     740.30 min
[20260602 17:34:31 @multi_evo_agent_runner.py:115] Agent_0 gets eval reward: -414.41.
[20260602 17:34:31 @multi_evo_agent_runner.py:116] Agent_0 gets win rate: 0.26.
[20260602 17:34:31 @multi_evo_agent_runner.py:115] Agent_1 gets eval reward: -23.25.
[20260602 17:34:31 @multi_evo_agent_runner.py:116] Agent_1 gets win rate: 0.35.
[20260602 17:34:31 @multi_evo_agent_runner.py:79] #------------------------ Iteration 910 --------------------------#
[20260602 17:34:48 @multi_evo_agent_runner.py:85] Sampling 50000 steps by 50 slaves, spending 17.39 s.
[20260602 17:35:20 @multi_evo_agent_runner.py:94] Policy update, spending: 31.46 s.
[20260602 17:35:22 @multi_evo_agent_runner.py:99] Evaluation time: 1.89 s.
[20260602 17:35:22 @multi_evo_agent_runner.py:105] Total time:     741.15 min
[20260602 17:35:22 @multi_evo_agent_runner.py:115] Agent_0 gets eval reward: 383.15.
[20260602 17:35:22 @multi_evo_agent_runner.py:116] Agent_0 gets win rate: 0.47.
[20260602 17:35:22 @multi_evo_agent_runner.py:115] Agent_1 gets eval reward: -986.65.
[20260602 17:35:22 @multi_evo_agent_runner.py:116] Agent_1 gets win rate: 0.10.
[20260602 17:35:22 @multi_evo_agent_runner.py:79] #------------------------ Iteration 911 --------------------------#
[20260602 17:35:39 @multi_evo_agent_runner.py:85] Sampling 50000 steps by 50 slaves, spending 17.18 s.
[20260602 17:36:09 @multi_evo_agent_runner.py:94] Policy update, spending: 29.59 s.
[20260602 17:36:11 @multi_evo_agent_runner.py:99] Evaluation time: 2.47 s.
[20260602 17:36:11 @multi_evo_agent_runner.py:105] Total time:     741.97 min
[20260602 17:36:11 @multi_evo_agent_runner.py:115] Agent_0 gets eval reward: -408.27.
[20260602 17:36:11 @multi_evo_agent_runner.py:116] Agent_0 gets win rate: 0.23.
[20260602 17:36:11 @multi_evo_agent_runner.py:115] Agent_1 gets eval reward: -445.63.
[20260602 17:36:11 @multi_evo_agent_runner.py:116] Agent_1 gets win rate: 0.15.
[20260602 17:36:11 @multi_evo_agent_runner.py:79] #------------------------ Iteration 912 --------------------------#
[20260602 17:36:29 @multi_evo_agent_runner.py:85] Sampling 50000 steps by 50 slaves, spending 17.71 s.
[20260602 17:37:00 @multi_evo_agent_runner.py:94] Policy update, spending: 31.24 s.
[20260602 17:37:02 @multi_evo_agent_runner.py:99] Evaluation time: 2.00 s.
[20260602 17:37:02 @multi_evo_agent_runner.py:105] Total time:     742.83 min
[20260602 17:37:02 @multi_evo_agent_runner.py:115] Agent_0 gets eval reward: -314.89.
[20260602 17:37:02 @multi_evo_agent_runner.py:116] Agent_0 gets win rate: 0.27.
[20260602 17:37:02 @multi_evo_agent_runner.py:115] Agent_1 gets eval reward: -416.71.
[20260602 17:37:02 @multi_evo_agent_runner.py:116] Agent_1 gets win rate: 0.23.
[20260602 17:37:03 @multi_evo_agent_runner.py:79] #------------------------ Iteration 913 --------------------------#
[20260602 17:37:20 @multi_evo_agent_runner.py:85] Sampling 50000 steps by 50 slaves, spending 16.93 s.
[20260602 17:37:49 @multi_evo_agent_runner.py:94] Policy update, spending: 29.63 s.
[20260602 17:37:51 @multi_evo_agent_runner.py:99] Evaluation time: 2.21 s.
[20260602 17:37:51 @multi_evo_agent_runner.py:105] Total time:     743.65 min
[20260602 17:37:52 @multi_evo_agent_runner.py:115] Agent_0 gets eval reward: 444.81.
[20260602 17:37:52 @multi_evo_agent_runner.py:116] Agent_0 gets win rate: 0.47.
[20260602 17:37:52 @multi_evo_agent_runner.py:115] Agent_1 gets eval reward: -999.58.
[20260602 17:37:52 @multi_evo_agent_runner.py:116] Agent_1 gets win rate: 0.09.
[20260602 17:37:52 @multi_evo_agent_runner.py:79] #------------------------ Iteration 914 --------------------------#
[20260602 17:38:09 @multi_evo_agent_runner.py:85] Sampling 50000 steps by 50 slaves, spending 17.52 s.
[20260602 17:38:41 @multi_evo_agent_runner.py:94] Policy update, spending: 31.47 s.
[20260602 17:38:43 @multi_evo_agent_runner.py:99] Evaluation time: 2.11 s.
[20260602 17:38:43 @multi_evo_agent_runner.py:105] Total time:     744.50 min
[20260602 17:38:43 @multi_evo_agent_runner.py:115] Agent_0 gets eval reward: -327.39.
[20260602 17:38:43 @multi_evo_agent_runner.py:116] Agent_0 gets win rate: 0.25.
[20260602 17:38:43 @multi_evo_agent_runner.py:115] Agent_1 gets eval reward: -392.90.
[20260602 17:38:43 @multi_evo_agent_runner.py:116] Agent_1 gets win rate: 0.21.
[20260602 17:38:43 @multi_evo_agent_runner.py:79] #------------------------ Iteration 915 --------------------------#
[20260602 17:39:00 @multi_evo_agent_runner.py:85] Sampling 50000 steps by 50 slaves, spending 16.70 s.
[20260602 17:39:30 @multi_evo_agent_runner.py:94] Policy update, spending: 29.80 s.
[20260602 17:39:32 @multi_evo_agent_runner.py:99] Evaluation time: 2.44 s.
[20260602 17:39:32 @multi_evo_agent_runner.py:105] Total time:     745.32 min
[20260602 17:39:32 @multi_evo_agent_runner.py:115] Agent_0 gets eval reward: -120.79.
[20260602 17:39:32 @multi_evo_agent_runner.py:116] Agent_0 gets win rate: 0.39.
[20260602 17:39:32 @multi_evo_agent_runner.py:115] Agent_1 gets eval reward: -173.31.
[20260602 17:39:32 @multi_evo_agent_runner.py:116] Agent_1 gets win rate: 0.37.
[20260602 17:39:32 @multi_evo_agent_runner.py:79] #------------------------ Iteration 916 --------------------------#
[20260602 17:39:49 @multi_evo_agent_runner.py:85] Sampling 50000 steps by 50 slaves, spending 16.24 s.
[20260602 17:40:18 @multi_evo_agent_runner.py:94] Policy update, spending: 29.45 s.
[20260602 17:40:20 @multi_evo_agent_runner.py:99] Evaluation time: 2.52 s.
[20260602 17:40:20 @multi_evo_agent_runner.py:105] Total time:     746.13 min
[20260602 17:40:21 @multi_evo_agent_runner.py:115] Agent_0 gets eval reward: -363.16.
[20260602 17:40:21 @multi_evo_agent_runner.py:116] Agent_0 gets win rate: 0.25.
[20260602 17:40:21 @multi_evo_agent_runner.py:115] Agent_1 gets eval reward: -219.58.
[20260602 17:40:21 @multi_evo_agent_runner.py:116] Agent_1 gets win rate: 0.28.
[20260602 17:40:21 @multi_evo_agent_runner.py:79] #------------------------ Iteration 917 --------------------------#
[20260602 17:40:37 @multi_evo_agent_runner.py:85] Sampling 50000 steps by 50 slaves, spending 16.72 s.
[20260602 17:41:07 @multi_evo_agent_runner.py:94] Policy update, spending: 29.13 s.
[20260602 17:41:09 @multi_evo_agent_runner.py:99] Evaluation time: 1.99 s.
[20260602 17:41:09 @multi_evo_agent_runner.py:105] Total time:     746.93 min
[20260602 17:41:09 @multi_evo_agent_runner.py:115] Agent_0 gets eval reward: 261.12.
[20260602 17:41:09 @multi_evo_agent_runner.py:116] Agent_0 gets win rate: 0.43.
[20260602 17:41:09 @multi_evo_agent_runner.py:115] Agent_1 gets eval reward: -1032.44.
[20260602 17:41:09 @multi_evo_agent_runner.py:116] Agent_1 gets win rate: 0.07.
[20260602 17:41:09 @multi_evo_agent_runner.py:79] #------------------------ Iteration 918 --------------------------#
[20260602 17:41:26 @multi_evo_agent_runner.py:85] Sampling 50000 steps by 50 slaves, spending 17.58 s.
[20260602 17:41:57 @multi_evo_agent_runner.py:94] Policy update, spending: 30.47 s.
[20260602 17:41:59 @multi_evo_agent_runner.py:99] Evaluation time: 2.11 s.
[20260602 17:41:59 @multi_evo_agent_runner.py:105] Total time:     747.77 min
[20260602 17:41:59 @multi_evo_agent_runner.py:115] Agent_0 gets eval reward: 310.07.
[20260602 17:41:59 @multi_evo_agent_runner.py:116] Agent_0 gets win rate: 0.43.
[20260602 17:41:59 @multi_evo_agent_runner.py:115] Agent_1 gets eval reward: -954.19.
[20260602 17:41:59 @multi_evo_agent_runner.py:116] Agent_1 gets win rate: 0.10.
[20260602 17:41:59 @multi_evo_agent_runner.py:79] #------------------------ Iteration 919 --------------------------#
[20260602 17:42:16 @multi_evo_agent_runner.py:85] Sampling 50000 steps by 50 slaves, spending 17.04 s.
[20260602 17:42:46 @multi_evo_agent_runner.py:94] Policy update, spending: 30.07 s.
[20260602 17:42:49 @multi_evo_agent_runner.py:99] Evaluation time: 2.09 s.
[20260602 17:42:49 @multi_evo_agent_runner.py:105] Total time:     748.60 min
[20260602 17:42:49 @multi_evo_agent_runner.py:115] Agent_0 gets eval reward: -495.62.
[20260602 17:42:49 @multi_evo_agent_runner.py:116] Agent_0 gets win rate: 0.27.
[20260602 17:42:49 @multi_evo_agent_runner.py:115] Agent_1 gets eval reward: -30.74.
[20260602 17:42:49 @multi_evo_agent_runner.py:116] Agent_1 gets win rate: 0.37.
[20260602 17:42:49 @multi_evo_agent_runner.py:79] #------------------------ Iteration 920 --------------------------#
[20260602 17:43:06 @multi_evo_agent_runner.py:85] Sampling 50000 steps by 50 slaves, spending 17.08 s.
[20260602 17:43:37 @multi_evo_agent_runner.py:94] Policy update, spending: 31.04 s.
[20260602 17:43:39 @multi_evo_agent_runner.py:99] Evaluation time: 2.00 s.
[20260602 17:43:39 @multi_evo_agent_runner.py:105] Total time:     749.44 min
[20260602 17:43:39 @multi_evo_agent_runner.py:115] Agent_0 gets eval reward: -107.94.
[20260602 17:43:39 @multi_evo_agent_runner.py:116] Agent_0 gets win rate: 0.31.
[20260602 17:43:39 @multi_evo_agent_runner.py:115] Agent_1 gets eval reward: -697.55.
[20260602 17:43:39 @multi_evo_agent_runner.py:116] Agent_1 gets win rate: 0.15.
[20260602 17:43:39 @multi_evo_agent_runner.py:79] #------------------------ Iteration 921 --------------------------#
[20260602 17:43:57 @multi_evo_agent_runner.py:85] Sampling 50000 steps by 50 slaves, spending 17.36 s.
[20260602 17:44:28 @multi_evo_agent_runner.py:94] Policy update, spending: 31.41 s.
[20260602 17:44:30 @multi_evo_agent_runner.py:99] Evaluation time: 2.24 s.
[20260602 17:44:30 @multi_evo_agent_runner.py:105] Total time:     750.29 min
[20260602 17:44:30 @multi_evo_agent_runner.py:115] Agent_0 gets eval reward: 399.43.
[20260602 17:44:30 @multi_evo_agent_runner.py:116] Agent_0 gets win rate: 0.53.
[20260602 17:44:30 @multi_evo_agent_runner.py:115] Agent_1 gets eval reward: -809.47.
[20260602 17:44:30 @multi_evo_agent_runner.py:116] Agent_1 gets win rate: 0.19.
[20260602 17:44:31 @multi_evo_agent_runner.py:79] #------------------------ Iteration 922 --------------------------#
[20260602 17:44:48 @multi_evo_agent_runner.py:85] Sampling 50000 steps by 50 slaves, spending 17.48 s.
[20260602 17:45:20 @multi_evo_agent_runner.py:94] Policy update, spending: 31.57 s.
[20260602 17:45:22 @multi_evo_agent_runner.py:99] Evaluation time: 1.90 s.
[20260602 17:45:22 @multi_evo_agent_runner.py:105] Total time:     751.15 min
[20260602 17:45:22 @multi_evo_agent_runner.py:115] Agent_0 gets eval reward: -531.78.
[20260602 17:45:22 @multi_evo_agent_runner.py:116] Agent_0 gets win rate: 0.17.
[20260602 17:45:22 @multi_evo_agent_runner.py:115] Agent_1 gets eval reward: -382.77.
[20260602 17:45:22 @multi_evo_agent_runner.py:116] Agent_1 gets win rate: 0.21.
[20260602 17:45:22 @multi_evo_agent_runner.py:79] #------------------------ Iteration 923 --------------------------#
[20260602 17:45:38 @multi_evo_agent_runner.py:85] Sampling 50000 steps by 50 slaves, spending 16.21 s.
[20260602 17:46:08 @multi_evo_agent_runner.py:94] Policy update, spending: 29.99 s.
[20260602 17:46:10 @multi_evo_agent_runner.py:99] Evaluation time: 2.37 s.
[20260602 17:46:10 @multi_evo_agent_runner.py:105] Total time:     751.96 min
[20260602 17:46:11 @multi_evo_agent_runner.py:115] Agent_0 gets eval reward: 117.92.
[20260602 17:46:11 @multi_evo_agent_runner.py:116] Agent_0 gets win rate: 0.41.
[20260602 17:46:11 @multi_evo_agent_runner.py:115] Agent_1 gets eval reward: -688.54.
[20260602 17:46:11 @multi_evo_agent_runner.py:116] Agent_1 gets win rate: 0.21.
[20260602 17:46:11 @multi_evo_agent_runner.py:79] #------------------------ Iteration 924 --------------------------#
[20260602 17:46:28 @multi_evo_agent_runner.py:85] Sampling 50000 steps by 50 slaves, spending 16.87 s.
[20260602 17:46:58 @multi_evo_agent_runner.py:94] Policy update, spending: 30.04 s.
[20260602 17:47:00 @multi_evo_agent_runner.py:99] Evaluation time: 2.35 s.
[20260602 17:47:00 @multi_evo_agent_runner.py:105] Total time:     752.79 min
[20260602 17:47:00 @multi_evo_agent_runner.py:115] Agent_0 gets eval reward: 52.25.
[20260602 17:47:00 @multi_evo_agent_runner.py:116] Agent_0 gets win rate: 0.41.
[20260602 17:47:00 @multi_evo_agent_runner.py:115] Agent_1 gets eval reward: -525.24.
[20260602 17:47:00 @multi_evo_agent_runner.py:116] Agent_1 gets win rate: 0.25.
[20260602 17:47:00 @multi_evo_agent_runner.py:79] #------------------------ Iteration 925 --------------------------#
[20260602 17:47:17 @multi_evo_agent_runner.py:85] Sampling 50000 steps by 50 slaves, spending 16.81 s.
[20260602 17:47:48 @multi_evo_agent_runner.py:94] Policy update, spending: 30.70 s.
[20260602 17:47:50 @multi_evo_agent_runner.py:99] Evaluation time: 2.12 s.
[20260602 17:47:50 @multi_evo_agent_runner.py:105] Total time:     753.62 min
[20260602 17:47:50 @multi_evo_agent_runner.py:115] Agent_0 gets eval reward: -498.47.
[20260602 17:47:50 @multi_evo_agent_runner.py:116] Agent_0 gets win rate: 0.15.
[20260602 17:47:50 @multi_evo_agent_runner.py:115] Agent_1 gets eval reward: -476.82.
[20260602 17:47:50 @multi_evo_agent_runner.py:116] Agent_1 gets win rate: 0.15.
[20260602 17:47:50 @multi_evo_agent_runner.py:79] #------------------------ Iteration 926 --------------------------#
[20260602 17:48:07 @multi_evo_agent_runner.py:85] Sampling 50000 steps by 50 slaves, spending 17.23 s.
[20260602 17:48:38 @multi_evo_agent_runner.py:94] Policy update, spending: 30.90 s.
[20260602 17:48:40 @multi_evo_agent_runner.py:99] Evaluation time: 2.19 s.
[20260602 17:48:40 @multi_evo_agent_runner.py:105] Total time:     754.46 min
[20260602 17:48:41 @multi_evo_agent_runner.py:115] Agent_0 gets eval reward: -546.90.
[20260602 17:48:41 @multi_evo_agent_runner.py:116] Agent_0 gets win rate: 0.23.
[20260602 17:48:41 @multi_evo_agent_runner.py:115] Agent_1 gets eval reward: -108.41.
[20260602 17:48:41 @multi_evo_agent_runner.py:116] Agent_1 gets win rate: 0.33.
[20260602 17:48:41 @multi_evo_agent_runner.py:79] #------------------------ Iteration 927 --------------------------#
[20260602 17:48:58 @multi_evo_agent_runner.py:85] Sampling 50000 steps by 50 slaves, spending 17.38 s.
[20260602 17:49:30 @multi_evo_agent_runner.py:94] Policy update, spending: 31.68 s.
[20260602 17:49:32 @multi_evo_agent_runner.py:99] Evaluation time: 2.17 s.
[20260602 17:49:32 @multi_evo_agent_runner.py:105] Total time:     755.32 min
[20260602 17:49:32 @multi_evo_agent_runner.py:115] Agent_0 gets eval reward: -1176.51.
[20260602 17:49:32 @multi_evo_agent_runner.py:116] Agent_0 gets win rate: 0.06.
[20260602 17:49:32 @multi_evo_agent_runner.py:115] Agent_1 gets eval reward: 446.74.
[20260602 17:49:32 @multi_evo_agent_runner.py:116] Agent_1 gets win rate: 0.47.
[20260602 17:49:32 @multi_evo_agent_runner.py:79] #------------------------ Iteration 928 --------------------------#
[20260602 17:49:50 @multi_evo_agent_runner.py:85] Sampling 50000 steps by 50 slaves, spending 17.54 s.
[20260602 17:50:21 @multi_evo_agent_runner.py:94] Policy update, spending: 31.34 s.
[20260602 17:50:23 @multi_evo_agent_runner.py:99] Evaluation time: 2.31 s.
[20260602 17:50:23 @multi_evo_agent_runner.py:105] Total time:     756.18 min
[20260602 17:50:24 @multi_evo_agent_runner.py:115] Agent_0 gets eval reward: -254.99.
[20260602 17:50:24 @multi_evo_agent_runner.py:116] Agent_0 gets win rate: 0.36.
[20260602 17:50:24 @multi_evo_agent_runner.py:115] Agent_1 gets eval reward: -32.35.
[20260602 17:50:24 @multi_evo_agent_runner.py:116] Agent_1 gets win rate: 0.42.
[20260602 17:50:24 @multi_evo_agent_runner.py:79] #------------------------ Iteration 929 --------------------------#
[20260602 17:50:41 @multi_evo_agent_runner.py:85] Sampling 50000 steps by 50 slaves, spending 17.68 s.
[20260602 17:51:13 @multi_evo_agent_runner.py:94] Policy update, spending: 31.10 s.
[20260602 17:51:15 @multi_evo_agent_runner.py:99] Evaluation time: 2.09 s.
[20260602 17:51:15 @multi_evo_agent_runner.py:105] Total time:     757.03 min
[20260602 17:51:15 @multi_evo_agent_runner.py:115] Agent_0 gets eval reward: -200.40.
[20260602 17:51:15 @multi_evo_agent_runner.py:116] Agent_0 gets win rate: 0.32.
[20260602 17:51:15 @multi_evo_agent_runner.py:115] Agent_1 gets eval reward: -400.27.
[20260602 17:51:15 @multi_evo_agent_runner.py:116] Agent_1 gets win rate: 0.26.
[20260602 17:51:15 @multi_evo_agent_runner.py:79] #------------------------ Iteration 930 --------------------------#
[20260602 17:51:33 @multi_evo_agent_runner.py:85] Sampling 50000 steps by 50 slaves, spending 17.83 s.
[20260602 17:52:04 @multi_evo_agent_runner.py:94] Policy update, spending: 31.73 s.
[20260602 17:52:07 @multi_evo_agent_runner.py:99] Evaluation time: 2.47 s.
[20260602 17:52:07 @multi_evo_agent_runner.py:105] Total time:     757.91 min
[20260602 17:52:07 @multi_evo_agent_runner.py:115] Agent_0 gets eval reward: 722.61.
[20260602 17:52:07 @multi_evo_agent_runner.py:116] Agent_0 gets win rate: 0.62.
[20260602 17:52:07 @multi_evo_agent_runner.py:115] Agent_1 gets eval reward: -979.92.
[20260602 17:52:07 @multi_evo_agent_runner.py:116] Agent_1 gets win rate: 0.17.
[20260602 17:52:07 @multi_evo_agent_runner.py:79] #------------------------ Iteration 931 --------------------------#
[20260602 17:52:24 @multi_evo_agent_runner.py:85] Sampling 50000 steps by 50 slaves, spending 16.60 s.
[20260602 17:52:54 @multi_evo_agent_runner.py:94] Policy update, spending: 30.36 s.
[20260602 17:52:57 @multi_evo_agent_runner.py:99] Evaluation time: 2.41 s.
[20260602 17:52:57 @multi_evo_agent_runner.py:105] Total time:     758.73 min
[20260602 17:52:57 @multi_evo_agent_runner.py:115] Agent_0 gets eval reward: -600.34.
[20260602 17:52:57 @multi_evo_agent_runner.py:116] Agent_0 gets win rate: 0.24.
[20260602 17:52:57 @multi_evo_agent_runner.py:115] Agent_1 gets eval reward: 98.87.
[20260602 17:52:57 @multi_evo_agent_runner.py:116] Agent_1 gets win rate: 0.42.
[20260602 17:52:57 @multi_evo_agent_runner.py:79] #------------------------ Iteration 932 --------------------------#
[20260602 17:53:14 @multi_evo_agent_runner.py:85] Sampling 50000 steps by 50 slaves, spending 17.05 s.
[20260602 17:53:46 @multi_evo_agent_runner.py:94] Policy update, spending: 31.86 s.
[20260602 17:53:48 @multi_evo_agent_runner.py:99] Evaluation time: 2.35 s.
[20260602 17:53:48 @multi_evo_agent_runner.py:105] Total time:     759.59 min
[20260602 17:53:48 @multi_evo_agent_runner.py:115] Agent_0 gets eval reward: -94.99.
[20260602 17:53:48 @multi_evo_agent_runner.py:116] Agent_0 gets win rate: 0.36.
[20260602 17:53:48 @multi_evo_agent_runner.py:115] Agent_1 gets eval reward: -560.58.
[20260602 17:53:48 @multi_evo_agent_runner.py:116] Agent_1 gets win rate: 0.21.
[20260602 17:53:48 @multi_evo_agent_runner.py:79] #------------------------ Iteration 933 --------------------------#
[20260602 17:54:06 @multi_evo_agent_runner.py:85] Sampling 50000 steps by 50 slaves, spending 17.20 s.
[20260602 17:54:36 @multi_evo_agent_runner.py:94] Policy update, spending: 30.84 s.
[20260602 17:54:39 @multi_evo_agent_runner.py:99] Evaluation time: 2.19 s.
[20260602 17:54:39 @multi_evo_agent_runner.py:105] Total time:     760.43 min
[20260602 17:54:39 @multi_evo_agent_runner.py:115] Agent_0 gets eval reward: -292.76.
[20260602 17:54:39 @multi_evo_agent_runner.py:116] Agent_0 gets win rate: 0.28.
[20260602 17:54:39 @multi_evo_agent_runner.py:115] Agent_1 gets eval reward: -507.71.
[20260602 17:54:39 @multi_evo_agent_runner.py:116] Agent_1 gets win rate: 0.21.
[20260602 17:54:39 @multi_evo_agent_runner.py:79] #------------------------ Iteration 934 --------------------------#
[20260602 17:54:56 @multi_evo_agent_runner.py:85] Sampling 50000 steps by 50 slaves, spending 17.14 s.
[20260602 17:55:27 @multi_evo_agent_runner.py:94] Policy update, spending: 30.89 s.
[20260602 17:55:29 @multi_evo_agent_runner.py:99] Evaluation time: 1.97 s.
[20260602 17:55:29 @multi_evo_agent_runner.py:105] Total time:     761.27 min
[20260602 17:55:29 @multi_evo_agent_runner.py:115] Agent_0 gets eval reward: 177.06.
[20260602 17:55:29 @multi_evo_agent_runner.py:116] Agent_0 gets win rate: 0.42.
[20260602 17:55:29 @multi_evo_agent_runner.py:115] Agent_1 gets eval reward: -806.73.
[20260602 17:55:29 @multi_evo_agent_runner.py:116] Agent_1 gets win rate: 0.16.
[20260602 17:55:29 @multi_evo_agent_runner.py:79] #------------------------ Iteration 935 --------------------------#
[20260602 17:55:46 @multi_evo_agent_runner.py:85] Sampling 50000 steps by 50 slaves, spending 16.63 s.
[20260602 17:56:16 @multi_evo_agent_runner.py:94] Policy update, spending: 30.00 s.
[20260602 17:56:18 @multi_evo_agent_runner.py:99] Evaluation time: 2.00 s.
[20260602 17:56:18 @multi_evo_agent_runner.py:105] Total time:     762.09 min
[20260602 17:56:18 @multi_evo_agent_runner.py:115] Agent_0 gets eval reward: -348.04.
[20260602 17:56:18 @multi_evo_agent_runner.py:116] Agent_0 gets win rate: 0.30.
[20260602 17:56:18 @multi_evo_agent_runner.py:115] Agent_1 gets eval reward: -177.02.
[20260602 17:56:18 @multi_evo_agent_runner.py:116] Agent_1 gets win rate: 0.33.
[20260602 17:56:18 @multi_evo_agent_runner.py:79] #------------------------ Iteration 936 --------------------------#
[20260602 17:56:35 @multi_evo_agent_runner.py:85] Sampling 50000 steps by 50 slaves, spending 17.06 s.
[20260602 17:57:06 @multi_evo_agent_runner.py:94] Policy update, spending: 30.85 s.
[20260602 17:57:08 @multi_evo_agent_runner.py:99] Evaluation time: 2.10 s.
[20260602 17:57:08 @multi_evo_agent_runner.py:105] Total time:     762.93 min
[20260602 17:57:08 @multi_evo_agent_runner.py:115] Agent_0 gets eval reward: -156.84.
[20260602 17:57:08 @multi_evo_agent_runner.py:116] Agent_0 gets win rate: 0.30.
[20260602 17:57:08 @multi_evo_agent_runner.py:115] Agent_1 gets eval reward: -732.88.
[20260602 17:57:08 @multi_evo_agent_runner.py:116] Agent_1 gets win rate: 0.15.
[20260602 17:57:08 @multi_evo_agent_runner.py:79] #------------------------ Iteration 937 --------------------------#
[20260602 17:57:25 @multi_evo_agent_runner.py:85] Sampling 50000 steps by 50 slaves, spending 16.55 s.
[20260602 17:57:56 @multi_evo_agent_runner.py:94] Policy update, spending: 31.21 s.
[20260602 17:57:59 @multi_evo_agent_runner.py:99] Evaluation time: 2.45 s.
[20260602 17:57:59 @multi_evo_agent_runner.py:105] Total time:     763.77 min
[20260602 17:57:59 @multi_evo_agent_runner.py:115] Agent_0 gets eval reward: -1110.03.
[20260602 17:57:59 @multi_evo_agent_runner.py:116] Agent_0 gets win rate: 0.06.
[20260602 17:57:59 @multi_evo_agent_runner.py:115] Agent_1 gets eval reward: 201.11.
[20260602 17:57:59 @multi_evo_agent_runner.py:116] Agent_1 gets win rate: 0.39.
[20260602 17:57:59 @multi_evo_agent_runner.py:79] #------------------------ Iteration 938 --------------------------#
[20260602 17:58:15 @multi_evo_agent_runner.py:85] Sampling 50000 steps by 50 slaves, spending 16.37 s.
[20260602 17:58:45 @multi_evo_agent_runner.py:94] Policy update, spending: 29.30 s.
[20260602 17:58:47 @multi_evo_agent_runner.py:99] Evaluation time: 2.31 s.
[20260602 17:58:47 @multi_evo_agent_runner.py:105] Total time:     764.57 min
[20260602 17:58:47 @multi_evo_agent_runner.py:115] Agent_0 gets eval reward: 383.87.
[20260602 17:58:47 @multi_evo_agent_runner.py:116] Agent_0 gets win rate: 0.45.
[20260602 17:58:47 @multi_evo_agent_runner.py:115] Agent_1 gets eval reward: -1176.06.
[20260602 17:58:47 @multi_evo_agent_runner.py:116] Agent_1 gets win rate: 0.03.
[20260602 17:58:47 @multi_evo_agent_runner.py:79] #------------------------ Iteration 939 --------------------------#
[20260602 17:59:06 @multi_evo_agent_runner.py:85] Sampling 50000 steps by 50 slaves, spending 18.36 s.
[20260602 17:59:38 @multi_evo_agent_runner.py:94] Policy update, spending: 32.17 s.
[20260602 17:59:40 @multi_evo_agent_runner.py:99] Evaluation time: 2.13 s.
[20260602 17:59:40 @multi_evo_agent_runner.py:105] Total time:     765.46 min
[20260602 17:59:40 @multi_evo_agent_runner.py:115] Agent_0 gets eval reward: -342.84.
[20260602 17:59:40 @multi_evo_agent_runner.py:116] Agent_0 gets win rate: 0.29.
[20260602 17:59:40 @multi_evo_agent_runner.py:115] Agent_1 gets eval reward: -332.09.
[20260602 17:59:40 @multi_evo_agent_runner.py:116] Agent_1 gets win rate: 0.29.
[20260602 17:59:40 @multi_evo_agent_runner.py:79] #------------------------ Iteration 940 --------------------------#
[20260602 17:59:58 @multi_evo_agent_runner.py:85] Sampling 50000 steps by 50 slaves, spending 17.26 s.
[20260602 18:00:29 @multi_evo_agent_runner.py:94] Policy update, spending: 31.03 s.
[20260602 18:00:31 @multi_evo_agent_runner.py:99] Evaluation time: 2.06 s.
[20260602 18:00:31 @multi_evo_agent_runner.py:105] Total time:     766.30 min
[20260602 18:00:31 @multi_evo_agent_runner.py:115] Agent_0 gets eval reward: -303.54.
[20260602 18:00:31 @multi_evo_agent_runner.py:116] Agent_0 gets win rate: 0.20.
[20260602 18:00:31 @multi_evo_agent_runner.py:115] Agent_1 gets eval reward: -937.22.
[20260602 18:00:31 @multi_evo_agent_runner.py:116] Agent_1 gets win rate: 0.04.
[20260602 18:00:31 @multi_evo_agent_runner.py:79] #------------------------ Iteration 941 --------------------------#
[20260602 18:00:48 @multi_evo_agent_runner.py:85] Sampling 50000 steps by 50 slaves, spending 17.08 s.
[20260602 18:01:18 @multi_evo_agent_runner.py:94] Policy update, spending: 30.37 s.
[20260602 18:01:20 @multi_evo_agent_runner.py:99] Evaluation time: 2.03 s.
[20260602 18:01:20 @multi_evo_agent_runner.py:105] Total time:     767.13 min
[20260602 18:01:21 @multi_evo_agent_runner.py:115] Agent_0 gets eval reward: -881.31.
[20260602 18:01:21 @multi_evo_agent_runner.py:116] Agent_0 gets win rate: 0.16.
[20260602 18:01:21 @multi_evo_agent_runner.py:115] Agent_1 gets eval reward: 165.99.
[20260602 18:01:21 @multi_evo_agent_runner.py:116] Agent_1 gets win rate: 0.42.
[20260602 18:01:21 @multi_evo_agent_runner.py:79] #------------------------ Iteration 942 --------------------------#
[20260602 18:01:38 @multi_evo_agent_runner.py:85] Sampling 50000 steps by 50 slaves, spending 17.25 s.
[20260602 18:02:08 @multi_evo_agent_runner.py:94] Policy update, spending: 30.55 s.
[20260602 18:02:11 @multi_evo_agent_runner.py:99] Evaluation time: 2.41 s.
[20260602 18:02:11 @multi_evo_agent_runner.py:105] Total time:     767.97 min
[20260602 18:02:11 @multi_evo_agent_runner.py:115] Agent_0 gets eval reward: -49.17.
[20260602 18:02:11 @multi_evo_agent_runner.py:116] Agent_0 gets win rate: 0.41.
[20260602 18:02:11 @multi_evo_agent_runner.py:115] Agent_1 gets eval reward: -315.90.
[20260602 18:02:11 @multi_evo_agent_runner.py:116] Agent_1 gets win rate: 0.33.
[20260602 18:02:11 @multi_evo_agent_runner.py:79] #------------------------ Iteration 943 --------------------------#
[20260602 18:02:28 @multi_evo_agent_runner.py:85] Sampling 50000 steps by 50 slaves, spending 16.58 s.
[20260602 18:02:57 @multi_evo_agent_runner.py:94] Policy update, spending: 29.69 s.
[20260602 18:03:00 @multi_evo_agent_runner.py:99] Evaluation time: 2.22 s.
[20260602 18:03:00 @multi_evo_agent_runner.py:105] Total time:     768.78 min
[20260602 18:03:00 @multi_evo_agent_runner.py:115] Agent_0 gets eval reward: -499.46.
[20260602 18:03:00 @multi_evo_agent_runner.py:116] Agent_0 gets win rate: 0.23.
[20260602 18:03:00 @multi_evo_agent_runner.py:115] Agent_1 gets eval reward: -299.62.
[20260602 18:03:00 @multi_evo_agent_runner.py:116] Agent_1 gets win rate: 0.26.
[20260602 18:03:00 @multi_evo_agent_runner.py:79] #------------------------ Iteration 944 --------------------------#
[20260602 18:03:18 @multi_evo_agent_runner.py:85] Sampling 50000 steps by 50 slaves, spending 17.61 s.
[20260602 18:03:49 @multi_evo_agent_runner.py:94] Policy update, spending: 31.23 s.
[20260602 18:03:51 @multi_evo_agent_runner.py:99] Evaluation time: 2.11 s.
[20260602 18:03:51 @multi_evo_agent_runner.py:105] Total time:     769.64 min
[20260602 18:03:51 @multi_evo_agent_runner.py:115] Agent_0 gets eval reward: -73.12.
[20260602 18:03:51 @multi_evo_agent_runner.py:116] Agent_0 gets win rate: 0.34.
[20260602 18:03:51 @multi_evo_agent_runner.py:115] Agent_1 gets eval reward: -670.80.
[20260602 18:03:51 @multi_evo_agent_runner.py:116] Agent_1 gets win rate: 0.19.
[20260602 18:03:51 @multi_evo_agent_runner.py:79] #------------------------ Iteration 945 --------------------------#
[20260602 18:04:09 @multi_evo_agent_runner.py:85] Sampling 50000 steps by 50 slaves, spending 17.44 s.
[20260602 18:04:39 @multi_evo_agent_runner.py:94] Policy update, spending: 30.75 s.
[20260602 18:04:42 @multi_evo_agent_runner.py:99] Evaluation time: 2.14 s.
[20260602 18:04:42 @multi_evo_agent_runner.py:105] Total time:     770.48 min
[20260602 18:04:42 @multi_evo_agent_runner.py:115] Agent_0 gets eval reward: -458.28.
[20260602 18:04:42 @multi_evo_agent_runner.py:116] Agent_0 gets win rate: 0.24.
[20260602 18:04:42 @multi_evo_agent_runner.py:115] Agent_1 gets eval reward: -327.73.
[20260602 18:04:42 @multi_evo_agent_runner.py:116] Agent_1 gets win rate: 0.27.
[20260602 18:04:42 @multi_evo_agent_runner.py:79] #------------------------ Iteration 946 --------------------------#
[20260602 18:04:59 @multi_evo_agent_runner.py:85] Sampling 50000 steps by 50 slaves, spending 17.48 s.
[20260602 18:05:31 @multi_evo_agent_runner.py:94] Policy update, spending: 31.76 s.
[20260602 18:05:33 @multi_evo_agent_runner.py:99] Evaluation time: 2.09 s.
[20260602 18:05:33 @multi_evo_agent_runner.py:105] Total time:     771.34 min
[20260602 18:05:33 @multi_evo_agent_runner.py:115] Agent_0 gets eval reward: -55.77.
[20260602 18:05:33 @multi_evo_agent_runner.py:116] Agent_0 gets win rate: 0.34.
[20260602 18:05:33 @multi_evo_agent_runner.py:115] Agent_1 gets eval reward: -735.64.
[20260602 18:05:33 @multi_evo_agent_runner.py:116] Agent_1 gets win rate: 0.17.
[20260602 18:05:33 @multi_evo_agent_runner.py:79] #------------------------ Iteration 947 --------------------------#
[20260602 18:05:51 @multi_evo_agent_runner.py:85] Sampling 50000 steps by 50 slaves, spending 17.33 s.
[20260602 18:06:22 @multi_evo_agent_runner.py:94] Policy update, spending: 30.72 s.
[20260602 18:06:24 @multi_evo_agent_runner.py:99] Evaluation time: 2.12 s.
[20260602 18:06:24 @multi_evo_agent_runner.py:105] Total time:     772.18 min
[20260602 18:06:24 @multi_evo_agent_runner.py:115] Agent_0 gets eval reward: -138.33.
[20260602 18:06:24 @multi_evo_agent_runner.py:116] Agent_0 gets win rate: 0.33.
[20260602 18:06:24 @multi_evo_agent_runner.py:115] Agent_1 gets eval reward: -609.97.
[20260602 18:06:24 @multi_evo_agent_runner.py:116] Agent_1 gets win rate: 0.20.
[20260602 18:06:24 @multi_evo_agent_runner.py:79] #------------------------ Iteration 948 --------------------------#
[20260602 18:06:41 @multi_evo_agent_runner.py:85] Sampling 50000 steps by 50 slaves, spending 17.21 s.
[20260602 18:07:13 @multi_evo_agent_runner.py:94] Policy update, spending: 31.69 s.
[20260602 18:07:15 @multi_evo_agent_runner.py:99] Evaluation time: 2.51 s.
[20260602 18:07:15 @multi_evo_agent_runner.py:105] Total time:     773.04 min
[20260602 18:07:16 @multi_evo_agent_runner.py:115] Agent_0 gets eval reward: 269.22.
[20260602 18:07:16 @multi_evo_agent_runner.py:116] Agent_0 gets win rate: 0.43.
[20260602 18:07:16 @multi_evo_agent_runner.py:115] Agent_1 gets eval reward: -1090.18.
[20260602 18:07:16 @multi_evo_agent_runner.py:116] Agent_1 gets win rate: 0.08.
[20260602 18:07:16 @multi_evo_agent_runner.py:79] #------------------------ Iteration 949 --------------------------#
[20260602 18:07:33 @multi_evo_agent_runner.py:85] Sampling 50000 steps by 50 slaves, spending 17.32 s.
[20260602 18:08:04 @multi_evo_agent_runner.py:94] Policy update, spending: 31.28 s.
[20260602 18:08:07 @multi_evo_agent_runner.py:99] Evaluation time: 2.58 s.
[20260602 18:08:07 @multi_evo_agent_runner.py:105] Total time:     773.90 min
[20260602 18:08:07 @multi_evo_agent_runner.py:115] Agent_0 gets eval reward: -332.03.
[20260602 18:08:07 @multi_evo_agent_runner.py:116] Agent_0 gets win rate: 0.32.
[20260602 18:08:07 @multi_evo_agent_runner.py:115] Agent_1 gets eval reward: -183.98.
[20260602 18:08:07 @multi_evo_agent_runner.py:116] Agent_1 gets win rate: 0.35.
[20260602 18:08:07 @multi_evo_agent_runner.py:79] #------------------------ Iteration 950 --------------------------#
[20260602 18:08:24 @multi_evo_agent_runner.py:85] Sampling 50000 steps by 50 slaves, spending 16.40 s.
[20260602 18:08:53 @multi_evo_agent_runner.py:94] Policy update, spending: 29.41 s.
[20260602 18:08:55 @multi_evo_agent_runner.py:99] Evaluation time: 2.24 s.
[20260602 18:08:55 @multi_evo_agent_runner.py:105] Total time:     774.71 min
[20260602 18:08:55 @multi_evo_agent_runner.py:115] Agent_0 gets eval reward: -392.60.
[20260602 18:08:55 @multi_evo_agent_runner.py:116] Agent_0 gets win rate: 0.19.
[20260602 18:08:55 @multi_evo_agent_runner.py:115] Agent_1 gets eval reward: -834.63.
[20260602 18:08:55 @multi_evo_agent_runner.py:116] Agent_1 gets win rate: 0.08.
[20260602 18:08:55 @multi_evo_agent_runner.py:79] #------------------------ Iteration 951 --------------------------#
[20260602 18:09:12 @multi_evo_agent_runner.py:85] Sampling 50000 steps by 50 slaves, spending 16.11 s.
[20260602 18:09:41 @multi_evo_agent_runner.py:94] Policy update, spending: 29.26 s.
[20260602 18:09:43 @multi_evo_agent_runner.py:99] Evaluation time: 1.97 s.
[20260602 18:09:43 @multi_evo_agent_runner.py:105] Total time:     775.50 min
[20260602 18:09:43 @multi_evo_agent_runner.py:115] Agent_0 gets eval reward: -191.45.
[20260602 18:09:43 @multi_evo_agent_runner.py:116] Agent_0 gets win rate: 0.32.
[20260602 18:09:43 @multi_evo_agent_runner.py:115] Agent_1 gets eval reward: -570.78.
[20260602 18:09:43 @multi_evo_agent_runner.py:116] Agent_1 gets win rate: 0.21.
[20260602 18:09:43 @multi_evo_agent_runner.py:79] #------------------------ Iteration 952 --------------------------#
[20260602 18:10:01 @multi_evo_agent_runner.py:85] Sampling 50000 steps by 50 slaves, spending 18.04 s.
[20260602 18:10:33 @multi_evo_agent_runner.py:94] Policy update, spending: 31.70 s.
[20260602 18:10:35 @multi_evo_agent_runner.py:99] Evaluation time: 2.29 s.
[20260602 18:10:35 @multi_evo_agent_runner.py:105] Total time:     776.37 min
[20260602 18:10:35 @multi_evo_agent_runner.py:115] Agent_0 gets eval reward: -788.36.
[20260602 18:10:35 @multi_evo_agent_runner.py:116] Agent_0 gets win rate: 0.17.
[20260602 18:10:35 @multi_evo_agent_runner.py:115] Agent_1 gets eval reward: 42.84.
[20260602 18:10:35 @multi_evo_agent_runner.py:116] Agent_1 gets win rate: 0.38.
[20260602 18:10:35 @multi_evo_agent_runner.py:79] #------------------------ Iteration 953 --------------------------#
[20260602 18:10:53 @multi_evo_agent_runner.py:85] Sampling 50000 steps by 50 slaves, spending 17.35 s.
[20260602 18:11:23 @multi_evo_agent_runner.py:94] Policy update, spending: 30.03 s.
[20260602 18:11:25 @multi_evo_agent_runner.py:99] Evaluation time: 2.21 s.
[20260602 18:11:25 @multi_evo_agent_runner.py:105] Total time:     777.21 min
[20260602 18:11:25 @multi_evo_agent_runner.py:115] Agent_0 gets eval reward: -349.89.
[20260602 18:11:25 @multi_evo_agent_runner.py:116] Agent_0 gets win rate: 0.30.
[20260602 18:11:25 @multi_evo_agent_runner.py:115] Agent_1 gets eval reward: -313.25.
[20260602 18:11:25 @multi_evo_agent_runner.py:116] Agent_1 gets win rate: 0.30.
[20260602 18:11:25 @multi_evo_agent_runner.py:79] #------------------------ Iteration 954 --------------------------#
[20260602 18:11:42 @multi_evo_agent_runner.py:85] Sampling 50000 steps by 50 slaves, spending 16.43 s.
[20260602 18:12:12 @multi_evo_agent_runner.py:94] Policy update, spending: 30.12 s.
[20260602 18:12:14 @multi_evo_agent_runner.py:99] Evaluation time: 2.26 s.
[20260602 18:12:14 @multi_evo_agent_runner.py:105] Total time:     778.02 min
[20260602 18:12:14 @multi_evo_agent_runner.py:115] Agent_0 gets eval reward: -120.91.
[20260602 18:12:14 @multi_evo_agent_runner.py:116] Agent_0 gets win rate: 0.35.
[20260602 18:12:14 @multi_evo_agent_runner.py:115] Agent_1 gets eval reward: -496.32.
[20260602 18:12:14 @multi_evo_agent_runner.py:116] Agent_1 gets win rate: 0.26.
[20260602 18:12:14 @multi_evo_agent_runner.py:79] #------------------------ Iteration 955 --------------------------#
[20260602 18:12:31 @multi_evo_agent_runner.py:85] Sampling 50000 steps by 50 slaves, spending 17.15 s.
[20260602 18:13:02 @multi_evo_agent_runner.py:94] Policy update, spending: 30.53 s.
[20260602 18:13:04 @multi_evo_agent_runner.py:99] Evaluation time: 2.42 s.
[20260602 18:13:04 @multi_evo_agent_runner.py:105] Total time:     778.86 min
[20260602 18:13:05 @multi_evo_agent_runner.py:115] Agent_0 gets eval reward: -230.56.
[20260602 18:13:05 @multi_evo_agent_runner.py:116] Agent_0 gets win rate: 0.35.
[20260602 18:13:05 @multi_evo_agent_runner.py:115] Agent_1 gets eval reward: -323.86.
[20260602 18:13:05 @multi_evo_agent_runner.py:116] Agent_1 gets win rate: 0.33.
[20260602 18:13:05 @multi_evo_agent_runner.py:79] #------------------------ Iteration 956 --------------------------#
[20260602 18:13:22 @multi_evo_agent_runner.py:85] Sampling 50000 steps by 50 slaves, spending 17.02 s.
[20260602 18:13:53 @multi_evo_agent_runner.py:94] Policy update, spending: 30.75 s.
[20260602 18:13:55 @multi_evo_agent_runner.py:99] Evaluation time: 2.17 s.
[20260602 18:13:55 @multi_evo_agent_runner.py:105] Total time:     779.70 min
[20260602 18:13:55 @multi_evo_agent_runner.py:115] Agent_0 gets eval reward: -133.11.
[20260602 18:13:55 @multi_evo_agent_runner.py:116] Agent_0 gets win rate: 0.31.
[20260602 18:13:55 @multi_evo_agent_runner.py:115] Agent_1 gets eval reward: -868.64.
[20260602 18:13:55 @multi_evo_agent_runner.py:116] Agent_1 gets win rate: 0.12.
[20260602 18:13:55 @multi_evo_agent_runner.py:79] #------------------------ Iteration 957 --------------------------#
[20260602 18:14:12 @multi_evo_agent_runner.py:85] Sampling 50000 steps by 50 slaves, spending 16.72 s.
[20260602 18:14:42 @multi_evo_agent_runner.py:94] Policy update, spending: 30.71 s.
[20260602 18:14:45 @multi_evo_agent_runner.py:99] Evaluation time: 2.21 s.
[20260602 18:14:45 @multi_evo_agent_runner.py:105] Total time:     780.53 min
[20260602 18:14:45 @multi_evo_agent_runner.py:115] Agent_0 gets eval reward: -502.89.
[20260602 18:14:45 @multi_evo_agent_runner.py:116] Agent_0 gets win rate: 0.23.
[20260602 18:14:45 @multi_evo_agent_runner.py:115] Agent_1 gets eval reward: -362.69.
[20260602 18:14:45 @multi_evo_agent_runner.py:116] Agent_1 gets win rate: 0.26.
[20260602 18:14:45 @multi_evo_agent_runner.py:79] #------------------------ Iteration 958 --------------------------#
[20260602 18:15:03 @multi_evo_agent_runner.py:85] Sampling 50000 steps by 50 slaves, spending 17.73 s.
[20260602 18:15:34 @multi_evo_agent_runner.py:94] Policy update, spending: 31.85 s.
[20260602 18:15:37 @multi_evo_agent_runner.py:99] Evaluation time: 2.21 s.
[20260602 18:15:37 @multi_evo_agent_runner.py:105] Total time:     781.40 min
[20260602 18:15:37 @multi_evo_agent_runner.py:115] Agent_0 gets eval reward: 419.00.
[20260602 18:15:37 @multi_evo_agent_runner.py:116] Agent_0 gets win rate: 0.56.
[20260602 18:15:37 @multi_evo_agent_runner.py:115] Agent_1 gets eval reward: -703.88.
[20260602 18:15:37 @multi_evo_agent_runner.py:116] Agent_1 gets win rate: 0.27.
[20260602 18:15:37 @multi_evo_agent_runner.py:79] #------------------------ Iteration 959 --------------------------#
[20260602 18:15:54 @multi_evo_agent_runner.py:85] Sampling 50000 steps by 50 slaves, spending 17.19 s.
[20260602 18:16:25 @multi_evo_agent_runner.py:94] Policy update, spending: 31.00 s.
[20260602 18:16:27 @multi_evo_agent_runner.py:99] Evaluation time: 1.91 s.
[20260602 18:16:27 @multi_evo_agent_runner.py:105] Total time:     782.24 min
[20260602 18:16:27 @multi_evo_agent_runner.py:115] Agent_0 gets eval reward: -128.55.
[20260602 18:16:27 @multi_evo_agent_runner.py:116] Agent_0 gets win rate: 0.33.
[20260602 18:16:27 @multi_evo_agent_runner.py:115] Agent_1 gets eval reward: -696.07.
[20260602 18:16:27 @multi_evo_agent_runner.py:116] Agent_1 gets win rate: 0.19.
[20260602 18:16:27 @multi_evo_agent_runner.py:79] #------------------------ Iteration 960 --------------------------#
[20260602 18:16:44 @multi_evo_agent_runner.py:85] Sampling 50000 steps by 50 slaves, spending 16.46 s.
[20260602 18:17:13 @multi_evo_agent_runner.py:94] Policy update, spending: 28.99 s.
[20260602 18:17:15 @multi_evo_agent_runner.py:99] Evaluation time: 2.36 s.
[20260602 18:17:15 @multi_evo_agent_runner.py:105] Total time:     783.04 min
[20260602 18:17:15 @multi_evo_agent_runner.py:115] Agent_0 gets eval reward: 48.80.
[20260602 18:17:15 @multi_evo_agent_runner.py:116] Agent_0 gets win rate: 0.44.
[20260602 18:17:15 @multi_evo_agent_runner.py:115] Agent_1 gets eval reward: -466.65.
[20260602 18:17:15 @multi_evo_agent_runner.py:116] Agent_1 gets win rate: 0.31.
[20260602 18:17:15 @multi_evo_agent_runner.py:79] #------------------------ Iteration 961 --------------------------#
[20260602 18:17:33 @multi_evo_agent_runner.py:85] Sampling 50000 steps by 50 slaves, spending 17.97 s.
[20260602 18:18:05 @multi_evo_agent_runner.py:94] Policy update, spending: 31.27 s.
[20260602 18:18:07 @multi_evo_agent_runner.py:99] Evaluation time: 2.40 s.
[20260602 18:18:07 @multi_evo_agent_runner.py:105] Total time:     783.91 min
[20260602 18:18:07 @multi_evo_agent_runner.py:115] Agent_0 gets eval reward: -584.49.
[20260602 18:18:07 @multi_evo_agent_runner.py:116] Agent_0 gets win rate: 0.21.
[20260602 18:18:07 @multi_evo_agent_runner.py:115] Agent_1 gets eval reward: -313.61.
[20260602 18:18:07 @multi_evo_agent_runner.py:116] Agent_1 gets win rate: 0.27.
[20260602 18:18:07 @multi_evo_agent_runner.py:79] #------------------------ Iteration 962 --------------------------#
[20260602 18:18:25 @multi_evo_agent_runner.py:85] Sampling 50000 steps by 50 slaves, spending 17.36 s.
[20260602 18:18:56 @multi_evo_agent_runner.py:94] Policy update, spending: 31.55 s.
[20260602 18:18:58 @multi_evo_agent_runner.py:99] Evaluation time: 2.02 s.
[20260602 18:18:58 @multi_evo_agent_runner.py:105] Total time:     784.76 min
[20260602 18:18:58 @multi_evo_agent_runner.py:115] Agent_0 gets eval reward: 498.17.
[20260602 18:18:58 @multi_evo_agent_runner.py:116] Agent_0 gets win rate: 0.52.
[20260602 18:18:58 @multi_evo_agent_runner.py:115] Agent_1 gets eval reward: -1121.69.
[20260602 18:18:58 @multi_evo_agent_runner.py:116] Agent_1 gets win rate: 0.10.
[20260602 18:18:59 @multi_evo_agent_runner.py:79] #------------------------ Iteration 963 --------------------------#
[20260602 18:19:16 @multi_evo_agent_runner.py:85] Sampling 50000 steps by 50 slaves, spending 17.35 s.
[20260602 18:19:46 @multi_evo_agent_runner.py:94] Policy update, spending: 29.95 s.
[20260602 18:19:48 @multi_evo_agent_runner.py:99] Evaluation time: 2.21 s.
[20260602 18:19:48 @multi_evo_agent_runner.py:105] Total time:     785.59 min
[20260602 18:19:48 @multi_evo_agent_runner.py:115] Agent_0 gets eval reward: -13.05.
[20260602 18:19:48 @multi_evo_agent_runner.py:116] Agent_0 gets win rate: 0.38.
[20260602 18:19:48 @multi_evo_agent_runner.py:115] Agent_1 gets eval reward: -681.15.
[20260602 18:19:48 @multi_evo_agent_runner.py:116] Agent_1 gets win rate: 0.21.
[20260602 18:19:48 @multi_evo_agent_runner.py:79] #------------------------ Iteration 964 --------------------------#
[20260602 18:20:06 @multi_evo_agent_runner.py:85] Sampling 50000 steps by 50 slaves, spending 17.26 s.
[20260602 18:20:37 @multi_evo_agent_runner.py:94] Policy update, spending: 31.46 s.
[20260602 18:20:39 @multi_evo_agent_runner.py:99] Evaluation time: 2.33 s.
[20260602 18:20:39 @multi_evo_agent_runner.py:105] Total time:     786.45 min
[20260602 18:20:40 @multi_evo_agent_runner.py:115] Agent_0 gets eval reward: -196.17.
[20260602 18:20:40 @multi_evo_agent_runner.py:116] Agent_0 gets win rate: 0.40.
[20260602 18:20:40 @multi_evo_agent_runner.py:115] Agent_1 gets eval reward: -172.26.
[20260602 18:20:40 @multi_evo_agent_runner.py:116] Agent_1 gets win rate: 0.40.
[20260602 18:20:40 @multi_evo_agent_runner.py:79] #------------------------ Iteration 965 --------------------------#
[20260602 18:20:57 @multi_evo_agent_runner.py:85] Sampling 50000 steps by 50 slaves, spending 17.05 s.
[20260602 18:21:27 @multi_evo_agent_runner.py:94] Policy update, spending: 30.67 s.
[20260602 18:21:30 @multi_evo_agent_runner.py:99] Evaluation time: 2.14 s.
[20260602 18:21:30 @multi_evo_agent_runner.py:105] Total time:     787.28 min
[20260602 18:21:30 @multi_evo_agent_runner.py:115] Agent_0 gets eval reward: -560.02.
[20260602 18:21:30 @multi_evo_agent_runner.py:116] Agent_0 gets win rate: 0.15.
[20260602 18:21:30 @multi_evo_agent_runner.py:115] Agent_1 gets eval reward: -713.59.
[20260602 18:21:30 @multi_evo_agent_runner.py:116] Agent_1 gets win rate: 0.12.
[20260602 18:21:30 @multi_evo_agent_runner.py:79] #------------------------ Iteration 966 --------------------------#
[20260602 18:21:46 @multi_evo_agent_runner.py:85] Sampling 50000 steps by 50 slaves, spending 16.35 s.
[20260602 18:22:15 @multi_evo_agent_runner.py:94] Policy update, spending: 29.14 s.
[20260602 18:22:17 @multi_evo_agent_runner.py:99] Evaluation time: 2.00 s.
[20260602 18:22:17 @multi_evo_agent_runner.py:105] Total time:     788.08 min
[20260602 18:22:18 @multi_evo_agent_runner.py:115] Agent_0 gets eval reward: -627.83.
[20260602 18:22:18 @multi_evo_agent_runner.py:116] Agent_0 gets win rate: 0.24.
[20260602 18:22:18 @multi_evo_agent_runner.py:115] Agent_1 gets eval reward: -55.46.
[20260602 18:22:18 @multi_evo_agent_runner.py:116] Agent_1 gets win rate: 0.38.
[20260602 18:22:18 @multi_evo_agent_runner.py:79] #------------------------ Iteration 967 --------------------------#
[20260602 18:22:35 @multi_evo_agent_runner.py:85] Sampling 50000 steps by 50 slaves, spending 16.86 s.
[20260602 18:23:05 @multi_evo_agent_runner.py:94] Policy update, spending: 30.18 s.
[20260602 18:23:07 @multi_evo_agent_runner.py:99] Evaluation time: 2.27 s.
[20260602 18:23:07 @multi_evo_agent_runner.py:105] Total time:     788.91 min
[20260602 18:23:07 @multi_evo_agent_runner.py:115] Agent_0 gets eval reward: -33.61.
[20260602 18:23:07 @multi_evo_agent_runner.py:116] Agent_0 gets win rate: 0.39.
[20260602 18:23:07 @multi_evo_agent_runner.py:115] Agent_1 gets eval reward: -656.38.
[20260602 18:23:07 @multi_evo_agent_runner.py:116] Agent_1 gets win rate: 0.23.
[20260602 18:23:07 @multi_evo_agent_runner.py:79] #------------------------ Iteration 968 --------------------------#
[20260602 18:23:24 @multi_evo_agent_runner.py:85] Sampling 50000 steps by 50 slaves, spending 16.88 s.
[20260602 18:23:55 @multi_evo_agent_runner.py:94] Policy update, spending: 30.71 s.
[20260602 18:23:57 @multi_evo_agent_runner.py:99] Evaluation time: 2.21 s.
[20260602 18:23:57 @multi_evo_agent_runner.py:105] Total time:     789.74 min
[20260602 18:23:57 @multi_evo_agent_runner.py:115] Agent_0 gets eval reward: -333.01.
[20260602 18:23:57 @multi_evo_agent_runner.py:116] Agent_0 gets win rate: 0.31.
[20260602 18:23:57 @multi_evo_agent_runner.py:115] Agent_1 gets eval reward: -322.65.
[20260602 18:23:57 @multi_evo_agent_runner.py:116] Agent_1 gets win rate: 0.31.
[20260602 18:23:57 @multi_evo_agent_runner.py:79] #------------------------ Iteration 969 --------------------------#
[20260602 18:24:15 @multi_evo_agent_runner.py:85] Sampling 50000 steps by 50 slaves, spending 17.67 s.
[20260602 18:24:47 @multi_evo_agent_runner.py:94] Policy update, spending: 31.56 s.
[20260602 18:24:49 @multi_evo_agent_runner.py:99] Evaluation time: 1.91 s.
[20260602 18:24:49 @multi_evo_agent_runner.py:105] Total time:     790.60 min
[20260602 18:24:49 @multi_evo_agent_runner.py:115] Agent_0 gets eval reward: -225.05.
[20260602 18:24:49 @multi_evo_agent_runner.py:116] Agent_0 gets win rate: 0.29.
[20260602 18:24:49 @multi_evo_agent_runner.py:115] Agent_1 gets eval reward: -806.05.
[20260602 18:24:49 @multi_evo_agent_runner.py:116] Agent_1 gets win rate: 0.14.
[20260602 18:24:49 @multi_evo_agent_runner.py:79] #------------------------ Iteration 970 --------------------------#
[20260602 18:25:06 @multi_evo_agent_runner.py:85] Sampling 50000 steps by 50 slaves, spending 17.19 s.
[20260602 18:25:37 @multi_evo_agent_runner.py:94] Policy update, spending: 31.06 s.
[20260602 18:25:39 @multi_evo_agent_runner.py:99] Evaluation time: 2.09 s.
[20260602 18:25:39 @multi_evo_agent_runner.py:105] Total time:     791.44 min
[20260602 18:25:39 @multi_evo_agent_runner.py:115] Agent_0 gets eval reward: 1.29.
[20260602 18:25:39 @multi_evo_agent_runner.py:116] Agent_0 gets win rate: 0.38.
[20260602 18:25:39 @multi_evo_agent_runner.py:115] Agent_1 gets eval reward: -782.14.
[20260602 18:25:39 @multi_evo_agent_runner.py:116] Agent_1 gets win rate: 0.17.
[20260602 18:25:39 @multi_evo_agent_runner.py:79] #------------------------ Iteration 971 --------------------------#
[20260602 18:25:56 @multi_evo_agent_runner.py:85] Sampling 50000 steps by 50 slaves, spending 16.57 s.
[20260602 18:26:26 @multi_evo_agent_runner.py:94] Policy update, spending: 30.24 s.
[20260602 18:26:28 @multi_evo_agent_runner.py:99] Evaluation time: 2.14 s.
[20260602 18:26:28 @multi_evo_agent_runner.py:105] Total time:     792.26 min
[20260602 18:26:29 @multi_evo_agent_runner.py:115] Agent_0 gets eval reward: -272.26.
[20260602 18:26:29 @multi_evo_agent_runner.py:116] Agent_0 gets win rate: 0.32.
[20260602 18:26:29 @multi_evo_agent_runner.py:115] Agent_1 gets eval reward: -491.22.
[20260602 18:26:29 @multi_evo_agent_runner.py:116] Agent_1 gets win rate: 0.26.
[20260602 18:26:29 @multi_evo_agent_runner.py:79] #------------------------ Iteration 972 --------------------------#
[20260602 18:26:47 @multi_evo_agent_runner.py:85] Sampling 50000 steps by 50 slaves, spending 17.87 s.
[20260602 18:27:18 @multi_evo_agent_runner.py:94] Policy update, spending: 31.27 s.
[20260602 18:27:20 @multi_evo_agent_runner.py:99] Evaluation time: 2.49 s.
[20260602 18:27:20 @multi_evo_agent_runner.py:105] Total time:     793.13 min
[20260602 18:27:20 @multi_evo_agent_runner.py:115] Agent_0 gets eval reward: -136.72.
[20260602 18:27:20 @multi_evo_agent_runner.py:116] Agent_0 gets win rate: 0.41.
[20260602 18:27:20 @multi_evo_agent_runner.py:115] Agent_1 gets eval reward: -226.85.
[20260602 18:27:20 @multi_evo_agent_runner.py:116] Agent_1 gets win rate: 0.38.
[20260602 18:27:21 @multi_evo_agent_runner.py:79] #------------------------ Iteration 973 --------------------------#
[20260602 18:27:37 @multi_evo_agent_runner.py:85] Sampling 50000 steps by 50 slaves, spending 16.17 s.
[20260602 18:28:06 @multi_evo_agent_runner.py:94] Policy update, spending: 29.61 s.
[20260602 18:28:09 @multi_evo_agent_runner.py:99] Evaluation time: 2.33 s.
[20260602 18:28:09 @multi_evo_agent_runner.py:105] Total time:     793.93 min
[20260602 18:28:09 @multi_evo_agent_runner.py:115] Agent_0 gets eval reward: -64.94.
[20260602 18:28:09 @multi_evo_agent_runner.py:116] Agent_0 gets win rate: 0.33.
[20260602 18:28:09 @multi_evo_agent_runner.py:115] Agent_1 gets eval reward: -942.81.
[20260602 18:28:09 @multi_evo_agent_runner.py:116] Agent_1 gets win rate: 0.11.
[20260602 18:28:09 @multi_evo_agent_runner.py:79] #------------------------ Iteration 974 --------------------------#
[20260602 18:28:27 @multi_evo_agent_runner.py:85] Sampling 50000 steps by 50 slaves, spending 17.93 s.
[20260602 18:28:59 @multi_evo_agent_runner.py:94] Policy update, spending: 32.00 s.
[20260602 18:29:01 @multi_evo_agent_runner.py:99] Evaluation time: 2.36 s.
[20260602 18:29:01 @multi_evo_agent_runner.py:105] Total time:     794.81 min
[20260602 18:29:01 @multi_evo_agent_runner.py:115] Agent_0 gets eval reward: 349.31.
[20260602 18:29:01 @multi_evo_agent_runner.py:116] Agent_0 gets win rate: 0.47.
[20260602 18:29:01 @multi_evo_agent_runner.py:115] Agent_1 gets eval reward: -1150.08.
[20260602 18:29:01 @multi_evo_agent_runner.py:116] Agent_1 gets win rate: 0.09.
[20260602 18:29:02 @multi_evo_agent_runner.py:79] #------------------------ Iteration 975 --------------------------#
[20260602 18:29:19 @multi_evo_agent_runner.py:85] Sampling 50000 steps by 50 slaves, spending 17.22 s.
[20260602 18:29:49 @multi_evo_agent_runner.py:94] Policy update, spending: 30.43 s.
[20260602 18:29:51 @multi_evo_agent_runner.py:99] Evaluation time: 2.15 s.
[20260602 18:29:51 @multi_evo_agent_runner.py:105] Total time:     795.65 min
[20260602 18:29:52 @multi_evo_agent_runner.py:115] Agent_0 gets eval reward: -312.68.
[20260602 18:29:52 @multi_evo_agent_runner.py:116] Agent_0 gets win rate: 0.35.
[20260602 18:29:52 @multi_evo_agent_runner.py:115] Agent_1 gets eval reward: -168.98.
[20260602 18:29:52 @multi_evo_agent_runner.py:116] Agent_1 gets win rate: 0.38.
[20260602 18:29:52 @multi_evo_agent_runner.py:79] #------------------------ Iteration 976 --------------------------#
[20260602 18:30:08 @multi_evo_agent_runner.py:85] Sampling 50000 steps by 50 slaves, spending 16.15 s.
[20260602 18:30:37 @multi_evo_agent_runner.py:94] Policy update, spending: 28.86 s.
[20260602 18:30:39 @multi_evo_agent_runner.py:99] Evaluation time: 2.25 s.
[20260602 18:30:39 @multi_evo_agent_runner.py:105] Total time:     796.44 min
[20260602 18:30:39 @multi_evo_agent_runner.py:115] Agent_0 gets eval reward: -36.73.
[20260602 18:30:39 @multi_evo_agent_runner.py:116] Agent_0 gets win rate: 0.32.
[20260602 18:30:39 @multi_evo_agent_runner.py:115] Agent_1 gets eval reward: -1146.96.
[20260602 18:30:39 @multi_evo_agent_runner.py:116] Agent_1 gets win rate: 0.04.
[20260602 18:30:39 @multi_evo_agent_runner.py:79] #------------------------ Iteration 977 --------------------------#
[20260602 18:30:57 @multi_evo_agent_runner.py:85] Sampling 50000 steps by 50 slaves, spending 18.19 s.
[20260602 18:31:29 @multi_evo_agent_runner.py:94] Policy update, spending: 31.83 s.
[20260602 18:31:31 @multi_evo_agent_runner.py:99] Evaluation time: 2.11 s.
[20260602 18:31:31 @multi_evo_agent_runner.py:105] Total time:     797.31 min
[20260602 18:31:31 @multi_evo_agent_runner.py:115] Agent_0 gets eval reward: 138.72.
[20260602 18:31:31 @multi_evo_agent_runner.py:116] Agent_0 gets win rate: 0.44.
[20260602 18:31:31 @multi_evo_agent_runner.py:115] Agent_1 gets eval reward: -743.43.
[20260602 18:31:31 @multi_evo_agent_runner.py:116] Agent_1 gets win rate: 0.22.
[20260602 18:31:32 @multi_evo_agent_runner.py:79] #------------------------ Iteration 978 --------------------------#
[20260602 18:31:48 @multi_evo_agent_runner.py:85] Sampling 50000 steps by 50 slaves, spending 16.72 s.
[20260602 18:32:19 @multi_evo_agent_runner.py:94] Policy update, spending: 30.41 s.
[20260602 18:32:21 @multi_evo_agent_runner.py:99] Evaluation time: 2.26 s.
[20260602 18:32:21 @multi_evo_agent_runner.py:105] Total time:     798.14 min
[20260602 18:32:21 @multi_evo_agent_runner.py:115] Agent_0 gets eval reward: -93.00.
[20260602 18:32:21 @multi_evo_agent_runner.py:116] Agent_0 gets win rate: 0.35.
[20260602 18:32:21 @multi_evo_agent_runner.py:115] Agent_1 gets eval reward: -732.46.
[20260602 18:32:21 @multi_evo_agent_runner.py:116] Agent_1 gets win rate: 0.19.
[20260602 18:32:21 @multi_evo_agent_runner.py:79] #------------------------ Iteration 979 --------------------------#
[20260602 18:32:39 @multi_evo_agent_runner.py:85] Sampling 50000 steps by 50 slaves, spending 17.22 s.
[20260602 18:33:09 @multi_evo_agent_runner.py:94] Policy update, spending: 30.17 s.
[20260602 18:33:11 @multi_evo_agent_runner.py:99] Evaluation time: 2.03 s.
[20260602 18:33:11 @multi_evo_agent_runner.py:105] Total time:     798.97 min
[20260602 18:33:11 @multi_evo_agent_runner.py:115] Agent_0 gets eval reward: -477.21.
[20260602 18:33:11 @multi_evo_agent_runner.py:116] Agent_0 gets win rate: 0.17.
[20260602 18:33:11 @multi_evo_agent_runner.py:115] Agent_1 gets eval reward: -977.87.
[20260602 18:33:11 @multi_evo_agent_runner.py:116] Agent_1 gets win rate: 0.04.
[20260602 18:33:11 @multi_evo_agent_runner.py:79] #------------------------ Iteration 980 --------------------------#
[20260602 18:33:29 @multi_evo_agent_runner.py:85] Sampling 50000 steps by 50 slaves, spending 18.01 s.
[20260602 18:34:00 @multi_evo_agent_runner.py:94] Policy update, spending: 31.42 s.
[20260602 18:34:03 @multi_evo_agent_runner.py:99] Evaluation time: 2.32 s.
[20260602 18:34:03 @multi_evo_agent_runner.py:105] Total time:     799.84 min
[20260602 18:34:03 @multi_evo_agent_runner.py:115] Agent_0 gets eval reward: -248.07.
[20260602 18:34:03 @multi_evo_agent_runner.py:116] Agent_0 gets win rate: 0.35.
[20260602 18:34:03 @multi_evo_agent_runner.py:115] Agent_1 gets eval reward: -350.19.
[20260602 18:34:03 @multi_evo_agent_runner.py:116] Agent_1 gets win rate: 0.32.
[20260602 18:34:03 @multi_evo_agent_runner.py:79] #------------------------ Iteration 981 --------------------------#
[20260602 18:34:21 @multi_evo_agent_runner.py:85] Sampling 50000 steps by 50 slaves, spending 17.66 s.
[20260602 18:34:52 @multi_evo_agent_runner.py:94] Policy update, spending: 30.98 s.
[20260602 18:34:54 @multi_evo_agent_runner.py:99] Evaluation time: 2.35 s.
[20260602 18:34:54 @multi_evo_agent_runner.py:105] Total time:     800.69 min
[20260602 18:34:54 @multi_evo_agent_runner.py:115] Agent_0 gets eval reward: -1000.19.
[20260602 18:34:54 @multi_evo_agent_runner.py:116] Agent_0 gets win rate: 0.12.
[20260602 18:34:54 @multi_evo_agent_runner.py:115] Agent_1 gets eval reward: 130.29.
[20260602 18:34:54 @multi_evo_agent_runner.py:116] Agent_1 gets win rate: 0.41.
[20260602 18:34:54 @multi_evo_agent_runner.py:79] #------------------------ Iteration 982 --------------------------#
[20260602 18:35:11 @multi_evo_agent_runner.py:85] Sampling 50000 steps by 50 slaves, spending 16.99 s.
[20260602 18:35:43 @multi_evo_agent_runner.py:94] Policy update, spending: 31.17 s.
[20260602 18:35:45 @multi_evo_agent_runner.py:99] Evaluation time: 2.31 s.
[20260602 18:35:45 @multi_evo_agent_runner.py:105] Total time:     801.54 min
[20260602 18:35:45 @multi_evo_agent_runner.py:115] Agent_0 gets eval reward: -439.11.
[20260602 18:35:45 @multi_evo_agent_runner.py:116] Agent_0 gets win rate: 0.31.
[20260602 18:35:45 @multi_evo_agent_runner.py:115] Agent_1 gets eval reward: -91.34.
[20260602 18:35:45 @multi_evo_agent_runner.py:116] Agent_1 gets win rate: 0.40.
[20260602 18:35:45 @multi_evo_agent_runner.py:79] #------------------------ Iteration 983 --------------------------#
[20260602 18:36:02 @multi_evo_agent_runner.py:85] Sampling 50000 steps by 50 slaves, spending 16.99 s.
[20260602 18:36:32 @multi_evo_agent_runner.py:94] Policy update, spending: 29.78 s.
[20260602 18:36:34 @multi_evo_agent_runner.py:99] Evaluation time: 1.94 s.
[20260602 18:36:34 @multi_evo_agent_runner.py:105] Total time:     802.35 min
[20260602 18:36:34 @multi_evo_agent_runner.py:115] Agent_0 gets eval reward: 292.86.
[20260602 18:36:34 @multi_evo_agent_runner.py:116] Agent_0 gets win rate: 0.45.
[20260602 18:36:34 @multi_evo_agent_runner.py:115] Agent_1 gets eval reward: -1190.77.
[20260602 18:36:34 @multi_evo_agent_runner.py:116] Agent_1 gets win rate: 0.07.
[20260602 18:36:34 @multi_evo_agent_runner.py:79] #------------------------ Iteration 984 --------------------------#
[20260602 18:36:51 @multi_evo_agent_runner.py:85] Sampling 50000 steps by 50 slaves, spending 17.21 s.
[20260602 18:37:23 @multi_evo_agent_runner.py:94] Policy update, spending: 31.72 s.
[20260602 18:37:25 @multi_evo_agent_runner.py:99] Evaluation time: 2.37 s.
[20260602 18:37:25 @multi_evo_agent_runner.py:105] Total time:     803.21 min
[20260602 18:37:26 @multi_evo_agent_runner.py:115] Agent_0 gets eval reward: -360.35.
[20260602 18:37:26 @multi_evo_agent_runner.py:116] Agent_0 gets win rate: 0.26.
[20260602 18:37:26 @multi_evo_agent_runner.py:115] Agent_1 gets eval reward: -761.96.
[20260602 18:37:26 @multi_evo_agent_runner.py:116] Agent_1 gets win rate: 0.15.
[20260602 18:37:26 @multi_evo_agent_runner.py:79] #------------------------ Iteration 985 --------------------------#
[20260602 18:37:43 @multi_evo_agent_runner.py:85] Sampling 50000 steps by 50 slaves, spending 16.96 s.
[20260602 18:38:14 @multi_evo_agent_runner.py:94] Policy update, spending: 31.25 s.
[20260602 18:38:16 @multi_evo_agent_runner.py:99] Evaluation time: 2.34 s.
[20260602 18:38:16 @multi_evo_agent_runner.py:105] Total time:     804.06 min
[20260602 18:38:16 @multi_evo_agent_runner.py:115] Agent_0 gets eval reward: -1192.91.
[20260602 18:38:16 @multi_evo_agent_runner.py:116] Agent_0 gets win rate: 0.12.
[20260602 18:38:16 @multi_evo_agent_runner.py:115] Agent_1 gets eval reward: 650.73.
[20260602 18:38:16 @multi_evo_agent_runner.py:116] Agent_1 gets win rate: 0.59.
[20260602 18:38:16 @multi_evo_agent_runner.py:503] CRITICAL save best checkpoint with agent_1's rewards 650.73!
[20260602 18:38:17 @multi_evo_agent_runner.py:79] #------------------------ Iteration 986 --------------------------#
[20260602 18:38:33 @multi_evo_agent_runner.py:85] Sampling 50000 steps by 50 slaves, spending 16.56 s.
[20260602 18:39:04 @multi_evo_agent_runner.py:94] Policy update, spending: 30.59 s.
[20260602 18:39:06 @multi_evo_agent_runner.py:99] Evaluation time: 2.40 s.
[20260602 18:39:06 @multi_evo_agent_runner.py:105] Total time:     804.89 min
[20260602 18:39:06 @multi_evo_agent_runner.py:115] Agent_0 gets eval reward: -805.96.
[20260602 18:39:06 @multi_evo_agent_runner.py:116] Agent_0 gets win rate: 0.20.
[20260602 18:39:06 @multi_evo_agent_runner.py:115] Agent_1 gets eval reward: 89.65.
[20260602 18:39:06 @multi_evo_agent_runner.py:116] Agent_1 gets win rate: 0.42.
[20260602 18:39:06 @multi_evo_agent_runner.py:79] #------------------------ Iteration 987 --------------------------#
[20260602 18:39:23 @multi_evo_agent_runner.py:85] Sampling 50000 steps by 50 slaves, spending 16.89 s.
[20260602 18:39:54 @multi_evo_agent_runner.py:94] Policy update, spending: 30.36 s.
[20260602 18:39:56 @multi_evo_agent_runner.py:99] Evaluation time: 2.51 s.
[20260602 18:39:56 @multi_evo_agent_runner.py:105] Total time:     805.73 min
[20260602 18:39:56 @multi_evo_agent_runner.py:115] Agent_0 gets eval reward: -894.95.
[20260602 18:39:56 @multi_evo_agent_runner.py:116] Agent_0 gets win rate: 0.17.
[20260602 18:39:56 @multi_evo_agent_runner.py:115] Agent_1 gets eval reward: 252.31.
[20260602 18:39:56 @multi_evo_agent_runner.py:116] Agent_1 gets win rate: 0.49.
[20260602 18:39:56 @multi_evo_agent_runner.py:79] #------------------------ Iteration 988 --------------------------#
[20260602 18:40:13 @multi_evo_agent_runner.py:85] Sampling 50000 steps by 50 slaves, spending 16.69 s.
[20260602 18:40:44 @multi_evo_agent_runner.py:94] Policy update, spending: 30.54 s.
[20260602 18:40:46 @multi_evo_agent_runner.py:99] Evaluation time: 2.05 s.
[20260602 18:40:46 @multi_evo_agent_runner.py:105] Total time:     806.55 min
[20260602 18:40:46 @multi_evo_agent_runner.py:115] Agent_0 gets eval reward: -397.50.
[20260602 18:40:46 @multi_evo_agent_runner.py:116] Agent_0 gets win rate: 0.32.
[20260602 18:40:46 @multi_evo_agent_runner.py:115] Agent_1 gets eval reward: -279.23.
[20260602 18:40:46 @multi_evo_agent_runner.py:116] Agent_1 gets win rate: 0.32.
[20260602 18:40:46 @multi_evo_agent_runner.py:79] #------------------------ Iteration 989 --------------------------#
[20260602 18:41:03 @multi_evo_agent_runner.py:85] Sampling 50000 steps by 50 slaves, spending 17.18 s.
[20260602 18:41:35 @multi_evo_agent_runner.py:94] Policy update, spending: 31.35 s.
[20260602 18:41:37 @multi_evo_agent_runner.py:99] Evaluation time: 2.07 s.
[20260602 18:41:37 @multi_evo_agent_runner.py:105] Total time:     807.40 min
[20260602 18:41:37 @multi_evo_agent_runner.py:115] Agent_0 gets eval reward: 75.54.
[20260602 18:41:37 @multi_evo_agent_runner.py:116] Agent_0 gets win rate: 0.42.
[20260602 18:41:37 @multi_evo_agent_runner.py:115] Agent_1 gets eval reward: -814.59.
[20260602 18:41:37 @multi_evo_agent_runner.py:116] Agent_1 gets win rate: 0.19.
[20260602 18:41:37 @multi_evo_agent_runner.py:79] #------------------------ Iteration 990 --------------------------#
[20260602 18:41:54 @multi_evo_agent_runner.py:85] Sampling 50000 steps by 50 slaves, spending 16.99 s.
[20260602 18:42:25 @multi_evo_agent_runner.py:94] Policy update, spending: 30.62 s.
[20260602 18:42:27 @multi_evo_agent_runner.py:99] Evaluation time: 2.22 s.
[20260602 18:42:27 @multi_evo_agent_runner.py:105] Total time:     808.24 min
[20260602 18:42:27 @multi_evo_agent_runner.py:115] Agent_0 gets eval reward: 70.78.
[20260602 18:42:27 @multi_evo_agent_runner.py:116] Agent_0 gets win rate: 0.44.
[20260602 18:42:27 @multi_evo_agent_runner.py:115] Agent_1 gets eval reward: -668.42.
[20260602 18:42:27 @multi_evo_agent_runner.py:116] Agent_1 gets win rate: 0.25.
[20260602 18:42:27 @multi_evo_agent_runner.py:79] #------------------------ Iteration 991 --------------------------#
[20260602 18:42:44 @multi_evo_agent_runner.py:85] Sampling 50000 steps by 50 slaves, spending 16.59 s.
[20260602 18:43:13 @multi_evo_agent_runner.py:94] Policy update, spending: 29.41 s.
[20260602 18:43:15 @multi_evo_agent_runner.py:99] Evaluation time: 2.33 s.
[20260602 18:43:15 @multi_evo_agent_runner.py:105] Total time:     809.05 min
[20260602 18:43:16 @multi_evo_agent_runner.py:115] Agent_0 gets eval reward: 196.62.
[20260602 18:43:16 @multi_evo_agent_runner.py:116] Agent_0 gets win rate: 0.44.
[20260602 18:43:16 @multi_evo_agent_runner.py:115] Agent_1 gets eval reward: -1040.20.
[20260602 18:43:16 @multi_evo_agent_runner.py:116] Agent_1 gets win rate: 0.12.
[20260602 18:43:16 @multi_evo_agent_runner.py:79] #------------------------ Iteration 992 --------------------------#
[20260602 18:43:33 @multi_evo_agent_runner.py:85] Sampling 50000 steps by 50 slaves, spending 17.02 s.
[20260602 18:44:03 @multi_evo_agent_runner.py:94] Policy update, spending: 29.89 s.
[20260602 18:44:05 @multi_evo_agent_runner.py:99] Evaluation time: 2.06 s.
[20260602 18:44:05 @multi_evo_agent_runner.py:105] Total time:     809.87 min
[20260602 18:44:05 @multi_evo_agent_runner.py:115] Agent_0 gets eval reward: -277.04.
[20260602 18:44:05 @multi_evo_agent_runner.py:116] Agent_0 gets win rate: 0.29.
[20260602 18:44:05 @multi_evo_agent_runner.py:115] Agent_1 gets eval reward: -786.74.
[20260602 18:44:05 @multi_evo_agent_runner.py:116] Agent_1 gets win rate: 0.16.
[20260602 18:44:05 @multi_evo_agent_runner.py:79] #------------------------ Iteration 993 --------------------------#
[20260602 18:44:22 @multi_evo_agent_runner.py:85] Sampling 50000 steps by 50 slaves, spending 17.47 s.
[20260602 18:44:53 @multi_evo_agent_runner.py:94] Policy update, spending: 31.03 s.
[20260602 18:44:56 @multi_evo_agent_runner.py:99] Evaluation time: 2.36 s.
[20260602 18:44:56 @multi_evo_agent_runner.py:105] Total time:     810.72 min
[20260602 18:44:56 @multi_evo_agent_runner.py:115] Agent_0 gets eval reward: 701.95.
[20260602 18:44:56 @multi_evo_agent_runner.py:116] Agent_0 gets win rate: 0.61.
[20260602 18:44:56 @multi_evo_agent_runner.py:115] Agent_1 gets eval reward: -1229.18.
[20260602 18:44:56 @multi_evo_agent_runner.py:116] Agent_1 gets win rate: 0.12.
[20260602 18:44:56 @multi_evo_agent_runner.py:79] #------------------------ Iteration 994 --------------------------#
[20260602 18:45:14 @multi_evo_agent_runner.py:85] Sampling 50000 steps by 50 slaves, spending 17.62 s.
[20260602 18:45:45 @multi_evo_agent_runner.py:94] Policy update, spending: 31.64 s.
[20260602 18:45:48 @multi_evo_agent_runner.py:99] Evaluation time: 2.26 s.
[20260602 18:45:48 @multi_evo_agent_runner.py:105] Total time:     811.58 min
[20260602 18:45:48 @multi_evo_agent_runner.py:115] Agent_0 gets eval reward: -259.53.
[20260602 18:45:48 @multi_evo_agent_runner.py:116] Agent_0 gets win rate: 0.27.
[20260602 18:45:48 @multi_evo_agent_runner.py:115] Agent_1 gets eval reward: -1024.30.
[20260602 18:45:48 @multi_evo_agent_runner.py:116] Agent_1 gets win rate: 0.08.
[20260602 18:45:48 @multi_evo_agent_runner.py:79] #------------------------ Iteration 995 --------------------------#
[20260602 18:46:04 @multi_evo_agent_runner.py:85] Sampling 50000 steps by 50 slaves, spending 16.27 s.
[20260602 18:46:35 @multi_evo_agent_runner.py:94] Policy update, spending: 30.41 s.
[20260602 18:46:37 @multi_evo_agent_runner.py:99] Evaluation time: 1.99 s.
[20260602 18:46:37 @multi_evo_agent_runner.py:105] Total time:     812.40 min
[20260602 18:46:37 @multi_evo_agent_runner.py:115] Agent_0 gets eval reward: -558.60.
[20260602 18:46:37 @multi_evo_agent_runner.py:116] Agent_0 gets win rate: 0.23.
[20260602 18:46:37 @multi_evo_agent_runner.py:115] Agent_1 gets eval reward: -424.20.
[20260602 18:46:37 @multi_evo_agent_runner.py:116] Agent_1 gets win rate: 0.27.
[20260602 18:46:37 @multi_evo_agent_runner.py:79] #------------------------ Iteration 996 --------------------------#
[20260602 18:46:54 @multi_evo_agent_runner.py:85] Sampling 50000 steps by 50 slaves, spending 17.16 s.
[20260602 18:47:25 @multi_evo_agent_runner.py:94] Policy update, spending: 31.48 s.
[20260602 18:47:27 @multi_evo_agent_runner.py:99] Evaluation time: 1.95 s.
[20260602 18:47:27 @multi_evo_agent_runner.py:105] Total time:     813.25 min
[20260602 18:47:28 @multi_evo_agent_runner.py:115] Agent_0 gets eval reward: 159.86.
[20260602 18:47:28 @multi_evo_agent_runner.py:116] Agent_0 gets win rate: 0.44.
[20260602 18:47:28 @multi_evo_agent_runner.py:115] Agent_1 gets eval reward: -960.01.
[20260602 18:47:28 @multi_evo_agent_runner.py:116] Agent_1 gets win rate: 0.16.
[20260602 18:47:28 @multi_evo_agent_runner.py:79] #------------------------ Iteration 997 --------------------------#
[20260602 18:47:45 @multi_evo_agent_runner.py:85] Sampling 50000 steps by 50 slaves, spending 17.40 s.
[20260602 18:48:16 @multi_evo_agent_runner.py:94] Policy update, spending: 30.60 s.
[20260602 18:48:18 @multi_evo_agent_runner.py:99] Evaluation time: 2.38 s.
[20260602 18:48:18 @multi_evo_agent_runner.py:105] Total time:     814.09 min
[20260602 18:48:18 @multi_evo_agent_runner.py:115] Agent_0 gets eval reward: 196.90.
[20260602 18:48:18 @multi_evo_agent_runner.py:116] Agent_0 gets win rate: 0.46.
[20260602 18:48:18 @multi_evo_agent_runner.py:115] Agent_1 gets eval reward: -872.36.
[20260602 18:48:18 @multi_evo_agent_runner.py:116] Agent_1 gets win rate: 0.20.
[20260602 18:48:18 @multi_evo_agent_runner.py:79] #------------------------ Iteration 998 --------------------------#
[20260602 18:48:36 @multi_evo_agent_runner.py:85] Sampling 50000 steps by 50 slaves, spending 17.77 s.
[20260602 18:49:07 @multi_evo_agent_runner.py:94] Policy update, spending: 30.77 s.
[20260602 18:49:10 @multi_evo_agent_runner.py:99] Evaluation time: 2.71 s.
[20260602 18:49:10 @multi_evo_agent_runner.py:105] Total time:     814.95 min
[20260602 18:49:10 @multi_evo_agent_runner.py:115] Agent_0 gets eval reward: 103.09.
[20260602 18:49:10 @multi_evo_agent_runner.py:116] Agent_0 gets win rate: 0.40.
[20260602 18:49:10 @multi_evo_agent_runner.py:115] Agent_1 gets eval reward: -1094.22.
[20260602 18:49:10 @multi_evo_agent_runner.py:116] Agent_1 gets win rate: 0.10.
[20260602 18:49:10 @multi_evo_agent_runner.py:79] #------------------------ Iteration 999 --------------------------#
[20260602 18:49:26 @multi_evo_agent_runner.py:85] Sampling 50000 steps by 50 slaves, spending 16.38 s.
[20260602 18:49:56 @multi_evo_agent_runner.py:94] Policy update, spending: 29.28 s.
[20260602 18:49:58 @multi_evo_agent_runner.py:99] Evaluation time: 2.15 s.
[20260602 18:49:58 @multi_evo_agent_runner.py:105] Total time:     815.75 min
[20260602 18:49:58 @multi_evo_agent_runner.py:115] Agent_0 gets eval reward: -701.12.
[20260602 18:49:58 @multi_evo_agent_runner.py:116] Agent_0 gets win rate: 0.27.
[20260602 18:49:58 @multi_evo_agent_runner.py:115] Agent_1 gets eval reward: 271.16.
[20260602 18:49:58 @multi_evo_agent_runner.py:116] Agent_1 gets win rate: 0.51.
[20260602 18:49:58 @train.py:101] training done!
/home/sgh/Data/miniconda3/envs/EAI/lib/python3.11/site-packages/gymnasium/spaces/box.py:130: UserWarning: [33mWARN: Box bound precision lowered by casting to float32[0m
  gym.logger.warn(f"Box bound precision lowered by casting to {self.dtype}")
