
[2026-06-01 21:40:06] START fixed GPU resume from epoch_0028
[20260601 21:40:09 @logger.py:79] Hardware info: x86_64
[20260601 21:40:09 @logger.py:80] Device info: sgh
[20260601 21:40:09 @logger.py:81] Platform info: Linux-6.17.0-29-generic-x86_64-with-glibc2.39
[20260601 21:40:09 @logger.py:82] System info: Linux
[20260601 21:40:09 @logger.py:83] Current Python version: 3.11.4
[20260601 21:40:09 @train.py:51] CRITICAL The current environment is run-to-goal-ants-v0.
[20260601 21:40:09 @train.py:52] Running directory: ./tmp/run-to-goal-ants-v0/20260601_214009
[20260601 21:40:09 @train.py:53] Type of current running: Training
[20260601 21:40:09 @logger.py:107] Log file set to ./tmp/run-to-goal-ants-v0/20260601_214009/log/run-to-goal-ants-v0-20260601_214009.log
Config file is saved at ./tmp/run-to-goal-ants-v0/20260601_214009/config.yml
Creating agent ant
Creating agent ant
Creating Scene XML
Scene XML path: /home/sgh/Data/WorkSpace/CompetEvo/gym_compete/new_envs/assets/world_body.ant_body.ant_body.xml
Created Scene with agents
[20260601 21:40:09 @multi_agent_runner.py:435] loading agent_0 model from checkpoint: tmp/run-to-goal-ants-v0/20260601_212809/models/agent_0/epoch_0028.p
[20260601 21:40:09 @multi_agent_runner.py:435] loading agent_1 model from checkpoint: tmp/run-to-goal-ants-v0/20260601_212809/models/agent_1/epoch_0028.p
[20260601 21:40:09 @base_runner.py:50] Checkpoint tmp/run-to-goal-ants-v0/20260601_212809/models/agent_0/epoch_0028.p copied successfully to ./tmp/run-to-goal-ants-v0/20260601_214009/models/agent_0/epoch_0000.p
[20260601 21:40:09 @base_runner.py:50] Checkpoint tmp/run-to-goal-ants-v0/20260601_212809/models/agent_1/epoch_0028.p copied successfully to ./tmp/run-to-goal-ants-v0/20260601_214009/models/agent_1/epoch_0000.p
[20260601 21:40:09 @multi_agent_runner.py:79] #------------------------ Iteration 0 --------------------------#
[20260601 21:40:18 @multi_agent_runner.py:85] Sampling 50000 steps by 50 slaves, spending 9.16 s.
[20260601 21:40:27 @multi_agent_runner.py:94] Policy update, spending: 9.06 s.
[20260601 21:40:29 @multi_agent_runner.py:99] Evaluation time: 1.56 s.
[20260601 21:40:29 @multi_agent_runner.py:105] Total time:       0.33 min
[20260601 21:40:29 @multi_agent_runner.py:120] Agent_0 gets eval reward: 493.72.
[20260601 21:40:29 @multi_agent_runner.py:121] Agent_0 gets win rate: 0.00.
[20260601 21:40:29 @multi_agent_runner.py:120] Agent_1 gets eval reward: 544.10.
[20260601 21:40:29 @multi_agent_runner.py:121] Agent_1 gets win rate: 0.00.
[20260601 21:40:29 @multi_agent_runner.py:462] CRITICAL save best checkpoint with agent_1's rewards 544.10!
[20260601 21:40:29 @multi_agent_runner.py:79] #------------------------ Iteration 1 --------------------------#
[20260601 21:40:38 @multi_agent_runner.py:85] Sampling 50000 steps by 50 slaves, spending 9.04 s.
[20260601 21:40:46 @multi_agent_runner.py:94] Policy update, spending: 8.22 s.
[20260601 21:40:48 @multi_agent_runner.py:99] Evaluation time: 1.59 s.
[20260601 21:40:48 @multi_agent_runner.py:105] Total time:       0.65 min
[20260601 21:40:48 @multi_agent_runner.py:120] Agent_0 gets eval reward: 523.86.
[20260601 21:40:48 @multi_agent_runner.py:121] Agent_0 gets win rate: 0.00.
[20260601 21:40:48 @multi_agent_runner.py:120] Agent_1 gets eval reward: 500.57.
[20260601 21:40:48 @multi_agent_runner.py:121] Agent_1 gets win rate: 0.00.
[20260601 21:40:48 @multi_agent_runner.py:462] CRITICAL save best checkpoint with agent_0's rewards 523.86!
[20260601 21:40:48 @multi_agent_runner.py:79] #------------------------ Iteration 2 --------------------------#
[20260601 21:40:57 @multi_agent_runner.py:85] Sampling 50000 steps by 50 slaves, spending 9.59 s.
[20260601 21:41:06 @multi_agent_runner.py:94] Policy update, spending: 8.92 s.
[20260601 21:41:08 @multi_agent_runner.py:99] Evaluation time: 1.73 s.
[20260601 21:41:08 @multi_agent_runner.py:105] Total time:       0.99 min
[20260601 21:41:08 @multi_agent_runner.py:120] Agent_0 gets eval reward: 501.47.
[20260601 21:41:08 @multi_agent_runner.py:121] Agent_0 gets win rate: 0.00.
[20260601 21:41:08 @multi_agent_runner.py:120] Agent_1 gets eval reward: 501.90.
[20260601 21:41:08 @multi_agent_runner.py:121] Agent_1 gets win rate: 0.00.
[20260601 21:41:08 @multi_agent_runner.py:79] #------------------------ Iteration 3 --------------------------#
[20260601 21:41:20 @multi_agent_runner.py:85] Sampling 50000 steps by 50 slaves, spending 11.65 s.
[20260601 21:41:29 @multi_agent_runner.py:94] Policy update, spending: 8.66 s.
[20260601 21:41:30 @multi_agent_runner.py:99] Evaluation time: 1.60 s.
[20260601 21:41:30 @multi_agent_runner.py:105] Total time:       1.35 min
[20260601 21:41:30 @multi_agent_runner.py:120] Agent_0 gets eval reward: 485.22.
[20260601 21:41:30 @multi_agent_runner.py:121] Agent_0 gets win rate: 0.00.
[20260601 21:41:30 @multi_agent_runner.py:120] Agent_1 gets eval reward: 527.14.
[20260601 21:41:30 @multi_agent_runner.py:121] Agent_1 gets win rate: 0.00.
[20260601 21:41:30 @multi_agent_runner.py:79] #------------------------ Iteration 4 --------------------------#
[20260601 21:41:43 @multi_agent_runner.py:85] Sampling 50000 steps by 50 slaves, spending 12.70 s.
[20260601 21:41:51 @multi_agent_runner.py:94] Policy update, spending: 8.31 s.
[20260601 21:41:53 @multi_agent_runner.py:99] Evaluation time: 1.70 s.
[20260601 21:41:53 @multi_agent_runner.py:105] Total time:       1.74 min
[20260601 21:41:53 @multi_agent_runner.py:120] Agent_0 gets eval reward: 500.27.
[20260601 21:41:53 @multi_agent_runner.py:121] Agent_0 gets win rate: 0.00.
[20260601 21:41:53 @multi_agent_runner.py:120] Agent_1 gets eval reward: 508.94.
[20260601 21:41:53 @multi_agent_runner.py:121] Agent_1 gets win rate: 0.00.
[20260601 21:41:53 @multi_agent_runner.py:79] #------------------------ Iteration 5 --------------------------#
[20260601 21:42:06 @multi_agent_runner.py:85] Sampling 50000 steps by 50 slaves, spending 12.87 s.
[20260601 21:42:15 @multi_agent_runner.py:94] Policy update, spending: 8.87 s.
[20260601 21:42:16 @multi_agent_runner.py:99] Evaluation time: 1.54 s.
[20260601 21:42:16 @multi_agent_runner.py:105] Total time:       2.13 min
[20260601 21:42:16 @multi_agent_runner.py:120] Agent_0 gets eval reward: 493.79.
[20260601 21:42:16 @multi_agent_runner.py:121] Agent_0 gets win rate: 0.00.
[20260601 21:42:16 @multi_agent_runner.py:120] Agent_1 gets eval reward: 528.17.
[20260601 21:42:16 @multi_agent_runner.py:121] Agent_1 gets win rate: 0.00.
[20260601 21:42:17 @multi_agent_runner.py:79] #------------------------ Iteration 6 --------------------------#
[20260601 21:42:29 @multi_agent_runner.py:85] Sampling 50000 steps by 50 slaves, spending 12.58 s.
[20260601 21:42:38 @multi_agent_runner.py:94] Policy update, spending: 8.51 s.
[20260601 21:42:39 @multi_agent_runner.py:99] Evaluation time: 1.51 s.
[20260601 21:42:39 @multi_agent_runner.py:105] Total time:       2.50 min
[20260601 21:42:39 @multi_agent_runner.py:120] Agent_0 gets eval reward: 492.60.
[20260601 21:42:39 @multi_agent_runner.py:121] Agent_0 gets win rate: 0.00.
[20260601 21:42:39 @multi_agent_runner.py:120] Agent_1 gets eval reward: 508.26.
[20260601 21:42:39 @multi_agent_runner.py:121] Agent_1 gets win rate: 0.00.
[20260601 21:42:39 @multi_agent_runner.py:79] #------------------------ Iteration 7 --------------------------#
[20260601 21:42:51 @multi_agent_runner.py:85] Sampling 50000 steps by 50 slaves, spending 12.13 s.
[20260601 21:43:00 @multi_agent_runner.py:94] Policy update, spending: 8.57 s.
[20260601 21:43:02 @multi_agent_runner.py:99] Evaluation time: 1.51 s.
[20260601 21:43:02 @multi_agent_runner.py:105] Total time:       2.88 min
[20260601 21:43:02 @multi_agent_runner.py:120] Agent_0 gets eval reward: 507.84.
[20260601 21:43:02 @multi_agent_runner.py:121] Agent_0 gets win rate: 0.00.
[20260601 21:43:02 @multi_agent_runner.py:120] Agent_1 gets eval reward: 475.46.
[20260601 21:43:02 @multi_agent_runner.py:121] Agent_1 gets win rate: 0.00.
[20260601 21:43:02 @multi_agent_runner.py:79] #------------------------ Iteration 8 --------------------------#
[20260601 21:43:14 @multi_agent_runner.py:85] Sampling 50000 steps by 50 slaves, spending 12.55 s.
[20260601 21:43:23 @multi_agent_runner.py:94] Policy update, spending: 8.57 s.
[20260601 21:43:24 @multi_agent_runner.py:99] Evaluation time: 1.49 s.
[20260601 21:43:24 @multi_agent_runner.py:105] Total time:       3.26 min
[20260601 21:43:24 @multi_agent_runner.py:120] Agent_0 gets eval reward: 480.06.
[20260601 21:43:24 @multi_agent_runner.py:121] Agent_0 gets win rate: 0.00.
[20260601 21:43:24 @multi_agent_runner.py:120] Agent_1 gets eval reward: 500.11.
[20260601 21:43:24 @multi_agent_runner.py:121] Agent_1 gets win rate: 0.00.
[20260601 21:43:24 @multi_agent_runner.py:79] #------------------------ Iteration 9 --------------------------#
[20260601 21:43:37 @multi_agent_runner.py:85] Sampling 50000 steps by 50 slaves, spending 12.52 s.
[20260601 21:43:45 @multi_agent_runner.py:94] Policy update, spending: 8.42 s.
[20260601 21:43:47 @multi_agent_runner.py:99] Evaluation time: 1.57 s.
[20260601 21:43:47 @multi_agent_runner.py:105] Total time:       3.63 min
[20260601 21:43:47 @multi_agent_runner.py:120] Agent_0 gets eval reward: 478.31.
[20260601 21:43:47 @multi_agent_runner.py:121] Agent_0 gets win rate: 0.00.
[20260601 21:43:47 @multi_agent_runner.py:120] Agent_1 gets eval reward: 511.10.
[20260601 21:43:47 @multi_agent_runner.py:121] Agent_1 gets win rate: 0.00.
[20260601 21:43:47 @multi_agent_runner.py:79] #------------------------ Iteration 10 --------------------------#
[20260601 21:44:00 @multi_agent_runner.py:85] Sampling 50000 steps by 50 slaves, spending 12.87 s.
[20260601 21:44:09 @multi_agent_runner.py:94] Policy update, spending: 8.82 s.
[20260601 21:44:10 @multi_agent_runner.py:99] Evaluation time: 1.60 s.
[20260601 21:44:10 @multi_agent_runner.py:105] Total time:       4.02 min
[20260601 21:44:10 @multi_agent_runner.py:120] Agent_0 gets eval reward: 522.01.
[20260601 21:44:10 @multi_agent_runner.py:121] Agent_0 gets win rate: 0.00.
[20260601 21:44:10 @multi_agent_runner.py:120] Agent_1 gets eval reward: 464.06.
[20260601 21:44:10 @multi_agent_runner.py:121] Agent_1 gets win rate: 0.00.
[20260601 21:44:10 @multi_agent_runner.py:79] #------------------------ Iteration 11 --------------------------#
[20260601 21:44:23 @multi_agent_runner.py:85] Sampling 50000 steps by 50 slaves, spending 12.92 s.
[20260601 21:44:32 @multi_agent_runner.py:94] Policy update, spending: 8.79 s.
[20260601 21:44:34 @multi_agent_runner.py:99] Evaluation time: 1.68 s.
[20260601 21:44:34 @multi_agent_runner.py:105] Total time:       4.42 min
[20260601 21:44:34 @multi_agent_runner.py:120] Agent_0 gets eval reward: 473.86.
[20260601 21:44:34 @multi_agent_runner.py:121] Agent_0 gets win rate: 0.00.
[20260601 21:44:34 @multi_agent_runner.py:120] Agent_1 gets eval reward: 489.38.
[20260601 21:44:34 @multi_agent_runner.py:121] Agent_1 gets win rate: 0.00.
[20260601 21:44:34 @multi_agent_runner.py:79] #------------------------ Iteration 12 --------------------------#
[20260601 21:44:46 @multi_agent_runner.py:85] Sampling 50000 steps by 50 slaves, spending 12.46 s.
[20260601 21:44:55 @multi_agent_runner.py:94] Policy update, spending: 8.55 s.
[20260601 21:44:57 @multi_agent_runner.py:99] Evaluation time: 1.72 s.
[20260601 21:44:57 @multi_agent_runner.py:105] Total time:       4.80 min
[20260601 21:44:57 @multi_agent_runner.py:120] Agent_0 gets eval reward: 468.48.
[20260601 21:44:57 @multi_agent_runner.py:121] Agent_0 gets win rate: 0.00.
[20260601 21:44:57 @multi_agent_runner.py:120] Agent_1 gets eval reward: 493.62.
[20260601 21:44:57 @multi_agent_runner.py:121] Agent_1 gets win rate: 0.00.
[20260601 21:44:57 @multi_agent_runner.py:79] #------------------------ Iteration 13 --------------------------#
[20260601 21:45:09 @multi_agent_runner.py:85] Sampling 50000 steps by 50 slaves, spending 12.32 s.
[20260601 21:45:18 @multi_agent_runner.py:94] Policy update, spending: 8.90 s.
[20260601 21:45:20 @multi_agent_runner.py:99] Evaluation time: 1.60 s.
[20260601 21:45:20 @multi_agent_runner.py:105] Total time:       5.18 min
[20260601 21:45:20 @multi_agent_runner.py:120] Agent_0 gets eval reward: 463.75.
[20260601 21:45:20 @multi_agent_runner.py:121] Agent_0 gets win rate: 0.00.
[20260601 21:45:20 @multi_agent_runner.py:120] Agent_1 gets eval reward: 496.05.
[20260601 21:45:20 @multi_agent_runner.py:121] Agent_1 gets win rate: 0.00.
[20260601 21:45:20 @multi_agent_runner.py:79] #------------------------ Iteration 14 --------------------------#
[20260601 21:45:32 @multi_agent_runner.py:85] Sampling 50000 steps by 50 slaves, spending 12.08 s.
[20260601 21:45:41 @multi_agent_runner.py:94] Policy update, spending: 8.68 s.
[20260601 21:45:42 @multi_agent_runner.py:99] Evaluation time: 1.55 s.
[20260601 21:45:42 @multi_agent_runner.py:105] Total time:       5.55 min
[20260601 21:45:42 @multi_agent_runner.py:120] Agent_0 gets eval reward: 488.78.
[20260601 21:45:42 @multi_agent_runner.py:121] Agent_0 gets win rate: 0.00.
[20260601 21:45:42 @multi_agent_runner.py:120] Agent_1 gets eval reward: 482.23.
[20260601 21:45:42 @multi_agent_runner.py:121] Agent_1 gets win rate: 0.00.
[20260601 21:45:42 @multi_agent_runner.py:79] #------------------------ Iteration 15 --------------------------#
[20260601 21:45:55 @multi_agent_runner.py:85] Sampling 50000 steps by 50 slaves, spending 12.62 s.
[20260601 21:46:04 @multi_agent_runner.py:94] Policy update, spending: 8.87 s.
[20260601 21:46:05 @multi_agent_runner.py:99] Evaluation time: 1.62 s.
[20260601 21:46:05 @multi_agent_runner.py:105] Total time:       5.94 min
[20260601 21:46:05 @multi_agent_runner.py:120] Agent_0 gets eval reward: 501.47.
[20260601 21:46:05 @multi_agent_runner.py:121] Agent_0 gets win rate: 0.00.
[20260601 21:46:05 @multi_agent_runner.py:120] Agent_1 gets eval reward: 454.06.
[20260601 21:46:05 @multi_agent_runner.py:121] Agent_1 gets win rate: 0.00.
[20260601 21:46:06 @multi_agent_runner.py:79] #------------------------ Iteration 16 --------------------------#
[20260601 21:46:18 @multi_agent_runner.py:85] Sampling 50000 steps by 50 slaves, spending 12.49 s.
[20260601 21:46:26 @multi_agent_runner.py:94] Policy update, spending: 8.43 s.
[20260601 21:46:28 @multi_agent_runner.py:99] Evaluation time: 1.70 s.
[20260601 21:46:28 @multi_agent_runner.py:105] Total time:       6.32 min
[20260601 21:46:28 @multi_agent_runner.py:120] Agent_0 gets eval reward: 469.10.
[20260601 21:46:28 @multi_agent_runner.py:121] Agent_0 gets win rate: 0.00.
[20260601 21:46:28 @multi_agent_runner.py:120] Agent_1 gets eval reward: 472.38.
[20260601 21:46:28 @multi_agent_runner.py:121] Agent_1 gets win rate: 0.00.
[20260601 21:46:28 @multi_agent_runner.py:79] #------------------------ Iteration 17 --------------------------#
[20260601 21:46:40 @multi_agent_runner.py:85] Sampling 50000 steps by 50 slaves, spending 11.97 s.
[20260601 21:46:49 @multi_agent_runner.py:94] Policy update, spending: 8.61 s.
[20260601 21:46:50 @multi_agent_runner.py:99] Evaluation time: 1.48 s.
[20260601 21:46:50 @multi_agent_runner.py:105] Total time:       6.69 min
[20260601 21:46:50 @multi_agent_runner.py:120] Agent_0 gets eval reward: 498.80.
[20260601 21:46:50 @multi_agent_runner.py:121] Agent_0 gets win rate: 0.00.
[20260601 21:46:50 @multi_agent_runner.py:120] Agent_1 gets eval reward: 455.19.
[20260601 21:46:50 @multi_agent_runner.py:121] Agent_1 gets win rate: 0.00.
[20260601 21:46:50 @multi_agent_runner.py:79] #------------------------ Iteration 18 --------------------------#
[20260601 21:47:03 @multi_agent_runner.py:85] Sampling 50000 steps by 50 slaves, spending 12.25 s.
[20260601 21:47:11 @multi_agent_runner.py:94] Policy update, spending: 8.45 s.
[20260601 21:47:13 @multi_agent_runner.py:99] Evaluation time: 1.52 s.
[20260601 21:47:13 @multi_agent_runner.py:105] Total time:       7.06 min
[20260601 21:47:13 @multi_agent_runner.py:120] Agent_0 gets eval reward: 453.93.
[20260601 21:47:13 @multi_agent_runner.py:121] Agent_0 gets win rate: 0.00.
[20260601 21:47:13 @multi_agent_runner.py:120] Agent_1 gets eval reward: 469.39.
[20260601 21:47:13 @multi_agent_runner.py:121] Agent_1 gets win rate: 0.00.
[20260601 21:47:13 @multi_agent_runner.py:79] #------------------------ Iteration 19 --------------------------#
[20260601 21:47:25 @multi_agent_runner.py:85] Sampling 50000 steps by 50 slaves, spending 12.50 s.
[20260601 21:47:34 @multi_agent_runner.py:94] Policy update, spending: 8.67 s.
[20260601 21:47:36 @multi_agent_runner.py:99] Evaluation time: 1.67 s.
[20260601 21:47:36 @multi_agent_runner.py:105] Total time:       7.45 min
[20260601 21:47:36 @multi_agent_runner.py:120] Agent_0 gets eval reward: 472.26.
[20260601 21:47:36 @multi_agent_runner.py:121] Agent_0 gets win rate: 0.00.
[20260601 21:47:36 @multi_agent_runner.py:120] Agent_1 gets eval reward: 446.97.
[20260601 21:47:36 @multi_agent_runner.py:121] Agent_1 gets win rate: 0.00.
[20260601 21:47:36 @multi_agent_runner.py:79] #------------------------ Iteration 20 --------------------------#
[20260601 21:47:49 @multi_agent_runner.py:85] Sampling 50000 steps by 50 slaves, spending 13.26 s.
[20260601 21:47:58 @multi_agent_runner.py:94] Policy update, spending: 9.08 s.
[20260601 21:48:00 @multi_agent_runner.py:99] Evaluation time: 1.66 s.
[20260601 21:48:00 @multi_agent_runner.py:105] Total time:       7.85 min
[20260601 21:48:00 @multi_agent_runner.py:120] Agent_0 gets eval reward: 454.68.
[20260601 21:48:00 @multi_agent_runner.py:121] Agent_0 gets win rate: 0.00.
[20260601 21:48:00 @multi_agent_runner.py:120] Agent_1 gets eval reward: 456.66.
[20260601 21:48:00 @multi_agent_runner.py:121] Agent_1 gets win rate: 0.00.
[20260601 21:48:00 @multi_agent_runner.py:79] #------------------------ Iteration 21 --------------------------#
[20260601 21:48:12 @multi_agent_runner.py:85] Sampling 50000 steps by 50 slaves, spending 12.19 s.
[20260601 21:48:20 @multi_agent_runner.py:94] Policy update, spending: 8.27 s.
[20260601 21:48:22 @multi_agent_runner.py:99] Evaluation time: 1.65 s.
[20260601 21:48:22 @multi_agent_runner.py:105] Total time:       8.22 min
[20260601 21:48:22 @multi_agent_runner.py:120] Agent_0 gets eval reward: 464.52.
[20260601 21:48:22 @multi_agent_runner.py:121] Agent_0 gets win rate: 0.00.
[20260601 21:48:22 @multi_agent_runner.py:120] Agent_1 gets eval reward: 455.72.
[20260601 21:48:22 @multi_agent_runner.py:121] Agent_1 gets win rate: 0.00.
[20260601 21:48:22 @multi_agent_runner.py:79] #------------------------ Iteration 22 --------------------------#
[20260601 21:48:36 @multi_agent_runner.py:85] Sampling 50000 steps by 50 slaves, spending 13.44 s.
[20260601 21:48:44 @multi_agent_runner.py:94] Policy update, spending: 8.73 s.
[20260601 21:48:46 @multi_agent_runner.py:99] Evaluation time: 1.53 s.
[20260601 21:48:46 @multi_agent_runner.py:105] Total time:       8.62 min
[20260601 21:48:46 @multi_agent_runner.py:120] Agent_0 gets eval reward: 483.04.
[20260601 21:48:46 @multi_agent_runner.py:121] Agent_0 gets win rate: 0.00.
[20260601 21:48:46 @multi_agent_runner.py:120] Agent_1 gets eval reward: 423.74.
[20260601 21:48:46 @multi_agent_runner.py:121] Agent_1 gets win rate: 0.00.
[20260601 21:48:46 @multi_agent_runner.py:79] #------------------------ Iteration 23 --------------------------#
[20260601 21:48:58 @multi_agent_runner.py:85] Sampling 50000 steps by 50 slaves, spending 12.40 s.
[20260601 21:49:07 @multi_agent_runner.py:94] Policy update, spending: 8.72 s.
[20260601 21:49:09 @multi_agent_runner.py:99] Evaluation time: 1.47 s.
[20260601 21:49:09 @multi_agent_runner.py:105] Total time:       9.00 min
[20260601 21:49:09 @multi_agent_runner.py:120] Agent_0 gets eval reward: 460.87.
[20260601 21:49:09 @multi_agent_runner.py:121] Agent_0 gets win rate: 0.00.
[20260601 21:49:09 @multi_agent_runner.py:120] Agent_1 gets eval reward: 455.18.
[20260601 21:49:09 @multi_agent_runner.py:121] Agent_1 gets win rate: 0.00.
[20260601 21:49:09 @multi_agent_runner.py:79] #------------------------ Iteration 24 --------------------------#
[20260601 21:49:20 @multi_agent_runner.py:85] Sampling 50000 steps by 50 slaves, spending 11.58 s.
[20260601 21:49:29 @multi_agent_runner.py:94] Policy update, spending: 8.36 s.
[20260601 21:49:30 @multi_agent_runner.py:99] Evaluation time: 1.45 s.
[20260601 21:49:30 @multi_agent_runner.py:105] Total time:       9.35 min
[20260601 21:49:30 @multi_agent_runner.py:120] Agent_0 gets eval reward: 451.22.
[20260601 21:49:30 @multi_agent_runner.py:121] Agent_0 gets win rate: 0.00.
[20260601 21:49:30 @multi_agent_runner.py:120] Agent_1 gets eval reward: 473.74.
[20260601 21:49:30 @multi_agent_runner.py:121] Agent_1 gets win rate: 0.00.
[20260601 21:49:30 @multi_agent_runner.py:79] #------------------------ Iteration 25 --------------------------#
[20260601 21:49:42 @multi_agent_runner.py:85] Sampling 50000 steps by 50 slaves, spending 12.01 s.
[20260601 21:49:51 @multi_agent_runner.py:94] Policy update, spending: 8.87 s.
[20260601 21:49:53 @multi_agent_runner.py:99] Evaluation time: 1.61 s.
[20260601 21:49:53 @multi_agent_runner.py:105] Total time:       9.73 min
[20260601 21:49:53 @multi_agent_runner.py:120] Agent_0 gets eval reward: 451.92.
[20260601 21:49:53 @multi_agent_runner.py:121] Agent_0 gets win rate: 0.00.
[20260601 21:49:53 @multi_agent_runner.py:120] Agent_1 gets eval reward: 448.35.
[20260601 21:49:53 @multi_agent_runner.py:121] Agent_1 gets win rate: 0.00.
[20260601 21:49:53 @multi_agent_runner.py:79] #------------------------ Iteration 26 --------------------------#
[20260601 21:50:05 @multi_agent_runner.py:85] Sampling 50000 steps by 50 slaves, spending 12.15 s.
[20260601 21:50:14 @multi_agent_runner.py:94] Policy update, spending: 8.66 s.
[20260601 21:50:16 @multi_agent_runner.py:99] Evaluation time: 1.80 s.
[20260601 21:50:16 @multi_agent_runner.py:105] Total time:      10.11 min
[20260601 21:50:16 @multi_agent_runner.py:120] Agent_0 gets eval reward: 466.65.
[20260601 21:50:16 @multi_agent_runner.py:121] Agent_0 gets win rate: 0.00.
[20260601 21:50:16 @multi_agent_runner.py:120] Agent_1 gets eval reward: 452.15.
[20260601 21:50:16 @multi_agent_runner.py:121] Agent_1 gets win rate: 0.00.
[20260601 21:50:16 @multi_agent_runner.py:79] #------------------------ Iteration 27 --------------------------#
[20260601 21:50:27 @multi_agent_runner.py:85] Sampling 50000 steps by 50 slaves, spending 11.65 s.
[20260601 21:50:36 @multi_agent_runner.py:94] Policy update, spending: 8.68 s.
[20260601 21:50:38 @multi_agent_runner.py:99] Evaluation time: 1.67 s.
[20260601 21:50:38 @multi_agent_runner.py:105] Total time:      10.48 min
[20260601 21:50:38 @multi_agent_runner.py:120] Agent_0 gets eval reward: 417.00.
[20260601 21:50:38 @multi_agent_runner.py:121] Agent_0 gets win rate: 0.00.
[20260601 21:50:38 @multi_agent_runner.py:120] Agent_1 gets eval reward: 464.16.
[20260601 21:50:38 @multi_agent_runner.py:121] Agent_1 gets win rate: 0.00.
[20260601 21:50:38 @multi_agent_runner.py:79] #------------------------ Iteration 28 --------------------------#
[20260601 21:50:50 @multi_agent_runner.py:85] Sampling 50000 steps by 50 slaves, spending 12.13 s.
[20260601 21:50:59 @multi_agent_runner.py:94] Policy update, spending: 8.79 s.
[20260601 21:51:00 @multi_agent_runner.py:99] Evaluation time: 1.74 s.
[20260601 21:51:00 @multi_agent_runner.py:105] Total time:      10.86 min
[20260601 21:51:01 @multi_agent_runner.py:120] Agent_0 gets eval reward: 441.07.
[20260601 21:51:01 @multi_agent_runner.py:121] Agent_0 gets win rate: 0.00.
[20260601 21:51:01 @multi_agent_runner.py:120] Agent_1 gets eval reward: 452.39.
[20260601 21:51:01 @multi_agent_runner.py:121] Agent_1 gets win rate: 0.00.
[20260601 21:51:01 @multi_agent_runner.py:79] #------------------------ Iteration 29 --------------------------#
[20260601 21:51:13 @multi_agent_runner.py:85] Sampling 50000 steps by 50 slaves, spending 12.24 s.
[20260601 21:51:22 @multi_agent_runner.py:94] Policy update, spending: 9.04 s.
[20260601 21:51:24 @multi_agent_runner.py:99] Evaluation time: 1.73 s.
[20260601 21:51:24 @multi_agent_runner.py:105] Total time:      11.25 min
[20260601 21:51:24 @multi_agent_runner.py:120] Agent_0 gets eval reward: 461.51.
[20260601 21:51:24 @multi_agent_runner.py:121] Agent_0 gets win rate: 0.00.
[20260601 21:51:24 @multi_agent_runner.py:120] Agent_1 gets eval reward: 425.14.
[20260601 21:51:24 @multi_agent_runner.py:121] Agent_1 gets win rate: 0.00.
[20260601 21:51:24 @multi_agent_runner.py:79] #------------------------ Iteration 30 --------------------------#
[20260601 21:51:36 @multi_agent_runner.py:85] Sampling 50000 steps by 50 slaves, spending 12.21 s.
[20260601 21:51:45 @multi_agent_runner.py:94] Policy update, spending: 8.80 s.
[20260601 21:51:46 @multi_agent_runner.py:99] Evaluation time: 1.46 s.
[20260601 21:51:46 @multi_agent_runner.py:105] Total time:      11.62 min
[20260601 21:51:46 @multi_agent_runner.py:120] Agent_0 gets eval reward: 424.42.
[20260601 21:51:46 @multi_agent_runner.py:121] Agent_0 gets win rate: 0.00.
[20260601 21:51:46 @multi_agent_runner.py:120] Agent_1 gets eval reward: 444.28.
[20260601 21:51:46 @multi_agent_runner.py:121] Agent_1 gets win rate: 0.00.
[20260601 21:51:46 @multi_agent_runner.py:79] #------------------------ Iteration 31 --------------------------#
[20260601 21:51:59 @multi_agent_runner.py:85] Sampling 50000 steps by 50 slaves, spending 12.42 s.
[20260601 21:52:08 @multi_agent_runner.py:94] Policy update, spending: 9.03 s.
[20260601 21:52:10 @multi_agent_runner.py:99] Evaluation time: 1.78 s.
[20260601 21:52:10 @multi_agent_runner.py:105] Total time:      12.01 min
[20260601 21:52:10 @multi_agent_runner.py:120] Agent_0 gets eval reward: 431.59.
[20260601 21:52:10 @multi_agent_runner.py:121] Agent_0 gets win rate: 0.00.
[20260601 21:52:10 @multi_agent_runner.py:120] Agent_1 gets eval reward: 442.99.
[20260601 21:52:10 @multi_agent_runner.py:121] Agent_1 gets win rate: 0.00.
[20260601 21:52:10 @multi_agent_runner.py:79] #------------------------ Iteration 32 --------------------------#
[20260601 21:52:21 @multi_agent_runner.py:85] Sampling 50000 steps by 50 slaves, spending 11.73 s.
[20260601 21:52:30 @multi_agent_runner.py:94] Policy update, spending: 8.63 s.
[20260601 21:52:32 @multi_agent_runner.py:99] Evaluation time: 1.56 s.
[20260601 21:52:32 @multi_agent_runner.py:105] Total time:      12.38 min
[20260601 21:52:32 @multi_agent_runner.py:120] Agent_0 gets eval reward: 437.57.
[20260601 21:52:32 @multi_agent_runner.py:121] Agent_0 gets win rate: 0.00.
[20260601 21:52:32 @multi_agent_runner.py:120] Agent_1 gets eval reward: 430.19.
[20260601 21:52:32 @multi_agent_runner.py:121] Agent_1 gets win rate: 0.00.
[20260601 21:52:32 @multi_agent_runner.py:79] #------------------------ Iteration 33 --------------------------#
[20260601 21:52:44 @multi_agent_runner.py:85] Sampling 50000 steps by 50 slaves, spending 12.21 s.
[20260601 21:52:53 @multi_agent_runner.py:94] Policy update, spending: 8.77 s.
[20260601 21:52:54 @multi_agent_runner.py:99] Evaluation time: 1.64 s.
[20260601 21:52:54 @multi_agent_runner.py:105] Total time:      12.76 min
[20260601 21:52:54 @multi_agent_runner.py:120] Agent_0 gets eval reward: 410.98.
[20260601 21:52:54 @multi_agent_runner.py:121] Agent_0 gets win rate: 0.00.
[20260601 21:52:54 @multi_agent_runner.py:120] Agent_1 gets eval reward: 444.64.
[20260601 21:52:54 @multi_agent_runner.py:121] Agent_1 gets win rate: 0.00.
[20260601 21:52:55 @multi_agent_runner.py:79] #------------------------ Iteration 34 --------------------------#
[20260601 21:53:07 @multi_agent_runner.py:85] Sampling 50000 steps by 50 slaves, spending 12.27 s.
[20260601 21:53:15 @multi_agent_runner.py:94] Policy update, spending: 8.56 s.
[20260601 21:53:17 @multi_agent_runner.py:99] Evaluation time: 1.61 s.
[20260601 21:53:17 @multi_agent_runner.py:105] Total time:      13.14 min
[20260601 21:53:17 @multi_agent_runner.py:120] Agent_0 gets eval reward: 452.60.
[20260601 21:53:17 @multi_agent_runner.py:121] Agent_0 gets win rate: 0.00.
[20260601 21:53:17 @multi_agent_runner.py:120] Agent_1 gets eval reward: 410.57.
[20260601 21:53:17 @multi_agent_runner.py:121] Agent_1 gets win rate: 0.00.
[20260601 21:53:17 @multi_agent_runner.py:79] #------------------------ Iteration 35 --------------------------#
[20260601 21:53:29 @multi_agent_runner.py:85] Sampling 50000 steps by 50 slaves, spending 12.12 s.
[20260601 21:53:38 @multi_agent_runner.py:94] Policy update, spending: 8.55 s.
[20260601 21:53:39 @multi_agent_runner.py:99] Evaluation time: 1.41 s.
[20260601 21:53:39 @multi_agent_runner.py:105] Total time:      13.51 min
[20260601 21:53:39 @multi_agent_runner.py:120] Agent_0 gets eval reward: 462.03.
[20260601 21:53:39 @multi_agent_runner.py:121] Agent_0 gets win rate: 0.00.
[20260601 21:53:39 @multi_agent_runner.py:120] Agent_1 gets eval reward: 405.32.
[20260601 21:53:39 @multi_agent_runner.py:121] Agent_1 gets win rate: 0.00.
[20260601 21:53:39 @multi_agent_runner.py:79] #------------------------ Iteration 36 --------------------------#
[20260601 21:53:52 @multi_agent_runner.py:85] Sampling 50000 steps by 50 slaves, spending 12.32 s.
[20260601 21:54:00 @multi_agent_runner.py:94] Policy update, spending: 8.76 s.
[20260601 21:54:02 @multi_agent_runner.py:99] Evaluation time: 1.45 s.
[20260601 21:54:02 @multi_agent_runner.py:105] Total time:      13.88 min
[20260601 21:54:02 @multi_agent_runner.py:120] Agent_0 gets eval reward: 465.20.
[20260601 21:54:02 @multi_agent_runner.py:121] Agent_0 gets win rate: 0.00.
[20260601 21:54:02 @multi_agent_runner.py:120] Agent_1 gets eval reward: 377.15.
[20260601 21:54:02 @multi_agent_runner.py:121] Agent_1 gets win rate: 0.00.
[20260601 21:54:02 @multi_agent_runner.py:79] #------------------------ Iteration 37 --------------------------#
[20260601 21:54:14 @multi_agent_runner.py:85] Sampling 50000 steps by 50 slaves, spending 11.77 s.
[20260601 21:54:23 @multi_agent_runner.py:94] Policy update, spending: 8.72 s.
[20260601 21:54:24 @multi_agent_runner.py:99] Evaluation time: 1.57 s.
[20260601 21:54:24 @multi_agent_runner.py:105] Total time:      14.25 min
[20260601 21:54:24 @multi_agent_runner.py:120] Agent_0 gets eval reward: 443.19.
[20260601 21:54:24 @multi_agent_runner.py:121] Agent_0 gets win rate: 0.00.
[20260601 21:54:24 @multi_agent_runner.py:120] Agent_1 gets eval reward: 405.17.
[20260601 21:54:24 @multi_agent_runner.py:121] Agent_1 gets win rate: 0.00.
[20260601 21:54:24 @multi_agent_runner.py:79] #------------------------ Iteration 38 --------------------------#
[20260601 21:54:37 @multi_agent_runner.py:85] Sampling 50000 steps by 50 slaves, spending 12.46 s.
[20260601 21:54:45 @multi_agent_runner.py:94] Policy update, spending: 8.48 s.
[20260601 21:54:47 @multi_agent_runner.py:99] Evaluation time: 1.62 s.
[20260601 21:54:47 @multi_agent_runner.py:105] Total time:      14.63 min
[20260601 21:54:47 @multi_agent_runner.py:120] Agent_0 gets eval reward: 458.08.
[20260601 21:54:47 @multi_agent_runner.py:121] Agent_0 gets win rate: 0.00.
[20260601 21:54:47 @multi_agent_runner.py:120] Agent_1 gets eval reward: 401.64.
[20260601 21:54:47 @multi_agent_runner.py:121] Agent_1 gets win rate: 0.00.
[20260601 21:54:47 @multi_agent_runner.py:79] #------------------------ Iteration 39 --------------------------#
[20260601 21:54:59 @multi_agent_runner.py:85] Sampling 50000 steps by 50 slaves, spending 12.12 s.
[20260601 21:55:08 @multi_agent_runner.py:94] Policy update, spending: 8.50 s.
[20260601 21:55:09 @multi_agent_runner.py:99] Evaluation time: 1.49 s.
[20260601 21:55:09 @multi_agent_runner.py:105] Total time:      15.00 min
[20260601 21:55:09 @multi_agent_runner.py:120] Agent_0 gets eval reward: 419.23.
[20260601 21:55:09 @multi_agent_runner.py:121] Agent_0 gets win rate: 0.00.
[20260601 21:55:09 @multi_agent_runner.py:120] Agent_1 gets eval reward: 418.85.
[20260601 21:55:09 @multi_agent_runner.py:121] Agent_1 gets win rate: 0.00.
[20260601 21:55:09 @multi_agent_runner.py:79] #------------------------ Iteration 40 --------------------------#
[20260601 21:55:21 @multi_agent_runner.py:85] Sampling 50000 steps by 50 slaves, spending 12.05 s.
[20260601 21:55:30 @multi_agent_runner.py:94] Policy update, spending: 8.80 s.
[20260601 21:55:32 @multi_agent_runner.py:99] Evaluation time: 1.73 s.
[20260601 21:55:32 @multi_agent_runner.py:105] Total time:      15.38 min
[20260601 21:55:32 @multi_agent_runner.py:120] Agent_0 gets eval reward: 442.50.
[20260601 21:55:32 @multi_agent_runner.py:121] Agent_0 gets win rate: 0.00.
[20260601 21:55:32 @multi_agent_runner.py:120] Agent_1 gets eval reward: 384.54.
[20260601 21:55:32 @multi_agent_runner.py:121] Agent_1 gets win rate: 0.00.
[20260601 21:55:32 @multi_agent_runner.py:79] #------------------------ Iteration 41 --------------------------#
[20260601 21:55:44 @multi_agent_runner.py:85] Sampling 50000 steps by 50 slaves, spending 12.06 s.
[20260601 21:55:53 @multi_agent_runner.py:94] Policy update, spending: 8.71 s.
[20260601 21:55:54 @multi_agent_runner.py:99] Evaluation time: 1.79 s.
[20260601 21:55:54 @multi_agent_runner.py:105] Total time:      15.76 min
[20260601 21:55:55 @multi_agent_runner.py:120] Agent_0 gets eval reward: 450.10.
[20260601 21:55:55 @multi_agent_runner.py:121] Agent_0 gets win rate: 0.00.
[20260601 21:55:55 @multi_agent_runner.py:120] Agent_1 gets eval reward: 407.40.
[20260601 21:55:55 @multi_agent_runner.py:121] Agent_1 gets win rate: 0.00.
[20260601 21:55:55 @multi_agent_runner.py:79] #------------------------ Iteration 42 --------------------------#
[20260601 21:56:07 @multi_agent_runner.py:85] Sampling 50000 steps by 50 slaves, spending 12.28 s.
[20260601 21:56:16 @multi_agent_runner.py:94] Policy update, spending: 8.98 s.
[20260601 21:56:18 @multi_agent_runner.py:99] Evaluation time: 1.65 s.
[20260601 21:56:18 @multi_agent_runner.py:105] Total time:      16.14 min
[20260601 21:56:18 @multi_agent_runner.py:120] Agent_0 gets eval reward: 478.88.
[20260601 21:56:18 @multi_agent_runner.py:121] Agent_0 gets win rate: 0.00.
[20260601 21:56:18 @multi_agent_runner.py:120] Agent_1 gets eval reward: 375.74.
[20260601 21:56:18 @multi_agent_runner.py:121] Agent_1 gets win rate: 0.00.
[20260601 21:56:18 @multi_agent_runner.py:79] #------------------------ Iteration 43 --------------------------#
[20260601 21:56:29 @multi_agent_runner.py:85] Sampling 50000 steps by 50 slaves, spending 11.74 s.
[20260601 21:56:38 @multi_agent_runner.py:94] Policy update, spending: 8.41 s.
[20260601 21:56:40 @multi_agent_runner.py:99] Evaluation time: 1.73 s.
[20260601 21:56:40 @multi_agent_runner.py:105] Total time:      16.51 min
[20260601 21:56:40 @multi_agent_runner.py:120] Agent_0 gets eval reward: 442.20.
[20260601 21:56:40 @multi_agent_runner.py:121] Agent_0 gets win rate: 0.00.
[20260601 21:56:40 @multi_agent_runner.py:120] Agent_1 gets eval reward: 395.41.
[20260601 21:56:40 @multi_agent_runner.py:121] Agent_1 gets win rate: 0.00.
[20260601 21:56:40 @multi_agent_runner.py:79] #------------------------ Iteration 44 --------------------------#
[20260601 21:56:52 @multi_agent_runner.py:85] Sampling 50000 steps by 50 slaves, spending 12.13 s.
[20260601 21:57:01 @multi_agent_runner.py:94] Policy update, spending: 8.74 s.
[20260601 21:57:02 @multi_agent_runner.py:99] Evaluation time: 1.68 s.
[20260601 21:57:02 @multi_agent_runner.py:105] Total time:      16.89 min
[20260601 21:57:02 @multi_agent_runner.py:120] Agent_0 gets eval reward: 455.97.
[20260601 21:57:02 @multi_agent_runner.py:121] Agent_0 gets win rate: 0.00.
[20260601 21:57:02 @multi_agent_runner.py:120] Agent_1 gets eval reward: 394.00.
[20260601 21:57:02 @multi_agent_runner.py:121] Agent_1 gets win rate: 0.00.
[20260601 21:57:02 @multi_agent_runner.py:79] #------------------------ Iteration 45 --------------------------#
[20260601 21:57:14 @multi_agent_runner.py:85] Sampling 50000 steps by 50 slaves, spending 11.69 s.
[20260601 21:57:23 @multi_agent_runner.py:94] Policy update, spending: 8.54 s.
[20260601 21:57:24 @multi_agent_runner.py:99] Evaluation time: 1.63 s.
[20260601 21:57:24 @multi_agent_runner.py:105] Total time:      17.26 min
[20260601 21:57:24 @multi_agent_runner.py:120] Agent_0 gets eval reward: 463.33.
[20260601 21:57:24 @multi_agent_runner.py:121] Agent_0 gets win rate: 0.00.
[20260601 21:57:24 @multi_agent_runner.py:120] Agent_1 gets eval reward: 344.54.
[20260601 21:57:24 @multi_agent_runner.py:121] Agent_1 gets win rate: 0.00.
[20260601 21:57:24 @multi_agent_runner.py:79] #------------------------ Iteration 46 --------------------------#
[20260601 21:57:37 @multi_agent_runner.py:85] Sampling 50000 steps by 50 slaves, spending 12.49 s.
[20260601 21:57:46 @multi_agent_runner.py:94] Policy update, spending: 8.88 s.
[20260601 21:57:47 @multi_agent_runner.py:99] Evaluation time: 1.68 s.
[20260601 21:57:47 @multi_agent_runner.py:105] Total time:      17.64 min
[20260601 21:57:47 @multi_agent_runner.py:120] Agent_0 gets eval reward: 420.63.
[20260601 21:57:47 @multi_agent_runner.py:121] Agent_0 gets win rate: 0.00.
[20260601 21:57:47 @multi_agent_runner.py:120] Agent_1 gets eval reward: 379.57.
[20260601 21:57:47 @multi_agent_runner.py:121] Agent_1 gets win rate: 0.00.
[20260601 21:57:48 @multi_agent_runner.py:79] #------------------------ Iteration 47 --------------------------#
[20260601 21:58:00 @multi_agent_runner.py:85] Sampling 50000 steps by 50 slaves, spending 12.18 s.
[20260601 21:58:08 @multi_agent_runner.py:94] Policy update, spending: 8.65 s.
[20260601 21:58:10 @multi_agent_runner.py:99] Evaluation time: 1.58 s.
[20260601 21:58:10 @multi_agent_runner.py:105] Total time:      18.02 min
[20260601 21:58:10 @multi_agent_runner.py:120] Agent_0 gets eval reward: 418.21.
[20260601 21:58:10 @multi_agent_runner.py:121] Agent_0 gets win rate: 0.00.
[20260601 21:58:10 @multi_agent_runner.py:120] Agent_1 gets eval reward: 402.27.
[20260601 21:58:10 @multi_agent_runner.py:121] Agent_1 gets win rate: 0.00.
[20260601 21:58:10 @multi_agent_runner.py:79] #------------------------ Iteration 48 --------------------------#
[20260601 21:58:22 @multi_agent_runner.py:85] Sampling 50000 steps by 50 slaves, spending 11.79 s.
[20260601 21:58:31 @multi_agent_runner.py:94] Policy update, spending: 8.69 s.
[20260601 21:58:32 @multi_agent_runner.py:99] Evaluation time: 1.56 s.
[20260601 21:58:32 @multi_agent_runner.py:105] Total time:      18.39 min
[20260601 21:58:32 @multi_agent_runner.py:120] Agent_0 gets eval reward: 427.94.
[20260601 21:58:32 @multi_agent_runner.py:121] Agent_0 gets win rate: 0.00.
[20260601 21:58:32 @multi_agent_runner.py:120] Agent_1 gets eval reward: 372.43.
[20260601 21:58:32 @multi_agent_runner.py:121] Agent_1 gets win rate: 0.00.
[20260601 21:58:32 @multi_agent_runner.py:79] #------------------------ Iteration 49 --------------------------#
[20260601 21:58:45 @multi_agent_runner.py:85] Sampling 50000 steps by 50 slaves, spending 12.37 s.
[20260601 21:58:53 @multi_agent_runner.py:94] Policy update, spending: 8.77 s.
[20260601 21:58:55 @multi_agent_runner.py:99] Evaluation time: 1.54 s.
[20260601 21:58:55 @multi_agent_runner.py:105] Total time:      18.77 min
[20260601 21:58:55 @multi_agent_runner.py:120] Agent_0 gets eval reward: 419.19.
[20260601 21:58:55 @multi_agent_runner.py:121] Agent_0 gets win rate: 0.00.
[20260601 21:58:55 @multi_agent_runner.py:120] Agent_1 gets eval reward: 380.90.
[20260601 21:58:55 @multi_agent_runner.py:121] Agent_1 gets win rate: 0.00.
[20260601 21:58:55 @multi_agent_runner.py:79] #------------------------ Iteration 50 --------------------------#
[20260601 21:59:07 @multi_agent_runner.py:85] Sampling 50000 steps by 50 slaves, spending 12.05 s.
[20260601 21:59:16 @multi_agent_runner.py:94] Policy update, spending: 8.67 s.
[20260601 21:59:17 @multi_agent_runner.py:99] Evaluation time: 1.49 s.
[20260601 21:59:17 @multi_agent_runner.py:105] Total time:      19.14 min
[20260601 21:59:17 @multi_agent_runner.py:120] Agent_0 gets eval reward: 389.94.
[20260601 21:59:17 @multi_agent_runner.py:121] Agent_0 gets win rate: 0.00.
[20260601 21:59:17 @multi_agent_runner.py:120] Agent_1 gets eval reward: 392.09.
[20260601 21:59:17 @multi_agent_runner.py:121] Agent_1 gets win rate: 0.00.
[20260601 21:59:17 @multi_agent_runner.py:79] #------------------------ Iteration 51 --------------------------#
[20260601 21:59:29 @multi_agent_runner.py:85] Sampling 50000 steps by 50 slaves, spending 11.98 s.
[20260601 21:59:38 @multi_agent_runner.py:94] Policy update, spending: 8.82 s.
[20260601 21:59:40 @multi_agent_runner.py:99] Evaluation time: 1.89 s.
[20260601 21:59:40 @multi_agent_runner.py:105] Total time:      19.52 min
[20260601 21:59:40 @multi_agent_runner.py:120] Agent_0 gets eval reward: 405.39.
[20260601 21:59:40 @multi_agent_runner.py:121] Agent_0 gets win rate: 0.00.
[20260601 21:59:40 @multi_agent_runner.py:120] Agent_1 gets eval reward: 423.63.
[20260601 21:59:40 @multi_agent_runner.py:121] Agent_1 gets win rate: 0.00.
[20260601 21:59:40 @multi_agent_runner.py:79] #------------------------ Iteration 52 --------------------------#
[20260601 21:59:53 @multi_agent_runner.py:85] Sampling 50000 steps by 50 slaves, spending 12.53 s.
[20260601 22:00:02 @multi_agent_runner.py:94] Policy update, spending: 8.78 s.
[20260601 22:00:03 @multi_agent_runner.py:99] Evaluation time: 1.70 s.
[20260601 22:00:03 @multi_agent_runner.py:105] Total time:      19.91 min
[20260601 22:00:03 @multi_agent_runner.py:120] Agent_0 gets eval reward: 394.25.
[20260601 22:00:03 @multi_agent_runner.py:121] Agent_0 gets win rate: 0.00.
[20260601 22:00:03 @multi_agent_runner.py:120] Agent_1 gets eval reward: 412.82.
[20260601 22:00:03 @multi_agent_runner.py:121] Agent_1 gets win rate: 0.00.
[20260601 22:00:03 @multi_agent_runner.py:79] #------------------------ Iteration 53 --------------------------#
[20260601 22:00:16 @multi_agent_runner.py:85] Sampling 50000 steps by 50 slaves, spending 12.60 s.
[20260601 22:00:25 @multi_agent_runner.py:94] Policy update, spending: 8.88 s.
[20260601 22:00:26 @multi_agent_runner.py:99] Evaluation time: 1.48 s.
[20260601 22:00:26 @multi_agent_runner.py:105] Total time:      20.29 min
[20260601 22:00:26 @multi_agent_runner.py:120] Agent_0 gets eval reward: 398.08.
[20260601 22:00:26 @multi_agent_runner.py:121] Agent_0 gets win rate: 0.00.
[20260601 22:00:26 @multi_agent_runner.py:120] Agent_1 gets eval reward: 438.11.
[20260601 22:00:26 @multi_agent_runner.py:121] Agent_1 gets win rate: 0.00.
[20260601 22:00:27 @multi_agent_runner.py:79] #------------------------ Iteration 54 --------------------------#
[20260601 22:00:38 @multi_agent_runner.py:85] Sampling 50000 steps by 50 slaves, spending 11.98 s.
[20260601 22:00:47 @multi_agent_runner.py:94] Policy update, spending: 8.85 s.
[20260601 22:00:49 @multi_agent_runner.py:99] Evaluation time: 1.90 s.
[20260601 22:00:49 @multi_agent_runner.py:105] Total time:      20.67 min
[20260601 22:00:49 @multi_agent_runner.py:120] Agent_0 gets eval reward: 427.60.
[20260601 22:00:49 @multi_agent_runner.py:121] Agent_0 gets win rate: 0.00.
[20260601 22:00:49 @multi_agent_runner.py:120] Agent_1 gets eval reward: 380.44.
[20260601 22:00:49 @multi_agent_runner.py:121] Agent_1 gets win rate: 0.00.
[20260601 22:00:49 @multi_agent_runner.py:79] #------------------------ Iteration 55 --------------------------#
[20260601 22:01:02 @multi_agent_runner.py:85] Sampling 50000 steps by 50 slaves, spending 12.13 s.
[20260601 22:01:10 @multi_agent_runner.py:94] Policy update, spending: 8.77 s.
[20260601 22:01:12 @multi_agent_runner.py:99] Evaluation time: 1.59 s.
[20260601 22:01:12 @multi_agent_runner.py:105] Total time:      21.05 min
[20260601 22:01:12 @multi_agent_runner.py:120] Agent_0 gets eval reward: 399.49.
[20260601 22:01:12 @multi_agent_runner.py:121] Agent_0 gets win rate: 0.00.
[20260601 22:01:12 @multi_agent_runner.py:120] Agent_1 gets eval reward: 453.88.
[20260601 22:01:12 @multi_agent_runner.py:121] Agent_1 gets win rate: 0.00.
[20260601 22:01:12 @multi_agent_runner.py:79] #------------------------ Iteration 56 --------------------------#
[20260601 22:01:24 @multi_agent_runner.py:85] Sampling 50000 steps by 50 slaves, spending 12.43 s.
[20260601 22:01:33 @multi_agent_runner.py:94] Policy update, spending: 9.01 s.
[20260601 22:01:35 @multi_agent_runner.py:99] Evaluation time: 1.55 s.
[20260601 22:01:35 @multi_agent_runner.py:105] Total time:      21.43 min
[20260601 22:01:35 @multi_agent_runner.py:120] Agent_0 gets eval reward: 391.87.
[20260601 22:01:35 @multi_agent_runner.py:121] Agent_0 gets win rate: 0.00.
[20260601 22:01:35 @multi_agent_runner.py:120] Agent_1 gets eval reward: 403.98.
[20260601 22:01:35 @multi_agent_runner.py:121] Agent_1 gets win rate: 0.00.
[20260601 22:01:35 @multi_agent_runner.py:79] #------------------------ Iteration 57 --------------------------#
[20260601 22:01:48 @multi_agent_runner.py:85] Sampling 50000 steps by 50 slaves, spending 12.43 s.
[20260601 22:01:56 @multi_agent_runner.py:94] Policy update, spending: 8.90 s.
[20260601 22:01:58 @multi_agent_runner.py:99] Evaluation time: 1.58 s.
[20260601 22:01:58 @multi_agent_runner.py:105] Total time:      21.82 min
[20260601 22:01:58 @multi_agent_runner.py:120] Agent_0 gets eval reward: 426.71.
[20260601 22:01:58 @multi_agent_runner.py:121] Agent_0 gets win rate: 0.00.
[20260601 22:01:58 @multi_agent_runner.py:120] Agent_1 gets eval reward: 389.89.
[20260601 22:01:58 @multi_agent_runner.py:121] Agent_1 gets win rate: 0.00.
[20260601 22:01:58 @multi_agent_runner.py:79] #------------------------ Iteration 58 --------------------------#
[20260601 22:02:11 @multi_agent_runner.py:85] Sampling 50000 steps by 50 slaves, spending 12.42 s.
[20260601 22:02:19 @multi_agent_runner.py:94] Policy update, spending: 8.73 s.
[20260601 22:02:21 @multi_agent_runner.py:99] Evaluation time: 1.57 s.
[20260601 22:02:21 @multi_agent_runner.py:105] Total time:      22.20 min
[20260601 22:02:21 @multi_agent_runner.py:120] Agent_0 gets eval reward: 390.89.
[20260601 22:02:21 @multi_agent_runner.py:121] Agent_0 gets win rate: 0.00.
[20260601 22:02:21 @multi_agent_runner.py:120] Agent_1 gets eval reward: 424.23.
[20260601 22:02:21 @multi_agent_runner.py:121] Agent_1 gets win rate: 0.00.
[20260601 22:02:21 @multi_agent_runner.py:79] #------------------------ Iteration 59 --------------------------#
[20260601 22:02:33 @multi_agent_runner.py:85] Sampling 50000 steps by 50 slaves, spending 11.78 s.
[20260601 22:02:41 @multi_agent_runner.py:94] Policy update, spending: 8.58 s.
[20260601 22:02:43 @multi_agent_runner.py:99] Evaluation time: 1.62 s.
[20260601 22:02:43 @multi_agent_runner.py:105] Total time:      22.57 min
[20260601 22:02:43 @multi_agent_runner.py:120] Agent_0 gets eval reward: 399.18.
[20260601 22:02:43 @multi_agent_runner.py:121] Agent_0 gets win rate: 0.00.
[20260601 22:02:43 @multi_agent_runner.py:120] Agent_1 gets eval reward: 381.04.
[20260601 22:02:43 @multi_agent_runner.py:121] Agent_1 gets win rate: 0.00.
[20260601 22:02:43 @multi_agent_runner.py:79] #------------------------ Iteration 60 --------------------------#
[20260601 22:02:56 @multi_agent_runner.py:85] Sampling 50000 steps by 50 slaves, spending 12.40 s.
[20260601 22:03:05 @multi_agent_runner.py:94] Policy update, spending: 9.02 s.
[20260601 22:03:06 @multi_agent_runner.py:99] Evaluation time: 1.51 s.
[20260601 22:03:06 @multi_agent_runner.py:105] Total time:      22.95 min
[20260601 22:03:06 @multi_agent_runner.py:120] Agent_0 gets eval reward: 399.39.
[20260601 22:03:06 @multi_agent_runner.py:121] Agent_0 gets win rate: 0.00.
[20260601 22:03:06 @multi_agent_runner.py:120] Agent_1 gets eval reward: 397.41.
[20260601 22:03:06 @multi_agent_runner.py:121] Agent_1 gets win rate: 0.00.
[20260601 22:03:06 @multi_agent_runner.py:79] #------------------------ Iteration 61 --------------------------#
[20260601 22:03:18 @multi_agent_runner.py:85] Sampling 50000 steps by 50 slaves, spending 12.22 s.
[20260601 22:03:27 @multi_agent_runner.py:94] Policy update, spending: 8.81 s.
[20260601 22:03:29 @multi_agent_runner.py:99] Evaluation time: 1.89 s.
[20260601 22:03:29 @multi_agent_runner.py:105] Total time:      23.34 min
[20260601 22:03:29 @multi_agent_runner.py:120] Agent_0 gets eval reward: 273.91.
[20260601 22:03:29 @multi_agent_runner.py:121] Agent_0 gets win rate: 0.00.
[20260601 22:03:29 @multi_agent_runner.py:120] Agent_1 gets eval reward: 257.67.
[20260601 22:03:29 @multi_agent_runner.py:121] Agent_1 gets win rate: 0.00.
[20260601 22:03:29 @multi_agent_runner.py:79] #------------------------ Iteration 62 --------------------------#
[20260601 22:03:42 @multi_agent_runner.py:85] Sampling 50000 steps by 50 slaves, spending 12.51 s.
[20260601 22:03:51 @multi_agent_runner.py:94] Policy update, spending: 8.78 s.
[20260601 22:03:52 @multi_agent_runner.py:99] Evaluation time: 1.68 s.
[20260601 22:03:52 @multi_agent_runner.py:105] Total time:      23.72 min
[20260601 22:03:52 @multi_agent_runner.py:120] Agent_0 gets eval reward: 384.04.
[20260601 22:03:52 @multi_agent_runner.py:121] Agent_0 gets win rate: 0.00.
[20260601 22:03:52 @multi_agent_runner.py:120] Agent_1 gets eval reward: 433.69.
[20260601 22:03:52 @multi_agent_runner.py:121] Agent_1 gets win rate: 0.00.
[20260601 22:03:52 @multi_agent_runner.py:79] #------------------------ Iteration 63 --------------------------#
[20260601 22:04:04 @multi_agent_runner.py:85] Sampling 50000 steps by 50 slaves, spending 12.01 s.
[20260601 22:04:13 @multi_agent_runner.py:94] Policy update, spending: 8.78 s.
[20260601 22:04:15 @multi_agent_runner.py:99] Evaluation time: 1.88 s.
[20260601 22:04:15 @multi_agent_runner.py:105] Total time:      24.10 min
[20260601 22:04:15 @multi_agent_runner.py:120] Agent_0 gets eval reward: 357.90.
[20260601 22:04:15 @multi_agent_runner.py:121] Agent_0 gets win rate: 0.00.
[20260601 22:04:15 @multi_agent_runner.py:120] Agent_1 gets eval reward: 395.61.
[20260601 22:04:15 @multi_agent_runner.py:121] Agent_1 gets win rate: 0.00.
[20260601 22:04:15 @multi_agent_runner.py:79] #------------------------ Iteration 64 --------------------------#
[20260601 22:04:28 @multi_agent_runner.py:85] Sampling 50000 steps by 50 slaves, spending 12.50 s.
[20260601 22:04:37 @multi_agent_runner.py:94] Policy update, spending: 9.02 s.
[20260601 22:04:38 @multi_agent_runner.py:99] Evaluation time: 1.78 s.
[20260601 22:04:38 @multi_agent_runner.py:105] Total time:      24.49 min
[20260601 22:04:39 @multi_agent_runner.py:120] Agent_0 gets eval reward: 357.50.
[20260601 22:04:39 @multi_agent_runner.py:121] Agent_0 gets win rate: 0.00.
[20260601 22:04:39 @multi_agent_runner.py:120] Agent_1 gets eval reward: 400.56.
[20260601 22:04:39 @multi_agent_runner.py:121] Agent_1 gets win rate: 0.00.
[20260601 22:04:39 @multi_agent_runner.py:79] #------------------------ Iteration 65 --------------------------#
[20260601 22:04:50 @multi_agent_runner.py:85] Sampling 50000 steps by 50 slaves, spending 11.80 s.
[20260601 22:04:59 @multi_agent_runner.py:94] Policy update, spending: 8.90 s.
[20260601 22:05:01 @multi_agent_runner.py:99] Evaluation time: 1.80 s.
[20260601 22:05:01 @multi_agent_runner.py:105] Total time:      24.87 min
[20260601 22:05:01 @multi_agent_runner.py:120] Agent_0 gets eval reward: 287.59.
[20260601 22:05:01 @multi_agent_runner.py:121] Agent_0 gets win rate: 0.00.
[20260601 22:05:01 @multi_agent_runner.py:120] Agent_1 gets eval reward: 305.68.
[20260601 22:05:01 @multi_agent_runner.py:121] Agent_1 gets win rate: 0.00.
[20260601 22:05:01 @multi_agent_runner.py:79] #------------------------ Iteration 66 --------------------------#
[20260601 22:05:14 @multi_agent_runner.py:85] Sampling 50000 steps by 50 slaves, spending 12.34 s.
[20260601 22:05:23 @multi_agent_runner.py:94] Policy update, spending: 9.07 s.
[20260601 22:05:24 @multi_agent_runner.py:99] Evaluation time: 1.68 s.
[20260601 22:05:24 @multi_agent_runner.py:105] Total time:      25.26 min
[20260601 22:05:24 @multi_agent_runner.py:120] Agent_0 gets eval reward: 414.97.
[20260601 22:05:24 @multi_agent_runner.py:121] Agent_0 gets win rate: 0.00.
[20260601 22:05:24 @multi_agent_runner.py:120] Agent_1 gets eval reward: 370.44.
[20260601 22:05:24 @multi_agent_runner.py:121] Agent_1 gets win rate: 0.00.
[20260601 22:05:25 @multi_agent_runner.py:79] #------------------------ Iteration 67 --------------------------#
[20260601 22:05:36 @multi_agent_runner.py:85] Sampling 50000 steps by 50 slaves, spending 11.93 s.
[20260601 22:05:45 @multi_agent_runner.py:94] Policy update, spending: 8.72 s.
[20260601 22:05:47 @multi_agent_runner.py:99] Evaluation time: 1.50 s.
[20260601 22:05:47 @multi_agent_runner.py:105] Total time:      25.63 min
[20260601 22:05:47 @multi_agent_runner.py:120] Agent_0 gets eval reward: 386.54.
[20260601 22:05:47 @multi_agent_runner.py:121] Agent_0 gets win rate: 0.00.
[20260601 22:05:47 @multi_agent_runner.py:120] Agent_1 gets eval reward: 405.99.
[20260601 22:05:47 @multi_agent_runner.py:121] Agent_1 gets win rate: 0.00.
[20260601 22:05:47 @multi_agent_runner.py:79] #------------------------ Iteration 68 --------------------------#
[20260601 22:05:59 @multi_agent_runner.py:85] Sampling 50000 steps by 50 slaves, spending 12.26 s.
[20260601 22:06:08 @multi_agent_runner.py:94] Policy update, spending: 8.88 s.
[20260601 22:06:10 @multi_agent_runner.py:99] Evaluation time: 1.77 s.
[20260601 22:06:10 @multi_agent_runner.py:105] Total time:      26.01 min
[20260601 22:06:10 @multi_agent_runner.py:120] Agent_0 gets eval reward: 354.63.
[20260601 22:06:10 @multi_agent_runner.py:121] Agent_0 gets win rate: 0.00.
[20260601 22:06:10 @multi_agent_runner.py:120] Agent_1 gets eval reward: 432.87.
[20260601 22:06:10 @multi_agent_runner.py:121] Agent_1 gets win rate: 0.00.
[20260601 22:06:10 @multi_agent_runner.py:79] #------------------------ Iteration 69 --------------------------#
[20260601 22:06:22 @multi_agent_runner.py:85] Sampling 50000 steps by 50 slaves, spending 12.33 s.
[20260601 22:06:31 @multi_agent_runner.py:94] Policy update, spending: 8.95 s.
[20260601 22:06:33 @multi_agent_runner.py:99] Evaluation time: 1.60 s.
[20260601 22:06:33 @multi_agent_runner.py:105] Total time:      26.40 min
[20260601 22:06:33 @multi_agent_runner.py:120] Agent_0 gets eval reward: 354.47.
[20260601 22:06:33 @multi_agent_runner.py:121] Agent_0 gets win rate: 0.00.
[20260601 22:06:33 @multi_agent_runner.py:120] Agent_1 gets eval reward: 401.37.
[20260601 22:06:33 @multi_agent_runner.py:121] Agent_1 gets win rate: 0.00.
[20260601 22:06:33 @multi_agent_runner.py:79] #------------------------ Iteration 70 --------------------------#
[20260601 22:06:45 @multi_agent_runner.py:85] Sampling 50000 steps by 50 slaves, spending 12.14 s.
[20260601 22:06:54 @multi_agent_runner.py:94] Policy update, spending: 8.53 s.
[20260601 22:06:55 @multi_agent_runner.py:99] Evaluation time: 1.65 s.
[20260601 22:06:55 @multi_agent_runner.py:105] Total time:      26.77 min
[20260601 22:06:55 @multi_agent_runner.py:120] Agent_0 gets eval reward: 367.26.
[20260601 22:06:55 @multi_agent_runner.py:121] Agent_0 gets win rate: 0.00.
[20260601 22:06:55 @multi_agent_runner.py:120] Agent_1 gets eval reward: 398.64.
[20260601 22:06:55 @multi_agent_runner.py:121] Agent_1 gets win rate: 0.00.
[20260601 22:06:55 @multi_agent_runner.py:79] #------------------------ Iteration 71 --------------------------#
[20260601 22:07:08 @multi_agent_runner.py:85] Sampling 50000 steps by 50 slaves, spending 13.03 s.
[20260601 22:07:17 @multi_agent_runner.py:94] Policy update, spending: 8.92 s.
[20260601 22:07:19 @multi_agent_runner.py:99] Evaluation time: 1.93 s.
[20260601 22:07:19 @multi_agent_runner.py:105] Total time:      27.17 min
[20260601 22:07:19 @multi_agent_runner.py:120] Agent_0 gets eval reward: 336.58.
[20260601 22:07:19 @multi_agent_runner.py:121] Agent_0 gets win rate: 0.00.
[20260601 22:07:19 @multi_agent_runner.py:120] Agent_1 gets eval reward: 343.77.
[20260601 22:07:19 @multi_agent_runner.py:121] Agent_1 gets win rate: 0.00.
[20260601 22:07:19 @multi_agent_runner.py:79] #------------------------ Iteration 72 --------------------------#
[20260601 22:07:32 @multi_agent_runner.py:85] Sampling 50000 steps by 50 slaves, spending 12.59 s.
[20260601 22:07:41 @multi_agent_runner.py:94] Policy update, spending: 8.76 s.
[20260601 22:07:42 @multi_agent_runner.py:99] Evaluation time: 1.55 s.
[20260601 22:07:42 @multi_agent_runner.py:105] Total time:      27.56 min
[20260601 22:07:42 @multi_agent_runner.py:120] Agent_0 gets eval reward: 330.84.
[20260601 22:07:42 @multi_agent_runner.py:121] Agent_0 gets win rate: 0.00.
[20260601 22:07:42 @multi_agent_runner.py:120] Agent_1 gets eval reward: 376.42.
[20260601 22:07:42 @multi_agent_runner.py:121] Agent_1 gets win rate: 0.00.
[20260601 22:07:42 @multi_agent_runner.py:79] #------------------------ Iteration 73 --------------------------#
[20260601 22:07:54 @multi_agent_runner.py:85] Sampling 50000 steps by 50 slaves, spending 12.11 s.
[20260601 22:08:03 @multi_agent_runner.py:94] Policy update, spending: 8.57 s.
[20260601 22:08:05 @multi_agent_runner.py:99] Evaluation time: 2.13 s.
[20260601 22:08:05 @multi_agent_runner.py:105] Total time:      27.94 min
[20260601 22:08:05 @multi_agent_runner.py:120] Agent_0 gets eval reward: 277.19.
[20260601 22:08:05 @multi_agent_runner.py:121] Agent_0 gets win rate: 0.00.
[20260601 22:08:05 @multi_agent_runner.py:120] Agent_1 gets eval reward: 289.67.
[20260601 22:08:05 @multi_agent_runner.py:121] Agent_1 gets win rate: 0.00.
[20260601 22:08:05 @multi_agent_runner.py:79] #------------------------ Iteration 74 --------------------------#
[20260601 22:08:18 @multi_agent_runner.py:85] Sampling 50000 steps by 50 slaves, spending 12.81 s.
[20260601 22:08:27 @multi_agent_runner.py:94] Policy update, spending: 8.90 s.
[20260601 22:08:29 @multi_agent_runner.py:99] Evaluation time: 1.58 s.
[20260601 22:08:29 @multi_agent_runner.py:105] Total time:      28.33 min
[20260601 22:08:29 @multi_agent_runner.py:120] Agent_0 gets eval reward: 372.91.
[20260601 22:08:29 @multi_agent_runner.py:121] Agent_0 gets win rate: 0.00.
[20260601 22:08:29 @multi_agent_runner.py:120] Agent_1 gets eval reward: 348.47.
[20260601 22:08:29 @multi_agent_runner.py:121] Agent_1 gets win rate: 0.00.
[20260601 22:08:29 @multi_agent_runner.py:79] #------------------------ Iteration 75 --------------------------#
[20260601 22:08:41 @multi_agent_runner.py:85] Sampling 50000 steps by 50 slaves, spending 12.08 s.
[20260601 22:08:50 @multi_agent_runner.py:94] Policy update, spending: 8.73 s.
[20260601 22:08:51 @multi_agent_runner.py:99] Evaluation time: 1.85 s.
[20260601 22:08:51 @multi_agent_runner.py:105] Total time:      28.71 min
[20260601 22:08:51 @multi_agent_runner.py:120] Agent_0 gets eval reward: 303.41.
[20260601 22:08:51 @multi_agent_runner.py:121] Agent_0 gets win rate: 0.00.
[20260601 22:08:51 @multi_agent_runner.py:120] Agent_1 gets eval reward: 278.73.
[20260601 22:08:51 @multi_agent_runner.py:121] Agent_1 gets win rate: 0.00.
[20260601 22:08:52 @multi_agent_runner.py:79] #------------------------ Iteration 76 --------------------------#
[20260601 22:09:04 @multi_agent_runner.py:85] Sampling 50000 steps by 50 slaves, spending 12.77 s.
[20260601 22:09:13 @multi_agent_runner.py:94] Policy update, spending: 8.64 s.
[20260601 22:09:15 @multi_agent_runner.py:99] Evaluation time: 1.89 s.
[20260601 22:09:15 @multi_agent_runner.py:105] Total time:      29.10 min
[20260601 22:09:15 @multi_agent_runner.py:120] Agent_0 gets eval reward: 294.14.
[20260601 22:09:15 @multi_agent_runner.py:121] Agent_0 gets win rate: 0.00.
[20260601 22:09:15 @multi_agent_runner.py:120] Agent_1 gets eval reward: 274.48.
[20260601 22:09:15 @multi_agent_runner.py:121] Agent_1 gets win rate: 0.00.
[20260601 22:09:15 @multi_agent_runner.py:79] #------------------------ Iteration 77 --------------------------#
[20260601 22:09:28 @multi_agent_runner.py:85] Sampling 50000 steps by 50 slaves, spending 12.93 s.
[20260601 22:09:37 @multi_agent_runner.py:94] Policy update, spending: 8.84 s.
[20260601 22:09:38 @multi_agent_runner.py:99] Evaluation time: 1.63 s.
[20260601 22:09:38 @multi_agent_runner.py:105] Total time:      29.49 min
[20260601 22:09:38 @multi_agent_runner.py:120] Agent_0 gets eval reward: 373.84.
[20260601 22:09:38 @multi_agent_runner.py:121] Agent_0 gets win rate: 0.00.
[20260601 22:09:38 @multi_agent_runner.py:120] Agent_1 gets eval reward: 357.48.
[20260601 22:09:38 @multi_agent_runner.py:121] Agent_1 gets win rate: 0.00.
[20260601 22:09:39 @multi_agent_runner.py:79] #------------------------ Iteration 78 --------------------------#
[20260601 22:09:51 @multi_agent_runner.py:85] Sampling 50000 steps by 50 slaves, spending 12.41 s.
[20260601 22:10:00 @multi_agent_runner.py:94] Policy update, spending: 8.82 s.
[20260601 22:10:02 @multi_agent_runner.py:99] Evaluation time: 1.82 s.
[20260601 22:10:02 @multi_agent_runner.py:105] Total time:      29.88 min
[20260601 22:10:02 @multi_agent_runner.py:120] Agent_0 gets eval reward: 296.37.
[20260601 22:10:02 @multi_agent_runner.py:121] Agent_0 gets win rate: 0.00.
[20260601 22:10:02 @multi_agent_runner.py:120] Agent_1 gets eval reward: 286.30.
[20260601 22:10:02 @multi_agent_runner.py:121] Agent_1 gets win rate: 0.00.
[20260601 22:10:02 @multi_agent_runner.py:79] #------------------------ Iteration 79 --------------------------#
[20260601 22:10:15 @multi_agent_runner.py:85] Sampling 50000 steps by 50 slaves, spending 12.91 s.
[20260601 22:10:23 @multi_agent_runner.py:94] Policy update, spending: 8.58 s.
[20260601 22:10:25 @multi_agent_runner.py:99] Evaluation time: 1.64 s.
[20260601 22:10:25 @multi_agent_runner.py:105] Total time:      30.27 min
[20260601 22:10:25 @multi_agent_runner.py:120] Agent_0 gets eval reward: 346.68.
[20260601 22:10:25 @multi_agent_runner.py:121] Agent_0 gets win rate: 0.00.
[20260601 22:10:25 @multi_agent_runner.py:120] Agent_1 gets eval reward: 372.76.
[20260601 22:10:25 @multi_agent_runner.py:121] Agent_1 gets win rate: 0.00.
[20260601 22:10:25 @multi_agent_runner.py:79] #------------------------ Iteration 80 --------------------------#
[20260601 22:10:37 @multi_agent_runner.py:85] Sampling 50000 steps by 50 slaves, spending 12.29 s.
[20260601 22:10:46 @multi_agent_runner.py:94] Policy update, spending: 9.15 s.
[20260601 22:10:48 @multi_agent_runner.py:99] Evaluation time: 1.92 s.
[20260601 22:10:48 @multi_agent_runner.py:105] Total time:      30.66 min
[20260601 22:10:48 @multi_agent_runner.py:120] Agent_0 gets eval reward: 258.00.
[20260601 22:10:48 @multi_agent_runner.py:121] Agent_0 gets win rate: 0.00.
[20260601 22:10:48 @multi_agent_runner.py:120] Agent_1 gets eval reward: 299.06.
[20260601 22:10:48 @multi_agent_runner.py:121] Agent_1 gets win rate: 0.00.
[20260601 22:10:48 @multi_agent_runner.py:79] #------------------------ Iteration 81 --------------------------#
[20260601 22:11:01 @multi_agent_runner.py:85] Sampling 50000 steps by 50 slaves, spending 12.19 s.
[20260601 22:11:09 @multi_agent_runner.py:94] Policy update, spending: 8.79 s.
[20260601 22:11:11 @multi_agent_runner.py:99] Evaluation time: 1.97 s.
[20260601 22:11:11 @multi_agent_runner.py:105] Total time:      31.04 min
[20260601 22:11:11 @multi_agent_runner.py:120] Agent_0 gets eval reward: 241.10.
[20260601 22:11:11 @multi_agent_runner.py:121] Agent_0 gets win rate: 0.00.
[20260601 22:11:11 @multi_agent_runner.py:120] Agent_1 gets eval reward: 255.22.
[20260601 22:11:11 @multi_agent_runner.py:121] Agent_1 gets win rate: 0.00.
[20260601 22:11:12 @multi_agent_runner.py:79] #------------------------ Iteration 82 --------------------------#
[20260601 22:11:24 @multi_agent_runner.py:85] Sampling 50000 steps by 50 slaves, spending 12.00 s.
[20260601 22:11:32 @multi_agent_runner.py:94] Policy update, spending: 8.90 s.
[20260601 22:11:34 @multi_agent_runner.py:99] Evaluation time: 1.49 s.
[20260601 22:11:34 @multi_agent_runner.py:105] Total time:      31.42 min
[20260601 22:11:34 @multi_agent_runner.py:120] Agent_0 gets eval reward: 288.87.
[20260601 22:11:34 @multi_agent_runner.py:121] Agent_0 gets win rate: 0.00.
[20260601 22:11:34 @multi_agent_runner.py:120] Agent_1 gets eval reward: 379.59.
[20260601 22:11:34 @multi_agent_runner.py:121] Agent_1 gets win rate: 0.00.
[20260601 22:11:34 @multi_agent_runner.py:79] #------------------------ Iteration 83 --------------------------#
[20260601 22:11:47 @multi_agent_runner.py:85] Sampling 50000 steps by 50 slaves, spending 12.52 s.
[20260601 22:11:56 @multi_agent_runner.py:94] Policy update, spending: 9.01 s.
[20260601 22:11:57 @multi_agent_runner.py:99] Evaluation time: 1.71 s.
[20260601 22:11:57 @multi_agent_runner.py:105] Total time:      31.81 min
[20260601 22:11:57 @multi_agent_runner.py:120] Agent_0 gets eval reward: 252.91.
[20260601 22:11:57 @multi_agent_runner.py:121] Agent_0 gets win rate: 0.00.
[20260601 22:11:57 @multi_agent_runner.py:120] Agent_1 gets eval reward: 292.93.
[20260601 22:11:57 @multi_agent_runner.py:121] Agent_1 gets win rate: 0.00.
[20260601 22:11:57 @multi_agent_runner.py:79] #------------------------ Iteration 84 --------------------------#
[20260601 22:12:10 @multi_agent_runner.py:85] Sampling 50000 steps by 50 slaves, spending 12.15 s.
[20260601 22:12:19 @multi_agent_runner.py:94] Policy update, spending: 9.01 s.
[20260601 22:12:20 @multi_agent_runner.py:99] Evaluation time: 1.52 s.
[20260601 22:12:20 @multi_agent_runner.py:105] Total time:      32.19 min
[20260601 22:12:20 @multi_agent_runner.py:120] Agent_0 gets eval reward: 150.79.
[20260601 22:12:20 @multi_agent_runner.py:121] Agent_0 gets win rate: 0.00.
[20260601 22:12:20 @multi_agent_runner.py:120] Agent_1 gets eval reward: 167.17.
[20260601 22:12:20 @multi_agent_runner.py:121] Agent_1 gets win rate: 0.00.
[20260601 22:12:20 @multi_agent_runner.py:79] #------------------------ Iteration 85 --------------------------#
[20260601 22:12:33 @multi_agent_runner.py:85] Sampling 50000 steps by 50 slaves, spending 12.62 s.
[20260601 22:12:42 @multi_agent_runner.py:94] Policy update, spending: 9.04 s.
[20260601 22:12:43 @multi_agent_runner.py:99] Evaluation time: 1.53 s.
[20260601 22:12:43 @multi_agent_runner.py:105] Total time:      32.58 min
[20260601 22:12:43 @multi_agent_runner.py:120] Agent_0 gets eval reward: 369.13.
[20260601 22:12:43 @multi_agent_runner.py:121] Agent_0 gets win rate: 0.00.
[20260601 22:12:43 @multi_agent_runner.py:120] Agent_1 gets eval reward: 332.67.
[20260601 22:12:43 @multi_agent_runner.py:121] Agent_1 gets win rate: 0.00.
[20260601 22:12:44 @multi_agent_runner.py:79] #------------------------ Iteration 86 --------------------------#
[20260601 22:12:56 @multi_agent_runner.py:85] Sampling 50000 steps by 50 slaves, spending 12.07 s.
[20260601 22:13:04 @multi_agent_runner.py:94] Policy update, spending: 8.63 s.
[20260601 22:13:06 @multi_agent_runner.py:99] Evaluation time: 1.80 s.
[20260601 22:13:06 @multi_agent_runner.py:105] Total time:      32.95 min
[20260601 22:13:06 @multi_agent_runner.py:120] Agent_0 gets eval reward: 226.34.
[20260601 22:13:06 @multi_agent_runner.py:121] Agent_0 gets win rate: 0.00.
[20260601 22:13:06 @multi_agent_runner.py:120] Agent_1 gets eval reward: 265.15.
[20260601 22:13:06 @multi_agent_runner.py:121] Agent_1 gets win rate: 0.00.
[20260601 22:13:06 @multi_agent_runner.py:79] #------------------------ Iteration 87 --------------------------#
[20260601 22:13:19 @multi_agent_runner.py:85] Sampling 50000 steps by 50 slaves, spending 12.79 s.
[20260601 22:13:29 @multi_agent_runner.py:94] Policy update, spending: 9.56 s.
[20260601 22:13:30 @multi_agent_runner.py:99] Evaluation time: 1.44 s.
[20260601 22:13:30 @multi_agent_runner.py:105] Total time:      33.35 min
[20260601 22:13:30 @multi_agent_runner.py:120] Agent_0 gets eval reward: 340.12.
[20260601 22:13:30 @multi_agent_runner.py:121] Agent_0 gets win rate: 0.00.
[20260601 22:13:30 @multi_agent_runner.py:120] Agent_1 gets eval reward: 362.90.
[20260601 22:13:30 @multi_agent_runner.py:121] Agent_1 gets win rate: 0.00.
[20260601 22:13:30 @multi_agent_runner.py:79] #------------------------ Iteration 88 --------------------------#
[20260601 22:13:43 @multi_agent_runner.py:85] Sampling 50000 steps by 50 slaves, spending 12.50 s.
[20260601 22:13:52 @multi_agent_runner.py:94] Policy update, spending: 9.28 s.
[20260601 22:13:54 @multi_agent_runner.py:99] Evaluation time: 1.75 s.
[20260601 22:13:54 @multi_agent_runner.py:105] Total time:      33.75 min
[20260601 22:13:54 @multi_agent_runner.py:120] Agent_0 gets eval reward: 295.89.
[20260601 22:13:54 @multi_agent_runner.py:121] Agent_0 gets win rate: 0.00.
[20260601 22:13:54 @multi_agent_runner.py:120] Agent_1 gets eval reward: 336.89.
[20260601 22:13:54 @multi_agent_runner.py:121] Agent_1 gets win rate: 0.00.
[20260601 22:13:54 @multi_agent_runner.py:79] #------------------------ Iteration 89 --------------------------#
[20260601 22:14:06 @multi_agent_runner.py:85] Sampling 50000 steps by 50 slaves, spending 12.47 s.
[20260601 22:14:15 @multi_agent_runner.py:94] Policy update, spending: 8.64 s.
[20260601 22:14:17 @multi_agent_runner.py:99] Evaluation time: 1.63 s.
[20260601 22:14:17 @multi_agent_runner.py:105] Total time:      34.13 min
[20260601 22:14:17 @multi_agent_runner.py:120] Agent_0 gets eval reward: 242.76.
[20260601 22:14:17 @multi_agent_runner.py:121] Agent_0 gets win rate: 0.00.
[20260601 22:14:17 @multi_agent_runner.py:120] Agent_1 gets eval reward: 260.91.
[20260601 22:14:17 @multi_agent_runner.py:121] Agent_1 gets win rate: 0.00.
[20260601 22:14:17 @multi_agent_runner.py:79] #------------------------ Iteration 90 --------------------------#
[20260601 22:14:29 @multi_agent_runner.py:85] Sampling 50000 steps by 50 slaves, spending 12.66 s.
[20260601 22:14:38 @multi_agent_runner.py:94] Policy update, spending: 8.89 s.
[20260601 22:14:40 @multi_agent_runner.py:99] Evaluation time: 2.14 s.
[20260601 22:14:40 @multi_agent_runner.py:105] Total time:      34.52 min
[20260601 22:14:40 @multi_agent_runner.py:120] Agent_0 gets eval reward: 213.04.
[20260601 22:14:40 @multi_agent_runner.py:121] Agent_0 gets win rate: 0.00.
[20260601 22:14:40 @multi_agent_runner.py:120] Agent_1 gets eval reward: 223.21.
[20260601 22:14:40 @multi_agent_runner.py:121] Agent_1 gets win rate: 0.00.
[20260601 22:14:41 @multi_agent_runner.py:79] #------------------------ Iteration 91 --------------------------#
[20260601 22:14:53 @multi_agent_runner.py:85] Sampling 50000 steps by 50 slaves, spending 12.48 s.
[20260601 22:15:02 @multi_agent_runner.py:94] Policy update, spending: 9.03 s.
[20260601 22:15:04 @multi_agent_runner.py:99] Evaluation time: 1.82 s.
[20260601 22:15:04 @multi_agent_runner.py:105] Total time:      34.92 min
[20260601 22:15:04 @multi_agent_runner.py:120] Agent_0 gets eval reward: 265.37.
[20260601 22:15:04 @multi_agent_runner.py:121] Agent_0 gets win rate: 0.00.
[20260601 22:15:04 @multi_agent_runner.py:120] Agent_1 gets eval reward: 260.85.
[20260601 22:15:04 @multi_agent_runner.py:121] Agent_1 gets win rate: 0.00.
[20260601 22:15:04 @multi_agent_runner.py:79] #------------------------ Iteration 92 --------------------------#
[20260601 22:15:16 @multi_agent_runner.py:85] Sampling 50000 steps by 50 slaves, spending 12.46 s.
[20260601 22:15:26 @multi_agent_runner.py:94] Policy update, spending: 9.06 s.
[20260601 22:15:27 @multi_agent_runner.py:99] Evaluation time: 1.83 s.
[20260601 22:15:27 @multi_agent_runner.py:105] Total time:      35.31 min
[20260601 22:15:27 @multi_agent_runner.py:120] Agent_0 gets eval reward: 243.28.
[20260601 22:15:27 @multi_agent_runner.py:121] Agent_0 gets win rate: 0.00.
[20260601 22:15:27 @multi_agent_runner.py:120] Agent_1 gets eval reward: 301.07.
[20260601 22:15:27 @multi_agent_runner.py:121] Agent_1 gets win rate: 0.00.
[20260601 22:15:27 @multi_agent_runner.py:79] #------------------------ Iteration 93 --------------------------#
[20260601 22:15:39 @multi_agent_runner.py:85] Sampling 50000 steps by 50 slaves, spending 12.00 s.
[20260601 22:15:48 @multi_agent_runner.py:94] Policy update, spending: 8.62 s.
[20260601 22:15:50 @multi_agent_runner.py:99] Evaluation time: 1.78 s.
[20260601 22:15:50 @multi_agent_runner.py:105] Total time:      35.68 min
[20260601 22:15:50 @multi_agent_runner.py:120] Agent_0 gets eval reward: 266.66.
[20260601 22:15:50 @multi_agent_runner.py:121] Agent_0 gets win rate: 0.00.
[20260601 22:15:50 @multi_agent_runner.py:120] Agent_1 gets eval reward: 261.54.
[20260601 22:15:50 @multi_agent_runner.py:121] Agent_1 gets win rate: 0.00.
[20260601 22:15:50 @multi_agent_runner.py:79] #------------------------ Iteration 94 --------------------------#
[20260601 22:16:02 @multi_agent_runner.py:85] Sampling 50000 steps by 50 slaves, spending 12.34 s.
[20260601 22:16:11 @multi_agent_runner.py:94] Policy update, spending: 8.74 s.
[20260601 22:16:13 @multi_agent_runner.py:99] Evaluation time: 2.01 s.
[20260601 22:16:13 @multi_agent_runner.py:105] Total time:      36.07 min
[20260601 22:16:13 @multi_agent_runner.py:120] Agent_0 gets eval reward: 226.09.
[20260601 22:16:13 @multi_agent_runner.py:121] Agent_0 gets win rate: 0.00.
[20260601 22:16:13 @multi_agent_runner.py:120] Agent_1 gets eval reward: 226.84.
[20260601 22:16:13 @multi_agent_runner.py:121] Agent_1 gets win rate: 0.00.
[20260601 22:16:13 @multi_agent_runner.py:79] #------------------------ Iteration 95 --------------------------#
[20260601 22:16:26 @multi_agent_runner.py:85] Sampling 50000 steps by 50 slaves, spending 12.41 s.
[20260601 22:16:34 @multi_agent_runner.py:94] Policy update, spending: 8.67 s.
[20260601 22:16:36 @multi_agent_runner.py:99] Evaluation time: 1.89 s.
[20260601 22:16:36 @multi_agent_runner.py:105] Total time:      36.46 min
[20260601 22:16:36 @multi_agent_runner.py:120] Agent_0 gets eval reward: 245.18.
[20260601 22:16:36 @multi_agent_runner.py:121] Agent_0 gets win rate: 0.00.
[20260601 22:16:36 @multi_agent_runner.py:120] Agent_1 gets eval reward: 241.15.
[20260601 22:16:36 @multi_agent_runner.py:121] Agent_1 gets win rate: 0.00.
[20260601 22:16:36 @multi_agent_runner.py:79] #------------------------ Iteration 96 --------------------------#
[20260601 22:16:49 @multi_agent_runner.py:85] Sampling 50000 steps by 50 slaves, spending 12.43 s.
[20260601 22:16:58 @multi_agent_runner.py:94] Policy update, spending: 8.94 s.
[20260601 22:16:59 @multi_agent_runner.py:99] Evaluation time: 1.45 s.
[20260601 22:16:59 @multi_agent_runner.py:105] Total time:      36.84 min
[20260601 22:16:59 @multi_agent_runner.py:120] Agent_0 gets eval reward: 332.47.
[20260601 22:16:59 @multi_agent_runner.py:121] Agent_0 gets win rate: 0.00.
[20260601 22:16:59 @multi_agent_runner.py:120] Agent_1 gets eval reward: 331.19.
[20260601 22:16:59 @multi_agent_runner.py:121] Agent_1 gets win rate: 0.00.
[20260601 22:16:59 @multi_agent_runner.py:79] #------------------------ Iteration 97 --------------------------#
[20260601 22:17:12 @multi_agent_runner.py:85] Sampling 50000 steps by 50 slaves, spending 12.35 s.
[20260601 22:17:21 @multi_agent_runner.py:94] Policy update, spending: 8.97 s.
[20260601 22:17:22 @multi_agent_runner.py:99] Evaluation time: 1.82 s.
[20260601 22:17:22 @multi_agent_runner.py:105] Total time:      37.23 min
[20260601 22:17:23 @multi_agent_runner.py:120] Agent_0 gets eval reward: 204.35.
[20260601 22:17:23 @multi_agent_runner.py:121] Agent_0 gets win rate: 0.00.
[20260601 22:17:23 @multi_agent_runner.py:120] Agent_1 gets eval reward: 214.04.
[20260601 22:17:23 @multi_agent_runner.py:121] Agent_1 gets win rate: 0.00.
[20260601 22:17:23 @multi_agent_runner.py:79] #------------------------ Iteration 98 --------------------------#
[20260601 22:17:35 @multi_agent_runner.py:85] Sampling 50000 steps by 50 slaves, spending 12.35 s.
[20260601 22:17:44 @multi_agent_runner.py:94] Policy update, spending: 8.70 s.
[20260601 22:17:46 @multi_agent_runner.py:99] Evaluation time: 2.05 s.
[20260601 22:17:46 @multi_agent_runner.py:105] Total time:      37.61 min
[20260601 22:17:46 @multi_agent_runner.py:120] Agent_0 gets eval reward: 218.94.
[20260601 22:17:46 @multi_agent_runner.py:121] Agent_0 gets win rate: 0.00.
[20260601 22:17:46 @multi_agent_runner.py:120] Agent_1 gets eval reward: 216.24.
[20260601 22:17:46 @multi_agent_runner.py:121] Agent_1 gets win rate: 0.00.
[20260601 22:17:46 @multi_agent_runner.py:79] #------------------------ Iteration 99 --------------------------#
[20260601 22:17:58 @multi_agent_runner.py:85] Sampling 50000 steps by 50 slaves, spending 12.54 s.
[20260601 22:18:08 @multi_agent_runner.py:94] Policy update, spending: 9.16 s.
[20260601 22:18:09 @multi_agent_runner.py:99] Evaluation time: 1.45 s.
[20260601 22:18:09 @multi_agent_runner.py:105] Total time:      38.00 min
[20260601 22:18:09 @multi_agent_runner.py:120] Agent_0 gets eval reward: 309.63.
[20260601 22:18:09 @multi_agent_runner.py:121] Agent_0 gets win rate: 0.00.
[20260601 22:18:09 @multi_agent_runner.py:120] Agent_1 gets eval reward: 299.26.
[20260601 22:18:09 @multi_agent_runner.py:121] Agent_1 gets win rate: 0.00.
[20260601 22:18:09 @multi_agent_runner.py:79] #------------------------ Iteration 100 --------------------------#
[20260601 22:18:22 @multi_agent_runner.py:85] Sampling 50000 steps by 50 slaves, spending 12.66 s.
[20260601 22:18:31 @multi_agent_runner.py:94] Policy update, spending: 8.78 s.
[20260601 22:18:32 @multi_agent_runner.py:99] Evaluation time: 1.58 s.
[20260601 22:18:32 @multi_agent_runner.py:105] Total time:      38.39 min
[20260601 22:18:32 @multi_agent_runner.py:120] Agent_0 gets eval reward: 298.96.
[20260601 22:18:32 @multi_agent_runner.py:121] Agent_0 gets win rate: 0.00.
[20260601 22:18:32 @multi_agent_runner.py:120] Agent_1 gets eval reward: 320.32.
[20260601 22:18:32 @multi_agent_runner.py:121] Agent_1 gets win rate: 0.00.
[20260601 22:18:32 @multi_agent_runner.py:79] #------------------------ Iteration 101 --------------------------#
[20260601 22:18:45 @multi_agent_runner.py:85] Sampling 50000 steps by 50 slaves, spending 12.35 s.
[20260601 22:18:53 @multi_agent_runner.py:94] Policy update, spending: 8.67 s.
[20260601 22:18:55 @multi_agent_runner.py:99] Evaluation time: 1.72 s.
[20260601 22:18:55 @multi_agent_runner.py:105] Total time:      38.77 min
[20260601 22:18:55 @multi_agent_runner.py:120] Agent_0 gets eval reward: 282.12.
[20260601 22:18:55 @multi_agent_runner.py:121] Agent_0 gets win rate: 0.00.
[20260601 22:18:55 @multi_agent_runner.py:120] Agent_1 gets eval reward: 307.89.
[20260601 22:18:55 @multi_agent_runner.py:121] Agent_1 gets win rate: 0.00.
[20260601 22:18:55 @multi_agent_runner.py:79] #------------------------ Iteration 102 --------------------------#
[20260601 22:19:08 @multi_agent_runner.py:85] Sampling 50000 steps by 50 slaves, spending 12.43 s.
[20260601 22:19:16 @multi_agent_runner.py:94] Policy update, spending: 8.82 s.
[20260601 22:19:18 @multi_agent_runner.py:99] Evaluation time: 2.04 s.
[20260601 22:19:18 @multi_agent_runner.py:105] Total time:      39.16 min
[20260601 22:19:19 @multi_agent_runner.py:120] Agent_0 gets eval reward: 174.39.
[20260601 22:19:19 @multi_agent_runner.py:121] Agent_0 gets win rate: 0.00.
[20260601 22:19:19 @multi_agent_runner.py:120] Agent_1 gets eval reward: 167.29.
[20260601 22:19:19 @multi_agent_runner.py:121] Agent_1 gets win rate: 0.00.
[20260601 22:19:19 @multi_agent_runner.py:79] #------------------------ Iteration 103 --------------------------#
[20260601 22:19:31 @multi_agent_runner.py:85] Sampling 50000 steps by 50 slaves, spending 12.39 s.
[20260601 22:19:40 @multi_agent_runner.py:94] Policy update, spending: 8.68 s.
[20260601 22:19:41 @multi_agent_runner.py:99] Evaluation time: 1.44 s.
[20260601 22:19:41 @multi_agent_runner.py:105] Total time:      39.54 min
[20260601 22:19:41 @multi_agent_runner.py:120] Agent_0 gets eval reward: 305.27.
[20260601 22:19:41 @multi_agent_runner.py:121] Agent_0 gets win rate: 0.00.
[20260601 22:19:41 @multi_agent_runner.py:120] Agent_1 gets eval reward: 315.42.
[20260601 22:19:41 @multi_agent_runner.py:121] Agent_1 gets win rate: 0.00.
[20260601 22:19:41 @multi_agent_runner.py:79] #------------------------ Iteration 104 --------------------------#
[20260601 22:19:53 @multi_agent_runner.py:85] Sampling 50000 steps by 50 slaves, spending 12.22 s.
[20260601 22:20:02 @multi_agent_runner.py:94] Policy update, spending: 8.61 s.
[20260601 22:20:04 @multi_agent_runner.py:99] Evaluation time: 2.02 s.
[20260601 22:20:04 @multi_agent_runner.py:105] Total time:      39.92 min
[20260601 22:20:04 @multi_agent_runner.py:120] Agent_0 gets eval reward: 238.80.
[20260601 22:20:04 @multi_agent_runner.py:121] Agent_0 gets win rate: 0.00.
[20260601 22:20:04 @multi_agent_runner.py:120] Agent_1 gets eval reward: 277.73.
[20260601 22:20:04 @multi_agent_runner.py:121] Agent_1 gets win rate: 0.00.
[20260601 22:20:04 @multi_agent_runner.py:79] #------------------------ Iteration 105 --------------------------#
[20260601 22:20:17 @multi_agent_runner.py:85] Sampling 50000 steps by 50 slaves, spending 12.31 s.
[20260601 22:20:25 @multi_agent_runner.py:94] Policy update, spending: 8.49 s.
[20260601 22:20:26 @multi_agent_runner.py:99] Evaluation time: 1.44 s.
[20260601 22:20:26 @multi_agent_runner.py:105] Total time:      40.29 min
[20260601 22:20:27 @multi_agent_runner.py:120] Agent_0 gets eval reward: 283.78.
[20260601 22:20:27 @multi_agent_runner.py:121] Agent_0 gets win rate: 0.00.
[20260601 22:20:27 @multi_agent_runner.py:120] Agent_1 gets eval reward: 294.91.
[20260601 22:20:27 @multi_agent_runner.py:121] Agent_1 gets win rate: 0.00.
[20260601 22:20:27 @multi_agent_runner.py:79] #------------------------ Iteration 106 --------------------------#
[20260601 22:20:40 @multi_agent_runner.py:85] Sampling 50000 steps by 50 slaves, spending 13.36 s.
[20260601 22:20:49 @multi_agent_runner.py:94] Policy update, spending: 9.16 s.
[20260601 22:20:51 @multi_agent_runner.py:99] Evaluation time: 1.58 s.
[20260601 22:20:51 @multi_agent_runner.py:105] Total time:      40.70 min
[20260601 22:20:51 @multi_agent_runner.py:120] Agent_0 gets eval reward: 183.40.
[20260601 22:20:51 @multi_agent_runner.py:121] Agent_0 gets win rate: 0.00.
[20260601 22:20:51 @multi_agent_runner.py:120] Agent_1 gets eval reward: 219.90.
[20260601 22:20:51 @multi_agent_runner.py:121] Agent_1 gets win rate: 0.00.
[20260601 22:20:51 @multi_agent_runner.py:79] #------------------------ Iteration 107 --------------------------#
[20260601 22:21:03 @multi_agent_runner.py:85] Sampling 50000 steps by 50 slaves, spending 12.51 s.
[20260601 22:21:12 @multi_agent_runner.py:94] Policy update, spending: 8.90 s.
[20260601 22:21:14 @multi_agent_runner.py:99] Evaluation time: 1.97 s.
[20260601 22:21:14 @multi_agent_runner.py:105] Total time:      41.09 min
[20260601 22:21:14 @multi_agent_runner.py:120] Agent_0 gets eval reward: 188.19.
[20260601 22:21:14 @multi_agent_runner.py:121] Agent_0 gets win rate: 0.00.
[20260601 22:21:14 @multi_agent_runner.py:120] Agent_1 gets eval reward: 183.34.
[20260601 22:21:14 @multi_agent_runner.py:121] Agent_1 gets win rate: 0.00.
[20260601 22:21:14 @multi_agent_runner.py:79] #------------------------ Iteration 108 --------------------------#
[20260601 22:21:27 @multi_agent_runner.py:85] Sampling 50000 steps by 50 slaves, spending 12.11 s.
[20260601 22:21:35 @multi_agent_runner.py:94] Policy update, spending: 8.84 s.
[20260601 22:21:37 @multi_agent_runner.py:99] Evaluation time: 1.62 s.
[20260601 22:21:37 @multi_agent_runner.py:105] Total time:      41.47 min
[20260601 22:21:37 @multi_agent_runner.py:120] Agent_0 gets eval reward: 272.89.
[20260601 22:21:37 @multi_agent_runner.py:121] Agent_0 gets win rate: 0.00.
[20260601 22:21:37 @multi_agent_runner.py:120] Agent_1 gets eval reward: 252.24.
[20260601 22:21:37 @multi_agent_runner.py:121] Agent_1 gets win rate: 0.00.
[20260601 22:21:37 @multi_agent_runner.py:79] #------------------------ Iteration 109 --------------------------#
[20260601 22:21:50 @multi_agent_runner.py:85] Sampling 50000 steps by 50 slaves, spending 12.98 s.
[20260601 22:21:59 @multi_agent_runner.py:94] Policy update, spending: 9.24 s.
[20260601 22:22:01 @multi_agent_runner.py:99] Evaluation time: 1.46 s.
[20260601 22:22:01 @multi_agent_runner.py:105] Total time:      41.86 min
[20260601 22:22:01 @multi_agent_runner.py:120] Agent_0 gets eval reward: 124.32.
[20260601 22:22:01 @multi_agent_runner.py:121] Agent_0 gets win rate: 0.00.
[20260601 22:22:01 @multi_agent_runner.py:120] Agent_1 gets eval reward: 163.70.
[20260601 22:22:01 @multi_agent_runner.py:121] Agent_1 gets win rate: 0.00.
[20260601 22:22:01 @multi_agent_runner.py:79] #------------------------ Iteration 110 --------------------------#
[20260601 22:22:13 @multi_agent_runner.py:85] Sampling 50000 steps by 50 slaves, spending 12.24 s.
[20260601 22:22:22 @multi_agent_runner.py:94] Policy update, spending: 9.11 s.
[20260601 22:22:24 @multi_agent_runner.py:99] Evaluation time: 1.58 s.
[20260601 22:22:24 @multi_agent_runner.py:105] Total time:      42.25 min
[20260601 22:22:24 @multi_agent_runner.py:120] Agent_0 gets eval reward: 230.19.
[20260601 22:22:24 @multi_agent_runner.py:121] Agent_0 gets win rate: 0.00.
[20260601 22:22:24 @multi_agent_runner.py:120] Agent_1 gets eval reward: 286.41.
[20260601 22:22:24 @multi_agent_runner.py:121] Agent_1 gets win rate: 0.00.
[20260601 22:22:24 @multi_agent_runner.py:79] #------------------------ Iteration 111 --------------------------#
[20260601 22:22:36 @multi_agent_runner.py:85] Sampling 50000 steps by 50 slaves, spending 11.75 s.
[20260601 22:22:44 @multi_agent_runner.py:94] Policy update, spending: 8.34 s.
[20260601 22:22:46 @multi_agent_runner.py:99] Evaluation time: 1.45 s.
[20260601 22:22:46 @multi_agent_runner.py:105] Total time:      42.61 min
[20260601 22:22:46 @multi_agent_runner.py:120] Agent_0 gets eval reward: 276.40.
[20260601 22:22:46 @multi_agent_runner.py:121] Agent_0 gets win rate: 0.00.
[20260601 22:22:46 @multi_agent_runner.py:120] Agent_1 gets eval reward: 259.61.
[20260601 22:22:46 @multi_agent_runner.py:121] Agent_1 gets win rate: 0.00.
[20260601 22:22:46 @multi_agent_runner.py:79] #------------------------ Iteration 112 --------------------------#
[20260601 22:22:58 @multi_agent_runner.py:85] Sampling 50000 steps by 50 slaves, spending 12.47 s.
[20260601 22:23:07 @multi_agent_runner.py:94] Policy update, spending: 8.70 s.
[20260601 22:23:09 @multi_agent_runner.py:99] Evaluation time: 1.71 s.
[20260601 22:23:09 @multi_agent_runner.py:105] Total time:      42.99 min
[20260601 22:23:09 @multi_agent_runner.py:120] Agent_0 gets eval reward: 216.08.
[20260601 22:23:09 @multi_agent_runner.py:121] Agent_0 gets win rate: 0.00.
[20260601 22:23:09 @multi_agent_runner.py:120] Agent_1 gets eval reward: 267.08.
[20260601 22:23:09 @multi_agent_runner.py:121] Agent_1 gets win rate: 0.00.
[20260601 22:23:09 @multi_agent_runner.py:79] #------------------------ Iteration 113 --------------------------#
[20260601 22:23:22 @multi_agent_runner.py:85] Sampling 50000 steps by 50 slaves, spending 13.03 s.
[20260601 22:23:31 @multi_agent_runner.py:94] Policy update, spending: 9.17 s.
[20260601 22:23:32 @multi_agent_runner.py:99] Evaluation time: 1.44 s.
[20260601 22:23:32 @multi_agent_runner.py:105] Total time:      43.39 min
[20260601 22:23:32 @multi_agent_runner.py:120] Agent_0 gets eval reward: 214.65.
[20260601 22:23:32 @multi_agent_runner.py:121] Agent_0 gets win rate: 0.00.
[20260601 22:23:32 @multi_agent_runner.py:120] Agent_1 gets eval reward: 276.03.
[20260601 22:23:32 @multi_agent_runner.py:121] Agent_1 gets win rate: 0.00.
[20260601 22:23:32 @multi_agent_runner.py:79] #------------------------ Iteration 114 --------------------------#
[20260601 22:23:45 @multi_agent_runner.py:85] Sampling 50000 steps by 50 slaves, spending 12.59 s.
[20260601 22:23:54 @multi_agent_runner.py:94] Policy update, spending: 8.91 s.
[20260601 22:23:56 @multi_agent_runner.py:99] Evaluation time: 1.57 s.
[20260601 22:23:56 @multi_agent_runner.py:105] Total time:      43.78 min
[20260601 22:23:56 @multi_agent_runner.py:120] Agent_0 gets eval reward: 231.28.
[20260601 22:23:56 @multi_agent_runner.py:121] Agent_0 gets win rate: 0.00.
[20260601 22:23:56 @multi_agent_runner.py:120] Agent_1 gets eval reward: 237.60.
[20260601 22:23:56 @multi_agent_runner.py:121] Agent_1 gets win rate: 0.00.
[20260601 22:23:56 @multi_agent_runner.py:79] #------------------------ Iteration 115 --------------------------#
[20260601 22:24:09 @multi_agent_runner.py:85] Sampling 50000 steps by 50 slaves, spending 12.94 s.
[20260601 22:24:18 @multi_agent_runner.py:94] Policy update, spending: 9.21 s.
[20260601 22:24:19 @multi_agent_runner.py:99] Evaluation time: 1.55 s.
[20260601 22:24:19 @multi_agent_runner.py:105] Total time:      44.17 min
[20260601 22:24:19 @multi_agent_runner.py:120] Agent_0 gets eval reward: 140.26.
[20260601 22:24:19 @multi_agent_runner.py:121] Agent_0 gets win rate: 0.00.
[20260601 22:24:19 @multi_agent_runner.py:120] Agent_1 gets eval reward: 145.23.
[20260601 22:24:19 @multi_agent_runner.py:121] Agent_1 gets win rate: 0.00.
[20260601 22:24:20 @multi_agent_runner.py:79] #------------------------ Iteration 116 --------------------------#
[20260601 22:24:33 @multi_agent_runner.py:85] Sampling 50000 steps by 50 slaves, spending 13.26 s.
[20260601 22:24:42 @multi_agent_runner.py:94] Policy update, spending: 9.24 s.
[20260601 22:24:44 @multi_agent_runner.py:99] Evaluation time: 1.58 s.
[20260601 22:24:44 @multi_agent_runner.py:105] Total time:      44.58 min
[20260601 22:24:44 @multi_agent_runner.py:120] Agent_0 gets eval reward: 200.13.
[20260601 22:24:44 @multi_agent_runner.py:121] Agent_0 gets win rate: 0.00.
[20260601 22:24:44 @multi_agent_runner.py:120] Agent_1 gets eval reward: 208.25.
[20260601 22:24:44 @multi_agent_runner.py:121] Agent_1 gets win rate: 0.00.
[20260601 22:24:44 @multi_agent_runner.py:79] #------------------------ Iteration 117 --------------------------#
[20260601 22:24:56 @multi_agent_runner.py:85] Sampling 50000 steps by 50 slaves, spending 12.34 s.
[20260601 22:25:05 @multi_agent_runner.py:94] Policy update, spending: 8.74 s.
[20260601 22:25:07 @multi_agent_runner.py:99] Evaluation time: 2.03 s.
[20260601 22:25:07 @multi_agent_runner.py:105] Total time:      44.97 min
[20260601 22:25:07 @multi_agent_runner.py:120] Agent_0 gets eval reward: 187.02.
[20260601 22:25:07 @multi_agent_runner.py:121] Agent_0 gets win rate: 0.00.
[20260601 22:25:07 @multi_agent_runner.py:120] Agent_1 gets eval reward: 194.36.
[20260601 22:25:07 @multi_agent_runner.py:121] Agent_1 gets win rate: 0.00.
[20260601 22:25:07 @multi_agent_runner.py:79] #------------------------ Iteration 118 --------------------------#
[20260601 22:25:20 @multi_agent_runner.py:85] Sampling 50000 steps by 50 slaves, spending 12.68 s.
[20260601 22:25:29 @multi_agent_runner.py:94] Policy update, spending: 8.89 s.
[20260601 22:25:30 @multi_agent_runner.py:99] Evaluation time: 1.85 s.
[20260601 22:25:30 @multi_agent_runner.py:105] Total time:      45.36 min
[20260601 22:25:30 @multi_agent_runner.py:120] Agent_0 gets eval reward: 211.89.
[20260601 22:25:30 @multi_agent_runner.py:121] Agent_0 gets win rate: 0.00.
[20260601 22:25:30 @multi_agent_runner.py:120] Agent_1 gets eval reward: 222.76.
[20260601 22:25:30 @multi_agent_runner.py:121] Agent_1 gets win rate: 0.00.
[20260601 22:25:31 @multi_agent_runner.py:79] #------------------------ Iteration 119 --------------------------#
[20260601 22:25:43 @multi_agent_runner.py:85] Sampling 50000 steps by 50 slaves, spending 12.29 s.
[20260601 22:25:52 @multi_agent_runner.py:94] Policy update, spending: 8.82 s.
[20260601 22:25:53 @multi_agent_runner.py:99] Evaluation time: 1.44 s.
[20260601 22:25:53 @multi_agent_runner.py:105] Total time:      45.74 min
[20260601 22:25:53 @multi_agent_runner.py:120] Agent_0 gets eval reward: 269.67.
[20260601 22:25:53 @multi_agent_runner.py:121] Agent_0 gets win rate: 0.00.
[20260601 22:25:53 @multi_agent_runner.py:120] Agent_1 gets eval reward: 278.65.
[20260601 22:25:53 @multi_agent_runner.py:121] Agent_1 gets win rate: 0.00.
[20260601 22:25:53 @multi_agent_runner.py:79] #------------------------ Iteration 120 --------------------------#
[20260601 22:26:06 @multi_agent_runner.py:85] Sampling 50000 steps by 50 slaves, spending 12.32 s.
[20260601 22:26:14 @multi_agent_runner.py:94] Policy update, spending: 8.77 s.
[20260601 22:26:16 @multi_agent_runner.py:99] Evaluation time: 1.73 s.
[20260601 22:26:16 @multi_agent_runner.py:105] Total time:      46.12 min
[20260601 22:26:16 @multi_agent_runner.py:120] Agent_0 gets eval reward: 212.89.
[20260601 22:26:16 @multi_agent_runner.py:121] Agent_0 gets win rate: 0.00.
[20260601 22:26:16 @multi_agent_runner.py:120] Agent_1 gets eval reward: 203.25.
[20260601 22:26:16 @multi_agent_runner.py:121] Agent_1 gets win rate: 0.00.
[20260601 22:26:16 @multi_agent_runner.py:79] #------------------------ Iteration 121 --------------------------#
[20260601 22:26:29 @multi_agent_runner.py:85] Sampling 50000 steps by 50 slaves, spending 12.41 s.
[20260601 22:26:38 @multi_agent_runner.py:94] Policy update, spending: 8.89 s.
[20260601 22:26:39 @multi_agent_runner.py:99] Evaluation time: 1.74 s.
[20260601 22:26:39 @multi_agent_runner.py:105] Total time:      46.51 min
[20260601 22:26:39 @multi_agent_runner.py:120] Agent_0 gets eval reward: 196.62.
[20260601 22:26:39 @multi_agent_runner.py:121] Agent_0 gets win rate: 0.00.
[20260601 22:26:39 @multi_agent_runner.py:120] Agent_1 gets eval reward: 183.58.
[20260601 22:26:39 @multi_agent_runner.py:121] Agent_1 gets win rate: 0.00.
[20260601 22:26:39 @multi_agent_runner.py:79] #------------------------ Iteration 122 --------------------------#
[20260601 22:26:52 @multi_agent_runner.py:85] Sampling 50000 steps by 50 slaves, spending 13.02 s.
[20260601 22:27:01 @multi_agent_runner.py:94] Policy update, spending: 8.85 s.
[20260601 22:27:03 @multi_agent_runner.py:99] Evaluation time: 1.42 s.
[20260601 22:27:03 @multi_agent_runner.py:105] Total time:      46.90 min
[20260601 22:27:03 @multi_agent_runner.py:120] Agent_0 gets eval reward: 248.98.
[20260601 22:27:03 @multi_agent_runner.py:121] Agent_0 gets win rate: 0.00.
[20260601 22:27:03 @multi_agent_runner.py:120] Agent_1 gets eval reward: 250.93.
[20260601 22:27:03 @multi_agent_runner.py:121] Agent_1 gets win rate: 0.00.
[20260601 22:27:03 @multi_agent_runner.py:79] #------------------------ Iteration 123 --------------------------#
[20260601 22:27:16 @multi_agent_runner.py:85] Sampling 50000 steps by 50 slaves, spending 12.87 s.
[20260601 22:27:25 @multi_agent_runner.py:94] Policy update, spending: 9.04 s.
[20260601 22:27:27 @multi_agent_runner.py:99] Evaluation time: 1.94 s.
[20260601 22:27:27 @multi_agent_runner.py:105] Total time:      47.30 min
[20260601 22:27:27 @multi_agent_runner.py:120] Agent_0 gets eval reward: 152.40.
[20260601 22:27:27 @multi_agent_runner.py:121] Agent_0 gets win rate: 0.00.
[20260601 22:27:27 @multi_agent_runner.py:120] Agent_1 gets eval reward: 129.20.
[20260601 22:27:27 @multi_agent_runner.py:121] Agent_1 gets win rate: 0.00.
[20260601 22:27:27 @multi_agent_runner.py:79] #------------------------ Iteration 124 --------------------------#
[20260601 22:27:40 @multi_agent_runner.py:85] Sampling 50000 steps by 50 slaves, spending 12.75 s.
[20260601 22:27:49 @multi_agent_runner.py:94] Policy update, spending: 9.38 s.
[20260601 22:27:50 @multi_agent_runner.py:99] Evaluation time: 1.54 s.
[20260601 22:27:50 @multi_agent_runner.py:105] Total time:      47.69 min
[20260601 22:27:51 @multi_agent_runner.py:120] Agent_0 gets eval reward: 186.21.
[20260601 22:27:51 @multi_agent_runner.py:121] Agent_0 gets win rate: 0.00.
[20260601 22:27:51 @multi_agent_runner.py:120] Agent_1 gets eval reward: 223.05.
[20260601 22:27:51 @multi_agent_runner.py:121] Agent_1 gets win rate: 0.00.
[20260601 22:27:51 @multi_agent_runner.py:79] #------------------------ Iteration 125 --------------------------#
[20260601 22:28:03 @multi_agent_runner.py:85] Sampling 50000 steps by 50 slaves, spending 12.51 s.
[20260601 22:28:12 @multi_agent_runner.py:94] Policy update, spending: 9.03 s.
[20260601 22:28:14 @multi_agent_runner.py:99] Evaluation time: 1.84 s.
[20260601 22:28:14 @multi_agent_runner.py:105] Total time:      48.09 min
[20260601 22:28:14 @multi_agent_runner.py:120] Agent_0 gets eval reward: 140.81.
[20260601 22:28:14 @multi_agent_runner.py:121] Agent_0 gets win rate: 0.00.
[20260601 22:28:14 @multi_agent_runner.py:120] Agent_1 gets eval reward: 134.67.
[20260601 22:28:14 @multi_agent_runner.py:121] Agent_1 gets win rate: 0.00.
[20260601 22:28:14 @multi_agent_runner.py:79] #------------------------ Iteration 126 --------------------------#
[20260601 22:28:27 @multi_agent_runner.py:85] Sampling 50000 steps by 50 slaves, spending 13.00 s.
[20260601 22:28:37 @multi_agent_runner.py:94] Policy update, spending: 9.49 s.
[20260601 22:28:38 @multi_agent_runner.py:99] Evaluation time: 1.63 s.
[20260601 22:28:38 @multi_agent_runner.py:105] Total time:      48.49 min
[20260601 22:28:38 @multi_agent_runner.py:120] Agent_0 gets eval reward: 110.55.
[20260601 22:28:38 @multi_agent_runner.py:121] Agent_0 gets win rate: 0.00.
[20260601 22:28:38 @multi_agent_runner.py:120] Agent_1 gets eval reward: 117.38.
[20260601 22:28:38 @multi_agent_runner.py:121] Agent_1 gets win rate: 0.00.
[20260601 22:28:38 @multi_agent_runner.py:79] #------------------------ Iteration 127 --------------------------#
[20260601 22:28:51 @multi_agent_runner.py:85] Sampling 50000 steps by 50 slaves, spending 12.78 s.
[20260601 22:29:00 @multi_agent_runner.py:94] Policy update, spending: 9.13 s.
[20260601 22:29:02 @multi_agent_runner.py:99] Evaluation time: 1.92 s.
[20260601 22:29:02 @multi_agent_runner.py:105] Total time:      48.89 min
[20260601 22:29:02 @multi_agent_runner.py:120] Agent_0 gets eval reward: 207.24.
[20260601 22:29:02 @multi_agent_runner.py:121] Agent_0 gets win rate: 0.00.
[20260601 22:29:02 @multi_agent_runner.py:120] Agent_1 gets eval reward: 196.78.
[20260601 22:29:02 @multi_agent_runner.py:121] Agent_1 gets win rate: 0.00.
[20260601 22:29:02 @multi_agent_runner.py:79] #------------------------ Iteration 128 --------------------------#
[20260601 22:29:15 @multi_agent_runner.py:85] Sampling 50000 steps by 50 slaves, spending 12.79 s.
[20260601 22:29:24 @multi_agent_runner.py:94] Policy update, spending: 9.07 s.
[20260601 22:29:26 @multi_agent_runner.py:99] Evaluation time: 1.53 s.
[20260601 22:29:26 @multi_agent_runner.py:105] Total time:      49.28 min
[20260601 22:29:26 @multi_agent_runner.py:120] Agent_0 gets eval reward: 174.84.
[20260601 22:29:26 @multi_agent_runner.py:121] Agent_0 gets win rate: 0.00.
[20260601 22:29:26 @multi_agent_runner.py:120] Agent_1 gets eval reward: 173.38.
[20260601 22:29:26 @multi_agent_runner.py:121] Agent_1 gets win rate: 0.00.
[20260601 22:29:26 @multi_agent_runner.py:79] #------------------------ Iteration 129 --------------------------#
[20260601 22:29:39 @multi_agent_runner.py:85] Sampling 50000 steps by 50 slaves, spending 12.62 s.
[20260601 22:29:47 @multi_agent_runner.py:94] Policy update, spending: 8.92 s.
[20260601 22:29:49 @multi_agent_runner.py:99] Evaluation time: 2.00 s.
[20260601 22:29:49 @multi_agent_runner.py:105] Total time:      49.68 min
[20260601 22:29:50 @multi_agent_runner.py:120] Agent_0 gets eval reward: 130.36.
[20260601 22:29:50 @multi_agent_runner.py:121] Agent_0 gets win rate: 0.00.
[20260601 22:29:50 @multi_agent_runner.py:120] Agent_1 gets eval reward: 150.79.
[20260601 22:29:50 @multi_agent_runner.py:121] Agent_1 gets win rate: 0.00.
[20260601 22:29:50 @multi_agent_runner.py:79] #------------------------ Iteration 130 --------------------------#
[20260601 22:30:02 @multi_agent_runner.py:85] Sampling 50000 steps by 50 slaves, spending 12.20 s.
[20260601 22:30:11 @multi_agent_runner.py:94] Policy update, spending: 8.89 s.
[20260601 22:30:12 @multi_agent_runner.py:99] Evaluation time: 1.56 s.
[20260601 22:30:12 @multi_agent_runner.py:105] Total time:      50.06 min
[20260601 22:30:12 @multi_agent_runner.py:120] Agent_0 gets eval reward: 190.04.
[20260601 22:30:12 @multi_agent_runner.py:121] Agent_0 gets win rate: 0.00.
[20260601 22:30:12 @multi_agent_runner.py:120] Agent_1 gets eval reward: 207.79.
[20260601 22:30:12 @multi_agent_runner.py:121] Agent_1 gets win rate: 0.00.
[20260601 22:30:12 @multi_agent_runner.py:79] #------------------------ Iteration 131 --------------------------#
[20260601 22:30:25 @multi_agent_runner.py:85] Sampling 50000 steps by 50 slaves, spending 12.53 s.
[20260601 22:30:34 @multi_agent_runner.py:94] Policy update, spending: 8.80 s.
[20260601 22:30:36 @multi_agent_runner.py:99] Evaluation time: 1.99 s.
[20260601 22:30:36 @multi_agent_runner.py:105] Total time:      50.45 min
[20260601 22:30:36 @multi_agent_runner.py:120] Agent_0 gets eval reward: 148.72.
[20260601 22:30:36 @multi_agent_runner.py:121] Agent_0 gets win rate: 0.00.
[20260601 22:30:36 @multi_agent_runner.py:120] Agent_1 gets eval reward: 149.68.
[20260601 22:30:36 @multi_agent_runner.py:121] Agent_1 gets win rate: 0.00.
[20260601 22:30:36 @multi_agent_runner.py:79] #------------------------ Iteration 132 --------------------------#
[20260601 22:30:48 @multi_agent_runner.py:85] Sampling 50000 steps by 50 slaves, spending 12.52 s.
[20260601 22:30:57 @multi_agent_runner.py:94] Policy update, spending: 9.00 s.
[20260601 22:30:59 @multi_agent_runner.py:99] Evaluation time: 1.80 s.
[20260601 22:30:59 @multi_agent_runner.py:105] Total time:      50.84 min
[20260601 22:30:59 @multi_agent_runner.py:120] Agent_0 gets eval reward: 160.44.
[20260601 22:30:59 @multi_agent_runner.py:121] Agent_0 gets win rate: 0.00.
[20260601 22:30:59 @multi_agent_runner.py:120] Agent_1 gets eval reward: 183.78.
[20260601 22:30:59 @multi_agent_runner.py:121] Agent_1 gets win rate: 0.00.
[20260601 22:30:59 @multi_agent_runner.py:79] #------------------------ Iteration 133 --------------------------#
[20260601 22:31:13 @multi_agent_runner.py:85] Sampling 50000 steps by 50 slaves, spending 13.20 s.
[20260601 22:31:22 @multi_agent_runner.py:94] Policy update, spending: 9.15 s.
[20260601 22:31:24 @multi_agent_runner.py:99] Evaluation time: 2.00 s.
[20260601 22:31:24 @multi_agent_runner.py:105] Total time:      51.25 min
[20260601 22:31:24 @multi_agent_runner.py:120] Agent_0 gets eval reward: 209.41.
[20260601 22:31:24 @multi_agent_runner.py:121] Agent_0 gets win rate: 0.00.
[20260601 22:31:24 @multi_agent_runner.py:120] Agent_1 gets eval reward: 196.41.
[20260601 22:31:24 @multi_agent_runner.py:121] Agent_1 gets win rate: 0.00.
[20260601 22:31:24 @multi_agent_runner.py:79] #------------------------ Iteration 134 --------------------------#
[20260601 22:31:37 @multi_agent_runner.py:85] Sampling 50000 steps by 50 slaves, spending 12.94 s.
[20260601 22:31:46 @multi_agent_runner.py:94] Policy update, spending: 8.82 s.
[20260601 22:31:47 @multi_agent_runner.py:99] Evaluation time: 1.75 s.
[20260601 22:31:47 @multi_agent_runner.py:105] Total time:      51.64 min
[20260601 22:31:47 @multi_agent_runner.py:120] Agent_0 gets eval reward: 172.81.
[20260601 22:31:47 @multi_agent_runner.py:121] Agent_0 gets win rate: 0.00.
[20260601 22:31:47 @multi_agent_runner.py:120] Agent_1 gets eval reward: 150.20.
[20260601 22:31:47 @multi_agent_runner.py:121] Agent_1 gets win rate: 0.00.
[20260601 22:31:47 @multi_agent_runner.py:79] #------------------------ Iteration 135 --------------------------#
[20260601 22:32:00 @multi_agent_runner.py:85] Sampling 50000 steps by 50 slaves, spending 13.01 s.
[20260601 22:32:10 @multi_agent_runner.py:94] Policy update, spending: 9.12 s.
[20260601 22:32:11 @multi_agent_runner.py:99] Evaluation time: 1.69 s.
[20260601 22:32:11 @multi_agent_runner.py:105] Total time:      52.04 min
[20260601 22:32:11 @multi_agent_runner.py:120] Agent_0 gets eval reward: 168.59.
[20260601 22:32:11 @multi_agent_runner.py:121] Agent_0 gets win rate: 0.00.
[20260601 22:32:11 @multi_agent_runner.py:120] Agent_1 gets eval reward: 191.58.
[20260601 22:32:11 @multi_agent_runner.py:121] Agent_1 gets win rate: 0.00.
[20260601 22:32:11 @multi_agent_runner.py:79] #------------------------ Iteration 136 --------------------------#
[20260601 22:32:24 @multi_agent_runner.py:85] Sampling 50000 steps by 50 slaves, spending 12.98 s.
[20260601 22:32:33 @multi_agent_runner.py:94] Policy update, spending: 8.91 s.
[20260601 22:32:35 @multi_agent_runner.py:99] Evaluation time: 1.65 s.
[20260601 22:32:35 @multi_agent_runner.py:105] Total time:      52.43 min
[20260601 22:32:35 @multi_agent_runner.py:120] Agent_0 gets eval reward: 197.31.
[20260601 22:32:35 @multi_agent_runner.py:121] Agent_0 gets win rate: 0.00.
[20260601 22:32:35 @multi_agent_runner.py:120] Agent_1 gets eval reward: 211.33.
[20260601 22:32:35 @multi_agent_runner.py:121] Agent_1 gets win rate: 0.00.
[20260601 22:32:35 @multi_agent_runner.py:79] #------------------------ Iteration 137 --------------------------#
[20260601 22:32:47 @multi_agent_runner.py:85] Sampling 50000 steps by 50 slaves, spending 12.33 s.
[20260601 22:32:56 @multi_agent_runner.py:94] Policy update, spending: 8.63 s.
[20260601 22:32:58 @multi_agent_runner.py:99] Evaluation time: 1.63 s.
[20260601 22:32:58 @multi_agent_runner.py:105] Total time:      52.81 min
[20260601 22:32:58 @multi_agent_runner.py:120] Agent_0 gets eval reward: 178.21.
[20260601 22:32:58 @multi_agent_runner.py:121] Agent_0 gets win rate: 0.00.
[20260601 22:32:58 @multi_agent_runner.py:120] Agent_1 gets eval reward: 188.01.
[20260601 22:32:58 @multi_agent_runner.py:121] Agent_1 gets win rate: 0.00.
[20260601 22:32:58 @multi_agent_runner.py:79] #------------------------ Iteration 138 --------------------------#
[20260601 22:33:10 @multi_agent_runner.py:85] Sampling 50000 steps by 50 slaves, spending 12.56 s.
[20260601 22:33:20 @multi_agent_runner.py:94] Policy update, spending: 9.20 s.
[20260601 22:33:21 @multi_agent_runner.py:99] Evaluation time: 1.60 s.
[20260601 22:33:21 @multi_agent_runner.py:105] Total time:      53.20 min
[20260601 22:33:21 @multi_agent_runner.py:120] Agent_0 gets eval reward: 109.47.
[20260601 22:33:21 @multi_agent_runner.py:121] Agent_0 gets win rate: 0.00.
[20260601 22:33:21 @multi_agent_runner.py:120] Agent_1 gets eval reward: 103.53.
[20260601 22:33:21 @multi_agent_runner.py:121] Agent_1 gets win rate: 0.00.
[20260601 22:33:21 @multi_agent_runner.py:79] #------------------------ Iteration 139 --------------------------#
[20260601 22:33:34 @multi_agent_runner.py:85] Sampling 50000 steps by 50 slaves, spending 12.45 s.
[20260601 22:33:43 @multi_agent_runner.py:94] Policy update, spending: 9.15 s.
[20260601 22:33:44 @multi_agent_runner.py:99] Evaluation time: 1.54 s.
[20260601 22:33:44 @multi_agent_runner.py:105] Total time:      53.59 min
[20260601 22:33:44 @multi_agent_runner.py:120] Agent_0 gets eval reward: 82.81.
[20260601 22:33:44 @multi_agent_runner.py:121] Agent_0 gets win rate: 0.00.
[20260601 22:33:44 @multi_agent_runner.py:120] Agent_1 gets eval reward: 93.75.
[20260601 22:33:44 @multi_agent_runner.py:121] Agent_1 gets win rate: 0.00.
[20260601 22:33:45 @multi_agent_runner.py:79] #------------------------ Iteration 140 --------------------------#
[20260601 22:33:58 @multi_agent_runner.py:85] Sampling 50000 steps by 50 slaves, spending 13.04 s.
[20260601 22:34:06 @multi_agent_runner.py:94] Policy update, spending: 8.73 s.
[20260601 22:34:08 @multi_agent_runner.py:99] Evaluation time: 1.61 s.
[20260601 22:34:08 @multi_agent_runner.py:105] Total time:      53.98 min
[20260601 22:34:08 @multi_agent_runner.py:120] Agent_0 gets eval reward: 120.96.
[20260601 22:34:08 @multi_agent_runner.py:121] Agent_0 gets win rate: 0.00.
[20260601 22:34:08 @multi_agent_runner.py:120] Agent_1 gets eval reward: 115.19.
[20260601 22:34:08 @multi_agent_runner.py:121] Agent_1 gets win rate: 0.00.
[20260601 22:34:08 @multi_agent_runner.py:79] #------------------------ Iteration 141 --------------------------#
[20260601 22:34:21 @multi_agent_runner.py:85] Sampling 50000 steps by 50 slaves, spending 13.03 s.
[20260601 22:34:30 @multi_agent_runner.py:94] Policy update, spending: 8.99 s.
[20260601 22:34:32 @multi_agent_runner.py:99] Evaluation time: 1.81 s.
[20260601 22:34:32 @multi_agent_runner.py:105] Total time:      54.38 min
[20260601 22:34:32 @multi_agent_runner.py:120] Agent_0 gets eval reward: 97.56.
[20260601 22:34:32 @multi_agent_runner.py:121] Agent_0 gets win rate: 0.00.
[20260601 22:34:32 @multi_agent_runner.py:120] Agent_1 gets eval reward: 94.36.
[20260601 22:34:32 @multi_agent_runner.py:121] Agent_1 gets win rate: 0.00.
[20260601 22:34:32 @multi_agent_runner.py:79] #------------------------ Iteration 142 --------------------------#
[20260601 22:34:45 @multi_agent_runner.py:85] Sampling 50000 steps by 50 slaves, spending 12.89 s.
[20260601 22:34:54 @multi_agent_runner.py:94] Policy update, spending: 9.36 s.
[20260601 22:34:56 @multi_agent_runner.py:99] Evaluation time: 1.68 s.
[20260601 22:34:56 @multi_agent_runner.py:105] Total time:      54.78 min
[20260601 22:34:56 @multi_agent_runner.py:120] Agent_0 gets eval reward: 142.35.
[20260601 22:34:56 @multi_agent_runner.py:121] Agent_0 gets win rate: 0.00.
[20260601 22:34:56 @multi_agent_runner.py:120] Agent_1 gets eval reward: 151.19.
[20260601 22:34:56 @multi_agent_runner.py:121] Agent_1 gets win rate: 0.00.
[20260601 22:34:56 @multi_agent_runner.py:79] #------------------------ Iteration 143 --------------------------#
[20260601 22:35:09 @multi_agent_runner.py:85] Sampling 50000 steps by 50 slaves, spending 13.00 s.
[20260601 22:35:18 @multi_agent_runner.py:94] Policy update, spending: 9.15 s.
[20260601 22:35:20 @multi_agent_runner.py:99] Evaluation time: 1.55 s.
[20260601 22:35:20 @multi_agent_runner.py:105] Total time:      55.18 min
[20260601 22:35:20 @multi_agent_runner.py:120] Agent_0 gets eval reward: 94.91.
[20260601 22:35:20 @multi_agent_runner.py:121] Agent_0 gets win rate: 0.00.
[20260601 22:35:20 @multi_agent_runner.py:120] Agent_1 gets eval reward: 95.11.
[20260601 22:35:20 @multi_agent_runner.py:121] Agent_1 gets win rate: 0.00.
[20260601 22:35:20 @multi_agent_runner.py:79] #------------------------ Iteration 144 --------------------------#
[20260601 22:35:33 @multi_agent_runner.py:85] Sampling 50000 steps by 50 slaves, spending 13.09 s.
[20260601 22:35:42 @multi_agent_runner.py:94] Policy update, spending: 9.12 s.
[20260601 22:35:44 @multi_agent_runner.py:99] Evaluation time: 2.02 s.
[20260601 22:35:44 @multi_agent_runner.py:105] Total time:      55.59 min
[20260601 22:35:44 @multi_agent_runner.py:120] Agent_0 gets eval reward: 122.67.
[20260601 22:35:44 @multi_agent_runner.py:121] Agent_0 gets win rate: 0.00.
[20260601 22:35:44 @multi_agent_runner.py:120] Agent_1 gets eval reward: 134.95.
[20260601 22:35:44 @multi_agent_runner.py:121] Agent_1 gets win rate: 0.00.
[20260601 22:35:44 @multi_agent_runner.py:79] #------------------------ Iteration 145 --------------------------#
[20260601 22:35:58 @multi_agent_runner.py:85] Sampling 50000 steps by 50 slaves, spending 13.46 s.
[20260601 22:36:07 @multi_agent_runner.py:94] Policy update, spending: 9.07 s.
[20260601 22:36:09 @multi_agent_runner.py:99] Evaluation time: 1.76 s.
[20260601 22:36:09 @multi_agent_runner.py:105] Total time:      56.00 min
[20260601 22:36:09 @multi_agent_runner.py:120] Agent_0 gets eval reward: 108.71.
[20260601 22:36:09 @multi_agent_runner.py:121] Agent_0 gets win rate: 0.00.
[20260601 22:36:09 @multi_agent_runner.py:120] Agent_1 gets eval reward: 118.45.
[20260601 22:36:09 @multi_agent_runner.py:121] Agent_1 gets win rate: 0.00.
[20260601 22:36:09 @multi_agent_runner.py:79] #------------------------ Iteration 146 --------------------------#
[20260601 22:36:21 @multi_agent_runner.py:85] Sampling 50000 steps by 50 slaves, spending 12.45 s.
[20260601 22:36:30 @multi_agent_runner.py:94] Policy update, spending: 8.86 s.
[20260601 22:36:32 @multi_agent_runner.py:99] Evaluation time: 2.12 s.
[20260601 22:36:32 @multi_agent_runner.py:105] Total time:      56.39 min
[20260601 22:36:32 @multi_agent_runner.py:120] Agent_0 gets eval reward: 107.49.
[20260601 22:36:32 @multi_agent_runner.py:121] Agent_0 gets win rate: 0.00.
[20260601 22:36:32 @multi_agent_runner.py:120] Agent_1 gets eval reward: 119.97.
[20260601 22:36:32 @multi_agent_runner.py:121] Agent_1 gets win rate: 0.00.
[20260601 22:36:32 @multi_agent_runner.py:79] #------------------------ Iteration 147 --------------------------#
[20260601 22:36:45 @multi_agent_runner.py:85] Sampling 50000 steps by 50 slaves, spending 13.01 s.
[20260601 22:36:54 @multi_agent_runner.py:94] Policy update, spending: 9.07 s.
[20260601 22:36:57 @multi_agent_runner.py:99] Evaluation time: 2.16 s.
[20260601 22:36:57 @multi_agent_runner.py:105] Total time:      56.79 min
[20260601 22:36:57 @multi_agent_runner.py:120] Agent_0 gets eval reward: 87.75.
[20260601 22:36:57 @multi_agent_runner.py:121] Agent_0 gets win rate: 0.00.
[20260601 22:36:57 @multi_agent_runner.py:120] Agent_1 gets eval reward: 89.70.
[20260601 22:36:57 @multi_agent_runner.py:121] Agent_1 gets win rate: 0.00.
[20260601 22:36:57 @multi_agent_runner.py:79] #------------------------ Iteration 148 --------------------------#
[20260601 22:37:10 @multi_agent_runner.py:85] Sampling 50000 steps by 50 slaves, spending 12.95 s.
[20260601 22:37:19 @multi_agent_runner.py:94] Policy update, spending: 9.24 s.
[20260601 22:37:21 @multi_agent_runner.py:99] Evaluation time: 1.84 s.
[20260601 22:37:21 @multi_agent_runner.py:105] Total time:      57.20 min
[20260601 22:37:21 @multi_agent_runner.py:120] Agent_0 gets eval reward: 124.48.
[20260601 22:37:21 @multi_agent_runner.py:121] Agent_0 gets win rate: 0.00.
[20260601 22:37:21 @multi_agent_runner.py:120] Agent_1 gets eval reward: 114.04.
[20260601 22:37:21 @multi_agent_runner.py:121] Agent_1 gets win rate: 0.00.
[20260601 22:37:21 @multi_agent_runner.py:79] #------------------------ Iteration 149 --------------------------#
[20260601 22:37:34 @multi_agent_runner.py:85] Sampling 50000 steps by 50 slaves, spending 12.98 s.
[20260601 22:37:43 @multi_agent_runner.py:94] Policy update, spending: 9.28 s.
[20260601 22:37:45 @multi_agent_runner.py:99] Evaluation time: 1.57 s.
[20260601 22:37:45 @multi_agent_runner.py:105] Total time:      57.60 min
[20260601 22:37:45 @multi_agent_runner.py:120] Agent_0 gets eval reward: 130.20.
[20260601 22:37:45 @multi_agent_runner.py:121] Agent_0 gets win rate: 0.00.
[20260601 22:37:45 @multi_agent_runner.py:120] Agent_1 gets eval reward: 129.10.
[20260601 22:37:45 @multi_agent_runner.py:121] Agent_1 gets win rate: 0.00.
[20260601 22:37:45 @multi_agent_runner.py:79] #------------------------ Iteration 150 --------------------------#
[20260601 22:37:58 @multi_agent_runner.py:85] Sampling 50000 steps by 50 slaves, spending 13.02 s.
[20260601 22:38:07 @multi_agent_runner.py:94] Policy update, spending: 9.24 s.
[20260601 22:38:09 @multi_agent_runner.py:99] Evaluation time: 1.53 s.
[20260601 22:38:09 @multi_agent_runner.py:105] Total time:      58.00 min
[20260601 22:38:09 @multi_agent_runner.py:120] Agent_0 gets eval reward: 68.98.
[20260601 22:38:09 @multi_agent_runner.py:121] Agent_0 gets win rate: 0.00.
[20260601 22:38:09 @multi_agent_runner.py:120] Agent_1 gets eval reward: 77.65.
[20260601 22:38:09 @multi_agent_runner.py:121] Agent_1 gets win rate: 0.00.
[20260601 22:38:09 @multi_agent_runner.py:79] #------------------------ Iteration 151 --------------------------#
[20260601 22:38:22 @multi_agent_runner.py:85] Sampling 50000 steps by 50 slaves, spending 12.74 s.
[20260601 22:38:31 @multi_agent_runner.py:94] Policy update, spending: 9.28 s.
[20260601 22:38:33 @multi_agent_runner.py:99] Evaluation time: 2.05 s.
[20260601 22:38:33 @multi_agent_runner.py:105] Total time:      58.40 min
[20260601 22:38:33 @multi_agent_runner.py:120] Agent_0 gets eval reward: 98.01.
[20260601 22:38:33 @multi_agent_runner.py:121] Agent_0 gets win rate: 0.00.
[20260601 22:38:33 @multi_agent_runner.py:120] Agent_1 gets eval reward: 101.35.
[20260601 22:38:33 @multi_agent_runner.py:121] Agent_1 gets win rate: 0.00.
[20260601 22:38:33 @multi_agent_runner.py:79] #------------------------ Iteration 152 --------------------------#
[20260601 22:38:46 @multi_agent_runner.py:85] Sampling 50000 steps by 50 slaves, spending 12.71 s.
[20260601 22:38:55 @multi_agent_runner.py:94] Policy update, spending: 9.31 s.
[20260601 22:38:57 @multi_agent_runner.py:99] Evaluation time: 1.55 s.
[20260601 22:38:57 @multi_agent_runner.py:105] Total time:      58.80 min
[20260601 22:38:57 @multi_agent_runner.py:120] Agent_0 gets eval reward: 67.41.
[20260601 22:38:57 @multi_agent_runner.py:121] Agent_0 gets win rate: 0.00.
[20260601 22:38:57 @multi_agent_runner.py:120] Agent_1 gets eval reward: 83.88.
[20260601 22:38:57 @multi_agent_runner.py:121] Agent_1 gets win rate: 0.00.
[20260601 22:38:57 @multi_agent_runner.py:79] #------------------------ Iteration 153 --------------------------#
[20260601 22:39:09 @multi_agent_runner.py:85] Sampling 50000 steps by 50 slaves, spending 12.59 s.
[20260601 22:39:18 @multi_agent_runner.py:94] Policy update, spending: 9.10 s.
[20260601 22:39:20 @multi_agent_runner.py:99] Evaluation time: 1.62 s.
[20260601 22:39:20 @multi_agent_runner.py:105] Total time:      59.19 min
[20260601 22:39:20 @multi_agent_runner.py:120] Agent_0 gets eval reward: 79.16.
[20260601 22:39:20 @multi_agent_runner.py:121] Agent_0 gets win rate: 0.00.
[20260601 22:39:20 @multi_agent_runner.py:120] Agent_1 gets eval reward: 92.59.
[20260601 22:39:20 @multi_agent_runner.py:121] Agent_1 gets win rate: 0.00.
[20260601 22:39:20 @multi_agent_runner.py:79] #------------------------ Iteration 154 --------------------------#
[20260601 22:39:33 @multi_agent_runner.py:85] Sampling 50000 steps by 50 slaves, spending 13.17 s.
[20260601 22:39:43 @multi_agent_runner.py:94] Policy update, spending: 9.21 s.
[20260601 22:39:44 @multi_agent_runner.py:99] Evaluation time: 1.42 s.
[20260601 22:39:44 @multi_agent_runner.py:105] Total time:      59.58 min
[20260601 22:39:44 @multi_agent_runner.py:120] Agent_0 gets eval reward: 117.76.
[20260601 22:39:44 @multi_agent_runner.py:121] Agent_0 gets win rate: 0.00.
[20260601 22:39:44 @multi_agent_runner.py:120] Agent_1 gets eval reward: 131.32.
[20260601 22:39:44 @multi_agent_runner.py:121] Agent_1 gets win rate: 0.00.
[20260601 22:39:44 @multi_agent_runner.py:79] #------------------------ Iteration 155 --------------------------#
[20260601 22:39:57 @multi_agent_runner.py:85] Sampling 50000 steps by 50 slaves, spending 12.89 s.
[20260601 22:40:06 @multi_agent_runner.py:94] Policy update, spending: 9.11 s.
[20260601 22:40:08 @multi_agent_runner.py:99] Evaluation time: 2.11 s.
[20260601 22:40:08 @multi_agent_runner.py:105] Total time:      59.99 min
[20260601 22:40:08 @multi_agent_runner.py:120] Agent_0 gets eval reward: 84.89.
[20260601 22:40:08 @multi_agent_runner.py:121] Agent_0 gets win rate: 0.00.
[20260601 22:40:08 @multi_agent_runner.py:120] Agent_1 gets eval reward: 102.36.
[20260601 22:40:08 @multi_agent_runner.py:121] Agent_1 gets win rate: 0.00.
[20260601 22:40:08 @multi_agent_runner.py:79] #------------------------ Iteration 156 --------------------------#
[20260601 22:40:21 @multi_agent_runner.py:85] Sampling 50000 steps by 50 slaves, spending 13.00 s.
[20260601 22:40:31 @multi_agent_runner.py:94] Policy update, spending: 9.18 s.
[20260601 22:40:32 @multi_agent_runner.py:99] Evaluation time: 1.43 s.
[20260601 22:40:32 @multi_agent_runner.py:105] Total time:      60.39 min
[20260601 22:40:32 @multi_agent_runner.py:120] Agent_0 gets eval reward: 95.46.
[20260601 22:40:32 @multi_agent_runner.py:121] Agent_0 gets win rate: 0.00.
[20260601 22:40:32 @multi_agent_runner.py:120] Agent_1 gets eval reward: 75.19.
[20260601 22:40:32 @multi_agent_runner.py:121] Agent_1 gets win rate: 0.00.
[20260601 22:40:32 @multi_agent_runner.py:79] #------------------------ Iteration 157 --------------------------#
[20260601 22:40:45 @multi_agent_runner.py:85] Sampling 50000 steps by 50 slaves, spending 12.88 s.
[20260601 22:40:55 @multi_agent_runner.py:94] Policy update, spending: 9.54 s.
[20260601 22:40:56 @multi_agent_runner.py:99] Evaluation time: 1.50 s.
[20260601 22:40:56 @multi_agent_runner.py:105] Total time:      60.79 min
[20260601 22:40:56 @multi_agent_runner.py:120] Agent_0 gets eval reward: 97.82.
[20260601 22:40:56 @multi_agent_runner.py:121] Agent_0 gets win rate: 0.00.
[20260601 22:40:56 @multi_agent_runner.py:120] Agent_1 gets eval reward: 96.55.
[20260601 22:40:56 @multi_agent_runner.py:121] Agent_1 gets win rate: 0.00.
[20260601 22:40:56 @multi_agent_runner.py:79] #------------------------ Iteration 158 --------------------------#
[20260601 22:41:09 @multi_agent_runner.py:85] Sampling 50000 steps by 50 slaves, spending 12.74 s.
[20260601 22:41:18 @multi_agent_runner.py:94] Policy update, spending: 9.32 s.
[20260601 22:41:20 @multi_agent_runner.py:99] Evaluation time: 1.44 s.
[20260601 22:41:20 @multi_agent_runner.py:105] Total time:      61.18 min
[20260601 22:41:20 @multi_agent_runner.py:120] Agent_0 gets eval reward: 78.38.
[20260601 22:41:20 @multi_agent_runner.py:121] Agent_0 gets win rate: 0.00.
[20260601 22:41:20 @multi_agent_runner.py:120] Agent_1 gets eval reward: 63.74.
[20260601 22:41:20 @multi_agent_runner.py:121] Agent_1 gets win rate: 0.00.
[20260601 22:41:20 @multi_agent_runner.py:79] #------------------------ Iteration 159 --------------------------#
[20260601 22:41:33 @multi_agent_runner.py:85] Sampling 50000 steps by 50 slaves, spending 12.96 s.
[20260601 22:41:42 @multi_agent_runner.py:94] Policy update, spending: 9.49 s.
[20260601 22:41:44 @multi_agent_runner.py:99] Evaluation time: 1.62 s.
[20260601 22:41:44 @multi_agent_runner.py:105] Total time:      61.58 min
[20260601 22:41:44 @multi_agent_runner.py:120] Agent_0 gets eval reward: 86.39.
[20260601 22:41:44 @multi_agent_runner.py:121] Agent_0 gets win rate: 0.00.
[20260601 22:41:44 @multi_agent_runner.py:120] Agent_1 gets eval reward: 88.49.
[20260601 22:41:44 @multi_agent_runner.py:121] Agent_1 gets win rate: 0.00.
[20260601 22:41:44 @multi_agent_runner.py:79] #------------------------ Iteration 160 --------------------------#
[20260601 22:41:57 @multi_agent_runner.py:85] Sampling 50000 steps by 50 slaves, spending 13.35 s.
[20260601 22:42:07 @multi_agent_runner.py:94] Policy update, spending: 9.54 s.
[20260601 22:42:09 @multi_agent_runner.py:99] Evaluation time: 1.50 s.
[20260601 22:42:09 @multi_agent_runner.py:105] Total time:      61.99 min
[20260601 22:42:09 @multi_agent_runner.py:120] Agent_0 gets eval reward: 121.45.
[20260601 22:42:09 @multi_agent_runner.py:121] Agent_0 gets win rate: 0.00.
[20260601 22:42:09 @multi_agent_runner.py:120] Agent_1 gets eval reward: 129.50.
[20260601 22:42:09 @multi_agent_runner.py:121] Agent_1 gets win rate: 0.00.
[20260601 22:42:09 @multi_agent_runner.py:79] #------------------------ Iteration 161 --------------------------#
[20260601 22:42:21 @multi_agent_runner.py:85] Sampling 50000 steps by 50 slaves, spending 12.45 s.
[20260601 22:42:30 @multi_agent_runner.py:94] Policy update, spending: 9.35 s.
[20260601 22:42:32 @multi_agent_runner.py:99] Evaluation time: 1.93 s.
[20260601 22:42:32 @multi_agent_runner.py:105] Total time:      62.39 min
[20260601 22:42:32 @multi_agent_runner.py:120] Agent_0 gets eval reward: 243.49.
[20260601 22:42:32 @multi_agent_runner.py:121] Agent_0 gets win rate: 0.20.
[20260601 22:42:32 @multi_agent_runner.py:120] Agent_1 gets eval reward: -78.38.
[20260601 22:42:32 @multi_agent_runner.py:121] Agent_1 gets win rate: 0.00.
[20260601 22:42:32 @multi_agent_runner.py:462] CRITICAL save best checkpoint with agent_0's rewards 243.49!
[20260601 22:42:33 @multi_agent_runner.py:79] #------------------------ Iteration 162 --------------------------#
[20260601 22:42:45 @multi_agent_runner.py:85] Sampling 50000 steps by 50 slaves, spending 12.59 s.
[20260601 22:42:54 @multi_agent_runner.py:94] Policy update, spending: 9.14 s.
[20260601 22:42:56 @multi_agent_runner.py:99] Evaluation time: 1.95 s.
[20260601 22:42:56 @multi_agent_runner.py:105] Total time:      62.79 min
[20260601 22:42:56 @multi_agent_runner.py:120] Agent_0 gets eval reward: 59.73.
[20260601 22:42:56 @multi_agent_runner.py:121] Agent_0 gets win rate: 0.00.
[20260601 22:42:56 @multi_agent_runner.py:120] Agent_1 gets eval reward: 68.69.
[20260601 22:42:56 @multi_agent_runner.py:121] Agent_1 gets win rate: 0.00.
[20260601 22:42:56 @multi_agent_runner.py:79] #------------------------ Iteration 163 --------------------------#
[20260601 22:43:09 @multi_agent_runner.py:85] Sampling 50000 steps by 50 slaves, spending 12.94 s.
[20260601 22:43:18 @multi_agent_runner.py:94] Policy update, spending: 9.10 s.
[20260601 22:43:20 @multi_agent_runner.py:99] Evaluation time: 1.87 s.
[20260601 22:43:20 @multi_agent_runner.py:105] Total time:      63.19 min
[20260601 22:43:20 @multi_agent_runner.py:120] Agent_0 gets eval reward: 65.02.
[20260601 22:43:20 @multi_agent_runner.py:121] Agent_0 gets win rate: 0.00.
[20260601 22:43:20 @multi_agent_runner.py:120] Agent_1 gets eval reward: 73.29.
[20260601 22:43:20 @multi_agent_runner.py:121] Agent_1 gets win rate: 0.00.
[20260601 22:43:20 @multi_agent_runner.py:79] #------------------------ Iteration 164 --------------------------#
[20260601 22:43:34 @multi_agent_runner.py:85] Sampling 50000 steps by 50 slaves, spending 13.34 s.
[20260601 22:43:43 @multi_agent_runner.py:94] Policy update, spending: 9.53 s.
[20260601 22:43:45 @multi_agent_runner.py:99] Evaluation time: 1.73 s.
[20260601 22:43:45 @multi_agent_runner.py:105] Total time:      63.60 min
[20260601 22:43:45 @multi_agent_runner.py:120] Agent_0 gets eval reward: 81.00.
[20260601 22:43:45 @multi_agent_runner.py:121] Agent_0 gets win rate: 0.00.
[20260601 22:43:45 @multi_agent_runner.py:120] Agent_1 gets eval reward: 75.32.
[20260601 22:43:45 @multi_agent_runner.py:121] Agent_1 gets win rate: 0.00.
[20260601 22:43:45 @multi_agent_runner.py:79] #------------------------ Iteration 165 --------------------------#
[20260601 22:43:58 @multi_agent_runner.py:85] Sampling 50000 steps by 50 slaves, spending 13.14 s.
[20260601 22:44:08 @multi_agent_runner.py:94] Policy update, spending: 9.47 s.
[20260601 22:44:09 @multi_agent_runner.py:99] Evaluation time: 1.54 s.
[20260601 22:44:09 @multi_agent_runner.py:105] Total time:      64.01 min
[20260601 22:44:09 @multi_agent_runner.py:120] Agent_0 gets eval reward: 112.76.
[20260601 22:44:09 @multi_agent_runner.py:121] Agent_0 gets win rate: 0.00.
[20260601 22:44:09 @multi_agent_runner.py:120] Agent_1 gets eval reward: 125.26.
[20260601 22:44:09 @multi_agent_runner.py:121] Agent_1 gets win rate: 0.00.
[20260601 22:44:09 @multi_agent_runner.py:79] #------------------------ Iteration 166 --------------------------#
[20260601 22:44:23 @multi_agent_runner.py:85] Sampling 50000 steps by 50 slaves, spending 13.23 s.
[20260601 22:44:32 @multi_agent_runner.py:94] Policy update, spending: 9.21 s.
[20260601 22:44:33 @multi_agent_runner.py:99] Evaluation time: 1.51 s.
[20260601 22:44:33 @multi_agent_runner.py:105] Total time:      64.41 min
[20260601 22:44:33 @multi_agent_runner.py:120] Agent_0 gets eval reward: 219.69.
[20260601 22:44:33 @multi_agent_runner.py:121] Agent_0 gets win rate: 0.20.
[20260601 22:44:33 @multi_agent_runner.py:120] Agent_1 gets eval reward: -101.24.
[20260601 22:44:33 @multi_agent_runner.py:121] Agent_1 gets win rate: 0.00.
[20260601 22:44:34 @multi_agent_runner.py:79] #------------------------ Iteration 167 --------------------------#
[20260601 22:44:47 @multi_agent_runner.py:85] Sampling 50000 steps by 50 slaves, spending 13.01 s.
[20260601 22:44:56 @multi_agent_runner.py:94] Policy update, spending: 9.41 s.
[20260601 22:44:58 @multi_agent_runner.py:99] Evaluation time: 1.51 s.
[20260601 22:44:58 @multi_agent_runner.py:105] Total time:      64.81 min
[20260601 22:44:58 @multi_agent_runner.py:120] Agent_0 gets eval reward: 41.76.
[20260601 22:44:58 @multi_agent_runner.py:121] Agent_0 gets win rate: 0.00.
[20260601 22:44:58 @multi_agent_runner.py:120] Agent_1 gets eval reward: 42.65.
[20260601 22:44:58 @multi_agent_runner.py:121] Agent_1 gets win rate: 0.00.
[20260601 22:44:58 @multi_agent_runner.py:79] #------------------------ Iteration 168 --------------------------#
[20260601 22:45:10 @multi_agent_runner.py:85] Sampling 50000 steps by 50 slaves, spending 12.67 s.
[20260601 22:45:19 @multi_agent_runner.py:94] Policy update, spending: 9.06 s.
[20260601 22:45:21 @multi_agent_runner.py:99] Evaluation time: 1.96 s.
[20260601 22:45:21 @multi_agent_runner.py:105] Total time:      65.21 min
[20260601 22:45:21 @multi_agent_runner.py:120] Agent_0 gets eval reward: 61.03.
[20260601 22:45:21 @multi_agent_runner.py:121] Agent_0 gets win rate: 0.00.
[20260601 22:45:21 @multi_agent_runner.py:120] Agent_1 gets eval reward: 52.81.
[20260601 22:45:21 @multi_agent_runner.py:121] Agent_1 gets win rate: 0.00.
[20260601 22:45:22 @multi_agent_runner.py:79] #------------------------ Iteration 169 --------------------------#
[20260601 22:45:34 @multi_agent_runner.py:85] Sampling 50000 steps by 50 slaves, spending 12.83 s.
[20260601 22:45:44 @multi_agent_runner.py:94] Policy update, spending: 9.41 s.
[20260601 22:45:46 @multi_agent_runner.py:99] Evaluation time: 1.83 s.
[20260601 22:45:46 @multi_agent_runner.py:105] Total time:      65.61 min
[20260601 22:45:46 @multi_agent_runner.py:120] Agent_0 gets eval reward: 63.32.
[20260601 22:45:46 @multi_agent_runner.py:121] Agent_0 gets win rate: 0.00.
[20260601 22:45:46 @multi_agent_runner.py:120] Agent_1 gets eval reward: 59.08.
[20260601 22:45:46 @multi_agent_runner.py:121] Agent_1 gets win rate: 0.00.
[20260601 22:45:46 @multi_agent_runner.py:79] #------------------------ Iteration 170 --------------------------#
[20260601 22:45:58 @multi_agent_runner.py:85] Sampling 50000 steps by 50 slaves, spending 12.46 s.
[20260601 22:46:07 @multi_agent_runner.py:94] Policy update, spending: 9.26 s.
[20260601 22:46:09 @multi_agent_runner.py:99] Evaluation time: 1.62 s.
[20260601 22:46:09 @multi_agent_runner.py:105] Total time:      66.00 min
[20260601 22:46:09 @multi_agent_runner.py:120] Agent_0 gets eval reward: 90.76.
[20260601 22:46:09 @multi_agent_runner.py:121] Agent_0 gets win rate: 0.00.
[20260601 22:46:09 @multi_agent_runner.py:120] Agent_1 gets eval reward: 82.37.
[20260601 22:46:09 @multi_agent_runner.py:121] Agent_1 gets win rate: 0.00.
[20260601 22:46:09 @multi_agent_runner.py:79] #------------------------ Iteration 171 --------------------------#
[20260601 22:46:22 @multi_agent_runner.py:85] Sampling 50000 steps by 50 slaves, spending 12.71 s.
[20260601 22:46:31 @multi_agent_runner.py:94] Policy update, spending: 9.47 s.
[20260601 22:46:33 @multi_agent_runner.py:99] Evaluation time: 1.72 s.
[20260601 22:46:33 @multi_agent_runner.py:105] Total time:      66.40 min
[20260601 22:46:33 @multi_agent_runner.py:120] Agent_0 gets eval reward: -491.17.
[20260601 22:46:33 @multi_agent_runner.py:121] Agent_0 gets win rate: 0.00.
[20260601 22:46:33 @multi_agent_runner.py:120] Agent_1 gets eval reward: 659.90.
[20260601 22:46:33 @multi_agent_runner.py:121] Agent_1 gets win rate: 0.67.
[20260601 22:46:33 @multi_agent_runner.py:462] CRITICAL save best checkpoint with agent_1's rewards 659.90!
[20260601 22:46:33 @multi_agent_runner.py:79] #------------------------ Iteration 172 --------------------------#
[20260601 22:46:46 @multi_agent_runner.py:85] Sampling 50000 steps by 50 slaves, spending 13.22 s.
[20260601 22:46:56 @multi_agent_runner.py:94] Policy update, spending: 9.57 s.
[20260601 22:46:57 @multi_agent_runner.py:99] Evaluation time: 1.40 s.
[20260601 22:46:57 @multi_agent_runner.py:105] Total time:      66.81 min
[20260601 22:46:57 @multi_agent_runner.py:120] Agent_0 gets eval reward: 52.04.
[20260601 22:46:57 @multi_agent_runner.py:121] Agent_0 gets win rate: 0.00.
[20260601 22:46:57 @multi_agent_runner.py:120] Agent_1 gets eval reward: 59.58.
[20260601 22:46:57 @multi_agent_runner.py:121] Agent_1 gets win rate: 0.00.
[20260601 22:46:58 @multi_agent_runner.py:79] #------------------------ Iteration 173 --------------------------#
[20260601 22:47:10 @multi_agent_runner.py:85] Sampling 50000 steps by 50 slaves, spending 12.61 s.
[20260601 22:47:19 @multi_agent_runner.py:94] Policy update, spending: 9.00 s.
[20260601 22:47:21 @multi_agent_runner.py:99] Evaluation time: 1.76 s.
[20260601 22:47:21 @multi_agent_runner.py:105] Total time:      67.20 min
[20260601 22:47:21 @multi_agent_runner.py:120] Agent_0 gets eval reward: -123.75.
[20260601 22:47:21 @multi_agent_runner.py:121] Agent_0 gets win rate: 0.00.
[20260601 22:47:21 @multi_agent_runner.py:120] Agent_1 gets eval reward: 226.07.
[20260601 22:47:21 @multi_agent_runner.py:121] Agent_1 gets win rate: 0.20.
[20260601 22:47:21 @multi_agent_runner.py:79] #------------------------ Iteration 174 --------------------------#
[20260601 22:47:34 @multi_agent_runner.py:85] Sampling 50000 steps by 50 slaves, spending 13.18 s.
[20260601 22:47:44 @multi_agent_runner.py:94] Policy update, spending: 9.63 s.
[20260601 22:47:45 @multi_agent_runner.py:99] Evaluation time: 1.38 s.
[20260601 22:47:45 @multi_agent_runner.py:105] Total time:      67.61 min
[20260601 22:47:45 @multi_agent_runner.py:120] Agent_0 gets eval reward: -237.02.
[20260601 22:47:45 @multi_agent_runner.py:121] Agent_0 gets win rate: 0.00.
[20260601 22:47:45 @multi_agent_runner.py:120] Agent_1 gets eval reward: 355.93.
[20260601 22:47:45 @multi_agent_runner.py:121] Agent_1 gets win rate: 0.33.
[20260601 22:47:45 @multi_agent_runner.py:79] #------------------------ Iteration 175 --------------------------#
[20260601 22:47:58 @multi_agent_runner.py:85] Sampling 50000 steps by 50 slaves, spending 12.61 s.
[20260601 22:48:07 @multi_agent_runner.py:94] Policy update, spending: 8.96 s.
[20260601 22:48:08 @multi_agent_runner.py:99] Evaluation time: 1.45 s.
[20260601 22:48:08 @multi_agent_runner.py:105] Total time:      67.99 min
[20260601 22:48:09 @multi_agent_runner.py:120] Agent_0 gets eval reward: -172.60.
[20260601 22:48:09 @multi_agent_runner.py:121] Agent_0 gets win rate: 0.00.
[20260601 22:48:09 @multi_agent_runner.py:120] Agent_1 gets eval reward: 275.85.
[20260601 22:48:09 @multi_agent_runner.py:121] Agent_1 gets win rate: 0.25.
[20260601 22:48:09 @multi_agent_runner.py:79] #------------------------ Iteration 176 --------------------------#
[20260601 22:48:22 @multi_agent_runner.py:85] Sampling 50000 steps by 50 slaves, spending 12.92 s.
[20260601 22:48:31 @multi_agent_runner.py:94] Policy update, spending: 9.42 s.
[20260601 22:48:32 @multi_agent_runner.py:99] Evaluation time: 1.38 s.
[20260601 22:48:32 @multi_agent_runner.py:105] Total time:      68.39 min
[20260601 22:48:32 @multi_agent_runner.py:120] Agent_0 gets eval reward: 350.26.
[20260601 22:48:32 @multi_agent_runner.py:121] Agent_0 gets win rate: 0.33.
[20260601 22:48:32 @multi_agent_runner.py:120] Agent_1 gets eval reward: -224.56.
[20260601 22:48:32 @multi_agent_runner.py:121] Agent_1 gets win rate: 0.00.
[20260601 22:48:32 @multi_agent_runner.py:462] CRITICAL save best checkpoint with agent_0's rewards 350.26!
[20260601 22:48:32 @multi_agent_runner.py:79] #------------------------ Iteration 177 --------------------------#
[20260601 22:48:45 @multi_agent_runner.py:85] Sampling 50000 steps by 50 slaves, spending 12.86 s.
[20260601 22:48:55 @multi_agent_runner.py:94] Policy update, spending: 9.46 s.
[20260601 22:48:57 @multi_agent_runner.py:99] Evaluation time: 1.80 s.
[20260601 22:48:57 @multi_agent_runner.py:105] Total time:      68.79 min
[20260601 22:48:57 @multi_agent_runner.py:120] Agent_0 gets eval reward: -130.22.
[20260601 22:48:57 @multi_agent_runner.py:121] Agent_0 gets win rate: 0.00.
[20260601 22:48:57 @multi_agent_runner.py:120] Agent_1 gets eval reward: 231.42.
[20260601 22:48:57 @multi_agent_runner.py:121] Agent_1 gets win rate: 0.20.
[20260601 22:48:57 @multi_agent_runner.py:79] #------------------------ Iteration 178 --------------------------#
[20260601 22:49:10 @multi_agent_runner.py:85] Sampling 50000 steps by 50 slaves, spending 12.84 s.
[20260601 22:49:19 @multi_agent_runner.py:94] Policy update, spending: 9.06 s.
[20260601 22:49:20 @multi_agent_runner.py:99] Evaluation time: 1.75 s.
[20260601 22:49:20 @multi_agent_runner.py:105] Total time:      69.19 min
[20260601 22:49:20 @multi_agent_runner.py:120] Agent_0 gets eval reward: 214.18.
[20260601 22:49:20 @multi_agent_runner.py:121] Agent_0 gets win rate: 0.20.
[20260601 22:49:20 @multi_agent_runner.py:120] Agent_1 gets eval reward: -138.36.
[20260601 22:49:20 @multi_agent_runner.py:121] Agent_1 gets win rate: 0.00.
[20260601 22:49:21 @multi_agent_runner.py:79] #------------------------ Iteration 179 --------------------------#
[20260601 22:49:34 @multi_agent_runner.py:85] Sampling 50000 steps by 50 slaves, spending 13.19 s.
[20260601 22:49:43 @multi_agent_runner.py:94] Policy update, spending: 9.53 s.
[20260601 22:49:45 @multi_agent_runner.py:99] Evaluation time: 1.57 s.
[20260601 22:49:45 @multi_agent_runner.py:105] Total time:      69.60 min
[20260601 22:49:45 @multi_agent_runner.py:120] Agent_0 gets eval reward: 32.09.
[20260601 22:49:45 @multi_agent_runner.py:121] Agent_0 gets win rate: 0.00.
[20260601 22:49:45 @multi_agent_runner.py:120] Agent_1 gets eval reward: 37.89.
[20260601 22:49:45 @multi_agent_runner.py:121] Agent_1 gets win rate: 0.00.
[20260601 22:49:45 @multi_agent_runner.py:79] #------------------------ Iteration 180 --------------------------#
[20260601 22:49:58 @multi_agent_runner.py:85] Sampling 50000 steps by 50 slaves, spending 12.52 s.
[20260601 22:50:07 @multi_agent_runner.py:94] Policy update, spending: 9.34 s.
[20260601 22:50:08 @multi_agent_runner.py:99] Evaluation time: 1.35 s.
[20260601 22:50:08 @multi_agent_runner.py:105] Total time:      69.99 min
[20260601 22:50:08 @multi_agent_runner.py:120] Agent_0 gets eval reward: -184.42.
[20260601 22:50:08 @multi_agent_runner.py:121] Agent_0 gets win rate: 0.00.
[20260601 22:50:08 @multi_agent_runner.py:120] Agent_1 gets eval reward: 275.76.
[20260601 22:50:08 @multi_agent_runner.py:121] Agent_1 gets win rate: 0.25.
[20260601 22:50:08 @multi_agent_runner.py:79] #------------------------ Iteration 181 --------------------------#
[20260601 22:50:21 @multi_agent_runner.py:85] Sampling 50000 steps by 50 slaves, spending 12.50 s.
[20260601 22:50:30 @multi_agent_runner.py:94] Policy update, spending: 9.53 s.
[20260601 22:50:32 @multi_agent_runner.py:99] Evaluation time: 1.47 s.
[20260601 22:50:32 @multi_agent_runner.py:105] Total time:      70.38 min
[20260601 22:50:32 @multi_agent_runner.py:120] Agent_0 gets eval reward: 27.99.
[20260601 22:50:32 @multi_agent_runner.py:121] Agent_0 gets win rate: 0.00.
[20260601 22:50:32 @multi_agent_runner.py:120] Agent_1 gets eval reward: 31.04.
[20260601 22:50:32 @multi_agent_runner.py:121] Agent_1 gets win rate: 0.00.
[20260601 22:50:32 @multi_agent_runner.py:79] #------------------------ Iteration 182 --------------------------#
[20260601 22:50:45 @multi_agent_runner.py:85] Sampling 50000 steps by 50 slaves, spending 12.87 s.
[20260601 22:50:54 @multi_agent_runner.py:94] Policy update, spending: 9.64 s.
[20260601 22:50:56 @multi_agent_runner.py:99] Evaluation time: 1.35 s.
[20260601 22:50:56 @multi_agent_runner.py:105] Total time:      70.78 min
[20260601 22:50:56 @multi_agent_runner.py:120] Agent_0 gets eval reward: -129.65.
[20260601 22:50:56 @multi_agent_runner.py:121] Agent_0 gets win rate: 0.00.
[20260601 22:50:56 @multi_agent_runner.py:120] Agent_1 gets eval reward: 177.01.
[20260601 22:50:56 @multi_agent_runner.py:121] Agent_1 gets win rate: 0.17.
[20260601 22:50:56 @multi_agent_runner.py:79] #------------------------ Iteration 183 --------------------------#
[20260601 22:51:08 @multi_agent_runner.py:85] Sampling 50000 steps by 50 slaves, spending 12.28 s.
[20260601 22:51:17 @multi_agent_runner.py:94] Policy update, spending: 9.17 s.
[20260601 22:51:20 @multi_agent_runner.py:99] Evaluation time: 2.22 s.
[20260601 22:51:20 @multi_agent_runner.py:105] Total time:      71.18 min
[20260601 22:51:20 @multi_agent_runner.py:120] Agent_0 gets eval reward: 217.12.
[20260601 22:51:20 @multi_agent_runner.py:121] Agent_0 gets win rate: 0.20.
[20260601 22:51:20 @multi_agent_runner.py:120] Agent_1 gets eval reward: -148.72.
[20260601 22:51:20 @multi_agent_runner.py:121] Agent_1 gets win rate: 0.00.
[20260601 22:51:20 @multi_agent_runner.py:79] #------------------------ Iteration 184 --------------------------#
[20260601 22:51:33 @multi_agent_runner.py:85] Sampling 50000 steps by 50 slaves, spending 12.92 s.
[20260601 22:51:42 @multi_agent_runner.py:94] Policy update, spending: 9.33 s.
[20260601 22:51:44 @multi_agent_runner.py:99] Evaluation time: 1.59 s.
[20260601 22:51:44 @multi_agent_runner.py:105] Total time:      71.58 min
[20260601 22:51:44 @multi_agent_runner.py:120] Agent_0 gets eval reward: 30.85.
[20260601 22:51:44 @multi_agent_runner.py:121] Agent_0 gets win rate: 0.00.
[20260601 22:51:44 @multi_agent_runner.py:120] Agent_1 gets eval reward: 25.45.
[20260601 22:51:44 @multi_agent_runner.py:121] Agent_1 gets win rate: 0.00.
[20260601 22:51:44 @multi_agent_runner.py:79] #------------------------ Iteration 185 --------------------------#
[20260601 22:51:56 @multi_agent_runner.py:85] Sampling 50000 steps by 50 slaves, spending 12.49 s.
[20260601 22:52:05 @multi_agent_runner.py:94] Policy update, spending: 9.02 s.
[20260601 22:52:07 @multi_agent_runner.py:99] Evaluation time: 1.94 s.
[20260601 22:52:07 @multi_agent_runner.py:105] Total time:      71.97 min
[20260601 22:52:07 @multi_agent_runner.py:120] Agent_0 gets eval reward: 20.94.
[20260601 22:52:07 @multi_agent_runner.py:121] Agent_0 gets win rate: 0.00.
[20260601 22:52:07 @multi_agent_runner.py:120] Agent_1 gets eval reward: 19.45.
[20260601 22:52:07 @multi_agent_runner.py:121] Agent_1 gets win rate: 0.00.
[20260601 22:52:07 @multi_agent_runner.py:79] #------------------------ Iteration 186 --------------------------#
[20260601 22:52:20 @multi_agent_runner.py:85] Sampling 50000 steps by 50 slaves, spending 12.73 s.
[20260601 22:52:29 @multi_agent_runner.py:94] Policy update, spending: 9.26 s.
[20260601 22:52:31 @multi_agent_runner.py:99] Evaluation time: 1.41 s.
[20260601 22:52:31 @multi_agent_runner.py:105] Total time:      72.36 min
[20260601 22:52:31 @multi_agent_runner.py:120] Agent_0 gets eval reward: 150.82.
[20260601 22:52:31 @multi_agent_runner.py:121] Agent_0 gets win rate: 0.14.
[20260601 22:52:31 @multi_agent_runner.py:120] Agent_1 gets eval reward: -118.44.
[20260601 22:52:31 @multi_agent_runner.py:121] Agent_1 gets win rate: 0.00.
[20260601 22:52:31 @multi_agent_runner.py:79] #------------------------ Iteration 187 --------------------------#
[20260601 22:52:44 @multi_agent_runner.py:85] Sampling 50000 steps by 50 slaves, spending 12.87 s.
[20260601 22:52:53 @multi_agent_runner.py:94] Policy update, spending: 9.56 s.
[20260601 22:52:55 @multi_agent_runner.py:99] Evaluation time: 1.42 s.
[20260601 22:52:55 @multi_agent_runner.py:105] Total time:      72.76 min
[20260601 22:52:55 @multi_agent_runner.py:120] Agent_0 gets eval reward: -170.15.
[20260601 22:52:55 @multi_agent_runner.py:121] Agent_0 gets win rate: 0.00.
[20260601 22:52:55 @multi_agent_runner.py:120] Agent_1 gets eval reward: 206.99.
[20260601 22:52:55 @multi_agent_runner.py:121] Agent_1 gets win rate: 0.20.
[20260601 22:52:55 @multi_agent_runner.py:79] #------------------------ Iteration 188 --------------------------#
[20260601 22:53:08 @multi_agent_runner.py:85] Sampling 50000 steps by 50 slaves, spending 12.64 s.
[20260601 22:53:17 @multi_agent_runner.py:94] Policy update, spending: 9.30 s.
[20260601 22:53:18 @multi_agent_runner.py:99] Evaluation time: 1.59 s.
[20260601 22:53:18 @multi_agent_runner.py:105] Total time:      73.16 min
[20260601 22:53:18 @multi_agent_runner.py:120] Agent_0 gets eval reward: -138.56.
[20260601 22:53:18 @multi_agent_runner.py:121] Agent_0 gets win rate: 0.00.
[20260601 22:53:18 @multi_agent_runner.py:120] Agent_1 gets eval reward: 177.03.
[20260601 22:53:18 @multi_agent_runner.py:121] Agent_1 gets win rate: 0.17.
[20260601 22:53:19 @multi_agent_runner.py:79] #------------------------ Iteration 189 --------------------------#
[20260601 22:53:32 @multi_agent_runner.py:85] Sampling 50000 steps by 50 slaves, spending 13.12 s.
[20260601 22:53:41 @multi_agent_runner.py:94] Policy update, spending: 9.71 s.
[20260601 22:53:43 @multi_agent_runner.py:99] Evaluation time: 1.81 s.
[20260601 22:53:43 @multi_agent_runner.py:105] Total time:      73.57 min
[20260601 22:53:43 @multi_agent_runner.py:120] Agent_0 gets eval reward: 15.25.
[20260601 22:53:43 @multi_agent_runner.py:121] Agent_0 gets win rate: 0.00.
[20260601 22:53:43 @multi_agent_runner.py:120] Agent_1 gets eval reward: 17.98.
[20260601 22:53:43 @multi_agent_runner.py:121] Agent_1 gets win rate: 0.00.
[20260601 22:53:43 @multi_agent_runner.py:79] #------------------------ Iteration 190 --------------------------#
[20260601 22:53:56 @multi_agent_runner.py:85] Sampling 50000 steps by 50 slaves, spending 12.65 s.
[20260601 22:54:05 @multi_agent_runner.py:94] Policy update, spending: 9.15 s.
[20260601 22:54:07 @multi_agent_runner.py:99] Evaluation time: 1.62 s.
[20260601 22:54:07 @multi_agent_runner.py:105] Total time:      73.96 min
[20260601 22:54:07 @multi_agent_runner.py:120] Agent_0 gets eval reward: 19.92.
[20260601 22:54:07 @multi_agent_runner.py:121] Agent_0 gets win rate: 0.00.
[20260601 22:54:07 @multi_agent_runner.py:120] Agent_1 gets eval reward: 24.09.
[20260601 22:54:07 @multi_agent_runner.py:121] Agent_1 gets win rate: 0.00.
[20260601 22:54:07 @multi_agent_runner.py:79] #------------------------ Iteration 191 --------------------------#
[20260601 22:54:20 @multi_agent_runner.py:85] Sampling 50000 steps by 50 slaves, spending 13.21 s.
[20260601 22:54:30 @multi_agent_runner.py:94] Policy update, spending: 9.46 s.
[20260601 22:54:31 @multi_agent_runner.py:99] Evaluation time: 1.81 s.
[20260601 22:54:31 @multi_agent_runner.py:105] Total time:      74.38 min
[20260601 22:54:31 @multi_agent_runner.py:120] Agent_0 gets eval reward: 499.73.
[20260601 22:54:31 @multi_agent_runner.py:121] Agent_0 gets win rate: 0.50.
[20260601 22:54:31 @multi_agent_runner.py:120] Agent_1 gets eval reward: -454.93.
[20260601 22:54:31 @multi_agent_runner.py:121] Agent_1 gets win rate: 0.00.
[20260601 22:54:31 @multi_agent_runner.py:462] CRITICAL save best checkpoint with agent_0's rewards 499.73!
[20260601 22:54:32 @multi_agent_runner.py:79] #------------------------ Iteration 192 --------------------------#
[20260601 22:54:44 @multi_agent_runner.py:85] Sampling 50000 steps by 50 slaves, spending 12.56 s.
[20260601 22:54:53 @multi_agent_runner.py:94] Policy update, spending: 9.06 s.
[20260601 22:54:55 @multi_agent_runner.py:99] Evaluation time: 1.44 s.
[20260601 22:54:55 @multi_agent_runner.py:105] Total time:      74.76 min
[20260601 22:54:55 @multi_agent_runner.py:120] Agent_0 gets eval reward: -129.16.
[20260601 22:54:55 @multi_agent_runner.py:121] Agent_0 gets win rate: 0.00.
[20260601 22:54:55 @multi_agent_runner.py:120] Agent_1 gets eval reward: 148.31.
[20260601 22:54:55 @multi_agent_runner.py:121] Agent_1 gets win rate: 0.14.
[20260601 22:54:55 @multi_agent_runner.py:79] #------------------------ Iteration 193 --------------------------#
[20260601 22:55:07 @multi_agent_runner.py:85] Sampling 50000 steps by 50 slaves, spending 12.14 s.
[20260601 22:55:16 @multi_agent_runner.py:94] Policy update, spending: 9.30 s.
[20260601 22:55:18 @multi_agent_runner.py:99] Evaluation time: 1.66 s.
[20260601 22:55:18 @multi_agent_runner.py:105] Total time:      75.15 min
[20260601 22:55:18 @multi_agent_runner.py:120] Agent_0 gets eval reward: 12.46.
[20260601 22:55:18 @multi_agent_runner.py:121] Agent_0 gets win rate: 0.17.
[20260601 22:55:18 @multi_agent_runner.py:120] Agent_1 gets eval reward: 12.63.
[20260601 22:55:18 @multi_agent_runner.py:121] Agent_1 gets win rate: 0.17.
[20260601 22:55:18 @multi_agent_runner.py:79] #------------------------ Iteration 194 --------------------------#
[20260601 22:55:31 @multi_agent_runner.py:85] Sampling 50000 steps by 50 slaves, spending 12.80 s.
[20260601 22:55:40 @multi_agent_runner.py:94] Policy update, spending: 9.63 s.
[20260601 22:55:42 @multi_agent_runner.py:99] Evaluation time: 1.79 s.
[20260601 22:55:42 @multi_agent_runner.py:105] Total time:      75.56 min
[20260601 22:55:42 @multi_agent_runner.py:120] Agent_0 gets eval reward: 7.36.
[20260601 22:55:42 @multi_agent_runner.py:121] Agent_0 gets win rate: 0.00.
[20260601 22:55:42 @multi_agent_runner.py:120] Agent_1 gets eval reward: 12.37.
[20260601 22:55:42 @multi_agent_runner.py:121] Agent_1 gets win rate: 0.00.
[20260601 22:55:42 @multi_agent_runner.py:79] #------------------------ Iteration 195 --------------------------#
[20260601 22:55:55 @multi_agent_runner.py:85] Sampling 50000 steps by 50 slaves, spending 12.63 s.
[20260601 22:56:04 @multi_agent_runner.py:94] Policy update, spending: 9.16 s.
[20260601 22:56:06 @multi_agent_runner.py:99] Evaluation time: 1.42 s.
[20260601 22:56:06 @multi_agent_runner.py:105] Total time:      75.95 min
[20260601 22:56:06 @multi_agent_runner.py:120] Agent_0 gets eval reward: -235.04.
[20260601 22:56:06 @multi_agent_runner.py:121] Agent_0 gets win rate: 0.00.
[20260601 22:56:06 @multi_agent_runner.py:120] Agent_1 gets eval reward: 253.65.
[20260601 22:56:06 @multi_agent_runner.py:121] Agent_1 gets win rate: 0.25.
[20260601 22:56:06 @multi_agent_runner.py:79] #------------------------ Iteration 196 --------------------------#
[20260601 22:56:19 @multi_agent_runner.py:85] Sampling 50000 steps by 50 slaves, spending 12.90 s.
[20260601 22:56:28 @multi_agent_runner.py:94] Policy update, spending: 9.47 s.
[20260601 22:56:30 @multi_agent_runner.py:99] Evaluation time: 1.57 s.
[20260601 22:56:30 @multi_agent_runner.py:105] Total time:      76.35 min
[20260601 22:56:30 @multi_agent_runner.py:120] Agent_0 gets eval reward: -237.25.
[20260601 22:56:30 @multi_agent_runner.py:121] Agent_0 gets win rate: 0.00.
[20260601 22:56:30 @multi_agent_runner.py:120] Agent_1 gets eval reward: 253.82.
[20260601 22:56:30 @multi_agent_runner.py:121] Agent_1 gets win rate: 0.25.
[20260601 22:56:30 @multi_agent_runner.py:79] #------------------------ Iteration 197 --------------------------#
[20260601 22:56:43 @multi_agent_runner.py:85] Sampling 50000 steps by 50 slaves, spending 12.66 s.
[20260601 22:56:52 @multi_agent_runner.py:94] Policy update, spending: 9.62 s.
[20260601 22:56:54 @multi_agent_runner.py:99] Evaluation time: 1.55 s.
[20260601 22:56:54 @multi_agent_runner.py:105] Total time:      76.75 min
[20260601 22:56:54 @multi_agent_runner.py:120] Agent_0 gets eval reward: -192.63.
[20260601 22:56:54 @multi_agent_runner.py:121] Agent_0 gets win rate: 0.00.
[20260601 22:56:54 @multi_agent_runner.py:120] Agent_1 gets eval reward: 203.37.
[20260601 22:56:54 @multi_agent_runner.py:121] Agent_1 gets win rate: 0.20.
[20260601 22:56:54 @multi_agent_runner.py:79] #------------------------ Iteration 198 --------------------------#
[20260601 22:57:06 @multi_agent_runner.py:85] Sampling 50000 steps by 50 slaves, spending 12.46 s.
[20260601 22:57:16 @multi_agent_runner.py:94] Policy update, spending: 9.82 s.
[20260601 22:57:18 @multi_agent_runner.py:99] Evaluation time: 1.70 s.
[20260601 22:57:18 @multi_agent_runner.py:105] Total time:      77.15 min
[20260601 22:57:18 @multi_agent_runner.py:120] Agent_0 gets eval reward: -279.96.
[20260601 22:57:18 @multi_agent_runner.py:121] Agent_0 gets win rate: 0.00.
[20260601 22:57:18 @multi_agent_runner.py:120] Agent_1 gets eval reward: 286.22.
[20260601 22:57:18 @multi_agent_runner.py:121] Agent_1 gets win rate: 0.29.
[20260601 22:57:18 @multi_agent_runner.py:79] #------------------------ Iteration 199 --------------------------#
[20260601 22:57:31 @multi_agent_runner.py:85] Sampling 50000 steps by 50 slaves, spending 12.88 s.
[20260601 22:57:41 @multi_agent_runner.py:94] Policy update, spending: 9.74 s.
[20260601 22:57:42 @multi_agent_runner.py:99] Evaluation time: 1.54 s.
[20260601 22:57:42 @multi_agent_runner.py:105] Total time:      77.55 min
[20260601 22:57:42 @multi_agent_runner.py:120] Agent_0 gets eval reward: -197.53.
[20260601 22:57:42 @multi_agent_runner.py:121] Agent_0 gets win rate: 0.00.
[20260601 22:57:42 @multi_agent_runner.py:120] Agent_1 gets eval reward: 200.92.
[20260601 22:57:42 @multi_agent_runner.py:121] Agent_1 gets win rate: 0.20.
[20260601 22:57:42 @multi_agent_runner.py:79] #------------------------ Iteration 200 --------------------------#
[20260601 22:57:55 @multi_agent_runner.py:85] Sampling 50000 steps by 50 slaves, spending 12.97 s.
[20260601 22:58:05 @multi_agent_runner.py:94] Policy update, spending: 9.38 s.
[20260601 22:58:06 @multi_agent_runner.py:99] Evaluation time: 1.70 s.
[20260601 22:58:06 @multi_agent_runner.py:105] Total time:      77.96 min
[20260601 22:58:06 @multi_agent_runner.py:120] Agent_0 gets eval reward: 200.00.
[20260601 22:58:06 @multi_agent_runner.py:121] Agent_0 gets win rate: 0.20.
[20260601 22:58:06 @multi_agent_runner.py:120] Agent_1 gets eval reward: -200.00.
[20260601 22:58:06 @multi_agent_runner.py:121] Agent_1 gets win rate: 0.00.
[20260601 22:58:07 @multi_agent_runner.py:79] #------------------------ Iteration 201 --------------------------#
[20260601 22:58:19 @multi_agent_runner.py:85] Sampling 50000 steps by 50 slaves, spending 12.71 s.
[20260601 22:58:28 @multi_agent_runner.py:94] Policy update, spending: 9.02 s.
[20260601 22:58:30 @multi_agent_runner.py:99] Evaluation time: 1.52 s.
[20260601 22:58:30 @multi_agent_runner.py:105] Total time:      78.35 min
[20260601 22:58:30 @multi_agent_runner.py:120] Agent_0 gets eval reward: -142.86.
[20260601 22:58:30 @multi_agent_runner.py:121] Agent_0 gets win rate: 0.00.
[20260601 22:58:30 @multi_agent_runner.py:120] Agent_1 gets eval reward: 142.86.
[20260601 22:58:30 @multi_agent_runner.py:121] Agent_1 gets win rate: 0.14.
[20260601 22:58:30 @multi_agent_runner.py:79] #------------------------ Iteration 202 --------------------------#
[20260601 22:58:43 @multi_agent_runner.py:85] Sampling 50000 steps by 50 slaves, spending 12.77 s.
[20260601 22:58:52 @multi_agent_runner.py:94] Policy update, spending: 9.44 s.
[20260601 22:58:54 @multi_agent_runner.py:99] Evaluation time: 1.77 s.
[20260601 22:58:54 @multi_agent_runner.py:105] Total time:      78.75 min
[20260601 22:58:54 @multi_agent_runner.py:120] Agent_0 gets eval reward: -200.00.
[20260601 22:58:54 @multi_agent_runner.py:121] Agent_0 gets win rate: 0.00.
[20260601 22:58:54 @multi_agent_runner.py:120] Agent_1 gets eval reward: 200.00.
[20260601 22:58:54 @multi_agent_runner.py:121] Agent_1 gets win rate: 0.20.
[20260601 22:58:54 @multi_agent_runner.py:79] #------------------------ Iteration 203 --------------------------#
[20260601 22:59:07 @multi_agent_runner.py:85] Sampling 50000 steps by 50 slaves, spending 12.66 s.
[20260601 22:59:16 @multi_agent_runner.py:94] Policy update, spending: 9.29 s.
[20260601 22:59:18 @multi_agent_runner.py:99] Evaluation time: 2.17 s.
[20260601 22:59:18 @multi_agent_runner.py:105] Total time:      79.15 min
[20260601 22:59:18 @multi_agent_runner.py:120] Agent_0 gets eval reward: -142.86.
[20260601 22:59:18 @multi_agent_runner.py:121] Agent_0 gets win rate: 0.00.
[20260601 22:59:18 @multi_agent_runner.py:120] Agent_1 gets eval reward: 142.86.
[20260601 22:59:18 @multi_agent_runner.py:121] Agent_1 gets win rate: 0.14.
[20260601 22:59:18 @multi_agent_runner.py:79] #------------------------ Iteration 204 --------------------------#
[20260601 22:59:31 @multi_agent_runner.py:85] Sampling 50000 steps by 50 slaves, spending 12.46 s.
[20260601 22:59:40 @multi_agent_runner.py:94] Policy update, spending: 9.29 s.
[20260601 22:59:42 @multi_agent_runner.py:99] Evaluation time: 1.73 s.
[20260601 22:59:42 @multi_agent_runner.py:105] Total time:      79.55 min
[20260601 22:59:42 @multi_agent_runner.py:120] Agent_0 gets eval reward: -400.00.
[20260601 22:59:42 @multi_agent_runner.py:121] Agent_0 gets win rate: 0.00.
[20260601 22:59:42 @multi_agent_runner.py:120] Agent_1 gets eval reward: 400.00.
[20260601 22:59:42 @multi_agent_runner.py:121] Agent_1 gets win rate: 0.40.
[20260601 22:59:42 @multi_agent_runner.py:79] #------------------------ Iteration 205 --------------------------#
[20260601 22:59:55 @multi_agent_runner.py:85] Sampling 50000 steps by 50 slaves, spending 13.23 s.
[20260601 23:00:05 @multi_agent_runner.py:94] Policy update, spending: 9.58 s.
[20260601 23:00:06 @multi_agent_runner.py:99] Evaluation time: 1.47 s.
[20260601 23:00:06 @multi_agent_runner.py:105] Total time:      79.96 min
[20260601 23:00:06 @multi_agent_runner.py:120] Agent_0 gets eval reward: -250.00.
[20260601 23:00:06 @multi_agent_runner.py:121] Agent_0 gets win rate: 0.00.
[20260601 23:00:06 @multi_agent_runner.py:120] Agent_1 gets eval reward: 250.00.
[20260601 23:00:06 @multi_agent_runner.py:121] Agent_1 gets win rate: 0.25.
[20260601 23:00:06 @multi_agent_runner.py:79] #------------------------ Iteration 206 --------------------------#
[20260601 23:00:19 @multi_agent_runner.py:85] Sampling 50000 steps by 50 slaves, spending 12.66 s.
[20260601 23:00:28 @multi_agent_runner.py:94] Policy update, spending: 9.45 s.
[20260601 23:00:30 @multi_agent_runner.py:99] Evaluation time: 1.41 s.
[20260601 23:00:30 @multi_agent_runner.py:105] Total time:      80.35 min
[20260601 23:00:30 @multi_agent_runner.py:120] Agent_0 gets eval reward: -200.00.
[20260601 23:00:30 @multi_agent_runner.py:121] Agent_0 gets win rate: 0.00.
[20260601 23:00:30 @multi_agent_runner.py:120] Agent_1 gets eval reward: 200.00.
[20260601 23:00:30 @multi_agent_runner.py:121] Agent_1 gets win rate: 0.20.
[20260601 23:00:30 @multi_agent_runner.py:79] #------------------------ Iteration 207 --------------------------#
[20260601 23:00:42 @multi_agent_runner.py:85] Sampling 50000 steps by 50 slaves, spending 12.29 s.
[20260601 23:00:52 @multi_agent_runner.py:94] Policy update, spending: 9.68 s.
[20260601 23:00:54 @multi_agent_runner.py:99] Evaluation time: 1.53 s.
[20260601 23:00:54 @multi_agent_runner.py:105] Total time:      80.74 min
[20260601 23:00:54 @multi_agent_runner.py:120] Agent_0 gets eval reward: -200.00.
[20260601 23:00:54 @multi_agent_runner.py:121] Agent_0 gets win rate: 0.00.
[20260601 23:00:54 @multi_agent_runner.py:120] Agent_1 gets eval reward: 200.00.
[20260601 23:00:54 @multi_agent_runner.py:121] Agent_1 gets win rate: 0.20.
[20260601 23:00:54 @multi_agent_runner.py:79] #------------------------ Iteration 208 --------------------------#
[20260601 23:01:06 @multi_agent_runner.py:85] Sampling 50000 steps by 50 slaves, spending 12.58 s.
[20260601 23:01:16 @multi_agent_runner.py:94] Policy update, spending: 9.49 s.
[20260601 23:01:17 @multi_agent_runner.py:99] Evaluation time: 1.46 s.
[20260601 23:01:17 @multi_agent_runner.py:105] Total time:      81.14 min
[20260601 23:01:17 @multi_agent_runner.py:120] Agent_0 gets eval reward: 0.00.
[20260601 23:01:17 @multi_agent_runner.py:121] Agent_0 gets win rate: 0.00.
[20260601 23:01:17 @multi_agent_runner.py:120] Agent_1 gets eval reward: 0.00.
[20260601 23:01:17 @multi_agent_runner.py:121] Agent_1 gets win rate: 0.00.
[20260601 23:01:17 @multi_agent_runner.py:79] #------------------------ Iteration 209 --------------------------#
[20260601 23:01:30 @multi_agent_runner.py:85] Sampling 50000 steps by 50 slaves, spending 12.73 s.
[20260601 23:01:40 @multi_agent_runner.py:94] Policy update, spending: 9.46 s.
[20260601 23:01:41 @multi_agent_runner.py:99] Evaluation time: 1.54 s.
[20260601 23:01:41 @multi_agent_runner.py:105] Total time:      81.54 min
[20260601 23:01:41 @multi_agent_runner.py:120] Agent_0 gets eval reward: 0.00.
[20260601 23:01:41 @multi_agent_runner.py:121] Agent_0 gets win rate: 0.00.
[20260601 23:01:41 @multi_agent_runner.py:120] Agent_1 gets eval reward: 0.00.
[20260601 23:01:41 @multi_agent_runner.py:121] Agent_1 gets win rate: 0.00.
[20260601 23:01:41 @multi_agent_runner.py:79] #------------------------ Iteration 210 --------------------------#
[20260601 23:01:54 @multi_agent_runner.py:85] Sampling 50000 steps by 50 slaves, spending 12.33 s.
[20260601 23:02:03 @multi_agent_runner.py:94] Policy update, spending: 9.20 s.
[20260601 23:02:04 @multi_agent_runner.py:99] Evaluation time: 1.34 s.
[20260601 23:02:04 @multi_agent_runner.py:105] Total time:      81.92 min
[20260601 23:02:04 @multi_agent_runner.py:120] Agent_0 gets eval reward: 0.00.
[20260601 23:02:04 @multi_agent_runner.py:121] Agent_0 gets win rate: 0.00.
[20260601 23:02:04 @multi_agent_runner.py:120] Agent_1 gets eval reward: 0.00.
[20260601 23:02:04 @multi_agent_runner.py:121] Agent_1 gets win rate: 0.00.
[20260601 23:02:04 @multi_agent_runner.py:79] #------------------------ Iteration 211 --------------------------#
[20260601 23:02:17 @multi_agent_runner.py:85] Sampling 50000 steps by 50 slaves, spending 12.49 s.
[20260601 23:02:27 @multi_agent_runner.py:94] Policy update, spending: 9.77 s.
[20260601 23:02:28 @multi_agent_runner.py:99] Evaluation time: 1.48 s.
[20260601 23:02:28 @multi_agent_runner.py:105] Total time:      82.32 min
[20260601 23:02:28 @multi_agent_runner.py:120] Agent_0 gets eval reward: -166.67.
[20260601 23:02:28 @multi_agent_runner.py:121] Agent_0 gets win rate: 0.00.
[20260601 23:02:28 @multi_agent_runner.py:120] Agent_1 gets eval reward: 166.67.
[20260601 23:02:28 @multi_agent_runner.py:121] Agent_1 gets win rate: 0.17.
[20260601 23:02:28 @multi_agent_runner.py:79] #------------------------ Iteration 212 --------------------------#
[20260601 23:02:40 @multi_agent_runner.py:85] Sampling 50000 steps by 50 slaves, spending 12.27 s.
[20260601 23:02:49 @multi_agent_runner.py:94] Policy update, spending: 9.04 s.
[20260601 23:02:51 @multi_agent_runner.py:99] Evaluation time: 1.43 s.
[20260601 23:02:51 @multi_agent_runner.py:105] Total time:      82.70 min
[20260601 23:02:51 @multi_agent_runner.py:120] Agent_0 gets eval reward: -166.67.
[20260601 23:02:51 @multi_agent_runner.py:121] Agent_0 gets win rate: 0.00.
[20260601 23:02:51 @multi_agent_runner.py:120] Agent_1 gets eval reward: 166.67.
[20260601 23:02:51 @multi_agent_runner.py:121] Agent_1 gets win rate: 0.17.
[20260601 23:02:51 @multi_agent_runner.py:79] #------------------------ Iteration 213 --------------------------#
[20260601 23:03:04 @multi_agent_runner.py:85] Sampling 50000 steps by 50 slaves, spending 13.12 s.
[20260601 23:03:13 @multi_agent_runner.py:94] Policy update, spending: 9.11 s.
[20260601 23:03:15 @multi_agent_runner.py:99] Evaluation time: 1.45 s.
[20260601 23:03:15 @multi_agent_runner.py:105] Total time:      83.10 min
[20260601 23:03:15 @multi_agent_runner.py:120] Agent_0 gets eval reward: 200.00.
[20260601 23:03:15 @multi_agent_runner.py:121] Agent_0 gets win rate: 0.20.
[20260601 23:03:15 @multi_agent_runner.py:120] Agent_1 gets eval reward: -200.00.
[20260601 23:03:15 @multi_agent_runner.py:121] Agent_1 gets win rate: 0.00.
[20260601 23:03:15 @multi_agent_runner.py:79] #------------------------ Iteration 214 --------------------------#
[20260601 23:03:27 @multi_agent_runner.py:85] Sampling 50000 steps by 50 slaves, spending 12.52 s.
[20260601 23:03:37 @multi_agent_runner.py:94] Policy update, spending: 9.41 s.
[20260601 23:03:38 @multi_agent_runner.py:99] Evaluation time: 1.33 s.
[20260601 23:03:38 @multi_agent_runner.py:105] Total time:      83.49 min
[20260601 23:03:38 @multi_agent_runner.py:120] Agent_0 gets eval reward: -200.00.
[20260601 23:03:38 @multi_agent_runner.py:121] Agent_0 gets win rate: 0.20.
[20260601 23:03:38 @multi_agent_runner.py:120] Agent_1 gets eval reward: 200.00.
[20260601 23:03:38 @multi_agent_runner.py:121] Agent_1 gets win rate: 0.40.
[20260601 23:03:38 @multi_agent_runner.py:79] #------------------------ Iteration 215 --------------------------#
[20260601 23:03:51 @multi_agent_runner.py:85] Sampling 50000 steps by 50 slaves, spending 12.97 s.
[20260601 23:04:01 @multi_agent_runner.py:94] Policy update, spending: 9.24 s.
[20260601 23:04:02 @multi_agent_runner.py:99] Evaluation time: 1.73 s.
[20260601 23:04:02 @multi_agent_runner.py:105] Total time:      83.89 min
[20260601 23:04:02 @multi_agent_runner.py:120] Agent_0 gets eval reward: -200.00.
[20260601 23:04:02 @multi_agent_runner.py:121] Agent_0 gets win rate: 0.00.
[20260601 23:04:02 @multi_agent_runner.py:120] Agent_1 gets eval reward: 200.00.
[20260601 23:04:02 @multi_agent_runner.py:121] Agent_1 gets win rate: 0.20.
[20260601 23:04:02 @multi_agent_runner.py:79] #------------------------ Iteration 216 --------------------------#
[20260601 23:04:15 @multi_agent_runner.py:85] Sampling 50000 steps by 50 slaves, spending 12.92 s.
[20260601 23:04:25 @multi_agent_runner.py:94] Policy update, spending: 9.50 s.
[20260601 23:04:27 @multi_agent_runner.py:99] Evaluation time: 1.68 s.
[20260601 23:04:27 @multi_agent_runner.py:105] Total time:      84.29 min
[20260601 23:04:27 @multi_agent_runner.py:120] Agent_0 gets eval reward: 0.00.
[20260601 23:04:27 @multi_agent_runner.py:121] Agent_0 gets win rate: 0.00.
[20260601 23:04:27 @multi_agent_runner.py:120] Agent_1 gets eval reward: 0.00.
[20260601 23:04:27 @multi_agent_runner.py:121] Agent_1 gets win rate: 0.00.
[20260601 23:04:27 @multi_agent_runner.py:79] #------------------------ Iteration 217 --------------------------#
[20260601 23:04:40 @multi_agent_runner.py:85] Sampling 50000 steps by 50 slaves, spending 12.86 s.
[20260601 23:04:49 @multi_agent_runner.py:94] Policy update, spending: 9.62 s.
[20260601 23:04:51 @multi_agent_runner.py:99] Evaluation time: 1.37 s.
[20260601 23:04:51 @multi_agent_runner.py:105] Total time:      84.69 min
[20260601 23:04:51 @multi_agent_runner.py:120] Agent_0 gets eval reward: -400.00.
[20260601 23:04:51 @multi_agent_runner.py:121] Agent_0 gets win rate: 0.00.
[20260601 23:04:51 @multi_agent_runner.py:120] Agent_1 gets eval reward: 400.00.
[20260601 23:04:51 @multi_agent_runner.py:121] Agent_1 gets win rate: 0.40.
[20260601 23:04:51 @multi_agent_runner.py:79] #------------------------ Iteration 218 --------------------------#
[20260601 23:05:03 @multi_agent_runner.py:85] Sampling 50000 steps by 50 slaves, spending 12.16 s.
[20260601 23:05:12 @multi_agent_runner.py:94] Policy update, spending: 9.52 s.
[20260601 23:05:14 @multi_agent_runner.py:99] Evaluation time: 1.42 s.
[20260601 23:05:14 @multi_agent_runner.py:105] Total time:      85.08 min
[20260601 23:05:14 @multi_agent_runner.py:120] Agent_0 gets eval reward: -200.00.
[20260601 23:05:14 @multi_agent_runner.py:121] Agent_0 gets win rate: 0.00.
[20260601 23:05:14 @multi_agent_runner.py:120] Agent_1 gets eval reward: 200.00.
[20260601 23:05:14 @multi_agent_runner.py:121] Agent_1 gets win rate: 0.20.
[20260601 23:05:14 @multi_agent_runner.py:79] #------------------------ Iteration 219 --------------------------#
[20260601 23:05:27 @multi_agent_runner.py:85] Sampling 50000 steps by 50 slaves, spending 13.00 s.
[20260601 23:05:36 @multi_agent_runner.py:94] Policy update, spending: 9.50 s.
[20260601 23:05:38 @multi_agent_runner.py:99] Evaluation time: 1.44 s.
[20260601 23:05:38 @multi_agent_runner.py:105] Total time:      85.48 min
[20260601 23:05:38 @multi_agent_runner.py:120] Agent_0 gets eval reward: 333.33.
[20260601 23:05:38 @multi_agent_runner.py:121] Agent_0 gets win rate: 0.33.
[20260601 23:05:38 @multi_agent_runner.py:120] Agent_1 gets eval reward: -333.33.
[20260601 23:05:38 @multi_agent_runner.py:121] Agent_1 gets win rate: 0.00.
[20260601 23:05:38 @multi_agent_runner.py:79] #------------------------ Iteration 220 --------------------------#
[20260601 23:05:51 @multi_agent_runner.py:85] Sampling 50000 steps by 50 slaves, spending 12.70 s.
[20260601 23:06:00 @multi_agent_runner.py:94] Policy update, spending: 9.18 s.
[20260601 23:06:01 @multi_agent_runner.py:99] Evaluation time: 1.63 s.
[20260601 23:06:01 @multi_agent_runner.py:105] Total time:      85.88 min
[20260601 23:06:02 @multi_agent_runner.py:120] Agent_0 gets eval reward: -125.00.
[20260601 23:06:02 @multi_agent_runner.py:121] Agent_0 gets win rate: 0.00.
[20260601 23:06:02 @multi_agent_runner.py:120] Agent_1 gets eval reward: 125.00.
[20260601 23:06:02 @multi_agent_runner.py:121] Agent_1 gets win rate: 0.12.
[20260601 23:06:02 @multi_agent_runner.py:79] #------------------------ Iteration 221 --------------------------#
[20260601 23:06:14 @multi_agent_runner.py:85] Sampling 50000 steps by 50 slaves, spending 12.58 s.
[20260601 23:06:24 @multi_agent_runner.py:94] Policy update, spending: 9.46 s.
[20260601 23:06:25 @multi_agent_runner.py:99] Evaluation time: 1.47 s.
[20260601 23:06:25 @multi_agent_runner.py:105] Total time:      86.27 min
[20260601 23:06:25 @multi_agent_runner.py:120] Agent_0 gets eval reward: 142.86.
[20260601 23:06:25 @multi_agent_runner.py:121] Agent_0 gets win rate: 0.14.
[20260601 23:06:25 @multi_agent_runner.py:120] Agent_1 gets eval reward: -142.86.
[20260601 23:06:25 @multi_agent_runner.py:121] Agent_1 gets win rate: 0.00.
[20260601 23:06:25 @multi_agent_runner.py:79] #------------------------ Iteration 222 --------------------------#
[20260601 23:06:38 @multi_agent_runner.py:85] Sampling 50000 steps by 50 slaves, spending 12.71 s.
[20260601 23:06:48 @multi_agent_runner.py:94] Policy update, spending: 9.78 s.
[20260601 23:06:49 @multi_agent_runner.py:99] Evaluation time: 1.33 s.
[20260601 23:06:49 @multi_agent_runner.py:105] Total time:      86.67 min
[20260601 23:06:49 @multi_agent_runner.py:120] Agent_0 gets eval reward: 500.00.
[20260601 23:06:49 @multi_agent_runner.py:121] Agent_0 gets win rate: 0.50.
[20260601 23:06:49 @multi_agent_runner.py:120] Agent_1 gets eval reward: -500.00.
[20260601 23:06:49 @multi_agent_runner.py:121] Agent_1 gets win rate: 0.00.
[20260601 23:06:49 @multi_agent_runner.py:462] CRITICAL save best checkpoint with agent_0's rewards 500.00!
[20260601 23:06:49 @multi_agent_runner.py:79] #------------------------ Iteration 223 --------------------------#
[20260601 23:07:01 @multi_agent_runner.py:85] Sampling 50000 steps by 50 slaves, spending 12.08 s.
[20260601 23:07:11 @multi_agent_runner.py:94] Policy update, spending: 9.26 s.
[20260601 23:07:12 @multi_agent_runner.py:99] Evaluation time: 1.49 s.
[20260601 23:07:12 @multi_agent_runner.py:105] Total time:      87.05 min
[20260601 23:07:12 @multi_agent_runner.py:120] Agent_0 gets eval reward: 0.00.
[20260601 23:07:12 @multi_agent_runner.py:121] Agent_0 gets win rate: 0.00.
[20260601 23:07:12 @multi_agent_runner.py:120] Agent_1 gets eval reward: 0.00.
[20260601 23:07:12 @multi_agent_runner.py:121] Agent_1 gets win rate: 0.00.
[20260601 23:07:12 @multi_agent_runner.py:79] #------------------------ Iteration 224 --------------------------#
[20260601 23:07:24 @multi_agent_runner.py:85] Sampling 50000 steps by 50 slaves, spending 12.14 s.
[20260601 23:07:34 @multi_agent_runner.py:94] Policy update, spending: 9.55 s.
[20260601 23:07:35 @multi_agent_runner.py:99] Evaluation time: 1.49 s.
[20260601 23:07:35 @multi_agent_runner.py:105] Total time:      87.44 min
[20260601 23:07:35 @multi_agent_runner.py:120] Agent_0 gets eval reward: -166.67.
[20260601 23:07:35 @multi_agent_runner.py:121] Agent_0 gets win rate: 0.00.
[20260601 23:07:35 @multi_agent_runner.py:120] Agent_1 gets eval reward: 166.67.
[20260601 23:07:35 @multi_agent_runner.py:121] Agent_1 gets win rate: 0.17.
[20260601 23:07:36 @multi_agent_runner.py:79] #------------------------ Iteration 225 --------------------------#
[20260601 23:07:48 @multi_agent_runner.py:85] Sampling 50000 steps by 50 slaves, spending 12.06 s.
[20260601 23:07:57 @multi_agent_runner.py:94] Policy update, spending: 9.15 s.
[20260601 23:07:58 @multi_agent_runner.py:99] Evaluation time: 1.44 s.
[20260601 23:07:58 @multi_agent_runner.py:105] Total time:      87.82 min
[20260601 23:07:58 @multi_agent_runner.py:120] Agent_0 gets eval reward: -400.00.
[20260601 23:07:58 @multi_agent_runner.py:121] Agent_0 gets win rate: 0.00.
[20260601 23:07:58 @multi_agent_runner.py:120] Agent_1 gets eval reward: 400.00.
[20260601 23:07:58 @multi_agent_runner.py:121] Agent_1 gets win rate: 0.40.
[20260601 23:07:58 @multi_agent_runner.py:79] #------------------------ Iteration 226 --------------------------#
[20260601 23:08:11 @multi_agent_runner.py:85] Sampling 50000 steps by 50 slaves, spending 12.29 s.
[20260601 23:08:20 @multi_agent_runner.py:94] Policy update, spending: 9.20 s.
[20260601 23:08:21 @multi_agent_runner.py:99] Evaluation time: 1.60 s.
[20260601 23:08:21 @multi_agent_runner.py:105] Total time:      88.21 min
[20260601 23:08:22 @multi_agent_runner.py:120] Agent_0 gets eval reward: 0.00.
[20260601 23:08:22 @multi_agent_runner.py:121] Agent_0 gets win rate: 0.20.
[20260601 23:08:22 @multi_agent_runner.py:120] Agent_1 gets eval reward: 0.00.
[20260601 23:08:22 @multi_agent_runner.py:121] Agent_1 gets win rate: 0.20.
[20260601 23:08:22 @multi_agent_runner.py:79] #------------------------ Iteration 227 --------------------------#
[20260601 23:08:34 @multi_agent_runner.py:85] Sampling 50000 steps by 50 slaves, spending 12.37 s.
[20260601 23:08:43 @multi_agent_runner.py:94] Policy update, spending: 9.42 s.
[20260601 23:08:45 @multi_agent_runner.py:99] Evaluation time: 1.39 s.
[20260601 23:08:45 @multi_agent_runner.py:105] Total time:      88.60 min
[20260601 23:08:45 @multi_agent_runner.py:120] Agent_0 gets eval reward: 0.00.
[20260601 23:08:45 @multi_agent_runner.py:121] Agent_0 gets win rate: 0.00.
[20260601 23:08:45 @multi_agent_runner.py:120] Agent_1 gets eval reward: 0.00.
[20260601 23:08:45 @multi_agent_runner.py:121] Agent_1 gets win rate: 0.00.
[20260601 23:08:45 @multi_agent_runner.py:79] #------------------------ Iteration 228 --------------------------#
[20260601 23:08:58 @multi_agent_runner.py:85] Sampling 50000 steps by 50 slaves, spending 12.76 s.
[20260601 23:09:07 @multi_agent_runner.py:94] Policy update, spending: 9.50 s.
[20260601 23:09:09 @multi_agent_runner.py:99] Evaluation time: 1.42 s.
[20260601 23:09:09 @multi_agent_runner.py:105] Total time:      89.00 min
[20260601 23:09:09 @multi_agent_runner.py:120] Agent_0 gets eval reward: -400.00.
[20260601 23:09:09 @multi_agent_runner.py:121] Agent_0 gets win rate: 0.00.
[20260601 23:09:09 @multi_agent_runner.py:120] Agent_1 gets eval reward: 400.00.
[20260601 23:09:09 @multi_agent_runner.py:121] Agent_1 gets win rate: 0.40.
[20260601 23:09:09 @multi_agent_runner.py:79] #------------------------ Iteration 229 --------------------------#
[20260601 23:09:22 @multi_agent_runner.py:85] Sampling 50000 steps by 50 slaves, spending 12.90 s.
[20260601 23:09:31 @multi_agent_runner.py:94] Policy update, spending: 9.62 s.
[20260601 23:09:33 @multi_agent_runner.py:99] Evaluation time: 1.46 s.
[20260601 23:09:33 @multi_agent_runner.py:105] Total time:      89.40 min
[20260601 23:09:33 @multi_agent_runner.py:120] Agent_0 gets eval reward: 142.86.
[20260601 23:09:33 @multi_agent_runner.py:121] Agent_0 gets win rate: 0.14.
[20260601 23:09:33 @multi_agent_runner.py:120] Agent_1 gets eval reward: -142.86.
[20260601 23:09:33 @multi_agent_runner.py:121] Agent_1 gets win rate: 0.00.
[20260601 23:09:33 @multi_agent_runner.py:79] #------------------------ Iteration 230 --------------------------#
[20260601 23:09:45 @multi_agent_runner.py:85] Sampling 50000 steps by 50 slaves, spending 12.27 s.
[20260601 23:09:55 @multi_agent_runner.py:94] Policy update, spending: 9.39 s.
[20260601 23:09:56 @multi_agent_runner.py:99] Evaluation time: 1.58 s.
[20260601 23:09:56 @multi_agent_runner.py:105] Total time:      89.79 min
[20260601 23:09:56 @multi_agent_runner.py:120] Agent_0 gets eval reward: 0.00.
[20260601 23:09:56 @multi_agent_runner.py:121] Agent_0 gets win rate: 0.17.
[20260601 23:09:56 @multi_agent_runner.py:120] Agent_1 gets eval reward: 0.00.
[20260601 23:09:56 @multi_agent_runner.py:121] Agent_1 gets win rate: 0.17.
[20260601 23:09:56 @multi_agent_runner.py:79] #------------------------ Iteration 231 --------------------------#
[20260601 23:10:09 @multi_agent_runner.py:85] Sampling 50000 steps by 50 slaves, spending 12.61 s.
[20260601 23:10:18 @multi_agent_runner.py:94] Policy update, spending: 9.52 s.
[20260601 23:10:20 @multi_agent_runner.py:99] Evaluation time: 1.46 s.
[20260601 23:10:20 @multi_agent_runner.py:105] Total time:      90.18 min
[20260601 23:10:20 @multi_agent_runner.py:120] Agent_0 gets eval reward: 0.00.
[20260601 23:10:20 @multi_agent_runner.py:121] Agent_0 gets win rate: 0.00.
[20260601 23:10:20 @multi_agent_runner.py:120] Agent_1 gets eval reward: 0.00.
[20260601 23:10:20 @multi_agent_runner.py:121] Agent_1 gets win rate: 0.00.
[20260601 23:10:20 @multi_agent_runner.py:79] #------------------------ Iteration 232 --------------------------#
[20260601 23:10:32 @multi_agent_runner.py:85] Sampling 50000 steps by 50 slaves, spending 12.12 s.
[20260601 23:10:42 @multi_agent_runner.py:94] Policy update, spending: 9.38 s.
[20260601 23:10:43 @multi_agent_runner.py:99] Evaluation time: 1.40 s.
[20260601 23:10:43 @multi_agent_runner.py:105] Total time:      90.57 min
[20260601 23:10:43 @multi_agent_runner.py:120] Agent_0 gets eval reward: -200.00.
[20260601 23:10:43 @multi_agent_runner.py:121] Agent_0 gets win rate: 0.20.
[20260601 23:10:43 @multi_agent_runner.py:120] Agent_1 gets eval reward: 200.00.
[20260601 23:10:43 @multi_agent_runner.py:121] Agent_1 gets win rate: 0.40.
[20260601 23:10:43 @multi_agent_runner.py:79] #------------------------ Iteration 233 --------------------------#
[20260601 23:10:56 @multi_agent_runner.py:85] Sampling 50000 steps by 50 slaves, spending 12.44 s.
[20260601 23:11:05 @multi_agent_runner.py:94] Policy update, spending: 9.26 s.
[20260601 23:11:06 @multi_agent_runner.py:99] Evaluation time: 1.53 s.
[20260601 23:11:06 @multi_agent_runner.py:105] Total time:      90.96 min
[20260601 23:11:06 @multi_agent_runner.py:120] Agent_0 gets eval reward: 200.00.
[20260601 23:11:06 @multi_agent_runner.py:121] Agent_0 gets win rate: 0.20.
[20260601 23:11:06 @multi_agent_runner.py:120] Agent_1 gets eval reward: -200.00.
[20260601 23:11:06 @multi_agent_runner.py:121] Agent_1 gets win rate: 0.00.
[20260601 23:11:06 @multi_agent_runner.py:79] #------------------------ Iteration 234 --------------------------#
[20260601 23:11:19 @multi_agent_runner.py:85] Sampling 50000 steps by 50 slaves, spending 12.96 s.
[20260601 23:11:29 @multi_agent_runner.py:94] Policy update, spending: 9.34 s.
[20260601 23:11:30 @multi_agent_runner.py:99] Evaluation time: 1.34 s.
[20260601 23:11:30 @multi_agent_runner.py:105] Total time:      91.35 min
[20260601 23:11:30 @multi_agent_runner.py:120] Agent_0 gets eval reward: -166.67.
[20260601 23:11:30 @multi_agent_runner.py:121] Agent_0 gets win rate: 0.00.
[20260601 23:11:30 @multi_agent_runner.py:120] Agent_1 gets eval reward: 166.67.
[20260601 23:11:30 @multi_agent_runner.py:121] Agent_1 gets win rate: 0.17.
[20260601 23:11:30 @multi_agent_runner.py:79] #------------------------ Iteration 235 --------------------------#
[20260601 23:11:43 @multi_agent_runner.py:85] Sampling 50000 steps by 50 slaves, spending 12.25 s.
[20260601 23:11:52 @multi_agent_runner.py:94] Policy update, spending: 9.00 s.
[20260601 23:11:53 @multi_agent_runner.py:99] Evaluation time: 1.66 s.
[20260601 23:11:53 @multi_agent_runner.py:105] Total time:      91.74 min
[20260601 23:11:53 @multi_agent_runner.py:120] Agent_0 gets eval reward: 166.67.
[20260601 23:11:53 @multi_agent_runner.py:121] Agent_0 gets win rate: 0.17.
[20260601 23:11:53 @multi_agent_runner.py:120] Agent_1 gets eval reward: -166.67.
[20260601 23:11:53 @multi_agent_runner.py:121] Agent_1 gets win rate: 0.00.
[20260601 23:11:53 @multi_agent_runner.py:79] #------------------------ Iteration 236 --------------------------#
[20260601 23:12:06 @multi_agent_runner.py:85] Sampling 50000 steps by 50 slaves, spending 12.38 s.
[20260601 23:12:15 @multi_agent_runner.py:94] Policy update, spending: 9.17 s.
[20260601 23:12:16 @multi_agent_runner.py:99] Evaluation time: 1.37 s.
[20260601 23:12:16 @multi_agent_runner.py:105] Total time:      92.12 min
[20260601 23:12:16 @multi_agent_runner.py:120] Agent_0 gets eval reward: 142.86.
[20260601 23:12:16 @multi_agent_runner.py:121] Agent_0 gets win rate: 0.14.
[20260601 23:12:16 @multi_agent_runner.py:120] Agent_1 gets eval reward: -142.86.
[20260601 23:12:16 @multi_agent_runner.py:121] Agent_1 gets win rate: 0.00.
[20260601 23:12:16 @multi_agent_runner.py:79] #------------------------ Iteration 237 --------------------------#
[20260601 23:12:29 @multi_agent_runner.py:85] Sampling 50000 steps by 50 slaves, spending 12.93 s.
[20260601 23:12:39 @multi_agent_runner.py:94] Policy update, spending: 9.46 s.
[20260601 23:12:40 @multi_agent_runner.py:99] Evaluation time: 1.39 s.
[20260601 23:12:40 @multi_agent_runner.py:105] Total time:      92.52 min
[20260601 23:12:40 @multi_agent_runner.py:120] Agent_0 gets eval reward: 0.00.
[20260601 23:12:40 @multi_agent_runner.py:121] Agent_0 gets win rate: 0.00.
[20260601 23:12:40 @multi_agent_runner.py:120] Agent_1 gets eval reward: 0.00.
[20260601 23:12:40 @multi_agent_runner.py:121] Agent_1 gets win rate: 0.00.
[20260601 23:12:40 @multi_agent_runner.py:79] #------------------------ Iteration 238 --------------------------#
[20260601 23:12:53 @multi_agent_runner.py:85] Sampling 50000 steps by 50 slaves, spending 12.89 s.
[20260601 23:13:03 @multi_agent_runner.py:94] Policy update, spending: 10.01 s.
[20260601 23:13:05 @multi_agent_runner.py:99] Evaluation time: 1.44 s.
[20260601 23:13:05 @multi_agent_runner.py:105] Total time:      92.93 min
[20260601 23:13:05 @multi_agent_runner.py:120] Agent_0 gets eval reward: -333.33.
[20260601 23:13:05 @multi_agent_runner.py:121] Agent_0 gets win rate: 0.00.
[20260601 23:13:05 @multi_agent_runner.py:120] Agent_1 gets eval reward: 333.33.
[20260601 23:13:05 @multi_agent_runner.py:121] Agent_1 gets win rate: 0.33.
[20260601 23:13:05 @multi_agent_runner.py:79] #------------------------ Iteration 239 --------------------------#
[20260601 23:13:17 @multi_agent_runner.py:85] Sampling 50000 steps by 50 slaves, spending 12.65 s.
[20260601 23:13:27 @multi_agent_runner.py:94] Policy update, spending: 9.23 s.
[20260601 23:13:28 @multi_agent_runner.py:99] Evaluation time: 1.31 s.
[20260601 23:13:28 @multi_agent_runner.py:105] Total time:      93.32 min
[20260601 23:13:28 @multi_agent_runner.py:120] Agent_0 gets eval reward: 166.67.
[20260601 23:13:28 @multi_agent_runner.py:121] Agent_0 gets win rate: 0.17.
[20260601 23:13:28 @multi_agent_runner.py:120] Agent_1 gets eval reward: -166.67.
[20260601 23:13:28 @multi_agent_runner.py:121] Agent_1 gets win rate: 0.00.
[20260601 23:13:28 @multi_agent_runner.py:79] #------------------------ Iteration 240 --------------------------#
[20260601 23:13:40 @multi_agent_runner.py:85] Sampling 50000 steps by 50 slaves, spending 12.25 s.
[20260601 23:13:50 @multi_agent_runner.py:94] Policy update, spending: 9.26 s.
[20260601 23:13:51 @multi_agent_runner.py:99] Evaluation time: 1.50 s.
[20260601 23:13:51 @multi_agent_runner.py:105] Total time:      93.70 min
[20260601 23:13:51 @multi_agent_runner.py:120] Agent_0 gets eval reward: -166.67.
[20260601 23:13:51 @multi_agent_runner.py:121] Agent_0 gets win rate: 0.00.
[20260601 23:13:51 @multi_agent_runner.py:120] Agent_1 gets eval reward: 166.67.
[20260601 23:13:51 @multi_agent_runner.py:121] Agent_1 gets win rate: 0.17.
[20260601 23:13:51 @multi_agent_runner.py:79] #------------------------ Iteration 241 --------------------------#
[20260601 23:14:03 @multi_agent_runner.py:85] Sampling 50000 steps by 50 slaves, spending 12.09 s.
[20260601 23:14:13 @multi_agent_runner.py:94] Policy update, spending: 9.46 s.
[20260601 23:14:15 @multi_agent_runner.py:99] Evaluation time: 1.63 s.
[20260601 23:14:15 @multi_agent_runner.py:105] Total time:      94.09 min
[20260601 23:14:15 @multi_agent_runner.py:120] Agent_0 gets eval reward: -166.67.
[20260601 23:14:15 @multi_agent_runner.py:121] Agent_0 gets win rate: 0.00.
[20260601 23:14:15 @multi_agent_runner.py:120] Agent_1 gets eval reward: 166.67.
[20260601 23:14:15 @multi_agent_runner.py:121] Agent_1 gets win rate: 0.17.
[20260601 23:14:15 @multi_agent_runner.py:79] #------------------------ Iteration 242 --------------------------#
[20260601 23:14:27 @multi_agent_runner.py:85] Sampling 50000 steps by 50 slaves, spending 12.09 s.
[20260601 23:14:36 @multi_agent_runner.py:94] Policy update, spending: 9.44 s.
[20260601 23:14:38 @multi_agent_runner.py:99] Evaluation time: 1.35 s.
[20260601 23:14:38 @multi_agent_runner.py:105] Total time:      94.48 min
[20260601 23:14:38 @multi_agent_runner.py:120] Agent_0 gets eval reward: -166.67.
[20260601 23:14:38 @multi_agent_runner.py:121] Agent_0 gets win rate: 0.00.
[20260601 23:14:38 @multi_agent_runner.py:120] Agent_1 gets eval reward: 166.67.
[20260601 23:14:38 @multi_agent_runner.py:121] Agent_1 gets win rate: 0.17.
[20260601 23:14:38 @multi_agent_runner.py:79] #------------------------ Iteration 243 --------------------------#
[20260601 23:14:50 @multi_agent_runner.py:85] Sampling 50000 steps by 50 slaves, spending 12.39 s.
[20260601 23:14:59 @multi_agent_runner.py:94] Policy update, spending: 9.22 s.
[20260601 23:15:01 @multi_agent_runner.py:99] Evaluation time: 1.53 s.
[20260601 23:15:01 @multi_agent_runner.py:105] Total time:      94.87 min
[20260601 23:15:01 @multi_agent_runner.py:120] Agent_0 gets eval reward: -166.67.
[20260601 23:15:01 @multi_agent_runner.py:121] Agent_0 gets win rate: 0.17.
[20260601 23:15:01 @multi_agent_runner.py:120] Agent_1 gets eval reward: 166.67.
[20260601 23:15:01 @multi_agent_runner.py:121] Agent_1 gets win rate: 0.33.
[20260601 23:15:01 @multi_agent_runner.py:79] #------------------------ Iteration 244 --------------------------#
[20260601 23:15:13 @multi_agent_runner.py:85] Sampling 50000 steps by 50 slaves, spending 12.40 s.
[20260601 23:15:23 @multi_agent_runner.py:94] Policy update, spending: 9.41 s.
[20260601 23:15:24 @multi_agent_runner.py:99] Evaluation time: 1.33 s.
[20260601 23:15:24 @multi_agent_runner.py:105] Total time:      95.25 min
[20260601 23:15:24 @multi_agent_runner.py:120] Agent_0 gets eval reward: -200.00.
[20260601 23:15:24 @multi_agent_runner.py:121] Agent_0 gets win rate: 0.00.
[20260601 23:15:24 @multi_agent_runner.py:120] Agent_1 gets eval reward: 200.00.
[20260601 23:15:24 @multi_agent_runner.py:121] Agent_1 gets win rate: 0.20.
[20260601 23:15:24 @multi_agent_runner.py:79] #------------------------ Iteration 245 --------------------------#
[20260601 23:15:37 @multi_agent_runner.py:85] Sampling 50000 steps by 50 slaves, spending 12.35 s.
[20260601 23:15:46 @multi_agent_runner.py:94] Policy update, spending: 9.17 s.
[20260601 23:15:47 @multi_agent_runner.py:99] Evaluation time: 1.31 s.
[20260601 23:15:47 @multi_agent_runner.py:105] Total time:      95.64 min
[20260601 23:15:47 @multi_agent_runner.py:120] Agent_0 gets eval reward: -400.00.
[20260601 23:15:47 @multi_agent_runner.py:121] Agent_0 gets win rate: 0.00.
[20260601 23:15:47 @multi_agent_runner.py:120] Agent_1 gets eval reward: 400.00.
[20260601 23:15:47 @multi_agent_runner.py:121] Agent_1 gets win rate: 0.40.
[20260601 23:15:47 @multi_agent_runner.py:79] #------------------------ Iteration 246 --------------------------#
[20260601 23:15:59 @multi_agent_runner.py:85] Sampling 50000 steps by 50 slaves, spending 12.11 s.
[20260601 23:16:09 @multi_agent_runner.py:94] Policy update, spending: 9.24 s.
[20260601 23:16:10 @multi_agent_runner.py:99] Evaluation time: 1.85 s.
[20260601 23:16:10 @multi_agent_runner.py:105] Total time:      96.03 min
[20260601 23:16:10 @multi_agent_runner.py:120] Agent_0 gets eval reward: -200.00.
[20260601 23:16:10 @multi_agent_runner.py:121] Agent_0 gets win rate: 0.20.
[20260601 23:16:10 @multi_agent_runner.py:120] Agent_1 gets eval reward: 200.00.
[20260601 23:16:10 @multi_agent_runner.py:121] Agent_1 gets win rate: 0.40.
[20260601 23:16:11 @multi_agent_runner.py:79] #------------------------ Iteration 247 --------------------------#
[20260601 23:16:23 @multi_agent_runner.py:85] Sampling 50000 steps by 50 slaves, spending 12.71 s.
[20260601 23:16:32 @multi_agent_runner.py:94] Policy update, spending: 9.19 s.
[20260601 23:16:34 @multi_agent_runner.py:99] Evaluation time: 1.67 s.
[20260601 23:16:34 @multi_agent_runner.py:105] Total time:      96.42 min
[20260601 23:16:34 @multi_agent_runner.py:120] Agent_0 gets eval reward: -200.00.
[20260601 23:16:34 @multi_agent_runner.py:121] Agent_0 gets win rate: 0.00.
[20260601 23:16:34 @multi_agent_runner.py:120] Agent_1 gets eval reward: 200.00.
[20260601 23:16:34 @multi_agent_runner.py:121] Agent_1 gets win rate: 0.20.
[20260601 23:16:34 @multi_agent_runner.py:79] #------------------------ Iteration 248 --------------------------#
[20260601 23:16:47 @multi_agent_runner.py:85] Sampling 50000 steps by 50 slaves, spending 12.31 s.
[20260601 23:16:56 @multi_agent_runner.py:94] Policy update, spending: 9.58 s.
[20260601 23:16:58 @multi_agent_runner.py:99] Evaluation time: 1.58 s.
[20260601 23:16:58 @multi_agent_runner.py:105] Total time:      96.81 min
[20260601 23:16:58 @multi_agent_runner.py:120] Agent_0 gets eval reward: -250.00.
[20260601 23:16:58 @multi_agent_runner.py:121] Agent_0 gets win rate: 0.00.
[20260601 23:16:58 @multi_agent_runner.py:120] Agent_1 gets eval reward: 250.00.
[20260601 23:16:58 @multi_agent_runner.py:121] Agent_1 gets win rate: 0.25.
[20260601 23:16:58 @multi_agent_runner.py:79] #------------------------ Iteration 249 --------------------------#
[20260601 23:17:10 @multi_agent_runner.py:85] Sampling 50000 steps by 50 slaves, spending 12.26 s.
[20260601 23:17:20 @multi_agent_runner.py:94] Policy update, spending: 9.62 s.
[20260601 23:17:21 @multi_agent_runner.py:99] Evaluation time: 1.50 s.
[20260601 23:17:21 @multi_agent_runner.py:105] Total time:      97.21 min
[20260601 23:17:21 @multi_agent_runner.py:120] Agent_0 gets eval reward: 0.00.
[20260601 23:17:21 @multi_agent_runner.py:121] Agent_0 gets win rate: 0.17.
[20260601 23:17:21 @multi_agent_runner.py:120] Agent_1 gets eval reward: 0.00.
[20260601 23:17:21 @multi_agent_runner.py:121] Agent_1 gets win rate: 0.17.
[20260601 23:17:21 @multi_agent_runner.py:79] #------------------------ Iteration 250 --------------------------#
[20260601 23:17:34 @multi_agent_runner.py:85] Sampling 50000 steps by 50 slaves, spending 12.47 s.
[20260601 23:17:43 @multi_agent_runner.py:94] Policy update, spending: 9.21 s.
[20260601 23:17:44 @multi_agent_runner.py:99] Evaluation time: 1.30 s.
[20260601 23:17:44 @multi_agent_runner.py:105] Total time:      97.59 min
[20260601 23:17:44 @multi_agent_runner.py:120] Agent_0 gets eval reward: 0.00.
[20260601 23:17:44 @multi_agent_runner.py:121] Agent_0 gets win rate: 0.25.
[20260601 23:17:45 @multi_agent_runner.py:120] Agent_1 gets eval reward: 0.00.
[20260601 23:17:45 @multi_agent_runner.py:121] Agent_1 gets win rate: 0.25.
[20260601 23:17:45 @multi_agent_runner.py:79] #------------------------ Iteration 251 --------------------------#
[20260601 23:17:57 @multi_agent_runner.py:85] Sampling 50000 steps by 50 slaves, spending 12.23 s.
[20260601 23:18:06 @multi_agent_runner.py:94] Policy update, spending: 9.23 s.
[20260601 23:18:07 @multi_agent_runner.py:99] Evaluation time: 1.35 s.
[20260601 23:18:07 @multi_agent_runner.py:105] Total time:      97.98 min
[20260601 23:18:07 @multi_agent_runner.py:120] Agent_0 gets eval reward: -200.00.
[20260601 23:18:07 @multi_agent_runner.py:121] Agent_0 gets win rate: 0.00.
[20260601 23:18:07 @multi_agent_runner.py:120] Agent_1 gets eval reward: 200.00.
[20260601 23:18:07 @multi_agent_runner.py:121] Agent_1 gets win rate: 0.20.
[20260601 23:18:08 @multi_agent_runner.py:79] #------------------------ Iteration 252 --------------------------#
[20260601 23:18:20 @multi_agent_runner.py:85] Sampling 50000 steps by 50 slaves, spending 12.25 s.
[20260601 23:18:29 @multi_agent_runner.py:94] Policy update, spending: 9.38 s.
[20260601 23:18:31 @multi_agent_runner.py:99] Evaluation time: 1.63 s.
[20260601 23:18:31 @multi_agent_runner.py:105] Total time:      98.37 min
[20260601 23:18:31 @multi_agent_runner.py:120] Agent_0 gets eval reward: -250.00.
[20260601 23:18:31 @multi_agent_runner.py:121] Agent_0 gets win rate: 0.25.
[20260601 23:18:31 @multi_agent_runner.py:120] Agent_1 gets eval reward: 250.00.
[20260601 23:18:31 @multi_agent_runner.py:121] Agent_1 gets win rate: 0.50.
[20260601 23:18:31 @multi_agent_runner.py:79] #------------------------ Iteration 253 --------------------------#
[20260601 23:18:43 @multi_agent_runner.py:85] Sampling 50000 steps by 50 slaves, spending 12.21 s.
[20260601 23:18:52 @multi_agent_runner.py:94] Policy update, spending: 9.29 s.
[20260601 23:18:54 @multi_agent_runner.py:99] Evaluation time: 1.34 s.
[20260601 23:18:54 @multi_agent_runner.py:105] Total time:      98.75 min
[20260601 23:18:54 @multi_agent_runner.py:120] Agent_0 gets eval reward: 142.86.
[20260601 23:18:54 @multi_agent_runner.py:121] Agent_0 gets win rate: 0.14.
[20260601 23:18:54 @multi_agent_runner.py:120] Agent_1 gets eval reward: -142.86.
[20260601 23:18:54 @multi_agent_runner.py:121] Agent_1 gets win rate: 0.00.
[20260601 23:18:54 @multi_agent_runner.py:79] #------------------------ Iteration 254 --------------------------#
[20260601 23:19:06 @multi_agent_runner.py:85] Sampling 50000 steps by 50 slaves, spending 12.08 s.
[20260601 23:19:15 @multi_agent_runner.py:94] Policy update, spending: 9.20 s.
[20260601 23:19:17 @multi_agent_runner.py:99] Evaluation time: 1.33 s.
[20260601 23:19:17 @multi_agent_runner.py:105] Total time:      99.13 min
[20260601 23:19:17 @multi_agent_runner.py:120] Agent_0 gets eval reward: 0.00.
[20260601 23:19:17 @multi_agent_runner.py:121] Agent_0 gets win rate: 0.25.
[20260601 23:19:17 @multi_agent_runner.py:120] Agent_1 gets eval reward: 0.00.
[20260601 23:19:17 @multi_agent_runner.py:121] Agent_1 gets win rate: 0.25.
[20260601 23:19:17 @multi_agent_runner.py:79] #------------------------ Iteration 255 --------------------------#
[20260601 23:19:29 @multi_agent_runner.py:85] Sampling 50000 steps by 50 slaves, spending 12.72 s.
[20260601 23:19:39 @multi_agent_runner.py:94] Policy update, spending: 9.26 s.
[20260601 23:19:40 @multi_agent_runner.py:99] Evaluation time: 1.38 s.
[20260601 23:19:40 @multi_agent_runner.py:105] Total time:      99.52 min
[20260601 23:19:40 @multi_agent_runner.py:120] Agent_0 gets eval reward: 0.00.
[20260601 23:19:40 @multi_agent_runner.py:121] Agent_0 gets win rate: 0.00.
[20260601 23:19:40 @multi_agent_runner.py:120] Agent_1 gets eval reward: 0.00.
[20260601 23:19:40 @multi_agent_runner.py:121] Agent_1 gets win rate: 0.00.
[20260601 23:19:40 @multi_agent_runner.py:79] #------------------------ Iteration 256 --------------------------#
[20260601 23:19:52 @multi_agent_runner.py:85] Sampling 50000 steps by 50 slaves, spending 12.09 s.
[20260601 23:20:02 @multi_agent_runner.py:94] Policy update, spending: 9.19 s.
[20260601 23:20:03 @multi_agent_runner.py:99] Evaluation time: 1.46 s.
[20260601 23:20:03 @multi_agent_runner.py:105] Total time:      99.90 min
[20260601 23:20:03 @multi_agent_runner.py:120] Agent_0 gets eval reward: 200.00.
[20260601 23:20:03 @multi_agent_runner.py:121] Agent_0 gets win rate: 0.20.
[20260601 23:20:03 @multi_agent_runner.py:120] Agent_1 gets eval reward: -200.00.
[20260601 23:20:03 @multi_agent_runner.py:121] Agent_1 gets win rate: 0.00.
[20260601 23:20:03 @multi_agent_runner.py:79] #------------------------ Iteration 257 --------------------------#
[20260601 23:20:15 @multi_agent_runner.py:85] Sampling 50000 steps by 50 slaves, spending 12.07 s.
[20260601 23:20:25 @multi_agent_runner.py:94] Policy update, spending: 9.30 s.
[20260601 23:20:26 @multi_agent_runner.py:99] Evaluation time: 1.55 s.
[20260601 23:20:26 @multi_agent_runner.py:105] Total time:     100.29 min
[20260601 23:20:26 @multi_agent_runner.py:120] Agent_0 gets eval reward: 0.00.
[20260601 23:20:26 @multi_agent_runner.py:121] Agent_0 gets win rate: 0.20.
[20260601 23:20:26 @multi_agent_runner.py:120] Agent_1 gets eval reward: 0.00.
[20260601 23:20:26 @multi_agent_runner.py:121] Agent_1 gets win rate: 0.20.
[20260601 23:20:26 @multi_agent_runner.py:79] #------------------------ Iteration 258 --------------------------#
[20260601 23:20:38 @multi_agent_runner.py:85] Sampling 50000 steps by 50 slaves, spending 12.15 s.
[20260601 23:20:48 @multi_agent_runner.py:94] Policy update, spending: 9.30 s.
[20260601 23:20:49 @multi_agent_runner.py:99] Evaluation time: 1.35 s.
[20260601 23:20:49 @multi_agent_runner.py:105] Total time:     100.67 min
[20260601 23:20:49 @multi_agent_runner.py:120] Agent_0 gets eval reward: -166.67.
[20260601 23:20:49 @multi_agent_runner.py:121] Agent_0 gets win rate: 0.00.
[20260601 23:20:49 @multi_agent_runner.py:120] Agent_1 gets eval reward: 166.67.
[20260601 23:20:49 @multi_agent_runner.py:121] Agent_1 gets win rate: 0.17.
[20260601 23:20:49 @multi_agent_runner.py:79] #------------------------ Iteration 259 --------------------------#
[20260601 23:21:02 @multi_agent_runner.py:85] Sampling 50000 steps by 50 slaves, spending 12.49 s.
[20260601 23:21:11 @multi_agent_runner.py:94] Policy update, spending: 9.57 s.
[20260601 23:21:13 @multi_agent_runner.py:99] Evaluation time: 1.61 s.
[20260601 23:21:13 @multi_agent_runner.py:105] Total time:     101.06 min
[20260601 23:21:13 @multi_agent_runner.py:120] Agent_0 gets eval reward: 166.67.
[20260601 23:21:13 @multi_agent_runner.py:121] Agent_0 gets win rate: 0.17.
[20260601 23:21:13 @multi_agent_runner.py:120] Agent_1 gets eval reward: -166.67.
[20260601 23:21:13 @multi_agent_runner.py:121] Agent_1 gets win rate: 0.00.
[20260601 23:21:13 @multi_agent_runner.py:79] #------------------------ Iteration 260 --------------------------#
[20260601 23:21:25 @multi_agent_runner.py:85] Sampling 50000 steps by 50 slaves, spending 12.10 s.
[20260601 23:21:35 @multi_agent_runner.py:94] Policy update, spending: 9.58 s.
[20260601 23:21:36 @multi_agent_runner.py:99] Evaluation time: 1.35 s.
[20260601 23:21:36 @multi_agent_runner.py:105] Total time:     101.45 min
[20260601 23:21:36 @multi_agent_runner.py:120] Agent_0 gets eval reward: 0.00.
[20260601 23:21:36 @multi_agent_runner.py:121] Agent_0 gets win rate: 0.00.
[20260601 23:21:36 @multi_agent_runner.py:120] Agent_1 gets eval reward: 0.00.
[20260601 23:21:36 @multi_agent_runner.py:121] Agent_1 gets win rate: 0.00.
[20260601 23:21:36 @multi_agent_runner.py:79] #------------------------ Iteration 261 --------------------------#
[20260601 23:21:48 @multi_agent_runner.py:85] Sampling 50000 steps by 50 slaves, spending 11.89 s.
[20260601 23:21:57 @multi_agent_runner.py:94] Policy update, spending: 9.14 s.
[20260601 23:21:59 @multi_agent_runner.py:99] Evaluation time: 1.88 s.
[20260601 23:21:59 @multi_agent_runner.py:105] Total time:     101.84 min
[20260601 23:21:59 @multi_agent_runner.py:120] Agent_0 gets eval reward: 0.00.
[20260601 23:21:59 @multi_agent_runner.py:121] Agent_0 gets win rate: 0.17.
[20260601 23:21:59 @multi_agent_runner.py:120] Agent_1 gets eval reward: 0.00.
[20260601 23:21:59 @multi_agent_runner.py:121] Agent_1 gets win rate: 0.17.
[20260601 23:21:59 @multi_agent_runner.py:79] #------------------------ Iteration 262 --------------------------#
[20260601 23:22:12 @multi_agent_runner.py:85] Sampling 50000 steps by 50 slaves, spending 12.38 s.
[20260601 23:22:21 @multi_agent_runner.py:94] Policy update, spending: 9.18 s.
[20260601 23:22:22 @multi_agent_runner.py:99] Evaluation time: 1.71 s.
[20260601 23:22:22 @multi_agent_runner.py:105] Total time:     102.23 min
[20260601 23:22:23 @multi_agent_runner.py:120] Agent_0 gets eval reward: -142.86.
[20260601 23:22:23 @multi_agent_runner.py:121] Agent_0 gets win rate: 0.00.
[20260601 23:22:23 @multi_agent_runner.py:120] Agent_1 gets eval reward: 142.86.
[20260601 23:22:23 @multi_agent_runner.py:121] Agent_1 gets win rate: 0.14.
[20260601 23:22:23 @multi_agent_runner.py:79] #------------------------ Iteration 263 --------------------------#
[20260601 23:22:35 @multi_agent_runner.py:85] Sampling 50000 steps by 50 slaves, spending 12.36 s.
[20260601 23:22:44 @multi_agent_runner.py:94] Policy update, spending: 9.31 s.
[20260601 23:22:46 @multi_agent_runner.py:99] Evaluation time: 1.36 s.
[20260601 23:22:46 @multi_agent_runner.py:105] Total time:     102.61 min
[20260601 23:22:46 @multi_agent_runner.py:120] Agent_0 gets eval reward: 600.00.
[20260601 23:22:46 @multi_agent_runner.py:121] Agent_0 gets win rate: 0.60.
[20260601 23:22:46 @multi_agent_runner.py:120] Agent_1 gets eval reward: -600.00.
[20260601 23:22:46 @multi_agent_runner.py:121] Agent_1 gets win rate: 0.00.
[20260601 23:22:46 @multi_agent_runner.py:462] CRITICAL save best checkpoint with agent_0's rewards 600.00!
[20260601 23:22:46 @multi_agent_runner.py:79] #------------------------ Iteration 264 --------------------------#
[20260601 23:22:58 @multi_agent_runner.py:85] Sampling 50000 steps by 50 slaves, spending 12.16 s.
[20260601 23:23:07 @multi_agent_runner.py:94] Policy update, spending: 9.32 s.
[20260601 23:23:09 @multi_agent_runner.py:99] Evaluation time: 1.41 s.
[20260601 23:23:09 @multi_agent_runner.py:105] Total time:     103.00 min
[20260601 23:23:09 @multi_agent_runner.py:120] Agent_0 gets eval reward: 200.00.
[20260601 23:23:09 @multi_agent_runner.py:121] Agent_0 gets win rate: 0.40.
[20260601 23:23:09 @multi_agent_runner.py:120] Agent_1 gets eval reward: -200.00.
[20260601 23:23:09 @multi_agent_runner.py:121] Agent_1 gets win rate: 0.20.
[20260601 23:23:09 @multi_agent_runner.py:79] #------------------------ Iteration 265 --------------------------#
[20260601 23:23:20 @multi_agent_runner.py:85] Sampling 50000 steps by 50 slaves, spending 11.61 s.
[20260601 23:23:30 @multi_agent_runner.py:94] Policy update, spending: 9.37 s.
[20260601 23:23:31 @multi_agent_runner.py:99] Evaluation time: 1.61 s.
[20260601 23:23:31 @multi_agent_runner.py:105] Total time:     103.37 min
[20260601 23:23:31 @multi_agent_runner.py:120] Agent_0 gets eval reward: 0.00.
[20260601 23:23:31 @multi_agent_runner.py:121] Agent_0 gets win rate: 0.00.
[20260601 23:23:31 @multi_agent_runner.py:120] Agent_1 gets eval reward: 0.00.
[20260601 23:23:31 @multi_agent_runner.py:121] Agent_1 gets win rate: 0.00.
[20260601 23:23:32 @multi_agent_runner.py:79] #------------------------ Iteration 266 --------------------------#
[20260601 23:23:44 @multi_agent_runner.py:85] Sampling 50000 steps by 50 slaves, spending 12.24 s.
[20260601 23:23:53 @multi_agent_runner.py:94] Policy update, spending: 8.84 s.
[20260601 23:23:54 @multi_agent_runner.py:99] Evaluation time: 1.52 s.
[20260601 23:23:54 @multi_agent_runner.py:105] Total time:     103.75 min
[20260601 23:23:54 @multi_agent_runner.py:120] Agent_0 gets eval reward: 0.00.
[20260601 23:23:54 @multi_agent_runner.py:121] Agent_0 gets win rate: 0.17.
[20260601 23:23:54 @multi_agent_runner.py:120] Agent_1 gets eval reward: 0.00.
[20260601 23:23:54 @multi_agent_runner.py:121] Agent_1 gets win rate: 0.17.
[20260601 23:23:54 @multi_agent_runner.py:79] #------------------------ Iteration 267 --------------------------#
[20260601 23:24:07 @multi_agent_runner.py:85] Sampling 50000 steps by 50 slaves, spending 12.25 s.
[20260601 23:24:16 @multi_agent_runner.py:94] Policy update, spending: 9.25 s.
[20260601 23:24:18 @multi_agent_runner.py:99] Evaluation time: 1.99 s.
[20260601 23:24:18 @multi_agent_runner.py:105] Total time:     104.15 min
[20260601 23:24:18 @multi_agent_runner.py:120] Agent_0 gets eval reward: -166.67.
[20260601 23:24:18 @multi_agent_runner.py:121] Agent_0 gets win rate: 0.00.
[20260601 23:24:18 @multi_agent_runner.py:120] Agent_1 gets eval reward: 166.67.
[20260601 23:24:18 @multi_agent_runner.py:121] Agent_1 gets win rate: 0.17.
[20260601 23:24:18 @multi_agent_runner.py:79] #------------------------ Iteration 268 --------------------------#
[20260601 23:24:31 @multi_agent_runner.py:85] Sampling 50000 steps by 50 slaves, spending 12.62 s.
[20260601 23:24:40 @multi_agent_runner.py:94] Policy update, spending: 9.09 s.
[20260601 23:24:41 @multi_agent_runner.py:99] Evaluation time: 1.70 s.
[20260601 23:24:41 @multi_agent_runner.py:105] Total time:     104.54 min
[20260601 23:24:41 @multi_agent_runner.py:120] Agent_0 gets eval reward: 250.00.
[20260601 23:24:41 @multi_agent_runner.py:121] Agent_0 gets win rate: 0.25.
[20260601 23:24:41 @multi_agent_runner.py:120] Agent_1 gets eval reward: -250.00.
[20260601 23:24:41 @multi_agent_runner.py:121] Agent_1 gets win rate: 0.00.
[20260601 23:24:41 @multi_agent_runner.py:79] #------------------------ Iteration 269 --------------------------#
[20260601 23:24:54 @multi_agent_runner.py:85] Sampling 50000 steps by 50 slaves, spending 12.71 s.
[20260601 23:25:03 @multi_agent_runner.py:94] Policy update, spending: 9.18 s.
[20260601 23:25:05 @multi_agent_runner.py:99] Evaluation time: 1.61 s.
[20260601 23:25:05 @multi_agent_runner.py:105] Total time:     104.93 min
[20260601 23:25:05 @multi_agent_runner.py:120] Agent_0 gets eval reward: 0.00.
[20260601 23:25:05 @multi_agent_runner.py:121] Agent_0 gets win rate: 0.20.
[20260601 23:25:05 @multi_agent_runner.py:120] Agent_1 gets eval reward: 0.00.
[20260601 23:25:05 @multi_agent_runner.py:121] Agent_1 gets win rate: 0.20.
[20260601 23:25:05 @multi_agent_runner.py:79] #------------------------ Iteration 270 --------------------------#
[20260601 23:25:17 @multi_agent_runner.py:85] Sampling 50000 steps by 50 slaves, spending 11.93 s.
[20260601 23:25:26 @multi_agent_runner.py:94] Policy update, spending: 9.16 s.
[20260601 23:25:28 @multi_agent_runner.py:99] Evaluation time: 1.37 s.
[20260601 23:25:28 @multi_agent_runner.py:105] Total time:     105.31 min
[20260601 23:25:28 @multi_agent_runner.py:120] Agent_0 gets eval reward: 0.00.
[20260601 23:25:28 @multi_agent_runner.py:121] Agent_0 gets win rate: 0.00.
[20260601 23:25:28 @multi_agent_runner.py:120] Agent_1 gets eval reward: 0.00.
[20260601 23:25:28 @multi_agent_runner.py:121] Agent_1 gets win rate: 0.00.
[20260601 23:25:28 @multi_agent_runner.py:79] #------------------------ Iteration 271 --------------------------#
[20260601 23:25:40 @multi_agent_runner.py:85] Sampling 50000 steps by 50 slaves, spending 12.21 s.
[20260601 23:25:49 @multi_agent_runner.py:94] Policy update, spending: 8.91 s.
[20260601 23:25:50 @multi_agent_runner.py:99] Evaluation time: 1.49 s.
[20260601 23:25:50 @multi_agent_runner.py:105] Total time:     105.69 min
[20260601 23:25:50 @multi_agent_runner.py:120] Agent_0 gets eval reward: 0.00.
[20260601 23:25:50 @multi_agent_runner.py:121] Agent_0 gets win rate: 0.17.
[20260601 23:25:50 @multi_agent_runner.py:120] Agent_1 gets eval reward: 0.00.
[20260601 23:25:50 @multi_agent_runner.py:121] Agent_1 gets win rate: 0.17.
[20260601 23:25:50 @multi_agent_runner.py:79] #------------------------ Iteration 272 --------------------------#
[20260601 23:26:03 @multi_agent_runner.py:85] Sampling 50000 steps by 50 slaves, spending 12.61 s.
[20260601 23:26:13 @multi_agent_runner.py:94] Policy update, spending: 9.58 s.
[20260601 23:26:14 @multi_agent_runner.py:99] Evaluation time: 1.43 s.
[20260601 23:26:14 @multi_agent_runner.py:105] Total time:     106.09 min
[20260601 23:26:14 @multi_agent_runner.py:120] Agent_0 gets eval reward: -166.67.
[20260601 23:26:14 @multi_agent_runner.py:121] Agent_0 gets win rate: 0.00.
[20260601 23:26:14 @multi_agent_runner.py:120] Agent_1 gets eval reward: 166.67.
[20260601 23:26:14 @multi_agent_runner.py:121] Agent_1 gets win rate: 0.17.
[20260601 23:26:14 @multi_agent_runner.py:79] #------------------------ Iteration 273 --------------------------#
[20260601 23:26:27 @multi_agent_runner.py:85] Sampling 50000 steps by 50 slaves, spending 12.91 s.
[20260601 23:26:36 @multi_agent_runner.py:94] Policy update, spending: 9.09 s.
[20260601 23:26:38 @multi_agent_runner.py:99] Evaluation time: 1.75 s.
[20260601 23:26:38 @multi_agent_runner.py:105] Total time:     106.49 min
[20260601 23:26:38 @multi_agent_runner.py:120] Agent_0 gets eval reward: -200.00.
[20260601 23:26:38 @multi_agent_runner.py:121] Agent_0 gets win rate: 0.00.
[20260601 23:26:38 @multi_agent_runner.py:120] Agent_1 gets eval reward: 200.00.
[20260601 23:26:38 @multi_agent_runner.py:121] Agent_1 gets win rate: 0.20.
[20260601 23:26:38 @multi_agent_runner.py:79] #------------------------ Iteration 274 --------------------------#
[20260601 23:26:50 @multi_agent_runner.py:85] Sampling 50000 steps by 50 slaves, spending 12.20 s.
[20260601 23:27:00 @multi_agent_runner.py:94] Policy update, spending: 9.28 s.
[20260601 23:27:01 @multi_agent_runner.py:99] Evaluation time: 1.36 s.
[20260601 23:27:01 @multi_agent_runner.py:105] Total time:     106.87 min
[20260601 23:27:01 @multi_agent_runner.py:120] Agent_0 gets eval reward: 0.00.
[20260601 23:27:01 @multi_agent_runner.py:121] Agent_0 gets win rate: 0.00.
[20260601 23:27:01 @multi_agent_runner.py:120] Agent_1 gets eval reward: 0.00.
[20260601 23:27:01 @multi_agent_runner.py:121] Agent_1 gets win rate: 0.00.
[20260601 23:27:01 @multi_agent_runner.py:79] #------------------------ Iteration 275 --------------------------#
[20260601 23:27:13 @multi_agent_runner.py:85] Sampling 50000 steps by 50 slaves, spending 12.34 s.
[20260601 23:27:22 @multi_agent_runner.py:94] Policy update, spending: 8.80 s.
[20260601 23:27:24 @multi_agent_runner.py:99] Evaluation time: 1.42 s.
[20260601 23:27:24 @multi_agent_runner.py:105] Total time:     107.25 min
[20260601 23:27:24 @multi_agent_runner.py:120] Agent_0 gets eval reward: 500.00.
[20260601 23:27:24 @multi_agent_runner.py:121] Agent_0 gets win rate: 0.50.
[20260601 23:27:24 @multi_agent_runner.py:120] Agent_1 gets eval reward: -500.00.
[20260601 23:27:24 @multi_agent_runner.py:121] Agent_1 gets win rate: 0.00.
[20260601 23:27:24 @multi_agent_runner.py:79] #------------------------ Iteration 276 --------------------------#
[20260601 23:27:36 @multi_agent_runner.py:85] Sampling 50000 steps by 50 slaves, spending 12.56 s.
[20260601 23:27:46 @multi_agent_runner.py:94] Policy update, spending: 9.17 s.
[20260601 23:27:47 @multi_agent_runner.py:99] Evaluation time: 1.67 s.
[20260601 23:27:47 @multi_agent_runner.py:105] Total time:     107.64 min
[20260601 23:27:47 @multi_agent_runner.py:120] Agent_0 gets eval reward: -250.00.
[20260601 23:27:47 @multi_agent_runner.py:121] Agent_0 gets win rate: 0.00.
[20260601 23:27:47 @multi_agent_runner.py:120] Agent_1 gets eval reward: 250.00.
[20260601 23:27:47 @multi_agent_runner.py:121] Agent_1 gets win rate: 0.25.
[20260601 23:27:47 @multi_agent_runner.py:79] #------------------------ Iteration 277 --------------------------#
[20260601 23:28:00 @multi_agent_runner.py:85] Sampling 50000 steps by 50 slaves, spending 12.20 s.
[20260601 23:28:09 @multi_agent_runner.py:94] Policy update, spending: 9.04 s.
[20260601 23:28:10 @multi_agent_runner.py:99] Evaluation time: 1.38 s.
[20260601 23:28:10 @multi_agent_runner.py:105] Total time:     108.02 min
[20260601 23:28:10 @multi_agent_runner.py:120] Agent_0 gets eval reward: -142.86.
[20260601 23:28:10 @multi_agent_runner.py:121] Agent_0 gets win rate: 0.00.
[20260601 23:28:10 @multi_agent_runner.py:120] Agent_1 gets eval reward: 142.86.
[20260601 23:28:10 @multi_agent_runner.py:121] Agent_1 gets win rate: 0.14.
[20260601 23:28:10 @multi_agent_runner.py:79] #------------------------ Iteration 278 --------------------------#
[20260601 23:28:22 @multi_agent_runner.py:85] Sampling 50000 steps by 50 slaves, spending 11.90 s.
[20260601 23:28:31 @multi_agent_runner.py:94] Policy update, spending: 9.29 s.
[20260601 23:28:33 @multi_agent_runner.py:99] Evaluation time: 1.36 s.
[20260601 23:28:33 @multi_agent_runner.py:105] Total time:     108.40 min
[20260601 23:28:33 @multi_agent_runner.py:120] Agent_0 gets eval reward: 0.00.
[20260601 23:28:33 @multi_agent_runner.py:121] Agent_0 gets win rate: 0.17.
[20260601 23:28:33 @multi_agent_runner.py:120] Agent_1 gets eval reward: 0.00.
[20260601 23:28:33 @multi_agent_runner.py:121] Agent_1 gets win rate: 0.17.
[20260601 23:28:33 @multi_agent_runner.py:79] #------------------------ Iteration 279 --------------------------#
[20260601 23:28:45 @multi_agent_runner.py:85] Sampling 50000 steps by 50 slaves, spending 12.08 s.
[20260601 23:28:54 @multi_agent_runner.py:94] Policy update, spending: 8.94 s.
[20260601 23:28:55 @multi_agent_runner.py:99] Evaluation time: 1.40 s.
[20260601 23:28:55 @multi_agent_runner.py:105] Total time:     108.77 min
[20260601 23:28:55 @multi_agent_runner.py:120] Agent_0 gets eval reward: -333.33.
[20260601 23:28:55 @multi_agent_runner.py:121] Agent_0 gets win rate: 0.00.
[20260601 23:28:55 @multi_agent_runner.py:120] Agent_1 gets eval reward: 333.33.
[20260601 23:28:55 @multi_agent_runner.py:121] Agent_1 gets win rate: 0.33.
[20260601 23:28:55 @multi_agent_runner.py:79] #------------------------ Iteration 280 --------------------------#
[20260601 23:29:07 @multi_agent_runner.py:85] Sampling 50000 steps by 50 slaves, spending 12.00 s.
[20260601 23:29:17 @multi_agent_runner.py:94] Policy update, spending: 9.11 s.
[20260601 23:29:18 @multi_agent_runner.py:99] Evaluation time: 1.45 s.
[20260601 23:29:18 @multi_agent_runner.py:105] Total time:     109.15 min
[20260601 23:29:18 @multi_agent_runner.py:120] Agent_0 gets eval reward: 333.33.
[20260601 23:29:18 @multi_agent_runner.py:121] Agent_0 gets win rate: 0.33.
[20260601 23:29:18 @multi_agent_runner.py:120] Agent_1 gets eval reward: -333.33.
[20260601 23:29:18 @multi_agent_runner.py:121] Agent_1 gets win rate: 0.00.
[20260601 23:29:18 @multi_agent_runner.py:79] #------------------------ Iteration 281 --------------------------#
[20260601 23:29:30 @multi_agent_runner.py:85] Sampling 50000 steps by 50 slaves, spending 11.96 s.
[20260601 23:29:39 @multi_agent_runner.py:94] Policy update, spending: 8.97 s.
[20260601 23:29:41 @multi_agent_runner.py:99] Evaluation time: 1.76 s.
[20260601 23:29:41 @multi_agent_runner.py:105] Total time:     109.53 min
[20260601 23:29:41 @multi_agent_runner.py:120] Agent_0 gets eval reward: 0.00.
[20260601 23:29:41 @multi_agent_runner.py:121] Agent_0 gets win rate: 0.25.
[20260601 23:29:41 @multi_agent_runner.py:120] Agent_1 gets eval reward: 0.00.
[20260601 23:29:41 @multi_agent_runner.py:121] Agent_1 gets win rate: 0.25.
[20260601 23:29:41 @multi_agent_runner.py:79] #------------------------ Iteration 282 --------------------------#
[20260601 23:29:53 @multi_agent_runner.py:85] Sampling 50000 steps by 50 slaves, spending 12.47 s.
[20260601 23:30:02 @multi_agent_runner.py:94] Policy update, spending: 9.08 s.
[20260601 23:30:04 @multi_agent_runner.py:99] Evaluation time: 1.71 s.
[20260601 23:30:04 @multi_agent_runner.py:105] Total time:     109.92 min
[20260601 23:30:04 @multi_agent_runner.py:120] Agent_0 gets eval reward: -333.33.
[20260601 23:30:04 @multi_agent_runner.py:121] Agent_0 gets win rate: 0.00.
[20260601 23:30:04 @multi_agent_runner.py:120] Agent_1 gets eval reward: 333.33.
[20260601 23:30:04 @multi_agent_runner.py:121] Agent_1 gets win rate: 0.33.
[20260601 23:30:04 @multi_agent_runner.py:79] #------------------------ Iteration 283 --------------------------#
[20260601 23:30:16 @multi_agent_runner.py:85] Sampling 50000 steps by 50 slaves, spending 12.12 s.
[20260601 23:30:26 @multi_agent_runner.py:94] Policy update, spending: 9.43 s.
[20260601 23:30:27 @multi_agent_runner.py:99] Evaluation time: 1.50 s.
[20260601 23:30:27 @multi_agent_runner.py:105] Total time:     110.31 min
[20260601 23:30:27 @multi_agent_runner.py:120] Agent_0 gets eval reward: 142.86.
[20260601 23:30:27 @multi_agent_runner.py:121] Agent_0 gets win rate: 0.14.
[20260601 23:30:27 @multi_agent_runner.py:120] Agent_1 gets eval reward: -142.86.
[20260601 23:30:27 @multi_agent_runner.py:121] Agent_1 gets win rate: 0.00.
[20260601 23:30:28 @multi_agent_runner.py:79] #------------------------ Iteration 284 --------------------------#
[20260601 23:30:40 @multi_agent_runner.py:85] Sampling 50000 steps by 50 slaves, spending 12.12 s.
[20260601 23:30:49 @multi_agent_runner.py:94] Policy update, spending: 9.03 s.
[20260601 23:30:50 @multi_agent_runner.py:99] Evaluation time: 1.41 s.
[20260601 23:30:50 @multi_agent_runner.py:105] Total time:     110.69 min
[20260601 23:30:50 @multi_agent_runner.py:120] Agent_0 gets eval reward: 0.00.
[20260601 23:30:50 @multi_agent_runner.py:121] Agent_0 gets win rate: 0.00.
[20260601 23:30:50 @multi_agent_runner.py:120] Agent_1 gets eval reward: 0.00.
[20260601 23:30:50 @multi_agent_runner.py:121] Agent_1 gets win rate: 0.00.
[20260601 23:30:50 @multi_agent_runner.py:79] #------------------------ Iteration 285 --------------------------#
[20260601 23:31:03 @multi_agent_runner.py:85] Sampling 50000 steps by 50 slaves, spending 12.89 s.
[20260601 23:31:12 @multi_agent_runner.py:94] Policy update, spending: 9.21 s.
[20260601 23:31:14 @multi_agent_runner.py:99] Evaluation time: 1.33 s.
[20260601 23:31:14 @multi_agent_runner.py:105] Total time:     111.08 min
[20260601 23:31:14 @multi_agent_runner.py:120] Agent_0 gets eval reward: -500.00.
[20260601 23:31:14 @multi_agent_runner.py:121] Agent_0 gets win rate: 0.00.
[20260601 23:31:14 @multi_agent_runner.py:120] Agent_1 gets eval reward: 500.00.
[20260601 23:31:14 @multi_agent_runner.py:121] Agent_1 gets win rate: 0.50.
[20260601 23:31:14 @multi_agent_runner.py:79] #------------------------ Iteration 286 --------------------------#
[20260601 23:31:27 @multi_agent_runner.py:85] Sampling 50000 steps by 50 slaves, spending 12.72 s.
[20260601 23:31:36 @multi_agent_runner.py:94] Policy update, spending: 9.11 s.
[20260601 23:31:37 @multi_agent_runner.py:99] Evaluation time: 1.39 s.
[20260601 23:31:37 @multi_agent_runner.py:105] Total time:     111.47 min
[20260601 23:31:37 @multi_agent_runner.py:120] Agent_0 gets eval reward: 0.00.
[20260601 23:31:37 @multi_agent_runner.py:121] Agent_0 gets win rate: 0.00.
[20260601 23:31:37 @multi_agent_runner.py:120] Agent_1 gets eval reward: 0.00.
[20260601 23:31:37 @multi_agent_runner.py:121] Agent_1 gets win rate: 0.00.
[20260601 23:31:37 @multi_agent_runner.py:79] #------------------------ Iteration 287 --------------------------#
[20260601 23:31:50 @multi_agent_runner.py:85] Sampling 50000 steps by 50 slaves, spending 12.67 s.
[20260601 23:31:59 @multi_agent_runner.py:94] Policy update, spending: 9.21 s.
[20260601 23:32:01 @multi_agent_runner.py:99] Evaluation time: 1.48 s.
[20260601 23:32:01 @multi_agent_runner.py:105] Total time:     111.86 min
[20260601 23:32:01 @multi_agent_runner.py:120] Agent_0 gets eval reward: 166.67.
[20260601 23:32:01 @multi_agent_runner.py:121] Agent_0 gets win rate: 0.33.
[20260601 23:32:01 @multi_agent_runner.py:120] Agent_1 gets eval reward: -166.67.
[20260601 23:32:01 @multi_agent_runner.py:121] Agent_1 gets win rate: 0.17.
[20260601 23:32:01 @multi_agent_runner.py:79] #------------------------ Iteration 288 --------------------------#
[20260601 23:32:13 @multi_agent_runner.py:85] Sampling 50000 steps by 50 slaves, spending 12.44 s.
[20260601 23:32:23 @multi_agent_runner.py:94] Policy update, spending: 9.59 s.
[20260601 23:32:24 @multi_agent_runner.py:99] Evaluation time: 1.45 s.
[20260601 23:32:24 @multi_agent_runner.py:105] Total time:     112.25 min
[20260601 23:32:24 @multi_agent_runner.py:120] Agent_0 gets eval reward: 0.00.
[20260601 23:32:24 @multi_agent_runner.py:121] Agent_0 gets win rate: 0.00.
[20260601 23:32:24 @multi_agent_runner.py:120] Agent_1 gets eval reward: 0.00.
[20260601 23:32:24 @multi_agent_runner.py:121] Agent_1 gets win rate: 0.00.
[20260601 23:32:24 @multi_agent_runner.py:79] #------------------------ Iteration 289 --------------------------#
[20260601 23:32:37 @multi_agent_runner.py:85] Sampling 50000 steps by 50 slaves, spending 12.24 s.
[20260601 23:32:46 @multi_agent_runner.py:94] Policy update, spending: 9.16 s.
[20260601 23:32:47 @multi_agent_runner.py:99] Evaluation time: 1.42 s.
[20260601 23:32:47 @multi_agent_runner.py:105] Total time:     112.64 min
[20260601 23:32:47 @multi_agent_runner.py:120] Agent_0 gets eval reward: 333.33.
[20260601 23:32:47 @multi_agent_runner.py:121] Agent_0 gets win rate: 0.33.
[20260601 23:32:47 @multi_agent_runner.py:120] Agent_1 gets eval reward: -333.33.
[20260601 23:32:47 @multi_agent_runner.py:121] Agent_1 gets win rate: 0.00.
[20260601 23:32:47 @multi_agent_runner.py:79] #------------------------ Iteration 290 --------------------------#
[20260601 23:33:00 @multi_agent_runner.py:85] Sampling 50000 steps by 50 slaves, spending 12.25 s.
[20260601 23:33:09 @multi_agent_runner.py:94] Policy update, spending: 9.25 s.
[20260601 23:33:10 @multi_agent_runner.py:99] Evaluation time: 1.53 s.
[20260601 23:33:10 @multi_agent_runner.py:105] Total time:     113.02 min
[20260601 23:33:10 @multi_agent_runner.py:120] Agent_0 gets eval reward: 0.00.
[20260601 23:33:10 @multi_agent_runner.py:121] Agent_0 gets win rate: 0.00.
[20260601 23:33:10 @multi_agent_runner.py:120] Agent_1 gets eval reward: 0.00.
[20260601 23:33:10 @multi_agent_runner.py:121] Agent_1 gets win rate: 0.00.
[20260601 23:33:10 @multi_agent_runner.py:79] #------------------------ Iteration 291 --------------------------#
[20260601 23:33:23 @multi_agent_runner.py:85] Sampling 50000 steps by 50 slaves, spending 12.33 s.
[20260601 23:33:32 @multi_agent_runner.py:94] Policy update, spending: 9.40 s.
[20260601 23:33:34 @multi_agent_runner.py:99] Evaluation time: 1.69 s.
[20260601 23:33:34 @multi_agent_runner.py:105] Total time:     113.42 min
[20260601 23:33:34 @multi_agent_runner.py:120] Agent_0 gets eval reward: 142.86.
[20260601 23:33:34 @multi_agent_runner.py:121] Agent_0 gets win rate: 0.14.
[20260601 23:33:34 @multi_agent_runner.py:120] Agent_1 gets eval reward: -142.86.
[20260601 23:33:34 @multi_agent_runner.py:121] Agent_1 gets win rate: 0.00.
[20260601 23:33:34 @multi_agent_runner.py:79] #------------------------ Iteration 292 --------------------------#
[20260601 23:33:47 @multi_agent_runner.py:85] Sampling 50000 steps by 50 slaves, spending 12.54 s.
[20260601 23:33:56 @multi_agent_runner.py:94] Policy update, spending: 9.27 s.
[20260601 23:33:57 @multi_agent_runner.py:99] Evaluation time: 1.43 s.
[20260601 23:33:57 @multi_agent_runner.py:105] Total time:     113.81 min
[20260601 23:33:57 @multi_agent_runner.py:120] Agent_0 gets eval reward: -400.00.
[20260601 23:33:57 @multi_agent_runner.py:121] Agent_0 gets win rate: 0.00.
[20260601 23:33:57 @multi_agent_runner.py:120] Agent_1 gets eval reward: 400.00.
[20260601 23:33:57 @multi_agent_runner.py:121] Agent_1 gets win rate: 0.40.
[20260601 23:33:57 @multi_agent_runner.py:79] #------------------------ Iteration 293 --------------------------#
[20260601 23:34:10 @multi_agent_runner.py:85] Sampling 50000 steps by 50 slaves, spending 12.50 s.
[20260601 23:34:19 @multi_agent_runner.py:94] Policy update, spending: 8.87 s.
[20260601 23:34:20 @multi_agent_runner.py:99] Evaluation time: 1.66 s.
[20260601 23:34:20 @multi_agent_runner.py:105] Total time:     114.19 min
[20260601 23:34:20 @multi_agent_runner.py:120] Agent_0 gets eval reward: 400.00.
[20260601 23:34:20 @multi_agent_runner.py:121] Agent_0 gets win rate: 0.20.
[20260601 23:34:20 @multi_agent_runner.py:120] Agent_1 gets eval reward: -400.00.
[20260601 23:34:21 @multi_agent_runner.py:121] Agent_1 gets win rate: 0.00.
[20260601 23:34:21 @multi_agent_runner.py:79] #------------------------ Iteration 294 --------------------------#
[20260601 23:34:33 @multi_agent_runner.py:85] Sampling 50000 steps by 50 slaves, spending 12.27 s.
[20260601 23:34:42 @multi_agent_runner.py:94] Policy update, spending: 9.15 s.
[20260601 23:34:43 @multi_agent_runner.py:99] Evaluation time: 1.30 s.
[20260601 23:34:43 @multi_agent_runner.py:105] Total time:     114.57 min
[20260601 23:34:43 @multi_agent_runner.py:120] Agent_0 gets eval reward: 0.00.
[20260601 23:34:43 @multi_agent_runner.py:121] Agent_0 gets win rate: 0.20.
[20260601 23:34:43 @multi_agent_runner.py:120] Agent_1 gets eval reward: 0.00.
[20260601 23:34:43 @multi_agent_runner.py:121] Agent_1 gets win rate: 0.20.
[20260601 23:34:43 @multi_agent_runner.py:79] #------------------------ Iteration 295 --------------------------#
[20260601 23:34:56 @multi_agent_runner.py:85] Sampling 50000 steps by 50 slaves, spending 12.49 s.
[20260601 23:35:05 @multi_agent_runner.py:94] Policy update, spending: 9.28 s.
[20260601 23:35:07 @multi_agent_runner.py:99] Evaluation time: 2.12 s.
[20260601 23:35:07 @multi_agent_runner.py:105] Total time:     114.97 min
[20260601 23:35:07 @multi_agent_runner.py:120] Agent_0 gets eval reward: 200.00.
[20260601 23:35:07 @multi_agent_runner.py:121] Agent_0 gets win rate: 0.20.
[20260601 23:35:07 @multi_agent_runner.py:120] Agent_1 gets eval reward: -200.00.
[20260601 23:35:07 @multi_agent_runner.py:121] Agent_1 gets win rate: 0.00.
[20260601 23:35:07 @multi_agent_runner.py:79] #------------------------ Iteration 296 --------------------------#
[20260601 23:35:20 @multi_agent_runner.py:85] Sampling 50000 steps by 50 slaves, spending 12.75 s.
[20260601 23:35:30 @multi_agent_runner.py:94] Policy update, spending: 9.48 s.
[20260601 23:35:31 @multi_agent_runner.py:99] Evaluation time: 1.57 s.
[20260601 23:35:31 @multi_agent_runner.py:105] Total time:     115.37 min
[20260601 23:35:31 @multi_agent_runner.py:120] Agent_0 gets eval reward: 142.86.
[20260601 23:35:31 @multi_agent_runner.py:121] Agent_0 gets win rate: 0.14.
[20260601 23:35:31 @multi_agent_runner.py:120] Agent_1 gets eval reward: -142.86.
[20260601 23:35:31 @multi_agent_runner.py:121] Agent_1 gets win rate: 0.00.
[20260601 23:35:31 @multi_agent_runner.py:79] #------------------------ Iteration 297 --------------------------#
[20260601 23:35:44 @multi_agent_runner.py:85] Sampling 50000 steps by 50 slaves, spending 12.10 s.
[20260601 23:35:53 @multi_agent_runner.py:94] Policy update, spending: 9.34 s.
[20260601 23:35:54 @multi_agent_runner.py:99] Evaluation time: 1.54 s.
[20260601 23:35:54 @multi_agent_runner.py:105] Total time:     115.76 min
[20260601 23:35:54 @multi_agent_runner.py:120] Agent_0 gets eval reward: -200.00.
[20260601 23:35:54 @multi_agent_runner.py:121] Agent_0 gets win rate: 0.20.
[20260601 23:35:54 @multi_agent_runner.py:120] Agent_1 gets eval reward: 200.00.
[20260601 23:35:54 @multi_agent_runner.py:121] Agent_1 gets win rate: 0.40.
[20260601 23:35:55 @multi_agent_runner.py:79] #------------------------ Iteration 298 --------------------------#
[20260601 23:36:07 @multi_agent_runner.py:85] Sampling 50000 steps by 50 slaves, spending 12.18 s.
[20260601 23:36:16 @multi_agent_runner.py:94] Policy update, spending: 9.17 s.
[20260601 23:36:17 @multi_agent_runner.py:99] Evaluation time: 1.34 s.
[20260601 23:36:17 @multi_agent_runner.py:105] Total time:     116.14 min
[20260601 23:36:17 @multi_agent_runner.py:120] Agent_0 gets eval reward: 166.67.
[20260601 23:36:17 @multi_agent_runner.py:121] Agent_0 gets win rate: 0.17.
[20260601 23:36:17 @multi_agent_runner.py:120] Agent_1 gets eval reward: -166.67.
[20260601 23:36:17 @multi_agent_runner.py:121] Agent_1 gets win rate: 0.00.
[20260601 23:36:17 @multi_agent_runner.py:79] #------------------------ Iteration 299 --------------------------#
[20260601 23:36:30 @multi_agent_runner.py:85] Sampling 50000 steps by 50 slaves, spending 12.37 s.
[20260601 23:36:39 @multi_agent_runner.py:94] Policy update, spending: 9.50 s.
[20260601 23:36:41 @multi_agent_runner.py:99] Evaluation time: 1.72 s.
[20260601 23:36:41 @multi_agent_runner.py:105] Total time:     116.53 min
[20260601 23:36:41 @multi_agent_runner.py:120] Agent_0 gets eval reward: 250.00.
[20260601 23:36:41 @multi_agent_runner.py:121] Agent_0 gets win rate: 0.25.
[20260601 23:36:41 @multi_agent_runner.py:120] Agent_1 gets eval reward: -250.00.
[20260601 23:36:41 @multi_agent_runner.py:121] Agent_1 gets win rate: 0.00.
[20260601 23:36:41 @multi_agent_runner.py:79] #------------------------ Iteration 300 --------------------------#
[20260601 23:36:53 @multi_agent_runner.py:85] Sampling 50000 steps by 50 slaves, spending 11.79 s.
[20260601 23:37:02 @multi_agent_runner.py:94] Policy update, spending: 9.03 s.
[20260601 23:37:04 @multi_agent_runner.py:99] Evaluation time: 1.68 s.
[20260601 23:37:04 @multi_agent_runner.py:105] Total time:     116.91 min
[20260601 23:37:04 @multi_agent_runner.py:120] Agent_0 gets eval reward: 250.00.
[20260601 23:37:04 @multi_agent_runner.py:121] Agent_0 gets win rate: 0.25.
[20260601 23:37:04 @multi_agent_runner.py:120] Agent_1 gets eval reward: -250.00.
[20260601 23:37:04 @multi_agent_runner.py:121] Agent_1 gets win rate: 0.00.
[20260601 23:37:04 @multi_agent_runner.py:79] #------------------------ Iteration 301 --------------------------#
[20260601 23:37:16 @multi_agent_runner.py:85] Sampling 50000 steps by 50 slaves, spending 12.28 s.
[20260601 23:37:25 @multi_agent_runner.py:94] Policy update, spending: 9.02 s.
[20260601 23:37:26 @multi_agent_runner.py:99] Evaluation time: 1.42 s.
[20260601 23:37:26 @multi_agent_runner.py:105] Total time:     117.29 min
[20260601 23:37:27 @multi_agent_runner.py:120] Agent_0 gets eval reward: -285.71.
[20260601 23:37:27 @multi_agent_runner.py:121] Agent_0 gets win rate: 0.00.
[20260601 23:37:27 @multi_agent_runner.py:120] Agent_1 gets eval reward: 285.71.
[20260601 23:37:27 @multi_agent_runner.py:121] Agent_1 gets win rate: 0.29.
[20260601 23:37:27 @multi_agent_runner.py:79] #------------------------ Iteration 302 --------------------------#
[20260601 23:37:39 @multi_agent_runner.py:85] Sampling 50000 steps by 50 slaves, spending 12.40 s.
[20260601 23:37:48 @multi_agent_runner.py:94] Policy update, spending: 9.12 s.
[20260601 23:37:50 @multi_agent_runner.py:99] Evaluation time: 1.50 s.
[20260601 23:37:50 @multi_agent_runner.py:105] Total time:     117.68 min
[20260601 23:37:50 @multi_agent_runner.py:120] Agent_0 gets eval reward: 0.00.
[20260601 23:37:50 @multi_agent_runner.py:121] Agent_0 gets win rate: 0.00.
[20260601 23:37:50 @multi_agent_runner.py:120] Agent_1 gets eval reward: 0.00.
[20260601 23:37:50 @multi_agent_runner.py:121] Agent_1 gets win rate: 0.00.
[20260601 23:37:50 @multi_agent_runner.py:79] #------------------------ Iteration 303 --------------------------#
[20260601 23:38:02 @multi_agent_runner.py:85] Sampling 50000 steps by 50 slaves, spending 12.44 s.
[20260601 23:38:11 @multi_agent_runner.py:94] Policy update, spending: 9.20 s.
[20260601 23:38:13 @multi_agent_runner.py:99] Evaluation time: 1.31 s.
[20260601 23:38:13 @multi_agent_runner.py:105] Total time:     118.06 min
[20260601 23:38:13 @multi_agent_runner.py:120] Agent_0 gets eval reward: 0.00.
[20260601 23:38:13 @multi_agent_runner.py:121] Agent_0 gets win rate: 0.00.
[20260601 23:38:13 @multi_agent_runner.py:120] Agent_1 gets eval reward: 0.00.
[20260601 23:38:13 @multi_agent_runner.py:121] Agent_1 gets win rate: 0.00.
[20260601 23:38:13 @multi_agent_runner.py:79] #------------------------ Iteration 304 --------------------------#
[20260601 23:38:25 @multi_agent_runner.py:85] Sampling 50000 steps by 50 slaves, spending 11.86 s.
[20260601 23:38:34 @multi_agent_runner.py:94] Policy update, spending: 9.24 s.
[20260601 23:38:36 @multi_agent_runner.py:99] Evaluation time: 1.79 s.
[20260601 23:38:36 @multi_agent_runner.py:105] Total time:     118.45 min
[20260601 23:38:36 @multi_agent_runner.py:120] Agent_0 gets eval reward: 333.33.
[20260601 23:38:36 @multi_agent_runner.py:121] Agent_0 gets win rate: 0.33.
[20260601 23:38:36 @multi_agent_runner.py:120] Agent_1 gets eval reward: -333.33.
[20260601 23:38:36 @multi_agent_runner.py:121] Agent_1 gets win rate: 0.00.
[20260601 23:38:36 @multi_agent_runner.py:79] #------------------------ Iteration 305 --------------------------#
[20260601 23:38:48 @multi_agent_runner.py:85] Sampling 50000 steps by 50 slaves, spending 12.32 s.
[20260601 23:38:58 @multi_agent_runner.py:94] Policy update, spending: 9.32 s.
[20260601 23:38:59 @multi_agent_runner.py:99] Evaluation time: 1.45 s.
[20260601 23:38:59 @multi_agent_runner.py:105] Total time:     118.84 min
[20260601 23:38:59 @multi_agent_runner.py:120] Agent_0 gets eval reward: 125.00.
[20260601 23:38:59 @multi_agent_runner.py:121] Agent_0 gets win rate: 0.12.
[20260601 23:38:59 @multi_agent_runner.py:120] Agent_1 gets eval reward: -125.00.
[20260601 23:38:59 @multi_agent_runner.py:121] Agent_1 gets win rate: 0.00.
[20260601 23:38:59 @multi_agent_runner.py:79] #------------------------ Iteration 306 --------------------------#
[20260601 23:39:11 @multi_agent_runner.py:85] Sampling 50000 steps by 50 slaves, spending 11.97 s.
[20260601 23:39:20 @multi_agent_runner.py:94] Policy update, spending: 9.11 s.
[20260601 23:39:22 @multi_agent_runner.py:99] Evaluation time: 1.45 s.
[20260601 23:39:22 @multi_agent_runner.py:105] Total time:     119.21 min
[20260601 23:39:22 @multi_agent_runner.py:120] Agent_0 gets eval reward: -250.00.
[20260601 23:39:22 @multi_agent_runner.py:121] Agent_0 gets win rate: 0.00.
[20260601 23:39:22 @multi_agent_runner.py:120] Agent_1 gets eval reward: 250.00.
[20260601 23:39:22 @multi_agent_runner.py:121] Agent_1 gets win rate: 0.25.
[20260601 23:39:22 @multi_agent_runner.py:79] #------------------------ Iteration 307 --------------------------#
[20260601 23:39:34 @multi_agent_runner.py:85] Sampling 50000 steps by 50 slaves, spending 12.37 s.
[20260601 23:39:44 @multi_agent_runner.py:94] Policy update, spending: 9.44 s.
[20260601 23:39:46 @multi_agent_runner.py:99] Evaluation time: 1.97 s.
[20260601 23:39:46 @multi_agent_runner.py:105] Total time:     119.61 min
[20260601 23:39:46 @multi_agent_runner.py:120] Agent_0 gets eval reward: -333.33.
[20260601 23:39:46 @multi_agent_runner.py:121] Agent_0 gets win rate: 0.00.
[20260601 23:39:46 @multi_agent_runner.py:120] Agent_1 gets eval reward: 333.33.
[20260601 23:39:46 @multi_agent_runner.py:121] Agent_1 gets win rate: 0.33.
[20260601 23:39:46 @multi_agent_runner.py:79] #------------------------ Iteration 308 --------------------------#
[20260601 23:39:58 @multi_agent_runner.py:85] Sampling 50000 steps by 50 slaves, spending 12.23 s.
[20260601 23:40:07 @multi_agent_runner.py:94] Policy update, spending: 9.19 s.
[20260601 23:40:09 @multi_agent_runner.py:99] Evaluation time: 1.40 s.
[20260601 23:40:09 @multi_agent_runner.py:105] Total time:     119.99 min
[20260601 23:40:09 @multi_agent_runner.py:120] Agent_0 gets eval reward: 0.00.
[20260601 23:40:09 @multi_agent_runner.py:121] Agent_0 gets win rate: 0.17.
[20260601 23:40:09 @multi_agent_runner.py:120] Agent_1 gets eval reward: 0.00.
[20260601 23:40:09 @multi_agent_runner.py:121] Agent_1 gets win rate: 0.17.
[20260601 23:40:09 @multi_agent_runner.py:79] #------------------------ Iteration 309 --------------------------#
[20260601 23:40:21 @multi_agent_runner.py:85] Sampling 50000 steps by 50 slaves, spending 12.18 s.
[20260601 23:40:30 @multi_agent_runner.py:94] Policy update, spending: 9.14 s.
[20260601 23:40:32 @multi_agent_runner.py:99] Evaluation time: 1.79 s.
[20260601 23:40:32 @multi_agent_runner.py:105] Total time:     120.38 min
[20260601 23:40:32 @multi_agent_runner.py:120] Agent_0 gets eval reward: 0.00.
[20260601 23:40:32 @multi_agent_runner.py:121] Agent_0 gets win rate: 0.00.
[20260601 23:40:32 @multi_agent_runner.py:120] Agent_1 gets eval reward: 0.00.
[20260601 23:40:32 @multi_agent_runner.py:121] Agent_1 gets win rate: 0.00.
[20260601 23:40:32 @multi_agent_runner.py:79] #------------------------ Iteration 310 --------------------------#
[20260601 23:40:44 @multi_agent_runner.py:85] Sampling 50000 steps by 50 slaves, spending 12.25 s.
[20260601 23:40:53 @multi_agent_runner.py:94] Policy update, spending: 9.01 s.
[20260601 23:40:55 @multi_agent_runner.py:99] Evaluation time: 1.84 s.
[20260601 23:40:55 @multi_agent_runner.py:105] Total time:     120.77 min
[20260601 23:40:55 @multi_agent_runner.py:120] Agent_0 gets eval reward: 142.86.
[20260601 23:40:55 @multi_agent_runner.py:121] Agent_0 gets win rate: 0.29.
[20260601 23:40:55 @multi_agent_runner.py:120] Agent_1 gets eval reward: -142.86.
[20260601 23:40:55 @multi_agent_runner.py:121] Agent_1 gets win rate: 0.14.
[20260601 23:40:55 @multi_agent_runner.py:79] #------------------------ Iteration 311 --------------------------#
[20260601 23:41:08 @multi_agent_runner.py:85] Sampling 50000 steps by 50 slaves, spending 12.64 s.
[20260601 23:41:17 @multi_agent_runner.py:94] Policy update, spending: 9.44 s.
[20260601 23:41:19 @multi_agent_runner.py:99] Evaluation time: 1.63 s.
[20260601 23:41:19 @multi_agent_runner.py:105] Total time:     121.17 min
[20260601 23:41:19 @multi_agent_runner.py:120] Agent_0 gets eval reward: -500.00.
[20260601 23:41:19 @multi_agent_runner.py:121] Agent_0 gets win rate: 0.00.
[20260601 23:41:19 @multi_agent_runner.py:120] Agent_1 gets eval reward: 500.00.
[20260601 23:41:19 @multi_agent_runner.py:121] Agent_1 gets win rate: 0.50.
[20260601 23:41:19 @multi_agent_runner.py:79] #------------------------ Iteration 312 --------------------------#
[20260601 23:41:31 @multi_agent_runner.py:85] Sampling 50000 steps by 50 slaves, spending 12.17 s.
[20260601 23:41:41 @multi_agent_runner.py:94] Policy update, spending: 9.45 s.
[20260601 23:41:42 @multi_agent_runner.py:99] Evaluation time: 1.41 s.
[20260601 23:41:42 @multi_agent_runner.py:105] Total time:     121.55 min
[20260601 23:41:42 @multi_agent_runner.py:120] Agent_0 gets eval reward: 166.67.
[20260601 23:41:42 @multi_agent_runner.py:121] Agent_0 gets win rate: 0.17.
[20260601 23:41:42 @multi_agent_runner.py:120] Agent_1 gets eval reward: -166.67.
[20260601 23:41:42 @multi_agent_runner.py:121] Agent_1 gets win rate: 0.00.
[20260601 23:41:42 @multi_agent_runner.py:79] #------------------------ Iteration 313 --------------------------#
[20260601 23:41:55 @multi_agent_runner.py:85] Sampling 50000 steps by 50 slaves, spending 12.52 s.
[20260601 23:42:04 @multi_agent_runner.py:94] Policy update, spending: 9.21 s.
[20260601 23:42:05 @multi_agent_runner.py:99] Evaluation time: 1.44 s.
[20260601 23:42:05 @multi_agent_runner.py:105] Total time:     121.94 min
[20260601 23:42:05 @multi_agent_runner.py:120] Agent_0 gets eval reward: 142.86.
[20260601 23:42:05 @multi_agent_runner.py:121] Agent_0 gets win rate: 0.14.
[20260601 23:42:05 @multi_agent_runner.py:120] Agent_1 gets eval reward: -142.86.
[20260601 23:42:05 @multi_agent_runner.py:121] Agent_1 gets win rate: 0.00.
[20260601 23:42:06 @multi_agent_runner.py:79] #------------------------ Iteration 314 --------------------------#
[20260601 23:42:18 @multi_agent_runner.py:85] Sampling 50000 steps by 50 slaves, spending 12.24 s.
[20260601 23:42:27 @multi_agent_runner.py:94] Policy update, spending: 9.35 s.
[20260601 23:42:29 @multi_agent_runner.py:99] Evaluation time: 1.32 s.
[20260601 23:42:29 @multi_agent_runner.py:105] Total time:     122.33 min
[20260601 23:42:29 @multi_agent_runner.py:120] Agent_0 gets eval reward: 0.00.
[20260601 23:42:29 @multi_agent_runner.py:121] Agent_0 gets win rate: 0.00.
[20260601 23:42:29 @multi_agent_runner.py:120] Agent_1 gets eval reward: 0.00.
[20260601 23:42:29 @multi_agent_runner.py:121] Agent_1 gets win rate: 0.00.
[20260601 23:42:29 @multi_agent_runner.py:79] #------------------------ Iteration 315 --------------------------#
[20260601 23:42:41 @multi_agent_runner.py:85] Sampling 50000 steps by 50 slaves, spending 11.97 s.
[20260601 23:42:50 @multi_agent_runner.py:94] Policy update, spending: 9.15 s.
[20260601 23:42:51 @multi_agent_runner.py:99] Evaluation time: 1.38 s.
[20260601 23:42:51 @multi_agent_runner.py:105] Total time:     122.70 min
[20260601 23:42:51 @multi_agent_runner.py:120] Agent_0 gets eval reward: 0.00.
[20260601 23:42:51 @multi_agent_runner.py:121] Agent_0 gets win rate: 0.00.
[20260601 23:42:51 @multi_agent_runner.py:120] Agent_1 gets eval reward: 0.00.
[20260601 23:42:51 @multi_agent_runner.py:121] Agent_1 gets win rate: 0.00.
[20260601 23:42:51 @multi_agent_runner.py:79] #------------------------ Iteration 316 --------------------------#
[20260601 23:43:03 @multi_agent_runner.py:85] Sampling 50000 steps by 50 slaves, spending 12.05 s.
[20260601 23:43:12 @multi_agent_runner.py:94] Policy update, spending: 8.85 s.
[20260601 23:43:14 @multi_agent_runner.py:99] Evaluation time: 1.32 s.
[20260601 23:43:14 @multi_agent_runner.py:105] Total time:     123.08 min
[20260601 23:43:14 @multi_agent_runner.py:120] Agent_0 gets eval reward: 142.86.
[20260601 23:43:14 @multi_agent_runner.py:121] Agent_0 gets win rate: 0.14.
[20260601 23:43:14 @multi_agent_runner.py:120] Agent_1 gets eval reward: -142.86.
[20260601 23:43:14 @multi_agent_runner.py:121] Agent_1 gets win rate: 0.00.
[20260601 23:43:14 @multi_agent_runner.py:79] #------------------------ Iteration 317 --------------------------#
[20260601 23:43:26 @multi_agent_runner.py:85] Sampling 50000 steps by 50 slaves, spending 11.99 s.
[20260601 23:43:35 @multi_agent_runner.py:94] Policy update, spending: 9.43 s.
[20260601 23:43:36 @multi_agent_runner.py:99] Evaluation time: 1.40 s.
[20260601 23:43:36 @multi_agent_runner.py:105] Total time:     123.46 min
[20260601 23:43:37 @multi_agent_runner.py:120] Agent_0 gets eval reward: -142.86.
[20260601 23:43:37 @multi_agent_runner.py:121] Agent_0 gets win rate: 0.00.
[20260601 23:43:37 @multi_agent_runner.py:120] Agent_1 gets eval reward: 142.86.
[20260601 23:43:37 @multi_agent_runner.py:121] Agent_1 gets win rate: 0.14.
[20260601 23:43:37 @multi_agent_runner.py:79] #------------------------ Iteration 318 --------------------------#
[20260601 23:43:49 @multi_agent_runner.py:85] Sampling 50000 steps by 50 slaves, spending 11.87 s.
[20260601 23:43:58 @multi_agent_runner.py:94] Policy update, spending: 9.33 s.
[20260601 23:43:59 @multi_agent_runner.py:99] Evaluation time: 1.52 s.
[20260601 23:43:59 @multi_agent_runner.py:105] Total time:     123.84 min
[20260601 23:43:59 @multi_agent_runner.py:120] Agent_0 gets eval reward: 0.00.
[20260601 23:43:59 @multi_agent_runner.py:121] Agent_0 gets win rate: 0.33.
[20260601 23:43:59 @multi_agent_runner.py:120] Agent_1 gets eval reward: 0.00.
[20260601 23:43:59 @multi_agent_runner.py:121] Agent_1 gets win rate: 0.33.
[20260601 23:44:00 @multi_agent_runner.py:79] #------------------------ Iteration 319 --------------------------#
[20260601 23:44:12 @multi_agent_runner.py:85] Sampling 50000 steps by 50 slaves, spending 12.19 s.
[20260601 23:44:21 @multi_agent_runner.py:94] Policy update, spending: 9.20 s.
[20260601 23:44:23 @multi_agent_runner.py:99] Evaluation time: 1.88 s.
[20260601 23:44:23 @multi_agent_runner.py:105] Total time:     124.23 min
[20260601 23:44:23 @multi_agent_runner.py:120] Agent_0 gets eval reward: 0.00.
[20260601 23:44:23 @multi_agent_runner.py:121] Agent_0 gets win rate: 0.25.
[20260601 23:44:23 @multi_agent_runner.py:120] Agent_1 gets eval reward: 0.00.
[20260601 23:44:23 @multi_agent_runner.py:121] Agent_1 gets win rate: 0.25.
[20260601 23:44:23 @multi_agent_runner.py:79] #------------------------ Iteration 320 --------------------------#
[20260601 23:44:35 @multi_agent_runner.py:85] Sampling 50000 steps by 50 slaves, spending 12.39 s.
[20260601 23:44:45 @multi_agent_runner.py:94] Policy update, spending: 9.34 s.
[20260601 23:44:46 @multi_agent_runner.py:99] Evaluation time: 1.65 s.
[20260601 23:44:46 @multi_agent_runner.py:105] Total time:     124.62 min
[20260601 23:44:46 @multi_agent_runner.py:120] Agent_0 gets eval reward: 0.00.
[20260601 23:44:46 @multi_agent_runner.py:121] Agent_0 gets win rate: 0.00.
[20260601 23:44:46 @multi_agent_runner.py:120] Agent_1 gets eval reward: 0.00.
[20260601 23:44:46 @multi_agent_runner.py:121] Agent_1 gets win rate: 0.00.
[20260601 23:44:46 @multi_agent_runner.py:79] #------------------------ Iteration 321 --------------------------#
[20260601 23:44:58 @multi_agent_runner.py:85] Sampling 50000 steps by 50 slaves, spending 11.85 s.
[20260601 23:45:07 @multi_agent_runner.py:94] Policy update, spending: 8.93 s.
[20260601 23:45:09 @multi_agent_runner.py:99] Evaluation time: 1.34 s.
[20260601 23:45:09 @multi_agent_runner.py:105] Total time:     124.99 min
[20260601 23:45:09 @multi_agent_runner.py:120] Agent_0 gets eval reward: -142.86.
[20260601 23:45:09 @multi_agent_runner.py:121] Agent_0 gets win rate: 0.00.
[20260601 23:45:09 @multi_agent_runner.py:120] Agent_1 gets eval reward: 142.86.
[20260601 23:45:09 @multi_agent_runner.py:121] Agent_1 gets win rate: 0.14.
[20260601 23:45:09 @multi_agent_runner.py:79] #------------------------ Iteration 322 --------------------------#
[20260601 23:45:21 @multi_agent_runner.py:85] Sampling 50000 steps by 50 slaves, spending 12.13 s.
[20260601 23:45:30 @multi_agent_runner.py:94] Policy update, spending: 8.89 s.
[20260601 23:45:32 @multi_agent_runner.py:99] Evaluation time: 2.03 s.
[20260601 23:45:32 @multi_agent_runner.py:105] Total time:     125.38 min
[20260601 23:45:32 @multi_agent_runner.py:120] Agent_0 gets eval reward: -125.00.
[20260601 23:45:32 @multi_agent_runner.py:121] Agent_0 gets win rate: 0.00.
[20260601 23:45:32 @multi_agent_runner.py:120] Agent_1 gets eval reward: 125.00.
[20260601 23:45:32 @multi_agent_runner.py:121] Agent_1 gets win rate: 0.12.
[20260601 23:45:32 @multi_agent_runner.py:79] #------------------------ Iteration 323 --------------------------#
[20260601 23:45:44 @multi_agent_runner.py:85] Sampling 50000 steps by 50 slaves, spending 12.30 s.
[20260601 23:45:53 @multi_agent_runner.py:94] Policy update, spending: 9.01 s.
[20260601 23:45:55 @multi_agent_runner.py:99] Evaluation time: 1.40 s.
[20260601 23:45:55 @multi_agent_runner.py:105] Total time:     125.76 min
[20260601 23:45:55 @multi_agent_runner.py:120] Agent_0 gets eval reward: 0.00.
[20260601 23:45:55 @multi_agent_runner.py:121] Agent_0 gets win rate: 0.00.
[20260601 23:45:55 @multi_agent_runner.py:120] Agent_1 gets eval reward: 0.00.
[20260601 23:45:55 @multi_agent_runner.py:121] Agent_1 gets win rate: 0.00.
[20260601 23:45:55 @multi_agent_runner.py:79] #------------------------ Iteration 324 --------------------------#
[20260601 23:46:07 @multi_agent_runner.py:85] Sampling 50000 steps by 50 slaves, spending 12.49 s.
[20260601 23:46:16 @multi_agent_runner.py:94] Policy update, spending: 9.04 s.
[20260601 23:46:18 @multi_agent_runner.py:99] Evaluation time: 2.09 s.
[20260601 23:46:18 @multi_agent_runner.py:105] Total time:     126.16 min
[20260601 23:46:18 @multi_agent_runner.py:120] Agent_0 gets eval reward: 0.00.
[20260601 23:46:18 @multi_agent_runner.py:121] Agent_0 gets win rate: 0.00.
[20260601 23:46:18 @multi_agent_runner.py:120] Agent_1 gets eval reward: 0.00.
[20260601 23:46:18 @multi_agent_runner.py:121] Agent_1 gets win rate: 0.00.
[20260601 23:46:19 @multi_agent_runner.py:79] #------------------------ Iteration 325 --------------------------#
[20260601 23:46:31 @multi_agent_runner.py:85] Sampling 50000 steps by 50 slaves, spending 12.44 s.
[20260601 23:46:40 @multi_agent_runner.py:94] Policy update, spending: 9.10 s.
[20260601 23:46:42 @multi_agent_runner.py:99] Evaluation time: 1.44 s.
[20260601 23:46:42 @multi_agent_runner.py:105] Total time:     126.54 min
[20260601 23:46:42 @multi_agent_runner.py:120] Agent_0 gets eval reward: 0.00.
[20260601 23:46:42 @multi_agent_runner.py:121] Agent_0 gets win rate: 0.00.
[20260601 23:46:42 @multi_agent_runner.py:120] Agent_1 gets eval reward: 0.00.
[20260601 23:46:42 @multi_agent_runner.py:121] Agent_1 gets win rate: 0.00.
[20260601 23:46:42 @multi_agent_runner.py:79] #------------------------ Iteration 326 --------------------------#
[20260601 23:46:54 @multi_agent_runner.py:85] Sampling 50000 steps by 50 slaves, spending 12.40 s.
[20260601 23:47:03 @multi_agent_runner.py:94] Policy update, spending: 9.00 s.
[20260601 23:47:05 @multi_agent_runner.py:99] Evaluation time: 1.86 s.
[20260601 23:47:05 @multi_agent_runner.py:105] Total time:     126.93 min
[20260601 23:47:05 @multi_agent_runner.py:120] Agent_0 gets eval reward: 200.00.
[20260601 23:47:05 @multi_agent_runner.py:121] Agent_0 gets win rate: 0.40.
[20260601 23:47:05 @multi_agent_runner.py:120] Agent_1 gets eval reward: -200.00.
[20260601 23:47:05 @multi_agent_runner.py:121] Agent_1 gets win rate: 0.20.
[20260601 23:47:05 @multi_agent_runner.py:79] #------------------------ Iteration 327 --------------------------#
[20260601 23:47:18 @multi_agent_runner.py:85] Sampling 50000 steps by 50 slaves, spending 12.69 s.
[20260601 23:47:27 @multi_agent_runner.py:94] Policy update, spending: 9.41 s.
[20260601 23:47:29 @multi_agent_runner.py:99] Evaluation time: 1.50 s.
[20260601 23:47:29 @multi_agent_runner.py:105] Total time:     127.33 min
[20260601 23:47:29 @multi_agent_runner.py:120] Agent_0 gets eval reward: 125.00.
[20260601 23:47:29 @multi_agent_runner.py:121] Agent_0 gets win rate: 0.12.
[20260601 23:47:29 @multi_agent_runner.py:120] Agent_1 gets eval reward: -125.00.
[20260601 23:47:29 @multi_agent_runner.py:121] Agent_1 gets win rate: 0.00.
[20260601 23:47:29 @multi_agent_runner.py:79] #------------------------ Iteration 328 --------------------------#
[20260601 23:47:41 @multi_agent_runner.py:85] Sampling 50000 steps by 50 slaves, spending 12.26 s.
[20260601 23:47:50 @multi_agent_runner.py:94] Policy update, spending: 9.34 s.
[20260601 23:47:52 @multi_agent_runner.py:99] Evaluation time: 1.55 s.
[20260601 23:47:52 @multi_agent_runner.py:105] Total time:     127.72 min
[20260601 23:47:52 @multi_agent_runner.py:120] Agent_0 gets eval reward: 0.00.
[20260601 23:47:52 @multi_agent_runner.py:121] Agent_0 gets win rate: 0.20.
[20260601 23:47:52 @multi_agent_runner.py:120] Agent_1 gets eval reward: 0.00.
[20260601 23:47:52 @multi_agent_runner.py:121] Agent_1 gets win rate: 0.20.
[20260601 23:47:52 @multi_agent_runner.py:79] #------------------------ Iteration 329 --------------------------#
[20260601 23:48:04 @multi_agent_runner.py:85] Sampling 50000 steps by 50 slaves, spending 12.26 s.
[20260601 23:48:14 @multi_agent_runner.py:94] Policy update, spending: 9.15 s.
[20260601 23:48:16 @multi_agent_runner.py:99] Evaluation time: 2.11 s.
[20260601 23:48:16 @multi_agent_runner.py:105] Total time:     128.11 min
[20260601 23:48:16 @multi_agent_runner.py:120] Agent_0 gets eval reward: 142.86.
[20260601 23:48:16 @multi_agent_runner.py:121] Agent_0 gets win rate: 0.14.
[20260601 23:48:16 @multi_agent_runner.py:120] Agent_1 gets eval reward: -142.86.
[20260601 23:48:16 @multi_agent_runner.py:121] Agent_1 gets win rate: 0.00.
[20260601 23:48:16 @multi_agent_runner.py:79] #------------------------ Iteration 330 --------------------------#
[20260601 23:48:29 @multi_agent_runner.py:85] Sampling 50000 steps by 50 slaves, spending 13.03 s.
[20260601 23:48:38 @multi_agent_runner.py:94] Policy update, spending: 9.21 s.
[20260601 23:48:40 @multi_agent_runner.py:99] Evaluation time: 1.51 s.
[20260601 23:48:40 @multi_agent_runner.py:105] Total time:     128.51 min
[20260601 23:48:40 @multi_agent_runner.py:120] Agent_0 gets eval reward: 0.00.
[20260601 23:48:40 @multi_agent_runner.py:121] Agent_0 gets win rate: 0.00.
[20260601 23:48:40 @multi_agent_runner.py:120] Agent_1 gets eval reward: 0.00.
[20260601 23:48:40 @multi_agent_runner.py:121] Agent_1 gets win rate: 0.00.
[20260601 23:48:40 @multi_agent_runner.py:79] #------------------------ Iteration 331 --------------------------#
[20260601 23:48:51 @multi_agent_runner.py:85] Sampling 50000 steps by 50 slaves, spending 11.65 s.
[20260601 23:49:00 @multi_agent_runner.py:94] Policy update, spending: 8.82 s.
[20260601 23:49:01 @multi_agent_runner.py:99] Evaluation time: 1.38 s.
[20260601 23:49:01 @multi_agent_runner.py:105] Total time:     128.88 min
[20260601 23:49:02 @multi_agent_runner.py:120] Agent_0 gets eval reward: -166.67.
[20260601 23:49:02 @multi_agent_runner.py:121] Agent_0 gets win rate: 0.00.
[20260601 23:49:02 @multi_agent_runner.py:120] Agent_1 gets eval reward: 166.67.
[20260601 23:49:02 @multi_agent_runner.py:121] Agent_1 gets win rate: 0.17.
[20260601 23:49:02 @multi_agent_runner.py:79] #------------------------ Iteration 332 --------------------------#
[20260601 23:49:14 @multi_agent_runner.py:85] Sampling 50000 steps by 50 slaves, spending 12.28 s.
[20260601 23:49:23 @multi_agent_runner.py:94] Policy update, spending: 9.09 s.
[20260601 23:49:25 @multi_agent_runner.py:99] Evaluation time: 1.57 s.
[20260601 23:49:25 @multi_agent_runner.py:105] Total time:     129.26 min
[20260601 23:49:25 @multi_agent_runner.py:120] Agent_0 gets eval reward: -250.00.
[20260601 23:49:25 @multi_agent_runner.py:121] Agent_0 gets win rate: 0.00.
[20260601 23:49:25 @multi_agent_runner.py:120] Agent_1 gets eval reward: 250.00.
[20260601 23:49:25 @multi_agent_runner.py:121] Agent_1 gets win rate: 0.25.
[20260601 23:49:25 @multi_agent_runner.py:79] #------------------------ Iteration 333 --------------------------#
[20260601 23:49:37 @multi_agent_runner.py:85] Sampling 50000 steps by 50 slaves, spending 12.47 s.
[20260601 23:49:47 @multi_agent_runner.py:94] Policy update, spending: 9.40 s.
[20260601 23:49:48 @multi_agent_runner.py:99] Evaluation time: 1.32 s.
[20260601 23:49:48 @multi_agent_runner.py:105] Total time:     129.65 min
[20260601 23:49:48 @multi_agent_runner.py:120] Agent_0 gets eval reward: 142.86.
[20260601 23:49:48 @multi_agent_runner.py:121] Agent_0 gets win rate: 0.14.
[20260601 23:49:48 @multi_agent_runner.py:120] Agent_1 gets eval reward: -142.86.
[20260601 23:49:48 @multi_agent_runner.py:121] Agent_1 gets win rate: 0.00.
[20260601 23:49:48 @multi_agent_runner.py:79] #------------------------ Iteration 334 --------------------------#
[20260601 23:50:00 @multi_agent_runner.py:85] Sampling 50000 steps by 50 slaves, spending 12.24 s.
[20260601 23:50:10 @multi_agent_runner.py:94] Policy update, spending: 9.23 s.
[20260601 23:50:11 @multi_agent_runner.py:99] Evaluation time: 1.50 s.
[20260601 23:50:11 @multi_agent_runner.py:105] Total time:     130.04 min
[20260601 23:50:11 @multi_agent_runner.py:120] Agent_0 gets eval reward: -333.33.
[20260601 23:50:11 @multi_agent_runner.py:121] Agent_0 gets win rate: 0.00.
[20260601 23:50:11 @multi_agent_runner.py:120] Agent_1 gets eval reward: 333.33.
[20260601 23:50:11 @multi_agent_runner.py:121] Agent_1 gets win rate: 0.33.
[20260601 23:50:11 @multi_agent_runner.py:79] #------------------------ Iteration 335 --------------------------#
[20260601 23:50:23 @multi_agent_runner.py:85] Sampling 50000 steps by 50 slaves, spending 12.08 s.
[20260601 23:50:32 @multi_agent_runner.py:94] Policy update, spending: 9.03 s.
[20260601 23:50:34 @multi_agent_runner.py:99] Evaluation time: 1.93 s.
[20260601 23:50:34 @multi_agent_runner.py:105] Total time:     130.42 min
[20260601 23:50:34 @multi_agent_runner.py:120] Agent_0 gets eval reward: -200.00.
[20260601 23:50:34 @multi_agent_runner.py:121] Agent_0 gets win rate: 0.00.
[20260601 23:50:34 @multi_agent_runner.py:120] Agent_1 gets eval reward: 200.00.
[20260601 23:50:34 @multi_agent_runner.py:121] Agent_1 gets win rate: 0.20.
[20260601 23:50:34 @multi_agent_runner.py:79] #------------------------ Iteration 336 --------------------------#
[20260601 23:50:46 @multi_agent_runner.py:85] Sampling 50000 steps by 50 slaves, spending 11.71 s.
[20260601 23:50:55 @multi_agent_runner.py:94] Policy update, spending: 8.74 s.
[20260601 23:50:56 @multi_agent_runner.py:99] Evaluation time: 1.41 s.
[20260601 23:50:56 @multi_agent_runner.py:105] Total time:     130.79 min
[20260601 23:50:56 @multi_agent_runner.py:120] Agent_0 gets eval reward: -250.00.
[20260601 23:50:56 @multi_agent_runner.py:121] Agent_0 gets win rate: 0.25.
[20260601 23:50:56 @multi_agent_runner.py:120] Agent_1 gets eval reward: 250.00.
[20260601 23:50:56 @multi_agent_runner.py:121] Agent_1 gets win rate: 0.50.
[20260601 23:50:56 @multi_agent_runner.py:79] #------------------------ Iteration 337 --------------------------#
[20260601 23:51:08 @multi_agent_runner.py:85] Sampling 50000 steps by 50 slaves, spending 12.04 s.
[20260601 23:51:17 @multi_agent_runner.py:94] Policy update, spending: 9.04 s.
[20260601 23:51:19 @multi_agent_runner.py:99] Evaluation time: 1.32 s.
[20260601 23:51:19 @multi_agent_runner.py:105] Total time:     131.16 min
[20260601 23:51:19 @multi_agent_runner.py:120] Agent_0 gets eval reward: -142.86.
[20260601 23:51:19 @multi_agent_runner.py:121] Agent_0 gets win rate: 0.00.
[20260601 23:51:19 @multi_agent_runner.py:120] Agent_1 gets eval reward: 142.86.
[20260601 23:51:19 @multi_agent_runner.py:121] Agent_1 gets win rate: 0.14.
[20260601 23:51:19 @multi_agent_runner.py:79] #------------------------ Iteration 338 --------------------------#
[20260601 23:51:31 @multi_agent_runner.py:85] Sampling 50000 steps by 50 slaves, spending 12.35 s.
[20260601 23:51:41 @multi_agent_runner.py:94] Policy update, spending: 9.34 s.
[20260601 23:51:42 @multi_agent_runner.py:99] Evaluation time: 1.53 s.
[20260601 23:51:42 @multi_agent_runner.py:105] Total time:     131.55 min
[20260601 23:51:42 @multi_agent_runner.py:120] Agent_0 gets eval reward: 0.00.
[20260601 23:51:42 @multi_agent_runner.py:121] Agent_0 gets win rate: 0.00.
[20260601 23:51:42 @multi_agent_runner.py:120] Agent_1 gets eval reward: 0.00.
[20260601 23:51:42 @multi_agent_runner.py:121] Agent_1 gets win rate: 0.00.
[20260601 23:51:42 @multi_agent_runner.py:79] #------------------------ Iteration 339 --------------------------#
[20260601 23:51:54 @multi_agent_runner.py:85] Sampling 50000 steps by 50 slaves, spending 12.04 s.
[20260601 23:52:03 @multi_agent_runner.py:94] Policy update, spending: 9.14 s.
[20260601 23:52:05 @multi_agent_runner.py:99] Evaluation time: 1.62 s.
[20260601 23:52:05 @multi_agent_runner.py:105] Total time:     131.94 min
[20260601 23:52:05 @multi_agent_runner.py:120] Agent_0 gets eval reward: 0.00.
[20260601 23:52:05 @multi_agent_runner.py:121] Agent_0 gets win rate: 0.00.
[20260601 23:52:05 @multi_agent_runner.py:120] Agent_1 gets eval reward: 0.00.
[20260601 23:52:05 @multi_agent_runner.py:121] Agent_1 gets win rate: 0.00.
[20260601 23:52:05 @multi_agent_runner.py:79] #------------------------ Iteration 340 --------------------------#
[20260601 23:52:17 @multi_agent_runner.py:85] Sampling 50000 steps by 50 slaves, spending 11.75 s.
[20260601 23:52:26 @multi_agent_runner.py:94] Policy update, spending: 9.14 s.
[20260601 23:52:27 @multi_agent_runner.py:99] Evaluation time: 1.32 s.
[20260601 23:52:27 @multi_agent_runner.py:105] Total time:     132.31 min
[20260601 23:52:27 @multi_agent_runner.py:120] Agent_0 gets eval reward: 400.00.
[20260601 23:52:27 @multi_agent_runner.py:121] Agent_0 gets win rate: 0.40.
[20260601 23:52:27 @multi_agent_runner.py:120] Agent_1 gets eval reward: -400.00.
[20260601 23:52:27 @multi_agent_runner.py:121] Agent_1 gets win rate: 0.00.
[20260601 23:52:28 @multi_agent_runner.py:79] #------------------------ Iteration 341 --------------------------#
[20260601 23:52:40 @multi_agent_runner.py:85] Sampling 50000 steps by 50 slaves, spending 12.44 s.
[20260601 23:52:49 @multi_agent_runner.py:94] Policy update, spending: 9.00 s.
[20260601 23:52:51 @multi_agent_runner.py:99] Evaluation time: 1.48 s.
[20260601 23:52:51 @multi_agent_runner.py:105] Total time:     132.69 min
[20260601 23:52:51 @multi_agent_runner.py:120] Agent_0 gets eval reward: 0.00.
[20260601 23:52:51 @multi_agent_runner.py:121] Agent_0 gets win rate: 0.14.
[20260601 23:52:51 @multi_agent_runner.py:120] Agent_1 gets eval reward: 0.00.
[20260601 23:52:51 @multi_agent_runner.py:121] Agent_1 gets win rate: 0.14.
[20260601 23:52:51 @multi_agent_runner.py:79] #------------------------ Iteration 342 --------------------------#
[20260601 23:53:03 @multi_agent_runner.py:85] Sampling 50000 steps by 50 slaves, spending 11.85 s.
[20260601 23:53:11 @multi_agent_runner.py:94] Policy update, spending: 8.92 s.
[20260601 23:53:13 @multi_agent_runner.py:99] Evaluation time: 1.32 s.
[20260601 23:53:13 @multi_agent_runner.py:105] Total time:     133.06 min
[20260601 23:53:13 @multi_agent_runner.py:120] Agent_0 gets eval reward: 142.86.
[20260601 23:53:13 @multi_agent_runner.py:121] Agent_0 gets win rate: 0.14.
[20260601 23:53:13 @multi_agent_runner.py:120] Agent_1 gets eval reward: -142.86.
[20260601 23:53:13 @multi_agent_runner.py:121] Agent_1 gets win rate: 0.00.
[20260601 23:53:13 @multi_agent_runner.py:79] #------------------------ Iteration 343 --------------------------#
[20260601 23:53:25 @multi_agent_runner.py:85] Sampling 50000 steps by 50 slaves, spending 12.10 s.
[20260601 23:53:34 @multi_agent_runner.py:94] Policy update, spending: 9.16 s.
[20260601 23:53:35 @multi_agent_runner.py:99] Evaluation time: 1.32 s.
[20260601 23:53:35 @multi_agent_runner.py:105] Total time:     133.44 min
[20260601 23:53:36 @multi_agent_runner.py:120] Agent_0 gets eval reward: -142.86.
[20260601 23:53:36 @multi_agent_runner.py:121] Agent_0 gets win rate: 0.00.
[20260601 23:53:36 @multi_agent_runner.py:120] Agent_1 gets eval reward: 142.86.
[20260601 23:53:36 @multi_agent_runner.py:121] Agent_1 gets win rate: 0.14.
[20260601 23:53:36 @multi_agent_runner.py:79] #------------------------ Iteration 344 --------------------------#
[20260601 23:53:47 @multi_agent_runner.py:85] Sampling 50000 steps by 50 slaves, spending 11.40 s.
[20260601 23:53:56 @multi_agent_runner.py:94] Policy update, spending: 8.79 s.
[20260601 23:53:57 @multi_agent_runner.py:99] Evaluation time: 1.42 s.
[20260601 23:53:57 @multi_agent_runner.py:105] Total time:     133.81 min
[20260601 23:53:57 @multi_agent_runner.py:120] Agent_0 gets eval reward: 125.00.
[20260601 23:53:57 @multi_agent_runner.py:121] Agent_0 gets win rate: 0.12.
[20260601 23:53:57 @multi_agent_runner.py:120] Agent_1 gets eval reward: -125.00.
[20260601 23:53:57 @multi_agent_runner.py:121] Agent_1 gets win rate: 0.00.
[20260601 23:53:57 @multi_agent_runner.py:79] #------------------------ Iteration 345 --------------------------#
[20260601 23:54:09 @multi_agent_runner.py:85] Sampling 50000 steps by 50 slaves, spending 12.05 s.
[20260601 23:54:19 @multi_agent_runner.py:94] Policy update, spending: 9.41 s.
[20260601 23:54:20 @multi_agent_runner.py:99] Evaluation time: 1.32 s.
[20260601 23:54:20 @multi_agent_runner.py:105] Total time:     134.19 min
[20260601 23:54:20 @multi_agent_runner.py:120] Agent_0 gets eval reward: -166.67.
[20260601 23:54:20 @multi_agent_runner.py:121] Agent_0 gets win rate: 0.00.
[20260601 23:54:20 @multi_agent_runner.py:120] Agent_1 gets eval reward: 166.67.
[20260601 23:54:20 @multi_agent_runner.py:121] Agent_1 gets win rate: 0.17.
[20260601 23:54:20 @multi_agent_runner.py:79] #------------------------ Iteration 346 --------------------------#
[20260601 23:54:32 @multi_agent_runner.py:85] Sampling 50000 steps by 50 slaves, spending 11.94 s.
[20260601 23:54:41 @multi_agent_runner.py:94] Policy update, spending: 9.05 s.
[20260601 23:54:43 @multi_agent_runner.py:99] Evaluation time: 1.54 s.
[20260601 23:54:43 @multi_agent_runner.py:105] Total time:     134.57 min
[20260601 23:54:43 @multi_agent_runner.py:120] Agent_0 gets eval reward: -166.67.
[20260601 23:54:43 @multi_agent_runner.py:121] Agent_0 gets win rate: 0.00.
[20260601 23:54:43 @multi_agent_runner.py:120] Agent_1 gets eval reward: 166.67.
[20260601 23:54:43 @multi_agent_runner.py:121] Agent_1 gets win rate: 0.17.
[20260601 23:54:43 @multi_agent_runner.py:79] #------------------------ Iteration 347 --------------------------#
[20260601 23:54:55 @multi_agent_runner.py:85] Sampling 50000 steps by 50 slaves, spending 11.82 s.
[20260601 23:55:04 @multi_agent_runner.py:94] Policy update, spending: 8.96 s.
[20260601 23:55:05 @multi_agent_runner.py:99] Evaluation time: 1.48 s.
[20260601 23:55:05 @multi_agent_runner.py:105] Total time:     134.94 min
[20260601 23:55:05 @multi_agent_runner.py:120] Agent_0 gets eval reward: -166.67.
[20260601 23:55:05 @multi_agent_runner.py:121] Agent_0 gets win rate: 0.00.
[20260601 23:55:05 @multi_agent_runner.py:120] Agent_1 gets eval reward: 166.67.
[20260601 23:55:05 @multi_agent_runner.py:121] Agent_1 gets win rate: 0.17.
[20260601 23:55:05 @multi_agent_runner.py:79] #------------------------ Iteration 348 --------------------------#
[20260601 23:55:18 @multi_agent_runner.py:85] Sampling 50000 steps by 50 slaves, spending 12.18 s.
[20260601 23:55:27 @multi_agent_runner.py:94] Policy update, spending: 9.05 s.
[20260601 23:55:28 @multi_agent_runner.py:99] Evaluation time: 1.59 s.
[20260601 23:55:28 @multi_agent_runner.py:105] Total time:     135.32 min
[20260601 23:55:28 @multi_agent_runner.py:120] Agent_0 gets eval reward: 0.00.
[20260601 23:55:28 @multi_agent_runner.py:121] Agent_0 gets win rate: 0.00.
[20260601 23:55:28 @multi_agent_runner.py:120] Agent_1 gets eval reward: 0.00.
[20260601 23:55:28 @multi_agent_runner.py:121] Agent_1 gets win rate: 0.00.
[20260601 23:55:28 @multi_agent_runner.py:79] #------------------------ Iteration 349 --------------------------#
[20260601 23:55:40 @multi_agent_runner.py:85] Sampling 50000 steps by 50 slaves, spending 11.86 s.
[20260601 23:55:49 @multi_agent_runner.py:94] Policy update, spending: 9.21 s.
[20260601 23:55:51 @multi_agent_runner.py:99] Evaluation time: 1.38 s.
[20260601 23:55:51 @multi_agent_runner.py:105] Total time:     135.70 min
[20260601 23:55:51 @multi_agent_runner.py:120] Agent_0 gets eval reward: 0.00.
[20260601 23:55:51 @multi_agent_runner.py:121] Agent_0 gets win rate: 0.00.
[20260601 23:55:51 @multi_agent_runner.py:120] Agent_1 gets eval reward: 0.00.
[20260601 23:55:51 @multi_agent_runner.py:121] Agent_1 gets win rate: 0.00.
[20260601 23:55:51 @multi_agent_runner.py:79] #------------------------ Iteration 350 --------------------------#
[20260601 23:56:02 @multi_agent_runner.py:85] Sampling 50000 steps by 50 slaves, spending 11.41 s.
[20260601 23:56:11 @multi_agent_runner.py:94] Policy update, spending: 8.99 s.
[20260601 23:56:13 @multi_agent_runner.py:99] Evaluation time: 1.70 s.
[20260601 23:56:13 @multi_agent_runner.py:105] Total time:     136.07 min
[20260601 23:56:13 @multi_agent_runner.py:120] Agent_0 gets eval reward: -166.67.
[20260601 23:56:13 @multi_agent_runner.py:121] Agent_0 gets win rate: 0.00.
[20260601 23:56:13 @multi_agent_runner.py:120] Agent_1 gets eval reward: 166.67.
[20260601 23:56:13 @multi_agent_runner.py:121] Agent_1 gets win rate: 0.17.
[20260601 23:56:13 @multi_agent_runner.py:79] #------------------------ Iteration 351 --------------------------#
[20260601 23:56:25 @multi_agent_runner.py:85] Sampling 50000 steps by 50 slaves, spending 12.32 s.
[20260601 23:56:34 @multi_agent_runner.py:94] Policy update, spending: 8.88 s.
[20260601 23:56:36 @multi_agent_runner.py:99] Evaluation time: 1.81 s.
[20260601 23:56:36 @multi_agent_runner.py:105] Total time:     136.45 min
[20260601 23:56:36 @multi_agent_runner.py:120] Agent_0 gets eval reward: -166.67.
[20260601 23:56:36 @multi_agent_runner.py:121] Agent_0 gets win rate: 0.00.
[20260601 23:56:36 @multi_agent_runner.py:120] Agent_1 gets eval reward: 166.67.
[20260601 23:56:36 @multi_agent_runner.py:121] Agent_1 gets win rate: 0.17.
[20260601 23:56:36 @multi_agent_runner.py:79] #------------------------ Iteration 352 --------------------------#
[20260601 23:56:49 @multi_agent_runner.py:85] Sampling 50000 steps by 50 slaves, spending 12.39 s.
[20260601 23:56:58 @multi_agent_runner.py:94] Policy update, spending: 9.14 s.
[20260601 23:56:59 @multi_agent_runner.py:99] Evaluation time: 1.39 s.
[20260601 23:56:59 @multi_agent_runner.py:105] Total time:     136.84 min
[20260601 23:56:59 @multi_agent_runner.py:120] Agent_0 gets eval reward: -125.00.
[20260601 23:56:59 @multi_agent_runner.py:121] Agent_0 gets win rate: 0.00.
[20260601 23:56:59 @multi_agent_runner.py:120] Agent_1 gets eval reward: 125.00.
[20260601 23:56:59 @multi_agent_runner.py:121] Agent_1 gets win rate: 0.12.
[20260601 23:56:59 @multi_agent_runner.py:79] #------------------------ Iteration 353 --------------------------#
[20260601 23:57:11 @multi_agent_runner.py:85] Sampling 50000 steps by 50 slaves, spending 11.58 s.
[20260601 23:57:20 @multi_agent_runner.py:94] Policy update, spending: 8.88 s.
[20260601 23:57:21 @multi_agent_runner.py:99] Evaluation time: 1.36 s.
[20260601 23:57:21 @multi_agent_runner.py:105] Total time:     137.21 min
[20260601 23:57:21 @multi_agent_runner.py:120] Agent_0 gets eval reward: 166.67.
[20260601 23:57:21 @multi_agent_runner.py:121] Agent_0 gets win rate: 0.17.
[20260601 23:57:21 @multi_agent_runner.py:120] Agent_1 gets eval reward: -166.67.
[20260601 23:57:21 @multi_agent_runner.py:121] Agent_1 gets win rate: 0.00.
[20260601 23:57:21 @multi_agent_runner.py:79] #------------------------ Iteration 354 --------------------------#
[20260601 23:57:34 @multi_agent_runner.py:85] Sampling 50000 steps by 50 slaves, spending 12.39 s.
[20260601 23:57:43 @multi_agent_runner.py:94] Policy update, spending: 9.00 s.
[20260601 23:57:44 @multi_agent_runner.py:99] Evaluation time: 1.47 s.
[20260601 23:57:44 @multi_agent_runner.py:105] Total time:     137.59 min
[20260601 23:57:44 @multi_agent_runner.py:120] Agent_0 gets eval reward: 0.00.
[20260601 23:57:44 @multi_agent_runner.py:121] Agent_0 gets win rate: 0.00.
[20260601 23:57:44 @multi_agent_runner.py:120] Agent_1 gets eval reward: 0.00.
[20260601 23:57:44 @multi_agent_runner.py:121] Agent_1 gets win rate: 0.00.
[20260601 23:57:44 @multi_agent_runner.py:79] #------------------------ Iteration 355 --------------------------#
[20260601 23:57:56 @multi_agent_runner.py:85] Sampling 50000 steps by 50 slaves, spending 12.04 s.
[20260601 23:58:05 @multi_agent_runner.py:94] Policy update, spending: 8.90 s.
[20260601 23:58:07 @multi_agent_runner.py:99] Evaluation time: 1.85 s.
[20260601 23:58:07 @multi_agent_runner.py:105] Total time:     137.97 min
[20260601 23:58:07 @multi_agent_runner.py:120] Agent_0 gets eval reward: -125.00.
[20260601 23:58:07 @multi_agent_runner.py:121] Agent_0 gets win rate: 0.00.
[20260601 23:58:07 @multi_agent_runner.py:120] Agent_1 gets eval reward: 125.00.
[20260601 23:58:07 @multi_agent_runner.py:121] Agent_1 gets win rate: 0.12.
[20260601 23:58:07 @multi_agent_runner.py:79] #------------------------ Iteration 356 --------------------------#
[20260601 23:58:19 @multi_agent_runner.py:85] Sampling 50000 steps by 50 slaves, spending 12.05 s.
[20260601 23:58:29 @multi_agent_runner.py:94] Policy update, spending: 9.29 s.
[20260601 23:58:30 @multi_agent_runner.py:99] Evaluation time: 1.39 s.
[20260601 23:58:30 @multi_agent_runner.py:105] Total time:     138.35 min
[20260601 23:58:30 @multi_agent_runner.py:120] Agent_0 gets eval reward: 0.00.
[20260601 23:58:30 @multi_agent_runner.py:121] Agent_0 gets win rate: 0.00.
[20260601 23:58:30 @multi_agent_runner.py:120] Agent_1 gets eval reward: 0.00.
[20260601 23:58:30 @multi_agent_runner.py:121] Agent_1 gets win rate: 0.00.
[20260601 23:58:30 @multi_agent_runner.py:79] #------------------------ Iteration 357 --------------------------#
[20260601 23:58:42 @multi_agent_runner.py:85] Sampling 50000 steps by 50 slaves, spending 11.57 s.
[20260601 23:58:51 @multi_agent_runner.py:94] Policy update, spending: 8.83 s.
[20260601 23:58:52 @multi_agent_runner.py:99] Evaluation time: 1.46 s.
[20260601 23:58:52 @multi_agent_runner.py:105] Total time:     138.72 min
[20260601 23:58:52 @multi_agent_runner.py:120] Agent_0 gets eval reward: 0.00.
[20260601 23:58:52 @multi_agent_runner.py:121] Agent_0 gets win rate: 0.00.
[20260601 23:58:52 @multi_agent_runner.py:120] Agent_1 gets eval reward: 0.00.
[20260601 23:58:52 @multi_agent_runner.py:121] Agent_1 gets win rate: 0.00.
[20260601 23:58:52 @multi_agent_runner.py:79] #------------------------ Iteration 358 --------------------------#
[20260601 23:59:04 @multi_agent_runner.py:85] Sampling 50000 steps by 50 slaves, spending 11.82 s.
[20260601 23:59:13 @multi_agent_runner.py:94] Policy update, spending: 9.06 s.
[20260601 23:59:14 @multi_agent_runner.py:99] Evaluation time: 1.40 s.
[20260601 23:59:14 @multi_agent_runner.py:105] Total time:     139.09 min
[20260601 23:59:14 @multi_agent_runner.py:120] Agent_0 gets eval reward: 200.00.
[20260601 23:59:14 @multi_agent_runner.py:121] Agent_0 gets win rate: 0.20.
[20260601 23:59:14 @multi_agent_runner.py:120] Agent_1 gets eval reward: -200.00.
[20260601 23:59:14 @multi_agent_runner.py:121] Agent_1 gets win rate: 0.00.
[20260601 23:59:15 @multi_agent_runner.py:79] #------------------------ Iteration 359 --------------------------#
[20260601 23:59:27 @multi_agent_runner.py:85] Sampling 50000 steps by 50 slaves, spending 12.34 s.
[20260601 23:59:36 @multi_agent_runner.py:94] Policy update, spending: 9.39 s.
[20260601 23:59:38 @multi_agent_runner.py:99] Evaluation time: 1.44 s.
[20260601 23:59:38 @multi_agent_runner.py:105] Total time:     139.48 min
[20260601 23:59:38 @multi_agent_runner.py:120] Agent_0 gets eval reward: 0.00.
[20260601 23:59:38 @multi_agent_runner.py:121] Agent_0 gets win rate: 0.00.
[20260601 23:59:38 @multi_agent_runner.py:120] Agent_1 gets eval reward: 0.00.
[20260601 23:59:38 @multi_agent_runner.py:121] Agent_1 gets win rate: 0.00.
[20260601 23:59:38 @multi_agent_runner.py:79] #------------------------ Iteration 360 --------------------------#
[20260601 23:59:50 @multi_agent_runner.py:85] Sampling 50000 steps by 50 slaves, spending 11.71 s.
[20260601 23:59:59 @multi_agent_runner.py:94] Policy update, spending: 8.90 s.
[20260602 00:00:00 @multi_agent_runner.py:99] Evaluation time: 1.34 s.
[20260602 00:00:00 @multi_agent_runner.py:105] Total time:     139.85 min
[20260602 00:00:00 @multi_agent_runner.py:120] Agent_0 gets eval reward: 0.00.
[20260602 00:00:00 @multi_agent_runner.py:121] Agent_0 gets win rate: 0.00.
[20260602 00:00:00 @multi_agent_runner.py:120] Agent_1 gets eval reward: 0.00.
[20260602 00:00:00 @multi_agent_runner.py:121] Agent_1 gets win rate: 0.00.
[20260602 00:00:00 @multi_agent_runner.py:79] #------------------------ Iteration 361 --------------------------#
[20260602 00:00:12 @multi_agent_runner.py:85] Sampling 50000 steps by 50 slaves, spending 11.92 s.
[20260602 00:00:21 @multi_agent_runner.py:94] Policy update, spending: 8.91 s.
[20260602 00:00:22 @multi_agent_runner.py:99] Evaluation time: 1.58 s.
[20260602 00:00:22 @multi_agent_runner.py:105] Total time:     140.22 min
[20260602 00:00:22 @multi_agent_runner.py:120] Agent_0 gets eval reward: -166.67.
[20260602 00:00:22 @multi_agent_runner.py:121] Agent_0 gets win rate: 0.00.
[20260602 00:00:22 @multi_agent_runner.py:120] Agent_1 gets eval reward: 166.67.
[20260602 00:00:22 @multi_agent_runner.py:121] Agent_1 gets win rate: 0.17.
[20260602 00:00:23 @multi_agent_runner.py:79] #------------------------ Iteration 362 --------------------------#
[20260602 00:00:35 @multi_agent_runner.py:85] Sampling 50000 steps by 50 slaves, spending 12.27 s.
[20260602 00:00:44 @multi_agent_runner.py:94] Policy update, spending: 9.28 s.
[20260602 00:00:45 @multi_agent_runner.py:99] Evaluation time: 1.38 s.
[20260602 00:00:45 @multi_agent_runner.py:105] Total time:     140.61 min
[20260602 00:00:46 @multi_agent_runner.py:120] Agent_0 gets eval reward: 111.11.
[20260602 00:00:46 @multi_agent_runner.py:121] Agent_0 gets win rate: 0.11.
[20260602 00:00:46 @multi_agent_runner.py:120] Agent_1 gets eval reward: -111.11.
[20260602 00:00:46 @multi_agent_runner.py:121] Agent_1 gets win rate: 0.00.
[20260602 00:00:46 @multi_agent_runner.py:79] #------------------------ Iteration 363 --------------------------#
[20260602 00:00:58 @multi_agent_runner.py:85] Sampling 50000 steps by 50 slaves, spending 12.32 s.
[20260602 00:01:07 @multi_agent_runner.py:94] Policy update, spending: 9.10 s.
[20260602 00:01:08 @multi_agent_runner.py:99] Evaluation time: 1.37 s.
[20260602 00:01:08 @multi_agent_runner.py:105] Total time:     140.99 min
[20260602 00:01:08 @multi_agent_runner.py:120] Agent_0 gets eval reward: -200.00.
[20260602 00:01:08 @multi_agent_runner.py:121] Agent_0 gets win rate: 0.00.
[20260602 00:01:08 @multi_agent_runner.py:120] Agent_1 gets eval reward: 200.00.
[20260602 00:01:08 @multi_agent_runner.py:121] Agent_1 gets win rate: 0.20.
[20260602 00:01:09 @multi_agent_runner.py:79] #------------------------ Iteration 364 --------------------------#
[20260602 00:01:21 @multi_agent_runner.py:85] Sampling 50000 steps by 50 slaves, spending 12.26 s.
[20260602 00:01:30 @multi_agent_runner.py:94] Policy update, spending: 9.36 s.
[20260602 00:01:32 @multi_agent_runner.py:99] Evaluation time: 1.51 s.
[20260602 00:01:32 @multi_agent_runner.py:105] Total time:     141.38 min
[20260602 00:01:32 @multi_agent_runner.py:120] Agent_0 gets eval reward: -200.00.
[20260602 00:01:32 @multi_agent_runner.py:121] Agent_0 gets win rate: 0.00.
[20260602 00:01:32 @multi_agent_runner.py:120] Agent_1 gets eval reward: 200.00.
[20260602 00:01:32 @multi_agent_runner.py:121] Agent_1 gets win rate: 0.20.
[20260602 00:01:32 @multi_agent_runner.py:79] #------------------------ Iteration 365 --------------------------#
[20260602 00:01:44 @multi_agent_runner.py:85] Sampling 50000 steps by 50 slaves, spending 12.00 s.
[20260602 00:01:53 @multi_agent_runner.py:94] Policy update, spending: 9.03 s.
[20260602 00:01:54 @multi_agent_runner.py:99] Evaluation time: 1.48 s.
[20260602 00:01:54 @multi_agent_runner.py:105] Total time:     141.76 min
[20260602 00:01:54 @multi_agent_runner.py:120] Agent_0 gets eval reward: 0.00.
[20260602 00:01:54 @multi_agent_runner.py:121] Agent_0 gets win rate: 0.00.
[20260602 00:01:54 @multi_agent_runner.py:120] Agent_1 gets eval reward: 0.00.
[20260602 00:01:54 @multi_agent_runner.py:121] Agent_1 gets win rate: 0.00.
[20260602 00:01:54 @multi_agent_runner.py:79] #------------------------ Iteration 366 --------------------------#
[20260602 00:02:07 @multi_agent_runner.py:85] Sampling 50000 steps by 50 slaves, spending 12.39 s.
[20260602 00:02:16 @multi_agent_runner.py:94] Policy update, spending: 9.46 s.
[20260602 00:02:18 @multi_agent_runner.py:99] Evaluation time: 1.73 s.
[20260602 00:02:18 @multi_agent_runner.py:105] Total time:     142.15 min
[20260602 00:02:18 @multi_agent_runner.py:120] Agent_0 gets eval reward: 0.00.
[20260602 00:02:18 @multi_agent_runner.py:121] Agent_0 gets win rate: 0.00.
[20260602 00:02:18 @multi_agent_runner.py:120] Agent_1 gets eval reward: 0.00.
[20260602 00:02:18 @multi_agent_runner.py:121] Agent_1 gets win rate: 0.00.
[20260602 00:02:18 @multi_agent_runner.py:79] #------------------------ Iteration 367 --------------------------#
[20260602 00:02:30 @multi_agent_runner.py:85] Sampling 50000 steps by 50 slaves, spending 11.99 s.
[20260602 00:02:39 @multi_agent_runner.py:94] Policy update, spending: 8.94 s.
[20260602 00:02:40 @multi_agent_runner.py:99] Evaluation time: 1.33 s.
[20260602 00:02:40 @multi_agent_runner.py:105] Total time:     142.53 min
[20260602 00:02:41 @multi_agent_runner.py:120] Agent_0 gets eval reward: -166.67.
[20260602 00:02:41 @multi_agent_runner.py:121] Agent_0 gets win rate: 0.00.
[20260602 00:02:41 @multi_agent_runner.py:120] Agent_1 gets eval reward: 166.67.
[20260602 00:02:41 @multi_agent_runner.py:121] Agent_1 gets win rate: 0.17.
[20260602 00:02:41 @multi_agent_runner.py:79] #------------------------ Iteration 368 --------------------------#
[20260602 00:02:53 @multi_agent_runner.py:85] Sampling 50000 steps by 50 slaves, spending 12.02 s.
[20260602 00:03:02 @multi_agent_runner.py:94] Policy update, spending: 9.11 s.
[20260602 00:03:04 @multi_agent_runner.py:99] Evaluation time: 1.74 s.
[20260602 00:03:04 @multi_agent_runner.py:105] Total time:     142.91 min
[20260602 00:03:04 @multi_agent_runner.py:120] Agent_0 gets eval reward: -166.67.
[20260602 00:03:04 @multi_agent_runner.py:121] Agent_0 gets win rate: 0.17.
[20260602 00:03:04 @multi_agent_runner.py:120] Agent_1 gets eval reward: 166.67.
[20260602 00:03:04 @multi_agent_runner.py:121] Agent_1 gets win rate: 0.33.
[20260602 00:03:04 @multi_agent_runner.py:79] #------------------------ Iteration 369 --------------------------#
[20260602 00:03:16 @multi_agent_runner.py:85] Sampling 50000 steps by 50 slaves, spending 12.01 s.
[20260602 00:03:25 @multi_agent_runner.py:94] Policy update, spending: 8.99 s.
[20260602 00:03:26 @multi_agent_runner.py:99] Evaluation time: 1.56 s.
[20260602 00:03:26 @multi_agent_runner.py:105] Total time:     143.29 min
[20260602 00:03:26 @multi_agent_runner.py:120] Agent_0 gets eval reward: 0.00.
[20260602 00:03:26 @multi_agent_runner.py:121] Agent_0 gets win rate: 0.17.
[20260602 00:03:26 @multi_agent_runner.py:120] Agent_1 gets eval reward: 0.00.
[20260602 00:03:26 @multi_agent_runner.py:121] Agent_1 gets win rate: 0.17.
[20260602 00:03:26 @multi_agent_runner.py:79] #------------------------ Iteration 370 --------------------------#
[20260602 00:03:38 @multi_agent_runner.py:85] Sampling 50000 steps by 50 slaves, spending 11.73 s.
[20260602 00:03:47 @multi_agent_runner.py:94] Policy update, spending: 8.96 s.
[20260602 00:03:49 @multi_agent_runner.py:99] Evaluation time: 1.72 s.
[20260602 00:03:49 @multi_agent_runner.py:105] Total time:     143.66 min
[20260602 00:03:49 @multi_agent_runner.py:120] Agent_0 gets eval reward: -333.33.
[20260602 00:03:49 @multi_agent_runner.py:121] Agent_0 gets win rate: 0.00.
[20260602 00:03:49 @multi_agent_runner.py:120] Agent_1 gets eval reward: 333.33.
[20260602 00:03:49 @multi_agent_runner.py:121] Agent_1 gets win rate: 0.33.
[20260602 00:03:49 @multi_agent_runner.py:79] #------------------------ Iteration 371 --------------------------#
[20260602 00:04:01 @multi_agent_runner.py:85] Sampling 50000 steps by 50 slaves, spending 12.30 s.
[20260602 00:04:10 @multi_agent_runner.py:94] Policy update, spending: 9.28 s.
[20260602 00:04:12 @multi_agent_runner.py:99] Evaluation time: 1.35 s.
[20260602 00:04:12 @multi_agent_runner.py:105] Total time:     144.05 min
[20260602 00:04:12 @multi_agent_runner.py:120] Agent_0 gets eval reward: 0.00.
[20260602 00:04:12 @multi_agent_runner.py:121] Agent_0 gets win rate: 0.00.
[20260602 00:04:12 @multi_agent_runner.py:120] Agent_1 gets eval reward: 0.00.
[20260602 00:04:12 @multi_agent_runner.py:121] Agent_1 gets win rate: 0.00.
[20260602 00:04:12 @multi_agent_runner.py:79] #------------------------ Iteration 372 --------------------------#
[20260602 00:04:24 @multi_agent_runner.py:85] Sampling 50000 steps by 50 slaves, spending 11.98 s.
[20260602 00:04:33 @multi_agent_runner.py:94] Policy update, spending: 9.09 s.
[20260602 00:04:34 @multi_agent_runner.py:99] Evaluation time: 1.38 s.
[20260602 00:04:34 @multi_agent_runner.py:105] Total time:     144.42 min
[20260602 00:04:34 @multi_agent_runner.py:120] Agent_0 gets eval reward: 0.00.
[20260602 00:04:34 @multi_agent_runner.py:121] Agent_0 gets win rate: 0.00.
[20260602 00:04:34 @multi_agent_runner.py:120] Agent_1 gets eval reward: 0.00.
[20260602 00:04:34 @multi_agent_runner.py:121] Agent_1 gets win rate: 0.00.
[20260602 00:04:35 @multi_agent_runner.py:79] #------------------------ Iteration 373 --------------------------#
[20260602 00:04:47 @multi_agent_runner.py:85] Sampling 50000 steps by 50 slaves, spending 12.45 s.
[20260602 00:04:56 @multi_agent_runner.py:94] Policy update, spending: 9.13 s.
[20260602 00:04:58 @multi_agent_runner.py:99] Evaluation time: 1.48 s.
[20260602 00:04:58 @multi_agent_runner.py:105] Total time:     144.81 min
[20260602 00:04:58 @multi_agent_runner.py:120] Agent_0 gets eval reward: 0.00.
[20260602 00:04:58 @multi_agent_runner.py:121] Agent_0 gets win rate: 0.00.
[20260602 00:04:58 @multi_agent_runner.py:120] Agent_1 gets eval reward: 0.00.
[20260602 00:04:58 @multi_agent_runner.py:121] Agent_1 gets win rate: 0.00.
[20260602 00:04:58 @multi_agent_runner.py:79] #------------------------ Iteration 374 --------------------------#
[20260602 00:05:10 @multi_agent_runner.py:85] Sampling 50000 steps by 50 slaves, spending 12.00 s.
[20260602 00:05:19 @multi_agent_runner.py:94] Policy update, spending: 8.95 s.
[20260602 00:05:20 @multi_agent_runner.py:99] Evaluation time: 1.57 s.
[20260602 00:05:20 @multi_agent_runner.py:105] Total time:     145.19 min
[20260602 00:05:20 @multi_agent_runner.py:120] Agent_0 gets eval reward: 0.00.
[20260602 00:05:20 @multi_agent_runner.py:121] Agent_0 gets win rate: 0.20.
[20260602 00:05:20 @multi_agent_runner.py:120] Agent_1 gets eval reward: 0.00.
[20260602 00:05:20 @multi_agent_runner.py:121] Agent_1 gets win rate: 0.20.
[20260602 00:05:20 @multi_agent_runner.py:79] #------------------------ Iteration 375 --------------------------#
[20260602 00:05:32 @multi_agent_runner.py:85] Sampling 50000 steps by 50 slaves, spending 12.07 s.
[20260602 00:05:42 @multi_agent_runner.py:94] Policy update, spending: 9.20 s.
[20260602 00:05:43 @multi_agent_runner.py:99] Evaluation time: 1.56 s.
[20260602 00:05:43 @multi_agent_runner.py:105] Total time:     145.57 min
[20260602 00:05:43 @multi_agent_runner.py:120] Agent_0 gets eval reward: -142.86.
[20260602 00:05:43 @multi_agent_runner.py:121] Agent_0 gets win rate: 0.00.
[20260602 00:05:43 @multi_agent_runner.py:120] Agent_1 gets eval reward: 142.86.
[20260602 00:05:43 @multi_agent_runner.py:121] Agent_1 gets win rate: 0.14.
[20260602 00:05:43 @multi_agent_runner.py:79] #------------------------ Iteration 376 --------------------------#
[20260602 00:05:56 @multi_agent_runner.py:85] Sampling 50000 steps by 50 slaves, spending 12.28 s.
[20260602 00:06:05 @multi_agent_runner.py:94] Policy update, spending: 9.34 s.
[20260602 00:06:06 @multi_agent_runner.py:99] Evaluation time: 1.34 s.
[20260602 00:06:06 @multi_agent_runner.py:105] Total time:     145.96 min
[20260602 00:06:06 @multi_agent_runner.py:120] Agent_0 gets eval reward: 0.00.
[20260602 00:06:06 @multi_agent_runner.py:121] Agent_0 gets win rate: 0.00.
[20260602 00:06:06 @multi_agent_runner.py:120] Agent_1 gets eval reward: 0.00.
[20260602 00:06:06 @multi_agent_runner.py:121] Agent_1 gets win rate: 0.00.
[20260602 00:06:06 @multi_agent_runner.py:79] #------------------------ Iteration 377 --------------------------#
[20260602 00:06:18 @multi_agent_runner.py:85] Sampling 50000 steps by 50 slaves, spending 11.90 s.
[20260602 00:06:28 @multi_agent_runner.py:94] Policy update, spending: 9.26 s.
[20260602 00:06:29 @multi_agent_runner.py:99] Evaluation time: 1.70 s.
[20260602 00:06:29 @multi_agent_runner.py:105] Total time:     146.34 min
[20260602 00:06:29 @multi_agent_runner.py:120] Agent_0 gets eval reward: 250.00.
[20260602 00:06:29 @multi_agent_runner.py:121] Agent_0 gets win rate: 0.25.
[20260602 00:06:29 @multi_agent_runner.py:120] Agent_1 gets eval reward: -250.00.
[20260602 00:06:29 @multi_agent_runner.py:121] Agent_1 gets win rate: 0.00.
[20260602 00:06:29 @multi_agent_runner.py:79] #------------------------ Iteration 378 --------------------------#
[20260602 00:06:42 @multi_agent_runner.py:85] Sampling 50000 steps by 50 slaves, spending 12.14 s.
[20260602 00:06:51 @multi_agent_runner.py:94] Policy update, spending: 8.92 s.
[20260602 00:06:52 @multi_agent_runner.py:99] Evaluation time: 1.86 s.
[20260602 00:06:52 @multi_agent_runner.py:105] Total time:     146.72 min
[20260602 00:06:52 @multi_agent_runner.py:120] Agent_0 gets eval reward: 0.00.
[20260602 00:06:52 @multi_agent_runner.py:121] Agent_0 gets win rate: 0.00.
[20260602 00:06:52 @multi_agent_runner.py:120] Agent_1 gets eval reward: 0.00.
[20260602 00:06:52 @multi_agent_runner.py:121] Agent_1 gets win rate: 0.00.
[20260602 00:06:53 @multi_agent_runner.py:79] #------------------------ Iteration 379 --------------------------#
[20260602 00:07:04 @multi_agent_runner.py:85] Sampling 50000 steps by 50 slaves, spending 11.91 s.
[20260602 00:07:14 @multi_agent_runner.py:94] Policy update, spending: 9.25 s.
[20260602 00:07:15 @multi_agent_runner.py:99] Evaluation time: 1.58 s.
[20260602 00:07:15 @multi_agent_runner.py:105] Total time:     147.11 min
[20260602 00:07:15 @multi_agent_runner.py:120] Agent_0 gets eval reward: 0.00.
[20260602 00:07:15 @multi_agent_runner.py:121] Agent_0 gets win rate: 0.00.
[20260602 00:07:15 @multi_agent_runner.py:120] Agent_1 gets eval reward: 0.00.
[20260602 00:07:15 @multi_agent_runner.py:121] Agent_1 gets win rate: 0.00.
[20260602 00:07:15 @multi_agent_runner.py:79] #------------------------ Iteration 380 --------------------------#
[20260602 00:07:27 @multi_agent_runner.py:85] Sampling 50000 steps by 50 slaves, spending 11.59 s.
[20260602 00:07:36 @multi_agent_runner.py:94] Policy update, spending: 8.88 s.
[20260602 00:07:37 @multi_agent_runner.py:99] Evaluation time: 1.41 s.
[20260602 00:07:37 @multi_agent_runner.py:105] Total time:     147.47 min
[20260602 00:07:37 @multi_agent_runner.py:120] Agent_0 gets eval reward: 0.00.
[20260602 00:07:37 @multi_agent_runner.py:121] Agent_0 gets win rate: 0.00.
[20260602 00:07:37 @multi_agent_runner.py:120] Agent_1 gets eval reward: 0.00.
[20260602 00:07:37 @multi_agent_runner.py:121] Agent_1 gets win rate: 0.00.
[20260602 00:07:37 @multi_agent_runner.py:79] #------------------------ Iteration 381 --------------------------#
[20260602 00:07:50 @multi_agent_runner.py:85] Sampling 50000 steps by 50 slaves, spending 12.08 s.
[20260602 00:07:59 @multi_agent_runner.py:94] Policy update, spending: 9.21 s.
[20260602 00:08:00 @multi_agent_runner.py:99] Evaluation time: 1.41 s.
[20260602 00:08:00 @multi_agent_runner.py:105] Total time:     147.85 min
[20260602 00:08:00 @multi_agent_runner.py:120] Agent_0 gets eval reward: -333.33.
[20260602 00:08:00 @multi_agent_runner.py:121] Agent_0 gets win rate: 0.00.
[20260602 00:08:00 @multi_agent_runner.py:120] Agent_1 gets eval reward: 333.33.
[20260602 00:08:00 @multi_agent_runner.py:121] Agent_1 gets win rate: 0.33.
[20260602 00:08:00 @multi_agent_runner.py:79] #------------------------ Iteration 382 --------------------------#
[20260602 00:08:12 @multi_agent_runner.py:85] Sampling 50000 steps by 50 slaves, spending 11.82 s.
[20260602 00:08:21 @multi_agent_runner.py:94] Policy update, spending: 9.06 s.
[20260602 00:08:23 @multi_agent_runner.py:99] Evaluation time: 1.47 s.
[20260602 00:08:23 @multi_agent_runner.py:105] Total time:     148.23 min
[20260602 00:08:23 @multi_agent_runner.py:120] Agent_0 gets eval reward: 0.00.
[20260602 00:08:23 @multi_agent_runner.py:121] Agent_0 gets win rate: 0.00.
[20260602 00:08:23 @multi_agent_runner.py:120] Agent_1 gets eval reward: 0.00.
[20260602 00:08:23 @multi_agent_runner.py:121] Agent_1 gets win rate: 0.00.
[20260602 00:08:23 @multi_agent_runner.py:79] #------------------------ Iteration 383 --------------------------#
[20260602 00:08:35 @multi_agent_runner.py:85] Sampling 50000 steps by 50 slaves, spending 12.39 s.
[20260602 00:08:44 @multi_agent_runner.py:94] Policy update, spending: 9.17 s.
[20260602 00:08:46 @multi_agent_runner.py:99] Evaluation time: 1.52 s.
[20260602 00:08:46 @multi_agent_runner.py:105] Total time:     148.62 min
[20260602 00:08:46 @multi_agent_runner.py:120] Agent_0 gets eval reward: 0.00.
[20260602 00:08:46 @multi_agent_runner.py:121] Agent_0 gets win rate: 0.00.
[20260602 00:08:46 @multi_agent_runner.py:120] Agent_1 gets eval reward: 0.00.
[20260602 00:08:46 @multi_agent_runner.py:121] Agent_1 gets win rate: 0.00.
[20260602 00:08:46 @multi_agent_runner.py:79] #------------------------ Iteration 384 --------------------------#
[20260602 00:08:57 @multi_agent_runner.py:85] Sampling 50000 steps by 50 slaves, spending 11.49 s.
[20260602 00:09:06 @multi_agent_runner.py:94] Policy update, spending: 8.91 s.
[20260602 00:09:08 @multi_agent_runner.py:99] Evaluation time: 1.46 s.
[20260602 00:09:08 @multi_agent_runner.py:105] Total time:     148.98 min
[20260602 00:09:08 @multi_agent_runner.py:120] Agent_0 gets eval reward: 200.00.
[20260602 00:09:08 @multi_agent_runner.py:121] Agent_0 gets win rate: 0.20.
[20260602 00:09:08 @multi_agent_runner.py:120] Agent_1 gets eval reward: -200.00.
[20260602 00:09:08 @multi_agent_runner.py:121] Agent_1 gets win rate: 0.00.
[20260602 00:09:08 @multi_agent_runner.py:79] #------------------------ Iteration 385 --------------------------#
[20260602 00:09:20 @multi_agent_runner.py:85] Sampling 50000 steps by 50 slaves, spending 11.91 s.
[20260602 00:09:29 @multi_agent_runner.py:94] Policy update, spending: 8.87 s.
[20260602 00:09:30 @multi_agent_runner.py:99] Evaluation time: 1.25 s.
[20260602 00:09:30 @multi_agent_runner.py:105] Total time:     149.35 min
[20260602 00:09:30 @multi_agent_runner.py:120] Agent_0 gets eval reward: 0.00.
[20260602 00:09:30 @multi_agent_runner.py:121] Agent_0 gets win rate: 0.00.
[20260602 00:09:30 @multi_agent_runner.py:120] Agent_1 gets eval reward: 0.00.
[20260602 00:09:30 @multi_agent_runner.py:121] Agent_1 gets win rate: 0.00.
[20260602 00:09:30 @multi_agent_runner.py:79] #------------------------ Iteration 386 --------------------------#
[20260602 00:09:42 @multi_agent_runner.py:85] Sampling 50000 steps by 50 slaves, spending 11.87 s.
[20260602 00:09:51 @multi_agent_runner.py:94] Policy update, spending: 8.83 s.
[20260602 00:09:52 @multi_agent_runner.py:99] Evaluation time: 1.46 s.
[20260602 00:09:52 @multi_agent_runner.py:105] Total time:     149.72 min
[20260602 00:09:52 @multi_agent_runner.py:120] Agent_0 gets eval reward: -333.33.
[20260602 00:09:52 @multi_agent_runner.py:121] Agent_0 gets win rate: 0.00.
[20260602 00:09:52 @multi_agent_runner.py:120] Agent_1 gets eval reward: 333.33.
[20260602 00:09:52 @multi_agent_runner.py:121] Agent_1 gets win rate: 0.33.
[20260602 00:09:52 @multi_agent_runner.py:79] #------------------------ Iteration 387 --------------------------#
[20260602 00:10:05 @multi_agent_runner.py:85] Sampling 50000 steps by 50 slaves, spending 12.23 s.
[20260602 00:10:14 @multi_agent_runner.py:94] Policy update, spending: 8.93 s.
[20260602 00:10:15 @multi_agent_runner.py:99] Evaluation time: 1.55 s.
[20260602 00:10:15 @multi_agent_runner.py:105] Total time:     150.10 min
[20260602 00:10:15 @multi_agent_runner.py:120] Agent_0 gets eval reward: 0.00.
[20260602 00:10:15 @multi_agent_runner.py:121] Agent_0 gets win rate: 0.00.
[20260602 00:10:15 @multi_agent_runner.py:120] Agent_1 gets eval reward: 0.00.
[20260602 00:10:15 @multi_agent_runner.py:121] Agent_1 gets win rate: 0.00.
[20260602 00:10:15 @multi_agent_runner.py:79] #------------------------ Iteration 388 --------------------------#
[20260602 00:10:28 @multi_agent_runner.py:85] Sampling 50000 steps by 50 slaves, spending 12.35 s.
[20260602 00:10:37 @multi_agent_runner.py:94] Policy update, spending: 9.16 s.
[20260602 00:10:38 @multi_agent_runner.py:99] Evaluation time: 1.39 s.
[20260602 00:10:38 @multi_agent_runner.py:105] Total time:     150.49 min
[20260602 00:10:38 @multi_agent_runner.py:120] Agent_0 gets eval reward: -166.67.
[20260602 00:10:38 @multi_agent_runner.py:121] Agent_0 gets win rate: 0.00.
[20260602 00:10:38 @multi_agent_runner.py:120] Agent_1 gets eval reward: 166.67.
[20260602 00:10:38 @multi_agent_runner.py:121] Agent_1 gets win rate: 0.17.
[20260602 00:10:38 @multi_agent_runner.py:79] #------------------------ Iteration 389 --------------------------#
[20260602 00:10:51 @multi_agent_runner.py:85] Sampling 50000 steps by 50 slaves, spending 12.21 s.
[20260602 00:11:00 @multi_agent_runner.py:94] Policy update, spending: 9.34 s.
[20260602 00:11:01 @multi_agent_runner.py:99] Evaluation time: 1.31 s.
[20260602 00:11:01 @multi_agent_runner.py:105] Total time:     150.87 min
[20260602 00:11:01 @multi_agent_runner.py:120] Agent_0 gets eval reward: -166.67.
[20260602 00:11:01 @multi_agent_runner.py:121] Agent_0 gets win rate: 0.00.
[20260602 00:11:01 @multi_agent_runner.py:120] Agent_1 gets eval reward: 166.67.
[20260602 00:11:01 @multi_agent_runner.py:121] Agent_1 gets win rate: 0.17.
[20260602 00:11:01 @multi_agent_runner.py:79] #------------------------ Iteration 390 --------------------------#
[20260602 00:11:14 @multi_agent_runner.py:85] Sampling 50000 steps by 50 slaves, spending 12.17 s.
[20260602 00:11:23 @multi_agent_runner.py:94] Policy update, spending: 9.31 s.
[20260602 00:11:24 @multi_agent_runner.py:99] Evaluation time: 1.53 s.
[20260602 00:11:24 @multi_agent_runner.py:105] Total time:     151.26 min
[20260602 00:11:24 @multi_agent_runner.py:120] Agent_0 gets eval reward: -166.67.
[20260602 00:11:24 @multi_agent_runner.py:121] Agent_0 gets win rate: 0.00.
[20260602 00:11:24 @multi_agent_runner.py:120] Agent_1 gets eval reward: 166.67.
[20260602 00:11:24 @multi_agent_runner.py:121] Agent_1 gets win rate: 0.17.
[20260602 00:11:25 @multi_agent_runner.py:79] #------------------------ Iteration 391 --------------------------#
[20260602 00:11:37 @multi_agent_runner.py:85] Sampling 50000 steps by 50 slaves, spending 12.00 s.
[20260602 00:11:46 @multi_agent_runner.py:94] Policy update, spending: 9.27 s.
[20260602 00:11:47 @multi_agent_runner.py:99] Evaluation time: 1.61 s.
[20260602 00:11:47 @multi_agent_runner.py:105] Total time:     151.64 min
[20260602 00:11:48 @multi_agent_runner.py:120] Agent_0 gets eval reward: 166.67.
[20260602 00:11:48 @multi_agent_runner.py:121] Agent_0 gets win rate: 0.17.
[20260602 00:11:48 @multi_agent_runner.py:120] Agent_1 gets eval reward: -166.67.
[20260602 00:11:48 @multi_agent_runner.py:121] Agent_1 gets win rate: 0.00.
[20260602 00:11:48 @multi_agent_runner.py:79] #------------------------ Iteration 392 --------------------------#
[20260602 00:12:00 @multi_agent_runner.py:85] Sampling 50000 steps by 50 slaves, spending 12.63 s.
[20260602 00:12:09 @multi_agent_runner.py:94] Policy update, spending: 9.06 s.
[20260602 00:12:11 @multi_agent_runner.py:99] Evaluation time: 1.61 s.
[20260602 00:12:11 @multi_agent_runner.py:105] Total time:     152.03 min
[20260602 00:12:11 @multi_agent_runner.py:120] Agent_0 gets eval reward: 200.00.
[20260602 00:12:11 @multi_agent_runner.py:121] Agent_0 gets win rate: 0.20.
[20260602 00:12:11 @multi_agent_runner.py:120] Agent_1 gets eval reward: -200.00.
[20260602 00:12:11 @multi_agent_runner.py:121] Agent_1 gets win rate: 0.00.
[20260602 00:12:11 @multi_agent_runner.py:79] #------------------------ Iteration 393 --------------------------#
[20260602 00:12:23 @multi_agent_runner.py:85] Sampling 50000 steps by 50 slaves, spending 11.97 s.
[20260602 00:12:32 @multi_agent_runner.py:94] Policy update, spending: 9.24 s.
[20260602 00:12:34 @multi_agent_runner.py:99] Evaluation time: 1.46 s.
[20260602 00:12:34 @multi_agent_runner.py:105] Total time:     152.41 min
[20260602 00:12:34 @multi_agent_runner.py:120] Agent_0 gets eval reward: 0.00.
[20260602 00:12:34 @multi_agent_runner.py:121] Agent_0 gets win rate: 0.00.
[20260602 00:12:34 @multi_agent_runner.py:120] Agent_1 gets eval reward: 0.00.
[20260602 00:12:34 @multi_agent_runner.py:121] Agent_1 gets win rate: 0.00.
[20260602 00:12:34 @multi_agent_runner.py:79] #------------------------ Iteration 394 --------------------------#
[20260602 00:12:46 @multi_agent_runner.py:85] Sampling 50000 steps by 50 slaves, spending 11.64 s.
[20260602 00:12:55 @multi_agent_runner.py:94] Policy update, spending: 9.04 s.
[20260602 00:12:56 @multi_agent_runner.py:99] Evaluation time: 1.76 s.
[20260602 00:12:56 @multi_agent_runner.py:105] Total time:     152.79 min
[20260602 00:12:56 @multi_agent_runner.py:120] Agent_0 gets eval reward: 200.00.
[20260602 00:12:56 @multi_agent_runner.py:121] Agent_0 gets win rate: 0.20.
[20260602 00:12:56 @multi_agent_runner.py:120] Agent_1 gets eval reward: -200.00.
[20260602 00:12:56 @multi_agent_runner.py:121] Agent_1 gets win rate: 0.00.
[20260602 00:12:56 @multi_agent_runner.py:79] #------------------------ Iteration 395 --------------------------#
[20260602 00:13:09 @multi_agent_runner.py:85] Sampling 50000 steps by 50 slaves, spending 12.26 s.
[20260602 00:13:18 @multi_agent_runner.py:94] Policy update, spending: 9.42 s.
[20260602 00:13:19 @multi_agent_runner.py:99] Evaluation time: 1.31 s.
[20260602 00:13:19 @multi_agent_runner.py:105] Total time:     153.18 min
[20260602 00:13:19 @multi_agent_runner.py:120] Agent_0 gets eval reward: -166.67.
[20260602 00:13:19 @multi_agent_runner.py:121] Agent_0 gets win rate: 0.00.
[20260602 00:13:19 @multi_agent_runner.py:120] Agent_1 gets eval reward: 166.67.
[20260602 00:13:19 @multi_agent_runner.py:121] Agent_1 gets win rate: 0.17.
[20260602 00:13:20 @multi_agent_runner.py:79] #------------------------ Iteration 396 --------------------------#
[20260602 00:13:32 @multi_agent_runner.py:85] Sampling 50000 steps by 50 slaves, spending 12.02 s.
[20260602 00:13:41 @multi_agent_runner.py:94] Policy update, spending: 9.21 s.
[20260602 00:13:42 @multi_agent_runner.py:99] Evaluation time: 1.47 s.
[20260602 00:13:42 @multi_agent_runner.py:105] Total time:     153.56 min
[20260602 00:13:42 @multi_agent_runner.py:120] Agent_0 gets eval reward: -285.71.
[20260602 00:13:42 @multi_agent_runner.py:121] Agent_0 gets win rate: 0.00.
[20260602 00:13:42 @multi_agent_runner.py:120] Agent_1 gets eval reward: 285.71.
[20260602 00:13:42 @multi_agent_runner.py:121] Agent_1 gets win rate: 0.29.
[20260602 00:13:42 @multi_agent_runner.py:79] #------------------------ Iteration 397 --------------------------#
[20260602 00:13:54 @multi_agent_runner.py:85] Sampling 50000 steps by 50 slaves, spending 11.97 s.
[20260602 00:14:03 @multi_agent_runner.py:94] Policy update, spending: 8.93 s.
[20260602 00:14:05 @multi_agent_runner.py:99] Evaluation time: 1.48 s.
[20260602 00:14:05 @multi_agent_runner.py:105] Total time:     153.93 min
[20260602 00:14:05 @multi_agent_runner.py:120] Agent_0 gets eval reward: 111.11.
[20260602 00:14:05 @multi_agent_runner.py:121] Agent_0 gets win rate: 0.11.
[20260602 00:14:05 @multi_agent_runner.py:120] Agent_1 gets eval reward: -111.11.
[20260602 00:14:05 @multi_agent_runner.py:121] Agent_1 gets win rate: 0.00.
[20260602 00:14:05 @multi_agent_runner.py:79] #------------------------ Iteration 398 --------------------------#
[20260602 00:14:17 @multi_agent_runner.py:85] Sampling 50000 steps by 50 slaves, spending 12.29 s.
[20260602 00:14:27 @multi_agent_runner.py:94] Policy update, spending: 9.28 s.
[20260602 00:14:28 @multi_agent_runner.py:99] Evaluation time: 1.55 s.
[20260602 00:14:28 @multi_agent_runner.py:105] Total time:     154.32 min
[20260602 00:14:28 @multi_agent_runner.py:120] Agent_0 gets eval reward: -333.33.
[20260602 00:14:28 @multi_agent_runner.py:121] Agent_0 gets win rate: 0.00.
[20260602 00:14:28 @multi_agent_runner.py:120] Agent_1 gets eval reward: 333.33.
[20260602 00:14:28 @multi_agent_runner.py:121] Agent_1 gets win rate: 0.33.
[20260602 00:14:28 @multi_agent_runner.py:79] #------------------------ Iteration 399 --------------------------#
[20260602 00:14:40 @multi_agent_runner.py:85] Sampling 50000 steps by 50 slaves, spending 12.02 s.
[20260602 00:14:50 @multi_agent_runner.py:94] Policy update, spending: 9.34 s.
[20260602 00:14:51 @multi_agent_runner.py:99] Evaluation time: 1.42 s.
[20260602 00:14:51 @multi_agent_runner.py:105] Total time:     154.70 min
[20260602 00:14:51 @multi_agent_runner.py:120] Agent_0 gets eval reward: 0.00.
[20260602 00:14:51 @multi_agent_runner.py:121] Agent_0 gets win rate: 0.00.
[20260602 00:14:51 @multi_agent_runner.py:120] Agent_1 gets eval reward: 0.00.
[20260602 00:14:51 @multi_agent_runner.py:121] Agent_1 gets win rate: 0.00.
[20260602 00:14:51 @multi_agent_runner.py:79] #------------------------ Iteration 400 --------------------------#
[20260602 00:15:03 @multi_agent_runner.py:85] Sampling 50000 steps by 50 slaves, spending 11.91 s.
[20260602 00:15:12 @multi_agent_runner.py:94] Policy update, spending: 9.01 s.
[20260602 00:15:13 @multi_agent_runner.py:99] Evaluation time: 1.40 s.
[20260602 00:15:13 @multi_agent_runner.py:105] Total time:     155.08 min
[20260602 00:15:14 @multi_agent_runner.py:120] Agent_0 gets eval reward: 166.67.
[20260602 00:15:14 @multi_agent_runner.py:121] Agent_0 gets win rate: 0.17.
[20260602 00:15:14 @multi_agent_runner.py:120] Agent_1 gets eval reward: -166.67.
[20260602 00:15:14 @multi_agent_runner.py:121] Agent_1 gets win rate: 0.00.
[20260602 00:15:14 @multi_agent_runner.py:79] #------------------------ Iteration 401 --------------------------#
[20260602 00:15:26 @multi_agent_runner.py:85] Sampling 50000 steps by 50 slaves, spending 12.12 s.
[20260602 00:15:35 @multi_agent_runner.py:94] Policy update, spending: 8.99 s.
[20260602 00:15:36 @multi_agent_runner.py:99] Evaluation time: 1.43 s.
[20260602 00:15:36 @multi_agent_runner.py:105] Total time:     155.45 min
[20260602 00:15:36 @multi_agent_runner.py:120] Agent_0 gets eval reward: 0.00.
[20260602 00:15:36 @multi_agent_runner.py:121] Agent_0 gets win rate: 0.00.
[20260602 00:15:36 @multi_agent_runner.py:120] Agent_1 gets eval reward: 0.00.
[20260602 00:15:36 @multi_agent_runner.py:121] Agent_1 gets win rate: 0.00.
[20260602 00:15:36 @multi_agent_runner.py:79] #------------------------ Iteration 402 --------------------------#
[20260602 00:15:48 @multi_agent_runner.py:85] Sampling 50000 steps by 50 slaves, spending 11.92 s.
[20260602 00:15:58 @multi_agent_runner.py:94] Policy update, spending: 9.36 s.
[20260602 00:15:59 @multi_agent_runner.py:99] Evaluation time: 1.36 s.
[20260602 00:15:59 @multi_agent_runner.py:105] Total time:     155.83 min
[20260602 00:15:59 @multi_agent_runner.py:120] Agent_0 gets eval reward: -142.86.
[20260602 00:15:59 @multi_agent_runner.py:121] Agent_0 gets win rate: 0.00.
[20260602 00:15:59 @multi_agent_runner.py:120] Agent_1 gets eval reward: 142.86.
[20260602 00:15:59 @multi_agent_runner.py:121] Agent_1 gets win rate: 0.14.
[20260602 00:15:59 @multi_agent_runner.py:79] #------------------------ Iteration 403 --------------------------#
[20260602 00:16:11 @multi_agent_runner.py:85] Sampling 50000 steps by 50 slaves, spending 11.59 s.
[20260602 00:16:20 @multi_agent_runner.py:94] Policy update, spending: 8.86 s.
[20260602 00:16:21 @multi_agent_runner.py:99] Evaluation time: 1.33 s.
[20260602 00:16:21 @multi_agent_runner.py:105] Total time:     156.20 min
[20260602 00:16:21 @multi_agent_runner.py:120] Agent_0 gets eval reward: 166.67.
[20260602 00:16:21 @multi_agent_runner.py:121] Agent_0 gets win rate: 0.17.
[20260602 00:16:21 @multi_agent_runner.py:120] Agent_1 gets eval reward: -166.67.
[20260602 00:16:21 @multi_agent_runner.py:121] Agent_1 gets win rate: 0.00.
[20260602 00:16:21 @multi_agent_runner.py:79] #------------------------ Iteration 404 --------------------------#
[20260602 00:16:33 @multi_agent_runner.py:85] Sampling 50000 steps by 50 slaves, spending 11.84 s.
[20260602 00:16:42 @multi_agent_runner.py:94] Policy update, spending: 8.82 s.
[20260602 00:16:43 @multi_agent_runner.py:99] Evaluation time: 1.54 s.
[20260602 00:16:43 @multi_agent_runner.py:105] Total time:     156.57 min
[20260602 00:16:43 @multi_agent_runner.py:120] Agent_0 gets eval reward: 333.33.
[20260602 00:16:43 @multi_agent_runner.py:121] Agent_0 gets win rate: 0.33.
[20260602 00:16:43 @multi_agent_runner.py:120] Agent_1 gets eval reward: -333.33.
[20260602 00:16:43 @multi_agent_runner.py:121] Agent_1 gets win rate: 0.00.
[20260602 00:16:43 @multi_agent_runner.py:79] #------------------------ Iteration 405 --------------------------#
[20260602 00:16:55 @multi_agent_runner.py:85] Sampling 50000 steps by 50 slaves, spending 12.00 s.
[20260602 00:17:04 @multi_agent_runner.py:94] Policy update, spending: 8.83 s.
[20260602 00:17:06 @multi_agent_runner.py:99] Evaluation time: 1.65 s.
[20260602 00:17:06 @multi_agent_runner.py:105] Total time:     156.95 min
[20260602 00:17:06 @multi_agent_runner.py:120] Agent_0 gets eval reward: 0.00.
[20260602 00:17:06 @multi_agent_runner.py:121] Agent_0 gets win rate: 0.00.
[20260602 00:17:06 @multi_agent_runner.py:120] Agent_1 gets eval reward: 0.00.
[20260602 00:17:06 @multi_agent_runner.py:121] Agent_1 gets win rate: 0.00.
[20260602 00:17:06 @multi_agent_runner.py:79] #------------------------ Iteration 406 --------------------------#
[20260602 00:17:18 @multi_agent_runner.py:85] Sampling 50000 steps by 50 slaves, spending 12.11 s.
[20260602 00:17:27 @multi_agent_runner.py:94] Policy update, spending: 9.37 s.
[20260602 00:17:29 @multi_agent_runner.py:99] Evaluation time: 1.41 s.
[20260602 00:17:29 @multi_agent_runner.py:105] Total time:     157.33 min
[20260602 00:17:29 @multi_agent_runner.py:120] Agent_0 gets eval reward: -142.86.
[20260602 00:17:29 @multi_agent_runner.py:121] Agent_0 gets win rate: 0.00.
[20260602 00:17:29 @multi_agent_runner.py:120] Agent_1 gets eval reward: 142.86.
[20260602 00:17:29 @multi_agent_runner.py:121] Agent_1 gets win rate: 0.14.
[20260602 00:17:29 @multi_agent_runner.py:79] #------------------------ Iteration 407 --------------------------#
[20260602 00:17:41 @multi_agent_runner.py:85] Sampling 50000 steps by 50 slaves, spending 11.57 s.
[20260602 00:17:50 @multi_agent_runner.py:94] Policy update, spending: 8.91 s.
[20260602 00:17:51 @multi_agent_runner.py:99] Evaluation time: 1.42 s.
[20260602 00:17:51 @multi_agent_runner.py:105] Total time:     157.70 min
[20260602 00:17:51 @multi_agent_runner.py:120] Agent_0 gets eval reward: 0.00.
[20260602 00:17:51 @multi_agent_runner.py:121] Agent_0 gets win rate: 0.00.
[20260602 00:17:51 @multi_agent_runner.py:120] Agent_1 gets eval reward: 0.00.
[20260602 00:17:51 @multi_agent_runner.py:121] Agent_1 gets win rate: 0.00.
[20260602 00:17:51 @multi_agent_runner.py:79] #------------------------ Iteration 408 --------------------------#
[20260602 00:18:03 @multi_agent_runner.py:85] Sampling 50000 steps by 50 slaves, spending 11.99 s.
[20260602 00:18:12 @multi_agent_runner.py:94] Policy update, spending: 9.32 s.
[20260602 00:18:14 @multi_agent_runner.py:99] Evaluation time: 1.49 s.
[20260602 00:18:14 @multi_agent_runner.py:105] Total time:     158.08 min
[20260602 00:18:14 @multi_agent_runner.py:120] Agent_0 gets eval reward: 0.00.
[20260602 00:18:14 @multi_agent_runner.py:121] Agent_0 gets win rate: 0.25.
[20260602 00:18:14 @multi_agent_runner.py:120] Agent_1 gets eval reward: 0.00.
[20260602 00:18:14 @multi_agent_runner.py:121] Agent_1 gets win rate: 0.25.
[20260602 00:18:14 @multi_agent_runner.py:79] #------------------------ Iteration 409 --------------------------#
[20260602 00:18:27 @multi_agent_runner.py:85] Sampling 50000 steps by 50 slaves, spending 12.67 s.
[20260602 00:18:36 @multi_agent_runner.py:94] Policy update, spending: 9.40 s.
[20260602 00:18:38 @multi_agent_runner.py:99] Evaluation time: 1.48 s.
[20260602 00:18:38 @multi_agent_runner.py:105] Total time:     158.48 min
[20260602 00:18:38 @multi_agent_runner.py:120] Agent_0 gets eval reward: 0.00.
[20260602 00:18:38 @multi_agent_runner.py:121] Agent_0 gets win rate: 0.00.
[20260602 00:18:38 @multi_agent_runner.py:120] Agent_1 gets eval reward: 0.00.
[20260602 00:18:38 @multi_agent_runner.py:121] Agent_1 gets win rate: 0.00.
[20260602 00:18:38 @multi_agent_runner.py:79] #------------------------ Iteration 410 --------------------------#
[20260602 00:18:49 @multi_agent_runner.py:85] Sampling 50000 steps by 50 slaves, spending 11.73 s.
[20260602 00:18:58 @multi_agent_runner.py:94] Policy update, spending: 8.88 s.
[20260602 00:19:00 @multi_agent_runner.py:99] Evaluation time: 1.49 s.
[20260602 00:19:00 @multi_agent_runner.py:105] Total time:     158.85 min
[20260602 00:19:00 @multi_agent_runner.py:120] Agent_0 gets eval reward: 0.00.
[20260602 00:19:00 @multi_agent_runner.py:121] Agent_0 gets win rate: 0.00.
[20260602 00:19:00 @multi_agent_runner.py:120] Agent_1 gets eval reward: 0.00.
[20260602 00:19:00 @multi_agent_runner.py:121] Agent_1 gets win rate: 0.00.
[20260602 00:19:00 @multi_agent_runner.py:79] #------------------------ Iteration 411 --------------------------#
[20260602 00:19:12 @multi_agent_runner.py:85] Sampling 50000 steps by 50 slaves, spending 12.25 s.
[20260602 00:19:22 @multi_agent_runner.py:94] Policy update, spending: 9.33 s.
[20260602 00:19:23 @multi_agent_runner.py:99] Evaluation time: 1.77 s.
[20260602 00:19:23 @multi_agent_runner.py:105] Total time:     159.24 min
[20260602 00:19:23 @multi_agent_runner.py:120] Agent_0 gets eval reward: -200.00.
[20260602 00:19:23 @multi_agent_runner.py:121] Agent_0 gets win rate: 0.00.
[20260602 00:19:23 @multi_agent_runner.py:120] Agent_1 gets eval reward: 200.00.
[20260602 00:19:23 @multi_agent_runner.py:121] Agent_1 gets win rate: 0.20.
[20260602 00:19:23 @multi_agent_runner.py:79] #------------------------ Iteration 412 --------------------------#
[20260602 00:19:35 @multi_agent_runner.py:85] Sampling 50000 steps by 50 slaves, spending 11.98 s.
[20260602 00:19:45 @multi_agent_runner.py:94] Policy update, spending: 9.10 s.
[20260602 00:19:46 @multi_agent_runner.py:99] Evaluation time: 1.44 s.
[20260602 00:19:46 @multi_agent_runner.py:105] Total time:     159.62 min
[20260602 00:19:46 @multi_agent_runner.py:120] Agent_0 gets eval reward: 166.67.
[20260602 00:19:46 @multi_agent_runner.py:121] Agent_0 gets win rate: 0.17.
[20260602 00:19:46 @multi_agent_runner.py:120] Agent_1 gets eval reward: -166.67.
[20260602 00:19:46 @multi_agent_runner.py:121] Agent_1 gets win rate: 0.00.
[20260602 00:19:46 @multi_agent_runner.py:79] #------------------------ Iteration 413 --------------------------#
[20260602 00:19:58 @multi_agent_runner.py:85] Sampling 50000 steps by 50 slaves, spending 11.96 s.
[20260602 00:20:07 @multi_agent_runner.py:94] Policy update, spending: 9.08 s.
[20260602 00:20:09 @multi_agent_runner.py:99] Evaluation time: 1.61 s.
[20260602 00:20:09 @multi_agent_runner.py:105] Total time:     160.00 min
[20260602 00:20:09 @multi_agent_runner.py:120] Agent_0 gets eval reward: 0.00.
[20260602 00:20:09 @multi_agent_runner.py:121] Agent_0 gets win rate: 0.00.
[20260602 00:20:09 @multi_agent_runner.py:120] Agent_1 gets eval reward: 0.00.
[20260602 00:20:09 @multi_agent_runner.py:121] Agent_1 gets win rate: 0.00.
[20260602 00:20:09 @multi_agent_runner.py:79] #------------------------ Iteration 414 --------------------------#
[20260602 00:20:20 @multi_agent_runner.py:85] Sampling 50000 steps by 50 slaves, spending 11.51 s.
[20260602 00:20:29 @multi_agent_runner.py:94] Policy update, spending: 8.92 s.
[20260602 00:20:31 @multi_agent_runner.py:99] Evaluation time: 1.78 s.
[20260602 00:20:31 @multi_agent_runner.py:105] Total time:     160.37 min
[20260602 00:20:31 @multi_agent_runner.py:120] Agent_0 gets eval reward: -125.00.
[20260602 00:20:31 @multi_agent_runner.py:121] Agent_0 gets win rate: 0.00.
[20260602 00:20:31 @multi_agent_runner.py:120] Agent_1 gets eval reward: 125.00.
[20260602 00:20:31 @multi_agent_runner.py:121] Agent_1 gets win rate: 0.12.
[20260602 00:20:31 @multi_agent_runner.py:79] #------------------------ Iteration 415 --------------------------#
[20260602 00:20:43 @multi_agent_runner.py:85] Sampling 50000 steps by 50 slaves, spending 12.08 s.
[20260602 00:20:52 @multi_agent_runner.py:94] Policy update, spending: 9.04 s.
[20260602 00:20:54 @multi_agent_runner.py:99] Evaluation time: 1.40 s.
[20260602 00:20:54 @multi_agent_runner.py:105] Total time:     160.75 min
[20260602 00:20:54 @multi_agent_runner.py:120] Agent_0 gets eval reward: -166.67.
[20260602 00:20:54 @multi_agent_runner.py:121] Agent_0 gets win rate: 0.00.
[20260602 00:20:54 @multi_agent_runner.py:120] Agent_1 gets eval reward: 166.67.
[20260602 00:20:54 @multi_agent_runner.py:121] Agent_1 gets win rate: 0.17.
[20260602 00:20:54 @multi_agent_runner.py:79] #------------------------ Iteration 416 --------------------------#
[20260602 00:21:06 @multi_agent_runner.py:85] Sampling 50000 steps by 50 slaves, spending 11.69 s.
[20260602 00:21:15 @multi_agent_runner.py:94] Policy update, spending: 8.97 s.
[20260602 00:21:16 @multi_agent_runner.py:99] Evaluation time: 1.34 s.
[20260602 00:21:16 @multi_agent_runner.py:105] Total time:     161.12 min
[20260602 00:21:16 @multi_agent_runner.py:120] Agent_0 gets eval reward: 0.00.
[20260602 00:21:16 @multi_agent_runner.py:121] Agent_0 gets win rate: 0.00.
[20260602 00:21:16 @multi_agent_runner.py:120] Agent_1 gets eval reward: 0.00.
[20260602 00:21:16 @multi_agent_runner.py:121] Agent_1 gets win rate: 0.00.
[20260602 00:21:16 @multi_agent_runner.py:79] #------------------------ Iteration 417 --------------------------#
[20260602 00:21:28 @multi_agent_runner.py:85] Sampling 50000 steps by 50 slaves, spending 12.38 s.
[20260602 00:21:38 @multi_agent_runner.py:94] Policy update, spending: 9.09 s.
[20260602 00:21:40 @multi_agent_runner.py:99] Evaluation time: 2.10 s.
[20260602 00:21:40 @multi_agent_runner.py:105] Total time:     161.51 min
[20260602 00:21:40 @multi_agent_runner.py:120] Agent_0 gets eval reward: -166.67.
[20260602 00:21:40 @multi_agent_runner.py:121] Agent_0 gets win rate: 0.00.
[20260602 00:21:40 @multi_agent_runner.py:120] Agent_1 gets eval reward: 166.67.
[20260602 00:21:40 @multi_agent_runner.py:121] Agent_1 gets win rate: 0.17.
[20260602 00:21:40 @multi_agent_runner.py:79] #------------------------ Iteration 418 --------------------------#
[20260602 00:21:52 @multi_agent_runner.py:85] Sampling 50000 steps by 50 slaves, spending 12.01 s.
[20260602 00:22:01 @multi_agent_runner.py:94] Policy update, spending: 9.02 s.
[20260602 00:22:02 @multi_agent_runner.py:99] Evaluation time: 1.44 s.
[20260602 00:22:02 @multi_agent_runner.py:105] Total time:     161.89 min
[20260602 00:22:02 @multi_agent_runner.py:120] Agent_0 gets eval reward: 166.67.
[20260602 00:22:02 @multi_agent_runner.py:121] Agent_0 gets win rate: 0.17.
[20260602 00:22:02 @multi_agent_runner.py:120] Agent_1 gets eval reward: -166.67.
[20260602 00:22:02 @multi_agent_runner.py:121] Agent_1 gets win rate: 0.00.
[20260602 00:22:02 @multi_agent_runner.py:79] #------------------------ Iteration 419 --------------------------#
[20260602 00:22:14 @multi_agent_runner.py:85] Sampling 50000 steps by 50 slaves, spending 11.53 s.
[20260602 00:22:23 @multi_agent_runner.py:94] Policy update, spending: 8.79 s.
[20260602 00:22:24 @multi_agent_runner.py:99] Evaluation time: 1.36 s.
[20260602 00:22:24 @multi_agent_runner.py:105] Total time:     162.25 min
[20260602 00:22:24 @multi_agent_runner.py:120] Agent_0 gets eval reward: 0.00.
[20260602 00:22:24 @multi_agent_runner.py:121] Agent_0 gets win rate: 0.20.
[20260602 00:22:24 @multi_agent_runner.py:120] Agent_1 gets eval reward: 0.00.
[20260602 00:22:24 @multi_agent_runner.py:121] Agent_1 gets win rate: 0.20.
[20260602 00:22:24 @multi_agent_runner.py:79] #------------------------ Iteration 420 --------------------------#
[20260602 00:22:36 @multi_agent_runner.py:85] Sampling 50000 steps by 50 slaves, spending 12.00 s.
[20260602 00:22:45 @multi_agent_runner.py:94] Policy update, spending: 9.24 s.
[20260602 00:22:47 @multi_agent_runner.py:99] Evaluation time: 1.41 s.
[20260602 00:22:47 @multi_agent_runner.py:105] Total time:     162.63 min
[20260602 00:22:47 @multi_agent_runner.py:120] Agent_0 gets eval reward: 0.00.
[20260602 00:22:47 @multi_agent_runner.py:121] Agent_0 gets win rate: 0.00.
[20260602 00:22:47 @multi_agent_runner.py:120] Agent_1 gets eval reward: 0.00.
[20260602 00:22:47 @multi_agent_runner.py:121] Agent_1 gets win rate: 0.00.
[20260602 00:22:47 @multi_agent_runner.py:79] #------------------------ Iteration 421 --------------------------#
[20260602 00:22:59 @multi_agent_runner.py:85] Sampling 50000 steps by 50 slaves, spending 12.08 s.
[20260602 00:23:09 @multi_agent_runner.py:94] Policy update, spending: 9.54 s.
[20260602 00:23:10 @multi_agent_runner.py:99] Evaluation time: 1.52 s.
[20260602 00:23:10 @multi_agent_runner.py:105] Total time:     163.02 min
[20260602 00:23:10 @multi_agent_runner.py:120] Agent_0 gets eval reward: 166.67.
[20260602 00:23:10 @multi_agent_runner.py:121] Agent_0 gets win rate: 0.17.
[20260602 00:23:10 @multi_agent_runner.py:120] Agent_1 gets eval reward: -166.67.
[20260602 00:23:10 @multi_agent_runner.py:121] Agent_1 gets win rate: 0.00.
[20260602 00:23:10 @multi_agent_runner.py:79] #------------------------ Iteration 422 --------------------------#
[20260602 00:23:23 @multi_agent_runner.py:85] Sampling 50000 steps by 50 slaves, spending 12.41 s.
[20260602 00:23:32 @multi_agent_runner.py:94] Policy update, spending: 9.10 s.
[20260602 00:23:33 @multi_agent_runner.py:99] Evaluation time: 1.53 s.
[20260602 00:23:33 @multi_agent_runner.py:105] Total time:     163.41 min
[20260602 00:23:33 @multi_agent_runner.py:120] Agent_0 gets eval reward: 200.00.
[20260602 00:23:33 @multi_agent_runner.py:121] Agent_0 gets win rate: 0.20.
[20260602 00:23:33 @multi_agent_runner.py:120] Agent_1 gets eval reward: -200.00.
[20260602 00:23:33 @multi_agent_runner.py:121] Agent_1 gets win rate: 0.00.
[20260602 00:23:33 @multi_agent_runner.py:79] #------------------------ Iteration 423 --------------------------#
[20260602 00:23:46 @multi_agent_runner.py:85] Sampling 50000 steps by 50 slaves, spending 12.40 s.
[20260602 00:23:55 @multi_agent_runner.py:94] Policy update, spending: 9.44 s.
[20260602 00:23:57 @multi_agent_runner.py:99] Evaluation time: 1.43 s.
[20260602 00:23:57 @multi_agent_runner.py:105] Total time:     163.80 min
[20260602 00:23:57 @multi_agent_runner.py:120] Agent_0 gets eval reward: 142.86.
[20260602 00:23:57 @multi_agent_runner.py:121] Agent_0 gets win rate: 0.14.
[20260602 00:23:57 @multi_agent_runner.py:120] Agent_1 gets eval reward: -142.86.
[20260602 00:23:57 @multi_agent_runner.py:121] Agent_1 gets win rate: 0.00.
[20260602 00:23:57 @multi_agent_runner.py:79] #------------------------ Iteration 424 --------------------------#
[20260602 00:24:08 @multi_agent_runner.py:85] Sampling 50000 steps by 50 slaves, spending 11.57 s.
[20260602 00:24:18 @multi_agent_runner.py:94] Policy update, spending: 9.07 s.
[20260602 00:24:19 @multi_agent_runner.py:99] Evaluation time: 1.53 s.
[20260602 00:24:19 @multi_agent_runner.py:105] Total time:     164.17 min
[20260602 00:24:19 @multi_agent_runner.py:120] Agent_0 gets eval reward: 200.00.
[20260602 00:24:19 @multi_agent_runner.py:121] Agent_0 gets win rate: 0.20.
[20260602 00:24:19 @multi_agent_runner.py:120] Agent_1 gets eval reward: -200.00.
[20260602 00:24:19 @multi_agent_runner.py:121] Agent_1 gets win rate: 0.00.
[20260602 00:24:19 @multi_agent_runner.py:79] #------------------------ Iteration 425 --------------------------#
[20260602 00:24:31 @multi_agent_runner.py:85] Sampling 50000 steps by 50 slaves, spending 12.22 s.
[20260602 00:24:41 @multi_agent_runner.py:94] Policy update, spending: 9.45 s.
[20260602 00:24:42 @multi_agent_runner.py:99] Evaluation time: 1.35 s.
[20260602 00:24:42 @multi_agent_runner.py:105] Total time:     164.56 min
[20260602 00:24:42 @multi_agent_runner.py:120] Agent_0 gets eval reward: 166.67.
[20260602 00:24:42 @multi_agent_runner.py:121] Agent_0 gets win rate: 0.17.
[20260602 00:24:42 @multi_agent_runner.py:120] Agent_1 gets eval reward: -166.67.
[20260602 00:24:42 @multi_agent_runner.py:121] Agent_1 gets win rate: 0.00.
[20260602 00:24:42 @multi_agent_runner.py:79] #------------------------ Iteration 426 --------------------------#
[20260602 00:24:55 @multi_agent_runner.py:85] Sampling 50000 steps by 50 slaves, spending 12.41 s.
[20260602 00:25:04 @multi_agent_runner.py:94] Policy update, spending: 9.15 s.
[20260602 00:25:05 @multi_agent_runner.py:99] Evaluation time: 1.35 s.
[20260602 00:25:05 @multi_agent_runner.py:105] Total time:     164.94 min
[20260602 00:25:05 @multi_agent_runner.py:120] Agent_0 gets eval reward: -400.00.
[20260602 00:25:05 @multi_agent_runner.py:121] Agent_0 gets win rate: 0.00.
[20260602 00:25:05 @multi_agent_runner.py:120] Agent_1 gets eval reward: 400.00.
[20260602 00:25:05 @multi_agent_runner.py:121] Agent_1 gets win rate: 0.40.
[20260602 00:25:05 @multi_agent_runner.py:79] #------------------------ Iteration 427 --------------------------#
[20260602 00:25:17 @multi_agent_runner.py:85] Sampling 50000 steps by 50 slaves, spending 11.95 s.
[20260602 00:25:26 @multi_agent_runner.py:94] Policy update, spending: 8.89 s.
[20260602 00:25:28 @multi_agent_runner.py:99] Evaluation time: 1.35 s.
[20260602 00:25:28 @multi_agent_runner.py:105] Total time:     165.31 min
[20260602 00:25:28 @multi_agent_runner.py:120] Agent_0 gets eval reward: 166.67.
[20260602 00:25:28 @multi_agent_runner.py:121] Agent_0 gets win rate: 0.17.
[20260602 00:25:28 @multi_agent_runner.py:120] Agent_1 gets eval reward: -166.67.
[20260602 00:25:28 @multi_agent_runner.py:121] Agent_1 gets win rate: 0.00.
[20260602 00:25:28 @multi_agent_runner.py:79] #------------------------ Iteration 428 --------------------------#
[20260602 00:25:39 @multi_agent_runner.py:85] Sampling 50000 steps by 50 slaves, spending 11.68 s.
[20260602 00:25:48 @multi_agent_runner.py:94] Policy update, spending: 8.73 s.
[20260602 00:25:50 @multi_agent_runner.py:99] Evaluation time: 1.69 s.
[20260602 00:25:50 @multi_agent_runner.py:105] Total time:     165.68 min
[20260602 00:25:50 @multi_agent_runner.py:120] Agent_0 gets eval reward: 0.00.
[20260602 00:25:50 @multi_agent_runner.py:121] Agent_0 gets win rate: 0.00.
[20260602 00:25:50 @multi_agent_runner.py:120] Agent_1 gets eval reward: 0.00.
[20260602 00:25:50 @multi_agent_runner.py:121] Agent_1 gets win rate: 0.00.
[20260602 00:25:50 @multi_agent_runner.py:79] #------------------------ Iteration 429 --------------------------#
[20260602 00:26:02 @multi_agent_runner.py:85] Sampling 50000 steps by 50 slaves, spending 12.11 s.
[20260602 00:26:11 @multi_agent_runner.py:94] Policy update, spending: 9.38 s.
[20260602 00:26:13 @multi_agent_runner.py:99] Evaluation time: 1.31 s.
[20260602 00:26:13 @multi_agent_runner.py:105] Total time:     166.06 min
[20260602 00:26:13 @multi_agent_runner.py:120] Agent_0 gets eval reward: -250.00.
[20260602 00:26:13 @multi_agent_runner.py:121] Agent_0 gets win rate: 0.25.
[20260602 00:26:13 @multi_agent_runner.py:120] Agent_1 gets eval reward: 250.00.
[20260602 00:26:13 @multi_agent_runner.py:121] Agent_1 gets win rate: 0.50.
[20260602 00:26:13 @multi_agent_runner.py:79] #------------------------ Iteration 430 --------------------------#
[20260602 00:26:25 @multi_agent_runner.py:85] Sampling 50000 steps by 50 slaves, spending 12.11 s.
[20260602 00:26:34 @multi_agent_runner.py:94] Policy update, spending: 8.96 s.
[20260602 00:26:36 @multi_agent_runner.py:99] Evaluation time: 1.53 s.
[20260602 00:26:36 @multi_agent_runner.py:105] Total time:     166.44 min
[20260602 00:26:36 @multi_agent_runner.py:120] Agent_0 gets eval reward: -333.33.
[20260602 00:26:36 @multi_agent_runner.py:121] Agent_0 gets win rate: 0.00.
[20260602 00:26:36 @multi_agent_runner.py:120] Agent_1 gets eval reward: 333.33.
[20260602 00:26:36 @multi_agent_runner.py:121] Agent_1 gets win rate: 0.33.
[20260602 00:26:36 @multi_agent_runner.py:79] #------------------------ Iteration 431 --------------------------#
[20260602 00:26:48 @multi_agent_runner.py:85] Sampling 50000 steps by 50 slaves, spending 12.10 s.
[20260602 00:26:57 @multi_agent_runner.py:94] Policy update, spending: 8.98 s.
[20260602 00:26:58 @multi_agent_runner.py:99] Evaluation time: 1.34 s.
[20260602 00:26:58 @multi_agent_runner.py:105] Total time:     166.82 min
[20260602 00:26:58 @multi_agent_runner.py:120] Agent_0 gets eval reward: 500.00.
[20260602 00:26:58 @multi_agent_runner.py:121] Agent_0 gets win rate: 0.50.
[20260602 00:26:58 @multi_agent_runner.py:120] Agent_1 gets eval reward: -500.00.
[20260602 00:26:58 @multi_agent_runner.py:121] Agent_1 gets win rate: 0.00.
[20260602 00:26:58 @multi_agent_runner.py:79] #------------------------ Iteration 432 --------------------------#
[20260602 00:27:10 @multi_agent_runner.py:85] Sampling 50000 steps by 50 slaves, spending 12.09 s.
[20260602 00:27:20 @multi_agent_runner.py:94] Policy update, spending: 9.15 s.
[20260602 00:27:21 @multi_agent_runner.py:99] Evaluation time: 1.57 s.
[20260602 00:27:21 @multi_agent_runner.py:105] Total time:     167.20 min
[20260602 00:27:21 @multi_agent_runner.py:120] Agent_0 gets eval reward: 0.00.
[20260602 00:27:21 @multi_agent_runner.py:121] Agent_0 gets win rate: 0.00.
[20260602 00:27:21 @multi_agent_runner.py:120] Agent_1 gets eval reward: 0.00.
[20260602 00:27:21 @multi_agent_runner.py:121] Agent_1 gets win rate: 0.00.
[20260602 00:27:21 @multi_agent_runner.py:79] #------------------------ Iteration 433 --------------------------#
[20260602 00:27:33 @multi_agent_runner.py:85] Sampling 50000 steps by 50 slaves, spending 11.87 s.
[20260602 00:27:42 @multi_agent_runner.py:94] Policy update, spending: 9.19 s.
[20260602 00:27:44 @multi_agent_runner.py:99] Evaluation time: 1.42 s.
[20260602 00:27:44 @multi_agent_runner.py:105] Total time:     167.58 min
[20260602 00:27:44 @multi_agent_runner.py:120] Agent_0 gets eval reward: 0.00.
[20260602 00:27:44 @multi_agent_runner.py:121] Agent_0 gets win rate: 0.20.
[20260602 00:27:44 @multi_agent_runner.py:120] Agent_1 gets eval reward: 0.00.
[20260602 00:27:44 @multi_agent_runner.py:121] Agent_1 gets win rate: 0.20.
[20260602 00:27:44 @multi_agent_runner.py:79] #------------------------ Iteration 434 --------------------------#
[20260602 00:27:56 @multi_agent_runner.py:85] Sampling 50000 steps by 50 slaves, spending 12.01 s.
[20260602 00:28:05 @multi_agent_runner.py:94] Policy update, spending: 9.24 s.
[20260602 00:28:07 @multi_agent_runner.py:99] Evaluation time: 1.52 s.
[20260602 00:28:07 @multi_agent_runner.py:105] Total time:     167.96 min
[20260602 00:28:07 @multi_agent_runner.py:120] Agent_0 gets eval reward: 0.00.
[20260602 00:28:07 @multi_agent_runner.py:121] Agent_0 gets win rate: 0.17.
[20260602 00:28:07 @multi_agent_runner.py:120] Agent_1 gets eval reward: 0.00.
[20260602 00:28:07 @multi_agent_runner.py:121] Agent_1 gets win rate: 0.17.
[20260602 00:28:07 @multi_agent_runner.py:79] #------------------------ Iteration 435 --------------------------#
[20260602 00:28:19 @multi_agent_runner.py:85] Sampling 50000 steps by 50 slaves, spending 11.95 s.
[20260602 00:28:27 @multi_agent_runner.py:94] Policy update, spending: 8.78 s.
[20260602 00:28:29 @multi_agent_runner.py:99] Evaluation time: 1.46 s.
[20260602 00:28:29 @multi_agent_runner.py:105] Total time:     168.33 min
[20260602 00:28:29 @multi_agent_runner.py:120] Agent_0 gets eval reward: 250.00.
[20260602 00:28:29 @multi_agent_runner.py:121] Agent_0 gets win rate: 0.25.
[20260602 00:28:29 @multi_agent_runner.py:120] Agent_1 gets eval reward: -250.00.
[20260602 00:28:29 @multi_agent_runner.py:121] Agent_1 gets win rate: 0.00.
[20260602 00:28:29 @multi_agent_runner.py:79] #------------------------ Iteration 436 --------------------------#
[20260602 00:28:41 @multi_agent_runner.py:85] Sampling 50000 steps by 50 slaves, spending 11.85 s.
[20260602 00:28:50 @multi_agent_runner.py:94] Policy update, spending: 9.10 s.
[20260602 00:28:51 @multi_agent_runner.py:99] Evaluation time: 1.44 s.
[20260602 00:28:51 @multi_agent_runner.py:105] Total time:     168.71 min
[20260602 00:28:52 @multi_agent_runner.py:120] Agent_0 gets eval reward: 0.00.
[20260602 00:28:52 @multi_agent_runner.py:121] Agent_0 gets win rate: 0.20.
[20260602 00:28:52 @multi_agent_runner.py:120] Agent_1 gets eval reward: 0.00.
[20260602 00:28:52 @multi_agent_runner.py:121] Agent_1 gets win rate: 0.20.
[20260602 00:28:52 @multi_agent_runner.py:79] #------------------------ Iteration 437 --------------------------#
[20260602 00:29:03 @multi_agent_runner.py:85] Sampling 50000 steps by 50 slaves, spending 11.89 s.
[20260602 00:29:13 @multi_agent_runner.py:94] Policy update, spending: 9.13 s.
[20260602 00:29:14 @multi_agent_runner.py:99] Evaluation time: 1.43 s.
[20260602 00:29:14 @multi_agent_runner.py:105] Total time:     169.09 min
[20260602 00:29:14 @multi_agent_runner.py:120] Agent_0 gets eval reward: -333.33.
[20260602 00:29:14 @multi_agent_runner.py:121] Agent_0 gets win rate: 0.00.
[20260602 00:29:14 @multi_agent_runner.py:120] Agent_1 gets eval reward: 333.33.
[20260602 00:29:14 @multi_agent_runner.py:121] Agent_1 gets win rate: 0.33.
[20260602 00:29:14 @multi_agent_runner.py:79] #------------------------ Iteration 438 --------------------------#
[20260602 00:29:26 @multi_agent_runner.py:85] Sampling 50000 steps by 50 slaves, spending 11.82 s.
[20260602 00:29:35 @multi_agent_runner.py:94] Policy update, spending: 9.19 s.
[20260602 00:29:37 @multi_agent_runner.py:99] Evaluation time: 1.35 s.
[20260602 00:29:37 @multi_agent_runner.py:105] Total time:     169.46 min
[20260602 00:29:37 @multi_agent_runner.py:120] Agent_0 gets eval reward: -250.00.
[20260602 00:29:37 @multi_agent_runner.py:121] Agent_0 gets win rate: 0.00.
[20260602 00:29:37 @multi_agent_runner.py:120] Agent_1 gets eval reward: 250.00.
[20260602 00:29:37 @multi_agent_runner.py:121] Agent_1 gets win rate: 0.25.
[20260602 00:29:37 @multi_agent_runner.py:79] #------------------------ Iteration 439 --------------------------#
[20260602 00:29:48 @multi_agent_runner.py:85] Sampling 50000 steps by 50 slaves, spending 11.56 s.
[20260602 00:29:57 @multi_agent_runner.py:94] Policy update, spending: 8.79 s.
[20260602 00:29:59 @multi_agent_runner.py:99] Evaluation time: 1.57 s.
[20260602 00:29:59 @multi_agent_runner.py:105] Total time:     169.83 min
[20260602 00:29:59 @multi_agent_runner.py:120] Agent_0 gets eval reward: 0.00.
[20260602 00:29:59 @multi_agent_runner.py:121] Agent_0 gets win rate: 0.00.
[20260602 00:29:59 @multi_agent_runner.py:120] Agent_1 gets eval reward: 0.00.
[20260602 00:29:59 @multi_agent_runner.py:121] Agent_1 gets win rate: 0.00.
[20260602 00:29:59 @multi_agent_runner.py:79] #------------------------ Iteration 440 --------------------------#
[20260602 00:30:11 @multi_agent_runner.py:85] Sampling 50000 steps by 50 slaves, spending 12.00 s.
[20260602 00:30:20 @multi_agent_runner.py:94] Policy update, spending: 9.12 s.
[20260602 00:30:21 @multi_agent_runner.py:99] Evaluation time: 1.37 s.
[20260602 00:30:21 @multi_agent_runner.py:105] Total time:     170.21 min
[20260602 00:30:21 @multi_agent_runner.py:120] Agent_0 gets eval reward: 0.00.
[20260602 00:30:21 @multi_agent_runner.py:121] Agent_0 gets win rate: 0.00.
[20260602 00:30:21 @multi_agent_runner.py:120] Agent_1 gets eval reward: 0.00.
[20260602 00:30:21 @multi_agent_runner.py:121] Agent_1 gets win rate: 0.00.
[20260602 00:30:21 @multi_agent_runner.py:79] #------------------------ Iteration 441 --------------------------#
[20260602 00:30:34 @multi_agent_runner.py:85] Sampling 50000 steps by 50 slaves, spending 12.19 s.
[20260602 00:30:43 @multi_agent_runner.py:94] Policy update, spending: 9.26 s.
[20260602 00:30:44 @multi_agent_runner.py:99] Evaluation time: 1.34 s.
[20260602 00:30:44 @multi_agent_runner.py:105] Total time:     170.59 min
[20260602 00:30:44 @multi_agent_runner.py:120] Agent_0 gets eval reward: 0.00.
[20260602 00:30:44 @multi_agent_runner.py:121] Agent_0 gets win rate: 0.20.
[20260602 00:30:44 @multi_agent_runner.py:120] Agent_1 gets eval reward: 0.00.
[20260602 00:30:44 @multi_agent_runner.py:121] Agent_1 gets win rate: 0.20.
[20260602 00:30:44 @multi_agent_runner.py:79] #------------------------ Iteration 442 --------------------------#
[20260602 00:30:56 @multi_agent_runner.py:85] Sampling 50000 steps by 50 slaves, spending 11.84 s.
[20260602 00:31:05 @multi_agent_runner.py:94] Policy update, spending: 8.90 s.
[20260602 00:31:06 @multi_agent_runner.py:99] Evaluation time: 1.36 s.
[20260602 00:31:06 @multi_agent_runner.py:105] Total time:     170.96 min
[20260602 00:31:06 @multi_agent_runner.py:120] Agent_0 gets eval reward: 0.00.
[20260602 00:31:06 @multi_agent_runner.py:121] Agent_0 gets win rate: 0.00.
[20260602 00:31:06 @multi_agent_runner.py:120] Agent_1 gets eval reward: 0.00.
[20260602 00:31:06 @multi_agent_runner.py:121] Agent_1 gets win rate: 0.00.
[20260602 00:31:07 @multi_agent_runner.py:79] #------------------------ Iteration 443 --------------------------#
[20260602 00:31:18 @multi_agent_runner.py:85] Sampling 50000 steps by 50 slaves, spending 11.87 s.
[20260602 00:31:27 @multi_agent_runner.py:94] Policy update, spending: 8.86 s.
[20260602 00:31:29 @multi_agent_runner.py:99] Evaluation time: 1.47 s.
[20260602 00:31:29 @multi_agent_runner.py:105] Total time:     171.33 min
[20260602 00:31:29 @multi_agent_runner.py:120] Agent_0 gets eval reward: 0.00.
[20260602 00:31:29 @multi_agent_runner.py:121] Agent_0 gets win rate: 0.00.
[20260602 00:31:29 @multi_agent_runner.py:120] Agent_1 gets eval reward: 0.00.
[20260602 00:31:29 @multi_agent_runner.py:121] Agent_1 gets win rate: 0.00.
[20260602 00:31:29 @multi_agent_runner.py:79] #------------------------ Iteration 444 --------------------------#
[20260602 00:31:41 @multi_agent_runner.py:85] Sampling 50000 steps by 50 slaves, spending 11.89 s.
[20260602 00:31:50 @multi_agent_runner.py:94] Policy update, spending: 9.17 s.
[20260602 00:31:51 @multi_agent_runner.py:99] Evaluation time: 1.49 s.
[20260602 00:31:51 @multi_agent_runner.py:105] Total time:     171.71 min
[20260602 00:31:52 @multi_agent_runner.py:120] Agent_0 gets eval reward: 0.00.
[20260602 00:31:52 @multi_agent_runner.py:121] Agent_0 gets win rate: 0.17.
[20260602 00:31:52 @multi_agent_runner.py:120] Agent_1 gets eval reward: 0.00.
[20260602 00:31:52 @multi_agent_runner.py:121] Agent_1 gets win rate: 0.17.
[20260602 00:31:52 @multi_agent_runner.py:79] #------------------------ Iteration 445 --------------------------#
[20260602 00:32:04 @multi_agent_runner.py:85] Sampling 50000 steps by 50 slaves, spending 12.09 s.
[20260602 00:32:13 @multi_agent_runner.py:94] Policy update, spending: 9.09 s.
[20260602 00:32:14 @multi_agent_runner.py:99] Evaluation time: 1.49 s.
[20260602 00:32:14 @multi_agent_runner.py:105] Total time:     172.09 min
[20260602 00:32:14 @multi_agent_runner.py:120] Agent_0 gets eval reward: 0.00.
[20260602 00:32:14 @multi_agent_runner.py:121] Agent_0 gets win rate: 0.00.
[20260602 00:32:14 @multi_agent_runner.py:120] Agent_1 gets eval reward: 0.00.
[20260602 00:32:14 @multi_agent_runner.py:121] Agent_1 gets win rate: 0.00.
[20260602 00:32:14 @multi_agent_runner.py:79] #------------------------ Iteration 446 --------------------------#
[20260602 00:32:27 @multi_agent_runner.py:85] Sampling 50000 steps by 50 slaves, spending 12.44 s.
[20260602 00:32:37 @multi_agent_runner.py:94] Policy update, spending: 9.64 s.
[20260602 00:32:38 @multi_agent_runner.py:99] Evaluation time: 1.58 s.
[20260602 00:32:38 @multi_agent_runner.py:105] Total time:     172.49 min
[20260602 00:32:38 @multi_agent_runner.py:120] Agent_0 gets eval reward: 142.86.
[20260602 00:32:38 @multi_agent_runner.py:121] Agent_0 gets win rate: 0.14.
[20260602 00:32:38 @multi_agent_runner.py:120] Agent_1 gets eval reward: -142.86.
[20260602 00:32:38 @multi_agent_runner.py:121] Agent_1 gets win rate: 0.00.
[20260602 00:32:38 @multi_agent_runner.py:79] #------------------------ Iteration 447 --------------------------#
[20260602 00:32:50 @multi_agent_runner.py:85] Sampling 50000 steps by 50 slaves, spending 11.83 s.
[20260602 00:32:59 @multi_agent_runner.py:94] Policy update, spending: 9.35 s.
[20260602 00:33:01 @multi_agent_runner.py:99] Evaluation time: 1.48 s.
[20260602 00:33:01 @multi_agent_runner.py:105] Total time:     172.87 min
[20260602 00:33:01 @multi_agent_runner.py:120] Agent_0 gets eval reward: 200.00.
[20260602 00:33:01 @multi_agent_runner.py:121] Agent_0 gets win rate: 0.20.
[20260602 00:33:01 @multi_agent_runner.py:120] Agent_1 gets eval reward: -200.00.
[20260602 00:33:01 @multi_agent_runner.py:121] Agent_1 gets win rate: 0.00.
[20260602 00:33:01 @multi_agent_runner.py:79] #------------------------ Iteration 448 --------------------------#
[20260602 00:33:13 @multi_agent_runner.py:85] Sampling 50000 steps by 50 slaves, spending 12.25 s.
[20260602 00:33:22 @multi_agent_runner.py:94] Policy update, spending: 9.09 s.
[20260602 00:33:24 @multi_agent_runner.py:99] Evaluation time: 1.34 s.
[20260602 00:33:24 @multi_agent_runner.py:105] Total time:     173.25 min
[20260602 00:33:24 @multi_agent_runner.py:120] Agent_0 gets eval reward: 166.67.
[20260602 00:33:24 @multi_agent_runner.py:121] Agent_0 gets win rate: 0.17.
[20260602 00:33:24 @multi_agent_runner.py:120] Agent_1 gets eval reward: -166.67.
[20260602 00:33:24 @multi_agent_runner.py:121] Agent_1 gets win rate: 0.00.
[20260602 00:33:24 @multi_agent_runner.py:79] #------------------------ Iteration 449 --------------------------#
[20260602 00:33:36 @multi_agent_runner.py:85] Sampling 50000 steps by 50 slaves, spending 11.99 s.
[20260602 00:33:45 @multi_agent_runner.py:94] Policy update, spending: 8.80 s.
[20260602 00:33:46 @multi_agent_runner.py:99] Evaluation time: 1.63 s.
[20260602 00:33:46 @multi_agent_runner.py:105] Total time:     173.62 min
[20260602 00:33:46 @multi_agent_runner.py:120] Agent_0 gets eval reward: -200.00.
[20260602 00:33:46 @multi_agent_runner.py:121] Agent_0 gets win rate: 0.00.
[20260602 00:33:46 @multi_agent_runner.py:120] Agent_1 gets eval reward: 200.00.
[20260602 00:33:46 @multi_agent_runner.py:121] Agent_1 gets win rate: 0.20.
[20260602 00:33:46 @multi_agent_runner.py:79] #------------------------ Iteration 450 --------------------------#
[20260602 00:33:59 @multi_agent_runner.py:85] Sampling 50000 steps by 50 slaves, spending 12.18 s.
[20260602 00:34:08 @multi_agent_runner.py:94] Policy update, spending: 9.31 s.
[20260602 00:34:10 @multi_agent_runner.py:99] Evaluation time: 1.66 s.
[20260602 00:34:10 @multi_agent_runner.py:105] Total time:     174.01 min
[20260602 00:34:10 @multi_agent_runner.py:120] Agent_0 gets eval reward: 0.00.
[20260602 00:34:10 @multi_agent_runner.py:121] Agent_0 gets win rate: 0.17.
[20260602 00:34:10 @multi_agent_runner.py:120] Agent_1 gets eval reward: 0.00.
[20260602 00:34:10 @multi_agent_runner.py:121] Agent_1 gets win rate: 0.17.
[20260602 00:34:10 @multi_agent_runner.py:79] #------------------------ Iteration 451 --------------------------#
[20260602 00:34:22 @multi_agent_runner.py:85] Sampling 50000 steps by 50 slaves, spending 11.84 s.
[20260602 00:34:31 @multi_agent_runner.py:94] Policy update, spending: 9.10 s.
[20260602 00:34:32 @multi_agent_runner.py:99] Evaluation time: 1.56 s.
[20260602 00:34:32 @multi_agent_runner.py:105] Total time:     174.39 min
[20260602 00:34:32 @multi_agent_runner.py:120] Agent_0 gets eval reward: 333.33.
[20260602 00:34:32 @multi_agent_runner.py:121] Agent_0 gets win rate: 0.33.
[20260602 00:34:32 @multi_agent_runner.py:120] Agent_1 gets eval reward: -333.33.
[20260602 00:34:32 @multi_agent_runner.py:121] Agent_1 gets win rate: 0.00.
[20260602 00:34:32 @multi_agent_runner.py:79] #------------------------ Iteration 452 --------------------------#
[20260602 00:34:44 @multi_agent_runner.py:85] Sampling 50000 steps by 50 slaves, spending 11.65 s.
[20260602 00:34:53 @multi_agent_runner.py:94] Policy update, spending: 9.22 s.
[20260602 00:34:55 @multi_agent_runner.py:99] Evaluation time: 1.46 s.
[20260602 00:34:55 @multi_agent_runner.py:105] Total time:     174.76 min
[20260602 00:34:55 @multi_agent_runner.py:120] Agent_0 gets eval reward: 0.00.
[20260602 00:34:55 @multi_agent_runner.py:121] Agent_0 gets win rate: 0.00.
[20260602 00:34:55 @multi_agent_runner.py:120] Agent_1 gets eval reward: 0.00.
[20260602 00:34:55 @multi_agent_runner.py:121] Agent_1 gets win rate: 0.00.
[20260602 00:34:55 @multi_agent_runner.py:79] #------------------------ Iteration 453 --------------------------#
[20260602 00:35:07 @multi_agent_runner.py:85] Sampling 50000 steps by 50 slaves, spending 12.16 s.
[20260602 00:35:16 @multi_agent_runner.py:94] Policy update, spending: 9.01 s.
[20260602 00:35:17 @multi_agent_runner.py:99] Evaluation time: 1.37 s.
[20260602 00:35:17 @multi_agent_runner.py:105] Total time:     175.14 min
[20260602 00:35:17 @multi_agent_runner.py:120] Agent_0 gets eval reward: 0.00.
[20260602 00:35:17 @multi_agent_runner.py:121] Agent_0 gets win rate: 0.00.
[20260602 00:35:17 @multi_agent_runner.py:120] Agent_1 gets eval reward: 0.00.
[20260602 00:35:17 @multi_agent_runner.py:121] Agent_1 gets win rate: 0.00.
[20260602 00:35:18 @multi_agent_runner.py:79] #------------------------ Iteration 454 --------------------------#
[20260602 00:35:30 @multi_agent_runner.py:85] Sampling 50000 steps by 50 slaves, spending 12.52 s.
[20260602 00:35:39 @multi_agent_runner.py:94] Policy update, spending: 8.86 s.
[20260602 00:35:40 @multi_agent_runner.py:99] Evaluation time: 1.39 s.
[20260602 00:35:40 @multi_agent_runner.py:105] Total time:     175.52 min
[20260602 00:35:40 @multi_agent_runner.py:120] Agent_0 gets eval reward: 0.00.
[20260602 00:35:40 @multi_agent_runner.py:121] Agent_0 gets win rate: 0.20.
[20260602 00:35:40 @multi_agent_runner.py:120] Agent_1 gets eval reward: 0.00.
[20260602 00:35:40 @multi_agent_runner.py:121] Agent_1 gets win rate: 0.20.
[20260602 00:35:40 @multi_agent_runner.py:79] #------------------------ Iteration 455 --------------------------#
[20260602 00:35:52 @multi_agent_runner.py:85] Sampling 50000 steps by 50 slaves, spending 11.79 s.
[20260602 00:36:01 @multi_agent_runner.py:94] Policy update, spending: 8.90 s.
[20260602 00:36:03 @multi_agent_runner.py:99] Evaluation time: 1.59 s.
[20260602 00:36:03 @multi_agent_runner.py:105] Total time:     175.90 min
[20260602 00:36:03 @multi_agent_runner.py:120] Agent_0 gets eval reward: 142.86.
[20260602 00:36:03 @multi_agent_runner.py:121] Agent_0 gets win rate: 0.29.
[20260602 00:36:03 @multi_agent_runner.py:120] Agent_1 gets eval reward: -142.86.
[20260602 00:36:03 @multi_agent_runner.py:121] Agent_1 gets win rate: 0.14.
[20260602 00:36:03 @multi_agent_runner.py:79] #------------------------ Iteration 456 --------------------------#
[20260602 00:36:15 @multi_agent_runner.py:85] Sampling 50000 steps by 50 slaves, spending 11.88 s.
[20260602 00:36:24 @multi_agent_runner.py:94] Policy update, spending: 8.91 s.
[20260602 00:36:25 @multi_agent_runner.py:99] Evaluation time: 1.54 s.
[20260602 00:36:25 @multi_agent_runner.py:105] Total time:     176.27 min
[20260602 00:36:25 @multi_agent_runner.py:120] Agent_0 gets eval reward: -166.67.
[20260602 00:36:25 @multi_agent_runner.py:121] Agent_0 gets win rate: 0.00.
[20260602 00:36:25 @multi_agent_runner.py:120] Agent_1 gets eval reward: 166.67.
[20260602 00:36:25 @multi_agent_runner.py:121] Agent_1 gets win rate: 0.17.
[20260602 00:36:25 @multi_agent_runner.py:79] #------------------------ Iteration 457 --------------------------#
[20260602 00:36:38 @multi_agent_runner.py:85] Sampling 50000 steps by 50 slaves, spending 12.34 s.
[20260602 00:36:47 @multi_agent_runner.py:94] Policy update, spending: 9.20 s.
[20260602 00:36:48 @multi_agent_runner.py:99] Evaluation time: 1.39 s.
[20260602 00:36:48 @multi_agent_runner.py:105] Total time:     176.66 min
[20260602 00:36:48 @multi_agent_runner.py:120] Agent_0 gets eval reward: 0.00.
[20260602 00:36:48 @multi_agent_runner.py:121] Agent_0 gets win rate: 0.00.
[20260602 00:36:48 @multi_agent_runner.py:120] Agent_1 gets eval reward: 0.00.
[20260602 00:36:48 @multi_agent_runner.py:121] Agent_1 gets win rate: 0.00.
[20260602 00:36:48 @multi_agent_runner.py:79] #------------------------ Iteration 458 --------------------------#
[20260602 00:37:00 @multi_agent_runner.py:85] Sampling 50000 steps by 50 slaves, spending 11.61 s.
[20260602 00:37:09 @multi_agent_runner.py:94] Policy update, spending: 9.00 s.
[20260602 00:37:11 @multi_agent_runner.py:99] Evaluation time: 1.66 s.
[20260602 00:37:11 @multi_agent_runner.py:105] Total time:     177.03 min
[20260602 00:37:11 @multi_agent_runner.py:120] Agent_0 gets eval reward: -166.67.
[20260602 00:37:11 @multi_agent_runner.py:121] Agent_0 gets win rate: 0.00.
[20260602 00:37:11 @multi_agent_runner.py:120] Agent_1 gets eval reward: 166.67.
[20260602 00:37:11 @multi_agent_runner.py:121] Agent_1 gets win rate: 0.17.
[20260602 00:37:11 @multi_agent_runner.py:79] #------------------------ Iteration 459 --------------------------#
[20260602 00:37:23 @multi_agent_runner.py:85] Sampling 50000 steps by 50 slaves, spending 12.20 s.
[20260602 00:37:32 @multi_agent_runner.py:94] Policy update, spending: 9.42 s.
[20260602 00:37:34 @multi_agent_runner.py:99] Evaluation time: 1.44 s.
[20260602 00:37:34 @multi_agent_runner.py:105] Total time:     177.42 min
[20260602 00:37:34 @multi_agent_runner.py:120] Agent_0 gets eval reward: -333.33.
[20260602 00:37:34 @multi_agent_runner.py:121] Agent_0 gets win rate: 0.00.
[20260602 00:37:34 @multi_agent_runner.py:120] Agent_1 gets eval reward: 333.33.
[20260602 00:37:34 @multi_agent_runner.py:121] Agent_1 gets win rate: 0.33.
[20260602 00:37:34 @multi_agent_runner.py:79] #------------------------ Iteration 460 --------------------------#
[20260602 00:37:46 @multi_agent_runner.py:85] Sampling 50000 steps by 50 slaves, spending 11.79 s.
[20260602 00:37:55 @multi_agent_runner.py:94] Policy update, spending: 9.14 s.
[20260602 00:37:57 @multi_agent_runner.py:99] Evaluation time: 1.57 s.
[20260602 00:37:57 @multi_agent_runner.py:105] Total time:     177.79 min
[20260602 00:37:57 @multi_agent_runner.py:120] Agent_0 gets eval reward: 200.00.
[20260602 00:37:57 @multi_agent_runner.py:121] Agent_0 gets win rate: 0.20.
[20260602 00:37:57 @multi_agent_runner.py:120] Agent_1 gets eval reward: -200.00.
[20260602 00:37:57 @multi_agent_runner.py:121] Agent_1 gets win rate: 0.00.
[20260602 00:37:57 @multi_agent_runner.py:79] #------------------------ Iteration 461 --------------------------#
[20260602 00:38:09 @multi_agent_runner.py:85] Sampling 50000 steps by 50 slaves, spending 11.92 s.
[20260602 00:38:18 @multi_agent_runner.py:94] Policy update, spending: 8.98 s.
[20260602 00:38:19 @multi_agent_runner.py:99] Evaluation time: 1.49 s.
[20260602 00:38:19 @multi_agent_runner.py:105] Total time:     178.17 min
[20260602 00:38:19 @multi_agent_runner.py:120] Agent_0 gets eval reward: 166.67.
[20260602 00:38:19 @multi_agent_runner.py:121] Agent_0 gets win rate: 0.17.
[20260602 00:38:19 @multi_agent_runner.py:120] Agent_1 gets eval reward: -166.67.
[20260602 00:38:19 @multi_agent_runner.py:121] Agent_1 gets win rate: 0.00.
[20260602 00:38:19 @multi_agent_runner.py:79] #------------------------ Iteration 462 --------------------------#
[20260602 00:38:31 @multi_agent_runner.py:85] Sampling 50000 steps by 50 slaves, spending 11.88 s.
[20260602 00:38:40 @multi_agent_runner.py:94] Policy update, spending: 9.02 s.
[20260602 00:38:42 @multi_agent_runner.py:99] Evaluation time: 1.68 s.
[20260602 00:38:42 @multi_agent_runner.py:105] Total time:     178.55 min
[20260602 00:38:42 @multi_agent_runner.py:120] Agent_0 gets eval reward: 0.00.
[20260602 00:38:42 @multi_agent_runner.py:121] Agent_0 gets win rate: 0.00.
[20260602 00:38:42 @multi_agent_runner.py:120] Agent_1 gets eval reward: 0.00.
[20260602 00:38:42 @multi_agent_runner.py:121] Agent_1 gets win rate: 0.00.
[20260602 00:38:42 @multi_agent_runner.py:79] #------------------------ Iteration 463 --------------------------#
[20260602 00:38:54 @multi_agent_runner.py:85] Sampling 50000 steps by 50 slaves, spending 11.83 s.
[20260602 00:39:03 @multi_agent_runner.py:94] Policy update, spending: 9.13 s.
[20260602 00:39:04 @multi_agent_runner.py:99] Evaluation time: 1.51 s.
[20260602 00:39:04 @multi_agent_runner.py:105] Total time:     178.93 min
[20260602 00:39:04 @multi_agent_runner.py:120] Agent_0 gets eval reward: 0.00.
[20260602 00:39:04 @multi_agent_runner.py:121] Agent_0 gets win rate: 0.00.
[20260602 00:39:04 @multi_agent_runner.py:120] Agent_1 gets eval reward: 0.00.
[20260602 00:39:04 @multi_agent_runner.py:121] Agent_1 gets win rate: 0.00.
[20260602 00:39:05 @multi_agent_runner.py:79] #------------------------ Iteration 464 --------------------------#
[20260602 00:39:16 @multi_agent_runner.py:85] Sampling 50000 steps by 50 slaves, spending 11.90 s.
[20260602 00:39:25 @multi_agent_runner.py:94] Policy update, spending: 8.87 s.
[20260602 00:39:27 @multi_agent_runner.py:99] Evaluation time: 1.42 s.
[20260602 00:39:27 @multi_agent_runner.py:105] Total time:     179.30 min
[20260602 00:39:27 @multi_agent_runner.py:120] Agent_0 gets eval reward: 0.00.
[20260602 00:39:27 @multi_agent_runner.py:121] Agent_0 gets win rate: 0.00.
[20260602 00:39:27 @multi_agent_runner.py:120] Agent_1 gets eval reward: 0.00.
[20260602 00:39:27 @multi_agent_runner.py:121] Agent_1 gets win rate: 0.00.
[20260602 00:39:27 @multi_agent_runner.py:79] #------------------------ Iteration 465 --------------------------#
[20260602 00:39:39 @multi_agent_runner.py:85] Sampling 50000 steps by 50 slaves, spending 11.85 s.
[20260602 00:39:48 @multi_agent_runner.py:94] Policy update, spending: 8.82 s.
[20260602 00:39:49 @multi_agent_runner.py:99] Evaluation time: 1.74 s.
[20260602 00:39:49 @multi_agent_runner.py:105] Total time:     179.67 min
[20260602 00:39:49 @multi_agent_runner.py:120] Agent_0 gets eval reward: 0.00.
[20260602 00:39:49 @multi_agent_runner.py:121] Agent_0 gets win rate: 0.00.
[20260602 00:39:49 @multi_agent_runner.py:120] Agent_1 gets eval reward: 0.00.
[20260602 00:39:49 @multi_agent_runner.py:121] Agent_1 gets win rate: 0.00.
[20260602 00:39:49 @multi_agent_runner.py:79] #------------------------ Iteration 466 --------------------------#
[20260602 00:40:01 @multi_agent_runner.py:85] Sampling 50000 steps by 50 slaves, spending 12.03 s.
[20260602 00:40:10 @multi_agent_runner.py:94] Policy update, spending: 8.89 s.
[20260602 00:40:12 @multi_agent_runner.py:99] Evaluation time: 1.50 s.
[20260602 00:40:12 @multi_agent_runner.py:105] Total time:     180.05 min
[20260602 00:40:12 @multi_agent_runner.py:120] Agent_0 gets eval reward: -200.00.
[20260602 00:40:12 @multi_agent_runner.py:121] Agent_0 gets win rate: 0.00.
[20260602 00:40:12 @multi_agent_runner.py:120] Agent_1 gets eval reward: 200.00.
[20260602 00:40:12 @multi_agent_runner.py:121] Agent_1 gets win rate: 0.20.
[20260602 00:40:12 @multi_agent_runner.py:79] #------------------------ Iteration 467 --------------------------#
[20260602 00:40:24 @multi_agent_runner.py:85] Sampling 50000 steps by 50 slaves, spending 11.74 s.
[20260602 00:40:33 @multi_agent_runner.py:94] Policy update, spending: 9.02 s.
[20260602 00:40:34 @multi_agent_runner.py:99] Evaluation time: 1.53 s.
[20260602 00:40:34 @multi_agent_runner.py:105] Total time:     180.42 min
[20260602 00:40:34 @multi_agent_runner.py:120] Agent_0 gets eval reward: 400.00.
[20260602 00:40:34 @multi_agent_runner.py:121] Agent_0 gets win rate: 0.40.
[20260602 00:40:34 @multi_agent_runner.py:120] Agent_1 gets eval reward: -400.00.
[20260602 00:40:34 @multi_agent_runner.py:121] Agent_1 gets win rate: 0.00.
[20260602 00:40:34 @multi_agent_runner.py:79] #------------------------ Iteration 468 --------------------------#
[20260602 00:40:47 @multi_agent_runner.py:85] Sampling 50000 steps by 50 slaves, spending 12.14 s.
[20260602 00:40:55 @multi_agent_runner.py:94] Policy update, spending: 8.77 s.
[20260602 00:40:57 @multi_agent_runner.py:99] Evaluation time: 1.54 s.
[20260602 00:40:57 @multi_agent_runner.py:105] Total time:     180.80 min
[20260602 00:40:57 @multi_agent_runner.py:120] Agent_0 gets eval reward: 0.00.
[20260602 00:40:57 @multi_agent_runner.py:121] Agent_0 gets win rate: 0.00.
[20260602 00:40:57 @multi_agent_runner.py:120] Agent_1 gets eval reward: 0.00.
[20260602 00:40:57 @multi_agent_runner.py:121] Agent_1 gets win rate: 0.00.
[20260602 00:40:57 @multi_agent_runner.py:79] #------------------------ Iteration 469 --------------------------#
[20260602 00:41:09 @multi_agent_runner.py:85] Sampling 50000 steps by 50 slaves, spending 11.92 s.
[20260602 00:41:18 @multi_agent_runner.py:94] Policy update, spending: 9.10 s.
[20260602 00:41:20 @multi_agent_runner.py:99] Evaluation time: 1.53 s.
[20260602 00:41:20 @multi_agent_runner.py:105] Total time:     181.18 min
[20260602 00:41:20 @multi_agent_runner.py:120] Agent_0 gets eval reward: 0.00.
[20260602 00:41:20 @multi_agent_runner.py:121] Agent_0 gets win rate: 0.14.
[20260602 00:41:20 @multi_agent_runner.py:120] Agent_1 gets eval reward: 0.00.
[20260602 00:41:20 @multi_agent_runner.py:121] Agent_1 gets win rate: 0.14.
[20260602 00:41:20 @multi_agent_runner.py:79] #------------------------ Iteration 470 --------------------------#
[20260602 00:41:31 @multi_agent_runner.py:85] Sampling 50000 steps by 50 slaves, spending 11.78 s.
[20260602 00:41:40 @multi_agent_runner.py:94] Policy update, spending: 8.86 s.
[20260602 00:41:42 @multi_agent_runner.py:99] Evaluation time: 1.45 s.
[20260602 00:41:42 @multi_agent_runner.py:105] Total time:     181.55 min
[20260602 00:41:42 @multi_agent_runner.py:120] Agent_0 gets eval reward: -166.67.
[20260602 00:41:42 @multi_agent_runner.py:121] Agent_0 gets win rate: 0.00.
[20260602 00:41:42 @multi_agent_runner.py:120] Agent_1 gets eval reward: 166.67.
[20260602 00:41:42 @multi_agent_runner.py:121] Agent_1 gets win rate: 0.17.
[20260602 00:41:42 @multi_agent_runner.py:79] #------------------------ Iteration 471 --------------------------#
[20260602 00:41:54 @multi_agent_runner.py:85] Sampling 50000 steps by 50 slaves, spending 11.76 s.
[20260602 00:42:03 @multi_agent_runner.py:94] Policy update, spending: 8.93 s.
[20260602 00:42:04 @multi_agent_runner.py:99] Evaluation time: 1.47 s.
[20260602 00:42:04 @multi_agent_runner.py:105] Total time:     181.92 min
[20260602 00:42:04 @multi_agent_runner.py:120] Agent_0 gets eval reward: 333.33.
[20260602 00:42:04 @multi_agent_runner.py:121] Agent_0 gets win rate: 0.33.
[20260602 00:42:04 @multi_agent_runner.py:120] Agent_1 gets eval reward: -333.33.
[20260602 00:42:04 @multi_agent_runner.py:121] Agent_1 gets win rate: 0.00.
[20260602 00:42:04 @multi_agent_runner.py:79] #------------------------ Iteration 472 --------------------------#
[20260602 00:42:16 @multi_agent_runner.py:85] Sampling 50000 steps by 50 slaves, spending 11.95 s.
[20260602 00:42:25 @multi_agent_runner.py:94] Policy update, spending: 8.99 s.
[20260602 00:42:27 @multi_agent_runner.py:99] Evaluation time: 1.58 s.
[20260602 00:42:27 @multi_agent_runner.py:105] Total time:     182.30 min
[20260602 00:42:27 @multi_agent_runner.py:120] Agent_0 gets eval reward: 0.00.
[20260602 00:42:27 @multi_agent_runner.py:121] Agent_0 gets win rate: 0.25.
[20260602 00:42:27 @multi_agent_runner.py:120] Agent_1 gets eval reward: 0.00.
[20260602 00:42:27 @multi_agent_runner.py:121] Agent_1 gets win rate: 0.25.
[20260602 00:42:27 @multi_agent_runner.py:79] #------------------------ Iteration 473 --------------------------#
[20260602 00:42:39 @multi_agent_runner.py:85] Sampling 50000 steps by 50 slaves, spending 12.28 s.
[20260602 00:42:49 @multi_agent_runner.py:94] Policy update, spending: 9.54 s.
[20260602 00:42:50 @multi_agent_runner.py:99] Evaluation time: 1.43 s.
[20260602 00:42:50 @multi_agent_runner.py:105] Total time:     182.69 min
[20260602 00:42:50 @multi_agent_runner.py:120] Agent_0 gets eval reward: -200.00.
[20260602 00:42:50 @multi_agent_runner.py:121] Agent_0 gets win rate: 0.00.
[20260602 00:42:50 @multi_agent_runner.py:120] Agent_1 gets eval reward: 200.00.
[20260602 00:42:50 @multi_agent_runner.py:121] Agent_1 gets win rate: 0.20.
[20260602 00:42:50 @multi_agent_runner.py:79] #------------------------ Iteration 474 --------------------------#
[20260602 00:43:02 @multi_agent_runner.py:85] Sampling 50000 steps by 50 slaves, spending 11.92 s.
[20260602 00:43:11 @multi_agent_runner.py:94] Policy update, spending: 9.11 s.
[20260602 00:43:13 @multi_agent_runner.py:99] Evaluation time: 1.50 s.
[20260602 00:43:13 @multi_agent_runner.py:105] Total time:     183.07 min
[20260602 00:43:13 @multi_agent_runner.py:120] Agent_0 gets eval reward: 0.00.
[20260602 00:43:13 @multi_agent_runner.py:121] Agent_0 gets win rate: 0.00.
[20260602 00:43:13 @multi_agent_runner.py:120] Agent_1 gets eval reward: 0.00.
[20260602 00:43:13 @multi_agent_runner.py:121] Agent_1 gets win rate: 0.00.
[20260602 00:43:13 @multi_agent_runner.py:79] #------------------------ Iteration 475 --------------------------#
[20260602 00:43:25 @multi_agent_runner.py:85] Sampling 50000 steps by 50 slaves, spending 12.16 s.
[20260602 00:43:34 @multi_agent_runner.py:94] Policy update, spending: 9.27 s.
[20260602 00:43:36 @multi_agent_runner.py:99] Evaluation time: 1.27 s.
[20260602 00:43:36 @multi_agent_runner.py:105] Total time:     183.45 min
[20260602 00:43:36 @multi_agent_runner.py:120] Agent_0 gets eval reward: -200.00.
[20260602 00:43:36 @multi_agent_runner.py:121] Agent_0 gets win rate: 0.00.
[20260602 00:43:36 @multi_agent_runner.py:120] Agent_1 gets eval reward: 200.00.
[20260602 00:43:36 @multi_agent_runner.py:121] Agent_1 gets win rate: 0.20.
[20260602 00:43:36 @multi_agent_runner.py:79] #------------------------ Iteration 476 --------------------------#
[20260602 00:43:47 @multi_agent_runner.py:85] Sampling 50000 steps by 50 slaves, spending 11.64 s.
[20260602 00:43:56 @multi_agent_runner.py:94] Policy update, spending: 8.95 s.
[20260602 00:43:58 @multi_agent_runner.py:99] Evaluation time: 1.65 s.
[20260602 00:43:58 @multi_agent_runner.py:105] Total time:     183.82 min
[20260602 00:43:58 @multi_agent_runner.py:120] Agent_0 gets eval reward: -200.00.
[20260602 00:43:58 @multi_agent_runner.py:121] Agent_0 gets win rate: 0.00.
[20260602 00:43:58 @multi_agent_runner.py:120] Agent_1 gets eval reward: 200.00.
[20260602 00:43:58 @multi_agent_runner.py:121] Agent_1 gets win rate: 0.20.
[20260602 00:43:58 @multi_agent_runner.py:79] #------------------------ Iteration 477 --------------------------#
[20260602 00:44:10 @multi_agent_runner.py:85] Sampling 50000 steps by 50 slaves, spending 11.87 s.
[20260602 00:44:19 @multi_agent_runner.py:94] Policy update, spending: 9.00 s.
[20260602 00:44:21 @multi_agent_runner.py:99] Evaluation time: 1.67 s.
[20260602 00:44:21 @multi_agent_runner.py:105] Total time:     184.20 min
[20260602 00:44:21 @multi_agent_runner.py:120] Agent_0 gets eval reward: -166.67.
[20260602 00:44:21 @multi_agent_runner.py:121] Agent_0 gets win rate: 0.00.
[20260602 00:44:21 @multi_agent_runner.py:120] Agent_1 gets eval reward: 166.67.
[20260602 00:44:21 @multi_agent_runner.py:121] Agent_1 gets win rate: 0.17.
[20260602 00:44:21 @multi_agent_runner.py:79] #------------------------ Iteration 478 --------------------------#
[20260602 00:44:33 @multi_agent_runner.py:85] Sampling 50000 steps by 50 slaves, spending 12.14 s.
[20260602 00:44:42 @multi_agent_runner.py:94] Policy update, spending: 9.18 s.
[20260602 00:44:44 @multi_agent_runner.py:99] Evaluation time: 1.59 s.
[20260602 00:44:44 @multi_agent_runner.py:105] Total time:     184.58 min
[20260602 00:44:44 @multi_agent_runner.py:120] Agent_0 gets eval reward: 0.00.
[20260602 00:44:44 @multi_agent_runner.py:121] Agent_0 gets win rate: 0.00.
[20260602 00:44:44 @multi_agent_runner.py:120] Agent_1 gets eval reward: 0.00.
[20260602 00:44:44 @multi_agent_runner.py:121] Agent_1 gets win rate: 0.00.
[20260602 00:44:44 @multi_agent_runner.py:79] #------------------------ Iteration 479 --------------------------#
[20260602 00:44:56 @multi_agent_runner.py:85] Sampling 50000 steps by 50 slaves, spending 11.82 s.
[20260602 00:45:05 @multi_agent_runner.py:94] Policy update, spending: 9.18 s.
[20260602 00:45:07 @multi_agent_runner.py:99] Evaluation time: 1.61 s.
[20260602 00:45:07 @multi_agent_runner.py:105] Total time:     184.96 min
[20260602 00:45:07 @multi_agent_runner.py:120] Agent_0 gets eval reward: 250.00.
[20260602 00:45:07 @multi_agent_runner.py:121] Agent_0 gets win rate: 0.25.
[20260602 00:45:07 @multi_agent_runner.py:120] Agent_1 gets eval reward: -250.00.
[20260602 00:45:07 @multi_agent_runner.py:121] Agent_1 gets win rate: 0.00.
[20260602 00:45:07 @multi_agent_runner.py:79] #------------------------ Iteration 480 --------------------------#
[20260602 00:45:18 @multi_agent_runner.py:85] Sampling 50000 steps by 50 slaves, spending 11.74 s.
[20260602 00:45:27 @multi_agent_runner.py:94] Policy update, spending: 9.02 s.
[20260602 00:45:29 @multi_agent_runner.py:99] Evaluation time: 1.34 s.
[20260602 00:45:29 @multi_agent_runner.py:105] Total time:     185.33 min
[20260602 00:45:29 @multi_agent_runner.py:120] Agent_0 gets eval reward: 0.00.
[20260602 00:45:29 @multi_agent_runner.py:121] Agent_0 gets win rate: 0.00.
[20260602 00:45:29 @multi_agent_runner.py:120] Agent_1 gets eval reward: 0.00.
[20260602 00:45:29 @multi_agent_runner.py:121] Agent_1 gets win rate: 0.00.
[20260602 00:45:29 @multi_agent_runner.py:79] #------------------------ Iteration 481 --------------------------#
[20260602 00:45:41 @multi_agent_runner.py:85] Sampling 50000 steps by 50 slaves, spending 12.09 s.
[20260602 00:45:50 @multi_agent_runner.py:94] Policy update, spending: 9.07 s.
[20260602 00:45:52 @multi_agent_runner.py:99] Evaluation time: 1.52 s.
[20260602 00:45:52 @multi_agent_runner.py:105] Total time:     185.71 min
[20260602 00:45:52 @multi_agent_runner.py:120] Agent_0 gets eval reward: 200.00.
[20260602 00:45:52 @multi_agent_runner.py:121] Agent_0 gets win rate: 0.20.
[20260602 00:45:52 @multi_agent_runner.py:120] Agent_1 gets eval reward: -200.00.
[20260602 00:45:52 @multi_agent_runner.py:121] Agent_1 gets win rate: 0.00.
[20260602 00:45:52 @multi_agent_runner.py:79] #------------------------ Iteration 482 --------------------------#
[20260602 00:46:04 @multi_agent_runner.py:85] Sampling 50000 steps by 50 slaves, spending 12.01 s.
[20260602 00:46:13 @multi_agent_runner.py:94] Policy update, spending: 9.17 s.
[20260602 00:46:14 @multi_agent_runner.py:99] Evaluation time: 1.55 s.
[20260602 00:46:14 @multi_agent_runner.py:105] Total time:     186.09 min
[20260602 00:46:15 @multi_agent_runner.py:120] Agent_0 gets eval reward: 0.00.
[20260602 00:46:15 @multi_agent_runner.py:121] Agent_0 gets win rate: 0.00.
[20260602 00:46:15 @multi_agent_runner.py:120] Agent_1 gets eval reward: 0.00.
[20260602 00:46:15 @multi_agent_runner.py:121] Agent_1 gets win rate: 0.00.
[20260602 00:46:15 @multi_agent_runner.py:79] #------------------------ Iteration 483 --------------------------#
[20260602 00:46:26 @multi_agent_runner.py:85] Sampling 50000 steps by 50 slaves, spending 11.88 s.
[20260602 00:46:36 @multi_agent_runner.py:94] Policy update, spending: 9.01 s.
[20260602 00:46:37 @multi_agent_runner.py:99] Evaluation time: 1.63 s.
[20260602 00:46:37 @multi_agent_runner.py:105] Total time:     186.47 min
[20260602 00:46:37 @multi_agent_runner.py:120] Agent_0 gets eval reward: 0.00.
[20260602 00:46:37 @multi_agent_runner.py:121] Agent_0 gets win rate: 0.00.
[20260602 00:46:37 @multi_agent_runner.py:120] Agent_1 gets eval reward: 0.00.
[20260602 00:46:37 @multi_agent_runner.py:121] Agent_1 gets win rate: 0.00.
[20260602 00:46:37 @multi_agent_runner.py:79] #------------------------ Iteration 484 --------------------------#
[20260602 00:46:49 @multi_agent_runner.py:85] Sampling 50000 steps by 50 slaves, spending 12.09 s.
[20260602 00:46:59 @multi_agent_runner.py:94] Policy update, spending: 9.36 s.
[20260602 00:47:00 @multi_agent_runner.py:99] Evaluation time: 1.43 s.
[20260602 00:47:00 @multi_agent_runner.py:105] Total time:     186.85 min
[20260602 00:47:00 @multi_agent_runner.py:120] Agent_0 gets eval reward: -250.00.
[20260602 00:47:00 @multi_agent_runner.py:121] Agent_0 gets win rate: 0.00.
[20260602 00:47:00 @multi_agent_runner.py:120] Agent_1 gets eval reward: 250.00.
[20260602 00:47:00 @multi_agent_runner.py:121] Agent_1 gets win rate: 0.25.
[20260602 00:47:00 @multi_agent_runner.py:79] #------------------------ Iteration 485 --------------------------#
[20260602 00:47:12 @multi_agent_runner.py:85] Sampling 50000 steps by 50 slaves, spending 11.86 s.
[20260602 00:47:21 @multi_agent_runner.py:94] Policy update, spending: 8.97 s.
[20260602 00:47:23 @multi_agent_runner.py:99] Evaluation time: 1.34 s.
[20260602 00:47:23 @multi_agent_runner.py:105] Total time:     187.23 min
[20260602 00:47:23 @multi_agent_runner.py:120] Agent_0 gets eval reward: 0.00.
[20260602 00:47:23 @multi_agent_runner.py:121] Agent_0 gets win rate: 0.00.
[20260602 00:47:23 @multi_agent_runner.py:120] Agent_1 gets eval reward: 0.00.
[20260602 00:47:23 @multi_agent_runner.py:121] Agent_1 gets win rate: 0.00.
[20260602 00:47:23 @multi_agent_runner.py:79] #------------------------ Iteration 486 --------------------------#
[20260602 00:47:35 @multi_agent_runner.py:85] Sampling 50000 steps by 50 slaves, spending 11.87 s.
[20260602 00:47:43 @multi_agent_runner.py:94] Policy update, spending: 8.74 s.
[20260602 00:47:45 @multi_agent_runner.py:99] Evaluation time: 1.66 s.
[20260602 00:47:45 @multi_agent_runner.py:105] Total time:     187.60 min
[20260602 00:47:45 @multi_agent_runner.py:120] Agent_0 gets eval reward: -166.67.
[20260602 00:47:45 @multi_agent_runner.py:121] Agent_0 gets win rate: 0.00.
[20260602 00:47:45 @multi_agent_runner.py:120] Agent_1 gets eval reward: 166.67.
[20260602 00:47:45 @multi_agent_runner.py:121] Agent_1 gets win rate: 0.17.
[20260602 00:47:45 @multi_agent_runner.py:79] #------------------------ Iteration 487 --------------------------#
[20260602 00:47:57 @multi_agent_runner.py:85] Sampling 50000 steps by 50 slaves, spending 12.41 s.
[20260602 00:48:07 @multi_agent_runner.py:94] Policy update, spending: 9.43 s.
[20260602 00:48:08 @multi_agent_runner.py:99] Evaluation time: 1.40 s.
[20260602 00:48:08 @multi_agent_runner.py:105] Total time:     187.99 min
[20260602 00:48:08 @multi_agent_runner.py:120] Agent_0 gets eval reward: 0.00.
[20260602 00:48:08 @multi_agent_runner.py:121] Agent_0 gets win rate: 0.00.
[20260602 00:48:08 @multi_agent_runner.py:120] Agent_1 gets eval reward: 0.00.
[20260602 00:48:08 @multi_agent_runner.py:121] Agent_1 gets win rate: 0.00.
[20260602 00:48:08 @multi_agent_runner.py:79] #------------------------ Iteration 488 --------------------------#
[20260602 00:48:20 @multi_agent_runner.py:85] Sampling 50000 steps by 50 slaves, spending 11.53 s.
[20260602 00:48:29 @multi_agent_runner.py:94] Policy update, spending: 8.95 s.
[20260602 00:48:30 @multi_agent_runner.py:99] Evaluation time: 1.54 s.
[20260602 00:48:30 @multi_agent_runner.py:105] Total time:     188.36 min
[20260602 00:48:30 @multi_agent_runner.py:120] Agent_0 gets eval reward: -200.00.
[20260602 00:48:30 @multi_agent_runner.py:121] Agent_0 gets win rate: 0.00.
[20260602 00:48:30 @multi_agent_runner.py:120] Agent_1 gets eval reward: 200.00.
[20260602 00:48:30 @multi_agent_runner.py:121] Agent_1 gets win rate: 0.20.
[20260602 00:48:31 @multi_agent_runner.py:79] #------------------------ Iteration 489 --------------------------#
[20260602 00:48:43 @multi_agent_runner.py:85] Sampling 50000 steps by 50 slaves, spending 12.05 s.
[20260602 00:48:52 @multi_agent_runner.py:94] Policy update, spending: 9.27 s.
[20260602 00:48:53 @multi_agent_runner.py:99] Evaluation time: 1.40 s.
[20260602 00:48:53 @multi_agent_runner.py:105] Total time:     188.74 min
[20260602 00:48:53 @multi_agent_runner.py:120] Agent_0 gets eval reward: 0.00.
[20260602 00:48:53 @multi_agent_runner.py:121] Agent_0 gets win rate: 0.00.
[20260602 00:48:53 @multi_agent_runner.py:120] Agent_1 gets eval reward: 0.00.
[20260602 00:48:53 @multi_agent_runner.py:121] Agent_1 gets win rate: 0.00.
[20260602 00:48:53 @multi_agent_runner.py:79] #------------------------ Iteration 490 --------------------------#
[20260602 00:49:05 @multi_agent_runner.py:85] Sampling 50000 steps by 50 slaves, spending 11.41 s.
[20260602 00:49:14 @multi_agent_runner.py:94] Policy update, spending: 8.72 s.
[20260602 00:49:16 @multi_agent_runner.py:99] Evaluation time: 2.01 s.
[20260602 00:49:16 @multi_agent_runner.py:105] Total time:     189.11 min
[20260602 00:49:16 @multi_agent_runner.py:120] Agent_0 gets eval reward: 0.00.
[20260602 00:49:16 @multi_agent_runner.py:121] Agent_0 gets win rate: 0.00.
[20260602 00:49:16 @multi_agent_runner.py:120] Agent_1 gets eval reward: 0.00.
[20260602 00:49:16 @multi_agent_runner.py:121] Agent_1 gets win rate: 0.00.
[20260602 00:49:16 @multi_agent_runner.py:79] #------------------------ Iteration 491 --------------------------#
[20260602 00:49:28 @multi_agent_runner.py:85] Sampling 50000 steps by 50 slaves, spending 11.79 s.
[20260602 00:49:37 @multi_agent_runner.py:94] Policy update, spending: 9.21 s.
[20260602 00:49:38 @multi_agent_runner.py:99] Evaluation time: 1.45 s.
[20260602 00:49:38 @multi_agent_runner.py:105] Total time:     189.49 min
[20260602 00:49:38 @multi_agent_runner.py:120] Agent_0 gets eval reward: -142.86.
[20260602 00:49:38 @multi_agent_runner.py:121] Agent_0 gets win rate: 0.00.
[20260602 00:49:38 @multi_agent_runner.py:120] Agent_1 gets eval reward: 142.86.
[20260602 00:49:38 @multi_agent_runner.py:121] Agent_1 gets win rate: 0.14.
[20260602 00:49:38 @multi_agent_runner.py:79] #------------------------ Iteration 492 --------------------------#
[20260602 00:49:51 @multi_agent_runner.py:85] Sampling 50000 steps by 50 slaves, spending 12.36 s.
[20260602 00:50:00 @multi_agent_runner.py:94] Policy update, spending: 9.10 s.
[20260602 00:50:02 @multi_agent_runner.py:99] Evaluation time: 1.81 s.
[20260602 00:50:02 @multi_agent_runner.py:105] Total time:     189.88 min
[20260602 00:50:02 @multi_agent_runner.py:120] Agent_0 gets eval reward: 0.00.
[20260602 00:50:02 @multi_agent_runner.py:121] Agent_0 gets win rate: 0.00.
[20260602 00:50:02 @multi_agent_runner.py:120] Agent_1 gets eval reward: 0.00.
[20260602 00:50:02 @multi_agent_runner.py:121] Agent_1 gets win rate: 0.00.
[20260602 00:50:02 @multi_agent_runner.py:79] #------------------------ Iteration 493 --------------------------#
[20260602 00:50:14 @multi_agent_runner.py:85] Sampling 50000 steps by 50 slaves, spending 11.88 s.
[20260602 00:50:23 @multi_agent_runner.py:94] Policy update, spending: 9.03 s.
[20260602 00:50:24 @multi_agent_runner.py:99] Evaluation time: 1.60 s.
[20260602 00:50:24 @multi_agent_runner.py:105] Total time:     190.26 min
[20260602 00:50:24 @multi_agent_runner.py:120] Agent_0 gets eval reward: 0.00.
[20260602 00:50:24 @multi_agent_runner.py:121] Agent_0 gets win rate: 0.00.
[20260602 00:50:24 @multi_agent_runner.py:120] Agent_1 gets eval reward: 0.00.
[20260602 00:50:24 @multi_agent_runner.py:121] Agent_1 gets win rate: 0.00.
[20260602 00:50:24 @multi_agent_runner.py:79] #------------------------ Iteration 494 --------------------------#
[20260602 00:50:36 @multi_agent_runner.py:85] Sampling 50000 steps by 50 slaves, spending 11.69 s.
[20260602 00:50:45 @multi_agent_runner.py:94] Policy update, spending: 8.66 s.
[20260602 00:50:46 @multi_agent_runner.py:99] Evaluation time: 1.48 s.
[20260602 00:50:46 @multi_agent_runner.py:105] Total time:     190.62 min
[20260602 00:50:46 @multi_agent_runner.py:120] Agent_0 gets eval reward: 166.67.
[20260602 00:50:46 @multi_agent_runner.py:121] Agent_0 gets win rate: 0.17.
[20260602 00:50:46 @multi_agent_runner.py:120] Agent_1 gets eval reward: -166.67.
[20260602 00:50:46 @multi_agent_runner.py:121] Agent_1 gets win rate: 0.00.
[20260602 00:50:46 @multi_agent_runner.py:79] #------------------------ Iteration 495 --------------------------#
[20260602 00:50:58 @multi_agent_runner.py:85] Sampling 50000 steps by 50 slaves, spending 12.12 s.
[20260602 00:51:07 @multi_agent_runner.py:94] Policy update, spending: 8.89 s.
[20260602 00:51:09 @multi_agent_runner.py:99] Evaluation time: 1.78 s.
[20260602 00:51:09 @multi_agent_runner.py:105] Total time:     191.00 min
[20260602 00:51:09 @multi_agent_runner.py:120] Agent_0 gets eval reward: 0.00.
[20260602 00:51:09 @multi_agent_runner.py:121] Agent_0 gets win rate: 0.00.
[20260602 00:51:09 @multi_agent_runner.py:120] Agent_1 gets eval reward: 0.00.
[20260602 00:51:09 @multi_agent_runner.py:121] Agent_1 gets win rate: 0.00.
[20260602 00:51:09 @multi_agent_runner.py:79] #------------------------ Iteration 496 --------------------------#
[20260602 00:51:21 @multi_agent_runner.py:85] Sampling 50000 steps by 50 slaves, spending 11.94 s.
[20260602 00:51:30 @multi_agent_runner.py:94] Policy update, spending: 8.93 s.
[20260602 00:51:32 @multi_agent_runner.py:99] Evaluation time: 1.70 s.
[20260602 00:51:32 @multi_agent_runner.py:105] Total time:     191.38 min
[20260602 00:51:32 @multi_agent_runner.py:120] Agent_0 gets eval reward: -400.00.
[20260602 00:51:32 @multi_agent_runner.py:121] Agent_0 gets win rate: 0.00.
[20260602 00:51:32 @multi_agent_runner.py:120] Agent_1 gets eval reward: 400.00.
[20260602 00:51:32 @multi_agent_runner.py:121] Agent_1 gets win rate: 0.40.
[20260602 00:51:32 @multi_agent_runner.py:79] #------------------------ Iteration 497 --------------------------#
[20260602 00:51:44 @multi_agent_runner.py:85] Sampling 50000 steps by 50 slaves, spending 12.34 s.
[20260602 00:51:54 @multi_agent_runner.py:94] Policy update, spending: 9.32 s.
[20260602 00:51:55 @multi_agent_runner.py:99] Evaluation time: 1.39 s.
[20260602 00:51:55 @multi_agent_runner.py:105] Total time:     191.77 min
[20260602 00:51:55 @multi_agent_runner.py:120] Agent_0 gets eval reward: 0.00.
[20260602 00:51:55 @multi_agent_runner.py:121] Agent_0 gets win rate: 0.00.
[20260602 00:51:55 @multi_agent_runner.py:120] Agent_1 gets eval reward: 0.00.
[20260602 00:51:55 @multi_agent_runner.py:121] Agent_1 gets win rate: 0.00.
[20260602 00:51:55 @multi_agent_runner.py:79] #------------------------ Iteration 498 --------------------------#
[20260602 00:52:07 @multi_agent_runner.py:85] Sampling 50000 steps by 50 slaves, spending 11.98 s.
[20260602 00:52:16 @multi_agent_runner.py:94] Policy update, spending: 9.19 s.
[20260602 00:52:18 @multi_agent_runner.py:99] Evaluation time: 1.96 s.
[20260602 00:52:18 @multi_agent_runner.py:105] Total time:     192.16 min
[20260602 00:52:18 @multi_agent_runner.py:120] Agent_0 gets eval reward: 0.00.
[20260602 00:52:18 @multi_agent_runner.py:121] Agent_0 gets win rate: 0.00.
[20260602 00:52:18 @multi_agent_runner.py:120] Agent_1 gets eval reward: 0.00.
[20260602 00:52:18 @multi_agent_runner.py:121] Agent_1 gets win rate: 0.00.
[20260602 00:52:18 @multi_agent_runner.py:79] #------------------------ Iteration 499 --------------------------#
[20260602 00:52:31 @multi_agent_runner.py:85] Sampling 50000 steps by 50 slaves, spending 12.15 s.
[20260602 00:52:40 @multi_agent_runner.py:94] Policy update, spending: 9.02 s.
[20260602 00:52:41 @multi_agent_runner.py:99] Evaluation time: 1.44 s.
[20260602 00:52:41 @multi_agent_runner.py:105] Total time:     192.54 min
[20260602 00:52:41 @multi_agent_runner.py:120] Agent_0 gets eval reward: 0.00.
[20260602 00:52:41 @multi_agent_runner.py:121] Agent_0 gets win rate: 0.00.
[20260602 00:52:41 @multi_agent_runner.py:120] Agent_1 gets eval reward: 0.00.
[20260602 00:52:41 @multi_agent_runner.py:121] Agent_1 gets win rate: 0.00.
[20260602 00:52:41 @multi_agent_runner.py:79] #------------------------ Iteration 500 --------------------------#
[20260602 00:52:53 @multi_agent_runner.py:85] Sampling 50000 steps by 50 slaves, spending 11.82 s.
[20260602 00:53:02 @multi_agent_runner.py:94] Policy update, spending: 9.31 s.
[20260602 00:53:04 @multi_agent_runner.py:99] Evaluation time: 1.49 s.
[20260602 00:53:04 @multi_agent_runner.py:105] Total time:     192.92 min
[20260602 00:53:04 @multi_agent_runner.py:120] Agent_0 gets eval reward: -400.00.
[20260602 00:53:04 @multi_agent_runner.py:121] Agent_0 gets win rate: 0.00.
[20260602 00:53:04 @multi_agent_runner.py:120] Agent_1 gets eval reward: 400.00.
[20260602 00:53:04 @multi_agent_runner.py:121] Agent_1 gets win rate: 0.40.
[20260602 00:53:04 @multi_agent_runner.py:79] #------------------------ Iteration 501 --------------------------#
[20260602 00:53:16 @multi_agent_runner.py:85] Sampling 50000 steps by 50 slaves, spending 11.71 s.
[20260602 00:53:25 @multi_agent_runner.py:94] Policy update, spending: 9.07 s.
[20260602 00:53:26 @multi_agent_runner.py:99] Evaluation time: 1.39 s.
[20260602 00:53:26 @multi_agent_runner.py:105] Total time:     193.29 min
[20260602 00:53:26 @multi_agent_runner.py:120] Agent_0 gets eval reward: 0.00.
[20260602 00:53:26 @multi_agent_runner.py:121] Agent_0 gets win rate: 0.00.
[20260602 00:53:26 @multi_agent_runner.py:120] Agent_1 gets eval reward: 0.00.
[20260602 00:53:26 @multi_agent_runner.py:121] Agent_1 gets win rate: 0.00.
[20260602 00:53:26 @multi_agent_runner.py:79] #------------------------ Iteration 502 --------------------------#
[20260602 00:53:38 @multi_agent_runner.py:85] Sampling 50000 steps by 50 slaves, spending 11.98 s.
[20260602 00:53:47 @multi_agent_runner.py:94] Policy update, spending: 9.06 s.
[20260602 00:53:49 @multi_agent_runner.py:99] Evaluation time: 1.39 s.
[20260602 00:53:49 @multi_agent_runner.py:105] Total time:     193.66 min
[20260602 00:53:49 @multi_agent_runner.py:120] Agent_0 gets eval reward: -200.00.
[20260602 00:53:49 @multi_agent_runner.py:121] Agent_0 gets win rate: 0.00.
[20260602 00:53:49 @multi_agent_runner.py:120] Agent_1 gets eval reward: 200.00.
[20260602 00:53:49 @multi_agent_runner.py:121] Agent_1 gets win rate: 0.20.
[20260602 00:53:49 @multi_agent_runner.py:79] #------------------------ Iteration 503 --------------------------#
[20260602 00:54:01 @multi_agent_runner.py:85] Sampling 50000 steps by 50 slaves, spending 12.03 s.
[20260602 00:54:10 @multi_agent_runner.py:94] Policy update, spending: 9.04 s.
[20260602 00:54:11 @multi_agent_runner.py:99] Evaluation time: 1.41 s.
[20260602 00:54:11 @multi_agent_runner.py:105] Total time:     194.04 min
[20260602 00:54:11 @multi_agent_runner.py:120] Agent_0 gets eval reward: 0.00.
[20260602 00:54:11 @multi_agent_runner.py:121] Agent_0 gets win rate: 0.14.
[20260602 00:54:11 @multi_agent_runner.py:120] Agent_1 gets eval reward: 0.00.
[20260602 00:54:11 @multi_agent_runner.py:121] Agent_1 gets win rate: 0.14.
[20260602 00:54:12 @multi_agent_runner.py:79] #------------------------ Iteration 504 --------------------------#
[20260602 00:54:23 @multi_agent_runner.py:85] Sampling 50000 steps by 50 slaves, spending 11.58 s.
[20260602 00:54:32 @multi_agent_runner.py:94] Policy update, spending: 9.20 s.
[20260602 00:54:34 @multi_agent_runner.py:99] Evaluation time: 1.49 s.
[20260602 00:54:34 @multi_agent_runner.py:105] Total time:     194.41 min
[20260602 00:54:34 @multi_agent_runner.py:120] Agent_0 gets eval reward: 200.00.
[20260602 00:54:34 @multi_agent_runner.py:121] Agent_0 gets win rate: 0.20.
[20260602 00:54:34 @multi_agent_runner.py:120] Agent_1 gets eval reward: -200.00.
[20260602 00:54:34 @multi_agent_runner.py:121] Agent_1 gets win rate: 0.00.
[20260602 00:54:34 @multi_agent_runner.py:79] #------------------------ Iteration 505 --------------------------#
[20260602 00:54:46 @multi_agent_runner.py:85] Sampling 50000 steps by 50 slaves, spending 11.76 s.
[20260602 00:54:55 @multi_agent_runner.py:94] Policy update, spending: 9.09 s.
[20260602 00:54:56 @multi_agent_runner.py:99] Evaluation time: 1.43 s.
[20260602 00:54:56 @multi_agent_runner.py:105] Total time:     194.79 min
[20260602 00:54:56 @multi_agent_runner.py:120] Agent_0 gets eval reward: 166.67.
[20260602 00:54:56 @multi_agent_runner.py:121] Agent_0 gets win rate: 0.17.
[20260602 00:54:56 @multi_agent_runner.py:120] Agent_1 gets eval reward: -166.67.
[20260602 00:54:56 @multi_agent_runner.py:121] Agent_1 gets win rate: 0.00.
[20260602 00:54:56 @multi_agent_runner.py:79] #------------------------ Iteration 506 --------------------------#
[20260602 00:55:08 @multi_agent_runner.py:85] Sampling 50000 steps by 50 slaves, spending 11.83 s.
[20260602 00:55:17 @multi_agent_runner.py:94] Policy update, spending: 9.25 s.
[20260602 00:55:19 @multi_agent_runner.py:99] Evaluation time: 1.44 s.
[20260602 00:55:19 @multi_agent_runner.py:105] Total time:     195.17 min
[20260602 00:55:19 @multi_agent_runner.py:120] Agent_0 gets eval reward: 0.00.
[20260602 00:55:19 @multi_agent_runner.py:121] Agent_0 gets win rate: 0.00.
[20260602 00:55:19 @multi_agent_runner.py:120] Agent_1 gets eval reward: 0.00.
[20260602 00:55:19 @multi_agent_runner.py:121] Agent_1 gets win rate: 0.00.
[20260602 00:55:19 @multi_agent_runner.py:79] #------------------------ Iteration 507 --------------------------#
[20260602 00:55:31 @multi_agent_runner.py:85] Sampling 50000 steps by 50 slaves, spending 11.82 s.
[20260602 00:55:40 @multi_agent_runner.py:94] Policy update, spending: 9.02 s.
[20260602 00:55:41 @multi_agent_runner.py:99] Evaluation time: 1.51 s.
[20260602 00:55:41 @multi_agent_runner.py:105] Total time:     195.54 min
[20260602 00:55:41 @multi_agent_runner.py:120] Agent_0 gets eval reward: 166.67.
[20260602 00:55:41 @multi_agent_runner.py:121] Agent_0 gets win rate: 0.17.
[20260602 00:55:41 @multi_agent_runner.py:120] Agent_1 gets eval reward: -166.67.
[20260602 00:55:41 @multi_agent_runner.py:121] Agent_1 gets win rate: 0.00.
[20260602 00:55:42 @multi_agent_runner.py:79] #------------------------ Iteration 508 --------------------------#
[20260602 00:55:53 @multi_agent_runner.py:85] Sampling 50000 steps by 50 slaves, spending 11.65 s.
[20260602 00:56:02 @multi_agent_runner.py:94] Policy update, spending: 9.03 s.
[20260602 00:56:04 @multi_agent_runner.py:99] Evaluation time: 1.93 s.
[20260602 00:56:04 @multi_agent_runner.py:105] Total time:     195.92 min
[20260602 00:56:04 @multi_agent_runner.py:120] Agent_0 gets eval reward: 0.00.
[20260602 00:56:04 @multi_agent_runner.py:121] Agent_0 gets win rate: 0.00.
[20260602 00:56:04 @multi_agent_runner.py:120] Agent_1 gets eval reward: 0.00.
[20260602 00:56:04 @multi_agent_runner.py:121] Agent_1 gets win rate: 0.00.
[20260602 00:56:04 @multi_agent_runner.py:79] #------------------------ Iteration 509 --------------------------#
[20260602 00:56:16 @multi_agent_runner.py:85] Sampling 50000 steps by 50 slaves, spending 11.89 s.
[20260602 00:56:25 @multi_agent_runner.py:94] Policy update, spending: 8.98 s.
[20260602 00:56:27 @multi_agent_runner.py:99] Evaluation time: 1.39 s.
[20260602 00:56:27 @multi_agent_runner.py:105] Total time:     196.29 min
[20260602 00:56:27 @multi_agent_runner.py:120] Agent_0 gets eval reward: 0.00.
[20260602 00:56:27 @multi_agent_runner.py:121] Agent_0 gets win rate: 0.00.
[20260602 00:56:27 @multi_agent_runner.py:120] Agent_1 gets eval reward: 0.00.
[20260602 00:56:27 @multi_agent_runner.py:121] Agent_1 gets win rate: 0.00.
[20260602 00:56:27 @multi_agent_runner.py:79] #------------------------ Iteration 510 --------------------------#
[20260602 00:56:39 @multi_agent_runner.py:85] Sampling 50000 steps by 50 slaves, spending 11.93 s.
[20260602 00:56:47 @multi_agent_runner.py:94] Policy update, spending: 8.79 s.
[20260602 00:56:49 @multi_agent_runner.py:99] Evaluation time: 1.50 s.
[20260602 00:56:49 @multi_agent_runner.py:105] Total time:     196.67 min
[20260602 00:56:49 @multi_agent_runner.py:120] Agent_0 gets eval reward: -200.00.
[20260602 00:56:49 @multi_agent_runner.py:121] Agent_0 gets win rate: 0.00.
[20260602 00:56:49 @multi_agent_runner.py:120] Agent_1 gets eval reward: 200.00.
[20260602 00:56:49 @multi_agent_runner.py:121] Agent_1 gets win rate: 0.20.
[20260602 00:56:49 @multi_agent_runner.py:79] #------------------------ Iteration 511 --------------------------#
[20260602 00:57:00 @multi_agent_runner.py:85] Sampling 50000 steps by 50 slaves, spending 11.36 s.
[20260602 00:57:09 @multi_agent_runner.py:94] Policy update, spending: 8.67 s.
[20260602 00:57:10 @multi_agent_runner.py:99] Evaluation time: 1.45 s.
[20260602 00:57:10 @multi_agent_runner.py:105] Total time:     197.03 min
[20260602 00:57:11 @multi_agent_runner.py:120] Agent_0 gets eval reward: 0.00.
[20260602 00:57:11 @multi_agent_runner.py:121] Agent_0 gets win rate: 0.00.
[20260602 00:57:11 @multi_agent_runner.py:120] Agent_1 gets eval reward: 0.00.
[20260602 00:57:11 @multi_agent_runner.py:121] Agent_1 gets win rate: 0.00.
[20260602 00:57:11 @multi_agent_runner.py:79] #------------------------ Iteration 512 --------------------------#
[20260602 00:57:23 @multi_agent_runner.py:85] Sampling 50000 steps by 50 slaves, spending 12.13 s.
[20260602 00:57:32 @multi_agent_runner.py:94] Policy update, spending: 9.15 s.
[20260602 00:57:33 @multi_agent_runner.py:99] Evaluation time: 1.32 s.
[20260602 00:57:33 @multi_agent_runner.py:105] Total time:     197.41 min
[20260602 00:57:33 @multi_agent_runner.py:120] Agent_0 gets eval reward: 0.00.
[20260602 00:57:33 @multi_agent_runner.py:121] Agent_0 gets win rate: 0.00.
[20260602 00:57:33 @multi_agent_runner.py:120] Agent_1 gets eval reward: 0.00.
[20260602 00:57:33 @multi_agent_runner.py:121] Agent_1 gets win rate: 0.00.
[20260602 00:57:33 @multi_agent_runner.py:79] #------------------------ Iteration 513 --------------------------#
[20260602 00:57:45 @multi_agent_runner.py:85] Sampling 50000 steps by 50 slaves, spending 11.66 s.
[20260602 00:57:54 @multi_agent_runner.py:94] Policy update, spending: 9.24 s.
[20260602 00:57:56 @multi_agent_runner.py:99] Evaluation time: 1.40 s.
[20260602 00:57:56 @multi_agent_runner.py:105] Total time:     197.78 min
[20260602 00:57:56 @multi_agent_runner.py:120] Agent_0 gets eval reward: 0.00.
[20260602 00:57:56 @multi_agent_runner.py:121] Agent_0 gets win rate: 0.00.
[20260602 00:57:56 @multi_agent_runner.py:120] Agent_1 gets eval reward: 0.00.
[20260602 00:57:56 @multi_agent_runner.py:121] Agent_1 gets win rate: 0.00.
[20260602 00:57:56 @multi_agent_runner.py:79] #------------------------ Iteration 514 --------------------------#
[20260602 00:58:07 @multi_agent_runner.py:85] Sampling 50000 steps by 50 slaves, spending 11.61 s.
[20260602 00:58:17 @multi_agent_runner.py:94] Policy update, spending: 9.11 s.
[20260602 00:58:18 @multi_agent_runner.py:99] Evaluation time: 1.32 s.
[20260602 00:58:18 @multi_agent_runner.py:105] Total time:     198.15 min
[20260602 00:58:18 @multi_agent_runner.py:120] Agent_0 gets eval reward: 0.00.
[20260602 00:58:18 @multi_agent_runner.py:121] Agent_0 gets win rate: 0.00.
[20260602 00:58:18 @multi_agent_runner.py:120] Agent_1 gets eval reward: 0.00.
[20260602 00:58:18 @multi_agent_runner.py:121] Agent_1 gets win rate: 0.00.
[20260602 00:58:18 @multi_agent_runner.py:79] #------------------------ Iteration 515 --------------------------#
[20260602 00:58:30 @multi_agent_runner.py:85] Sampling 50000 steps by 50 slaves, spending 12.12 s.
[20260602 00:58:40 @multi_agent_runner.py:94] Policy update, spending: 9.39 s.
[20260602 00:58:41 @multi_agent_runner.py:99] Evaluation time: 1.37 s.
[20260602 00:58:41 @multi_agent_runner.py:105] Total time:     198.53 min
[20260602 00:58:41 @multi_agent_runner.py:120] Agent_0 gets eval reward: 125.00.
[20260602 00:58:41 @multi_agent_runner.py:121] Agent_0 gets win rate: 0.12.
[20260602 00:58:41 @multi_agent_runner.py:120] Agent_1 gets eval reward: -125.00.
[20260602 00:58:41 @multi_agent_runner.py:121] Agent_1 gets win rate: 0.00.
[20260602 00:58:41 @multi_agent_runner.py:79] #------------------------ Iteration 516 --------------------------#
[20260602 00:58:53 @multi_agent_runner.py:85] Sampling 50000 steps by 50 slaves, spending 12.03 s.
[20260602 00:59:02 @multi_agent_runner.py:94] Policy update, spending: 9.32 s.
[20260602 00:59:04 @multi_agent_runner.py:99] Evaluation time: 1.43 s.
[20260602 00:59:04 @multi_agent_runner.py:105] Total time:     198.92 min
[20260602 00:59:04 @multi_agent_runner.py:120] Agent_0 gets eval reward: -166.67.
[20260602 00:59:04 @multi_agent_runner.py:121] Agent_0 gets win rate: 0.00.
[20260602 00:59:04 @multi_agent_runner.py:120] Agent_1 gets eval reward: 166.67.
[20260602 00:59:04 @multi_agent_runner.py:121] Agent_1 gets win rate: 0.17.
[20260602 00:59:04 @multi_agent_runner.py:79] #------------------------ Iteration 517 --------------------------#
[20260602 00:59:16 @multi_agent_runner.py:85] Sampling 50000 steps by 50 slaves, spending 11.86 s.
[20260602 00:59:25 @multi_agent_runner.py:94] Policy update, spending: 9.07 s.
[20260602 00:59:26 @multi_agent_runner.py:99] Evaluation time: 1.51 s.
[20260602 00:59:26 @multi_agent_runner.py:105] Total time:     199.29 min
[20260602 00:59:26 @multi_agent_runner.py:120] Agent_0 gets eval reward: 0.00.
[20260602 00:59:26 @multi_agent_runner.py:121] Agent_0 gets win rate: 0.00.
[20260602 00:59:26 @multi_agent_runner.py:120] Agent_1 gets eval reward: 0.00.
[20260602 00:59:26 @multi_agent_runner.py:121] Agent_1 gets win rate: 0.00.
[20260602 00:59:27 @multi_agent_runner.py:79] #------------------------ Iteration 518 --------------------------#
[20260602 00:59:38 @multi_agent_runner.py:85] Sampling 50000 steps by 50 slaves, spending 11.65 s.
[20260602 00:59:47 @multi_agent_runner.py:94] Policy update, spending: 9.13 s.
[20260602 00:59:49 @multi_agent_runner.py:99] Evaluation time: 1.51 s.
[20260602 00:59:49 @multi_agent_runner.py:105] Total time:     199.67 min
[20260602 00:59:49 @multi_agent_runner.py:120] Agent_0 gets eval reward: 0.00.
[20260602 00:59:49 @multi_agent_runner.py:121] Agent_0 gets win rate: 0.00.
[20260602 00:59:49 @multi_agent_runner.py:120] Agent_1 gets eval reward: 0.00.
[20260602 00:59:49 @multi_agent_runner.py:121] Agent_1 gets win rate: 0.00.
[20260602 00:59:49 @multi_agent_runner.py:79] #------------------------ Iteration 519 --------------------------#
[20260602 01:00:01 @multi_agent_runner.py:85] Sampling 50000 steps by 50 slaves, spending 11.57 s.
[20260602 01:00:09 @multi_agent_runner.py:94] Policy update, spending: 8.78 s.
[20260602 01:00:11 @multi_agent_runner.py:99] Evaluation time: 1.49 s.
[20260602 01:00:11 @multi_agent_runner.py:105] Total time:     200.03 min
[20260602 01:00:11 @multi_agent_runner.py:120] Agent_0 gets eval reward: -142.86.
[20260602 01:00:11 @multi_agent_runner.py:121] Agent_0 gets win rate: 0.00.
[20260602 01:00:11 @multi_agent_runner.py:120] Agent_1 gets eval reward: 142.86.
[20260602 01:00:11 @multi_agent_runner.py:121] Agent_1 gets win rate: 0.14.
[20260602 01:00:11 @multi_agent_runner.py:79] #------------------------ Iteration 520 --------------------------#
[20260602 01:00:23 @multi_agent_runner.py:85] Sampling 50000 steps by 50 slaves, spending 12.04 s.
[20260602 01:00:32 @multi_agent_runner.py:94] Policy update, spending: 9.13 s.
[20260602 01:00:34 @multi_agent_runner.py:99] Evaluation time: 1.45 s.
[20260602 01:00:34 @multi_agent_runner.py:105] Total time:     200.41 min
[20260602 01:00:34 @multi_agent_runner.py:120] Agent_0 gets eval reward: 0.00.
[20260602 01:00:34 @multi_agent_runner.py:121] Agent_0 gets win rate: 0.00.
[20260602 01:00:34 @multi_agent_runner.py:120] Agent_1 gets eval reward: 0.00.
[20260602 01:00:34 @multi_agent_runner.py:121] Agent_1 gets win rate: 0.00.
[20260602 01:00:34 @multi_agent_runner.py:79] #------------------------ Iteration 521 --------------------------#
[20260602 01:00:45 @multi_agent_runner.py:85] Sampling 50000 steps by 50 slaves, spending 11.70 s.
[20260602 01:00:54 @multi_agent_runner.py:94] Policy update, spending: 8.92 s.
[20260602 01:00:56 @multi_agent_runner.py:99] Evaluation time: 1.30 s.
[20260602 01:00:56 @multi_agent_runner.py:105] Total time:     200.78 min
[20260602 01:00:56 @multi_agent_runner.py:120] Agent_0 gets eval reward: 0.00.
[20260602 01:00:56 @multi_agent_runner.py:121] Agent_0 gets win rate: 0.00.
[20260602 01:00:56 @multi_agent_runner.py:120] Agent_1 gets eval reward: 0.00.
[20260602 01:00:56 @multi_agent_runner.py:121] Agent_1 gets win rate: 0.00.
[20260602 01:00:56 @multi_agent_runner.py:79] #------------------------ Iteration 522 --------------------------#
[20260602 01:01:08 @multi_agent_runner.py:85] Sampling 50000 steps by 50 slaves, spending 11.82 s.
[20260602 01:01:17 @multi_agent_runner.py:94] Policy update, spending: 9.22 s.
[20260602 01:01:18 @multi_agent_runner.py:99] Evaluation time: 1.49 s.
[20260602 01:01:18 @multi_agent_runner.py:105] Total time:     201.16 min
[20260602 01:01:18 @multi_agent_runner.py:120] Agent_0 gets eval reward: -200.00.
[20260602 01:01:18 @multi_agent_runner.py:121] Agent_0 gets win rate: 0.00.
[20260602 01:01:18 @multi_agent_runner.py:120] Agent_1 gets eval reward: 200.00.
[20260602 01:01:18 @multi_agent_runner.py:121] Agent_1 gets win rate: 0.20.
[20260602 01:01:18 @multi_agent_runner.py:79] #------------------------ Iteration 523 --------------------------#
[20260602 01:01:30 @multi_agent_runner.py:85] Sampling 50000 steps by 50 slaves, spending 11.89 s.
[20260602 01:01:39 @multi_agent_runner.py:94] Policy update, spending: 9.11 s.
[20260602 01:01:41 @multi_agent_runner.py:99] Evaluation time: 1.31 s.
[20260602 01:01:41 @multi_agent_runner.py:105] Total time:     201.53 min
[20260602 01:01:41 @multi_agent_runner.py:120] Agent_0 gets eval reward: 166.67.
[20260602 01:01:41 @multi_agent_runner.py:121] Agent_0 gets win rate: 0.17.
[20260602 01:01:41 @multi_agent_runner.py:120] Agent_1 gets eval reward: -166.67.
[20260602 01:01:41 @multi_agent_runner.py:121] Agent_1 gets win rate: 0.00.
[20260602 01:01:41 @multi_agent_runner.py:79] #------------------------ Iteration 524 --------------------------#
[20260602 01:01:53 @multi_agent_runner.py:85] Sampling 50000 steps by 50 slaves, spending 11.62 s.
[20260602 01:02:01 @multi_agent_runner.py:94] Policy update, spending: 8.72 s.
[20260602 01:02:03 @multi_agent_runner.py:99] Evaluation time: 1.43 s.
[20260602 01:02:03 @multi_agent_runner.py:105] Total time:     201.90 min
[20260602 01:02:03 @multi_agent_runner.py:120] Agent_0 gets eval reward: -200.00.
[20260602 01:02:03 @multi_agent_runner.py:121] Agent_0 gets win rate: 0.20.
[20260602 01:02:03 @multi_agent_runner.py:120] Agent_1 gets eval reward: 200.00.
[20260602 01:02:03 @multi_agent_runner.py:121] Agent_1 gets win rate: 0.40.
[20260602 01:02:03 @multi_agent_runner.py:79] #------------------------ Iteration 525 --------------------------#
[20260602 01:02:15 @multi_agent_runner.py:85] Sampling 50000 steps by 50 slaves, spending 11.88 s.
[20260602 01:02:24 @multi_agent_runner.py:94] Policy update, spending: 8.90 s.
[20260602 01:02:25 @multi_agent_runner.py:99] Evaluation time: 1.46 s.
[20260602 01:02:25 @multi_agent_runner.py:105] Total time:     202.27 min
[20260602 01:02:25 @multi_agent_runner.py:120] Agent_0 gets eval reward: 200.00.
[20260602 01:02:25 @multi_agent_runner.py:121] Agent_0 gets win rate: 0.20.
[20260602 01:02:25 @multi_agent_runner.py:120] Agent_1 gets eval reward: -200.00.
[20260602 01:02:25 @multi_agent_runner.py:121] Agent_1 gets win rate: 0.00.
[20260602 01:02:25 @multi_agent_runner.py:79] #------------------------ Iteration 526 --------------------------#
[20260602 01:02:37 @multi_agent_runner.py:85] Sampling 50000 steps by 50 slaves, spending 11.65 s.
[20260602 01:02:46 @multi_agent_runner.py:94] Policy update, spending: 8.92 s.
[20260602 01:02:47 @multi_agent_runner.py:99] Evaluation time: 1.48 s.
[20260602 01:02:47 @multi_agent_runner.py:105] Total time:     202.64 min
[20260602 01:02:47 @multi_agent_runner.py:120] Agent_0 gets eval reward: 0.00.
[20260602 01:02:47 @multi_agent_runner.py:121] Agent_0 gets win rate: 0.00.
[20260602 01:02:47 @multi_agent_runner.py:120] Agent_1 gets eval reward: 0.00.
[20260602 01:02:47 @multi_agent_runner.py:121] Agent_1 gets win rate: 0.00.
[20260602 01:02:47 @multi_agent_runner.py:79] #------------------------ Iteration 527 --------------------------#
[20260602 01:03:00 @multi_agent_runner.py:85] Sampling 50000 steps by 50 slaves, spending 12.24 s.
[20260602 01:03:09 @multi_agent_runner.py:94] Policy update, spending: 9.13 s.
[20260602 01:03:10 @multi_agent_runner.py:99] Evaluation time: 1.48 s.
[20260602 01:03:10 @multi_agent_runner.py:105] Total time:     203.02 min
[20260602 01:03:10 @multi_agent_runner.py:120] Agent_0 gets eval reward: 0.00.
[20260602 01:03:10 @multi_agent_runner.py:121] Agent_0 gets win rate: 0.00.
[20260602 01:03:10 @multi_agent_runner.py:120] Agent_1 gets eval reward: 0.00.
[20260602 01:03:10 @multi_agent_runner.py:121] Agent_1 gets win rate: 0.00.
[20260602 01:03:10 @multi_agent_runner.py:79] #------------------------ Iteration 528 --------------------------#
[20260602 01:03:22 @multi_agent_runner.py:85] Sampling 50000 steps by 50 slaves, spending 11.96 s.
[20260602 01:03:32 @multi_agent_runner.py:94] Policy update, spending: 9.21 s.
[20260602 01:03:33 @multi_agent_runner.py:99] Evaluation time: 1.49 s.
[20260602 01:03:33 @multi_agent_runner.py:105] Total time:     203.40 min
[20260602 01:03:33 @multi_agent_runner.py:120] Agent_0 gets eval reward: 0.00.
[20260602 01:03:33 @multi_agent_runner.py:121] Agent_0 gets win rate: 0.00.
[20260602 01:03:33 @multi_agent_runner.py:120] Agent_1 gets eval reward: 0.00.
[20260602 01:03:33 @multi_agent_runner.py:121] Agent_1 gets win rate: 0.00.
[20260602 01:03:33 @multi_agent_runner.py:79] #------------------------ Iteration 529 --------------------------#
[20260602 01:03:45 @multi_agent_runner.py:85] Sampling 50000 steps by 50 slaves, spending 11.95 s.
[20260602 01:03:54 @multi_agent_runner.py:94] Policy update, spending: 8.89 s.
[20260602 01:03:55 @multi_agent_runner.py:99] Evaluation time: 1.45 s.
[20260602 01:03:55 @multi_agent_runner.py:105] Total time:     203.78 min
[20260602 01:03:56 @multi_agent_runner.py:120] Agent_0 gets eval reward: 0.00.
[20260602 01:03:56 @multi_agent_runner.py:121] Agent_0 gets win rate: 0.00.
[20260602 01:03:56 @multi_agent_runner.py:120] Agent_1 gets eval reward: 0.00.
[20260602 01:03:56 @multi_agent_runner.py:121] Agent_1 gets win rate: 0.00.
[20260602 01:03:56 @multi_agent_runner.py:79] #------------------------ Iteration 530 --------------------------#
[20260602 01:04:07 @multi_agent_runner.py:85] Sampling 50000 steps by 50 slaves, spending 11.75 s.
[20260602 01:04:16 @multi_agent_runner.py:94] Policy update, spending: 9.02 s.
[20260602 01:04:18 @multi_agent_runner.py:99] Evaluation time: 1.30 s.
[20260602 01:04:18 @multi_agent_runner.py:105] Total time:     204.15 min
[20260602 01:04:18 @multi_agent_runner.py:120] Agent_0 gets eval reward: -200.00.
[20260602 01:04:18 @multi_agent_runner.py:121] Agent_0 gets win rate: 0.00.
[20260602 01:04:18 @multi_agent_runner.py:120] Agent_1 gets eval reward: 200.00.
[20260602 01:04:18 @multi_agent_runner.py:121] Agent_1 gets win rate: 0.20.
[20260602 01:04:18 @multi_agent_runner.py:79] #------------------------ Iteration 531 --------------------------#
[20260602 01:04:29 @multi_agent_runner.py:85] Sampling 50000 steps by 50 slaves, spending 11.55 s.
[20260602 01:04:38 @multi_agent_runner.py:94] Policy update, spending: 8.81 s.
[20260602 01:04:39 @multi_agent_runner.py:99] Evaluation time: 1.29 s.
[20260602 01:04:39 @multi_agent_runner.py:105] Total time:     204.51 min
[20260602 01:04:40 @multi_agent_runner.py:120] Agent_0 gets eval reward: 0.00.
[20260602 01:04:40 @multi_agent_runner.py:121] Agent_0 gets win rate: 0.00.
[20260602 01:04:40 @multi_agent_runner.py:120] Agent_1 gets eval reward: 0.00.
[20260602 01:04:40 @multi_agent_runner.py:121] Agent_1 gets win rate: 0.00.
[20260602 01:04:40 @multi_agent_runner.py:79] #------------------------ Iteration 532 --------------------------#
[20260602 01:04:51 @multi_agent_runner.py:85] Sampling 50000 steps by 50 slaves, spending 11.69 s.
[20260602 01:05:00 @multi_agent_runner.py:94] Policy update, spending: 9.12 s.
[20260602 01:05:02 @multi_agent_runner.py:99] Evaluation time: 1.58 s.
[20260602 01:05:02 @multi_agent_runner.py:105] Total time:     204.89 min
[20260602 01:05:02 @multi_agent_runner.py:120] Agent_0 gets eval reward: 0.00.
[20260602 01:05:02 @multi_agent_runner.py:121] Agent_0 gets win rate: 0.00.
[20260602 01:05:02 @multi_agent_runner.py:120] Agent_1 gets eval reward: 0.00.
[20260602 01:05:02 @multi_agent_runner.py:121] Agent_1 gets win rate: 0.00.
[20260602 01:05:02 @multi_agent_runner.py:79] #------------------------ Iteration 533 --------------------------#
[20260602 01:05:14 @multi_agent_runner.py:85] Sampling 50000 steps by 50 slaves, spending 11.82 s.
[20260602 01:05:23 @multi_agent_runner.py:94] Policy update, spending: 9.16 s.
[20260602 01:05:25 @multi_agent_runner.py:99] Evaluation time: 1.42 s.
[20260602 01:05:25 @multi_agent_runner.py:105] Total time:     205.26 min
[20260602 01:05:25 @multi_agent_runner.py:120] Agent_0 gets eval reward: 0.00.
[20260602 01:05:25 @multi_agent_runner.py:121] Agent_0 gets win rate: 0.14.
[20260602 01:05:25 @multi_agent_runner.py:120] Agent_1 gets eval reward: 0.00.
[20260602 01:05:25 @multi_agent_runner.py:121] Agent_1 gets win rate: 0.14.
[20260602 01:05:25 @multi_agent_runner.py:79] #------------------------ Iteration 534 --------------------------#
[20260602 01:05:36 @multi_agent_runner.py:85] Sampling 50000 steps by 50 slaves, spending 11.64 s.
[20260602 01:05:45 @multi_agent_runner.py:94] Policy update, spending: 8.95 s.
[20260602 01:05:47 @multi_agent_runner.py:99] Evaluation time: 1.39 s.
[20260602 01:05:47 @multi_agent_runner.py:105] Total time:     205.63 min
[20260602 01:05:47 @multi_agent_runner.py:120] Agent_0 gets eval reward: -200.00.
[20260602 01:05:47 @multi_agent_runner.py:121] Agent_0 gets win rate: 0.00.
[20260602 01:05:47 @multi_agent_runner.py:120] Agent_1 gets eval reward: 200.00.
[20260602 01:05:47 @multi_agent_runner.py:121] Agent_1 gets win rate: 0.20.
[20260602 01:05:47 @multi_agent_runner.py:79] #------------------------ Iteration 535 --------------------------#
[20260602 01:05:59 @multi_agent_runner.py:85] Sampling 50000 steps by 50 slaves, spending 12.01 s.
[20260602 01:06:08 @multi_agent_runner.py:94] Policy update, spending: 9.08 s.
[20260602 01:06:09 @multi_agent_runner.py:99] Evaluation time: 1.47 s.
[20260602 01:06:09 @multi_agent_runner.py:105] Total time:     206.01 min
[20260602 01:06:09 @multi_agent_runner.py:120] Agent_0 gets eval reward: 125.00.
[20260602 01:06:09 @multi_agent_runner.py:121] Agent_0 gets win rate: 0.12.
[20260602 01:06:09 @multi_agent_runner.py:120] Agent_1 gets eval reward: -125.00.
[20260602 01:06:09 @multi_agent_runner.py:121] Agent_1 gets win rate: 0.00.
[20260602 01:06:10 @multi_agent_runner.py:79] #------------------------ Iteration 536 --------------------------#
[20260602 01:06:21 @multi_agent_runner.py:85] Sampling 50000 steps by 50 slaves, spending 11.92 s.
[20260602 01:06:30 @multi_agent_runner.py:94] Policy update, spending: 8.91 s.
[20260602 01:06:32 @multi_agent_runner.py:99] Evaluation time: 1.70 s.
[20260602 01:06:32 @multi_agent_runner.py:105] Total time:     206.39 min
[20260602 01:06:32 @multi_agent_runner.py:120] Agent_0 gets eval reward: 0.00.
[20260602 01:06:32 @multi_agent_runner.py:121] Agent_0 gets win rate: 0.00.
[20260602 01:06:32 @multi_agent_runner.py:120] Agent_1 gets eval reward: 0.00.
[20260602 01:06:32 @multi_agent_runner.py:121] Agent_1 gets win rate: 0.00.
[20260602 01:06:32 @multi_agent_runner.py:79] #------------------------ Iteration 537 --------------------------#
[20260602 01:06:44 @multi_agent_runner.py:85] Sampling 50000 steps by 50 slaves, spending 12.13 s.
[20260602 01:06:53 @multi_agent_runner.py:94] Policy update, spending: 9.07 s.
[20260602 01:06:55 @multi_agent_runner.py:99] Evaluation time: 1.99 s.
[20260602 01:06:55 @multi_agent_runner.py:105] Total time:     206.78 min
[20260602 01:06:55 @multi_agent_runner.py:120] Agent_0 gets eval reward: -166.67.
[20260602 01:06:55 @multi_agent_runner.py:121] Agent_0 gets win rate: 0.00.
[20260602 01:06:55 @multi_agent_runner.py:120] Agent_1 gets eval reward: 166.67.
[20260602 01:06:55 @multi_agent_runner.py:121] Agent_1 gets win rate: 0.17.
[20260602 01:06:56 @multi_agent_runner.py:79] #------------------------ Iteration 538 --------------------------#
[20260602 01:07:07 @multi_agent_runner.py:85] Sampling 50000 steps by 50 slaves, spending 11.81 s.
[20260602 01:07:17 @multi_agent_runner.py:94] Policy update, spending: 9.23 s.
[20260602 01:07:18 @multi_agent_runner.py:99] Evaluation time: 1.44 s.
[20260602 01:07:18 @multi_agent_runner.py:105] Total time:     207.15 min
[20260602 01:07:18 @multi_agent_runner.py:120] Agent_0 gets eval reward: 0.00.
[20260602 01:07:18 @multi_agent_runner.py:121] Agent_0 gets win rate: 0.00.
[20260602 01:07:18 @multi_agent_runner.py:120] Agent_1 gets eval reward: 0.00.
[20260602 01:07:18 @multi_agent_runner.py:121] Agent_1 gets win rate: 0.00.
[20260602 01:07:18 @multi_agent_runner.py:79] #------------------------ Iteration 539 --------------------------#
[20260602 01:07:30 @multi_agent_runner.py:85] Sampling 50000 steps by 50 slaves, spending 11.84 s.
[20260602 01:07:39 @multi_agent_runner.py:94] Policy update, spending: 9.05 s.
[20260602 01:07:41 @multi_agent_runner.py:99] Evaluation time: 1.52 s.
[20260602 01:07:41 @multi_agent_runner.py:105] Total time:     207.53 min
[20260602 01:07:41 @multi_agent_runner.py:120] Agent_0 gets eval reward: 0.00.
[20260602 01:07:41 @multi_agent_runner.py:121] Agent_0 gets win rate: 0.14.
[20260602 01:07:41 @multi_agent_runner.py:120] Agent_1 gets eval reward: 0.00.
[20260602 01:07:41 @multi_agent_runner.py:121] Agent_1 gets win rate: 0.14.
[20260602 01:07:41 @multi_agent_runner.py:79] #------------------------ Iteration 540 --------------------------#
[20260602 01:07:53 @multi_agent_runner.py:85] Sampling 50000 steps by 50 slaves, spending 11.96 s.
[20260602 01:08:01 @multi_agent_runner.py:94] Policy update, spending: 8.73 s.
[20260602 01:08:03 @multi_agent_runner.py:99] Evaluation time: 1.32 s.
[20260602 01:08:03 @multi_agent_runner.py:105] Total time:     207.90 min
[20260602 01:08:03 @multi_agent_runner.py:120] Agent_0 gets eval reward: 0.00.
[20260602 01:08:03 @multi_agent_runner.py:121] Agent_0 gets win rate: 0.00.
[20260602 01:08:03 @multi_agent_runner.py:120] Agent_1 gets eval reward: 0.00.
[20260602 01:08:03 @multi_agent_runner.py:121] Agent_1 gets win rate: 0.00.
[20260602 01:08:03 @multi_agent_runner.py:79] #------------------------ Iteration 541 --------------------------#
[20260602 01:08:15 @multi_agent_runner.py:85] Sampling 50000 steps by 50 slaves, spending 11.98 s.
[20260602 01:08:24 @multi_agent_runner.py:94] Policy update, spending: 8.90 s.
[20260602 01:08:25 @multi_agent_runner.py:99] Evaluation time: 1.38 s.
[20260602 01:08:25 @multi_agent_runner.py:105] Total time:     208.27 min
[20260602 01:08:25 @multi_agent_runner.py:120] Agent_0 gets eval reward: -200.00.
[20260602 01:08:25 @multi_agent_runner.py:121] Agent_0 gets win rate: 0.00.
[20260602 01:08:25 @multi_agent_runner.py:120] Agent_1 gets eval reward: 200.00.
[20260602 01:08:25 @multi_agent_runner.py:121] Agent_1 gets win rate: 0.20.
[20260602 01:08:25 @multi_agent_runner.py:79] #------------------------ Iteration 542 --------------------------#
[20260602 01:08:38 @multi_agent_runner.py:85] Sampling 50000 steps by 50 slaves, spending 12.25 s.
[20260602 01:08:47 @multi_agent_runner.py:94] Policy update, spending: 9.22 s.
[20260602 01:08:48 @multi_agent_runner.py:99] Evaluation time: 1.31 s.
[20260602 01:08:48 @multi_agent_runner.py:105] Total time:     208.65 min
[20260602 01:08:48 @multi_agent_runner.py:120] Agent_0 gets eval reward: -166.67.
[20260602 01:08:48 @multi_agent_runner.py:121] Agent_0 gets win rate: 0.00.
[20260602 01:08:48 @multi_agent_runner.py:120] Agent_1 gets eval reward: 166.67.
[20260602 01:08:48 @multi_agent_runner.py:121] Agent_1 gets win rate: 0.17.
[20260602 01:08:48 @multi_agent_runner.py:79] #------------------------ Iteration 543 --------------------------#
[20260602 01:09:00 @multi_agent_runner.py:85] Sampling 50000 steps by 50 slaves, spending 12.17 s.
[20260602 01:09:09 @multi_agent_runner.py:94] Policy update, spending: 8.90 s.
[20260602 01:09:11 @multi_agent_runner.py:99] Evaluation time: 1.37 s.
[20260602 01:09:11 @multi_agent_runner.py:105] Total time:     209.03 min
[20260602 01:09:11 @multi_agent_runner.py:120] Agent_0 gets eval reward: 166.67.
[20260602 01:09:11 @multi_agent_runner.py:121] Agent_0 gets win rate: 0.17.
[20260602 01:09:11 @multi_agent_runner.py:120] Agent_1 gets eval reward: -166.67.
[20260602 01:09:11 @multi_agent_runner.py:121] Agent_1 gets win rate: 0.00.
[20260602 01:09:11 @multi_agent_runner.py:79] #------------------------ Iteration 544 --------------------------#
[20260602 01:09:23 @multi_agent_runner.py:85] Sampling 50000 steps by 50 slaves, spending 12.21 s.
[20260602 01:09:32 @multi_agent_runner.py:94] Policy update, spending: 8.90 s.
[20260602 01:09:33 @multi_agent_runner.py:99] Evaluation time: 1.34 s.
[20260602 01:09:33 @multi_agent_runner.py:105] Total time:     209.41 min
[20260602 01:09:33 @multi_agent_runner.py:120] Agent_0 gets eval reward: 0.00.
[20260602 01:09:33 @multi_agent_runner.py:121] Agent_0 gets win rate: 0.00.
[20260602 01:09:33 @multi_agent_runner.py:120] Agent_1 gets eval reward: 0.00.
[20260602 01:09:33 @multi_agent_runner.py:121] Agent_1 gets win rate: 0.00.
[20260602 01:09:33 @multi_agent_runner.py:79] #------------------------ Iteration 545 --------------------------#
[20260602 01:09:46 @multi_agent_runner.py:85] Sampling 50000 steps by 50 slaves, spending 12.12 s.
[20260602 01:09:54 @multi_agent_runner.py:94] Policy update, spending: 8.84 s.
[20260602 01:09:56 @multi_agent_runner.py:99] Evaluation time: 1.33 s.
[20260602 01:09:56 @multi_agent_runner.py:105] Total time:     209.78 min
[20260602 01:09:56 @multi_agent_runner.py:120] Agent_0 gets eval reward: 0.00.
[20260602 01:09:56 @multi_agent_runner.py:121] Agent_0 gets win rate: 0.17.
[20260602 01:09:56 @multi_agent_runner.py:120] Agent_1 gets eval reward: 0.00.
[20260602 01:09:56 @multi_agent_runner.py:121] Agent_1 gets win rate: 0.17.
[20260602 01:09:56 @multi_agent_runner.py:79] #------------------------ Iteration 546 --------------------------#
[20260602 01:10:08 @multi_agent_runner.py:85] Sampling 50000 steps by 50 slaves, spending 12.25 s.
[20260602 01:10:17 @multi_agent_runner.py:94] Policy update, spending: 8.93 s.
[20260602 01:10:18 @multi_agent_runner.py:99] Evaluation time: 1.34 s.
[20260602 01:10:18 @multi_agent_runner.py:105] Total time:     210.16 min
[20260602 01:10:18 @multi_agent_runner.py:120] Agent_0 gets eval reward: 0.00.
[20260602 01:10:18 @multi_agent_runner.py:121] Agent_0 gets win rate: 0.00.
[20260602 01:10:18 @multi_agent_runner.py:120] Agent_1 gets eval reward: 0.00.
[20260602 01:10:18 @multi_agent_runner.py:121] Agent_1 gets win rate: 0.00.
[20260602 01:10:19 @multi_agent_runner.py:79] #------------------------ Iteration 547 --------------------------#
[20260602 01:10:30 @multi_agent_runner.py:85] Sampling 50000 steps by 50 slaves, spending 11.79 s.
[20260602 01:10:40 @multi_agent_runner.py:94] Policy update, spending: 9.39 s.
[20260602 01:10:41 @multi_agent_runner.py:99] Evaluation time: 1.72 s.
[20260602 01:10:41 @multi_agent_runner.py:105] Total time:     210.54 min
[20260602 01:10:41 @multi_agent_runner.py:120] Agent_0 gets eval reward: 142.86.
[20260602 01:10:41 @multi_agent_runner.py:121] Agent_0 gets win rate: 0.14.
[20260602 01:10:41 @multi_agent_runner.py:120] Agent_1 gets eval reward: -142.86.
[20260602 01:10:41 @multi_agent_runner.py:121] Agent_1 gets win rate: 0.00.
[20260602 01:10:42 @multi_agent_runner.py:79] #------------------------ Iteration 548 --------------------------#
[20260602 01:10:54 @multi_agent_runner.py:85] Sampling 50000 steps by 50 slaves, spending 12.50 s.
[20260602 01:11:03 @multi_agent_runner.py:94] Policy update, spending: 9.40 s.
[20260602 01:11:05 @multi_agent_runner.py:99] Evaluation time: 1.30 s.
[20260602 01:11:05 @multi_agent_runner.py:105] Total time:     210.93 min
[20260602 01:11:05 @multi_agent_runner.py:120] Agent_0 gets eval reward: 0.00.
[20260602 01:11:05 @multi_agent_runner.py:121] Agent_0 gets win rate: 0.00.
[20260602 01:11:05 @multi_agent_runner.py:120] Agent_1 gets eval reward: 0.00.
[20260602 01:11:05 @multi_agent_runner.py:121] Agent_1 gets win rate: 0.00.
[20260602 01:11:05 @multi_agent_runner.py:79] #------------------------ Iteration 549 --------------------------#
[20260602 01:11:17 @multi_agent_runner.py:85] Sampling 50000 steps by 50 slaves, spending 11.70 s.
[20260602 01:11:26 @multi_agent_runner.py:94] Policy update, spending: 8.96 s.
[20260602 01:11:28 @multi_agent_runner.py:99] Evaluation time: 2.11 s.
[20260602 01:11:28 @multi_agent_runner.py:105] Total time:     211.31 min
[20260602 01:11:28 @multi_agent_runner.py:120] Agent_0 gets eval reward: 166.67.
[20260602 01:11:28 @multi_agent_runner.py:121] Agent_0 gets win rate: 0.17.
[20260602 01:11:28 @multi_agent_runner.py:120] Agent_1 gets eval reward: -166.67.
[20260602 01:11:28 @multi_agent_runner.py:121] Agent_1 gets win rate: 0.00.
[20260602 01:11:28 @multi_agent_runner.py:79] #------------------------ Iteration 550 --------------------------#
[20260602 01:11:40 @multi_agent_runner.py:85] Sampling 50000 steps by 50 slaves, spending 11.68 s.
[20260602 01:11:49 @multi_agent_runner.py:94] Policy update, spending: 9.04 s.
[20260602 01:11:50 @multi_agent_runner.py:99] Evaluation time: 1.54 s.
[20260602 01:11:50 @multi_agent_runner.py:105] Total time:     211.69 min
[20260602 01:11:50 @multi_agent_runner.py:120] Agent_0 gets eval reward: 0.00.
[20260602 01:11:50 @multi_agent_runner.py:121] Agent_0 gets win rate: 0.00.
[20260602 01:11:50 @multi_agent_runner.py:120] Agent_1 gets eval reward: 0.00.
[20260602 01:11:50 @multi_agent_runner.py:121] Agent_1 gets win rate: 0.00.
[20260602 01:11:50 @multi_agent_runner.py:79] #------------------------ Iteration 551 --------------------------#
[20260602 01:12:02 @multi_agent_runner.py:85] Sampling 50000 steps by 50 slaves, spending 11.95 s.
[20260602 01:12:11 @multi_agent_runner.py:94] Policy update, spending: 8.88 s.
[20260602 01:12:13 @multi_agent_runner.py:99] Evaluation time: 1.60 s.
[20260602 01:12:13 @multi_agent_runner.py:105] Total time:     212.06 min
[20260602 01:12:13 @multi_agent_runner.py:120] Agent_0 gets eval reward: 0.00.
[20260602 01:12:13 @multi_agent_runner.py:121] Agent_0 gets win rate: 0.00.
[20260602 01:12:13 @multi_agent_runner.py:120] Agent_1 gets eval reward: 0.00.
[20260602 01:12:13 @multi_agent_runner.py:121] Agent_1 gets win rate: 0.00.
[20260602 01:12:13 @multi_agent_runner.py:79] #------------------------ Iteration 552 --------------------------#
[20260602 01:12:25 @multi_agent_runner.py:85] Sampling 50000 steps by 50 slaves, spending 11.82 s.
[20260602 01:12:34 @multi_agent_runner.py:94] Policy update, spending: 8.98 s.
[20260602 01:12:35 @multi_agent_runner.py:99] Evaluation time: 1.36 s.
[20260602 01:12:35 @multi_agent_runner.py:105] Total time:     212.43 min
[20260602 01:12:35 @multi_agent_runner.py:120] Agent_0 gets eval reward: 250.00.
[20260602 01:12:35 @multi_agent_runner.py:121] Agent_0 gets win rate: 0.25.
[20260602 01:12:35 @multi_agent_runner.py:120] Agent_1 gets eval reward: -250.00.
[20260602 01:12:35 @multi_agent_runner.py:121] Agent_1 gets win rate: 0.00.
[20260602 01:12:35 @multi_agent_runner.py:79] #------------------------ Iteration 553 --------------------------#
[20260602 01:12:47 @multi_agent_runner.py:85] Sampling 50000 steps by 50 slaves, spending 12.06 s.
[20260602 01:12:56 @multi_agent_runner.py:94] Policy update, spending: 9.11 s.
[20260602 01:12:58 @multi_agent_runner.py:99] Evaluation time: 1.32 s.
[20260602 01:12:58 @multi_agent_runner.py:105] Total time:     212.81 min
[20260602 01:12:58 @multi_agent_runner.py:120] Agent_0 gets eval reward: -166.67.
[20260602 01:12:58 @multi_agent_runner.py:121] Agent_0 gets win rate: 0.00.
[20260602 01:12:58 @multi_agent_runner.py:120] Agent_1 gets eval reward: 166.67.
[20260602 01:12:58 @multi_agent_runner.py:121] Agent_1 gets win rate: 0.17.
[20260602 01:12:58 @multi_agent_runner.py:79] #------------------------ Iteration 554 --------------------------#
[20260602 01:13:10 @multi_agent_runner.py:85] Sampling 50000 steps by 50 slaves, spending 12.09 s.
[20260602 01:13:19 @multi_agent_runner.py:94] Policy update, spending: 9.37 s.
[20260602 01:13:21 @multi_agent_runner.py:99] Evaluation time: 1.42 s.
[20260602 01:13:21 @multi_agent_runner.py:105] Total time:     213.20 min
[20260602 01:13:21 @multi_agent_runner.py:120] Agent_0 gets eval reward: -200.00.
[20260602 01:13:21 @multi_agent_runner.py:121] Agent_0 gets win rate: 0.00.
[20260602 01:13:21 @multi_agent_runner.py:120] Agent_1 gets eval reward: 200.00.
[20260602 01:13:21 @multi_agent_runner.py:121] Agent_1 gets win rate: 0.20.
[20260602 01:13:21 @multi_agent_runner.py:79] #------------------------ Iteration 555 --------------------------#
[20260602 01:13:33 @multi_agent_runner.py:85] Sampling 50000 steps by 50 slaves, spending 11.94 s.
[20260602 01:13:42 @multi_agent_runner.py:94] Policy update, spending: 9.11 s.
[20260602 01:13:43 @multi_agent_runner.py:99] Evaluation time: 1.39 s.
[20260602 01:13:43 @multi_agent_runner.py:105] Total time:     213.57 min
[20260602 01:13:43 @multi_agent_runner.py:120] Agent_0 gets eval reward: 0.00.
[20260602 01:13:43 @multi_agent_runner.py:121] Agent_0 gets win rate: 0.00.
[20260602 01:13:43 @multi_agent_runner.py:120] Agent_1 gets eval reward: 0.00.
[20260602 01:13:43 @multi_agent_runner.py:121] Agent_1 gets win rate: 0.00.
[20260602 01:13:43 @multi_agent_runner.py:79] #------------------------ Iteration 556 --------------------------#
[20260602 01:13:55 @multi_agent_runner.py:85] Sampling 50000 steps by 50 slaves, spending 11.94 s.
[20260602 01:14:05 @multi_agent_runner.py:94] Policy update, spending: 9.24 s.
[20260602 01:14:06 @multi_agent_runner.py:99] Evaluation time: 1.35 s.
[20260602 01:14:06 @multi_agent_runner.py:105] Total time:     213.95 min
[20260602 01:14:06 @multi_agent_runner.py:120] Agent_0 gets eval reward: 250.00.
[20260602 01:14:06 @multi_agent_runner.py:121] Agent_0 gets win rate: 0.25.
[20260602 01:14:06 @multi_agent_runner.py:120] Agent_1 gets eval reward: -250.00.
[20260602 01:14:06 @multi_agent_runner.py:121] Agent_1 gets win rate: 0.00.
[20260602 01:14:06 @multi_agent_runner.py:79] #------------------------ Iteration 557 --------------------------#
[20260602 01:14:18 @multi_agent_runner.py:85] Sampling 50000 steps by 50 slaves, spending 12.30 s.
[20260602 01:14:28 @multi_agent_runner.py:94] Policy update, spending: 9.29 s.
[20260602 01:14:29 @multi_agent_runner.py:99] Evaluation time: 1.60 s.
[20260602 01:14:29 @multi_agent_runner.py:105] Total time:     214.34 min
[20260602 01:14:29 @multi_agent_runner.py:120] Agent_0 gets eval reward: 333.33.
[20260602 01:14:29 @multi_agent_runner.py:121] Agent_0 gets win rate: 0.33.
[20260602 01:14:29 @multi_agent_runner.py:120] Agent_1 gets eval reward: -333.33.
[20260602 01:14:29 @multi_agent_runner.py:121] Agent_1 gets win rate: 0.00.
[20260602 01:14:29 @multi_agent_runner.py:79] #------------------------ Iteration 558 --------------------------#
[20260602 01:14:41 @multi_agent_runner.py:85] Sampling 50000 steps by 50 slaves, spending 11.94 s.
[20260602 01:14:50 @multi_agent_runner.py:94] Policy update, spending: 8.93 s.
[20260602 01:14:52 @multi_agent_runner.py:99] Evaluation time: 1.52 s.
[20260602 01:14:52 @multi_agent_runner.py:105] Total time:     214.72 min
[20260602 01:14:52 @multi_agent_runner.py:120] Agent_0 gets eval reward: 0.00.
[20260602 01:14:52 @multi_agent_runner.py:121] Agent_0 gets win rate: 0.00.
[20260602 01:14:52 @multi_agent_runner.py:120] Agent_1 gets eval reward: 0.00.
[20260602 01:14:52 @multi_agent_runner.py:121] Agent_1 gets win rate: 0.00.
[20260602 01:14:52 @multi_agent_runner.py:79] #------------------------ Iteration 559 --------------------------#
[20260602 01:15:04 @multi_agent_runner.py:85] Sampling 50000 steps by 50 slaves, spending 11.94 s.
[20260602 01:15:13 @multi_agent_runner.py:94] Policy update, spending: 9.01 s.
[20260602 01:15:14 @multi_agent_runner.py:99] Evaluation time: 1.32 s.
[20260602 01:15:14 @multi_agent_runner.py:105] Total time:     215.09 min
[20260602 01:15:14 @multi_agent_runner.py:120] Agent_0 gets eval reward: 166.67.
[20260602 01:15:14 @multi_agent_runner.py:121] Agent_0 gets win rate: 0.17.
[20260602 01:15:14 @multi_agent_runner.py:120] Agent_1 gets eval reward: -166.67.
[20260602 01:15:14 @multi_agent_runner.py:121] Agent_1 gets win rate: 0.00.
[20260602 01:15:14 @multi_agent_runner.py:79] #------------------------ Iteration 560 --------------------------#
[20260602 01:15:26 @multi_agent_runner.py:85] Sampling 50000 steps by 50 slaves, spending 11.96 s.
[20260602 01:15:36 @multi_agent_runner.py:94] Policy update, spending: 9.18 s.
[20260602 01:15:37 @multi_agent_runner.py:99] Evaluation time: 1.44 s.
[20260602 01:15:37 @multi_agent_runner.py:105] Total time:     215.47 min
[20260602 01:15:37 @multi_agent_runner.py:120] Agent_0 gets eval reward: -400.00.
[20260602 01:15:37 @multi_agent_runner.py:121] Agent_0 gets win rate: 0.00.
[20260602 01:15:37 @multi_agent_runner.py:120] Agent_1 gets eval reward: 400.00.
[20260602 01:15:37 @multi_agent_runner.py:121] Agent_1 gets win rate: 0.40.
[20260602 01:15:37 @multi_agent_runner.py:79] #------------------------ Iteration 561 --------------------------#
[20260602 01:15:49 @multi_agent_runner.py:85] Sampling 50000 steps by 50 slaves, spending 11.91 s.
[20260602 01:15:58 @multi_agent_runner.py:94] Policy update, spending: 8.76 s.
[20260602 01:15:59 @multi_agent_runner.py:99] Evaluation time: 1.55 s.
[20260602 01:15:59 @multi_agent_runner.py:105] Total time:     215.84 min
[20260602 01:15:59 @multi_agent_runner.py:120] Agent_0 gets eval reward: 0.00.
[20260602 01:15:59 @multi_agent_runner.py:121] Agent_0 gets win rate: 0.20.
[20260602 01:15:59 @multi_agent_runner.py:120] Agent_1 gets eval reward: 0.00.
[20260602 01:15:59 @multi_agent_runner.py:121] Agent_1 gets win rate: 0.20.
[20260602 01:15:59 @multi_agent_runner.py:79] #------------------------ Iteration 562 --------------------------#
[20260602 01:16:12 @multi_agent_runner.py:85] Sampling 50000 steps by 50 slaves, spending 12.15 s.
[20260602 01:16:21 @multi_agent_runner.py:94] Policy update, spending: 8.92 s.
[20260602 01:16:22 @multi_agent_runner.py:99] Evaluation time: 1.59 s.
[20260602 01:16:22 @multi_agent_runner.py:105] Total time:     216.22 min
[20260602 01:16:22 @multi_agent_runner.py:120] Agent_0 gets eval reward: 0.00.
[20260602 01:16:22 @multi_agent_runner.py:121] Agent_0 gets win rate: 0.00.
[20260602 01:16:22 @multi_agent_runner.py:120] Agent_1 gets eval reward: 0.00.
[20260602 01:16:22 @multi_agent_runner.py:121] Agent_1 gets win rate: 0.00.
[20260602 01:16:22 @multi_agent_runner.py:79] #------------------------ Iteration 563 --------------------------#
[20260602 01:16:34 @multi_agent_runner.py:85] Sampling 50000 steps by 50 slaves, spending 11.60 s.
[20260602 01:16:43 @multi_agent_runner.py:94] Policy update, spending: 8.91 s.
[20260602 01:16:44 @multi_agent_runner.py:99] Evaluation time: 1.51 s.
[20260602 01:16:44 @multi_agent_runner.py:105] Total time:     216.59 min
[20260602 01:16:44 @multi_agent_runner.py:120] Agent_0 gets eval reward: -333.33.
[20260602 01:16:44 @multi_agent_runner.py:121] Agent_0 gets win rate: 0.00.
[20260602 01:16:44 @multi_agent_runner.py:120] Agent_1 gets eval reward: 333.33.
[20260602 01:16:44 @multi_agent_runner.py:121] Agent_1 gets win rate: 0.33.
[20260602 01:16:44 @multi_agent_runner.py:79] #------------------------ Iteration 564 --------------------------#
[20260602 01:16:56 @multi_agent_runner.py:85] Sampling 50000 steps by 50 slaves, spending 11.50 s.
[20260602 01:17:05 @multi_agent_runner.py:94] Policy update, spending: 8.67 s.
[20260602 01:17:06 @multi_agent_runner.py:99] Evaluation time: 1.43 s.
[20260602 01:17:06 @multi_agent_runner.py:105] Total time:     216.95 min
[20260602 01:17:06 @multi_agent_runner.py:120] Agent_0 gets eval reward: -142.86.
[20260602 01:17:06 @multi_agent_runner.py:121] Agent_0 gets win rate: 0.00.
[20260602 01:17:06 @multi_agent_runner.py:120] Agent_1 gets eval reward: 142.86.
[20260602 01:17:06 @multi_agent_runner.py:121] Agent_1 gets win rate: 0.14.
[20260602 01:17:06 @multi_agent_runner.py:79] #------------------------ Iteration 565 --------------------------#
[20260602 01:17:18 @multi_agent_runner.py:85] Sampling 50000 steps by 50 slaves, spending 11.90 s.
[20260602 01:17:27 @multi_agent_runner.py:94] Policy update, spending: 9.25 s.
[20260602 01:17:29 @multi_agent_runner.py:99] Evaluation time: 1.31 s.
[20260602 01:17:29 @multi_agent_runner.py:105] Total time:     217.33 min
[20260602 01:17:29 @multi_agent_runner.py:120] Agent_0 gets eval reward: 0.00.
[20260602 01:17:29 @multi_agent_runner.py:121] Agent_0 gets win rate: 0.00.
[20260602 01:17:29 @multi_agent_runner.py:120] Agent_1 gets eval reward: 0.00.
[20260602 01:17:29 @multi_agent_runner.py:121] Agent_1 gets win rate: 0.00.
[20260602 01:17:29 @multi_agent_runner.py:79] #------------------------ Iteration 566 --------------------------#
[20260602 01:17:41 @multi_agent_runner.py:85] Sampling 50000 steps by 50 slaves, spending 11.78 s.
[20260602 01:17:49 @multi_agent_runner.py:94] Policy update, spending: 8.77 s.
[20260602 01:17:51 @multi_agent_runner.py:99] Evaluation time: 1.55 s.
[20260602 01:17:51 @multi_agent_runner.py:105] Total time:     217.70 min
[20260602 01:17:51 @multi_agent_runner.py:120] Agent_0 gets eval reward: 200.00.
[20260602 01:17:51 @multi_agent_runner.py:121] Agent_0 gets win rate: 0.20.
[20260602 01:17:51 @multi_agent_runner.py:120] Agent_1 gets eval reward: -200.00.
[20260602 01:17:51 @multi_agent_runner.py:121] Agent_1 gets win rate: 0.00.
[20260602 01:17:51 @multi_agent_runner.py:79] #------------------------ Iteration 567 --------------------------#
[20260602 01:18:03 @multi_agent_runner.py:85] Sampling 50000 steps by 50 slaves, spending 11.61 s.
[20260602 01:18:12 @multi_agent_runner.py:94] Policy update, spending: 9.26 s.
[20260602 01:18:13 @multi_agent_runner.py:99] Evaluation time: 1.41 s.
[20260602 01:18:13 @multi_agent_runner.py:105] Total time:     218.07 min
[20260602 01:18:13 @multi_agent_runner.py:120] Agent_0 gets eval reward: 0.00.
[20260602 01:18:13 @multi_agent_runner.py:121] Agent_0 gets win rate: 0.00.
[20260602 01:18:13 @multi_agent_runner.py:120] Agent_1 gets eval reward: 0.00.
[20260602 01:18:13 @multi_agent_runner.py:121] Agent_1 gets win rate: 0.00.
[20260602 01:18:13 @multi_agent_runner.py:79] #------------------------ Iteration 568 --------------------------#
[20260602 01:18:25 @multi_agent_runner.py:85] Sampling 50000 steps by 50 slaves, spending 11.82 s.
[20260602 01:18:34 @multi_agent_runner.py:94] Policy update, spending: 8.84 s.
[20260602 01:18:36 @multi_agent_runner.py:99] Evaluation time: 1.39 s.
[20260602 01:18:36 @multi_agent_runner.py:105] Total time:     218.44 min
[20260602 01:18:36 @multi_agent_runner.py:120] Agent_0 gets eval reward: 142.86.
[20260602 01:18:36 @multi_agent_runner.py:121] Agent_0 gets win rate: 0.14.
[20260602 01:18:36 @multi_agent_runner.py:120] Agent_1 gets eval reward: -142.86.
[20260602 01:18:36 @multi_agent_runner.py:121] Agent_1 gets win rate: 0.00.
[20260602 01:18:36 @multi_agent_runner.py:79] #------------------------ Iteration 569 --------------------------#
[20260602 01:18:47 @multi_agent_runner.py:85] Sampling 50000 steps by 50 slaves, spending 11.70 s.
[20260602 01:18:56 @multi_agent_runner.py:94] Policy update, spending: 8.88 s.
[20260602 01:18:58 @multi_agent_runner.py:99] Evaluation time: 1.47 s.
[20260602 01:18:58 @multi_agent_runner.py:105] Total time:     218.81 min
[20260602 01:18:58 @multi_agent_runner.py:120] Agent_0 gets eval reward: 0.00.
[20260602 01:18:58 @multi_agent_runner.py:121] Agent_0 gets win rate: 0.00.
[20260602 01:18:58 @multi_agent_runner.py:120] Agent_1 gets eval reward: 0.00.
[20260602 01:18:58 @multi_agent_runner.py:121] Agent_1 gets win rate: 0.00.
[20260602 01:18:58 @multi_agent_runner.py:79] #------------------------ Iteration 570 --------------------------#
[20260602 01:19:10 @multi_agent_runner.py:85] Sampling 50000 steps by 50 slaves, spending 11.88 s.
[20260602 01:19:19 @multi_agent_runner.py:94] Policy update, spending: 8.96 s.
[20260602 01:19:21 @multi_agent_runner.py:99] Evaluation time: 1.91 s.
[20260602 01:19:21 @multi_agent_runner.py:105] Total time:     219.19 min
[20260602 01:19:21 @multi_agent_runner.py:120] Agent_0 gets eval reward: 0.00.
[20260602 01:19:21 @multi_agent_runner.py:121] Agent_0 gets win rate: 0.00.
[20260602 01:19:21 @multi_agent_runner.py:120] Agent_1 gets eval reward: 0.00.
[20260602 01:19:21 @multi_agent_runner.py:121] Agent_1 gets win rate: 0.00.
[20260602 01:19:21 @multi_agent_runner.py:79] #------------------------ Iteration 571 --------------------------#
[20260602 01:19:33 @multi_agent_runner.py:85] Sampling 50000 steps by 50 slaves, spending 12.28 s.
[20260602 01:19:42 @multi_agent_runner.py:94] Policy update, spending: 9.06 s.
[20260602 01:19:43 @multi_agent_runner.py:99] Evaluation time: 1.42 s.
[20260602 01:19:43 @multi_agent_runner.py:105] Total time:     219.58 min
[20260602 01:19:44 @multi_agent_runner.py:120] Agent_0 gets eval reward: -166.67.
[20260602 01:19:44 @multi_agent_runner.py:121] Agent_0 gets win rate: 0.00.
[20260602 01:19:44 @multi_agent_runner.py:120] Agent_1 gets eval reward: 166.67.
[20260602 01:19:44 @multi_agent_runner.py:121] Agent_1 gets win rate: 0.17.
[20260602 01:19:44 @multi_agent_runner.py:79] #------------------------ Iteration 572 --------------------------#
[20260602 01:19:56 @multi_agent_runner.py:85] Sampling 50000 steps by 50 slaves, spending 12.09 s.
[20260602 01:20:05 @multi_agent_runner.py:94] Policy update, spending: 9.01 s.
[20260602 01:20:06 @multi_agent_runner.py:99] Evaluation time: 1.59 s.
[20260602 01:20:06 @multi_agent_runner.py:105] Total time:     219.96 min
[20260602 01:20:06 @multi_agent_runner.py:120] Agent_0 gets eval reward: 0.00.
[20260602 01:20:06 @multi_agent_runner.py:121] Agent_0 gets win rate: 0.00.
[20260602 01:20:06 @multi_agent_runner.py:120] Agent_1 gets eval reward: 0.00.
[20260602 01:20:06 @multi_agent_runner.py:121] Agent_1 gets win rate: 0.00.
[20260602 01:20:06 @multi_agent_runner.py:79] #------------------------ Iteration 573 --------------------------#
[20260602 01:20:18 @multi_agent_runner.py:85] Sampling 50000 steps by 50 slaves, spending 11.58 s.
[20260602 01:20:27 @multi_agent_runner.py:94] Policy update, spending: 9.12 s.
[20260602 01:20:29 @multi_agent_runner.py:99] Evaluation time: 1.35 s.
[20260602 01:20:29 @multi_agent_runner.py:105] Total time:     220.33 min
[20260602 01:20:29 @multi_agent_runner.py:120] Agent_0 gets eval reward: 0.00.
[20260602 01:20:29 @multi_agent_runner.py:121] Agent_0 gets win rate: 0.00.
[20260602 01:20:29 @multi_agent_runner.py:120] Agent_1 gets eval reward: 0.00.
[20260602 01:20:29 @multi_agent_runner.py:121] Agent_1 gets win rate: 0.00.
[20260602 01:20:29 @multi_agent_runner.py:79] #------------------------ Iteration 574 --------------------------#
[20260602 01:20:41 @multi_agent_runner.py:85] Sampling 50000 steps by 50 slaves, spending 12.16 s.
[20260602 01:20:50 @multi_agent_runner.py:94] Policy update, spending: 9.03 s.
[20260602 01:20:51 @multi_agent_runner.py:99] Evaluation time: 1.61 s.
[20260602 01:20:51 @multi_agent_runner.py:105] Total time:     220.71 min
[20260602 01:20:52 @multi_agent_runner.py:120] Agent_0 gets eval reward: 0.00.
[20260602 01:20:52 @multi_agent_runner.py:121] Agent_0 gets win rate: 0.20.
[20260602 01:20:52 @multi_agent_runner.py:120] Agent_1 gets eval reward: 0.00.
[20260602 01:20:52 @multi_agent_runner.py:121] Agent_1 gets win rate: 0.20.
[20260602 01:20:52 @multi_agent_runner.py:79] #------------------------ Iteration 575 --------------------------#
[20260602 01:21:03 @multi_agent_runner.py:85] Sampling 50000 steps by 50 slaves, spending 11.54 s.
[20260602 01:21:13 @multi_agent_runner.py:94] Policy update, spending: 9.59 s.
[20260602 01:21:14 @multi_agent_runner.py:99] Evaluation time: 1.46 s.
[20260602 01:21:14 @multi_agent_runner.py:105] Total time:     221.09 min
[20260602 01:21:14 @multi_agent_runner.py:120] Agent_0 gets eval reward: -250.00.
[20260602 01:21:14 @multi_agent_runner.py:121] Agent_0 gets win rate: 0.00.
[20260602 01:21:14 @multi_agent_runner.py:120] Agent_1 gets eval reward: 250.00.
[20260602 01:21:14 @multi_agent_runner.py:121] Agent_1 gets win rate: 0.25.
[20260602 01:21:14 @multi_agent_runner.py:79] #------------------------ Iteration 576 --------------------------#
[20260602 01:21:27 @multi_agent_runner.py:85] Sampling 50000 steps by 50 slaves, spending 12.17 s.
[20260602 01:21:36 @multi_agent_runner.py:94] Policy update, spending: 9.36 s.
[20260602 01:21:37 @multi_agent_runner.py:99] Evaluation time: 1.42 s.
[20260602 01:21:37 @multi_agent_runner.py:105] Total time:     221.47 min
[20260602 01:21:37 @multi_agent_runner.py:120] Agent_0 gets eval reward: 200.00.
[20260602 01:21:37 @multi_agent_runner.py:121] Agent_0 gets win rate: 0.20.
[20260602 01:21:37 @multi_agent_runner.py:120] Agent_1 gets eval reward: -200.00.
[20260602 01:21:37 @multi_agent_runner.py:121] Agent_1 gets win rate: 0.00.
[20260602 01:21:37 @multi_agent_runner.py:79] #------------------------ Iteration 577 --------------------------#
[20260602 01:21:49 @multi_agent_runner.py:85] Sampling 50000 steps by 50 slaves, spending 11.64 s.
[20260602 01:21:58 @multi_agent_runner.py:94] Policy update, spending: 8.74 s.
[20260602 01:21:59 @multi_agent_runner.py:99] Evaluation time: 1.54 s.
[20260602 01:21:59 @multi_agent_runner.py:105] Total time:     221.84 min
[20260602 01:21:59 @multi_agent_runner.py:120] Agent_0 gets eval reward: 0.00.
[20260602 01:21:59 @multi_agent_runner.py:121] Agent_0 gets win rate: 0.00.
[20260602 01:21:59 @multi_agent_runner.py:120] Agent_1 gets eval reward: 0.00.
[20260602 01:21:59 @multi_agent_runner.py:121] Agent_1 gets win rate: 0.00.
[20260602 01:22:00 @multi_agent_runner.py:79] #------------------------ Iteration 578 --------------------------#
[20260602 01:22:11 @multi_agent_runner.py:85] Sampling 50000 steps by 50 slaves, spending 11.78 s.
[20260602 01:22:20 @multi_agent_runner.py:94] Policy update, spending: 8.93 s.
[20260602 01:22:22 @multi_agent_runner.py:99] Evaluation time: 1.42 s.
[20260602 01:22:22 @multi_agent_runner.py:105] Total time:     222.21 min
[20260602 01:22:22 @multi_agent_runner.py:120] Agent_0 gets eval reward: 0.00.
[20260602 01:22:22 @multi_agent_runner.py:121] Agent_0 gets win rate: 0.00.
[20260602 01:22:22 @multi_agent_runner.py:120] Agent_1 gets eval reward: 0.00.
[20260602 01:22:22 @multi_agent_runner.py:121] Agent_1 gets win rate: 0.00.
[20260602 01:22:22 @multi_agent_runner.py:79] #------------------------ Iteration 579 --------------------------#
[20260602 01:22:34 @multi_agent_runner.py:85] Sampling 50000 steps by 50 slaves, spending 11.92 s.
[20260602 01:22:43 @multi_agent_runner.py:94] Policy update, spending: 8.87 s.
[20260602 01:22:44 @multi_agent_runner.py:99] Evaluation time: 1.54 s.
[20260602 01:22:44 @multi_agent_runner.py:105] Total time:     222.59 min
[20260602 01:22:44 @multi_agent_runner.py:120] Agent_0 gets eval reward: 0.00.
[20260602 01:22:44 @multi_agent_runner.py:121] Agent_0 gets win rate: 0.00.
[20260602 01:22:44 @multi_agent_runner.py:120] Agent_1 gets eval reward: 0.00.
[20260602 01:22:44 @multi_agent_runner.py:121] Agent_1 gets win rate: 0.00.
[20260602 01:22:44 @multi_agent_runner.py:79] #------------------------ Iteration 580 --------------------------#
[20260602 01:22:56 @multi_agent_runner.py:85] Sampling 50000 steps by 50 slaves, spending 11.63 s.
[20260602 01:23:05 @multi_agent_runner.py:94] Policy update, spending: 9.17 s.
[20260602 01:23:06 @multi_agent_runner.py:99] Evaluation time: 1.41 s.
[20260602 01:23:06 @multi_agent_runner.py:105] Total time:     222.96 min
[20260602 01:23:07 @multi_agent_runner.py:120] Agent_0 gets eval reward: -333.33.
[20260602 01:23:07 @multi_agent_runner.py:121] Agent_0 gets win rate: 0.00.
[20260602 01:23:07 @multi_agent_runner.py:120] Agent_1 gets eval reward: 333.33.
[20260602 01:23:07 @multi_agent_runner.py:121] Agent_1 gets win rate: 0.33.
[20260602 01:23:07 @multi_agent_runner.py:79] #------------------------ Iteration 581 --------------------------#
[20260602 01:23:18 @multi_agent_runner.py:85] Sampling 50000 steps by 50 slaves, spending 11.86 s.
[20260602 01:23:28 @multi_agent_runner.py:94] Policy update, spending: 9.08 s.
[20260602 01:23:29 @multi_agent_runner.py:99] Evaluation time: 1.73 s.
[20260602 01:23:29 @multi_agent_runner.py:105] Total time:     223.34 min
[20260602 01:23:29 @multi_agent_runner.py:120] Agent_0 gets eval reward: -166.67.
[20260602 01:23:29 @multi_agent_runner.py:121] Agent_0 gets win rate: 0.00.
[20260602 01:23:29 @multi_agent_runner.py:120] Agent_1 gets eval reward: 166.67.
[20260602 01:23:29 @multi_agent_runner.py:121] Agent_1 gets win rate: 0.17.
[20260602 01:23:29 @multi_agent_runner.py:79] #------------------------ Iteration 582 --------------------------#
[20260602 01:23:41 @multi_agent_runner.py:85] Sampling 50000 steps by 50 slaves, spending 11.65 s.
[20260602 01:23:50 @multi_agent_runner.py:94] Policy update, spending: 8.91 s.
[20260602 01:23:52 @multi_agent_runner.py:99] Evaluation time: 1.48 s.
[20260602 01:23:52 @multi_agent_runner.py:105] Total time:     223.71 min
[20260602 01:23:52 @multi_agent_runner.py:120] Agent_0 gets eval reward: 0.00.
[20260602 01:23:52 @multi_agent_runner.py:121] Agent_0 gets win rate: 0.00.
[20260602 01:23:52 @multi_agent_runner.py:120] Agent_1 gets eval reward: 0.00.
[20260602 01:23:52 @multi_agent_runner.py:121] Agent_1 gets win rate: 0.00.
[20260602 01:23:52 @multi_agent_runner.py:79] #------------------------ Iteration 583 --------------------------#
[20260602 01:24:04 @multi_agent_runner.py:85] Sampling 50000 steps by 50 slaves, spending 11.96 s.
[20260602 01:24:13 @multi_agent_runner.py:94] Policy update, spending: 9.06 s.
[20260602 01:24:14 @multi_agent_runner.py:99] Evaluation time: 1.43 s.
[20260602 01:24:14 @multi_agent_runner.py:105] Total time:     224.09 min
[20260602 01:24:14 @multi_agent_runner.py:120] Agent_0 gets eval reward: 0.00.
[20260602 01:24:14 @multi_agent_runner.py:121] Agent_0 gets win rate: 0.00.
[20260602 01:24:14 @multi_agent_runner.py:120] Agent_1 gets eval reward: 0.00.
[20260602 01:24:14 @multi_agent_runner.py:121] Agent_1 gets win rate: 0.00.
[20260602 01:24:14 @multi_agent_runner.py:79] #------------------------ Iteration 584 --------------------------#
[20260602 01:24:26 @multi_agent_runner.py:85] Sampling 50000 steps by 50 slaves, spending 11.87 s.
[20260602 01:24:35 @multi_agent_runner.py:94] Policy update, spending: 8.88 s.
[20260602 01:24:36 @multi_agent_runner.py:99] Evaluation time: 1.41 s.
[20260602 01:24:36 @multi_agent_runner.py:105] Total time:     224.46 min
[20260602 01:24:36 @multi_agent_runner.py:120] Agent_0 gets eval reward: 0.00.
[20260602 01:24:36 @multi_agent_runner.py:121] Agent_0 gets win rate: 0.00.
[20260602 01:24:36 @multi_agent_runner.py:120] Agent_1 gets eval reward: 0.00.
[20260602 01:24:36 @multi_agent_runner.py:121] Agent_1 gets win rate: 0.00.
[20260602 01:24:37 @multi_agent_runner.py:79] #------------------------ Iteration 585 --------------------------#
[20260602 01:24:48 @multi_agent_runner.py:85] Sampling 50000 steps by 50 slaves, spending 11.63 s.
[20260602 01:24:57 @multi_agent_runner.py:94] Policy update, spending: 9.17 s.
[20260602 01:24:59 @multi_agent_runner.py:99] Evaluation time: 1.52 s.
[20260602 01:24:59 @multi_agent_runner.py:105] Total time:     224.83 min
[20260602 01:24:59 @multi_agent_runner.py:120] Agent_0 gets eval reward: 0.00.
[20260602 01:24:59 @multi_agent_runner.py:121] Agent_0 gets win rate: 0.00.
[20260602 01:24:59 @multi_agent_runner.py:120] Agent_1 gets eval reward: 0.00.
[20260602 01:24:59 @multi_agent_runner.py:121] Agent_1 gets win rate: 0.00.
[20260602 01:24:59 @multi_agent_runner.py:79] #------------------------ Iteration 586 --------------------------#
[20260602 01:25:11 @multi_agent_runner.py:85] Sampling 50000 steps by 50 slaves, spending 11.70 s.
[20260602 01:25:20 @multi_agent_runner.py:94] Policy update, spending: 9.13 s.
[20260602 01:25:21 @multi_agent_runner.py:99] Evaluation time: 1.50 s.
[20260602 01:25:21 @multi_agent_runner.py:105] Total time:     225.21 min
[20260602 01:25:21 @multi_agent_runner.py:120] Agent_0 gets eval reward: 166.67.
[20260602 01:25:21 @multi_agent_runner.py:121] Agent_0 gets win rate: 0.17.
[20260602 01:25:21 @multi_agent_runner.py:120] Agent_1 gets eval reward: -166.67.
[20260602 01:25:21 @multi_agent_runner.py:121] Agent_1 gets win rate: 0.00.
[20260602 01:25:21 @multi_agent_runner.py:79] #------------------------ Iteration 587 --------------------------#
[20260602 01:25:33 @multi_agent_runner.py:85] Sampling 50000 steps by 50 slaves, spending 11.48 s.
[20260602 01:25:42 @multi_agent_runner.py:94] Policy update, spending: 8.62 s.
[20260602 01:25:43 @multi_agent_runner.py:99] Evaluation time: 1.73 s.
[20260602 01:25:43 @multi_agent_runner.py:105] Total time:     225.57 min
[20260602 01:25:43 @multi_agent_runner.py:120] Agent_0 gets eval reward: -125.00.
[20260602 01:25:43 @multi_agent_runner.py:121] Agent_0 gets win rate: 0.00.
[20260602 01:25:43 @multi_agent_runner.py:120] Agent_1 gets eval reward: 125.00.
[20260602 01:25:43 @multi_agent_runner.py:121] Agent_1 gets win rate: 0.12.
[20260602 01:25:43 @multi_agent_runner.py:79] #------------------------ Iteration 588 --------------------------#
[20260602 01:25:55 @multi_agent_runner.py:85] Sampling 50000 steps by 50 slaves, spending 11.91 s.
[20260602 01:26:05 @multi_agent_runner.py:94] Policy update, spending: 9.30 s.
[20260602 01:26:06 @multi_agent_runner.py:99] Evaluation time: 1.28 s.
[20260602 01:26:06 @multi_agent_runner.py:105] Total time:     225.95 min
[20260602 01:26:06 @multi_agent_runner.py:120] Agent_0 gets eval reward: 0.00.
[20260602 01:26:06 @multi_agent_runner.py:121] Agent_0 gets win rate: 0.00.
[20260602 01:26:06 @multi_agent_runner.py:120] Agent_1 gets eval reward: 0.00.
[20260602 01:26:06 @multi_agent_runner.py:121] Agent_1 gets win rate: 0.00.
[20260602 01:26:06 @multi_agent_runner.py:79] #------------------------ Iteration 589 --------------------------#
[20260602 01:26:18 @multi_agent_runner.py:85] Sampling 50000 steps by 50 slaves, spending 11.58 s.
[20260602 01:26:27 @multi_agent_runner.py:94] Policy update, spending: 8.90 s.
[20260602 01:26:28 @multi_agent_runner.py:99] Evaluation time: 1.45 s.
[20260602 01:26:28 @multi_agent_runner.py:105] Total time:     226.32 min
[20260602 01:26:28 @multi_agent_runner.py:120] Agent_0 gets eval reward: -166.67.
[20260602 01:26:28 @multi_agent_runner.py:121] Agent_0 gets win rate: 0.00.
[20260602 01:26:28 @multi_agent_runner.py:120] Agent_1 gets eval reward: 166.67.
[20260602 01:26:28 @multi_agent_runner.py:121] Agent_1 gets win rate: 0.17.
[20260602 01:26:28 @multi_agent_runner.py:79] #------------------------ Iteration 590 --------------------------#
[20260602 01:26:40 @multi_agent_runner.py:85] Sampling 50000 steps by 50 slaves, spending 11.40 s.
[20260602 01:26:49 @multi_agent_runner.py:94] Policy update, spending: 9.22 s.
[20260602 01:26:50 @multi_agent_runner.py:99] Evaluation time: 1.44 s.
[20260602 01:26:50 @multi_agent_runner.py:105] Total time:     226.69 min
[20260602 01:26:50 @multi_agent_runner.py:120] Agent_0 gets eval reward: 0.00.
[20260602 01:26:50 @multi_agent_runner.py:121] Agent_0 gets win rate: 0.00.
[20260602 01:26:50 @multi_agent_runner.py:120] Agent_1 gets eval reward: 0.00.
[20260602 01:26:50 @multi_agent_runner.py:121] Agent_1 gets win rate: 0.00.
[20260602 01:26:50 @multi_agent_runner.py:79] #------------------------ Iteration 591 --------------------------#
[20260602 01:27:02 @multi_agent_runner.py:85] Sampling 50000 steps by 50 slaves, spending 11.39 s.
[20260602 01:27:11 @multi_agent_runner.py:94] Policy update, spending: 9.01 s.
[20260602 01:27:13 @multi_agent_runner.py:99] Evaluation time: 1.92 s.
[20260602 01:27:13 @multi_agent_runner.py:105] Total time:     227.06 min
[20260602 01:27:13 @multi_agent_runner.py:120] Agent_0 gets eval reward: -200.00.
[20260602 01:27:13 @multi_agent_runner.py:121] Agent_0 gets win rate: 0.00.
[20260602 01:27:13 @multi_agent_runner.py:120] Agent_1 gets eval reward: 200.00.
[20260602 01:27:13 @multi_agent_runner.py:121] Agent_1 gets win rate: 0.20.
[20260602 01:27:13 @multi_agent_runner.py:79] #------------------------ Iteration 592 --------------------------#
[20260602 01:27:24 @multi_agent_runner.py:85] Sampling 50000 steps by 50 slaves, spending 11.61 s.
[20260602 01:27:33 @multi_agent_runner.py:94] Policy update, spending: 9.02 s.
[20260602 01:27:35 @multi_agent_runner.py:99] Evaluation time: 1.53 s.
[20260602 01:27:35 @multi_agent_runner.py:105] Total time:     227.43 min
[20260602 01:27:35 @multi_agent_runner.py:120] Agent_0 gets eval reward: -142.86.
[20260602 01:27:35 @multi_agent_runner.py:121] Agent_0 gets win rate: 0.00.
[20260602 01:27:35 @multi_agent_runner.py:120] Agent_1 gets eval reward: 142.86.
[20260602 01:27:35 @multi_agent_runner.py:121] Agent_1 gets win rate: 0.14.
[20260602 01:27:35 @multi_agent_runner.py:79] #------------------------ Iteration 593 --------------------------#
[20260602 01:27:47 @multi_agent_runner.py:85] Sampling 50000 steps by 50 slaves, spending 12.00 s.
[20260602 01:27:56 @multi_agent_runner.py:94] Policy update, spending: 8.97 s.
[20260602 01:27:58 @multi_agent_runner.py:99] Evaluation time: 1.55 s.
[20260602 01:27:58 @multi_agent_runner.py:105] Total time:     227.81 min
[20260602 01:27:58 @multi_agent_runner.py:120] Agent_0 gets eval reward: 166.67.
[20260602 01:27:58 @multi_agent_runner.py:121] Agent_0 gets win rate: 0.17.
[20260602 01:27:58 @multi_agent_runner.py:120] Agent_1 gets eval reward: -166.67.
[20260602 01:27:58 @multi_agent_runner.py:121] Agent_1 gets win rate: 0.00.
[20260602 01:27:58 @multi_agent_runner.py:79] #------------------------ Iteration 594 --------------------------#
[20260602 01:28:09 @multi_agent_runner.py:85] Sampling 50000 steps by 50 slaves, spending 11.61 s.
[20260602 01:28:18 @multi_agent_runner.py:94] Policy update, spending: 8.80 s.
[20260602 01:28:20 @multi_agent_runner.py:99] Evaluation time: 1.35 s.
[20260602 01:28:20 @multi_agent_runner.py:105] Total time:     228.18 min
[20260602 01:28:20 @multi_agent_runner.py:120] Agent_0 gets eval reward: 0.00.
[20260602 01:28:20 @multi_agent_runner.py:121] Agent_0 gets win rate: 0.00.
[20260602 01:28:20 @multi_agent_runner.py:120] Agent_1 gets eval reward: 0.00.
[20260602 01:28:20 @multi_agent_runner.py:121] Agent_1 gets win rate: 0.00.
[20260602 01:28:20 @multi_agent_runner.py:79] #------------------------ Iteration 595 --------------------------#
[20260602 01:28:32 @multi_agent_runner.py:85] Sampling 50000 steps by 50 slaves, spending 11.83 s.
[20260602 01:28:40 @multi_agent_runner.py:94] Policy update, spending: 8.63 s.
[20260602 01:28:42 @multi_agent_runner.py:99] Evaluation time: 1.55 s.
[20260602 01:28:42 @multi_agent_runner.py:105] Total time:     228.55 min
[20260602 01:28:42 @multi_agent_runner.py:120] Agent_0 gets eval reward: 0.00.
[20260602 01:28:42 @multi_agent_runner.py:121] Agent_0 gets win rate: 0.00.
[20260602 01:28:42 @multi_agent_runner.py:120] Agent_1 gets eval reward: 0.00.
[20260602 01:28:42 @multi_agent_runner.py:121] Agent_1 gets win rate: 0.00.
[20260602 01:28:42 @multi_agent_runner.py:79] #------------------------ Iteration 596 --------------------------#
[20260602 01:28:54 @multi_agent_runner.py:85] Sampling 50000 steps by 50 slaves, spending 11.91 s.
[20260602 01:29:02 @multi_agent_runner.py:94] Policy update, spending: 8.73 s.
[20260602 01:29:04 @multi_agent_runner.py:99] Evaluation time: 1.54 s.
[20260602 01:29:04 @multi_agent_runner.py:105] Total time:     228.92 min
[20260602 01:29:04 @multi_agent_runner.py:120] Agent_0 gets eval reward: 0.00.
[20260602 01:29:04 @multi_agent_runner.py:121] Agent_0 gets win rate: 0.00.
[20260602 01:29:04 @multi_agent_runner.py:120] Agent_1 gets eval reward: 0.00.
[20260602 01:29:04 @multi_agent_runner.py:121] Agent_1 gets win rate: 0.00.
[20260602 01:29:04 @multi_agent_runner.py:79] #------------------------ Iteration 597 --------------------------#
[20260602 01:29:16 @multi_agent_runner.py:85] Sampling 50000 steps by 50 slaves, spending 11.74 s.
[20260602 01:29:25 @multi_agent_runner.py:94] Policy update, spending: 8.98 s.
[20260602 01:29:26 @multi_agent_runner.py:99] Evaluation time: 1.31 s.
[20260602 01:29:26 @multi_agent_runner.py:105] Total time:     229.29 min
[20260602 01:29:26 @multi_agent_runner.py:120] Agent_0 gets eval reward: 333.33.
[20260602 01:29:26 @multi_agent_runner.py:121] Agent_0 gets win rate: 0.33.
[20260602 01:29:26 @multi_agent_runner.py:120] Agent_1 gets eval reward: -333.33.
[20260602 01:29:26 @multi_agent_runner.py:121] Agent_1 gets win rate: 0.00.
[20260602 01:29:26 @multi_agent_runner.py:79] #------------------------ Iteration 598 --------------------------#
[20260602 01:29:38 @multi_agent_runner.py:85] Sampling 50000 steps by 50 slaves, spending 11.56 s.
[20260602 01:29:47 @multi_agent_runner.py:94] Policy update, spending: 9.06 s.
[20260602 01:29:49 @multi_agent_runner.py:99] Evaluation time: 1.71 s.
[20260602 01:29:49 @multi_agent_runner.py:105] Total time:     229.66 min
[20260602 01:29:49 @multi_agent_runner.py:120] Agent_0 gets eval reward: 0.00.
[20260602 01:29:49 @multi_agent_runner.py:121] Agent_0 gets win rate: 0.00.
[20260602 01:29:49 @multi_agent_runner.py:120] Agent_1 gets eval reward: 0.00.
[20260602 01:29:49 @multi_agent_runner.py:121] Agent_1 gets win rate: 0.00.
[20260602 01:29:49 @multi_agent_runner.py:79] #------------------------ Iteration 599 --------------------------#
[20260602 01:30:01 @multi_agent_runner.py:85] Sampling 50000 steps by 50 slaves, spending 11.75 s.
[20260602 01:30:10 @multi_agent_runner.py:94] Policy update, spending: 9.08 s.
[20260602 01:30:11 @multi_agent_runner.py:99] Evaluation time: 1.85 s.
[20260602 01:30:11 @multi_agent_runner.py:105] Total time:     230.04 min
[20260602 01:30:12 @multi_agent_runner.py:120] Agent_0 gets eval reward: 0.00.
[20260602 01:30:12 @multi_agent_runner.py:121] Agent_0 gets win rate: 0.00.
[20260602 01:30:12 @multi_agent_runner.py:120] Agent_1 gets eval reward: 0.00.
[20260602 01:30:12 @multi_agent_runner.py:121] Agent_1 gets win rate: 0.00.
[20260602 01:30:12 @multi_agent_runner.py:79] #------------------------ Iteration 600 --------------------------#
[20260602 01:30:23 @multi_agent_runner.py:85] Sampling 50000 steps by 50 slaves, spending 11.72 s.
[20260602 01:30:32 @multi_agent_runner.py:94] Policy update, spending: 8.69 s.
[20260602 01:30:34 @multi_agent_runner.py:99] Evaluation time: 1.50 s.
[20260602 01:30:34 @multi_agent_runner.py:105] Total time:     230.41 min
[20260602 01:30:34 @multi_agent_runner.py:120] Agent_0 gets eval reward: -142.86.
[20260602 01:30:34 @multi_agent_runner.py:121] Agent_0 gets win rate: 0.00.
[20260602 01:30:34 @multi_agent_runner.py:120] Agent_1 gets eval reward: 142.86.
[20260602 01:30:34 @multi_agent_runner.py:121] Agent_1 gets win rate: 0.14.
[20260602 01:30:34 @multi_agent_runner.py:79] #------------------------ Iteration 601 --------------------------#
[20260602 01:30:46 @multi_agent_runner.py:85] Sampling 50000 steps by 50 slaves, spending 11.95 s.
[20260602 01:30:54 @multi_agent_runner.py:94] Policy update, spending: 8.65 s.
[20260602 01:30:56 @multi_agent_runner.py:99] Evaluation time: 1.35 s.
[20260602 01:30:56 @multi_agent_runner.py:105] Total time:     230.78 min
[20260602 01:30:56 @multi_agent_runner.py:120] Agent_0 gets eval reward: -200.00.
[20260602 01:30:56 @multi_agent_runner.py:121] Agent_0 gets win rate: 0.00.
[20260602 01:30:56 @multi_agent_runner.py:120] Agent_1 gets eval reward: 200.00.
[20260602 01:30:56 @multi_agent_runner.py:121] Agent_1 gets win rate: 0.20.
[20260602 01:30:56 @multi_agent_runner.py:79] #------------------------ Iteration 602 --------------------------#
[20260602 01:31:08 @multi_agent_runner.py:85] Sampling 50000 steps by 50 slaves, spending 12.23 s.
[20260602 01:31:18 @multi_agent_runner.py:94] Policy update, spending: 9.50 s.
[20260602 01:31:19 @multi_agent_runner.py:99] Evaluation time: 1.31 s.
[20260602 01:31:19 @multi_agent_runner.py:105] Total time:     231.16 min
[20260602 01:31:19 @multi_agent_runner.py:120] Agent_0 gets eval reward: 0.00.
[20260602 01:31:19 @multi_agent_runner.py:121] Agent_0 gets win rate: 0.00.
[20260602 01:31:19 @multi_agent_runner.py:120] Agent_1 gets eval reward: 0.00.
[20260602 01:31:19 @multi_agent_runner.py:121] Agent_1 gets win rate: 0.00.
[20260602 01:31:19 @multi_agent_runner.py:79] #------------------------ Iteration 603 --------------------------#
[20260602 01:31:31 @multi_agent_runner.py:85] Sampling 50000 steps by 50 slaves, spending 12.06 s.
[20260602 01:31:40 @multi_agent_runner.py:94] Policy update, spending: 8.89 s.
[20260602 01:31:41 @multi_agent_runner.py:99] Evaluation time: 1.45 s.
[20260602 01:31:41 @multi_agent_runner.py:105] Total time:     231.54 min
[20260602 01:31:41 @multi_agent_runner.py:120] Agent_0 gets eval reward: 0.00.
[20260602 01:31:41 @multi_agent_runner.py:121] Agent_0 gets win rate: 0.00.
[20260602 01:31:41 @multi_agent_runner.py:120] Agent_1 gets eval reward: 0.00.
[20260602 01:31:41 @multi_agent_runner.py:121] Agent_1 gets win rate: 0.00.
[20260602 01:31:42 @multi_agent_runner.py:79] #------------------------ Iteration 604 --------------------------#
[20260602 01:31:54 @multi_agent_runner.py:85] Sampling 50000 steps by 50 slaves, spending 12.23 s.
[20260602 01:32:03 @multi_agent_runner.py:94] Policy update, spending: 8.83 s.
[20260602 01:32:05 @multi_agent_runner.py:99] Evaluation time: 2.03 s.
[20260602 01:32:05 @multi_agent_runner.py:105] Total time:     231.93 min
[20260602 01:32:05 @multi_agent_runner.py:120] Agent_0 gets eval reward: 0.00.
[20260602 01:32:05 @multi_agent_runner.py:121] Agent_0 gets win rate: 0.00.
[20260602 01:32:05 @multi_agent_runner.py:120] Agent_1 gets eval reward: 0.00.
[20260602 01:32:05 @multi_agent_runner.py:121] Agent_1 gets win rate: 0.00.
[20260602 01:32:05 @multi_agent_runner.py:79] #------------------------ Iteration 605 --------------------------#
[20260602 01:32:17 @multi_agent_runner.py:85] Sampling 50000 steps by 50 slaves, spending 11.98 s.
[20260602 01:32:26 @multi_agent_runner.py:94] Policy update, spending: 9.20 s.
[20260602 01:32:27 @multi_agent_runner.py:99] Evaluation time: 1.47 s.
[20260602 01:32:27 @multi_agent_runner.py:105] Total time:     232.31 min
[20260602 01:32:27 @multi_agent_runner.py:120] Agent_0 gets eval reward: 400.00.
[20260602 01:32:27 @multi_agent_runner.py:121] Agent_0 gets win rate: 0.40.
[20260602 01:32:27 @multi_agent_runner.py:120] Agent_1 gets eval reward: -400.00.
[20260602 01:32:27 @multi_agent_runner.py:121] Agent_1 gets win rate: 0.00.
[20260602 01:32:28 @multi_agent_runner.py:79] #------------------------ Iteration 606 --------------------------#
[20260602 01:32:39 @multi_agent_runner.py:85] Sampling 50000 steps by 50 slaves, spending 11.35 s.
[20260602 01:32:48 @multi_agent_runner.py:94] Policy update, spending: 8.90 s.
[20260602 01:32:49 @multi_agent_runner.py:99] Evaluation time: 1.54 s.
[20260602 01:32:49 @multi_agent_runner.py:105] Total time:     232.67 min
[20260602 01:32:49 @multi_agent_runner.py:120] Agent_0 gets eval reward: -200.00.
[20260602 01:32:49 @multi_agent_runner.py:121] Agent_0 gets win rate: 0.00.
[20260602 01:32:49 @multi_agent_runner.py:120] Agent_1 gets eval reward: 200.00.
[20260602 01:32:49 @multi_agent_runner.py:121] Agent_1 gets win rate: 0.20.
[20260602 01:32:50 @multi_agent_runner.py:79] #------------------------ Iteration 607 --------------------------#
[20260602 01:33:01 @multi_agent_runner.py:85] Sampling 50000 steps by 50 slaves, spending 11.90 s.
[20260602 01:33:10 @multi_agent_runner.py:94] Policy update, spending: 8.97 s.
[20260602 01:33:12 @multi_agent_runner.py:99] Evaluation time: 1.58 s.
[20260602 01:33:12 @multi_agent_runner.py:105] Total time:     233.05 min
[20260602 01:33:12 @multi_agent_runner.py:120] Agent_0 gets eval reward: 166.67.
[20260602 01:33:12 @multi_agent_runner.py:121] Agent_0 gets win rate: 0.17.
[20260602 01:33:12 @multi_agent_runner.py:120] Agent_1 gets eval reward: -166.67.
[20260602 01:33:12 @multi_agent_runner.py:121] Agent_1 gets win rate: 0.00.
[20260602 01:33:12 @multi_agent_runner.py:79] #------------------------ Iteration 608 --------------------------#
[20260602 01:33:24 @multi_agent_runner.py:85] Sampling 50000 steps by 50 slaves, spending 11.97 s.
[20260602 01:33:33 @multi_agent_runner.py:94] Policy update, spending: 9.19 s.
[20260602 01:33:35 @multi_agent_runner.py:99] Evaluation time: 1.91 s.
[20260602 01:33:35 @multi_agent_runner.py:105] Total time:     233.44 min
[20260602 01:33:35 @multi_agent_runner.py:120] Agent_0 gets eval reward: 0.00.
[20260602 01:33:35 @multi_agent_runner.py:121] Agent_0 gets win rate: 0.00.
[20260602 01:33:35 @multi_agent_runner.py:120] Agent_1 gets eval reward: 0.00.
[20260602 01:33:35 @multi_agent_runner.py:121] Agent_1 gets win rate: 0.00.
[20260602 01:33:35 @multi_agent_runner.py:79] #------------------------ Iteration 609 --------------------------#
[20260602 01:33:47 @multi_agent_runner.py:85] Sampling 50000 steps by 50 slaves, spending 12.13 s.
[20260602 01:33:57 @multi_agent_runner.py:94] Policy update, spending: 9.27 s.
[20260602 01:33:58 @multi_agent_runner.py:99] Evaluation time: 1.42 s.
[20260602 01:33:58 @multi_agent_runner.py:105] Total time:     233.82 min
[20260602 01:33:58 @multi_agent_runner.py:120] Agent_0 gets eval reward: 0.00.
[20260602 01:33:58 @multi_agent_runner.py:121] Agent_0 gets win rate: 0.00.
[20260602 01:33:58 @multi_agent_runner.py:120] Agent_1 gets eval reward: 0.00.
[20260602 01:33:58 @multi_agent_runner.py:121] Agent_1 gets win rate: 0.00.
[20260602 01:33:58 @multi_agent_runner.py:79] #------------------------ Iteration 610 --------------------------#
[20260602 01:34:10 @multi_agent_runner.py:85] Sampling 50000 steps by 50 slaves, spending 12.04 s.
[20260602 01:34:19 @multi_agent_runner.py:94] Policy update, spending: 9.08 s.
[20260602 01:34:21 @multi_agent_runner.py:99] Evaluation time: 1.45 s.
[20260602 01:34:21 @multi_agent_runner.py:105] Total time:     234.20 min
[20260602 01:34:21 @multi_agent_runner.py:120] Agent_0 gets eval reward: 0.00.
[20260602 01:34:21 @multi_agent_runner.py:121] Agent_0 gets win rate: 0.00.
[20260602 01:34:21 @multi_agent_runner.py:120] Agent_1 gets eval reward: 0.00.
[20260602 01:34:21 @multi_agent_runner.py:121] Agent_1 gets win rate: 0.00.
[20260602 01:34:21 @multi_agent_runner.py:79] #------------------------ Iteration 611 --------------------------#
[20260602 01:34:33 @multi_agent_runner.py:85] Sampling 50000 steps by 50 slaves, spending 12.18 s.
[20260602 01:34:42 @multi_agent_runner.py:94] Policy update, spending: 9.02 s.
[20260602 01:34:44 @multi_agent_runner.py:99] Evaluation time: 1.58 s.
[20260602 01:34:44 @multi_agent_runner.py:105] Total time:     234.58 min
[20260602 01:34:44 @multi_agent_runner.py:120] Agent_0 gets eval reward: 0.00.
[20260602 01:34:44 @multi_agent_runner.py:121] Agent_0 gets win rate: 0.00.
[20260602 01:34:44 @multi_agent_runner.py:120] Agent_1 gets eval reward: 0.00.
[20260602 01:34:44 @multi_agent_runner.py:121] Agent_1 gets win rate: 0.00.
[20260602 01:34:44 @multi_agent_runner.py:79] #------------------------ Iteration 612 --------------------------#
[20260602 01:34:56 @multi_agent_runner.py:85] Sampling 50000 steps by 50 slaves, spending 12.01 s.
[20260602 01:35:05 @multi_agent_runner.py:94] Policy update, spending: 9.09 s.
[20260602 01:35:07 @multi_agent_runner.py:99] Evaluation time: 1.52 s.
[20260602 01:35:07 @multi_agent_runner.py:105] Total time:     234.96 min
[20260602 01:35:07 @multi_agent_runner.py:120] Agent_0 gets eval reward: 0.00.
[20260602 01:35:07 @multi_agent_runner.py:121] Agent_0 gets win rate: 0.17.
[20260602 01:35:07 @multi_agent_runner.py:120] Agent_1 gets eval reward: 0.00.
[20260602 01:35:07 @multi_agent_runner.py:121] Agent_1 gets win rate: 0.17.
[20260602 01:35:07 @multi_agent_runner.py:79] #------------------------ Iteration 613 --------------------------#
[20260602 01:35:18 @multi_agent_runner.py:85] Sampling 50000 steps by 50 slaves, spending 11.41 s.
[20260602 01:35:27 @multi_agent_runner.py:94] Policy update, spending: 9.07 s.
[20260602 01:35:29 @multi_agent_runner.py:99] Evaluation time: 1.54 s.
[20260602 01:35:29 @multi_agent_runner.py:105] Total time:     235.33 min
[20260602 01:35:29 @multi_agent_runner.py:120] Agent_0 gets eval reward: 0.00.
[20260602 01:35:29 @multi_agent_runner.py:121] Agent_0 gets win rate: 0.00.
[20260602 01:35:29 @multi_agent_runner.py:120] Agent_1 gets eval reward: 0.00.
[20260602 01:35:29 @multi_agent_runner.py:121] Agent_1 gets win rate: 0.00.
[20260602 01:35:29 @multi_agent_runner.py:79] #------------------------ Iteration 614 --------------------------#
[20260602 01:35:41 @multi_agent_runner.py:85] Sampling 50000 steps by 50 slaves, spending 12.09 s.
[20260602 01:35:50 @multi_agent_runner.py:94] Policy update, spending: 9.34 s.
[20260602 01:35:52 @multi_agent_runner.py:99] Evaluation time: 1.34 s.
[20260602 01:35:52 @multi_agent_runner.py:105] Total time:     235.71 min
[20260602 01:35:52 @multi_agent_runner.py:120] Agent_0 gets eval reward: 0.00.
[20260602 01:35:52 @multi_agent_runner.py:121] Agent_0 gets win rate: 0.00.
[20260602 01:35:52 @multi_agent_runner.py:120] Agent_1 gets eval reward: 0.00.
[20260602 01:35:52 @multi_agent_runner.py:121] Agent_1 gets win rate: 0.00.
[20260602 01:35:52 @multi_agent_runner.py:79] #------------------------ Iteration 615 --------------------------#
[20260602 01:36:03 @multi_agent_runner.py:85] Sampling 50000 steps by 50 slaves, spending 11.55 s.
[20260602 01:36:12 @multi_agent_runner.py:94] Policy update, spending: 8.87 s.
[20260602 01:36:14 @multi_agent_runner.py:99] Evaluation time: 1.76 s.
[20260602 01:36:14 @multi_agent_runner.py:105] Total time:     236.08 min
[20260602 01:36:14 @multi_agent_runner.py:120] Agent_0 gets eval reward: 0.00.
[20260602 01:36:14 @multi_agent_runner.py:121] Agent_0 gets win rate: 0.00.
[20260602 01:36:14 @multi_agent_runner.py:120] Agent_1 gets eval reward: 0.00.
[20260602 01:36:14 @multi_agent_runner.py:121] Agent_1 gets win rate: 0.00.
[20260602 01:36:14 @multi_agent_runner.py:79] #------------------------ Iteration 616 --------------------------#
[20260602 01:36:26 @multi_agent_runner.py:85] Sampling 50000 steps by 50 slaves, spending 11.62 s.
[20260602 01:36:35 @multi_agent_runner.py:94] Policy update, spending: 8.95 s.
[20260602 01:36:36 @multi_agent_runner.py:99] Evaluation time: 1.44 s.
[20260602 01:36:36 @multi_agent_runner.py:105] Total time:     236.45 min
[20260602 01:36:36 @multi_agent_runner.py:120] Agent_0 gets eval reward: -142.86.
[20260602 01:36:36 @multi_agent_runner.py:121] Agent_0 gets win rate: 0.00.
[20260602 01:36:36 @multi_agent_runner.py:120] Agent_1 gets eval reward: 142.86.
[20260602 01:36:36 @multi_agent_runner.py:121] Agent_1 gets win rate: 0.14.
[20260602 01:36:36 @multi_agent_runner.py:79] #------------------------ Iteration 617 --------------------------#
[20260602 01:36:48 @multi_agent_runner.py:85] Sampling 50000 steps by 50 slaves, spending 12.23 s.
[20260602 01:36:58 @multi_agent_runner.py:94] Policy update, spending: 9.08 s.
[20260602 01:36:59 @multi_agent_runner.py:99] Evaluation time: 1.86 s.
[20260602 01:36:59 @multi_agent_runner.py:105] Total time:     236.84 min
[20260602 01:36:59 @multi_agent_runner.py:120] Agent_0 gets eval reward: 166.67.
[20260602 01:36:59 @multi_agent_runner.py:121] Agent_0 gets win rate: 0.17.
[20260602 01:36:59 @multi_agent_runner.py:120] Agent_1 gets eval reward: -166.67.
[20260602 01:36:59 @multi_agent_runner.py:121] Agent_1 gets win rate: 0.00.
[20260602 01:37:00 @multi_agent_runner.py:79] #------------------------ Iteration 618 --------------------------#
[20260602 01:37:12 @multi_agent_runner.py:85] Sampling 50000 steps by 50 slaves, spending 11.97 s.
[20260602 01:37:21 @multi_agent_runner.py:94] Policy update, spending: 9.10 s.
[20260602 01:37:22 @multi_agent_runner.py:99] Evaluation time: 1.58 s.
[20260602 01:37:22 @multi_agent_runner.py:105] Total time:     237.22 min
[20260602 01:37:22 @multi_agent_runner.py:120] Agent_0 gets eval reward: 0.00.
[20260602 01:37:22 @multi_agent_runner.py:121] Agent_0 gets win rate: 0.00.
[20260602 01:37:22 @multi_agent_runner.py:120] Agent_1 gets eval reward: 0.00.
[20260602 01:37:22 @multi_agent_runner.py:121] Agent_1 gets win rate: 0.00.
[20260602 01:37:22 @multi_agent_runner.py:79] #------------------------ Iteration 619 --------------------------#
[20260602 01:37:34 @multi_agent_runner.py:85] Sampling 50000 steps by 50 slaves, spending 11.96 s.
[20260602 01:37:43 @multi_agent_runner.py:94] Policy update, spending: 8.90 s.
[20260602 01:37:45 @multi_agent_runner.py:99] Evaluation time: 1.51 s.
[20260602 01:37:45 @multi_agent_runner.py:105] Total time:     237.60 min
[20260602 01:37:45 @multi_agent_runner.py:120] Agent_0 gets eval reward: 0.00.
[20260602 01:37:45 @multi_agent_runner.py:121] Agent_0 gets win rate: 0.00.
[20260602 01:37:45 @multi_agent_runner.py:120] Agent_1 gets eval reward: 0.00.
[20260602 01:37:45 @multi_agent_runner.py:121] Agent_1 gets win rate: 0.00.
[20260602 01:37:45 @multi_agent_runner.py:79] #------------------------ Iteration 620 --------------------------#
[20260602 01:37:57 @multi_agent_runner.py:85] Sampling 50000 steps by 50 slaves, spending 11.79 s.
[20260602 01:38:06 @multi_agent_runner.py:94] Policy update, spending: 9.19 s.
[20260602 01:38:07 @multi_agent_runner.py:99] Evaluation time: 1.47 s.
[20260602 01:38:07 @multi_agent_runner.py:105] Total time:     237.97 min
[20260602 01:38:07 @multi_agent_runner.py:120] Agent_0 gets eval reward: 0.00.
[20260602 01:38:07 @multi_agent_runner.py:121] Agent_0 gets win rate: 0.00.
[20260602 01:38:07 @multi_agent_runner.py:120] Agent_1 gets eval reward: 0.00.
[20260602 01:38:07 @multi_agent_runner.py:121] Agent_1 gets win rate: 0.00.
[20260602 01:38:07 @multi_agent_runner.py:79] #------------------------ Iteration 621 --------------------------#
[20260602 01:38:19 @multi_agent_runner.py:85] Sampling 50000 steps by 50 slaves, spending 11.93 s.
[20260602 01:38:29 @multi_agent_runner.py:94] Policy update, spending: 9.18 s.
[20260602 01:38:30 @multi_agent_runner.py:99] Evaluation time: 1.40 s.
[20260602 01:38:30 @multi_agent_runner.py:105] Total time:     238.35 min
[20260602 01:38:30 @multi_agent_runner.py:120] Agent_0 gets eval reward: 0.00.
[20260602 01:38:30 @multi_agent_runner.py:121] Agent_0 gets win rate: 0.00.
[20260602 01:38:30 @multi_agent_runner.py:120] Agent_1 gets eval reward: 0.00.
[20260602 01:38:30 @multi_agent_runner.py:121] Agent_1 gets win rate: 0.00.
[20260602 01:38:30 @multi_agent_runner.py:79] #------------------------ Iteration 622 --------------------------#
[20260602 01:38:42 @multi_agent_runner.py:85] Sampling 50000 steps by 50 slaves, spending 12.23 s.
[20260602 01:38:51 @multi_agent_runner.py:94] Policy update, spending: 9.06 s.
[20260602 01:38:53 @multi_agent_runner.py:99] Evaluation time: 1.88 s.
[20260602 01:38:53 @multi_agent_runner.py:105] Total time:     238.74 min
[20260602 01:38:53 @multi_agent_runner.py:120] Agent_0 gets eval reward: 200.00.
[20260602 01:38:53 @multi_agent_runner.py:121] Agent_0 gets win rate: 0.20.
[20260602 01:38:53 @multi_agent_runner.py:120] Agent_1 gets eval reward: -200.00.
[20260602 01:38:53 @multi_agent_runner.py:121] Agent_1 gets win rate: 0.00.
[20260602 01:38:53 @multi_agent_runner.py:79] #------------------------ Iteration 623 --------------------------#
[20260602 01:39:05 @multi_agent_runner.py:85] Sampling 50000 steps by 50 slaves, spending 11.62 s.
[20260602 01:39:14 @multi_agent_runner.py:94] Policy update, spending: 8.86 s.
[20260602 01:39:15 @multi_agent_runner.py:99] Evaluation time: 1.53 s.
[20260602 01:39:15 @multi_agent_runner.py:105] Total time:     239.11 min
[20260602 01:39:15 @multi_agent_runner.py:120] Agent_0 gets eval reward: 0.00.
[20260602 01:39:15 @multi_agent_runner.py:121] Agent_0 gets win rate: 0.00.
[20260602 01:39:15 @multi_agent_runner.py:120] Agent_1 gets eval reward: 0.00.
[20260602 01:39:15 @multi_agent_runner.py:121] Agent_1 gets win rate: 0.00.
[20260602 01:39:16 @multi_agent_runner.py:79] #------------------------ Iteration 624 --------------------------#
[20260602 01:39:28 @multi_agent_runner.py:85] Sampling 50000 steps by 50 slaves, spending 12.13 s.
[20260602 01:39:37 @multi_agent_runner.py:94] Policy update, spending: 9.05 s.
[20260602 01:39:38 @multi_agent_runner.py:99] Evaluation time: 1.40 s.
[20260602 01:39:38 @multi_agent_runner.py:105] Total time:     239.49 min
[20260602 01:39:38 @multi_agent_runner.py:120] Agent_0 gets eval reward: -166.67.
[20260602 01:39:38 @multi_agent_runner.py:121] Agent_0 gets win rate: 0.00.
[20260602 01:39:38 @multi_agent_runner.py:120] Agent_1 gets eval reward: 166.67.
[20260602 01:39:38 @multi_agent_runner.py:121] Agent_1 gets win rate: 0.17.
[20260602 01:39:38 @multi_agent_runner.py:79] #------------------------ Iteration 625 --------------------------#
[20260602 01:39:50 @multi_agent_runner.py:85] Sampling 50000 steps by 50 slaves, spending 12.04 s.
[20260602 01:40:00 @multi_agent_runner.py:94] Policy update, spending: 9.16 s.
[20260602 01:40:01 @multi_agent_runner.py:99] Evaluation time: 1.64 s.
[20260602 01:40:01 @multi_agent_runner.py:105] Total time:     239.87 min
[20260602 01:40:01 @multi_agent_runner.py:120] Agent_0 gets eval reward: 0.00.
[20260602 01:40:01 @multi_agent_runner.py:121] Agent_0 gets win rate: 0.00.
[20260602 01:40:01 @multi_agent_runner.py:120] Agent_1 gets eval reward: 0.00.
[20260602 01:40:01 @multi_agent_runner.py:121] Agent_1 gets win rate: 0.00.
[20260602 01:40:01 @multi_agent_runner.py:79] #------------------------ Iteration 626 --------------------------#
[20260602 01:40:13 @multi_agent_runner.py:85] Sampling 50000 steps by 50 slaves, spending 11.85 s.
[20260602 01:40:22 @multi_agent_runner.py:94] Policy update, spending: 9.10 s.
[20260602 01:40:24 @multi_agent_runner.py:99] Evaluation time: 1.61 s.
[20260602 01:40:24 @multi_agent_runner.py:105] Total time:     240.25 min
[20260602 01:40:24 @multi_agent_runner.py:120] Agent_0 gets eval reward: 125.00.
[20260602 01:40:24 @multi_agent_runner.py:121] Agent_0 gets win rate: 0.12.
[20260602 01:40:24 @multi_agent_runner.py:120] Agent_1 gets eval reward: -125.00.
[20260602 01:40:24 @multi_agent_runner.py:121] Agent_1 gets win rate: 0.00.
[20260602 01:40:24 @multi_agent_runner.py:79] #------------------------ Iteration 627 --------------------------#
[20260602 01:40:36 @multi_agent_runner.py:85] Sampling 50000 steps by 50 slaves, spending 11.91 s.
[20260602 01:40:45 @multi_agent_runner.py:94] Policy update, spending: 8.99 s.
[20260602 01:40:46 @multi_agent_runner.py:99] Evaluation time: 1.44 s.
[20260602 01:40:46 @multi_agent_runner.py:105] Total time:     240.62 min
[20260602 01:40:46 @multi_agent_runner.py:120] Agent_0 gets eval reward: 0.00.
[20260602 01:40:46 @multi_agent_runner.py:121] Agent_0 gets win rate: 0.00.
[20260602 01:40:46 @multi_agent_runner.py:120] Agent_1 gets eval reward: 0.00.
[20260602 01:40:46 @multi_agent_runner.py:121] Agent_1 gets win rate: 0.00.
[20260602 01:40:47 @multi_agent_runner.py:79] #------------------------ Iteration 628 --------------------------#
[20260602 01:40:58 @multi_agent_runner.py:85] Sampling 50000 steps by 50 slaves, spending 11.64 s.
[20260602 01:41:07 @multi_agent_runner.py:94] Policy update, spending: 8.97 s.
[20260602 01:41:09 @multi_agent_runner.py:99] Evaluation time: 1.58 s.
[20260602 01:41:09 @multi_agent_runner.py:105] Total time:     241.00 min
[20260602 01:41:09 @multi_agent_runner.py:120] Agent_0 gets eval reward: 0.00.
[20260602 01:41:09 @multi_agent_runner.py:121] Agent_0 gets win rate: 0.00.
[20260602 01:41:09 @multi_agent_runner.py:120] Agent_1 gets eval reward: 0.00.
[20260602 01:41:09 @multi_agent_runner.py:121] Agent_1 gets win rate: 0.00.
[20260602 01:41:09 @multi_agent_runner.py:79] #------------------------ Iteration 629 --------------------------#
[20260602 01:41:21 @multi_agent_runner.py:85] Sampling 50000 steps by 50 slaves, spending 12.06 s.
[20260602 01:41:30 @multi_agent_runner.py:94] Policy update, spending: 8.85 s.
[20260602 01:41:31 @multi_agent_runner.py:99] Evaluation time: 1.45 s.
[20260602 01:41:31 @multi_agent_runner.py:105] Total time:     241.37 min
[20260602 01:41:31 @multi_agent_runner.py:120] Agent_0 gets eval reward: 142.86.
[20260602 01:41:31 @multi_agent_runner.py:121] Agent_0 gets win rate: 0.14.
[20260602 01:41:31 @multi_agent_runner.py:120] Agent_1 gets eval reward: -142.86.
[20260602 01:41:31 @multi_agent_runner.py:121] Agent_1 gets win rate: 0.00.
[20260602 01:41:31 @multi_agent_runner.py:79] #------------------------ Iteration 630 --------------------------#
[20260602 01:41:43 @multi_agent_runner.py:85] Sampling 50000 steps by 50 slaves, spending 11.58 s.
[20260602 01:41:52 @multi_agent_runner.py:94] Policy update, spending: 9.05 s.
[20260602 01:41:53 @multi_agent_runner.py:99] Evaluation time: 1.45 s.
[20260602 01:41:53 @multi_agent_runner.py:105] Total time:     241.74 min
[20260602 01:41:53 @multi_agent_runner.py:120] Agent_0 gets eval reward: 0.00.
[20260602 01:41:53 @multi_agent_runner.py:121] Agent_0 gets win rate: 0.00.
[20260602 01:41:53 @multi_agent_runner.py:120] Agent_1 gets eval reward: 0.00.
[20260602 01:41:53 @multi_agent_runner.py:121] Agent_1 gets win rate: 0.00.
[20260602 01:41:54 @multi_agent_runner.py:79] #------------------------ Iteration 631 --------------------------#
[20260602 01:42:05 @multi_agent_runner.py:85] Sampling 50000 steps by 50 slaves, spending 11.58 s.
[20260602 01:42:14 @multi_agent_runner.py:94] Policy update, spending: 9.03 s.
[20260602 01:42:16 @multi_agent_runner.py:99] Evaluation time: 1.75 s.
[20260602 01:42:16 @multi_agent_runner.py:105] Total time:     242.12 min
[20260602 01:42:16 @multi_agent_runner.py:120] Agent_0 gets eval reward: 200.00.
[20260602 01:42:16 @multi_agent_runner.py:121] Agent_0 gets win rate: 0.20.
[20260602 01:42:16 @multi_agent_runner.py:120] Agent_1 gets eval reward: -200.00.
[20260602 01:42:16 @multi_agent_runner.py:121] Agent_1 gets win rate: 0.00.
[20260602 01:42:16 @multi_agent_runner.py:79] #------------------------ Iteration 632 --------------------------#
[20260602 01:42:28 @multi_agent_runner.py:85] Sampling 50000 steps by 50 slaves, spending 11.69 s.
[20260602 01:42:37 @multi_agent_runner.py:94] Policy update, spending: 8.94 s.
[20260602 01:42:38 @multi_agent_runner.py:99] Evaluation time: 1.48 s.
[20260602 01:42:38 @multi_agent_runner.py:105] Total time:     242.49 min
[20260602 01:42:38 @multi_agent_runner.py:120] Agent_0 gets eval reward: -200.00.
[20260602 01:42:38 @multi_agent_runner.py:121] Agent_0 gets win rate: 0.00.
[20260602 01:42:38 @multi_agent_runner.py:120] Agent_1 gets eval reward: 200.00.
[20260602 01:42:38 @multi_agent_runner.py:121] Agent_1 gets win rate: 0.20.
[20260602 01:42:38 @multi_agent_runner.py:79] #------------------------ Iteration 633 --------------------------#
[20260602 01:42:50 @multi_agent_runner.py:85] Sampling 50000 steps by 50 slaves, spending 11.83 s.
[20260602 01:42:59 @multi_agent_runner.py:94] Policy update, spending: 8.67 s.
[20260602 01:43:00 @multi_agent_runner.py:99] Evaluation time: 1.61 s.
[20260602 01:43:00 @multi_agent_runner.py:105] Total time:     242.86 min
[20260602 01:43:01 @multi_agent_runner.py:120] Agent_0 gets eval reward: -142.86.
[20260602 01:43:01 @multi_agent_runner.py:121] Agent_0 gets win rate: 0.00.
[20260602 01:43:01 @multi_agent_runner.py:120] Agent_1 gets eval reward: 142.86.
[20260602 01:43:01 @multi_agent_runner.py:121] Agent_1 gets win rate: 0.14.
[20260602 01:43:01 @multi_agent_runner.py:79] #------------------------ Iteration 634 --------------------------#
[20260602 01:43:13 @multi_agent_runner.py:85] Sampling 50000 steps by 50 slaves, spending 12.43 s.
[20260602 01:43:22 @multi_agent_runner.py:94] Policy update, spending: 9.38 s.
[20260602 01:43:24 @multi_agent_runner.py:99] Evaluation time: 1.31 s.
[20260602 01:43:24 @multi_agent_runner.py:105] Total time:     243.25 min
[20260602 01:43:24 @multi_agent_runner.py:120] Agent_0 gets eval reward: 0.00.
[20260602 01:43:24 @multi_agent_runner.py:121] Agent_0 gets win rate: 0.00.
[20260602 01:43:24 @multi_agent_runner.py:120] Agent_1 gets eval reward: 0.00.
[20260602 01:43:24 @multi_agent_runner.py:121] Agent_1 gets win rate: 0.00.
[20260602 01:43:24 @multi_agent_runner.py:79] #------------------------ Iteration 635 --------------------------#
[20260602 01:43:36 @multi_agent_runner.py:85] Sampling 50000 steps by 50 slaves, spending 11.70 s.
[20260602 01:43:45 @multi_agent_runner.py:94] Policy update, spending: 9.17 s.
[20260602 01:43:46 @multi_agent_runner.py:99] Evaluation time: 1.43 s.
[20260602 01:43:46 @multi_agent_runner.py:105] Total time:     243.62 min
[20260602 01:43:46 @multi_agent_runner.py:120] Agent_0 gets eval reward: -142.86.
[20260602 01:43:46 @multi_agent_runner.py:121] Agent_0 gets win rate: 0.00.
[20260602 01:43:46 @multi_agent_runner.py:120] Agent_1 gets eval reward: 142.86.
[20260602 01:43:46 @multi_agent_runner.py:121] Agent_1 gets win rate: 0.14.
[20260602 01:43:46 @multi_agent_runner.py:79] #------------------------ Iteration 636 --------------------------#
[20260602 01:43:58 @multi_agent_runner.py:85] Sampling 50000 steps by 50 slaves, spending 11.96 s.
[20260602 01:44:07 @multi_agent_runner.py:94] Policy update, spending: 9.06 s.
[20260602 01:44:09 @multi_agent_runner.py:99] Evaluation time: 1.36 s.
[20260602 01:44:09 @multi_agent_runner.py:105] Total time:     244.00 min
[20260602 01:44:09 @multi_agent_runner.py:120] Agent_0 gets eval reward: 0.00.
[20260602 01:44:09 @multi_agent_runner.py:121] Agent_0 gets win rate: 0.00.
[20260602 01:44:09 @multi_agent_runner.py:120] Agent_1 gets eval reward: 0.00.
[20260602 01:44:09 @multi_agent_runner.py:121] Agent_1 gets win rate: 0.00.
[20260602 01:44:09 @multi_agent_runner.py:79] #------------------------ Iteration 637 --------------------------#
[20260602 01:44:20 @multi_agent_runner.py:85] Sampling 50000 steps by 50 slaves, spending 11.51 s.
[20260602 01:44:29 @multi_agent_runner.py:94] Policy update, spending: 8.82 s.
[20260602 01:44:31 @multi_agent_runner.py:99] Evaluation time: 2.09 s.
[20260602 01:44:31 @multi_agent_runner.py:105] Total time:     244.37 min
[20260602 01:44:31 @multi_agent_runner.py:120] Agent_0 gets eval reward: 0.00.
[20260602 01:44:31 @multi_agent_runner.py:121] Agent_0 gets win rate: 0.00.
[20260602 01:44:31 @multi_agent_runner.py:120] Agent_1 gets eval reward: 0.00.
[20260602 01:44:31 @multi_agent_runner.py:121] Agent_1 gets win rate: 0.00.
[20260602 01:44:31 @multi_agent_runner.py:79] #------------------------ Iteration 638 --------------------------#
[20260602 01:44:43 @multi_agent_runner.py:85] Sampling 50000 steps by 50 slaves, spending 11.98 s.
[20260602 01:44:52 @multi_agent_runner.py:94] Policy update, spending: 8.98 s.
[20260602 01:44:54 @multi_agent_runner.py:99] Evaluation time: 1.68 s.
[20260602 01:44:54 @multi_agent_runner.py:105] Total time:     244.75 min
[20260602 01:44:54 @multi_agent_runner.py:120] Agent_0 gets eval reward: 0.00.
[20260602 01:44:54 @multi_agent_runner.py:121] Agent_0 gets win rate: 0.00.
[20260602 01:44:54 @multi_agent_runner.py:120] Agent_1 gets eval reward: 0.00.
[20260602 01:44:54 @multi_agent_runner.py:121] Agent_1 gets win rate: 0.00.
[20260602 01:44:54 @multi_agent_runner.py:79] #------------------------ Iteration 639 --------------------------#
[20260602 01:45:07 @multi_agent_runner.py:85] Sampling 50000 steps by 50 slaves, spending 12.31 s.
[20260602 01:45:16 @multi_agent_runner.py:94] Policy update, spending: 9.27 s.
[20260602 01:45:17 @multi_agent_runner.py:99] Evaluation time: 1.44 s.
[20260602 01:45:17 @multi_agent_runner.py:105] Total time:     245.14 min
[20260602 01:45:17 @multi_agent_runner.py:120] Agent_0 gets eval reward: 285.71.
[20260602 01:45:17 @multi_agent_runner.py:121] Agent_0 gets win rate: 0.29.
[20260602 01:45:17 @multi_agent_runner.py:120] Agent_1 gets eval reward: -285.71.
[20260602 01:45:17 @multi_agent_runner.py:121] Agent_1 gets win rate: 0.00.
[20260602 01:45:17 @multi_agent_runner.py:79] #------------------------ Iteration 640 --------------------------#
[20260602 01:45:29 @multi_agent_runner.py:85] Sampling 50000 steps by 50 slaves, spending 11.91 s.
[20260602 01:45:39 @multi_agent_runner.py:94] Policy update, spending: 9.38 s.
[20260602 01:45:40 @multi_agent_runner.py:99] Evaluation time: 1.48 s.
[20260602 01:45:40 @multi_agent_runner.py:105] Total time:     245.52 min
[20260602 01:45:40 @multi_agent_runner.py:120] Agent_0 gets eval reward: 200.00.
[20260602 01:45:40 @multi_agent_runner.py:121] Agent_0 gets win rate: 0.20.
[20260602 01:45:40 @multi_agent_runner.py:120] Agent_1 gets eval reward: -200.00.
[20260602 01:45:40 @multi_agent_runner.py:121] Agent_1 gets win rate: 0.00.
[20260602 01:45:40 @multi_agent_runner.py:79] #------------------------ Iteration 641 --------------------------#
[20260602 01:45:52 @multi_agent_runner.py:85] Sampling 50000 steps by 50 slaves, spending 11.71 s.
[20260602 01:46:01 @multi_agent_runner.py:94] Policy update, spending: 8.78 s.
[20260602 01:46:02 @multi_agent_runner.py:99] Evaluation time: 1.59 s.
[20260602 01:46:02 @multi_agent_runner.py:105] Total time:     245.89 min
[20260602 01:46:02 @multi_agent_runner.py:120] Agent_0 gets eval reward: 0.00.
[20260602 01:46:02 @multi_agent_runner.py:121] Agent_0 gets win rate: 0.00.
[20260602 01:46:02 @multi_agent_runner.py:120] Agent_1 gets eval reward: 0.00.
[20260602 01:46:02 @multi_agent_runner.py:121] Agent_1 gets win rate: 0.00.
[20260602 01:46:02 @multi_agent_runner.py:79] #------------------------ Iteration 642 --------------------------#
[20260602 01:46:15 @multi_agent_runner.py:85] Sampling 50000 steps by 50 slaves, spending 12.46 s.
[20260602 01:46:24 @multi_agent_runner.py:94] Policy update, spending: 9.05 s.
[20260602 01:46:25 @multi_agent_runner.py:99] Evaluation time: 1.35 s.
[20260602 01:46:25 @multi_agent_runner.py:105] Total time:     246.27 min
[20260602 01:46:25 @multi_agent_runner.py:120] Agent_0 gets eval reward: 0.00.
[20260602 01:46:25 @multi_agent_runner.py:121] Agent_0 gets win rate: 0.00.
[20260602 01:46:25 @multi_agent_runner.py:120] Agent_1 gets eval reward: 0.00.
[20260602 01:46:25 @multi_agent_runner.py:121] Agent_1 gets win rate: 0.00.
[20260602 01:46:25 @multi_agent_runner.py:79] #------------------------ Iteration 643 --------------------------#
[20260602 01:46:37 @multi_agent_runner.py:85] Sampling 50000 steps by 50 slaves, spending 11.83 s.
[20260602 01:46:46 @multi_agent_runner.py:94] Policy update, spending: 8.77 s.
[20260602 01:46:48 @multi_agent_runner.py:99] Evaluation time: 1.57 s.
[20260602 01:46:48 @multi_agent_runner.py:105] Total time:     246.65 min
[20260602 01:46:48 @multi_agent_runner.py:120] Agent_0 gets eval reward: 0.00.
[20260602 01:46:48 @multi_agent_runner.py:121] Agent_0 gets win rate: 0.00.
[20260602 01:46:48 @multi_agent_runner.py:120] Agent_1 gets eval reward: 0.00.
[20260602 01:46:48 @multi_agent_runner.py:121] Agent_1 gets win rate: 0.00.
[20260602 01:46:48 @multi_agent_runner.py:79] #------------------------ Iteration 644 --------------------------#
[20260602 01:47:00 @multi_agent_runner.py:85] Sampling 50000 steps by 50 slaves, spending 11.87 s.
[20260602 01:47:09 @multi_agent_runner.py:94] Policy update, spending: 9.07 s.
[20260602 01:47:10 @multi_agent_runner.py:99] Evaluation time: 1.33 s.
[20260602 01:47:10 @multi_agent_runner.py:105] Total time:     247.02 min
[20260602 01:47:10 @multi_agent_runner.py:120] Agent_0 gets eval reward: 0.00.
[20260602 01:47:10 @multi_agent_runner.py:121] Agent_0 gets win rate: 0.00.
[20260602 01:47:10 @multi_agent_runner.py:120] Agent_1 gets eval reward: 0.00.
[20260602 01:47:10 @multi_agent_runner.py:121] Agent_1 gets win rate: 0.00.
[20260602 01:47:10 @multi_agent_runner.py:79] #------------------------ Iteration 645 --------------------------#
[20260602 01:47:22 @multi_agent_runner.py:85] Sampling 50000 steps by 50 slaves, spending 11.65 s.
[20260602 01:47:31 @multi_agent_runner.py:94] Policy update, spending: 8.81 s.
[20260602 01:47:32 @multi_agent_runner.py:99] Evaluation time: 1.75 s.
[20260602 01:47:32 @multi_agent_runner.py:105] Total time:     247.39 min
[20260602 01:47:32 @multi_agent_runner.py:120] Agent_0 gets eval reward: 166.67.
[20260602 01:47:32 @multi_agent_runner.py:121] Agent_0 gets win rate: 0.17.
[20260602 01:47:32 @multi_agent_runner.py:120] Agent_1 gets eval reward: -166.67.
[20260602 01:47:32 @multi_agent_runner.py:121] Agent_1 gets win rate: 0.00.
[20260602 01:47:33 @multi_agent_runner.py:79] #------------------------ Iteration 646 --------------------------#
[20260602 01:47:44 @multi_agent_runner.py:85] Sampling 50000 steps by 50 slaves, spending 11.88 s.
[20260602 01:47:53 @multi_agent_runner.py:94] Policy update, spending: 8.92 s.
[20260602 01:47:55 @multi_agent_runner.py:99] Evaluation time: 1.71 s.
[20260602 01:47:55 @multi_agent_runner.py:105] Total time:     247.77 min
[20260602 01:47:55 @multi_agent_runner.py:120] Agent_0 gets eval reward: 0.00.
[20260602 01:47:55 @multi_agent_runner.py:121] Agent_0 gets win rate: 0.00.
[20260602 01:47:55 @multi_agent_runner.py:120] Agent_1 gets eval reward: 0.00.
[20260602 01:47:55 @multi_agent_runner.py:121] Agent_1 gets win rate: 0.00.
[20260602 01:47:55 @multi_agent_runner.py:79] #------------------------ Iteration 647 --------------------------#
[20260602 01:48:08 @multi_agent_runner.py:85] Sampling 50000 steps by 50 slaves, spending 12.29 s.
[20260602 01:48:17 @multi_agent_runner.py:94] Policy update, spending: 9.05 s.
[20260602 01:48:18 @multi_agent_runner.py:99] Evaluation time: 1.71 s.
[20260602 01:48:18 @multi_agent_runner.py:105] Total time:     248.16 min
[20260602 01:48:18 @multi_agent_runner.py:120] Agent_0 gets eval reward: 0.00.
[20260602 01:48:18 @multi_agent_runner.py:121] Agent_0 gets win rate: 0.00.
[20260602 01:48:18 @multi_agent_runner.py:120] Agent_1 gets eval reward: 0.00.
[20260602 01:48:18 @multi_agent_runner.py:121] Agent_1 gets win rate: 0.00.
[20260602 01:48:18 @multi_agent_runner.py:79] #------------------------ Iteration 648 --------------------------#
[20260602 01:48:31 @multi_agent_runner.py:85] Sampling 50000 steps by 50 slaves, spending 12.38 s.
[20260602 01:48:40 @multi_agent_runner.py:94] Policy update, spending: 8.89 s.
[20260602 01:48:41 @multi_agent_runner.py:99] Evaluation time: 1.61 s.
[20260602 01:48:41 @multi_agent_runner.py:105] Total time:     248.54 min
[20260602 01:48:41 @multi_agent_runner.py:120] Agent_0 gets eval reward: 0.00.
[20260602 01:48:41 @multi_agent_runner.py:121] Agent_0 gets win rate: 0.00.
[20260602 01:48:41 @multi_agent_runner.py:120] Agent_1 gets eval reward: 0.00.
[20260602 01:48:41 @multi_agent_runner.py:121] Agent_1 gets win rate: 0.00.
[20260602 01:48:41 @multi_agent_runner.py:79] #------------------------ Iteration 649 --------------------------#
[20260602 01:48:53 @multi_agent_runner.py:85] Sampling 50000 steps by 50 slaves, spending 11.52 s.
[20260602 01:49:02 @multi_agent_runner.py:94] Policy update, spending: 9.01 s.
[20260602 01:49:03 @multi_agent_runner.py:99] Evaluation time: 1.32 s.
[20260602 01:49:03 @multi_agent_runner.py:105] Total time:     248.91 min
[20260602 01:49:03 @multi_agent_runner.py:120] Agent_0 gets eval reward: 0.00.
[20260602 01:49:03 @multi_agent_runner.py:121] Agent_0 gets win rate: 0.00.
[20260602 01:49:03 @multi_agent_runner.py:120] Agent_1 gets eval reward: 0.00.
[20260602 01:49:03 @multi_agent_runner.py:121] Agent_1 gets win rate: 0.00.
[20260602 01:49:03 @multi_agent_runner.py:79] #------------------------ Iteration 650 --------------------------#
[20260602 01:49:16 @multi_agent_runner.py:85] Sampling 50000 steps by 50 slaves, spending 12.40 s.
[20260602 01:49:25 @multi_agent_runner.py:94] Policy update, spending: 9.37 s.
[20260602 01:49:27 @multi_agent_runner.py:99] Evaluation time: 1.51 s.
[20260602 01:49:27 @multi_agent_runner.py:105] Total time:     249.30 min
[20260602 01:49:27 @multi_agent_runner.py:120] Agent_0 gets eval reward: 0.00.
[20260602 01:49:27 @multi_agent_runner.py:121] Agent_0 gets win rate: 0.00.
[20260602 01:49:27 @multi_agent_runner.py:120] Agent_1 gets eval reward: 0.00.
[20260602 01:49:27 @multi_agent_runner.py:121] Agent_1 gets win rate: 0.00.
[20260602 01:49:27 @multi_agent_runner.py:79] #------------------------ Iteration 651 --------------------------#
[20260602 01:49:39 @multi_agent_runner.py:85] Sampling 50000 steps by 50 slaves, spending 11.70 s.
[20260602 01:49:48 @multi_agent_runner.py:94] Policy update, spending: 9.20 s.
[20260602 01:49:49 @multi_agent_runner.py:99] Evaluation time: 1.68 s.
[20260602 01:49:49 @multi_agent_runner.py:105] Total time:     249.68 min
[20260602 01:49:50 @multi_agent_runner.py:120] Agent_0 gets eval reward: 0.00.
[20260602 01:49:50 @multi_agent_runner.py:121] Agent_0 gets win rate: 0.00.
[20260602 01:49:50 @multi_agent_runner.py:120] Agent_1 gets eval reward: 0.00.
[20260602 01:49:50 @multi_agent_runner.py:121] Agent_1 gets win rate: 0.00.
[20260602 01:49:50 @multi_agent_runner.py:79] #------------------------ Iteration 652 --------------------------#
[20260602 01:50:02 @multi_agent_runner.py:85] Sampling 50000 steps by 50 slaves, spending 12.28 s.
[20260602 01:50:11 @multi_agent_runner.py:94] Policy update, spending: 8.93 s.
[20260602 01:50:12 @multi_agent_runner.py:99] Evaluation time: 1.57 s.
[20260602 01:50:12 @multi_agent_runner.py:105] Total time:     250.06 min
[20260602 01:50:12 @multi_agent_runner.py:120] Agent_0 gets eval reward: 0.00.
[20260602 01:50:12 @multi_agent_runner.py:121] Agent_0 gets win rate: 0.00.
[20260602 01:50:12 @multi_agent_runner.py:120] Agent_1 gets eval reward: 0.00.
[20260602 01:50:12 @multi_agent_runner.py:121] Agent_1 gets win rate: 0.00.
[20260602 01:50:13 @multi_agent_runner.py:79] #------------------------ Iteration 653 --------------------------#
[20260602 01:50:25 @multi_agent_runner.py:85] Sampling 50000 steps by 50 slaves, spending 12.16 s.
[20260602 01:50:34 @multi_agent_runner.py:94] Policy update, spending: 8.89 s.
[20260602 01:50:35 @multi_agent_runner.py:99] Evaluation time: 1.32 s.
[20260602 01:50:35 @multi_agent_runner.py:105] Total time:     250.43 min
[20260602 01:50:35 @multi_agent_runner.py:120] Agent_0 gets eval reward: 200.00.
[20260602 01:50:35 @multi_agent_runner.py:121] Agent_0 gets win rate: 0.20.
[20260602 01:50:35 @multi_agent_runner.py:120] Agent_1 gets eval reward: -200.00.
[20260602 01:50:35 @multi_agent_runner.py:121] Agent_1 gets win rate: 0.00.
[20260602 01:50:35 @multi_agent_runner.py:79] #------------------------ Iteration 654 --------------------------#
[20260602 01:50:47 @multi_agent_runner.py:85] Sampling 50000 steps by 50 slaves, spending 11.59 s.
[20260602 01:50:56 @multi_agent_runner.py:94] Policy update, spending: 9.04 s.
[20260602 01:50:57 @multi_agent_runner.py:99] Evaluation time: 1.55 s.
[20260602 01:50:57 @multi_agent_runner.py:105] Total time:     250.81 min
[20260602 01:50:57 @multi_agent_runner.py:120] Agent_0 gets eval reward: 0.00.
[20260602 01:50:57 @multi_agent_runner.py:121] Agent_0 gets win rate: 0.00.
[20260602 01:50:57 @multi_agent_runner.py:120] Agent_1 gets eval reward: 0.00.
[20260602 01:50:57 @multi_agent_runner.py:121] Agent_1 gets win rate: 0.00.
[20260602 01:50:57 @multi_agent_runner.py:79] #------------------------ Iteration 655 --------------------------#
[20260602 01:51:09 @multi_agent_runner.py:85] Sampling 50000 steps by 50 slaves, spending 11.87 s.
[20260602 01:51:19 @multi_agent_runner.py:94] Policy update, spending: 9.32 s.
[20260602 01:51:20 @multi_agent_runner.py:99] Evaluation time: 1.36 s.
[20260602 01:51:20 @multi_agent_runner.py:105] Total time:     251.18 min
[20260602 01:51:20 @multi_agent_runner.py:120] Agent_0 gets eval reward: 0.00.
[20260602 01:51:20 @multi_agent_runner.py:121] Agent_0 gets win rate: 0.00.
[20260602 01:51:20 @multi_agent_runner.py:120] Agent_1 gets eval reward: 0.00.
[20260602 01:51:20 @multi_agent_runner.py:121] Agent_1 gets win rate: 0.00.
[20260602 01:51:20 @multi_agent_runner.py:79] #------------------------ Iteration 656 --------------------------#
[20260602 01:51:32 @multi_agent_runner.py:85] Sampling 50000 steps by 50 slaves, spending 11.79 s.
[20260602 01:51:41 @multi_agent_runner.py:94] Policy update, spending: 9.39 s.
[20260602 01:51:43 @multi_agent_runner.py:99] Evaluation time: 1.49 s.
[20260602 01:51:43 @multi_agent_runner.py:105] Total time:     251.56 min
[20260602 01:51:43 @multi_agent_runner.py:120] Agent_0 gets eval reward: 0.00.
[20260602 01:51:43 @multi_agent_runner.py:121] Agent_0 gets win rate: 0.00.
[20260602 01:51:43 @multi_agent_runner.py:120] Agent_1 gets eval reward: 0.00.
[20260602 01:51:43 @multi_agent_runner.py:121] Agent_1 gets win rate: 0.00.
[20260602 01:51:43 @multi_agent_runner.py:79] #------------------------ Iteration 657 --------------------------#
[20260602 01:51:54 @multi_agent_runner.py:85] Sampling 50000 steps by 50 slaves, spending 11.31 s.
[20260602 01:52:03 @multi_agent_runner.py:94] Policy update, spending: 8.98 s.
[20260602 01:52:05 @multi_agent_runner.py:99] Evaluation time: 1.75 s.
[20260602 01:52:05 @multi_agent_runner.py:105] Total time:     251.93 min
[20260602 01:52:05 @multi_agent_runner.py:120] Agent_0 gets eval reward: 0.00.
[20260602 01:52:05 @multi_agent_runner.py:121] Agent_0 gets win rate: 0.00.
[20260602 01:52:05 @multi_agent_runner.py:120] Agent_1 gets eval reward: 0.00.
[20260602 01:52:05 @multi_agent_runner.py:121] Agent_1 gets win rate: 0.00.
[20260602 01:52:05 @multi_agent_runner.py:79] #------------------------ Iteration 658 --------------------------#
[20260602 01:52:17 @multi_agent_runner.py:85] Sampling 50000 steps by 50 slaves, spending 11.99 s.
[20260602 01:52:26 @multi_agent_runner.py:94] Policy update, spending: 8.91 s.
[20260602 01:52:27 @multi_agent_runner.py:99] Evaluation time: 1.47 s.
[20260602 01:52:27 @multi_agent_runner.py:105] Total time:     252.31 min
[20260602 01:52:27 @multi_agent_runner.py:120] Agent_0 gets eval reward: 0.00.
[20260602 01:52:27 @multi_agent_runner.py:121] Agent_0 gets win rate: 0.00.
[20260602 01:52:27 @multi_agent_runner.py:120] Agent_1 gets eval reward: 0.00.
[20260602 01:52:27 @multi_agent_runner.py:121] Agent_1 gets win rate: 0.00.
[20260602 01:52:28 @multi_agent_runner.py:79] #------------------------ Iteration 659 --------------------------#
[20260602 01:52:39 @multi_agent_runner.py:85] Sampling 50000 steps by 50 slaves, spending 11.72 s.
[20260602 01:52:48 @multi_agent_runner.py:94] Policy update, spending: 8.83 s.
[20260602 01:52:50 @multi_agent_runner.py:99] Evaluation time: 1.50 s.
[20260602 01:52:50 @multi_agent_runner.py:105] Total time:     252.68 min
[20260602 01:52:50 @multi_agent_runner.py:120] Agent_0 gets eval reward: 400.00.
[20260602 01:52:50 @multi_agent_runner.py:121] Agent_0 gets win rate: 0.40.
[20260602 01:52:50 @multi_agent_runner.py:120] Agent_1 gets eval reward: -400.00.
[20260602 01:52:50 @multi_agent_runner.py:121] Agent_1 gets win rate: 0.00.
[20260602 01:52:50 @multi_agent_runner.py:79] #------------------------ Iteration 660 --------------------------#
[20260602 01:53:02 @multi_agent_runner.py:85] Sampling 50000 steps by 50 slaves, spending 11.96 s.
[20260602 01:53:11 @multi_agent_runner.py:94] Policy update, spending: 8.98 s.
[20260602 01:53:12 @multi_agent_runner.py:99] Evaluation time: 1.44 s.
[20260602 01:53:12 @multi_agent_runner.py:105] Total time:     253.05 min
[20260602 01:53:12 @multi_agent_runner.py:120] Agent_0 gets eval reward: 166.67.
[20260602 01:53:12 @multi_agent_runner.py:121] Agent_0 gets win rate: 0.17.
[20260602 01:53:12 @multi_agent_runner.py:120] Agent_1 gets eval reward: -166.67.
[20260602 01:53:12 @multi_agent_runner.py:121] Agent_1 gets win rate: 0.00.
[20260602 01:53:12 @multi_agent_runner.py:79] #------------------------ Iteration 661 --------------------------#
[20260602 01:53:24 @multi_agent_runner.py:85] Sampling 50000 steps by 50 slaves, spending 11.91 s.
[20260602 01:53:33 @multi_agent_runner.py:94] Policy update, spending: 8.99 s.
[20260602 01:53:35 @multi_agent_runner.py:99] Evaluation time: 1.59 s.
[20260602 01:53:35 @multi_agent_runner.py:105] Total time:     253.43 min
[20260602 01:53:35 @multi_agent_runner.py:120] Agent_0 gets eval reward: 0.00.
[20260602 01:53:35 @multi_agent_runner.py:121] Agent_0 gets win rate: 0.00.
[20260602 01:53:35 @multi_agent_runner.py:120] Agent_1 gets eval reward: 0.00.
[20260602 01:53:35 @multi_agent_runner.py:121] Agent_1 gets win rate: 0.00.
[20260602 01:53:35 @multi_agent_runner.py:79] #------------------------ Iteration 662 --------------------------#
[20260602 01:53:47 @multi_agent_runner.py:85] Sampling 50000 steps by 50 slaves, spending 11.95 s.
[20260602 01:53:56 @multi_agent_runner.py:94] Policy update, spending: 9.45 s.
[20260602 01:53:58 @multi_agent_runner.py:99] Evaluation time: 1.47 s.
[20260602 01:53:58 @multi_agent_runner.py:105] Total time:     253.81 min
[20260602 01:53:58 @multi_agent_runner.py:120] Agent_0 gets eval reward: 0.00.
[20260602 01:53:58 @multi_agent_runner.py:121] Agent_0 gets win rate: 0.00.
[20260602 01:53:58 @multi_agent_runner.py:120] Agent_1 gets eval reward: 0.00.
[20260602 01:53:58 @multi_agent_runner.py:121] Agent_1 gets win rate: 0.00.
[20260602 01:53:58 @multi_agent_runner.py:79] #------------------------ Iteration 663 --------------------------#
[20260602 01:54:10 @multi_agent_runner.py:85] Sampling 50000 steps by 50 slaves, spending 12.22 s.
[20260602 01:54:19 @multi_agent_runner.py:94] Policy update, spending: 9.29 s.
[20260602 01:54:21 @multi_agent_runner.py:99] Evaluation time: 1.49 s.
[20260602 01:54:21 @multi_agent_runner.py:105] Total time:     254.20 min
[20260602 01:54:21 @multi_agent_runner.py:120] Agent_0 gets eval reward: 200.00.
[20260602 01:54:21 @multi_agent_runner.py:121] Agent_0 gets win rate: 0.20.
[20260602 01:54:21 @multi_agent_runner.py:120] Agent_1 gets eval reward: -200.00.
[20260602 01:54:21 @multi_agent_runner.py:121] Agent_1 gets win rate: 0.00.
[20260602 01:54:21 @multi_agent_runner.py:79] #------------------------ Iteration 664 --------------------------#
[20260602 01:54:33 @multi_agent_runner.py:85] Sampling 50000 steps by 50 slaves, spending 12.25 s.
[20260602 01:54:43 @multi_agent_runner.py:94] Policy update, spending: 9.63 s.
[20260602 01:54:44 @multi_agent_runner.py:99] Evaluation time: 1.43 s.
[20260602 01:54:44 @multi_agent_runner.py:105] Total time:     254.59 min
[20260602 01:54:44 @multi_agent_runner.py:120] Agent_0 gets eval reward: -250.00.
[20260602 01:54:44 @multi_agent_runner.py:121] Agent_0 gets win rate: 0.00.
[20260602 01:54:44 @multi_agent_runner.py:120] Agent_1 gets eval reward: 250.00.
[20260602 01:54:44 @multi_agent_runner.py:121] Agent_1 gets win rate: 0.25.
[20260602 01:54:45 @multi_agent_runner.py:79] #------------------------ Iteration 665 --------------------------#
[20260602 01:54:56 @multi_agent_runner.py:85] Sampling 50000 steps by 50 slaves, spending 11.48 s.
[20260602 01:55:05 @multi_agent_runner.py:94] Policy update, spending: 8.86 s.
[20260602 01:55:07 @multi_agent_runner.py:99] Evaluation time: 1.87 s.
[20260602 01:55:07 @multi_agent_runner.py:105] Total time:     254.96 min
[20260602 01:55:07 @multi_agent_runner.py:120] Agent_0 gets eval reward: 125.00.
[20260602 01:55:07 @multi_agent_runner.py:121] Agent_0 gets win rate: 0.12.
[20260602 01:55:07 @multi_agent_runner.py:120] Agent_1 gets eval reward: -125.00.
[20260602 01:55:07 @multi_agent_runner.py:121] Agent_1 gets win rate: 0.00.
[20260602 01:55:07 @multi_agent_runner.py:79] #------------------------ Iteration 666 --------------------------#
[20260602 01:55:19 @multi_agent_runner.py:85] Sampling 50000 steps by 50 slaves, spending 12.10 s.
[20260602 01:55:28 @multi_agent_runner.py:94] Policy update, spending: 9.07 s.
[20260602 01:55:29 @multi_agent_runner.py:99] Evaluation time: 1.35 s.
[20260602 01:55:29 @multi_agent_runner.py:105] Total time:     255.34 min
[20260602 01:55:29 @multi_agent_runner.py:120] Agent_0 gets eval reward: 166.67.
[20260602 01:55:29 @multi_agent_runner.py:121] Agent_0 gets win rate: 0.17.
[20260602 01:55:29 @multi_agent_runner.py:120] Agent_1 gets eval reward: -166.67.
[20260602 01:55:29 @multi_agent_runner.py:121] Agent_1 gets win rate: 0.00.
[20260602 01:55:30 @multi_agent_runner.py:79] #------------------------ Iteration 667 --------------------------#
[20260602 01:55:41 @multi_agent_runner.py:85] Sampling 50000 steps by 50 slaves, spending 11.86 s.
[20260602 01:55:51 @multi_agent_runner.py:94] Policy update, spending: 9.35 s.
[20260602 01:55:52 @multi_agent_runner.py:99] Evaluation time: 1.46 s.
[20260602 01:55:52 @multi_agent_runner.py:105] Total time:     255.72 min
[20260602 01:55:52 @multi_agent_runner.py:120] Agent_0 gets eval reward: 0.00.
[20260602 01:55:52 @multi_agent_runner.py:121] Agent_0 gets win rate: 0.17.
[20260602 01:55:52 @multi_agent_runner.py:120] Agent_1 gets eval reward: 0.00.
[20260602 01:55:52 @multi_agent_runner.py:121] Agent_1 gets win rate: 0.17.
[20260602 01:55:52 @multi_agent_runner.py:79] #------------------------ Iteration 668 --------------------------#
[20260602 01:56:04 @multi_agent_runner.py:85] Sampling 50000 steps by 50 slaves, spending 11.65 s.
[20260602 01:56:13 @multi_agent_runner.py:94] Policy update, spending: 9.19 s.
[20260602 01:56:15 @multi_agent_runner.py:99] Evaluation time: 1.80 s.
[20260602 01:56:15 @multi_agent_runner.py:105] Total time:     256.10 min
[20260602 01:56:15 @multi_agent_runner.py:120] Agent_0 gets eval reward: -250.00.
[20260602 01:56:15 @multi_agent_runner.py:121] Agent_0 gets win rate: 0.00.
[20260602 01:56:15 @multi_agent_runner.py:120] Agent_1 gets eval reward: 250.00.
[20260602 01:56:15 @multi_agent_runner.py:121] Agent_1 gets win rate: 0.25.
[20260602 01:56:15 @multi_agent_runner.py:79] #------------------------ Iteration 669 --------------------------#
[20260602 01:56:27 @multi_agent_runner.py:85] Sampling 50000 steps by 50 slaves, spending 11.93 s.
[20260602 01:56:37 @multi_agent_runner.py:94] Policy update, spending: 9.50 s.
[20260602 01:56:38 @multi_agent_runner.py:99] Evaluation time: 1.40 s.
[20260602 01:56:38 @multi_agent_runner.py:105] Total time:     256.48 min
[20260602 01:56:38 @multi_agent_runner.py:120] Agent_0 gets eval reward: 0.00.
[20260602 01:56:38 @multi_agent_runner.py:121] Agent_0 gets win rate: 0.00.
[20260602 01:56:38 @multi_agent_runner.py:120] Agent_1 gets eval reward: 0.00.
[20260602 01:56:38 @multi_agent_runner.py:121] Agent_1 gets win rate: 0.00.
[20260602 01:56:38 @multi_agent_runner.py:79] #------------------------ Iteration 670 --------------------------#
[20260602 01:56:50 @multi_agent_runner.py:85] Sampling 50000 steps by 50 slaves, spending 11.90 s.
[20260602 01:56:59 @multi_agent_runner.py:94] Policy update, spending: 8.99 s.
[20260602 01:57:00 @multi_agent_runner.py:99] Evaluation time: 1.38 s.
[20260602 01:57:00 @multi_agent_runner.py:105] Total time:     256.86 min
[20260602 01:57:00 @multi_agent_runner.py:120] Agent_0 gets eval reward: 0.00.
[20260602 01:57:00 @multi_agent_runner.py:121] Agent_0 gets win rate: 0.00.
[20260602 01:57:00 @multi_agent_runner.py:120] Agent_1 gets eval reward: 0.00.
[20260602 01:57:00 @multi_agent_runner.py:121] Agent_1 gets win rate: 0.00.
[20260602 01:57:01 @multi_agent_runner.py:79] #------------------------ Iteration 671 --------------------------#
[20260602 01:57:12 @multi_agent_runner.py:85] Sampling 50000 steps by 50 slaves, spending 11.36 s.
[20260602 01:57:21 @multi_agent_runner.py:94] Policy update, spending: 8.96 s.
[20260602 01:57:22 @multi_agent_runner.py:99] Evaluation time: 1.53 s.
[20260602 01:57:22 @multi_agent_runner.py:105] Total time:     257.22 min
[20260602 01:57:22 @multi_agent_runner.py:120] Agent_0 gets eval reward: 0.00.
[20260602 01:57:22 @multi_agent_runner.py:121] Agent_0 gets win rate: 0.00.
[20260602 01:57:22 @multi_agent_runner.py:120] Agent_1 gets eval reward: 0.00.
[20260602 01:57:22 @multi_agent_runner.py:121] Agent_1 gets win rate: 0.00.
[20260602 01:57:23 @multi_agent_runner.py:79] #------------------------ Iteration 672 --------------------------#
[20260602 01:57:35 @multi_agent_runner.py:85] Sampling 50000 steps by 50 slaves, spending 12.04 s.
[20260602 01:57:44 @multi_agent_runner.py:94] Policy update, spending: 9.05 s.
[20260602 01:57:45 @multi_agent_runner.py:99] Evaluation time: 1.72 s.
[20260602 01:57:45 @multi_agent_runner.py:105] Total time:     257.61 min
[20260602 01:57:45 @multi_agent_runner.py:120] Agent_0 gets eval reward: 0.00.
[20260602 01:57:45 @multi_agent_runner.py:121] Agent_0 gets win rate: 0.00.
[20260602 01:57:45 @multi_agent_runner.py:120] Agent_1 gets eval reward: 0.00.
[20260602 01:57:45 @multi_agent_runner.py:121] Agent_1 gets win rate: 0.00.
[20260602 01:57:46 @multi_agent_runner.py:79] #------------------------ Iteration 673 --------------------------#
[20260602 01:57:57 @multi_agent_runner.py:85] Sampling 50000 steps by 50 slaves, spending 11.89 s.
[20260602 01:58:07 @multi_agent_runner.py:94] Policy update, spending: 9.24 s.
[20260602 01:58:08 @multi_agent_runner.py:99] Evaluation time: 1.31 s.
[20260602 01:58:08 @multi_agent_runner.py:105] Total time:     257.98 min
[20260602 01:58:08 @multi_agent_runner.py:120] Agent_0 gets eval reward: -250.00.
[20260602 01:58:08 @multi_agent_runner.py:121] Agent_0 gets win rate: 0.00.
[20260602 01:58:08 @multi_agent_runner.py:120] Agent_1 gets eval reward: 250.00.
[20260602 01:58:08 @multi_agent_runner.py:121] Agent_1 gets win rate: 0.25.
[20260602 01:58:08 @multi_agent_runner.py:79] #------------------------ Iteration 674 --------------------------#
[20260602 01:58:20 @multi_agent_runner.py:85] Sampling 50000 steps by 50 slaves, spending 11.86 s.
[20260602 01:58:29 @multi_agent_runner.py:94] Policy update, spending: 9.00 s.
[20260602 01:58:30 @multi_agent_runner.py:99] Evaluation time: 1.51 s.
[20260602 01:58:30 @multi_agent_runner.py:105] Total time:     258.36 min
[20260602 01:58:31 @multi_agent_runner.py:120] Agent_0 gets eval reward: 0.00.
[20260602 01:58:31 @multi_agent_runner.py:121] Agent_0 gets win rate: 0.00.
[20260602 01:58:31 @multi_agent_runner.py:120] Agent_1 gets eval reward: 0.00.
[20260602 01:58:31 @multi_agent_runner.py:121] Agent_1 gets win rate: 0.00.
[20260602 01:58:31 @multi_agent_runner.py:79] #------------------------ Iteration 675 --------------------------#
[20260602 01:58:43 @multi_agent_runner.py:85] Sampling 50000 steps by 50 slaves, spending 12.01 s.
[20260602 01:58:52 @multi_agent_runner.py:94] Policy update, spending: 8.98 s.
[20260602 01:58:53 @multi_agent_runner.py:99] Evaluation time: 1.55 s.
[20260602 01:58:53 @multi_agent_runner.py:105] Total time:     258.74 min
[20260602 01:58:53 @multi_agent_runner.py:120] Agent_0 gets eval reward: 0.00.
[20260602 01:58:53 @multi_agent_runner.py:121] Agent_0 gets win rate: 0.00.
[20260602 01:58:53 @multi_agent_runner.py:120] Agent_1 gets eval reward: 0.00.
[20260602 01:58:53 @multi_agent_runner.py:121] Agent_1 gets win rate: 0.00.
[20260602 01:58:53 @multi_agent_runner.py:79] #------------------------ Iteration 676 --------------------------#
[20260602 01:59:05 @multi_agent_runner.py:85] Sampling 50000 steps by 50 slaves, spending 12.02 s.
[20260602 01:59:15 @multi_agent_runner.py:94] Policy update, spending: 9.45 s.
[20260602 01:59:16 @multi_agent_runner.py:99] Evaluation time: 1.37 s.
[20260602 01:59:16 @multi_agent_runner.py:105] Total time:     259.12 min
[20260602 01:59:16 @multi_agent_runner.py:120] Agent_0 gets eval reward: 0.00.
[20260602 01:59:16 @multi_agent_runner.py:121] Agent_0 gets win rate: 0.00.
[20260602 01:59:16 @multi_agent_runner.py:120] Agent_1 gets eval reward: 0.00.
[20260602 01:59:16 @multi_agent_runner.py:121] Agent_1 gets win rate: 0.00.
[20260602 01:59:16 @multi_agent_runner.py:79] #------------------------ Iteration 677 --------------------------#
[20260602 01:59:28 @multi_agent_runner.py:85] Sampling 50000 steps by 50 slaves, spending 11.96 s.
[20260602 01:59:37 @multi_agent_runner.py:94] Policy update, spending: 9.22 s.
[20260602 01:59:39 @multi_agent_runner.py:99] Evaluation time: 1.66 s.
[20260602 01:59:39 @multi_agent_runner.py:105] Total time:     259.50 min
[20260602 01:59:39 @multi_agent_runner.py:120] Agent_0 gets eval reward: 0.00.
[20260602 01:59:39 @multi_agent_runner.py:121] Agent_0 gets win rate: 0.00.
[20260602 01:59:39 @multi_agent_runner.py:120] Agent_1 gets eval reward: 0.00.
[20260602 01:59:39 @multi_agent_runner.py:121] Agent_1 gets win rate: 0.00.
[20260602 01:59:39 @multi_agent_runner.py:79] #------------------------ Iteration 678 --------------------------#
[20260602 01:59:51 @multi_agent_runner.py:85] Sampling 50000 steps by 50 slaves, spending 11.63 s.
[20260602 02:00:00 @multi_agent_runner.py:94] Policy update, spending: 9.14 s.
[20260602 02:00:02 @multi_agent_runner.py:99] Evaluation time: 1.48 s.
[20260602 02:00:02 @multi_agent_runner.py:105] Total time:     259.88 min
[20260602 02:00:02 @multi_agent_runner.py:120] Agent_0 gets eval reward: 0.00.
[20260602 02:00:02 @multi_agent_runner.py:121] Agent_0 gets win rate: 0.00.
[20260602 02:00:02 @multi_agent_runner.py:120] Agent_1 gets eval reward: 0.00.
[20260602 02:00:02 @multi_agent_runner.py:121] Agent_1 gets win rate: 0.00.
[20260602 02:00:02 @multi_agent_runner.py:79] #------------------------ Iteration 679 --------------------------#
[20260602 02:00:14 @multi_agent_runner.py:85] Sampling 50000 steps by 50 slaves, spending 11.95 s.
[20260602 02:00:23 @multi_agent_runner.py:94] Policy update, spending: 9.15 s.
[20260602 02:00:24 @multi_agent_runner.py:99] Evaluation time: 1.32 s.
[20260602 02:00:24 @multi_agent_runner.py:105] Total time:     260.25 min
[20260602 02:00:24 @multi_agent_runner.py:120] Agent_0 gets eval reward: 0.00.
[20260602 02:00:24 @multi_agent_runner.py:121] Agent_0 gets win rate: 0.00.
[20260602 02:00:24 @multi_agent_runner.py:120] Agent_1 gets eval reward: 0.00.
[20260602 02:00:24 @multi_agent_runner.py:121] Agent_1 gets win rate: 0.00.
[20260602 02:00:24 @multi_agent_runner.py:79] #------------------------ Iteration 680 --------------------------#
[20260602 02:00:36 @multi_agent_runner.py:85] Sampling 50000 steps by 50 slaves, spending 11.92 s.
[20260602 02:00:45 @multi_agent_runner.py:94] Policy update, spending: 9.23 s.
[20260602 02:00:47 @multi_agent_runner.py:99] Evaluation time: 1.37 s.
[20260602 02:00:47 @multi_agent_runner.py:105] Total time:     260.63 min
[20260602 02:00:47 @multi_agent_runner.py:120] Agent_0 gets eval reward: -166.67.
[20260602 02:00:47 @multi_agent_runner.py:121] Agent_0 gets win rate: 0.00.
[20260602 02:00:47 @multi_agent_runner.py:120] Agent_1 gets eval reward: 166.67.
[20260602 02:00:47 @multi_agent_runner.py:121] Agent_1 gets win rate: 0.17.
[20260602 02:00:47 @multi_agent_runner.py:79] #------------------------ Iteration 681 --------------------------#
[20260602 02:00:59 @multi_agent_runner.py:85] Sampling 50000 steps by 50 slaves, spending 12.24 s.
[20260602 02:01:08 @multi_agent_runner.py:94] Policy update, spending: 8.95 s.
[20260602 02:01:10 @multi_agent_runner.py:99] Evaluation time: 1.80 s.
[20260602 02:01:10 @multi_agent_runner.py:105] Total time:     261.02 min
[20260602 02:01:10 @multi_agent_runner.py:120] Agent_0 gets eval reward: 200.00.
[20260602 02:01:10 @multi_agent_runner.py:121] Agent_0 gets win rate: 0.20.
[20260602 02:01:10 @multi_agent_runner.py:120] Agent_1 gets eval reward: -200.00.
[20260602 02:01:10 @multi_agent_runner.py:121] Agent_1 gets win rate: 0.00.
[20260602 02:01:10 @multi_agent_runner.py:79] #------------------------ Iteration 682 --------------------------#
[20260602 02:01:22 @multi_agent_runner.py:85] Sampling 50000 steps by 50 slaves, spending 12.36 s.
[20260602 02:01:32 @multi_agent_runner.py:94] Policy update, spending: 9.47 s.
[20260602 02:01:33 @multi_agent_runner.py:99] Evaluation time: 1.44 s.
[20260602 02:01:33 @multi_agent_runner.py:105] Total time:     261.41 min
[20260602 02:01:33 @multi_agent_runner.py:120] Agent_0 gets eval reward: 0.00.
[20260602 02:01:33 @multi_agent_runner.py:121] Agent_0 gets win rate: 0.00.
[20260602 02:01:33 @multi_agent_runner.py:120] Agent_1 gets eval reward: 0.00.
[20260602 02:01:33 @multi_agent_runner.py:121] Agent_1 gets win rate: 0.00.
[20260602 02:01:33 @multi_agent_runner.py:79] #------------------------ Iteration 683 --------------------------#
[20260602 02:01:45 @multi_agent_runner.py:85] Sampling 50000 steps by 50 slaves, spending 11.99 s.
[20260602 02:01:55 @multi_agent_runner.py:94] Policy update, spending: 9.13 s.
[20260602 02:01:56 @multi_agent_runner.py:99] Evaluation time: 1.90 s.
[20260602 02:01:56 @multi_agent_runner.py:105] Total time:     261.79 min
[20260602 02:01:57 @multi_agent_runner.py:120] Agent_0 gets eval reward: 0.00.
[20260602 02:01:57 @multi_agent_runner.py:121] Agent_0 gets win rate: 0.00.
[20260602 02:01:57 @multi_agent_runner.py:120] Agent_1 gets eval reward: 0.00.
[20260602 02:01:57 @multi_agent_runner.py:121] Agent_1 gets win rate: 0.00.
[20260602 02:01:57 @multi_agent_runner.py:79] #------------------------ Iteration 684 --------------------------#
[20260602 02:02:09 @multi_agent_runner.py:85] Sampling 50000 steps by 50 slaves, spending 12.31 s.
[20260602 02:02:18 @multi_agent_runner.py:94] Policy update, spending: 8.90 s.
[20260602 02:02:19 @multi_agent_runner.py:99] Evaluation time: 1.60 s.
[20260602 02:02:19 @multi_agent_runner.py:105] Total time:     262.18 min
[20260602 02:02:19 @multi_agent_runner.py:120] Agent_0 gets eval reward: -200.00.
[20260602 02:02:19 @multi_agent_runner.py:121] Agent_0 gets win rate: 0.00.
[20260602 02:02:19 @multi_agent_runner.py:120] Agent_1 gets eval reward: 200.00.
[20260602 02:02:19 @multi_agent_runner.py:121] Agent_1 gets win rate: 0.20.
[20260602 02:02:20 @multi_agent_runner.py:79] #------------------------ Iteration 685 --------------------------#
[20260602 02:02:32 @multi_agent_runner.py:85] Sampling 50000 steps by 50 slaves, spending 12.11 s.
[20260602 02:02:41 @multi_agent_runner.py:94] Policy update, spending: 9.15 s.
[20260602 02:02:42 @multi_agent_runner.py:99] Evaluation time: 1.38 s.
[20260602 02:02:42 @multi_agent_runner.py:105] Total time:     262.56 min
[20260602 02:02:42 @multi_agent_runner.py:120] Agent_0 gets eval reward: 0.00.
[20260602 02:02:42 @multi_agent_runner.py:121] Agent_0 gets win rate: 0.00.
[20260602 02:02:42 @multi_agent_runner.py:120] Agent_1 gets eval reward: 0.00.
[20260602 02:02:42 @multi_agent_runner.py:121] Agent_1 gets win rate: 0.00.
[20260602 02:02:42 @multi_agent_runner.py:79] #------------------------ Iteration 686 --------------------------#
[20260602 02:02:54 @multi_agent_runner.py:85] Sampling 50000 steps by 50 slaves, spending 11.96 s.
[20260602 02:03:03 @multi_agent_runner.py:94] Policy update, spending: 9.06 s.
[20260602 02:03:05 @multi_agent_runner.py:99] Evaluation time: 1.42 s.
[20260602 02:03:05 @multi_agent_runner.py:105] Total time:     262.93 min
[20260602 02:03:05 @multi_agent_runner.py:120] Agent_0 gets eval reward: 0.00.
[20260602 02:03:05 @multi_agent_runner.py:121] Agent_0 gets win rate: 0.00.
[20260602 02:03:05 @multi_agent_runner.py:120] Agent_1 gets eval reward: 0.00.
[20260602 02:03:05 @multi_agent_runner.py:121] Agent_1 gets win rate: 0.00.
[20260602 02:03:05 @multi_agent_runner.py:79] #------------------------ Iteration 687 --------------------------#
[20260602 02:03:17 @multi_agent_runner.py:85] Sampling 50000 steps by 50 slaves, spending 11.68 s.
[20260602 02:03:26 @multi_agent_runner.py:94] Policy update, spending: 9.30 s.
[20260602 02:03:27 @multi_agent_runner.py:99] Evaluation time: 1.50 s.
[20260602 02:03:27 @multi_agent_runner.py:105] Total time:     263.31 min
[20260602 02:03:27 @multi_agent_runner.py:120] Agent_0 gets eval reward: 0.00.
[20260602 02:03:27 @multi_agent_runner.py:121] Agent_0 gets win rate: 0.00.
[20260602 02:03:27 @multi_agent_runner.py:120] Agent_1 gets eval reward: 0.00.
[20260602 02:03:27 @multi_agent_runner.py:121] Agent_1 gets win rate: 0.00.
[20260602 02:03:28 @multi_agent_runner.py:79] #------------------------ Iteration 688 --------------------------#
[20260602 02:03:39 @multi_agent_runner.py:85] Sampling 50000 steps by 50 slaves, spending 11.89 s.
[20260602 02:03:48 @multi_agent_runner.py:94] Policy update, spending: 8.99 s.
[20260602 02:03:50 @multi_agent_runner.py:99] Evaluation time: 1.26 s.
[20260602 02:03:50 @multi_agent_runner.py:105] Total time:     263.68 min
[20260602 02:03:50 @multi_agent_runner.py:120] Agent_0 gets eval reward: 0.00.
[20260602 02:03:50 @multi_agent_runner.py:121] Agent_0 gets win rate: 0.00.
[20260602 02:03:50 @multi_agent_runner.py:120] Agent_1 gets eval reward: 0.00.
[20260602 02:03:50 @multi_agent_runner.py:121] Agent_1 gets win rate: 0.00.
[20260602 02:03:50 @multi_agent_runner.py:79] #------------------------ Iteration 689 --------------------------#
[20260602 02:04:01 @multi_agent_runner.py:85] Sampling 50000 steps by 50 slaves, spending 11.54 s.
[20260602 02:04:11 @multi_agent_runner.py:94] Policy update, spending: 9.08 s.
[20260602 02:04:12 @multi_agent_runner.py:99] Evaluation time: 1.45 s.
[20260602 02:04:12 @multi_agent_runner.py:105] Total time:     264.05 min
[20260602 02:04:12 @multi_agent_runner.py:120] Agent_0 gets eval reward: 0.00.
[20260602 02:04:12 @multi_agent_runner.py:121] Agent_0 gets win rate: 0.00.
[20260602 02:04:12 @multi_agent_runner.py:120] Agent_1 gets eval reward: 0.00.
[20260602 02:04:12 @multi_agent_runner.py:121] Agent_1 gets win rate: 0.00.
[20260602 02:04:12 @multi_agent_runner.py:79] #------------------------ Iteration 690 --------------------------#
[20260602 02:04:24 @multi_agent_runner.py:85] Sampling 50000 steps by 50 slaves, spending 11.46 s.
[20260602 02:04:33 @multi_agent_runner.py:94] Policy update, spending: 8.98 s.
[20260602 02:04:34 @multi_agent_runner.py:99] Evaluation time: 1.83 s.
[20260602 02:04:34 @multi_agent_runner.py:105] Total time:     264.42 min
[20260602 02:04:34 @multi_agent_runner.py:120] Agent_0 gets eval reward: 0.00.
[20260602 02:04:34 @multi_agent_runner.py:121] Agent_0 gets win rate: 0.00.
[20260602 02:04:34 @multi_agent_runner.py:120] Agent_1 gets eval reward: 0.00.
[20260602 02:04:34 @multi_agent_runner.py:121] Agent_1 gets win rate: 0.00.
[20260602 02:04:35 @multi_agent_runner.py:79] #------------------------ Iteration 691 --------------------------#
[20260602 02:04:47 @multi_agent_runner.py:85] Sampling 50000 steps by 50 slaves, spending 12.15 s.
[20260602 02:04:56 @multi_agent_runner.py:94] Policy update, spending: 9.22 s.
[20260602 02:04:57 @multi_agent_runner.py:99] Evaluation time: 1.54 s.
[20260602 02:04:57 @multi_agent_runner.py:105] Total time:     264.81 min
[20260602 02:04:57 @multi_agent_runner.py:120] Agent_0 gets eval reward: 0.00.
[20260602 02:04:57 @multi_agent_runner.py:121] Agent_0 gets win rate: 0.00.
[20260602 02:04:57 @multi_agent_runner.py:120] Agent_1 gets eval reward: 0.00.
[20260602 02:04:57 @multi_agent_runner.py:121] Agent_1 gets win rate: 0.00.
[20260602 02:04:58 @multi_agent_runner.py:79] #------------------------ Iteration 692 --------------------------#
[20260602 02:05:09 @multi_agent_runner.py:85] Sampling 50000 steps by 50 slaves, spending 11.71 s.
[20260602 02:05:18 @multi_agent_runner.py:94] Policy update, spending: 9.02 s.
[20260602 02:05:20 @multi_agent_runner.py:99] Evaluation time: 1.52 s.
[20260602 02:05:20 @multi_agent_runner.py:105] Total time:     265.18 min
[20260602 02:05:20 @multi_agent_runner.py:120] Agent_0 gets eval reward: 0.00.
[20260602 02:05:20 @multi_agent_runner.py:121] Agent_0 gets win rate: 0.00.
[20260602 02:05:20 @multi_agent_runner.py:120] Agent_1 gets eval reward: 0.00.
[20260602 02:05:20 @multi_agent_runner.py:121] Agent_1 gets win rate: 0.00.
[20260602 02:05:20 @multi_agent_runner.py:79] #------------------------ Iteration 693 --------------------------#
[20260602 02:05:32 @multi_agent_runner.py:85] Sampling 50000 steps by 50 slaves, spending 12.04 s.
[20260602 02:05:41 @multi_agent_runner.py:94] Policy update, spending: 9.35 s.
[20260602 02:05:43 @multi_agent_runner.py:99] Evaluation time: 1.35 s.
[20260602 02:05:43 @multi_agent_runner.py:105] Total time:     265.56 min
[20260602 02:05:43 @multi_agent_runner.py:120] Agent_0 gets eval reward: 0.00.
[20260602 02:05:43 @multi_agent_runner.py:121] Agent_0 gets win rate: 0.00.
[20260602 02:05:43 @multi_agent_runner.py:120] Agent_1 gets eval reward: 0.00.
[20260602 02:05:43 @multi_agent_runner.py:121] Agent_1 gets win rate: 0.00.
[20260602 02:05:43 @multi_agent_runner.py:79] #------------------------ Iteration 694 --------------------------#
[20260602 02:05:55 @multi_agent_runner.py:85] Sampling 50000 steps by 50 slaves, spending 12.07 s.
[20260602 02:06:04 @multi_agent_runner.py:94] Policy update, spending: 9.18 s.
[20260602 02:06:06 @multi_agent_runner.py:99] Evaluation time: 1.53 s.
[20260602 02:06:06 @multi_agent_runner.py:105] Total time:     265.95 min
[20260602 02:06:06 @multi_agent_runner.py:120] Agent_0 gets eval reward: 0.00.
[20260602 02:06:06 @multi_agent_runner.py:121] Agent_0 gets win rate: 0.00.
[20260602 02:06:06 @multi_agent_runner.py:120] Agent_1 gets eval reward: 0.00.
[20260602 02:06:06 @multi_agent_runner.py:121] Agent_1 gets win rate: 0.00.
[20260602 02:06:06 @multi_agent_runner.py:79] #------------------------ Iteration 695 --------------------------#
[20260602 02:06:17 @multi_agent_runner.py:85] Sampling 50000 steps by 50 slaves, spending 11.57 s.
[20260602 02:06:26 @multi_agent_runner.py:94] Policy update, spending: 9.03 s.
[20260602 02:06:28 @multi_agent_runner.py:99] Evaluation time: 1.45 s.
[20260602 02:06:28 @multi_agent_runner.py:105] Total time:     266.31 min
[20260602 02:06:28 @multi_agent_runner.py:120] Agent_0 gets eval reward: 0.00.
[20260602 02:06:28 @multi_agent_runner.py:121] Agent_0 gets win rate: 0.00.
[20260602 02:06:28 @multi_agent_runner.py:120] Agent_1 gets eval reward: 0.00.
[20260602 02:06:28 @multi_agent_runner.py:121] Agent_1 gets win rate: 0.00.
[20260602 02:06:28 @multi_agent_runner.py:79] #------------------------ Iteration 696 --------------------------#
[20260602 02:06:39 @multi_agent_runner.py:85] Sampling 50000 steps by 50 slaves, spending 11.43 s.
[20260602 02:06:48 @multi_agent_runner.py:94] Policy update, spending: 8.82 s.
[20260602 02:06:50 @multi_agent_runner.py:99] Evaluation time: 1.58 s.
[20260602 02:06:50 @multi_agent_runner.py:105] Total time:     266.68 min
[20260602 02:06:50 @multi_agent_runner.py:120] Agent_0 gets eval reward: -250.00.
[20260602 02:06:50 @multi_agent_runner.py:121] Agent_0 gets win rate: 0.00.
[20260602 02:06:50 @multi_agent_runner.py:120] Agent_1 gets eval reward: 250.00.
[20260602 02:06:50 @multi_agent_runner.py:121] Agent_1 gets win rate: 0.25.
[20260602 02:06:50 @multi_agent_runner.py:79] #------------------------ Iteration 697 --------------------------#
[20260602 02:07:02 @multi_agent_runner.py:85] Sampling 50000 steps by 50 slaves, spending 11.85 s.
[20260602 02:07:11 @multi_agent_runner.py:94] Policy update, spending: 9.12 s.
[20260602 02:07:13 @multi_agent_runner.py:99] Evaluation time: 1.62 s.
[20260602 02:07:13 @multi_agent_runner.py:105] Total time:     267.06 min
[20260602 02:07:13 @multi_agent_runner.py:120] Agent_0 gets eval reward: 0.00.
[20260602 02:07:13 @multi_agent_runner.py:121] Agent_0 gets win rate: 0.00.
[20260602 02:07:13 @multi_agent_runner.py:120] Agent_1 gets eval reward: 0.00.
[20260602 02:07:13 @multi_agent_runner.py:121] Agent_1 gets win rate: 0.00.
[20260602 02:07:13 @multi_agent_runner.py:79] #------------------------ Iteration 698 --------------------------#
[20260602 02:07:24 @multi_agent_runner.py:85] Sampling 50000 steps by 50 slaves, spending 11.68 s.
[20260602 02:07:33 @multi_agent_runner.py:94] Policy update, spending: 8.83 s.
[20260602 02:07:35 @multi_agent_runner.py:99] Evaluation time: 1.76 s.
[20260602 02:07:35 @multi_agent_runner.py:105] Total time:     267.43 min
[20260602 02:07:35 @multi_agent_runner.py:120] Agent_0 gets eval reward: 0.00.
[20260602 02:07:35 @multi_agent_runner.py:121] Agent_0 gets win rate: 0.00.
[20260602 02:07:35 @multi_agent_runner.py:120] Agent_1 gets eval reward: 0.00.
[20260602 02:07:35 @multi_agent_runner.py:121] Agent_1 gets win rate: 0.00.
[20260602 02:07:35 @multi_agent_runner.py:79] #------------------------ Iteration 699 --------------------------#
[20260602 02:07:47 @multi_agent_runner.py:85] Sampling 50000 steps by 50 slaves, spending 11.45 s.
[20260602 02:07:55 @multi_agent_runner.py:94] Policy update, spending: 8.95 s.
[20260602 02:07:57 @multi_agent_runner.py:99] Evaluation time: 1.48 s.
[20260602 02:07:57 @multi_agent_runner.py:105] Total time:     267.80 min
[20260602 02:07:57 @multi_agent_runner.py:120] Agent_0 gets eval reward: 0.00.
[20260602 02:07:57 @multi_agent_runner.py:121] Agent_0 gets win rate: 0.00.
[20260602 02:07:57 @multi_agent_runner.py:120] Agent_1 gets eval reward: 0.00.
[20260602 02:07:57 @multi_agent_runner.py:121] Agent_1 gets win rate: 0.00.
[20260602 02:07:57 @multi_agent_runner.py:79] #------------------------ Iteration 700 --------------------------#
[20260602 02:08:09 @multi_agent_runner.py:85] Sampling 50000 steps by 50 slaves, spending 11.96 s.
[20260602 02:08:18 @multi_agent_runner.py:94] Policy update, spending: 8.98 s.
[20260602 02:08:20 @multi_agent_runner.py:99] Evaluation time: 1.65 s.
[20260602 02:08:20 @multi_agent_runner.py:105] Total time:     268.18 min
[20260602 02:08:20 @multi_agent_runner.py:120] Agent_0 gets eval reward: 0.00.
[20260602 02:08:20 @multi_agent_runner.py:121] Agent_0 gets win rate: 0.00.
[20260602 02:08:20 @multi_agent_runner.py:120] Agent_1 gets eval reward: 0.00.
[20260602 02:08:20 @multi_agent_runner.py:121] Agent_1 gets win rate: 0.00.
[20260602 02:08:20 @multi_agent_runner.py:79] #------------------------ Iteration 701 --------------------------#
[20260602 02:08:32 @multi_agent_runner.py:85] Sampling 50000 steps by 50 slaves, spending 11.98 s.
[20260602 02:08:41 @multi_agent_runner.py:94] Policy update, spending: 8.92 s.
[20260602 02:08:42 @multi_agent_runner.py:99] Evaluation time: 1.45 s.
[20260602 02:08:42 @multi_agent_runner.py:105] Total time:     268.55 min
[20260602 02:08:42 @multi_agent_runner.py:120] Agent_0 gets eval reward: 142.86.
[20260602 02:08:42 @multi_agent_runner.py:121] Agent_0 gets win rate: 0.14.
[20260602 02:08:42 @multi_agent_runner.py:120] Agent_1 gets eval reward: -142.86.
[20260602 02:08:42 @multi_agent_runner.py:121] Agent_1 gets win rate: 0.00.
[20260602 02:08:42 @multi_agent_runner.py:79] #------------------------ Iteration 702 --------------------------#
[20260602 02:08:54 @multi_agent_runner.py:85] Sampling 50000 steps by 50 slaves, spending 11.92 s.
[20260602 02:09:03 @multi_agent_runner.py:94] Policy update, spending: 9.03 s.
[20260602 02:09:05 @multi_agent_runner.py:99] Evaluation time: 1.84 s.
[20260602 02:09:05 @multi_agent_runner.py:105] Total time:     268.94 min
[20260602 02:09:05 @multi_agent_runner.py:120] Agent_0 gets eval reward: 125.00.
[20260602 02:09:05 @multi_agent_runner.py:121] Agent_0 gets win rate: 0.12.
[20260602 02:09:05 @multi_agent_runner.py:120] Agent_1 gets eval reward: -125.00.
[20260602 02:09:05 @multi_agent_runner.py:121] Agent_1 gets win rate: 0.00.
[20260602 02:09:05 @multi_agent_runner.py:79] #------------------------ Iteration 703 --------------------------#
[20260602 02:09:17 @multi_agent_runner.py:85] Sampling 50000 steps by 50 slaves, spending 12.01 s.
[20260602 02:09:26 @multi_agent_runner.py:94] Policy update, spending: 8.94 s.
[20260602 02:09:28 @multi_agent_runner.py:99] Evaluation time: 1.93 s.
[20260602 02:09:28 @multi_agent_runner.py:105] Total time:     269.32 min
[20260602 02:09:28 @multi_agent_runner.py:120] Agent_0 gets eval reward: -166.67.
[20260602 02:09:28 @multi_agent_runner.py:121] Agent_0 gets win rate: 0.00.
[20260602 02:09:28 @multi_agent_runner.py:120] Agent_1 gets eval reward: 166.67.
[20260602 02:09:28 @multi_agent_runner.py:121] Agent_1 gets win rate: 0.17.
[20260602 02:09:28 @multi_agent_runner.py:79] #------------------------ Iteration 704 --------------------------#
[20260602 02:09:40 @multi_agent_runner.py:85] Sampling 50000 steps by 50 slaves, spending 12.17 s.
[20260602 02:09:50 @multi_agent_runner.py:94] Policy update, spending: 9.22 s.
[20260602 02:09:51 @multi_agent_runner.py:99] Evaluation time: 1.39 s.
[20260602 02:09:51 @multi_agent_runner.py:105] Total time:     269.70 min
[20260602 02:09:51 @multi_agent_runner.py:120] Agent_0 gets eval reward: 166.67.
[20260602 02:09:51 @multi_agent_runner.py:121] Agent_0 gets win rate: 0.17.
[20260602 02:09:51 @multi_agent_runner.py:120] Agent_1 gets eval reward: -166.67.
[20260602 02:09:51 @multi_agent_runner.py:121] Agent_1 gets win rate: 0.00.
[20260602 02:09:51 @multi_agent_runner.py:79] #------------------------ Iteration 705 --------------------------#
[20260602 02:10:03 @multi_agent_runner.py:85] Sampling 50000 steps by 50 slaves, spending 11.99 s.
[20260602 02:10:12 @multi_agent_runner.py:94] Policy update, spending: 8.97 s.
[20260602 02:10:14 @multi_agent_runner.py:99] Evaluation time: 1.36 s.
[20260602 02:10:14 @multi_agent_runner.py:105] Total time:     270.08 min
[20260602 02:10:14 @multi_agent_runner.py:120] Agent_0 gets eval reward: 0.00.
[20260602 02:10:14 @multi_agent_runner.py:121] Agent_0 gets win rate: 0.25.
[20260602 02:10:14 @multi_agent_runner.py:120] Agent_1 gets eval reward: 0.00.
[20260602 02:10:14 @multi_agent_runner.py:121] Agent_1 gets win rate: 0.25.
[20260602 02:10:14 @multi_agent_runner.py:79] #------------------------ Iteration 706 --------------------------#
[20260602 02:10:25 @multi_agent_runner.py:85] Sampling 50000 steps by 50 slaves, spending 11.56 s.
[20260602 02:10:34 @multi_agent_runner.py:94] Policy update, spending: 9.10 s.
[20260602 02:10:36 @multi_agent_runner.py:99] Evaluation time: 1.69 s.
[20260602 02:10:36 @multi_agent_runner.py:105] Total time:     270.45 min
[20260602 02:10:36 @multi_agent_runner.py:120] Agent_0 gets eval reward: -200.00.
[20260602 02:10:36 @multi_agent_runner.py:121] Agent_0 gets win rate: 0.00.
[20260602 02:10:36 @multi_agent_runner.py:120] Agent_1 gets eval reward: 200.00.
[20260602 02:10:36 @multi_agent_runner.py:121] Agent_1 gets win rate: 0.20.
[20260602 02:10:36 @multi_agent_runner.py:79] #------------------------ Iteration 707 --------------------------#
[20260602 02:10:48 @multi_agent_runner.py:85] Sampling 50000 steps by 50 slaves, spending 11.74 s.
[20260602 02:10:57 @multi_agent_runner.py:94] Policy update, spending: 8.97 s.
[20260602 02:10:58 @multi_agent_runner.py:99] Evaluation time: 1.37 s.
[20260602 02:10:58 @multi_agent_runner.py:105] Total time:     270.82 min
[20260602 02:10:58 @multi_agent_runner.py:120] Agent_0 gets eval reward: 0.00.
[20260602 02:10:58 @multi_agent_runner.py:121] Agent_0 gets win rate: 0.00.
[20260602 02:10:58 @multi_agent_runner.py:120] Agent_1 gets eval reward: 0.00.
[20260602 02:10:58 @multi_agent_runner.py:121] Agent_1 gets win rate: 0.00.
[20260602 02:10:58 @multi_agent_runner.py:79] #------------------------ Iteration 708 --------------------------#
[20260602 02:11:10 @multi_agent_runner.py:85] Sampling 50000 steps by 50 slaves, spending 11.63 s.
[20260602 02:11:19 @multi_agent_runner.py:94] Policy update, spending: 8.94 s.
[20260602 02:11:20 @multi_agent_runner.py:99] Evaluation time: 1.46 s.
[20260602 02:11:20 @multi_agent_runner.py:105] Total time:     271.19 min
[20260602 02:11:20 @multi_agent_runner.py:120] Agent_0 gets eval reward: -200.00.
[20260602 02:11:20 @multi_agent_runner.py:121] Agent_0 gets win rate: 0.00.
[20260602 02:11:20 @multi_agent_runner.py:120] Agent_1 gets eval reward: 200.00.
[20260602 02:11:20 @multi_agent_runner.py:121] Agent_1 gets win rate: 0.20.
[20260602 02:11:21 @multi_agent_runner.py:79] #------------------------ Iteration 709 --------------------------#
[20260602 02:11:33 @multi_agent_runner.py:85] Sampling 50000 steps by 50 slaves, spending 12.06 s.
[20260602 02:11:42 @multi_agent_runner.py:94] Policy update, spending: 8.92 s.
[20260602 02:11:43 @multi_agent_runner.py:99] Evaluation time: 1.50 s.
[20260602 02:11:43 @multi_agent_runner.py:105] Total time:     271.57 min
[20260602 02:11:43 @multi_agent_runner.py:120] Agent_0 gets eval reward: 0.00.
[20260602 02:11:43 @multi_agent_runner.py:121] Agent_0 gets win rate: 0.00.
[20260602 02:11:43 @multi_agent_runner.py:120] Agent_1 gets eval reward: 0.00.
[20260602 02:11:43 @multi_agent_runner.py:121] Agent_1 gets win rate: 0.00.
[20260602 02:11:43 @multi_agent_runner.py:79] #------------------------ Iteration 710 --------------------------#
[20260602 02:11:55 @multi_agent_runner.py:85] Sampling 50000 steps by 50 slaves, spending 11.54 s.
[20260602 02:12:04 @multi_agent_runner.py:94] Policy update, spending: 8.94 s.
[20260602 02:12:05 @multi_agent_runner.py:99] Evaluation time: 1.39 s.
[20260602 02:12:05 @multi_agent_runner.py:105] Total time:     271.94 min
[20260602 02:12:05 @multi_agent_runner.py:120] Agent_0 gets eval reward: 0.00.
[20260602 02:12:05 @multi_agent_runner.py:121] Agent_0 gets win rate: 0.00.
[20260602 02:12:05 @multi_agent_runner.py:120] Agent_1 gets eval reward: 0.00.
[20260602 02:12:05 @multi_agent_runner.py:121] Agent_1 gets win rate: 0.00.
[20260602 02:12:05 @multi_agent_runner.py:79] #------------------------ Iteration 711 --------------------------#
[20260602 02:12:17 @multi_agent_runner.py:85] Sampling 50000 steps by 50 slaves, spending 11.90 s.
[20260602 02:12:26 @multi_agent_runner.py:94] Policy update, spending: 8.96 s.
[20260602 02:12:28 @multi_agent_runner.py:99] Evaluation time: 1.58 s.
[20260602 02:12:28 @multi_agent_runner.py:105] Total time:     272.31 min
[20260602 02:12:28 @multi_agent_runner.py:120] Agent_0 gets eval reward: 0.00.
[20260602 02:12:28 @multi_agent_runner.py:121] Agent_0 gets win rate: 0.00.
[20260602 02:12:28 @multi_agent_runner.py:120] Agent_1 gets eval reward: 0.00.
[20260602 02:12:28 @multi_agent_runner.py:121] Agent_1 gets win rate: 0.00.
[20260602 02:12:28 @multi_agent_runner.py:79] #------------------------ Iteration 712 --------------------------#
[20260602 02:12:40 @multi_agent_runner.py:85] Sampling 50000 steps by 50 slaves, spending 11.75 s.
[20260602 02:12:49 @multi_agent_runner.py:94] Policy update, spending: 9.33 s.
[20260602 02:12:51 @multi_agent_runner.py:99] Evaluation time: 1.70 s.
[20260602 02:12:51 @multi_agent_runner.py:105] Total time:     272.70 min
[20260602 02:12:51 @multi_agent_runner.py:120] Agent_0 gets eval reward: 0.00.
[20260602 02:12:51 @multi_agent_runner.py:121] Agent_0 gets win rate: 0.00.
[20260602 02:12:51 @multi_agent_runner.py:120] Agent_1 gets eval reward: 0.00.
[20260602 02:12:51 @multi_agent_runner.py:121] Agent_1 gets win rate: 0.00.
[20260602 02:12:51 @multi_agent_runner.py:79] #------------------------ Iteration 713 --------------------------#
[20260602 02:13:03 @multi_agent_runner.py:85] Sampling 50000 steps by 50 slaves, spending 12.05 s.
[20260602 02:13:12 @multi_agent_runner.py:94] Policy update, spending: 8.93 s.
[20260602 02:13:13 @multi_agent_runner.py:99] Evaluation time: 1.33 s.
[20260602 02:13:13 @multi_agent_runner.py:105] Total time:     273.07 min
[20260602 02:13:13 @multi_agent_runner.py:120] Agent_0 gets eval reward: 0.00.
[20260602 02:13:13 @multi_agent_runner.py:121] Agent_0 gets win rate: 0.00.
[20260602 02:13:13 @multi_agent_runner.py:120] Agent_1 gets eval reward: 0.00.
[20260602 02:13:13 @multi_agent_runner.py:121] Agent_1 gets win rate: 0.00.
[20260602 02:13:13 @multi_agent_runner.py:79] #------------------------ Iteration 714 --------------------------#
[20260602 02:13:25 @multi_agent_runner.py:85] Sampling 50000 steps by 50 slaves, spending 11.59 s.
[20260602 02:13:34 @multi_agent_runner.py:94] Policy update, spending: 9.20 s.
[20260602 02:13:35 @multi_agent_runner.py:99] Evaluation time: 1.40 s.
[20260602 02:13:35 @multi_agent_runner.py:105] Total time:     273.44 min
[20260602 02:13:35 @multi_agent_runner.py:120] Agent_0 gets eval reward: 200.00.
[20260602 02:13:35 @multi_agent_runner.py:121] Agent_0 gets win rate: 0.20.
[20260602 02:13:35 @multi_agent_runner.py:120] Agent_1 gets eval reward: -200.00.
[20260602 02:13:35 @multi_agent_runner.py:121] Agent_1 gets win rate: 0.00.
[20260602 02:13:36 @multi_agent_runner.py:79] #------------------------ Iteration 715 --------------------------#
[20260602 02:13:47 @multi_agent_runner.py:85] Sampling 50000 steps by 50 slaves, spending 11.78 s.
[20260602 02:13:56 @multi_agent_runner.py:94] Policy update, spending: 8.90 s.
[20260602 02:13:58 @multi_agent_runner.py:99] Evaluation time: 1.31 s.
[20260602 02:13:58 @multi_agent_runner.py:105] Total time:     273.81 min
[20260602 02:13:58 @multi_agent_runner.py:120] Agent_0 gets eval reward: 0.00.
[20260602 02:13:58 @multi_agent_runner.py:121] Agent_0 gets win rate: 0.00.
[20260602 02:13:58 @multi_agent_runner.py:120] Agent_1 gets eval reward: 0.00.
[20260602 02:13:58 @multi_agent_runner.py:121] Agent_1 gets win rate: 0.00.
[20260602 02:13:58 @multi_agent_runner.py:79] #------------------------ Iteration 716 --------------------------#
[20260602 02:14:10 @multi_agent_runner.py:85] Sampling 50000 steps by 50 slaves, spending 12.40 s.
[20260602 02:14:19 @multi_agent_runner.py:94] Policy update, spending: 9.20 s.
[20260602 02:14:21 @multi_agent_runner.py:99] Evaluation time: 1.43 s.
[20260602 02:14:21 @multi_agent_runner.py:105] Total time:     274.20 min
[20260602 02:14:21 @multi_agent_runner.py:120] Agent_0 gets eval reward: 0.00.
[20260602 02:14:21 @multi_agent_runner.py:121] Agent_0 gets win rate: 0.00.
[20260602 02:14:21 @multi_agent_runner.py:120] Agent_1 gets eval reward: 0.00.
[20260602 02:14:21 @multi_agent_runner.py:121] Agent_1 gets win rate: 0.00.
[20260602 02:14:21 @multi_agent_runner.py:79] #------------------------ Iteration 717 --------------------------#
[20260602 02:14:32 @multi_agent_runner.py:85] Sampling 50000 steps by 50 slaves, spending 11.42 s.
[20260602 02:14:41 @multi_agent_runner.py:94] Policy update, spending: 8.80 s.
[20260602 02:14:42 @multi_agent_runner.py:99] Evaluation time: 1.37 s.
[20260602 02:14:42 @multi_agent_runner.py:105] Total time:     274.56 min
[20260602 02:14:43 @multi_agent_runner.py:120] Agent_0 gets eval reward: -200.00.
[20260602 02:14:43 @multi_agent_runner.py:121] Agent_0 gets win rate: 0.00.
[20260602 02:14:43 @multi_agent_runner.py:120] Agent_1 gets eval reward: 200.00.
[20260602 02:14:43 @multi_agent_runner.py:121] Agent_1 gets win rate: 0.20.
[20260602 02:14:43 @multi_agent_runner.py:79] #------------------------ Iteration 718 --------------------------#
[20260602 02:14:55 @multi_agent_runner.py:85] Sampling 50000 steps by 50 slaves, spending 12.05 s.
[20260602 02:15:04 @multi_agent_runner.py:94] Policy update, spending: 9.36 s.
[20260602 02:15:06 @multi_agent_runner.py:99] Evaluation time: 1.74 s.
[20260602 02:15:06 @multi_agent_runner.py:105] Total time:     274.95 min
[20260602 02:15:06 @multi_agent_runner.py:120] Agent_0 gets eval reward: 0.00.
[20260602 02:15:06 @multi_agent_runner.py:121] Agent_0 gets win rate: 0.00.
[20260602 02:15:06 @multi_agent_runner.py:120] Agent_1 gets eval reward: 0.00.
[20260602 02:15:06 @multi_agent_runner.py:121] Agent_1 gets win rate: 0.00.
[20260602 02:15:06 @multi_agent_runner.py:79] #------------------------ Iteration 719 --------------------------#
[20260602 02:15:18 @multi_agent_runner.py:85] Sampling 50000 steps by 50 slaves, spending 11.93 s.
[20260602 02:15:27 @multi_agent_runner.py:94] Policy update, spending: 9.42 s.
[20260602 02:15:29 @multi_agent_runner.py:99] Evaluation time: 1.40 s.
[20260602 02:15:29 @multi_agent_runner.py:105] Total time:     275.33 min
[20260602 02:15:29 @multi_agent_runner.py:120] Agent_0 gets eval reward: -166.67.
[20260602 02:15:29 @multi_agent_runner.py:121] Agent_0 gets win rate: 0.00.
[20260602 02:15:29 @multi_agent_runner.py:120] Agent_1 gets eval reward: 166.67.
[20260602 02:15:29 @multi_agent_runner.py:121] Agent_1 gets win rate: 0.17.
[20260602 02:15:29 @multi_agent_runner.py:79] #------------------------ Iteration 720 --------------------------#
[20260602 02:15:40 @multi_agent_runner.py:85] Sampling 50000 steps by 50 slaves, spending 11.67 s.
[20260602 02:15:50 @multi_agent_runner.py:94] Policy update, spending: 9.12 s.
[20260602 02:15:51 @multi_agent_runner.py:99] Evaluation time: 1.41 s.
[20260602 02:15:51 @multi_agent_runner.py:105] Total time:     275.70 min
[20260602 02:15:51 @multi_agent_runner.py:120] Agent_0 gets eval reward: 0.00.
[20260602 02:15:51 @multi_agent_runner.py:121] Agent_0 gets win rate: 0.00.
[20260602 02:15:51 @multi_agent_runner.py:120] Agent_1 gets eval reward: 0.00.
[20260602 02:15:51 @multi_agent_runner.py:121] Agent_1 gets win rate: 0.00.
[20260602 02:15:51 @multi_agent_runner.py:79] #------------------------ Iteration 721 --------------------------#
[20260602 02:16:03 @multi_agent_runner.py:85] Sampling 50000 steps by 50 slaves, spending 11.50 s.
[20260602 02:16:12 @multi_agent_runner.py:94] Policy update, spending: 9.07 s.
[20260602 02:16:13 @multi_agent_runner.py:99] Evaluation time: 1.44 s.
[20260602 02:16:13 @multi_agent_runner.py:105] Total time:     276.07 min
[20260602 02:16:13 @multi_agent_runner.py:120] Agent_0 gets eval reward: -142.86.
[20260602 02:16:13 @multi_agent_runner.py:121] Agent_0 gets win rate: 0.00.
[20260602 02:16:13 @multi_agent_runner.py:120] Agent_1 gets eval reward: 142.86.
[20260602 02:16:13 @multi_agent_runner.py:121] Agent_1 gets win rate: 0.14.
[20260602 02:16:13 @multi_agent_runner.py:79] #------------------------ Iteration 722 --------------------------#
[20260602 02:16:25 @multi_agent_runner.py:85] Sampling 50000 steps by 50 slaves, spending 11.81 s.
[20260602 02:16:34 @multi_agent_runner.py:94] Policy update, spending: 8.78 s.
[20260602 02:16:36 @multi_agent_runner.py:99] Evaluation time: 1.86 s.
[20260602 02:16:36 @multi_agent_runner.py:105] Total time:     276.45 min
[20260602 02:16:36 @multi_agent_runner.py:120] Agent_0 gets eval reward: 0.00.
[20260602 02:16:36 @multi_agent_runner.py:121] Agent_0 gets win rate: 0.00.
[20260602 02:16:36 @multi_agent_runner.py:120] Agent_1 gets eval reward: 0.00.
[20260602 02:16:36 @multi_agent_runner.py:121] Agent_1 gets win rate: 0.00.
[20260602 02:16:36 @multi_agent_runner.py:79] #------------------------ Iteration 723 --------------------------#
[20260602 02:16:48 @multi_agent_runner.py:85] Sampling 50000 steps by 50 slaves, spending 11.91 s.
[20260602 02:16:57 @multi_agent_runner.py:94] Policy update, spending: 8.98 s.
[20260602 02:16:58 @multi_agent_runner.py:99] Evaluation time: 1.47 s.
[20260602 02:16:58 @multi_agent_runner.py:105] Total time:     276.82 min
[20260602 02:16:58 @multi_agent_runner.py:120] Agent_0 gets eval reward: 400.00.
[20260602 02:16:58 @multi_agent_runner.py:121] Agent_0 gets win rate: 0.40.
[20260602 02:16:58 @multi_agent_runner.py:120] Agent_1 gets eval reward: -400.00.
[20260602 02:16:58 @multi_agent_runner.py:121] Agent_1 gets win rate: 0.00.
[20260602 02:16:58 @multi_agent_runner.py:79] #------------------------ Iteration 724 --------------------------#
[20260602 02:17:10 @multi_agent_runner.py:85] Sampling 50000 steps by 50 slaves, spending 11.93 s.
[20260602 02:17:20 @multi_agent_runner.py:94] Policy update, spending: 9.43 s.
[20260602 02:17:21 @multi_agent_runner.py:99] Evaluation time: 1.38 s.
[20260602 02:17:21 @multi_agent_runner.py:105] Total time:     277.20 min
[20260602 02:17:21 @multi_agent_runner.py:120] Agent_0 gets eval reward: 0.00.
[20260602 02:17:21 @multi_agent_runner.py:121] Agent_0 gets win rate: 0.00.
[20260602 02:17:21 @multi_agent_runner.py:120] Agent_1 gets eval reward: 0.00.
[20260602 02:17:21 @multi_agent_runner.py:121] Agent_1 gets win rate: 0.00.
[20260602 02:17:21 @multi_agent_runner.py:79] #------------------------ Iteration 725 --------------------------#
[20260602 02:17:33 @multi_agent_runner.py:85] Sampling 50000 steps by 50 slaves, spending 11.50 s.
[20260602 02:17:42 @multi_agent_runner.py:94] Policy update, spending: 9.01 s.
[20260602 02:17:43 @multi_agent_runner.py:99] Evaluation time: 1.50 s.
[20260602 02:17:43 @multi_agent_runner.py:105] Total time:     277.57 min
[20260602 02:17:43 @multi_agent_runner.py:120] Agent_0 gets eval reward: 125.00.
[20260602 02:17:43 @multi_agent_runner.py:121] Agent_0 gets win rate: 0.12.
[20260602 02:17:43 @multi_agent_runner.py:120] Agent_1 gets eval reward: -125.00.
[20260602 02:17:43 @multi_agent_runner.py:121] Agent_1 gets win rate: 0.00.
[20260602 02:17:43 @multi_agent_runner.py:79] #------------------------ Iteration 726 --------------------------#
[20260602 02:17:55 @multi_agent_runner.py:85] Sampling 50000 steps by 50 slaves, spending 11.37 s.
[20260602 02:18:03 @multi_agent_runner.py:94] Policy update, spending: 8.57 s.
[20260602 02:18:05 @multi_agent_runner.py:99] Evaluation time: 1.48 s.
[20260602 02:18:05 @multi_agent_runner.py:105] Total time:     277.93 min
[20260602 02:18:05 @multi_agent_runner.py:120] Agent_0 gets eval reward: 0.00.
[20260602 02:18:05 @multi_agent_runner.py:121] Agent_0 gets win rate: 0.00.
[20260602 02:18:05 @multi_agent_runner.py:120] Agent_1 gets eval reward: 0.00.
[20260602 02:18:05 @multi_agent_runner.py:121] Agent_1 gets win rate: 0.00.
[20260602 02:18:05 @multi_agent_runner.py:79] #------------------------ Iteration 727 --------------------------#
[20260602 02:18:17 @multi_agent_runner.py:85] Sampling 50000 steps by 50 slaves, spending 11.87 s.
[20260602 02:18:26 @multi_agent_runner.py:94] Policy update, spending: 9.14 s.
[20260602 02:18:27 @multi_agent_runner.py:99] Evaluation time: 1.42 s.
[20260602 02:18:27 @multi_agent_runner.py:105] Total time:     278.31 min
[20260602 02:18:28 @multi_agent_runner.py:120] Agent_0 gets eval reward: 0.00.
[20260602 02:18:28 @multi_agent_runner.py:121] Agent_0 gets win rate: 0.00.
[20260602 02:18:28 @multi_agent_runner.py:120] Agent_1 gets eval reward: 0.00.
[20260602 02:18:28 @multi_agent_runner.py:121] Agent_1 gets win rate: 0.00.
[20260602 02:18:28 @multi_agent_runner.py:79] #------------------------ Iteration 728 --------------------------#
[20260602 02:18:40 @multi_agent_runner.py:85] Sampling 50000 steps by 50 slaves, spending 12.38 s.
[20260602 02:18:49 @multi_agent_runner.py:94] Policy update, spending: 8.96 s.
[20260602 02:18:51 @multi_agent_runner.py:99] Evaluation time: 1.62 s.
[20260602 02:18:51 @multi_agent_runner.py:105] Total time:     278.69 min
[20260602 02:18:51 @multi_agent_runner.py:120] Agent_0 gets eval reward: -200.00.
[20260602 02:18:51 @multi_agent_runner.py:121] Agent_0 gets win rate: 0.00.
[20260602 02:18:51 @multi_agent_runner.py:120] Agent_1 gets eval reward: 200.00.
[20260602 02:18:51 @multi_agent_runner.py:121] Agent_1 gets win rate: 0.20.
[20260602 02:18:51 @multi_agent_runner.py:79] #------------------------ Iteration 729 --------------------------#
[20260602 02:19:03 @multi_agent_runner.py:85] Sampling 50000 steps by 50 slaves, spending 11.83 s.
[20260602 02:19:12 @multi_agent_runner.py:94] Policy update, spending: 9.08 s.
[20260602 02:19:13 @multi_agent_runner.py:99] Evaluation time: 1.40 s.
[20260602 02:19:13 @multi_agent_runner.py:105] Total time:     279.07 min
[20260602 02:19:13 @multi_agent_runner.py:120] Agent_0 gets eval reward: 0.00.
[20260602 02:19:13 @multi_agent_runner.py:121] Agent_0 gets win rate: 0.00.
[20260602 02:19:13 @multi_agent_runner.py:120] Agent_1 gets eval reward: 0.00.
[20260602 02:19:13 @multi_agent_runner.py:121] Agent_1 gets win rate: 0.00.
[20260602 02:19:13 @multi_agent_runner.py:79] #------------------------ Iteration 730 --------------------------#
[20260602 02:19:25 @multi_agent_runner.py:85] Sampling 50000 steps by 50 slaves, spending 11.81 s.
[20260602 02:19:34 @multi_agent_runner.py:94] Policy update, spending: 9.09 s.
[20260602 02:19:36 @multi_agent_runner.py:99] Evaluation time: 1.79 s.
[20260602 02:19:36 @multi_agent_runner.py:105] Total time:     279.45 min
[20260602 02:19:36 @multi_agent_runner.py:120] Agent_0 gets eval reward: 0.00.
[20260602 02:19:36 @multi_agent_runner.py:121] Agent_0 gets win rate: 0.00.
[20260602 02:19:36 @multi_agent_runner.py:120] Agent_1 gets eval reward: 0.00.
[20260602 02:19:36 @multi_agent_runner.py:121] Agent_1 gets win rate: 0.00.
[20260602 02:19:36 @multi_agent_runner.py:79] #------------------------ Iteration 731 --------------------------#
[20260602 02:19:47 @multi_agent_runner.py:85] Sampling 50000 steps by 50 slaves, spending 11.41 s.
[20260602 02:19:56 @multi_agent_runner.py:94] Policy update, spending: 8.97 s.
[20260602 02:19:58 @multi_agent_runner.py:99] Evaluation time: 1.50 s.
[20260602 02:19:58 @multi_agent_runner.py:105] Total time:     279.82 min
[20260602 02:19:58 @multi_agent_runner.py:120] Agent_0 gets eval reward: 0.00.
[20260602 02:19:58 @multi_agent_runner.py:121] Agent_0 gets win rate: 0.00.
[20260602 02:19:58 @multi_agent_runner.py:120] Agent_1 gets eval reward: 0.00.
[20260602 02:19:58 @multi_agent_runner.py:121] Agent_1 gets win rate: 0.00.
[20260602 02:19:58 @multi_agent_runner.py:79] #------------------------ Iteration 732 --------------------------#
[20260602 02:20:10 @multi_agent_runner.py:85] Sampling 50000 steps by 50 slaves, spending 11.84 s.
[20260602 02:20:19 @multi_agent_runner.py:94] Policy update, spending: 9.11 s.
[20260602 02:20:21 @multi_agent_runner.py:99] Evaluation time: 1.87 s.
[20260602 02:20:21 @multi_agent_runner.py:105] Total time:     280.20 min
[20260602 02:20:21 @multi_agent_runner.py:120] Agent_0 gets eval reward: 0.00.
[20260602 02:20:21 @multi_agent_runner.py:121] Agent_0 gets win rate: 0.20.
[20260602 02:20:21 @multi_agent_runner.py:120] Agent_1 gets eval reward: 0.00.
[20260602 02:20:21 @multi_agent_runner.py:121] Agent_1 gets win rate: 0.20.
[20260602 02:20:21 @multi_agent_runner.py:79] #------------------------ Iteration 733 --------------------------#
[20260602 02:20:33 @multi_agent_runner.py:85] Sampling 50000 steps by 50 slaves, spending 11.81 s.
[20260602 02:20:42 @multi_agent_runner.py:94] Policy update, spending: 8.83 s.
[20260602 02:20:43 @multi_agent_runner.py:99] Evaluation time: 1.49 s.
[20260602 02:20:43 @multi_agent_runner.py:105] Total time:     280.57 min
[20260602 02:20:43 @multi_agent_runner.py:120] Agent_0 gets eval reward: 0.00.
[20260602 02:20:43 @multi_agent_runner.py:121] Agent_0 gets win rate: 0.00.
[20260602 02:20:43 @multi_agent_runner.py:120] Agent_1 gets eval reward: 0.00.
[20260602 02:20:43 @multi_agent_runner.py:121] Agent_1 gets win rate: 0.00.
[20260602 02:20:43 @multi_agent_runner.py:79] #------------------------ Iteration 734 --------------------------#
[20260602 02:20:55 @multi_agent_runner.py:85] Sampling 50000 steps by 50 slaves, spending 11.94 s.
[20260602 02:21:05 @multi_agent_runner.py:94] Policy update, spending: 9.31 s.
[20260602 02:21:06 @multi_agent_runner.py:99] Evaluation time: 1.81 s.
[20260602 02:21:06 @multi_agent_runner.py:105] Total time:     280.96 min
[20260602 02:21:06 @multi_agent_runner.py:120] Agent_0 gets eval reward: 0.00.
[20260602 02:21:06 @multi_agent_runner.py:121] Agent_0 gets win rate: 0.00.
[20260602 02:21:06 @multi_agent_runner.py:120] Agent_1 gets eval reward: 0.00.
[20260602 02:21:06 @multi_agent_runner.py:121] Agent_1 gets win rate: 0.00.
[20260602 02:21:07 @multi_agent_runner.py:79] #------------------------ Iteration 735 --------------------------#
[20260602 02:21:18 @multi_agent_runner.py:85] Sampling 50000 steps by 50 slaves, spending 11.87 s.
[20260602 02:21:27 @multi_agent_runner.py:94] Policy update, spending: 9.00 s.
[20260602 02:21:29 @multi_agent_runner.py:99] Evaluation time: 1.53 s.
[20260602 02:21:29 @multi_agent_runner.py:105] Total time:     281.33 min
[20260602 02:21:29 @multi_agent_runner.py:120] Agent_0 gets eval reward: 0.00.
[20260602 02:21:29 @multi_agent_runner.py:121] Agent_0 gets win rate: 0.00.
[20260602 02:21:29 @multi_agent_runner.py:120] Agent_1 gets eval reward: 0.00.
[20260602 02:21:29 @multi_agent_runner.py:121] Agent_1 gets win rate: 0.00.
[20260602 02:21:29 @multi_agent_runner.py:79] #------------------------ Iteration 736 --------------------------#
[20260602 02:21:41 @multi_agent_runner.py:85] Sampling 50000 steps by 50 slaves, spending 11.69 s.
[20260602 02:21:49 @multi_agent_runner.py:94] Policy update, spending: 8.70 s.
[20260602 02:21:51 @multi_agent_runner.py:99] Evaluation time: 1.53 s.
[20260602 02:21:51 @multi_agent_runner.py:105] Total time:     281.70 min
[20260602 02:21:51 @multi_agent_runner.py:120] Agent_0 gets eval reward: 0.00.
[20260602 02:21:51 @multi_agent_runner.py:121] Agent_0 gets win rate: 0.00.
[20260602 02:21:51 @multi_agent_runner.py:120] Agent_1 gets eval reward: 0.00.
[20260602 02:21:51 @multi_agent_runner.py:121] Agent_1 gets win rate: 0.00.
[20260602 02:21:51 @multi_agent_runner.py:79] #------------------------ Iteration 737 --------------------------#
[20260602 02:22:03 @multi_agent_runner.py:85] Sampling 50000 steps by 50 slaves, spending 12.02 s.
[20260602 02:22:12 @multi_agent_runner.py:94] Policy update, spending: 9.29 s.
[20260602 02:22:14 @multi_agent_runner.py:99] Evaluation time: 1.51 s.
[20260602 02:22:14 @multi_agent_runner.py:105] Total time:     282.08 min
[20260602 02:22:14 @multi_agent_runner.py:120] Agent_0 gets eval reward: 0.00.
[20260602 02:22:14 @multi_agent_runner.py:121] Agent_0 gets win rate: 0.00.
[20260602 02:22:14 @multi_agent_runner.py:120] Agent_1 gets eval reward: 0.00.
[20260602 02:22:14 @multi_agent_runner.py:121] Agent_1 gets win rate: 0.00.
[20260602 02:22:14 @multi_agent_runner.py:79] #------------------------ Iteration 738 --------------------------#
[20260602 02:22:25 @multi_agent_runner.py:85] Sampling 50000 steps by 50 slaves, spending 11.18 s.
[20260602 02:22:34 @multi_agent_runner.py:94] Policy update, spending: 8.97 s.
[20260602 02:22:36 @multi_agent_runner.py:99] Evaluation time: 1.55 s.
[20260602 02:22:36 @multi_agent_runner.py:105] Total time:     282.45 min
[20260602 02:22:36 @multi_agent_runner.py:120] Agent_0 gets eval reward: 0.00.
[20260602 02:22:36 @multi_agent_runner.py:121] Agent_0 gets win rate: 0.00.
[20260602 02:22:36 @multi_agent_runner.py:120] Agent_1 gets eval reward: 0.00.
[20260602 02:22:36 @multi_agent_runner.py:121] Agent_1 gets win rate: 0.00.
[20260602 02:22:36 @multi_agent_runner.py:79] #------------------------ Iteration 739 --------------------------#
[20260602 02:22:48 @multi_agent_runner.py:85] Sampling 50000 steps by 50 slaves, spending 11.88 s.
[20260602 02:22:57 @multi_agent_runner.py:94] Policy update, spending: 9.38 s.
[20260602 02:22:59 @multi_agent_runner.py:99] Evaluation time: 1.43 s.
[20260602 02:22:59 @multi_agent_runner.py:105] Total time:     282.83 min
[20260602 02:22:59 @multi_agent_runner.py:120] Agent_0 gets eval reward: -200.00.
[20260602 02:22:59 @multi_agent_runner.py:121] Agent_0 gets win rate: 0.00.
[20260602 02:22:59 @multi_agent_runner.py:120] Agent_1 gets eval reward: 200.00.
[20260602 02:22:59 @multi_agent_runner.py:121] Agent_1 gets win rate: 0.20.
[20260602 02:22:59 @multi_agent_runner.py:79] #------------------------ Iteration 740 --------------------------#
[20260602 02:23:10 @multi_agent_runner.py:85] Sampling 50000 steps by 50 slaves, spending 11.55 s.
[20260602 02:23:19 @multi_agent_runner.py:94] Policy update, spending: 8.99 s.
[20260602 02:23:21 @multi_agent_runner.py:99] Evaluation time: 1.63 s.
[20260602 02:23:21 @multi_agent_runner.py:105] Total time:     283.20 min
[20260602 02:23:21 @multi_agent_runner.py:120] Agent_0 gets eval reward: -200.00.
[20260602 02:23:21 @multi_agent_runner.py:121] Agent_0 gets win rate: 0.00.
[20260602 02:23:21 @multi_agent_runner.py:120] Agent_1 gets eval reward: 200.00.
[20260602 02:23:21 @multi_agent_runner.py:121] Agent_1 gets win rate: 0.20.
[20260602 02:23:21 @multi_agent_runner.py:79] #------------------------ Iteration 741 --------------------------#
[20260602 02:23:33 @multi_agent_runner.py:85] Sampling 50000 steps by 50 slaves, spending 11.75 s.
[20260602 02:23:42 @multi_agent_runner.py:94] Policy update, spending: 9.04 s.
[20260602 02:23:43 @multi_agent_runner.py:99] Evaluation time: 1.50 s.
[20260602 02:23:43 @multi_agent_runner.py:105] Total time:     283.57 min
[20260602 02:23:43 @multi_agent_runner.py:120] Agent_0 gets eval reward: 0.00.
[20260602 02:23:43 @multi_agent_runner.py:121] Agent_0 gets win rate: 0.00.
[20260602 02:23:43 @multi_agent_runner.py:120] Agent_1 gets eval reward: 0.00.
[20260602 02:23:43 @multi_agent_runner.py:121] Agent_1 gets win rate: 0.00.
[20260602 02:23:44 @multi_agent_runner.py:79] #------------------------ Iteration 742 --------------------------#
[20260602 02:23:55 @multi_agent_runner.py:85] Sampling 50000 steps by 50 slaves, spending 11.66 s.
[20260602 02:24:04 @multi_agent_runner.py:94] Policy update, spending: 8.77 s.
[20260602 02:24:06 @multi_agent_runner.py:99] Evaluation time: 1.91 s.
[20260602 02:24:06 @multi_agent_runner.py:105] Total time:     283.95 min
[20260602 02:24:06 @multi_agent_runner.py:120] Agent_0 gets eval reward: 0.00.
[20260602 02:24:06 @multi_agent_runner.py:121] Agent_0 gets win rate: 0.00.
[20260602 02:24:06 @multi_agent_runner.py:120] Agent_1 gets eval reward: 0.00.
[20260602 02:24:06 @multi_agent_runner.py:121] Agent_1 gets win rate: 0.00.
[20260602 02:24:06 @multi_agent_runner.py:79] #------------------------ Iteration 743 --------------------------#
[20260602 02:24:18 @multi_agent_runner.py:85] Sampling 50000 steps by 50 slaves, spending 11.87 s.
[20260602 02:24:27 @multi_agent_runner.py:94] Policy update, spending: 9.11 s.
[20260602 02:24:28 @multi_agent_runner.py:99] Evaluation time: 1.40 s.
[20260602 02:24:28 @multi_agent_runner.py:105] Total time:     284.32 min
[20260602 02:24:28 @multi_agent_runner.py:120] Agent_0 gets eval reward: 0.00.
[20260602 02:24:28 @multi_agent_runner.py:121] Agent_0 gets win rate: 0.00.
[20260602 02:24:28 @multi_agent_runner.py:120] Agent_1 gets eval reward: 0.00.
[20260602 02:24:28 @multi_agent_runner.py:121] Agent_1 gets win rate: 0.00.
[20260602 02:24:29 @multi_agent_runner.py:79] #------------------------ Iteration 744 --------------------------#
[20260602 02:24:41 @multi_agent_runner.py:85] Sampling 50000 steps by 50 slaves, spending 12.00 s.
[20260602 02:24:50 @multi_agent_runner.py:94] Policy update, spending: 9.25 s.
[20260602 02:24:52 @multi_agent_runner.py:99] Evaluation time: 1.79 s.
[20260602 02:24:52 @multi_agent_runner.py:105] Total time:     284.71 min
[20260602 02:24:52 @multi_agent_runner.py:120] Agent_0 gets eval reward: 142.86.
[20260602 02:24:52 @multi_agent_runner.py:121] Agent_0 gets win rate: 0.14.
[20260602 02:24:52 @multi_agent_runner.py:120] Agent_1 gets eval reward: -142.86.
[20260602 02:24:52 @multi_agent_runner.py:121] Agent_1 gets win rate: 0.00.
[20260602 02:24:52 @multi_agent_runner.py:79] #------------------------ Iteration 745 --------------------------#
[20260602 02:25:04 @multi_agent_runner.py:85] Sampling 50000 steps by 50 slaves, spending 12.13 s.
[20260602 02:25:13 @multi_agent_runner.py:94] Policy update, spending: 9.26 s.
[20260602 02:25:14 @multi_agent_runner.py:99] Evaluation time: 1.36 s.
[20260602 02:25:14 @multi_agent_runner.py:105] Total time:     285.09 min
[20260602 02:25:15 @multi_agent_runner.py:120] Agent_0 gets eval reward: 250.00.
[20260602 02:25:15 @multi_agent_runner.py:121] Agent_0 gets win rate: 0.25.
[20260602 02:25:15 @multi_agent_runner.py:120] Agent_1 gets eval reward: -250.00.
[20260602 02:25:15 @multi_agent_runner.py:121] Agent_1 gets win rate: 0.00.
[20260602 02:25:15 @multi_agent_runner.py:79] #------------------------ Iteration 746 --------------------------#
[20260602 02:25:26 @multi_agent_runner.py:85] Sampling 50000 steps by 50 slaves, spending 11.51 s.
[20260602 02:25:36 @multi_agent_runner.py:94] Policy update, spending: 9.36 s.
[20260602 02:25:37 @multi_agent_runner.py:99] Evaluation time: 1.36 s.
[20260602 02:25:37 @multi_agent_runner.py:105] Total time:     285.47 min
[20260602 02:25:37 @multi_agent_runner.py:120] Agent_0 gets eval reward: 0.00.
[20260602 02:25:37 @multi_agent_runner.py:121] Agent_0 gets win rate: 0.00.
[20260602 02:25:37 @multi_agent_runner.py:120] Agent_1 gets eval reward: 0.00.
[20260602 02:25:37 @multi_agent_runner.py:121] Agent_1 gets win rate: 0.00.
[20260602 02:25:37 @multi_agent_runner.py:79] #------------------------ Iteration 747 --------------------------#
[20260602 02:25:49 @multi_agent_runner.py:85] Sampling 50000 steps by 50 slaves, spending 11.72 s.
[20260602 02:25:58 @multi_agent_runner.py:94] Policy update, spending: 8.95 s.
[20260602 02:25:59 @multi_agent_runner.py:99] Evaluation time: 1.48 s.
[20260602 02:25:59 @multi_agent_runner.py:105] Total time:     285.84 min
[20260602 02:25:59 @multi_agent_runner.py:120] Agent_0 gets eval reward: 0.00.
[20260602 02:25:59 @multi_agent_runner.py:121] Agent_0 gets win rate: 0.00.
[20260602 02:25:59 @multi_agent_runner.py:120] Agent_1 gets eval reward: 0.00.
[20260602 02:25:59 @multi_agent_runner.py:121] Agent_1 gets win rate: 0.00.
[20260602 02:25:59 @multi_agent_runner.py:79] #------------------------ Iteration 748 --------------------------#
[20260602 02:26:11 @multi_agent_runner.py:85] Sampling 50000 steps by 50 slaves, spending 11.98 s.
[20260602 02:26:21 @multi_agent_runner.py:94] Policy update, spending: 9.27 s.
[20260602 02:26:22 @multi_agent_runner.py:99] Evaluation time: 1.35 s.
[20260602 02:26:22 @multi_agent_runner.py:105] Total time:     286.22 min
[20260602 02:26:22 @multi_agent_runner.py:120] Agent_0 gets eval reward: 250.00.
[20260602 02:26:22 @multi_agent_runner.py:121] Agent_0 gets win rate: 0.25.
[20260602 02:26:22 @multi_agent_runner.py:120] Agent_1 gets eval reward: -250.00.
[20260602 02:26:22 @multi_agent_runner.py:121] Agent_1 gets win rate: 0.00.
[20260602 02:26:22 @multi_agent_runner.py:79] #------------------------ Iteration 749 --------------------------#
[20260602 02:26:34 @multi_agent_runner.py:85] Sampling 50000 steps by 50 slaves, spending 11.89 s.
[20260602 02:26:43 @multi_agent_runner.py:94] Policy update, spending: 9.17 s.
[20260602 02:26:45 @multi_agent_runner.py:99] Evaluation time: 1.70 s.
[20260602 02:26:45 @multi_agent_runner.py:105] Total time:     286.60 min
[20260602 02:26:45 @multi_agent_runner.py:120] Agent_0 gets eval reward: 0.00.
[20260602 02:26:45 @multi_agent_runner.py:121] Agent_0 gets win rate: 0.00.
[20260602 02:26:45 @multi_agent_runner.py:120] Agent_1 gets eval reward: 0.00.
[20260602 02:26:45 @multi_agent_runner.py:121] Agent_1 gets win rate: 0.00.
[20260602 02:26:45 @multi_agent_runner.py:79] #------------------------ Iteration 750 --------------------------#
[20260602 02:26:57 @multi_agent_runner.py:85] Sampling 50000 steps by 50 slaves, spending 11.73 s.
[20260602 02:27:06 @multi_agent_runner.py:94] Policy update, spending: 9.37 s.
[20260602 02:27:08 @multi_agent_runner.py:99] Evaluation time: 1.46 s.
[20260602 02:27:08 @multi_agent_runner.py:105] Total time:     286.98 min
[20260602 02:27:08 @multi_agent_runner.py:120] Agent_0 gets eval reward: 0.00.
[20260602 02:27:08 @multi_agent_runner.py:121] Agent_0 gets win rate: 0.20.
[20260602 02:27:08 @multi_agent_runner.py:120] Agent_1 gets eval reward: 0.00.
[20260602 02:27:08 @multi_agent_runner.py:121] Agent_1 gets win rate: 0.20.
[20260602 02:27:08 @multi_agent_runner.py:79] #------------------------ Iteration 751 --------------------------#
[20260602 02:27:19 @multi_agent_runner.py:85] Sampling 50000 steps by 50 slaves, spending 11.48 s.
[20260602 02:27:28 @multi_agent_runner.py:94] Policy update, spending: 9.13 s.
[20260602 02:27:30 @multi_agent_runner.py:99] Evaluation time: 1.41 s.
[20260602 02:27:30 @multi_agent_runner.py:105] Total time:     287.35 min
[20260602 02:27:30 @multi_agent_runner.py:120] Agent_0 gets eval reward: 200.00.
[20260602 02:27:30 @multi_agent_runner.py:121] Agent_0 gets win rate: 0.20.
[20260602 02:27:30 @multi_agent_runner.py:120] Agent_1 gets eval reward: -200.00.
[20260602 02:27:30 @multi_agent_runner.py:121] Agent_1 gets win rate: 0.00.
[20260602 02:27:30 @multi_agent_runner.py:79] #------------------------ Iteration 752 --------------------------#
[20260602 02:27:42 @multi_agent_runner.py:85] Sampling 50000 steps by 50 slaves, spending 11.64 s.
[20260602 02:27:50 @multi_agent_runner.py:94] Policy update, spending: 8.87 s.
[20260602 02:27:52 @multi_agent_runner.py:99] Evaluation time: 1.43 s.
[20260602 02:27:52 @multi_agent_runner.py:105] Total time:     287.71 min
[20260602 02:27:52 @multi_agent_runner.py:120] Agent_0 gets eval reward: 0.00.
[20260602 02:27:52 @multi_agent_runner.py:121] Agent_0 gets win rate: 0.00.
[20260602 02:27:52 @multi_agent_runner.py:120] Agent_1 gets eval reward: 0.00.
[20260602 02:27:52 @multi_agent_runner.py:121] Agent_1 gets win rate: 0.00.
[20260602 02:27:52 @multi_agent_runner.py:79] #------------------------ Iteration 753 --------------------------#
[20260602 02:28:03 @multi_agent_runner.py:85] Sampling 50000 steps by 50 slaves, spending 11.52 s.
[20260602 02:28:12 @multi_agent_runner.py:94] Policy update, spending: 8.78 s.
[20260602 02:28:14 @multi_agent_runner.py:99] Evaluation time: 1.46 s.
[20260602 02:28:14 @multi_agent_runner.py:105] Total time:     288.08 min
[20260602 02:28:14 @multi_agent_runner.py:120] Agent_0 gets eval reward: 285.71.
[20260602 02:28:14 @multi_agent_runner.py:121] Agent_0 gets win rate: 0.29.
[20260602 02:28:14 @multi_agent_runner.py:120] Agent_1 gets eval reward: -285.71.
[20260602 02:28:14 @multi_agent_runner.py:121] Agent_1 gets win rate: 0.00.
[20260602 02:28:14 @multi_agent_runner.py:79] #------------------------ Iteration 754 --------------------------#
[20260602 02:28:26 @multi_agent_runner.py:85] Sampling 50000 steps by 50 slaves, spending 11.75 s.
[20260602 02:28:35 @multi_agent_runner.py:94] Policy update, spending: 8.90 s.
[20260602 02:28:36 @multi_agent_runner.py:99] Evaluation time: 1.60 s.
[20260602 02:28:36 @multi_agent_runner.py:105] Total time:     288.45 min
[20260602 02:28:36 @multi_agent_runner.py:120] Agent_0 gets eval reward: 166.67.
[20260602 02:28:36 @multi_agent_runner.py:121] Agent_0 gets win rate: 0.17.
[20260602 02:28:36 @multi_agent_runner.py:120] Agent_1 gets eval reward: -166.67.
[20260602 02:28:36 @multi_agent_runner.py:121] Agent_1 gets win rate: 0.00.
[20260602 02:28:36 @multi_agent_runner.py:79] #------------------------ Iteration 755 --------------------------#
[20260602 02:28:48 @multi_agent_runner.py:85] Sampling 50000 steps by 50 slaves, spending 11.90 s.
[20260602 02:28:58 @multi_agent_runner.py:94] Policy update, spending: 9.40 s.
[20260602 02:28:59 @multi_agent_runner.py:99] Evaluation time: 1.40 s.
[20260602 02:28:59 @multi_agent_runner.py:105] Total time:     288.83 min
[20260602 02:28:59 @multi_agent_runner.py:120] Agent_0 gets eval reward: 0.00.
[20260602 02:28:59 @multi_agent_runner.py:121] Agent_0 gets win rate: 0.00.
[20260602 02:28:59 @multi_agent_runner.py:120] Agent_1 gets eval reward: 0.00.
[20260602 02:28:59 @multi_agent_runner.py:121] Agent_1 gets win rate: 0.00.
[20260602 02:28:59 @multi_agent_runner.py:79] #------------------------ Iteration 756 --------------------------#
[20260602 02:29:11 @multi_agent_runner.py:85] Sampling 50000 steps by 50 slaves, spending 11.76 s.
[20260602 02:29:20 @multi_agent_runner.py:94] Policy update, spending: 8.98 s.
[20260602 02:29:21 @multi_agent_runner.py:99] Evaluation time: 1.51 s.
[20260602 02:29:21 @multi_agent_runner.py:105] Total time:     289.21 min
[20260602 02:29:21 @multi_agent_runner.py:120] Agent_0 gets eval reward: 0.00.
[20260602 02:29:21 @multi_agent_runner.py:121] Agent_0 gets win rate: 0.00.
[20260602 02:29:21 @multi_agent_runner.py:120] Agent_1 gets eval reward: 0.00.
[20260602 02:29:21 @multi_agent_runner.py:121] Agent_1 gets win rate: 0.00.
[20260602 02:29:22 @multi_agent_runner.py:79] #------------------------ Iteration 757 --------------------------#
[20260602 02:29:34 @multi_agent_runner.py:85] Sampling 50000 steps by 50 slaves, spending 12.34 s.
[20260602 02:29:43 @multi_agent_runner.py:94] Policy update, spending: 8.94 s.
[20260602 02:29:44 @multi_agent_runner.py:99] Evaluation time: 1.35 s.
[20260602 02:29:44 @multi_agent_runner.py:105] Total time:     289.59 min
[20260602 02:29:44 @multi_agent_runner.py:120] Agent_0 gets eval reward: 0.00.
[20260602 02:29:44 @multi_agent_runner.py:121] Agent_0 gets win rate: 0.00.
[20260602 02:29:44 @multi_agent_runner.py:120] Agent_1 gets eval reward: 0.00.
[20260602 02:29:44 @multi_agent_runner.py:121] Agent_1 gets win rate: 0.00.
[20260602 02:29:44 @multi_agent_runner.py:79] #------------------------ Iteration 758 --------------------------#
[20260602 02:29:56 @multi_agent_runner.py:85] Sampling 50000 steps by 50 slaves, spending 12.16 s.
[20260602 02:30:06 @multi_agent_runner.py:94] Policy update, spending: 9.41 s.
[20260602 02:30:07 @multi_agent_runner.py:99] Evaluation time: 1.33 s.
[20260602 02:30:07 @multi_agent_runner.py:105] Total time:     289.97 min
[20260602 02:30:07 @multi_agent_runner.py:120] Agent_0 gets eval reward: 0.00.
[20260602 02:30:07 @multi_agent_runner.py:121] Agent_0 gets win rate: 0.00.
[20260602 02:30:07 @multi_agent_runner.py:120] Agent_1 gets eval reward: 0.00.
[20260602 02:30:07 @multi_agent_runner.py:121] Agent_1 gets win rate: 0.00.
[20260602 02:30:07 @multi_agent_runner.py:79] #------------------------ Iteration 759 --------------------------#
[20260602 02:30:19 @multi_agent_runner.py:85] Sampling 50000 steps by 50 slaves, spending 11.44 s.
[20260602 02:30:28 @multi_agent_runner.py:94] Policy update, spending: 9.26 s.
[20260602 02:30:30 @multi_agent_runner.py:99] Evaluation time: 1.46 s.
[20260602 02:30:30 @multi_agent_runner.py:105] Total time:     290.34 min
[20260602 02:30:30 @multi_agent_runner.py:120] Agent_0 gets eval reward: 250.00.
[20260602 02:30:30 @multi_agent_runner.py:121] Agent_0 gets win rate: 0.25.
[20260602 02:30:30 @multi_agent_runner.py:120] Agent_1 gets eval reward: -250.00.
[20260602 02:30:30 @multi_agent_runner.py:121] Agent_1 gets win rate: 0.00.
[20260602 02:30:30 @multi_agent_runner.py:79] #------------------------ Iteration 760 --------------------------#
[20260602 02:30:41 @multi_agent_runner.py:85] Sampling 50000 steps by 50 slaves, spending 11.78 s.
[20260602 02:30:50 @multi_agent_runner.py:94] Policy update, spending: 8.77 s.
[20260602 02:30:52 @multi_agent_runner.py:99] Evaluation time: 1.61 s.
[20260602 02:30:52 @multi_agent_runner.py:105] Total time:     290.72 min
[20260602 02:30:52 @multi_agent_runner.py:120] Agent_0 gets eval reward: 333.33.
[20260602 02:30:52 @multi_agent_runner.py:121] Agent_0 gets win rate: 0.33.
[20260602 02:30:52 @multi_agent_runner.py:120] Agent_1 gets eval reward: -333.33.
[20260602 02:30:52 @multi_agent_runner.py:121] Agent_1 gets win rate: 0.00.
[20260602 02:30:52 @multi_agent_runner.py:79] #------------------------ Iteration 761 --------------------------#
[20260602 02:31:04 @multi_agent_runner.py:85] Sampling 50000 steps by 50 slaves, spending 12.31 s.
[20260602 02:31:13 @multi_agent_runner.py:94] Policy update, spending: 9.15 s.
[20260602 02:31:15 @multi_agent_runner.py:99] Evaluation time: 1.41 s.
[20260602 02:31:15 @multi_agent_runner.py:105] Total time:     291.10 min
[20260602 02:31:15 @multi_agent_runner.py:120] Agent_0 gets eval reward: 0.00.
[20260602 02:31:15 @multi_agent_runner.py:121] Agent_0 gets win rate: 0.00.
[20260602 02:31:15 @multi_agent_runner.py:120] Agent_1 gets eval reward: 0.00.
[20260602 02:31:15 @multi_agent_runner.py:121] Agent_1 gets win rate: 0.00.
[20260602 02:31:15 @multi_agent_runner.py:79] #------------------------ Iteration 762 --------------------------#
[20260602 02:31:27 @multi_agent_runner.py:85] Sampling 50000 steps by 50 slaves, spending 11.82 s.
[20260602 02:31:36 @multi_agent_runner.py:94] Policy update, spending: 9.04 s.
[20260602 02:31:37 @multi_agent_runner.py:99] Evaluation time: 1.38 s.
[20260602 02:31:37 @multi_agent_runner.py:105] Total time:     291.47 min
[20260602 02:31:37 @multi_agent_runner.py:120] Agent_0 gets eval reward: 166.67.
[20260602 02:31:37 @multi_agent_runner.py:121] Agent_0 gets win rate: 0.17.
[20260602 02:31:37 @multi_agent_runner.py:120] Agent_1 gets eval reward: -166.67.
[20260602 02:31:37 @multi_agent_runner.py:121] Agent_1 gets win rate: 0.00.
[20260602 02:31:37 @multi_agent_runner.py:79] #------------------------ Iteration 763 --------------------------#
[20260602 02:31:49 @multi_agent_runner.py:85] Sampling 50000 steps by 50 slaves, spending 11.73 s.
[20260602 02:31:58 @multi_agent_runner.py:94] Policy update, spending: 9.00 s.
[20260602 02:32:00 @multi_agent_runner.py:99] Evaluation time: 1.77 s.
[20260602 02:32:00 @multi_agent_runner.py:105] Total time:     291.85 min
[20260602 02:32:00 @multi_agent_runner.py:120] Agent_0 gets eval reward: 0.00.
[20260602 02:32:00 @multi_agent_runner.py:121] Agent_0 gets win rate: 0.00.
[20260602 02:32:00 @multi_agent_runner.py:120] Agent_1 gets eval reward: 0.00.
[20260602 02:32:00 @multi_agent_runner.py:121] Agent_1 gets win rate: 0.00.
[20260602 02:32:00 @multi_agent_runner.py:79] #------------------------ Iteration 764 --------------------------#
[20260602 02:32:12 @multi_agent_runner.py:85] Sampling 50000 steps by 50 slaves, spending 11.77 s.
[20260602 02:32:21 @multi_agent_runner.py:94] Policy update, spending: 8.96 s.
[20260602 02:32:22 @multi_agent_runner.py:99] Evaluation time: 1.57 s.
[20260602 02:32:22 @multi_agent_runner.py:105] Total time:     292.22 min
[20260602 02:32:22 @multi_agent_runner.py:120] Agent_0 gets eval reward: 0.00.
[20260602 02:32:22 @multi_agent_runner.py:121] Agent_0 gets win rate: 0.00.
[20260602 02:32:22 @multi_agent_runner.py:120] Agent_1 gets eval reward: 0.00.
[20260602 02:32:22 @multi_agent_runner.py:121] Agent_1 gets win rate: 0.00.
[20260602 02:32:22 @multi_agent_runner.py:79] #------------------------ Iteration 765 --------------------------#
[20260602 02:32:35 @multi_agent_runner.py:85] Sampling 50000 steps by 50 slaves, spending 12.52 s.
[20260602 02:32:44 @multi_agent_runner.py:94] Policy update, spending: 9.41 s.
[20260602 02:32:46 @multi_agent_runner.py:99] Evaluation time: 1.84 s.
[20260602 02:32:46 @multi_agent_runner.py:105] Total time:     292.62 min
[20260602 02:32:46 @multi_agent_runner.py:120] Agent_0 gets eval reward: 0.00.
[20260602 02:32:46 @multi_agent_runner.py:121] Agent_0 gets win rate: 0.00.
[20260602 02:32:46 @multi_agent_runner.py:120] Agent_1 gets eval reward: 0.00.
[20260602 02:32:46 @multi_agent_runner.py:121] Agent_1 gets win rate: 0.00.
[20260602 02:32:46 @multi_agent_runner.py:79] #------------------------ Iteration 766 --------------------------#
[20260602 02:32:58 @multi_agent_runner.py:85] Sampling 50000 steps by 50 slaves, spending 11.82 s.
[20260602 02:33:08 @multi_agent_runner.py:94] Policy update, spending: 9.31 s.
[20260602 02:33:09 @multi_agent_runner.py:99] Evaluation time: 1.33 s.
[20260602 02:33:09 @multi_agent_runner.py:105] Total time:     293.00 min
[20260602 02:33:09 @multi_agent_runner.py:120] Agent_0 gets eval reward: 200.00.
[20260602 02:33:09 @multi_agent_runner.py:121] Agent_0 gets win rate: 0.20.
[20260602 02:33:09 @multi_agent_runner.py:120] Agent_1 gets eval reward: -200.00.
[20260602 02:33:09 @multi_agent_runner.py:121] Agent_1 gets win rate: 0.00.
[20260602 02:33:09 @multi_agent_runner.py:79] #------------------------ Iteration 767 --------------------------#
[20260602 02:33:21 @multi_agent_runner.py:85] Sampling 50000 steps by 50 slaves, spending 11.96 s.
[20260602 02:33:30 @multi_agent_runner.py:94] Policy update, spending: 8.82 s.
[20260602 02:33:31 @multi_agent_runner.py:99] Evaluation time: 1.48 s.
[20260602 02:33:31 @multi_agent_runner.py:105] Total time:     293.37 min
[20260602 02:33:31 @multi_agent_runner.py:120] Agent_0 gets eval reward: -333.33.
[20260602 02:33:31 @multi_agent_runner.py:121] Agent_0 gets win rate: 0.00.
[20260602 02:33:31 @multi_agent_runner.py:120] Agent_1 gets eval reward: 333.33.
[20260602 02:33:31 @multi_agent_runner.py:121] Agent_1 gets win rate: 0.33.
[20260602 02:33:31 @multi_agent_runner.py:79] #------------------------ Iteration 768 --------------------------#
[20260602 02:33:43 @multi_agent_runner.py:85] Sampling 50000 steps by 50 slaves, spending 11.89 s.
[20260602 02:33:52 @multi_agent_runner.py:94] Policy update, spending: 9.14 s.
[20260602 02:33:54 @multi_agent_runner.py:99] Evaluation time: 1.59 s.
[20260602 02:33:54 @multi_agent_runner.py:105] Total time:     293.75 min
[20260602 02:33:54 @multi_agent_runner.py:120] Agent_0 gets eval reward: 0.00.
[20260602 02:33:54 @multi_agent_runner.py:121] Agent_0 gets win rate: 0.00.
[20260602 02:33:54 @multi_agent_runner.py:120] Agent_1 gets eval reward: 0.00.
[20260602 02:33:54 @multi_agent_runner.py:121] Agent_1 gets win rate: 0.00.
[20260602 02:33:54 @multi_agent_runner.py:79] #------------------------ Iteration 769 --------------------------#
[20260602 02:34:06 @multi_agent_runner.py:85] Sampling 50000 steps by 50 slaves, spending 11.63 s.
[20260602 02:34:15 @multi_agent_runner.py:94] Policy update, spending: 8.94 s.
[20260602 02:34:16 @multi_agent_runner.py:99] Evaluation time: 1.63 s.
[20260602 02:34:16 @multi_agent_runner.py:105] Total time:     294.12 min
[20260602 02:34:16 @multi_agent_runner.py:120] Agent_0 gets eval reward: 0.00.
[20260602 02:34:16 @multi_agent_runner.py:121] Agent_0 gets win rate: 0.00.
[20260602 02:34:16 @multi_agent_runner.py:120] Agent_1 gets eval reward: 0.00.
[20260602 02:34:16 @multi_agent_runner.py:121] Agent_1 gets win rate: 0.00.
[20260602 02:34:17 @multi_agent_runner.py:79] #------------------------ Iteration 770 --------------------------#
[20260602 02:34:29 @multi_agent_runner.py:85] Sampling 50000 steps by 50 slaves, spending 12.19 s.
[20260602 02:34:38 @multi_agent_runner.py:94] Policy update, spending: 9.44 s.
[20260602 02:34:40 @multi_agent_runner.py:99] Evaluation time: 1.72 s.
[20260602 02:34:40 @multi_agent_runner.py:105] Total time:     294.52 min
[20260602 02:34:40 @multi_agent_runner.py:120] Agent_0 gets eval reward: 250.00.
[20260602 02:34:40 @multi_agent_runner.py:121] Agent_0 gets win rate: 0.25.
[20260602 02:34:40 @multi_agent_runner.py:120] Agent_1 gets eval reward: -250.00.
[20260602 02:34:40 @multi_agent_runner.py:121] Agent_1 gets win rate: 0.00.
[20260602 02:34:40 @multi_agent_runner.py:79] #------------------------ Iteration 771 --------------------------#
[20260602 02:34:52 @multi_agent_runner.py:85] Sampling 50000 steps by 50 slaves, spending 11.80 s.
[20260602 02:35:01 @multi_agent_runner.py:94] Policy update, spending: 9.04 s.
[20260602 02:35:03 @multi_agent_runner.py:99] Evaluation time: 2.16 s.
[20260602 02:35:03 @multi_agent_runner.py:105] Total time:     294.90 min
[20260602 02:35:03 @multi_agent_runner.py:120] Agent_0 gets eval reward: 0.00.
[20260602 02:35:03 @multi_agent_runner.py:121] Agent_0 gets win rate: 0.00.
[20260602 02:35:03 @multi_agent_runner.py:120] Agent_1 gets eval reward: 0.00.
[20260602 02:35:03 @multi_agent_runner.py:121] Agent_1 gets win rate: 0.00.
[20260602 02:35:03 @multi_agent_runner.py:79] #------------------------ Iteration 772 --------------------------#
[20260602 02:35:15 @multi_agent_runner.py:85] Sampling 50000 steps by 50 slaves, spending 12.01 s.
[20260602 02:35:25 @multi_agent_runner.py:94] Policy update, spending: 9.34 s.
[20260602 02:35:26 @multi_agent_runner.py:99] Evaluation time: 1.42 s.
[20260602 02:35:26 @multi_agent_runner.py:105] Total time:     295.28 min
[20260602 02:35:26 @multi_agent_runner.py:120] Agent_0 gets eval reward: 200.00.
[20260602 02:35:26 @multi_agent_runner.py:121] Agent_0 gets win rate: 0.20.
[20260602 02:35:26 @multi_agent_runner.py:120] Agent_1 gets eval reward: -200.00.
[20260602 02:35:26 @multi_agent_runner.py:121] Agent_1 gets win rate: 0.00.
[20260602 02:35:26 @multi_agent_runner.py:79] #------------------------ Iteration 773 --------------------------#
[20260602 02:35:38 @multi_agent_runner.py:85] Sampling 50000 steps by 50 slaves, spending 11.93 s.
[20260602 02:35:47 @multi_agent_runner.py:94] Policy update, spending: 9.24 s.
[20260602 02:35:49 @multi_agent_runner.py:99] Evaluation time: 1.38 s.
[20260602 02:35:49 @multi_agent_runner.py:105] Total time:     295.66 min
[20260602 02:35:49 @multi_agent_runner.py:120] Agent_0 gets eval reward: 0.00.
[20260602 02:35:49 @multi_agent_runner.py:121] Agent_0 gets win rate: 0.00.
[20260602 02:35:49 @multi_agent_runner.py:120] Agent_1 gets eval reward: 0.00.
[20260602 02:35:49 @multi_agent_runner.py:121] Agent_1 gets win rate: 0.00.
[20260602 02:35:49 @multi_agent_runner.py:79] #------------------------ Iteration 774 --------------------------#
[20260602 02:36:01 @multi_agent_runner.py:85] Sampling 50000 steps by 50 slaves, spending 12.14 s.
[20260602 02:36:11 @multi_agent_runner.py:94] Policy update, spending: 9.64 s.
[20260602 02:36:12 @multi_agent_runner.py:99] Evaluation time: 1.39 s.
[20260602 02:36:12 @multi_agent_runner.py:105] Total time:     296.05 min
[20260602 02:36:12 @multi_agent_runner.py:120] Agent_0 gets eval reward: 0.00.
[20260602 02:36:12 @multi_agent_runner.py:121] Agent_0 gets win rate: 0.00.
[20260602 02:36:12 @multi_agent_runner.py:120] Agent_1 gets eval reward: 0.00.
[20260602 02:36:12 @multi_agent_runner.py:121] Agent_1 gets win rate: 0.00.
[20260602 02:36:12 @multi_agent_runner.py:79] #------------------------ Iteration 775 --------------------------#
[20260602 02:36:24 @multi_agent_runner.py:85] Sampling 50000 steps by 50 slaves, spending 12.11 s.
[20260602 02:36:33 @multi_agent_runner.py:94] Policy update, spending: 9.20 s.
[20260602 02:36:35 @multi_agent_runner.py:99] Evaluation time: 1.43 s.
[20260602 02:36:35 @multi_agent_runner.py:105] Total time:     296.43 min
[20260602 02:36:35 @multi_agent_runner.py:120] Agent_0 gets eval reward: 0.00.
[20260602 02:36:35 @multi_agent_runner.py:121] Agent_0 gets win rate: 0.00.
[20260602 02:36:35 @multi_agent_runner.py:120] Agent_1 gets eval reward: 0.00.
[20260602 02:36:35 @multi_agent_runner.py:121] Agent_1 gets win rate: 0.00.
[20260602 02:36:35 @multi_agent_runner.py:79] #------------------------ Iteration 776 --------------------------#
[20260602 02:36:47 @multi_agent_runner.py:85] Sampling 50000 steps by 50 slaves, spending 11.85 s.
[20260602 02:36:56 @multi_agent_runner.py:94] Policy update, spending: 9.31 s.
[20260602 02:36:58 @multi_agent_runner.py:99] Evaluation time: 1.40 s.
[20260602 02:36:58 @multi_agent_runner.py:105] Total time:     296.81 min
[20260602 02:36:58 @multi_agent_runner.py:120] Agent_0 gets eval reward: 0.00.
[20260602 02:36:58 @multi_agent_runner.py:121] Agent_0 gets win rate: 0.00.
[20260602 02:36:58 @multi_agent_runner.py:120] Agent_1 gets eval reward: 0.00.
[20260602 02:36:58 @multi_agent_runner.py:121] Agent_1 gets win rate: 0.00.
[20260602 02:36:58 @multi_agent_runner.py:79] #------------------------ Iteration 777 --------------------------#
[20260602 02:37:10 @multi_agent_runner.py:85] Sampling 50000 steps by 50 slaves, spending 12.04 s.
[20260602 02:37:19 @multi_agent_runner.py:94] Policy update, spending: 9.10 s.
[20260602 02:37:20 @multi_agent_runner.py:99] Evaluation time: 1.43 s.
[20260602 02:37:20 @multi_agent_runner.py:105] Total time:     297.19 min
[20260602 02:37:20 @multi_agent_runner.py:120] Agent_0 gets eval reward: 0.00.
[20260602 02:37:20 @multi_agent_runner.py:121] Agent_0 gets win rate: 0.00.
[20260602 02:37:20 @multi_agent_runner.py:120] Agent_1 gets eval reward: 0.00.
[20260602 02:37:20 @multi_agent_runner.py:121] Agent_1 gets win rate: 0.00.
[20260602 02:37:20 @multi_agent_runner.py:79] #------------------------ Iteration 778 --------------------------#
[20260602 02:37:32 @multi_agent_runner.py:85] Sampling 50000 steps by 50 slaves, spending 11.75 s.
[20260602 02:37:42 @multi_agent_runner.py:94] Policy update, spending: 9.37 s.
[20260602 02:37:43 @multi_agent_runner.py:99] Evaluation time: 1.60 s.
[20260602 02:37:43 @multi_agent_runner.py:105] Total time:     297.57 min
[20260602 02:37:43 @multi_agent_runner.py:120] Agent_0 gets eval reward: 0.00.
[20260602 02:37:43 @multi_agent_runner.py:121] Agent_0 gets win rate: 0.00.
[20260602 02:37:43 @multi_agent_runner.py:120] Agent_1 gets eval reward: 0.00.
[20260602 02:37:43 @multi_agent_runner.py:121] Agent_1 gets win rate: 0.00.
[20260602 02:37:43 @multi_agent_runner.py:79] #------------------------ Iteration 779 --------------------------#
[20260602 02:37:55 @multi_agent_runner.py:85] Sampling 50000 steps by 50 slaves, spending 11.81 s.
[20260602 02:38:04 @multi_agent_runner.py:94] Policy update, spending: 9.07 s.
[20260602 02:38:06 @multi_agent_runner.py:99] Evaluation time: 1.32 s.
[20260602 02:38:06 @multi_agent_runner.py:105] Total time:     297.94 min
[20260602 02:38:06 @multi_agent_runner.py:120] Agent_0 gets eval reward: 0.00.
[20260602 02:38:06 @multi_agent_runner.py:121] Agent_0 gets win rate: 0.00.
[20260602 02:38:06 @multi_agent_runner.py:120] Agent_1 gets eval reward: 0.00.
[20260602 02:38:06 @multi_agent_runner.py:121] Agent_1 gets win rate: 0.00.
[20260602 02:38:06 @multi_agent_runner.py:79] #------------------------ Iteration 780 --------------------------#
[20260602 02:38:18 @multi_agent_runner.py:85] Sampling 50000 steps by 50 slaves, spending 12.23 s.
[20260602 02:38:27 @multi_agent_runner.py:94] Policy update, spending: 9.28 s.
[20260602 02:38:29 @multi_agent_runner.py:99] Evaluation time: 1.54 s.
[20260602 02:38:29 @multi_agent_runner.py:105] Total time:     298.33 min
[20260602 02:38:29 @multi_agent_runner.py:120] Agent_0 gets eval reward: 0.00.
[20260602 02:38:29 @multi_agent_runner.py:121] Agent_0 gets win rate: 0.00.
[20260602 02:38:29 @multi_agent_runner.py:120] Agent_1 gets eval reward: 0.00.
[20260602 02:38:29 @multi_agent_runner.py:121] Agent_1 gets win rate: 0.00.
[20260602 02:38:29 @multi_agent_runner.py:79] #------------------------ Iteration 781 --------------------------#
[20260602 02:38:41 @multi_agent_runner.py:85] Sampling 50000 steps by 50 slaves, spending 11.97 s.
[20260602 02:38:50 @multi_agent_runner.py:94] Policy update, spending: 9.18 s.
[20260602 02:38:52 @multi_agent_runner.py:99] Evaluation time: 1.61 s.
[20260602 02:38:52 @multi_agent_runner.py:105] Total time:     298.71 min
[20260602 02:38:52 @multi_agent_runner.py:120] Agent_0 gets eval reward: 250.00.
[20260602 02:38:52 @multi_agent_runner.py:121] Agent_0 gets win rate: 0.25.
[20260602 02:38:52 @multi_agent_runner.py:120] Agent_1 gets eval reward: -250.00.
[20260602 02:38:52 @multi_agent_runner.py:121] Agent_1 gets win rate: 0.00.
[20260602 02:38:52 @multi_agent_runner.py:79] #------------------------ Iteration 782 --------------------------#
[20260602 02:39:04 @multi_agent_runner.py:85] Sampling 50000 steps by 50 slaves, spending 11.85 s.
[20260602 02:39:12 @multi_agent_runner.py:94] Policy update, spending: 8.86 s.
[20260602 02:39:14 @multi_agent_runner.py:99] Evaluation time: 1.88 s.
[20260602 02:39:14 @multi_agent_runner.py:105] Total time:     299.09 min
[20260602 02:39:14 @multi_agent_runner.py:120] Agent_0 gets eval reward: 0.00.
[20260602 02:39:14 @multi_agent_runner.py:121] Agent_0 gets win rate: 0.00.
[20260602 02:39:14 @multi_agent_runner.py:120] Agent_1 gets eval reward: 0.00.
[20260602 02:39:14 @multi_agent_runner.py:121] Agent_1 gets win rate: 0.00.
[20260602 02:39:15 @multi_agent_runner.py:79] #------------------------ Iteration 783 --------------------------#
[20260602 02:39:27 @multi_agent_runner.py:85] Sampling 50000 steps by 50 slaves, spending 12.24 s.
[20260602 02:39:36 @multi_agent_runner.py:94] Policy update, spending: 9.21 s.
[20260602 02:39:38 @multi_agent_runner.py:99] Evaluation time: 1.70 s.
[20260602 02:39:38 @multi_agent_runner.py:105] Total time:     299.48 min
[20260602 02:39:38 @multi_agent_runner.py:120] Agent_0 gets eval reward: 0.00.
[20260602 02:39:38 @multi_agent_runner.py:121] Agent_0 gets win rate: 0.00.
[20260602 02:39:38 @multi_agent_runner.py:120] Agent_1 gets eval reward: 0.00.
[20260602 02:39:38 @multi_agent_runner.py:121] Agent_1 gets win rate: 0.00.
[20260602 02:39:38 @multi_agent_runner.py:79] #------------------------ Iteration 784 --------------------------#
[20260602 02:39:50 @multi_agent_runner.py:85] Sampling 50000 steps by 50 slaves, spending 11.93 s.
[20260602 02:39:59 @multi_agent_runner.py:94] Policy update, spending: 9.20 s.
[20260602 02:40:00 @multi_agent_runner.py:99] Evaluation time: 1.43 s.
[20260602 02:40:00 @multi_agent_runner.py:105] Total time:     299.86 min
[20260602 02:40:00 @multi_agent_runner.py:120] Agent_0 gets eval reward: 166.67.
[20260602 02:40:00 @multi_agent_runner.py:121] Agent_0 gets win rate: 0.17.
[20260602 02:40:00 @multi_agent_runner.py:120] Agent_1 gets eval reward: -166.67.
[20260602 02:40:00 @multi_agent_runner.py:121] Agent_1 gets win rate: 0.00.
[20260602 02:40:01 @multi_agent_runner.py:79] #------------------------ Iteration 785 --------------------------#
[20260602 02:40:13 @multi_agent_runner.py:85] Sampling 50000 steps by 50 slaves, spending 12.51 s.
[20260602 02:40:22 @multi_agent_runner.py:94] Policy update, spending: 9.43 s.
[20260602 02:40:24 @multi_agent_runner.py:99] Evaluation time: 1.35 s.
[20260602 02:40:24 @multi_agent_runner.py:105] Total time:     300.25 min
[20260602 02:40:24 @multi_agent_runner.py:120] Agent_0 gets eval reward: 0.00.
[20260602 02:40:24 @multi_agent_runner.py:121] Agent_0 gets win rate: 0.00.
[20260602 02:40:24 @multi_agent_runner.py:120] Agent_1 gets eval reward: 0.00.
[20260602 02:40:24 @multi_agent_runner.py:121] Agent_1 gets win rate: 0.00.
[20260602 02:40:24 @multi_agent_runner.py:79] #------------------------ Iteration 786 --------------------------#
[20260602 02:40:36 @multi_agent_runner.py:85] Sampling 50000 steps by 50 slaves, spending 11.84 s.
[20260602 02:40:45 @multi_agent_runner.py:94] Policy update, spending: 8.89 s.
[20260602 02:40:46 @multi_agent_runner.py:99] Evaluation time: 1.59 s.
[20260602 02:40:46 @multi_agent_runner.py:105] Total time:     300.62 min
[20260602 02:40:46 @multi_agent_runner.py:120] Agent_0 gets eval reward: 250.00.
[20260602 02:40:46 @multi_agent_runner.py:121] Agent_0 gets win rate: 0.25.
[20260602 02:40:46 @multi_agent_runner.py:120] Agent_1 gets eval reward: -250.00.
[20260602 02:40:46 @multi_agent_runner.py:121] Agent_1 gets win rate: 0.00.
[20260602 02:40:46 @multi_agent_runner.py:79] #------------------------ Iteration 787 --------------------------#
[20260602 02:40:58 @multi_agent_runner.py:85] Sampling 50000 steps by 50 slaves, spending 11.91 s.
[20260602 02:41:07 @multi_agent_runner.py:94] Policy update, spending: 8.92 s.
[20260602 02:41:09 @multi_agent_runner.py:99] Evaluation time: 2.07 s.
[20260602 02:41:09 @multi_agent_runner.py:105] Total time:     301.01 min
[20260602 02:41:09 @multi_agent_runner.py:120] Agent_0 gets eval reward: 0.00.
[20260602 02:41:09 @multi_agent_runner.py:121] Agent_0 gets win rate: 0.00.
[20260602 02:41:09 @multi_agent_runner.py:120] Agent_1 gets eval reward: 0.00.
[20260602 02:41:09 @multi_agent_runner.py:121] Agent_1 gets win rate: 0.00.
[20260602 02:41:09 @multi_agent_runner.py:79] #------------------------ Iteration 788 --------------------------#
[20260602 02:41:22 @multi_agent_runner.py:85] Sampling 50000 steps by 50 slaves, spending 12.06 s.
[20260602 02:41:31 @multi_agent_runner.py:94] Policy update, spending: 9.07 s.
[20260602 02:41:32 @multi_agent_runner.py:99] Evaluation time: 1.37 s.
[20260602 02:41:32 @multi_agent_runner.py:105] Total time:     301.38 min
[20260602 02:41:32 @multi_agent_runner.py:120] Agent_0 gets eval reward: 0.00.
[20260602 02:41:32 @multi_agent_runner.py:121] Agent_0 gets win rate: 0.00.
[20260602 02:41:32 @multi_agent_runner.py:120] Agent_1 gets eval reward: 0.00.
[20260602 02:41:32 @multi_agent_runner.py:121] Agent_1 gets win rate: 0.00.
[20260602 02:41:32 @multi_agent_runner.py:79] #------------------------ Iteration 789 --------------------------#
[20260602 02:41:44 @multi_agent_runner.py:85] Sampling 50000 steps by 50 slaves, spending 11.87 s.
[20260602 02:41:53 @multi_agent_runner.py:94] Policy update, spending: 9.11 s.
[20260602 02:41:55 @multi_agent_runner.py:99] Evaluation time: 1.71 s.
[20260602 02:41:55 @multi_agent_runner.py:105] Total time:     301.77 min
[20260602 02:41:55 @multi_agent_runner.py:120] Agent_0 gets eval reward: 0.00.
[20260602 02:41:55 @multi_agent_runner.py:121] Agent_0 gets win rate: 0.00.
[20260602 02:41:55 @multi_agent_runner.py:120] Agent_1 gets eval reward: 0.00.
[20260602 02:41:55 @multi_agent_runner.py:121] Agent_1 gets win rate: 0.00.
[20260602 02:41:55 @multi_agent_runner.py:79] #------------------------ Iteration 790 --------------------------#
[20260602 02:42:06 @multi_agent_runner.py:85] Sampling 50000 steps by 50 slaves, spending 11.53 s.
[20260602 02:42:16 @multi_agent_runner.py:94] Policy update, spending: 9.22 s.
[20260602 02:42:17 @multi_agent_runner.py:99] Evaluation time: 1.51 s.
[20260602 02:42:17 @multi_agent_runner.py:105] Total time:     302.14 min
[20260602 02:42:17 @multi_agent_runner.py:120] Agent_0 gets eval reward: 0.00.
[20260602 02:42:17 @multi_agent_runner.py:121] Agent_0 gets win rate: 0.00.
[20260602 02:42:17 @multi_agent_runner.py:120] Agent_1 gets eval reward: 0.00.
[20260602 02:42:17 @multi_agent_runner.py:121] Agent_1 gets win rate: 0.00.
[20260602 02:42:17 @multi_agent_runner.py:79] #------------------------ Iteration 791 --------------------------#
[20260602 02:42:29 @multi_agent_runner.py:85] Sampling 50000 steps by 50 slaves, spending 11.66 s.
[20260602 02:42:38 @multi_agent_runner.py:94] Policy update, spending: 8.87 s.
[20260602 02:42:39 @multi_agent_runner.py:99] Evaluation time: 1.51 s.
[20260602 02:42:39 @multi_agent_runner.py:105] Total time:     302.51 min
[20260602 02:42:39 @multi_agent_runner.py:120] Agent_0 gets eval reward: -142.86.
[20260602 02:42:39 @multi_agent_runner.py:121] Agent_0 gets win rate: 0.00.
[20260602 02:42:39 @multi_agent_runner.py:120] Agent_1 gets eval reward: 142.86.
[20260602 02:42:39 @multi_agent_runner.py:121] Agent_1 gets win rate: 0.14.
[20260602 02:42:40 @multi_agent_runner.py:79] #------------------------ Iteration 792 --------------------------#
[20260602 02:42:51 @multi_agent_runner.py:85] Sampling 50000 steps by 50 slaves, spending 11.56 s.
[20260602 02:43:00 @multi_agent_runner.py:94] Policy update, spending: 8.89 s.
[20260602 02:43:02 @multi_agent_runner.py:99] Evaluation time: 1.74 s.
[20260602 02:43:02 @multi_agent_runner.py:105] Total time:     302.88 min
[20260602 02:43:02 @multi_agent_runner.py:120] Agent_0 gets eval reward: 0.00.
[20260602 02:43:02 @multi_agent_runner.py:121] Agent_0 gets win rate: 0.00.
[20260602 02:43:02 @multi_agent_runner.py:120] Agent_1 gets eval reward: 0.00.
[20260602 02:43:02 @multi_agent_runner.py:121] Agent_1 gets win rate: 0.00.
[20260602 02:43:02 @multi_agent_runner.py:79] #------------------------ Iteration 793 --------------------------#
[20260602 02:43:14 @multi_agent_runner.py:85] Sampling 50000 steps by 50 slaves, spending 12.08 s.
[20260602 02:43:23 @multi_agent_runner.py:94] Policy update, spending: 9.04 s.
[20260602 02:43:24 @multi_agent_runner.py:99] Evaluation time: 1.33 s.
[20260602 02:43:24 @multi_agent_runner.py:105] Total time:     303.26 min
[20260602 02:43:24 @multi_agent_runner.py:120] Agent_0 gets eval reward: 0.00.
[20260602 02:43:24 @multi_agent_runner.py:121] Agent_0 gets win rate: 0.00.
[20260602 02:43:24 @multi_agent_runner.py:120] Agent_1 gets eval reward: 0.00.
[20260602 02:43:24 @multi_agent_runner.py:121] Agent_1 gets win rate: 0.00.
[20260602 02:43:25 @multi_agent_runner.py:79] #------------------------ Iteration 794 --------------------------#
[20260602 02:43:36 @multi_agent_runner.py:85] Sampling 50000 steps by 50 slaves, spending 11.69 s.
[20260602 02:43:45 @multi_agent_runner.py:94] Policy update, spending: 8.85 s.
[20260602 02:43:47 @multi_agent_runner.py:99] Evaluation time: 1.88 s.
[20260602 02:43:47 @multi_agent_runner.py:105] Total time:     303.63 min
[20260602 02:43:47 @multi_agent_runner.py:120] Agent_0 gets eval reward: 0.00.
[20260602 02:43:47 @multi_agent_runner.py:121] Agent_0 gets win rate: 0.00.
[20260602 02:43:47 @multi_agent_runner.py:120] Agent_1 gets eval reward: 0.00.
[20260602 02:43:47 @multi_agent_runner.py:121] Agent_1 gets win rate: 0.00.
[20260602 02:43:47 @multi_agent_runner.py:79] #------------------------ Iteration 795 --------------------------#
[20260602 02:43:59 @multi_agent_runner.py:85] Sampling 50000 steps by 50 slaves, spending 12.08 s.
[20260602 02:44:08 @multi_agent_runner.py:94] Policy update, spending: 9.04 s.
[20260602 02:44:10 @multi_agent_runner.py:99] Evaluation time: 1.34 s.
[20260602 02:44:10 @multi_agent_runner.py:105] Total time:     304.01 min
[20260602 02:44:10 @multi_agent_runner.py:120] Agent_0 gets eval reward: 0.00.
[20260602 02:44:10 @multi_agent_runner.py:121] Agent_0 gets win rate: 0.00.
[20260602 02:44:10 @multi_agent_runner.py:120] Agent_1 gets eval reward: 0.00.
[20260602 02:44:10 @multi_agent_runner.py:121] Agent_1 gets win rate: 0.00.
[20260602 02:44:10 @multi_agent_runner.py:79] #------------------------ Iteration 796 --------------------------#
[20260602 02:44:22 @multi_agent_runner.py:85] Sampling 50000 steps by 50 slaves, spending 12.15 s.
[20260602 02:44:31 @multi_agent_runner.py:94] Policy update, spending: 9.23 s.
[20260602 02:44:33 @multi_agent_runner.py:99] Evaluation time: 1.59 s.
[20260602 02:44:33 @multi_agent_runner.py:105] Total time:     304.40 min
[20260602 02:44:33 @multi_agent_runner.py:120] Agent_0 gets eval reward: 0.00.
[20260602 02:44:33 @multi_agent_runner.py:121] Agent_0 gets win rate: 0.00.
[20260602 02:44:33 @multi_agent_runner.py:120] Agent_1 gets eval reward: 0.00.
[20260602 02:44:33 @multi_agent_runner.py:121] Agent_1 gets win rate: 0.00.
[20260602 02:44:33 @multi_agent_runner.py:79] #------------------------ Iteration 797 --------------------------#
[20260602 02:44:45 @multi_agent_runner.py:85] Sampling 50000 steps by 50 slaves, spending 11.89 s.
[20260602 02:44:54 @multi_agent_runner.py:94] Policy update, spending: 8.99 s.
[20260602 02:44:55 @multi_agent_runner.py:99] Evaluation time: 1.44 s.
[20260602 02:44:55 @multi_agent_runner.py:105] Total time:     304.77 min
[20260602 02:44:55 @multi_agent_runner.py:120] Agent_0 gets eval reward: 0.00.
[20260602 02:44:55 @multi_agent_runner.py:121] Agent_0 gets win rate: 0.00.
[20260602 02:44:55 @multi_agent_runner.py:120] Agent_1 gets eval reward: 0.00.
[20260602 02:44:55 @multi_agent_runner.py:121] Agent_1 gets win rate: 0.00.
[20260602 02:44:55 @multi_agent_runner.py:79] #------------------------ Iteration 798 --------------------------#
[20260602 02:45:07 @multi_agent_runner.py:85] Sampling 50000 steps by 50 slaves, spending 11.85 s.
[20260602 02:45:16 @multi_agent_runner.py:94] Policy update, spending: 8.93 s.
[20260602 02:45:18 @multi_agent_runner.py:99] Evaluation time: 1.52 s.
[20260602 02:45:18 @multi_agent_runner.py:105] Total time:     305.14 min
[20260602 02:45:18 @multi_agent_runner.py:120] Agent_0 gets eval reward: -166.67.
[20260602 02:45:18 @multi_agent_runner.py:121] Agent_0 gets win rate: 0.00.
[20260602 02:45:18 @multi_agent_runner.py:120] Agent_1 gets eval reward: 166.67.
[20260602 02:45:18 @multi_agent_runner.py:121] Agent_1 gets win rate: 0.17.
[20260602 02:45:18 @multi_agent_runner.py:79] #------------------------ Iteration 799 --------------------------#
[20260602 02:45:30 @multi_agent_runner.py:85] Sampling 50000 steps by 50 slaves, spending 12.08 s.
[20260602 02:45:39 @multi_agent_runner.py:94] Policy update, spending: 9.03 s.
[20260602 02:45:40 @multi_agent_runner.py:99] Evaluation time: 1.59 s.
[20260602 02:45:40 @multi_agent_runner.py:105] Total time:     305.52 min
[20260602 02:45:40 @multi_agent_runner.py:120] Agent_0 gets eval reward: 0.00.
[20260602 02:45:40 @multi_agent_runner.py:121] Agent_0 gets win rate: 0.00.
[20260602 02:45:40 @multi_agent_runner.py:120] Agent_1 gets eval reward: 0.00.
[20260602 02:45:40 @multi_agent_runner.py:121] Agent_1 gets win rate: 0.00.
[20260602 02:45:41 @multi_agent_runner.py:79] #------------------------ Iteration 800 --------------------------#
[20260602 02:45:52 @multi_agent_runner.py:85] Sampling 50000 steps by 50 slaves, spending 11.78 s.
[20260602 02:46:01 @multi_agent_runner.py:94] Policy update, spending: 8.98 s.
[20260602 02:46:03 @multi_agent_runner.py:99] Evaluation time: 1.55 s.
[20260602 02:46:03 @multi_agent_runner.py:105] Total time:     305.90 min
[20260602 02:46:03 @multi_agent_runner.py:120] Agent_0 gets eval reward: 0.00.
[20260602 02:46:03 @multi_agent_runner.py:121] Agent_0 gets win rate: 0.00.
[20260602 02:46:03 @multi_agent_runner.py:120] Agent_1 gets eval reward: 0.00.
[20260602 02:46:03 @multi_agent_runner.py:121] Agent_1 gets win rate: 0.00.
[20260602 02:46:03 @multi_agent_runner.py:79] #------------------------ Iteration 801 --------------------------#
[20260602 02:46:15 @multi_agent_runner.py:85] Sampling 50000 steps by 50 slaves, spending 11.96 s.
[20260602 02:46:24 @multi_agent_runner.py:94] Policy update, spending: 9.06 s.
[20260602 02:46:25 @multi_agent_runner.py:99] Evaluation time: 1.32 s.
[20260602 02:46:25 @multi_agent_runner.py:105] Total time:     306.27 min
[20260602 02:46:25 @multi_agent_runner.py:120] Agent_0 gets eval reward: -200.00.
[20260602 02:46:25 @multi_agent_runner.py:121] Agent_0 gets win rate: 0.00.
[20260602 02:46:25 @multi_agent_runner.py:120] Agent_1 gets eval reward: 200.00.
[20260602 02:46:25 @multi_agent_runner.py:121] Agent_1 gets win rate: 0.20.
[20260602 02:46:25 @multi_agent_runner.py:79] #------------------------ Iteration 802 --------------------------#
[20260602 02:46:37 @multi_agent_runner.py:85] Sampling 50000 steps by 50 slaves, spending 11.92 s.
[20260602 02:46:47 @multi_agent_runner.py:94] Policy update, spending: 9.26 s.
[20260602 02:46:48 @multi_agent_runner.py:99] Evaluation time: 1.31 s.
[20260602 02:46:48 @multi_agent_runner.py:105] Total time:     306.65 min
[20260602 02:46:48 @multi_agent_runner.py:120] Agent_0 gets eval reward: 200.00.
[20260602 02:46:48 @multi_agent_runner.py:121] Agent_0 gets win rate: 0.20.
[20260602 02:46:48 @multi_agent_runner.py:120] Agent_1 gets eval reward: -200.00.
[20260602 02:46:48 @multi_agent_runner.py:121] Agent_1 gets win rate: 0.00.
[20260602 02:46:48 @multi_agent_runner.py:79] #------------------------ Iteration 803 --------------------------#
[20260602 02:47:00 @multi_agent_runner.py:85] Sampling 50000 steps by 50 slaves, spending 11.74 s.
[20260602 02:47:09 @multi_agent_runner.py:94] Policy update, spending: 8.85 s.
[20260602 02:47:10 @multi_agent_runner.py:99] Evaluation time: 1.42 s.
[20260602 02:47:10 @multi_agent_runner.py:105] Total time:     307.02 min
[20260602 02:47:10 @multi_agent_runner.py:120] Agent_0 gets eval reward: 0.00.
[20260602 02:47:10 @multi_agent_runner.py:121] Agent_0 gets win rate: 0.00.
[20260602 02:47:10 @multi_agent_runner.py:120] Agent_1 gets eval reward: 0.00.
[20260602 02:47:10 @multi_agent_runner.py:121] Agent_1 gets win rate: 0.00.
[20260602 02:47:10 @multi_agent_runner.py:79] #------------------------ Iteration 804 --------------------------#
[20260602 02:47:22 @multi_agent_runner.py:85] Sampling 50000 steps by 50 slaves, spending 11.60 s.
[20260602 02:47:31 @multi_agent_runner.py:94] Policy update, spending: 8.89 s.
[20260602 02:47:33 @multi_agent_runner.py:99] Evaluation time: 2.00 s.
[20260602 02:47:33 @multi_agent_runner.py:105] Total time:     307.40 min
[20260602 02:47:33 @multi_agent_runner.py:120] Agent_0 gets eval reward: 0.00.
[20260602 02:47:33 @multi_agent_runner.py:121] Agent_0 gets win rate: 0.00.
[20260602 02:47:33 @multi_agent_runner.py:120] Agent_1 gets eval reward: 0.00.
[20260602 02:47:33 @multi_agent_runner.py:121] Agent_1 gets win rate: 0.00.
[20260602 02:47:33 @multi_agent_runner.py:79] #------------------------ Iteration 805 --------------------------#
[20260602 02:47:45 @multi_agent_runner.py:85] Sampling 50000 steps by 50 slaves, spending 11.77 s.
[20260602 02:47:54 @multi_agent_runner.py:94] Policy update, spending: 9.10 s.
[20260602 02:47:56 @multi_agent_runner.py:99] Evaluation time: 1.86 s.
[20260602 02:47:56 @multi_agent_runner.py:105] Total time:     307.78 min
[20260602 02:47:56 @multi_agent_runner.py:120] Agent_0 gets eval reward: 0.00.
[20260602 02:47:56 @multi_agent_runner.py:121] Agent_0 gets win rate: 0.33.
[20260602 02:47:56 @multi_agent_runner.py:120] Agent_1 gets eval reward: 0.00.
[20260602 02:47:56 @multi_agent_runner.py:121] Agent_1 gets win rate: 0.33.
[20260602 02:47:56 @multi_agent_runner.py:79] #------------------------ Iteration 806 --------------------------#
[20260602 02:48:07 @multi_agent_runner.py:85] Sampling 50000 steps by 50 slaves, spending 11.52 s.
[20260602 02:48:16 @multi_agent_runner.py:94] Policy update, spending: 9.07 s.
[20260602 02:48:18 @multi_agent_runner.py:99] Evaluation time: 1.82 s.
[20260602 02:48:18 @multi_agent_runner.py:105] Total time:     308.16 min
[20260602 02:48:18 @multi_agent_runner.py:120] Agent_0 gets eval reward: 0.00.
[20260602 02:48:18 @multi_agent_runner.py:121] Agent_0 gets win rate: 0.00.
[20260602 02:48:18 @multi_agent_runner.py:120] Agent_1 gets eval reward: 0.00.
[20260602 02:48:18 @multi_agent_runner.py:121] Agent_1 gets win rate: 0.00.
[20260602 02:48:18 @multi_agent_runner.py:79] #------------------------ Iteration 807 --------------------------#
[20260602 02:48:30 @multi_agent_runner.py:85] Sampling 50000 steps by 50 slaves, spending 11.80 s.
[20260602 02:48:39 @multi_agent_runner.py:94] Policy update, spending: 9.20 s.
[20260602 02:48:41 @multi_agent_runner.py:99] Evaluation time: 1.56 s.
[20260602 02:48:41 @multi_agent_runner.py:105] Total time:     308.53 min
[20260602 02:48:41 @multi_agent_runner.py:120] Agent_0 gets eval reward: 0.00.
[20260602 02:48:41 @multi_agent_runner.py:121] Agent_0 gets win rate: 0.00.
[20260602 02:48:41 @multi_agent_runner.py:120] Agent_1 gets eval reward: 0.00.
[20260602 02:48:41 @multi_agent_runner.py:121] Agent_1 gets win rate: 0.00.
[20260602 02:48:41 @multi_agent_runner.py:79] #------------------------ Iteration 808 --------------------------#
[20260602 02:48:53 @multi_agent_runner.py:85] Sampling 50000 steps by 50 slaves, spending 11.93 s.
[20260602 02:49:02 @multi_agent_runner.py:94] Policy update, spending: 8.90 s.
[20260602 02:49:04 @multi_agent_runner.py:99] Evaluation time: 1.88 s.
[20260602 02:49:04 @multi_agent_runner.py:105] Total time:     308.91 min
[20260602 02:49:04 @multi_agent_runner.py:120] Agent_0 gets eval reward: 0.00.
[20260602 02:49:04 @multi_agent_runner.py:121] Agent_0 gets win rate: 0.00.
[20260602 02:49:04 @multi_agent_runner.py:120] Agent_1 gets eval reward: 0.00.
[20260602 02:49:04 @multi_agent_runner.py:121] Agent_1 gets win rate: 0.00.
[20260602 02:49:04 @multi_agent_runner.py:79] #------------------------ Iteration 809 --------------------------#
[20260602 02:49:16 @multi_agent_runner.py:85] Sampling 50000 steps by 50 slaves, spending 12.09 s.
[20260602 02:49:25 @multi_agent_runner.py:94] Policy update, spending: 8.83 s.
[20260602 02:49:26 @multi_agent_runner.py:99] Evaluation time: 1.36 s.
[20260602 02:49:26 @multi_agent_runner.py:105] Total time:     309.29 min
[20260602 02:49:26 @multi_agent_runner.py:120] Agent_0 gets eval reward: 0.00.
[20260602 02:49:26 @multi_agent_runner.py:121] Agent_0 gets win rate: 0.00.
[20260602 02:49:26 @multi_agent_runner.py:120] Agent_1 gets eval reward: 0.00.
[20260602 02:49:26 @multi_agent_runner.py:121] Agent_1 gets win rate: 0.00.
[20260602 02:49:26 @multi_agent_runner.py:79] #------------------------ Iteration 810 --------------------------#
[20260602 02:49:38 @multi_agent_runner.py:85] Sampling 50000 steps by 50 slaves, spending 11.82 s.
[20260602 02:49:47 @multi_agent_runner.py:94] Policy update, spending: 9.09 s.
[20260602 02:49:49 @multi_agent_runner.py:99] Evaluation time: 1.82 s.
[20260602 02:49:49 @multi_agent_runner.py:105] Total time:     309.67 min
[20260602 02:49:49 @multi_agent_runner.py:120] Agent_0 gets eval reward: 0.00.
[20260602 02:49:49 @multi_agent_runner.py:121] Agent_0 gets win rate: 0.00.
[20260602 02:49:49 @multi_agent_runner.py:120] Agent_1 gets eval reward: 0.00.
[20260602 02:49:49 @multi_agent_runner.py:121] Agent_1 gets win rate: 0.00.
[20260602 02:49:49 @multi_agent_runner.py:79] #------------------------ Iteration 811 --------------------------#
[20260602 02:50:01 @multi_agent_runner.py:85] Sampling 50000 steps by 50 slaves, spending 11.81 s.
[20260602 02:50:10 @multi_agent_runner.py:94] Policy update, spending: 9.14 s.
[20260602 02:50:12 @multi_agent_runner.py:99] Evaluation time: 1.47 s.
[20260602 02:50:12 @multi_agent_runner.py:105] Total time:     310.05 min
[20260602 02:50:12 @multi_agent_runner.py:120] Agent_0 gets eval reward: 200.00.
[20260602 02:50:12 @multi_agent_runner.py:121] Agent_0 gets win rate: 0.20.
[20260602 02:50:12 @multi_agent_runner.py:120] Agent_1 gets eval reward: -200.00.
[20260602 02:50:12 @multi_agent_runner.py:121] Agent_1 gets win rate: 0.00.
[20260602 02:50:12 @multi_agent_runner.py:79] #------------------------ Iteration 812 --------------------------#
[20260602 02:50:24 @multi_agent_runner.py:85] Sampling 50000 steps by 50 slaves, spending 11.88 s.
[20260602 02:50:33 @multi_agent_runner.py:94] Policy update, spending: 9.10 s.
[20260602 02:50:34 @multi_agent_runner.py:99] Evaluation time: 1.56 s.
[20260602 02:50:34 @multi_agent_runner.py:105] Total time:     310.42 min
[20260602 02:50:34 @multi_agent_runner.py:120] Agent_0 gets eval reward: 0.00.
[20260602 02:50:34 @multi_agent_runner.py:121] Agent_0 gets win rate: 0.00.
[20260602 02:50:34 @multi_agent_runner.py:120] Agent_1 gets eval reward: 0.00.
[20260602 02:50:34 @multi_agent_runner.py:121] Agent_1 gets win rate: 0.00.
[20260602 02:50:34 @multi_agent_runner.py:79] #------------------------ Iteration 813 --------------------------#
[20260602 02:50:46 @multi_agent_runner.py:85] Sampling 50000 steps by 50 slaves, spending 11.97 s.
[20260602 02:50:56 @multi_agent_runner.py:94] Policy update, spending: 9.08 s.
[20260602 02:50:57 @multi_agent_runner.py:99] Evaluation time: 1.86 s.
[20260602 02:50:57 @multi_agent_runner.py:105] Total time:     310.81 min
[20260602 02:50:57 @multi_agent_runner.py:120] Agent_0 gets eval reward: 0.00.
[20260602 02:50:57 @multi_agent_runner.py:121] Agent_0 gets win rate: 0.00.
[20260602 02:50:57 @multi_agent_runner.py:120] Agent_1 gets eval reward: 0.00.
[20260602 02:50:57 @multi_agent_runner.py:121] Agent_1 gets win rate: 0.00.
[20260602 02:50:58 @multi_agent_runner.py:79] #------------------------ Iteration 814 --------------------------#
[20260602 02:51:09 @multi_agent_runner.py:85] Sampling 50000 steps by 50 slaves, spending 11.88 s.
[20260602 02:51:19 @multi_agent_runner.py:94] Policy update, spending: 9.33 s.
[20260602 02:51:20 @multi_agent_runner.py:99] Evaluation time: 1.35 s.
[20260602 02:51:20 @multi_agent_runner.py:105] Total time:     311.19 min
[20260602 02:51:20 @multi_agent_runner.py:120] Agent_0 gets eval reward: 0.00.
[20260602 02:51:20 @multi_agent_runner.py:121] Agent_0 gets win rate: 0.00.
[20260602 02:51:20 @multi_agent_runner.py:120] Agent_1 gets eval reward: 0.00.
[20260602 02:51:20 @multi_agent_runner.py:121] Agent_1 gets win rate: 0.00.
[20260602 02:51:20 @multi_agent_runner.py:79] #------------------------ Iteration 815 --------------------------#
[20260602 02:51:32 @multi_agent_runner.py:85] Sampling 50000 steps by 50 slaves, spending 11.92 s.
[20260602 02:51:41 @multi_agent_runner.py:94] Policy update, spending: 8.97 s.
[20260602 02:51:43 @multi_agent_runner.py:99] Evaluation time: 1.63 s.
[20260602 02:51:43 @multi_agent_runner.py:105] Total time:     311.56 min
[20260602 02:51:43 @multi_agent_runner.py:120] Agent_0 gets eval reward: 0.00.
[20260602 02:51:43 @multi_agent_runner.py:121] Agent_0 gets win rate: 0.00.
[20260602 02:51:43 @multi_agent_runner.py:120] Agent_1 gets eval reward: 0.00.
[20260602 02:51:43 @multi_agent_runner.py:121] Agent_1 gets win rate: 0.00.
[20260602 02:51:43 @multi_agent_runner.py:79] #------------------------ Iteration 816 --------------------------#
[20260602 02:51:55 @multi_agent_runner.py:85] Sampling 50000 steps by 50 slaves, spending 12.00 s.
[20260602 02:52:04 @multi_agent_runner.py:94] Policy update, spending: 8.79 s.
[20260602 02:52:05 @multi_agent_runner.py:99] Evaluation time: 1.53 s.
[20260602 02:52:05 @multi_agent_runner.py:105] Total time:     311.94 min
[20260602 02:52:05 @multi_agent_runner.py:120] Agent_0 gets eval reward: 0.00.
[20260602 02:52:05 @multi_agent_runner.py:121] Agent_0 gets win rate: 0.00.
[20260602 02:52:05 @multi_agent_runner.py:120] Agent_1 gets eval reward: 0.00.
[20260602 02:52:05 @multi_agent_runner.py:121] Agent_1 gets win rate: 0.00.
[20260602 02:52:05 @multi_agent_runner.py:79] #------------------------ Iteration 817 --------------------------#
[20260602 02:52:17 @multi_agent_runner.py:85] Sampling 50000 steps by 50 slaves, spending 11.77 s.
[20260602 02:52:26 @multi_agent_runner.py:94] Policy update, spending: 8.85 s.
[20260602 02:52:28 @multi_agent_runner.py:99] Evaluation time: 1.60 s.
[20260602 02:52:28 @multi_agent_runner.py:105] Total time:     312.31 min
[20260602 02:52:28 @multi_agent_runner.py:120] Agent_0 gets eval reward: 250.00.
[20260602 02:52:28 @multi_agent_runner.py:121] Agent_0 gets win rate: 0.25.
[20260602 02:52:28 @multi_agent_runner.py:120] Agent_1 gets eval reward: -250.00.
[20260602 02:52:28 @multi_agent_runner.py:121] Agent_1 gets win rate: 0.00.
[20260602 02:52:28 @multi_agent_runner.py:79] #------------------------ Iteration 818 --------------------------#
[20260602 02:52:40 @multi_agent_runner.py:85] Sampling 50000 steps by 50 slaves, spending 11.83 s.
[20260602 02:52:48 @multi_agent_runner.py:94] Policy update, spending: 8.68 s.
[20260602 02:52:50 @multi_agent_runner.py:99] Evaluation time: 1.97 s.
[20260602 02:52:50 @multi_agent_runner.py:105] Total time:     312.69 min
[20260602 02:52:50 @multi_agent_runner.py:120] Agent_0 gets eval reward: 0.00.
[20260602 02:52:50 @multi_agent_runner.py:121] Agent_0 gets win rate: 0.00.
[20260602 02:52:50 @multi_agent_runner.py:120] Agent_1 gets eval reward: 0.00.
[20260602 02:52:50 @multi_agent_runner.py:121] Agent_1 gets win rate: 0.00.
[20260602 02:52:50 @multi_agent_runner.py:79] #------------------------ Iteration 819 --------------------------#
[20260602 02:53:03 @multi_agent_runner.py:85] Sampling 50000 steps by 50 slaves, spending 12.61 s.
[20260602 02:53:12 @multi_agent_runner.py:94] Policy update, spending: 9.30 s.
[20260602 02:53:14 @multi_agent_runner.py:99] Evaluation time: 1.55 s.
[20260602 02:53:14 @multi_agent_runner.py:105] Total time:     313.08 min
[20260602 02:53:14 @multi_agent_runner.py:120] Agent_0 gets eval reward: 0.00.
[20260602 02:53:14 @multi_agent_runner.py:121] Agent_0 gets win rate: 0.00.
[20260602 02:53:14 @multi_agent_runner.py:120] Agent_1 gets eval reward: 0.00.
[20260602 02:53:14 @multi_agent_runner.py:121] Agent_1 gets win rate: 0.00.
[20260602 02:53:14 @multi_agent_runner.py:79] #------------------------ Iteration 820 --------------------------#
[20260602 02:53:26 @multi_agent_runner.py:85] Sampling 50000 steps by 50 slaves, spending 11.74 s.
[20260602 02:53:35 @multi_agent_runner.py:94] Policy update, spending: 9.17 s.
[20260602 02:53:37 @multi_agent_runner.py:99] Evaluation time: 1.62 s.
[20260602 02:53:37 @multi_agent_runner.py:105] Total time:     313.46 min
[20260602 02:53:37 @multi_agent_runner.py:120] Agent_0 gets eval reward: 0.00.
[20260602 02:53:37 @multi_agent_runner.py:121] Agent_0 gets win rate: 0.00.
[20260602 02:53:37 @multi_agent_runner.py:120] Agent_1 gets eval reward: 0.00.
[20260602 02:53:37 @multi_agent_runner.py:121] Agent_1 gets win rate: 0.00.
[20260602 02:53:37 @multi_agent_runner.py:79] #------------------------ Iteration 821 --------------------------#
[20260602 02:53:48 @multi_agent_runner.py:85] Sampling 50000 steps by 50 slaves, spending 11.32 s.
[20260602 02:53:57 @multi_agent_runner.py:94] Policy update, spending: 9.23 s.
[20260602 02:53:59 @multi_agent_runner.py:99] Evaluation time: 1.45 s.
[20260602 02:53:59 @multi_agent_runner.py:105] Total time:     313.83 min
[20260602 02:53:59 @multi_agent_runner.py:120] Agent_0 gets eval reward: 0.00.
[20260602 02:53:59 @multi_agent_runner.py:121] Agent_0 gets win rate: 0.00.
[20260602 02:53:59 @multi_agent_runner.py:120] Agent_1 gets eval reward: 0.00.
[20260602 02:53:59 @multi_agent_runner.py:121] Agent_1 gets win rate: 0.00.
[20260602 02:53:59 @multi_agent_runner.py:79] #------------------------ Iteration 822 --------------------------#
[20260602 02:54:11 @multi_agent_runner.py:85] Sampling 50000 steps by 50 slaves, spending 11.88 s.
[20260602 02:54:20 @multi_agent_runner.py:94] Policy update, spending: 9.54 s.
[20260602 02:54:22 @multi_agent_runner.py:99] Evaluation time: 1.40 s.
[20260602 02:54:22 @multi_agent_runner.py:105] Total time:     314.21 min
[20260602 02:54:22 @multi_agent_runner.py:120] Agent_0 gets eval reward: 0.00.
[20260602 02:54:22 @multi_agent_runner.py:121] Agent_0 gets win rate: 0.00.
[20260602 02:54:22 @multi_agent_runner.py:120] Agent_1 gets eval reward: 0.00.
[20260602 02:54:22 @multi_agent_runner.py:121] Agent_1 gets win rate: 0.00.
[20260602 02:54:22 @multi_agent_runner.py:79] #------------------------ Iteration 823 --------------------------#
[20260602 02:54:33 @multi_agent_runner.py:85] Sampling 50000 steps by 50 slaves, spending 11.66 s.
[20260602 02:54:43 @multi_agent_runner.py:94] Policy update, spending: 9.21 s.
[20260602 02:54:44 @multi_agent_runner.py:99] Evaluation time: 1.74 s.
[20260602 02:54:44 @multi_agent_runner.py:105] Total time:     314.59 min
[20260602 02:54:44 @multi_agent_runner.py:120] Agent_0 gets eval reward: 0.00.
[20260602 02:54:44 @multi_agent_runner.py:121] Agent_0 gets win rate: 0.00.
[20260602 02:54:44 @multi_agent_runner.py:120] Agent_1 gets eval reward: 0.00.
[20260602 02:54:44 @multi_agent_runner.py:121] Agent_1 gets win rate: 0.00.
[20260602 02:54:45 @multi_agent_runner.py:79] #------------------------ Iteration 824 --------------------------#
[20260602 02:54:56 @multi_agent_runner.py:85] Sampling 50000 steps by 50 slaves, spending 11.68 s.
[20260602 02:55:05 @multi_agent_runner.py:94] Policy update, spending: 8.95 s.
[20260602 02:55:07 @multi_agent_runner.py:99] Evaluation time: 1.62 s.
[20260602 02:55:07 @multi_agent_runner.py:105] Total time:     314.96 min
[20260602 02:55:07 @multi_agent_runner.py:120] Agent_0 gets eval reward: 0.00.
[20260602 02:55:07 @multi_agent_runner.py:121] Agent_0 gets win rate: 0.00.
[20260602 02:55:07 @multi_agent_runner.py:120] Agent_1 gets eval reward: 0.00.
[20260602 02:55:07 @multi_agent_runner.py:121] Agent_1 gets win rate: 0.00.
[20260602 02:55:07 @multi_agent_runner.py:79] #------------------------ Iteration 825 --------------------------#
[20260602 02:55:19 @multi_agent_runner.py:85] Sampling 50000 steps by 50 slaves, spending 11.85 s.
[20260602 02:55:28 @multi_agent_runner.py:94] Policy update, spending: 8.77 s.
[20260602 02:55:29 @multi_agent_runner.py:99] Evaluation time: 1.49 s.
[20260602 02:55:29 @multi_agent_runner.py:105] Total time:     315.34 min
[20260602 02:55:29 @multi_agent_runner.py:120] Agent_0 gets eval reward: 0.00.
[20260602 02:55:29 @multi_agent_runner.py:121] Agent_0 gets win rate: 0.00.
[20260602 02:55:29 @multi_agent_runner.py:120] Agent_1 gets eval reward: 0.00.
[20260602 02:55:29 @multi_agent_runner.py:121] Agent_1 gets win rate: 0.00.
[20260602 02:55:29 @multi_agent_runner.py:79] #------------------------ Iteration 826 --------------------------#
[20260602 02:55:41 @multi_agent_runner.py:85] Sampling 50000 steps by 50 slaves, spending 12.24 s.
[20260602 02:55:51 @multi_agent_runner.py:94] Policy update, spending: 9.12 s.
[20260602 02:55:52 @multi_agent_runner.py:99] Evaluation time: 1.70 s.
[20260602 02:55:52 @multi_agent_runner.py:105] Total time:     315.72 min
[20260602 02:55:52 @multi_agent_runner.py:120] Agent_0 gets eval reward: 0.00.
[20260602 02:55:52 @multi_agent_runner.py:121] Agent_0 gets win rate: 0.00.
[20260602 02:55:52 @multi_agent_runner.py:120] Agent_1 gets eval reward: 0.00.
[20260602 02:55:52 @multi_agent_runner.py:121] Agent_1 gets win rate: 0.00.
[20260602 02:55:52 @multi_agent_runner.py:79] #------------------------ Iteration 827 --------------------------#
[20260602 02:56:05 @multi_agent_runner.py:85] Sampling 50000 steps by 50 slaves, spending 12.34 s.
[20260602 02:56:14 @multi_agent_runner.py:94] Policy update, spending: 9.63 s.
[20260602 02:56:16 @multi_agent_runner.py:99] Evaluation time: 1.59 s.
[20260602 02:56:16 @multi_agent_runner.py:105] Total time:     316.12 min
[20260602 02:56:16 @multi_agent_runner.py:120] Agent_0 gets eval reward: 0.00.
[20260602 02:56:16 @multi_agent_runner.py:121] Agent_0 gets win rate: 0.00.
[20260602 02:56:16 @multi_agent_runner.py:120] Agent_1 gets eval reward: 0.00.
[20260602 02:56:16 @multi_agent_runner.py:121] Agent_1 gets win rate: 0.00.
[20260602 02:56:16 @multi_agent_runner.py:79] #------------------------ Iteration 828 --------------------------#
[20260602 02:56:28 @multi_agent_runner.py:85] Sampling 50000 steps by 50 slaves, spending 12.22 s.
[20260602 02:56:38 @multi_agent_runner.py:94] Policy update, spending: 9.24 s.
[20260602 02:56:39 @multi_agent_runner.py:99] Evaluation time: 1.41 s.
[20260602 02:56:39 @multi_agent_runner.py:105] Total time:     316.50 min
[20260602 02:56:39 @multi_agent_runner.py:120] Agent_0 gets eval reward: 0.00.
[20260602 02:56:39 @multi_agent_runner.py:121] Agent_0 gets win rate: 0.00.
[20260602 02:56:39 @multi_agent_runner.py:120] Agent_1 gets eval reward: 0.00.
[20260602 02:56:39 @multi_agent_runner.py:121] Agent_1 gets win rate: 0.00.
[20260602 02:56:39 @multi_agent_runner.py:79] #------------------------ Iteration 829 --------------------------#
[20260602 02:56:51 @multi_agent_runner.py:85] Sampling 50000 steps by 50 slaves, spending 12.27 s.
[20260602 02:57:01 @multi_agent_runner.py:94] Policy update, spending: 9.25 s.
[20260602 02:57:02 @multi_agent_runner.py:99] Evaluation time: 1.53 s.
[20260602 02:57:02 @multi_agent_runner.py:105] Total time:     316.89 min
[20260602 02:57:02 @multi_agent_runner.py:120] Agent_0 gets eval reward: 0.00.
[20260602 02:57:02 @multi_agent_runner.py:121] Agent_0 gets win rate: 0.00.
[20260602 02:57:02 @multi_agent_runner.py:120] Agent_1 gets eval reward: 0.00.
[20260602 02:57:02 @multi_agent_runner.py:121] Agent_1 gets win rate: 0.00.
[20260602 02:57:02 @multi_agent_runner.py:79] #------------------------ Iteration 830 --------------------------#
[20260602 02:57:14 @multi_agent_runner.py:85] Sampling 50000 steps by 50 slaves, spending 11.75 s.
[20260602 02:57:23 @multi_agent_runner.py:94] Policy update, spending: 9.01 s.
[20260602 02:57:25 @multi_agent_runner.py:99] Evaluation time: 1.73 s.
[20260602 02:57:25 @multi_agent_runner.py:105] Total time:     317.27 min
[20260602 02:57:25 @multi_agent_runner.py:120] Agent_0 gets eval reward: 0.00.
[20260602 02:57:25 @multi_agent_runner.py:121] Agent_0 gets win rate: 0.00.
[20260602 02:57:25 @multi_agent_runner.py:120] Agent_1 gets eval reward: 0.00.
[20260602 02:57:25 @multi_agent_runner.py:121] Agent_1 gets win rate: 0.00.
[20260602 02:57:25 @multi_agent_runner.py:79] #------------------------ Iteration 831 --------------------------#
[20260602 02:57:37 @multi_agent_runner.py:85] Sampling 50000 steps by 50 slaves, spending 11.91 s.
[20260602 02:57:46 @multi_agent_runner.py:94] Policy update, spending: 9.22 s.
[20260602 02:57:48 @multi_agent_runner.py:99] Evaluation time: 1.68 s.
[20260602 02:57:48 @multi_agent_runner.py:105] Total time:     317.65 min
[20260602 02:57:48 @multi_agent_runner.py:120] Agent_0 gets eval reward: -250.00.
[20260602 02:57:48 @multi_agent_runner.py:121] Agent_0 gets win rate: 0.00.
[20260602 02:57:48 @multi_agent_runner.py:120] Agent_1 gets eval reward: 250.00.
[20260602 02:57:48 @multi_agent_runner.py:121] Agent_1 gets win rate: 0.25.
[20260602 02:57:48 @multi_agent_runner.py:79] #------------------------ Iteration 832 --------------------------#
[20260602 02:58:00 @multi_agent_runner.py:85] Sampling 50000 steps by 50 slaves, spending 11.85 s.
[20260602 02:58:09 @multi_agent_runner.py:94] Policy update, spending: 9.23 s.
[20260602 02:58:11 @multi_agent_runner.py:99] Evaluation time: 1.68 s.
[20260602 02:58:11 @multi_agent_runner.py:105] Total time:     318.03 min
[20260602 02:58:11 @multi_agent_runner.py:120] Agent_0 gets eval reward: 0.00.
[20260602 02:58:11 @multi_agent_runner.py:121] Agent_0 gets win rate: 0.00.
[20260602 02:58:11 @multi_agent_runner.py:120] Agent_1 gets eval reward: 0.00.
[20260602 02:58:11 @multi_agent_runner.py:121] Agent_1 gets win rate: 0.00.
[20260602 02:58:11 @multi_agent_runner.py:79] #------------------------ Iteration 833 --------------------------#
[20260602 02:58:23 @multi_agent_runner.py:85] Sampling 50000 steps by 50 slaves, spending 11.87 s.
[20260602 02:58:32 @multi_agent_runner.py:94] Policy update, spending: 9.16 s.
[20260602 02:58:33 @multi_agent_runner.py:99] Evaluation time: 1.58 s.
[20260602 02:58:33 @multi_agent_runner.py:105] Total time:     318.41 min
[20260602 02:58:34 @multi_agent_runner.py:120] Agent_0 gets eval reward: 0.00.
[20260602 02:58:34 @multi_agent_runner.py:121] Agent_0 gets win rate: 0.00.
[20260602 02:58:34 @multi_agent_runner.py:120] Agent_1 gets eval reward: 0.00.
[20260602 02:58:34 @multi_agent_runner.py:121] Agent_1 gets win rate: 0.00.
[20260602 02:58:34 @multi_agent_runner.py:79] #------------------------ Iteration 834 --------------------------#
[20260602 02:58:45 @multi_agent_runner.py:85] Sampling 50000 steps by 50 slaves, spending 11.35 s.
[20260602 02:58:54 @multi_agent_runner.py:94] Policy update, spending: 8.70 s.
[20260602 02:58:55 @multi_agent_runner.py:99] Evaluation time: 1.37 s.
[20260602 02:58:55 @multi_agent_runner.py:105] Total time:     318.77 min
[20260602 02:58:55 @multi_agent_runner.py:120] Agent_0 gets eval reward: 166.67.
[20260602 02:58:55 @multi_agent_runner.py:121] Agent_0 gets win rate: 0.17.
[20260602 02:58:55 @multi_agent_runner.py:120] Agent_1 gets eval reward: -166.67.
[20260602 02:58:55 @multi_agent_runner.py:121] Agent_1 gets win rate: 0.00.
[20260602 02:58:55 @multi_agent_runner.py:79] #------------------------ Iteration 835 --------------------------#
[20260602 02:59:07 @multi_agent_runner.py:85] Sampling 50000 steps by 50 slaves, spending 11.94 s.
[20260602 02:59:16 @multi_agent_runner.py:94] Policy update, spending: 8.90 s.
[20260602 02:59:18 @multi_agent_runner.py:99] Evaluation time: 1.66 s.
[20260602 02:59:18 @multi_agent_runner.py:105] Total time:     319.15 min
[20260602 02:59:18 @multi_agent_runner.py:120] Agent_0 gets eval reward: 0.00.
[20260602 02:59:18 @multi_agent_runner.py:121] Agent_0 gets win rate: 0.00.
[20260602 02:59:18 @multi_agent_runner.py:120] Agent_1 gets eval reward: 0.00.
[20260602 02:59:18 @multi_agent_runner.py:121] Agent_1 gets win rate: 0.00.
[20260602 02:59:18 @multi_agent_runner.py:79] #------------------------ Iteration 836 --------------------------#
[20260602 02:59:30 @multi_agent_runner.py:85] Sampling 50000 steps by 50 slaves, spending 12.01 s.
[20260602 02:59:39 @multi_agent_runner.py:94] Policy update, spending: 9.40 s.
[20260602 02:59:41 @multi_agent_runner.py:99] Evaluation time: 1.32 s.
[20260602 02:59:41 @multi_agent_runner.py:105] Total time:     319.53 min
[20260602 02:59:41 @multi_agent_runner.py:120] Agent_0 gets eval reward: 0.00.
[20260602 02:59:41 @multi_agent_runner.py:121] Agent_0 gets win rate: 0.00.
[20260602 02:59:41 @multi_agent_runner.py:120] Agent_1 gets eval reward: 0.00.
[20260602 02:59:41 @multi_agent_runner.py:121] Agent_1 gets win rate: 0.00.
[20260602 02:59:41 @multi_agent_runner.py:79] #------------------------ Iteration 837 --------------------------#
[20260602 02:59:53 @multi_agent_runner.py:85] Sampling 50000 steps by 50 slaves, spending 12.00 s.
[20260602 03:00:02 @multi_agent_runner.py:94] Policy update, spending: 9.07 s.
[20260602 03:00:03 @multi_agent_runner.py:99] Evaluation time: 1.43 s.
[20260602 03:00:03 @multi_agent_runner.py:105] Total time:     319.91 min
[20260602 03:00:03 @multi_agent_runner.py:120] Agent_0 gets eval reward: -333.33.
[20260602 03:00:03 @multi_agent_runner.py:121] Agent_0 gets win rate: 0.00.
[20260602 03:00:03 @multi_agent_runner.py:120] Agent_1 gets eval reward: 333.33.
[20260602 03:00:03 @multi_agent_runner.py:121] Agent_1 gets win rate: 0.33.
[20260602 03:00:03 @multi_agent_runner.py:79] #------------------------ Iteration 838 --------------------------#
[20260602 03:00:16 @multi_agent_runner.py:85] Sampling 50000 steps by 50 slaves, spending 12.20 s.
[20260602 03:00:25 @multi_agent_runner.py:94] Policy update, spending: 9.11 s.
[20260602 03:00:26 @multi_agent_runner.py:99] Evaluation time: 1.74 s.
[20260602 03:00:26 @multi_agent_runner.py:105] Total time:     320.29 min
[20260602 03:00:26 @multi_agent_runner.py:120] Agent_0 gets eval reward: 0.00.
[20260602 03:00:26 @multi_agent_runner.py:121] Agent_0 gets win rate: 0.00.
[20260602 03:00:26 @multi_agent_runner.py:120] Agent_1 gets eval reward: 0.00.
[20260602 03:00:26 @multi_agent_runner.py:121] Agent_1 gets win rate: 0.00.
[20260602 03:00:27 @multi_agent_runner.py:79] #------------------------ Iteration 839 --------------------------#
[20260602 03:00:39 @multi_agent_runner.py:85] Sampling 50000 steps by 50 slaves, spending 11.95 s.
[20260602 03:00:48 @multi_agent_runner.py:94] Policy update, spending: 9.48 s.
[20260602 03:00:49 @multi_agent_runner.py:99] Evaluation time: 1.44 s.
[20260602 03:00:49 @multi_agent_runner.py:105] Total time:     320.68 min
[20260602 03:00:50 @multi_agent_runner.py:120] Agent_0 gets eval reward: -250.00.
[20260602 03:00:50 @multi_agent_runner.py:121] Agent_0 gets win rate: 0.00.
[20260602 03:00:50 @multi_agent_runner.py:120] Agent_1 gets eval reward: 250.00.
[20260602 03:00:50 @multi_agent_runner.py:121] Agent_1 gets win rate: 0.25.
[20260602 03:00:50 @multi_agent_runner.py:79] #------------------------ Iteration 840 --------------------------#
[20260602 03:01:02 @multi_agent_runner.py:85] Sampling 50000 steps by 50 slaves, spending 12.09 s.
[20260602 03:01:11 @multi_agent_runner.py:94] Policy update, spending: 9.12 s.
[20260602 03:01:13 @multi_agent_runner.py:99] Evaluation time: 2.12 s.
[20260602 03:01:13 @multi_agent_runner.py:105] Total time:     321.07 min
[20260602 03:01:13 @multi_agent_runner.py:120] Agent_0 gets eval reward: 0.00.
[20260602 03:01:13 @multi_agent_runner.py:121] Agent_0 gets win rate: 0.00.
[20260602 03:01:13 @multi_agent_runner.py:120] Agent_1 gets eval reward: 0.00.
[20260602 03:01:13 @multi_agent_runner.py:121] Agent_1 gets win rate: 0.00.
[20260602 03:01:13 @multi_agent_runner.py:79] #------------------------ Iteration 841 --------------------------#
[20260602 03:01:25 @multi_agent_runner.py:85] Sampling 50000 steps by 50 slaves, spending 12.12 s.
[20260602 03:01:34 @multi_agent_runner.py:94] Policy update, spending: 9.17 s.
[20260602 03:01:36 @multi_agent_runner.py:99] Evaluation time: 1.97 s.
[20260602 03:01:36 @multi_agent_runner.py:105] Total time:     321.46 min
[20260602 03:01:36 @multi_agent_runner.py:120] Agent_0 gets eval reward: 0.00.
[20260602 03:01:36 @multi_agent_runner.py:121] Agent_0 gets win rate: 0.00.
[20260602 03:01:36 @multi_agent_runner.py:120] Agent_1 gets eval reward: 0.00.
[20260602 03:01:36 @multi_agent_runner.py:121] Agent_1 gets win rate: 0.00.
[20260602 03:01:36 @multi_agent_runner.py:79] #------------------------ Iteration 842 --------------------------#
[20260602 03:01:49 @multi_agent_runner.py:85] Sampling 50000 steps by 50 slaves, spending 12.43 s.
[20260602 03:01:58 @multi_agent_runner.py:94] Policy update, spending: 9.50 s.
[20260602 03:02:00 @multi_agent_runner.py:99] Evaluation time: 1.65 s.
[20260602 03:02:00 @multi_agent_runner.py:105] Total time:     321.85 min
[20260602 03:02:00 @multi_agent_runner.py:120] Agent_0 gets eval reward: 0.00.
[20260602 03:02:00 @multi_agent_runner.py:121] Agent_0 gets win rate: 0.00.
[20260602 03:02:00 @multi_agent_runner.py:120] Agent_1 gets eval reward: 0.00.
[20260602 03:02:00 @multi_agent_runner.py:121] Agent_1 gets win rate: 0.00.
[20260602 03:02:00 @multi_agent_runner.py:79] #------------------------ Iteration 843 --------------------------#
[20260602 03:02:12 @multi_agent_runner.py:85] Sampling 50000 steps by 50 slaves, spending 11.91 s.
[20260602 03:02:21 @multi_agent_runner.py:94] Policy update, spending: 8.78 s.
[20260602 03:02:22 @multi_agent_runner.py:99] Evaluation time: 1.50 s.
[20260602 03:02:22 @multi_agent_runner.py:105] Total time:     322.23 min
[20260602 03:02:22 @multi_agent_runner.py:120] Agent_0 gets eval reward: 0.00.
[20260602 03:02:22 @multi_agent_runner.py:121] Agent_0 gets win rate: 0.00.
[20260602 03:02:22 @multi_agent_runner.py:120] Agent_1 gets eval reward: 0.00.
[20260602 03:02:22 @multi_agent_runner.py:121] Agent_1 gets win rate: 0.00.
[20260602 03:02:23 @multi_agent_runner.py:79] #------------------------ Iteration 844 --------------------------#
[20260602 03:02:35 @multi_agent_runner.py:85] Sampling 50000 steps by 50 slaves, spending 12.69 s.
[20260602 03:02:44 @multi_agent_runner.py:94] Policy update, spending: 9.23 s.
[20260602 03:02:46 @multi_agent_runner.py:99] Evaluation time: 1.54 s.
[20260602 03:02:46 @multi_agent_runner.py:105] Total time:     322.62 min
[20260602 03:02:46 @multi_agent_runner.py:120] Agent_0 gets eval reward: 0.00.
[20260602 03:02:46 @multi_agent_runner.py:121] Agent_0 gets win rate: 0.00.
[20260602 03:02:46 @multi_agent_runner.py:120] Agent_1 gets eval reward: 0.00.
[20260602 03:02:46 @multi_agent_runner.py:121] Agent_1 gets win rate: 0.00.
[20260602 03:02:46 @multi_agent_runner.py:79] #------------------------ Iteration 845 --------------------------#
[20260602 03:02:58 @multi_agent_runner.py:85] Sampling 50000 steps by 50 slaves, spending 11.62 s.
[20260602 03:03:07 @multi_agent_runner.py:94] Policy update, spending: 9.14 s.
[20260602 03:03:09 @multi_agent_runner.py:99] Evaluation time: 1.89 s.
[20260602 03:03:09 @multi_agent_runner.py:105] Total time:     323.00 min
[20260602 03:03:09 @multi_agent_runner.py:120] Agent_0 gets eval reward: -200.00.
[20260602 03:03:09 @multi_agent_runner.py:121] Agent_0 gets win rate: 0.00.
[20260602 03:03:09 @multi_agent_runner.py:120] Agent_1 gets eval reward: 200.00.
[20260602 03:03:09 @multi_agent_runner.py:121] Agent_1 gets win rate: 0.20.
[20260602 03:03:09 @multi_agent_runner.py:79] #------------------------ Iteration 846 --------------------------#
[20260602 03:03:21 @multi_agent_runner.py:85] Sampling 50000 steps by 50 slaves, spending 12.33 s.
[20260602 03:03:31 @multi_agent_runner.py:94] Policy update, spending: 9.51 s.
[20260602 03:03:33 @multi_agent_runner.py:99] Evaluation time: 1.78 s.
[20260602 03:03:33 @multi_agent_runner.py:105] Total time:     323.39 min
[20260602 03:03:33 @multi_agent_runner.py:120] Agent_0 gets eval reward: 0.00.
[20260602 03:03:33 @multi_agent_runner.py:121] Agent_0 gets win rate: 0.00.
[20260602 03:03:33 @multi_agent_runner.py:120] Agent_1 gets eval reward: 0.00.
[20260602 03:03:33 @multi_agent_runner.py:121] Agent_1 gets win rate: 0.00.
[20260602 03:03:33 @multi_agent_runner.py:79] #------------------------ Iteration 847 --------------------------#
[20260602 03:03:45 @multi_agent_runner.py:85] Sampling 50000 steps by 50 slaves, spending 12.24 s.
[20260602 03:03:55 @multi_agent_runner.py:94] Policy update, spending: 9.51 s.
[20260602 03:03:56 @multi_agent_runner.py:99] Evaluation time: 1.54 s.
[20260602 03:03:56 @multi_agent_runner.py:105] Total time:     323.79 min
[20260602 03:03:56 @multi_agent_runner.py:120] Agent_0 gets eval reward: 0.00.
[20260602 03:03:56 @multi_agent_runner.py:121] Agent_0 gets win rate: 0.00.
[20260602 03:03:56 @multi_agent_runner.py:120] Agent_1 gets eval reward: 0.00.
[20260602 03:03:56 @multi_agent_runner.py:121] Agent_1 gets win rate: 0.00.
[20260602 03:03:56 @multi_agent_runner.py:79] #------------------------ Iteration 848 --------------------------#
[20260602 03:04:08 @multi_agent_runner.py:85] Sampling 50000 steps by 50 slaves, spending 11.64 s.
[20260602 03:04:17 @multi_agent_runner.py:94] Policy update, spending: 9.31 s.
[20260602 03:04:19 @multi_agent_runner.py:99] Evaluation time: 1.82 s.
[20260602 03:04:19 @multi_agent_runner.py:105] Total time:     324.17 min
[20260602 03:04:19 @multi_agent_runner.py:120] Agent_0 gets eval reward: -250.00.
[20260602 03:04:19 @multi_agent_runner.py:121] Agent_0 gets win rate: 0.00.
[20260602 03:04:19 @multi_agent_runner.py:120] Agent_1 gets eval reward: 250.00.
[20260602 03:04:19 @multi_agent_runner.py:121] Agent_1 gets win rate: 0.25.
[20260602 03:04:19 @multi_agent_runner.py:79] #------------------------ Iteration 849 --------------------------#
[20260602 03:04:31 @multi_agent_runner.py:85] Sampling 50000 steps by 50 slaves, spending 12.09 s.
[20260602 03:04:40 @multi_agent_runner.py:94] Policy update, spending: 9.09 s.
[20260602 03:04:42 @multi_agent_runner.py:99] Evaluation time: 1.57 s.
[20260602 03:04:42 @multi_agent_runner.py:105] Total time:     324.55 min
[20260602 03:04:42 @multi_agent_runner.py:120] Agent_0 gets eval reward: 0.00.
[20260602 03:04:42 @multi_agent_runner.py:121] Agent_0 gets win rate: 0.00.
[20260602 03:04:42 @multi_agent_runner.py:120] Agent_1 gets eval reward: 0.00.
[20260602 03:04:42 @multi_agent_runner.py:121] Agent_1 gets win rate: 0.00.
[20260602 03:04:42 @multi_agent_runner.py:79] #------------------------ Iteration 850 --------------------------#
[20260602 03:04:54 @multi_agent_runner.py:85] Sampling 50000 steps by 50 slaves, spending 12.31 s.
[20260602 03:05:03 @multi_agent_runner.py:94] Policy update, spending: 8.89 s.
[20260602 03:05:05 @multi_agent_runner.py:99] Evaluation time: 1.80 s.
[20260602 03:05:05 @multi_agent_runner.py:105] Total time:     324.94 min
[20260602 03:05:05 @multi_agent_runner.py:120] Agent_0 gets eval reward: -200.00.
[20260602 03:05:05 @multi_agent_runner.py:121] Agent_0 gets win rate: 0.00.
[20260602 03:05:05 @multi_agent_runner.py:120] Agent_1 gets eval reward: 200.00.
[20260602 03:05:05 @multi_agent_runner.py:121] Agent_1 gets win rate: 0.20.
[20260602 03:05:05 @multi_agent_runner.py:79] #------------------------ Iteration 851 --------------------------#
[20260602 03:05:17 @multi_agent_runner.py:85] Sampling 50000 steps by 50 slaves, spending 12.19 s.
[20260602 03:05:26 @multi_agent_runner.py:94] Policy update, spending: 8.95 s.
[20260602 03:05:28 @multi_agent_runner.py:99] Evaluation time: 1.69 s.
[20260602 03:05:28 @multi_agent_runner.py:105] Total time:     325.32 min
[20260602 03:05:28 @multi_agent_runner.py:120] Agent_0 gets eval reward: 0.00.
[20260602 03:05:28 @multi_agent_runner.py:121] Agent_0 gets win rate: 0.00.
[20260602 03:05:28 @multi_agent_runner.py:120] Agent_1 gets eval reward: 0.00.
[20260602 03:05:28 @multi_agent_runner.py:121] Agent_1 gets win rate: 0.00.
[20260602 03:05:28 @multi_agent_runner.py:79] #------------------------ Iteration 852 --------------------------#
[20260602 03:05:40 @multi_agent_runner.py:85] Sampling 50000 steps by 50 slaves, spending 11.95 s.
[20260602 03:05:49 @multi_agent_runner.py:94] Policy update, spending: 9.17 s.
[20260602 03:05:51 @multi_agent_runner.py:99] Evaluation time: 1.74 s.
[20260602 03:05:51 @multi_agent_runner.py:105] Total time:     325.70 min
[20260602 03:05:51 @multi_agent_runner.py:120] Agent_0 gets eval reward: 0.00.
[20260602 03:05:51 @multi_agent_runner.py:121] Agent_0 gets win rate: 0.00.
[20260602 03:05:51 @multi_agent_runner.py:120] Agent_1 gets eval reward: 0.00.
[20260602 03:05:51 @multi_agent_runner.py:121] Agent_1 gets win rate: 0.00.
[20260602 03:05:51 @multi_agent_runner.py:79] #------------------------ Iteration 853 --------------------------#
[20260602 03:06:03 @multi_agent_runner.py:85] Sampling 50000 steps by 50 slaves, spending 12.19 s.
[20260602 03:06:12 @multi_agent_runner.py:94] Policy update, spending: 8.98 s.
[20260602 03:06:14 @multi_agent_runner.py:99] Evaluation time: 1.38 s.
[20260602 03:06:14 @multi_agent_runner.py:105] Total time:     326.08 min
[20260602 03:06:14 @multi_agent_runner.py:120] Agent_0 gets eval reward: -166.67.
[20260602 03:06:14 @multi_agent_runner.py:121] Agent_0 gets win rate: 0.00.
[20260602 03:06:14 @multi_agent_runner.py:120] Agent_1 gets eval reward: 166.67.
[20260602 03:06:14 @multi_agent_runner.py:121] Agent_1 gets win rate: 0.17.
[20260602 03:06:14 @multi_agent_runner.py:79] #------------------------ Iteration 854 --------------------------#
[20260602 03:06:26 @multi_agent_runner.py:85] Sampling 50000 steps by 50 slaves, spending 12.23 s.
[20260602 03:06:35 @multi_agent_runner.py:94] Policy update, spending: 8.93 s.
[20260602 03:06:37 @multi_agent_runner.py:99] Evaluation time: 1.50 s.
[20260602 03:06:37 @multi_agent_runner.py:105] Total time:     326.46 min
[20260602 03:06:37 @multi_agent_runner.py:120] Agent_0 gets eval reward: 0.00.
[20260602 03:06:37 @multi_agent_runner.py:121] Agent_0 gets win rate: 0.00.
[20260602 03:06:37 @multi_agent_runner.py:120] Agent_1 gets eval reward: 0.00.
[20260602 03:06:37 @multi_agent_runner.py:121] Agent_1 gets win rate: 0.00.
[20260602 03:06:37 @multi_agent_runner.py:79] #------------------------ Iteration 855 --------------------------#
[20260602 03:06:49 @multi_agent_runner.py:85] Sampling 50000 steps by 50 slaves, spending 11.94 s.
[20260602 03:06:58 @multi_agent_runner.py:94] Policy update, spending: 9.09 s.
[20260602 03:06:59 @multi_agent_runner.py:99] Evaluation time: 1.46 s.
[20260602 03:06:59 @multi_agent_runner.py:105] Total time:     326.84 min
[20260602 03:06:59 @multi_agent_runner.py:120] Agent_0 gets eval reward: 0.00.
[20260602 03:06:59 @multi_agent_runner.py:121] Agent_0 gets win rate: 0.00.
[20260602 03:06:59 @multi_agent_runner.py:120] Agent_1 gets eval reward: 0.00.
[20260602 03:06:59 @multi_agent_runner.py:121] Agent_1 gets win rate: 0.00.
[20260602 03:06:59 @multi_agent_runner.py:79] #------------------------ Iteration 856 --------------------------#
[20260602 03:07:11 @multi_agent_runner.py:85] Sampling 50000 steps by 50 slaves, spending 11.84 s.
[20260602 03:07:20 @multi_agent_runner.py:94] Policy update, spending: 9.00 s.
[20260602 03:07:22 @multi_agent_runner.py:99] Evaluation time: 1.53 s.
[20260602 03:07:22 @multi_agent_runner.py:105] Total time:     327.21 min
[20260602 03:07:22 @multi_agent_runner.py:120] Agent_0 gets eval reward: 0.00.
[20260602 03:07:22 @multi_agent_runner.py:121] Agent_0 gets win rate: 0.00.
[20260602 03:07:22 @multi_agent_runner.py:120] Agent_1 gets eval reward: 0.00.
[20260602 03:07:22 @multi_agent_runner.py:121] Agent_1 gets win rate: 0.00.
[20260602 03:07:22 @multi_agent_runner.py:79] #------------------------ Iteration 857 --------------------------#
[20260602 03:07:34 @multi_agent_runner.py:85] Sampling 50000 steps by 50 slaves, spending 12.00 s.
[20260602 03:07:43 @multi_agent_runner.py:94] Policy update, spending: 9.03 s.
[20260602 03:07:44 @multi_agent_runner.py:99] Evaluation time: 1.62 s.
[20260602 03:07:44 @multi_agent_runner.py:105] Total time:     327.59 min
[20260602 03:07:45 @multi_agent_runner.py:120] Agent_0 gets eval reward: 0.00.
[20260602 03:07:45 @multi_agent_runner.py:121] Agent_0 gets win rate: 0.00.
[20260602 03:07:45 @multi_agent_runner.py:120] Agent_1 gets eval reward: 0.00.
[20260602 03:07:45 @multi_agent_runner.py:121] Agent_1 gets win rate: 0.00.
[20260602 03:07:45 @multi_agent_runner.py:79] #------------------------ Iteration 858 --------------------------#
[20260602 03:07:56 @multi_agent_runner.py:85] Sampling 50000 steps by 50 slaves, spending 11.82 s.
[20260602 03:08:05 @multi_agent_runner.py:94] Policy update, spending: 8.75 s.
[20260602 03:08:07 @multi_agent_runner.py:99] Evaluation time: 1.68 s.
[20260602 03:08:07 @multi_agent_runner.py:105] Total time:     327.97 min
[20260602 03:08:07 @multi_agent_runner.py:120] Agent_0 gets eval reward: 0.00.
[20260602 03:08:07 @multi_agent_runner.py:121] Agent_0 gets win rate: 0.00.
[20260602 03:08:07 @multi_agent_runner.py:120] Agent_1 gets eval reward: 0.00.
[20260602 03:08:07 @multi_agent_runner.py:121] Agent_1 gets win rate: 0.00.
[20260602 03:08:07 @multi_agent_runner.py:79] #------------------------ Iteration 859 --------------------------#
[20260602 03:08:19 @multi_agent_runner.py:85] Sampling 50000 steps by 50 slaves, spending 11.81 s.
[20260602 03:08:28 @multi_agent_runner.py:94] Policy update, spending: 9.16 s.
[20260602 03:08:30 @multi_agent_runner.py:99] Evaluation time: 1.73 s.
[20260602 03:08:30 @multi_agent_runner.py:105] Total time:     328.35 min
[20260602 03:08:30 @multi_agent_runner.py:120] Agent_0 gets eval reward: 0.00.
[20260602 03:08:30 @multi_agent_runner.py:121] Agent_0 gets win rate: 0.00.
[20260602 03:08:30 @multi_agent_runner.py:120] Agent_1 gets eval reward: 0.00.
[20260602 03:08:30 @multi_agent_runner.py:121] Agent_1 gets win rate: 0.00.
[20260602 03:08:30 @multi_agent_runner.py:79] #------------------------ Iteration 860 --------------------------#
[20260602 03:08:42 @multi_agent_runner.py:85] Sampling 50000 steps by 50 slaves, spending 11.72 s.
[20260602 03:08:51 @multi_agent_runner.py:94] Policy update, spending: 9.39 s.
[20260602 03:08:52 @multi_agent_runner.py:99] Evaluation time: 1.35 s.
[20260602 03:08:52 @multi_agent_runner.py:105] Total time:     328.72 min
[20260602 03:08:52 @multi_agent_runner.py:120] Agent_0 gets eval reward: 0.00.
[20260602 03:08:52 @multi_agent_runner.py:121] Agent_0 gets win rate: 0.00.
[20260602 03:08:52 @multi_agent_runner.py:120] Agent_1 gets eval reward: 0.00.
[20260602 03:08:52 @multi_agent_runner.py:121] Agent_1 gets win rate: 0.00.
[20260602 03:08:52 @multi_agent_runner.py:79] #------------------------ Iteration 861 --------------------------#
[20260602 03:09:04 @multi_agent_runner.py:85] Sampling 50000 steps by 50 slaves, spending 11.34 s.
[20260602 03:09:13 @multi_agent_runner.py:94] Policy update, spending: 8.97 s.
[20260602 03:09:14 @multi_agent_runner.py:99] Evaluation time: 1.36 s.
[20260602 03:09:14 @multi_agent_runner.py:105] Total time:     329.09 min
[20260602 03:09:14 @multi_agent_runner.py:120] Agent_0 gets eval reward: 0.00.
[20260602 03:09:14 @multi_agent_runner.py:121] Agent_0 gets win rate: 0.00.
[20260602 03:09:14 @multi_agent_runner.py:120] Agent_1 gets eval reward: 0.00.
[20260602 03:09:14 @multi_agent_runner.py:121] Agent_1 gets win rate: 0.00.
[20260602 03:09:14 @multi_agent_runner.py:79] #------------------------ Iteration 862 --------------------------#
[20260602 03:09:26 @multi_agent_runner.py:85] Sampling 50000 steps by 50 slaves, spending 11.48 s.
[20260602 03:09:35 @multi_agent_runner.py:94] Policy update, spending: 8.82 s.
[20260602 03:09:36 @multi_agent_runner.py:99] Evaluation time: 1.50 s.
[20260602 03:09:36 @multi_agent_runner.py:105] Total time:     329.45 min
[20260602 03:09:36 @multi_agent_runner.py:120] Agent_0 gets eval reward: 0.00.
[20260602 03:09:36 @multi_agent_runner.py:121] Agent_0 gets win rate: 0.00.
[20260602 03:09:36 @multi_agent_runner.py:120] Agent_1 gets eval reward: 0.00.
[20260602 03:09:36 @multi_agent_runner.py:121] Agent_1 gets win rate: 0.00.
[20260602 03:09:36 @multi_agent_runner.py:79] #------------------------ Iteration 863 --------------------------#
[20260602 03:09:48 @multi_agent_runner.py:85] Sampling 50000 steps by 50 slaves, spending 11.90 s.
[20260602 03:09:58 @multi_agent_runner.py:94] Policy update, spending: 9.40 s.
[20260602 03:09:59 @multi_agent_runner.py:99] Evaluation time: 1.49 s.
[20260602 03:09:59 @multi_agent_runner.py:105] Total time:     329.84 min
[20260602 03:09:59 @multi_agent_runner.py:120] Agent_0 gets eval reward: 0.00.
[20260602 03:09:59 @multi_agent_runner.py:121] Agent_0 gets win rate: 0.00.
[20260602 03:09:59 @multi_agent_runner.py:120] Agent_1 gets eval reward: 0.00.
[20260602 03:09:59 @multi_agent_runner.py:121] Agent_1 gets win rate: 0.00.
[20260602 03:09:59 @multi_agent_runner.py:79] #------------------------ Iteration 864 --------------------------#
[20260602 03:10:11 @multi_agent_runner.py:85] Sampling 50000 steps by 50 slaves, spending 11.73 s.
[20260602 03:10:20 @multi_agent_runner.py:94] Policy update, spending: 9.53 s.
[20260602 03:10:22 @multi_agent_runner.py:99] Evaluation time: 1.49 s.
[20260602 03:10:22 @multi_agent_runner.py:105] Total time:     330.22 min
[20260602 03:10:22 @multi_agent_runner.py:120] Agent_0 gets eval reward: 0.00.
[20260602 03:10:22 @multi_agent_runner.py:121] Agent_0 gets win rate: 0.00.
[20260602 03:10:22 @multi_agent_runner.py:120] Agent_1 gets eval reward: 0.00.
[20260602 03:10:22 @multi_agent_runner.py:121] Agent_1 gets win rate: 0.00.
[20260602 03:10:22 @multi_agent_runner.py:79] #------------------------ Iteration 865 --------------------------#
[20260602 03:10:34 @multi_agent_runner.py:85] Sampling 50000 steps by 50 slaves, spending 11.98 s.
[20260602 03:10:44 @multi_agent_runner.py:94] Policy update, spending: 9.49 s.
[20260602 03:10:45 @multi_agent_runner.py:99] Evaluation time: 1.66 s.
[20260602 03:10:45 @multi_agent_runner.py:105] Total time:     330.61 min
[20260602 03:10:45 @multi_agent_runner.py:120] Agent_0 gets eval reward: 0.00.
[20260602 03:10:45 @multi_agent_runner.py:121] Agent_0 gets win rate: 0.00.
[20260602 03:10:45 @multi_agent_runner.py:120] Agent_1 gets eval reward: 0.00.
[20260602 03:10:45 @multi_agent_runner.py:121] Agent_1 gets win rate: 0.00.
[20260602 03:10:45 @multi_agent_runner.py:79] #------------------------ Iteration 866 --------------------------#
[20260602 03:10:57 @multi_agent_runner.py:85] Sampling 50000 steps by 50 slaves, spending 11.63 s.
[20260602 03:11:06 @multi_agent_runner.py:94] Policy update, spending: 9.21 s.
[20260602 03:11:08 @multi_agent_runner.py:99] Evaluation time: 1.41 s.
[20260602 03:11:08 @multi_agent_runner.py:105] Total time:     330.98 min
[20260602 03:11:08 @multi_agent_runner.py:120] Agent_0 gets eval reward: 0.00.
[20260602 03:11:08 @multi_agent_runner.py:121] Agent_0 gets win rate: 0.00.
[20260602 03:11:08 @multi_agent_runner.py:120] Agent_1 gets eval reward: 0.00.
[20260602 03:11:08 @multi_agent_runner.py:121] Agent_1 gets win rate: 0.00.
[20260602 03:11:08 @multi_agent_runner.py:79] #------------------------ Iteration 867 --------------------------#
[20260602 03:11:20 @multi_agent_runner.py:85] Sampling 50000 steps by 50 slaves, spending 12.15 s.
[20260602 03:11:29 @multi_agent_runner.py:94] Policy update, spending: 9.49 s.
[20260602 03:11:31 @multi_agent_runner.py:99] Evaluation time: 1.33 s.
[20260602 03:11:31 @multi_agent_runner.py:105] Total time:     331.36 min
[20260602 03:11:31 @multi_agent_runner.py:120] Agent_0 gets eval reward: 250.00.
[20260602 03:11:31 @multi_agent_runner.py:121] Agent_0 gets win rate: 0.25.
[20260602 03:11:31 @multi_agent_runner.py:120] Agent_1 gets eval reward: -250.00.
[20260602 03:11:31 @multi_agent_runner.py:121] Agent_1 gets win rate: 0.00.
[20260602 03:11:31 @multi_agent_runner.py:79] #------------------------ Iteration 868 --------------------------#
[20260602 03:11:43 @multi_agent_runner.py:85] Sampling 50000 steps by 50 slaves, spending 11.86 s.
[20260602 03:11:52 @multi_agent_runner.py:94] Policy update, spending: 9.18 s.
[20260602 03:11:53 @multi_agent_runner.py:99] Evaluation time: 1.37 s.
[20260602 03:11:53 @multi_agent_runner.py:105] Total time:     331.74 min
[20260602 03:11:53 @multi_agent_runner.py:120] Agent_0 gets eval reward: 0.00.
[20260602 03:11:53 @multi_agent_runner.py:121] Agent_0 gets win rate: 0.00.
[20260602 03:11:53 @multi_agent_runner.py:120] Agent_1 gets eval reward: 0.00.
[20260602 03:11:53 @multi_agent_runner.py:121] Agent_1 gets win rate: 0.00.
[20260602 03:11:53 @multi_agent_runner.py:79] #------------------------ Iteration 869 --------------------------#
[20260602 03:12:05 @multi_agent_runner.py:85] Sampling 50000 steps by 50 slaves, spending 11.81 s.
[20260602 03:12:14 @multi_agent_runner.py:94] Policy update, spending: 9.07 s.
[20260602 03:12:16 @multi_agent_runner.py:99] Evaluation time: 1.51 s.
[20260602 03:12:16 @multi_agent_runner.py:105] Total time:     332.12 min
[20260602 03:12:16 @multi_agent_runner.py:120] Agent_0 gets eval reward: 0.00.
[20260602 03:12:16 @multi_agent_runner.py:121] Agent_0 gets win rate: 0.00.
[20260602 03:12:16 @multi_agent_runner.py:120] Agent_1 gets eval reward: 0.00.
[20260602 03:12:16 @multi_agent_runner.py:121] Agent_1 gets win rate: 0.00.
[20260602 03:12:16 @multi_agent_runner.py:79] #------------------------ Iteration 870 --------------------------#
[20260602 03:12:28 @multi_agent_runner.py:85] Sampling 50000 steps by 50 slaves, spending 11.91 s.
[20260602 03:12:37 @multi_agent_runner.py:94] Policy update, spending: 8.94 s.
[20260602 03:12:39 @multi_agent_runner.py:99] Evaluation time: 1.83 s.
[20260602 03:12:39 @multi_agent_runner.py:105] Total time:     332.50 min
[20260602 03:12:39 @multi_agent_runner.py:120] Agent_0 gets eval reward: 0.00.
[20260602 03:12:39 @multi_agent_runner.py:121] Agent_0 gets win rate: 0.00.
[20260602 03:12:39 @multi_agent_runner.py:120] Agent_1 gets eval reward: 0.00.
[20260602 03:12:39 @multi_agent_runner.py:121] Agent_1 gets win rate: 0.00.
[20260602 03:12:39 @multi_agent_runner.py:79] #------------------------ Iteration 871 --------------------------#
[20260602 03:12:51 @multi_agent_runner.py:85] Sampling 50000 steps by 50 slaves, spending 12.38 s.
[20260602 03:13:00 @multi_agent_runner.py:94] Policy update, spending: 9.22 s.
[20260602 03:13:02 @multi_agent_runner.py:99] Evaluation time: 1.50 s.
[20260602 03:13:02 @multi_agent_runner.py:105] Total time:     332.88 min
[20260602 03:13:02 @multi_agent_runner.py:120] Agent_0 gets eval reward: -200.00.
[20260602 03:13:02 @multi_agent_runner.py:121] Agent_0 gets win rate: 0.00.
[20260602 03:13:02 @multi_agent_runner.py:120] Agent_1 gets eval reward: 200.00.
[20260602 03:13:02 @multi_agent_runner.py:121] Agent_1 gets win rate: 0.20.
[20260602 03:13:02 @multi_agent_runner.py:79] #------------------------ Iteration 872 --------------------------#
[20260602 03:13:14 @multi_agent_runner.py:85] Sampling 50000 steps by 50 slaves, spending 11.85 s.
[20260602 03:13:23 @multi_agent_runner.py:94] Policy update, spending: 8.91 s.
[20260602 03:13:25 @multi_agent_runner.py:99] Evaluation time: 1.66 s.
[20260602 03:13:25 @multi_agent_runner.py:105] Total time:     333.26 min
[20260602 03:13:25 @multi_agent_runner.py:120] Agent_0 gets eval reward: 0.00.
[20260602 03:13:25 @multi_agent_runner.py:121] Agent_0 gets win rate: 0.00.
[20260602 03:13:25 @multi_agent_runner.py:120] Agent_1 gets eval reward: 0.00.
[20260602 03:13:25 @multi_agent_runner.py:121] Agent_1 gets win rate: 0.00.
[20260602 03:13:25 @multi_agent_runner.py:79] #------------------------ Iteration 873 --------------------------#
[20260602 03:13:37 @multi_agent_runner.py:85] Sampling 50000 steps by 50 slaves, spending 12.22 s.
[20260602 03:13:46 @multi_agent_runner.py:94] Policy update, spending: 8.90 s.
[20260602 03:13:47 @multi_agent_runner.py:99] Evaluation time: 1.61 s.
[20260602 03:13:47 @multi_agent_runner.py:105] Total time:     333.64 min
[20260602 03:13:47 @multi_agent_runner.py:120] Agent_0 gets eval reward: -200.00.
[20260602 03:13:47 @multi_agent_runner.py:121] Agent_0 gets win rate: 0.00.
[20260602 03:13:47 @multi_agent_runner.py:120] Agent_1 gets eval reward: 200.00.
[20260602 03:13:47 @multi_agent_runner.py:121] Agent_1 gets win rate: 0.20.
[20260602 03:13:48 @multi_agent_runner.py:79] #------------------------ Iteration 874 --------------------------#
[20260602 03:13:59 @multi_agent_runner.py:85] Sampling 50000 steps by 50 slaves, spending 11.80 s.
[20260602 03:14:08 @multi_agent_runner.py:94] Policy update, spending: 8.92 s.
[20260602 03:14:10 @multi_agent_runner.py:99] Evaluation time: 1.73 s.
[20260602 03:14:10 @multi_agent_runner.py:105] Total time:     334.02 min
[20260602 03:14:10 @multi_agent_runner.py:120] Agent_0 gets eval reward: 0.00.
[20260602 03:14:10 @multi_agent_runner.py:121] Agent_0 gets win rate: 0.00.
[20260602 03:14:10 @multi_agent_runner.py:120] Agent_1 gets eval reward: 0.00.
[20260602 03:14:10 @multi_agent_runner.py:121] Agent_1 gets win rate: 0.00.
[20260602 03:14:10 @multi_agent_runner.py:79] #------------------------ Iteration 875 --------------------------#
[20260602 03:14:22 @multi_agent_runner.py:85] Sampling 50000 steps by 50 slaves, spending 11.91 s.
[20260602 03:14:31 @multi_agent_runner.py:94] Policy update, spending: 8.84 s.
[20260602 03:14:32 @multi_agent_runner.py:99] Evaluation time: 1.33 s.
[20260602 03:14:32 @multi_agent_runner.py:105] Total time:     334.39 min
[20260602 03:14:32 @multi_agent_runner.py:120] Agent_0 gets eval reward: 0.00.
[20260602 03:14:32 @multi_agent_runner.py:121] Agent_0 gets win rate: 0.00.
[20260602 03:14:32 @multi_agent_runner.py:120] Agent_1 gets eval reward: 0.00.
[20260602 03:14:32 @multi_agent_runner.py:121] Agent_1 gets win rate: 0.00.
[20260602 03:14:32 @multi_agent_runner.py:79] #------------------------ Iteration 876 --------------------------#
[20260602 03:14:45 @multi_agent_runner.py:85] Sampling 50000 steps by 50 slaves, spending 12.39 s.
[20260602 03:14:54 @multi_agent_runner.py:94] Policy update, spending: 9.17 s.
[20260602 03:14:55 @multi_agent_runner.py:99] Evaluation time: 1.31 s.
[20260602 03:14:55 @multi_agent_runner.py:105] Total time:     334.77 min
[20260602 03:14:55 @multi_agent_runner.py:120] Agent_0 gets eval reward: 0.00.
[20260602 03:14:55 @multi_agent_runner.py:121] Agent_0 gets win rate: 0.00.
[20260602 03:14:55 @multi_agent_runner.py:120] Agent_1 gets eval reward: 0.00.
[20260602 03:14:55 @multi_agent_runner.py:121] Agent_1 gets win rate: 0.00.
[20260602 03:14:55 @multi_agent_runner.py:79] #------------------------ Iteration 877 --------------------------#
[20260602 03:15:07 @multi_agent_runner.py:85] Sampling 50000 steps by 50 slaves, spending 11.63 s.
[20260602 03:15:16 @multi_agent_runner.py:94] Policy update, spending: 8.61 s.
[20260602 03:15:18 @multi_agent_runner.py:99] Evaluation time: 2.04 s.
[20260602 03:15:18 @multi_agent_runner.py:105] Total time:     335.15 min
[20260602 03:15:18 @multi_agent_runner.py:120] Agent_0 gets eval reward: 0.00.
[20260602 03:15:18 @multi_agent_runner.py:121] Agent_0 gets win rate: 0.00.
[20260602 03:15:18 @multi_agent_runner.py:120] Agent_1 gets eval reward: 0.00.
[20260602 03:15:18 @multi_agent_runner.py:121] Agent_1 gets win rate: 0.00.
[20260602 03:15:18 @multi_agent_runner.py:79] #------------------------ Iteration 878 --------------------------#
[20260602 03:15:30 @multi_agent_runner.py:85] Sampling 50000 steps by 50 slaves, spending 12.18 s.
[20260602 03:15:39 @multi_agent_runner.py:94] Policy update, spending: 9.17 s.
[20260602 03:15:41 @multi_agent_runner.py:99] Evaluation time: 1.50 s.
[20260602 03:15:41 @multi_agent_runner.py:105] Total time:     335.53 min
[20260602 03:15:41 @multi_agent_runner.py:120] Agent_0 gets eval reward: 0.00.
[20260602 03:15:41 @multi_agent_runner.py:121] Agent_0 gets win rate: 0.00.
[20260602 03:15:41 @multi_agent_runner.py:120] Agent_1 gets eval reward: 0.00.
[20260602 03:15:41 @multi_agent_runner.py:121] Agent_1 gets win rate: 0.00.
[20260602 03:15:41 @multi_agent_runner.py:79] #------------------------ Iteration 879 --------------------------#
[20260602 03:15:53 @multi_agent_runner.py:85] Sampling 50000 steps by 50 slaves, spending 12.15 s.
[20260602 03:16:02 @multi_agent_runner.py:94] Policy update, spending: 9.18 s.
[20260602 03:16:04 @multi_agent_runner.py:99] Evaluation time: 1.35 s.
[20260602 03:16:04 @multi_agent_runner.py:105] Total time:     335.91 min
[20260602 03:16:04 @multi_agent_runner.py:120] Agent_0 gets eval reward: 400.00.
[20260602 03:16:04 @multi_agent_runner.py:121] Agent_0 gets win rate: 0.40.
[20260602 03:16:04 @multi_agent_runner.py:120] Agent_1 gets eval reward: -400.00.
[20260602 03:16:04 @multi_agent_runner.py:121] Agent_1 gets win rate: 0.00.
[20260602 03:16:04 @multi_agent_runner.py:79] #------------------------ Iteration 880 --------------------------#
[20260602 03:16:16 @multi_agent_runner.py:85] Sampling 50000 steps by 50 slaves, spending 12.24 s.
[20260602 03:16:25 @multi_agent_runner.py:94] Policy update, spending: 9.05 s.
[20260602 03:16:27 @multi_agent_runner.py:99] Evaluation time: 1.84 s.
[20260602 03:16:27 @multi_agent_runner.py:105] Total time:     336.30 min
[20260602 03:16:27 @multi_agent_runner.py:120] Agent_0 gets eval reward: -400.00.
[20260602 03:16:27 @multi_agent_runner.py:121] Agent_0 gets win rate: 0.00.
[20260602 03:16:27 @multi_agent_runner.py:120] Agent_1 gets eval reward: 400.00.
[20260602 03:16:27 @multi_agent_runner.py:121] Agent_1 gets win rate: 0.40.
[20260602 03:16:27 @multi_agent_runner.py:79] #------------------------ Iteration 881 --------------------------#
[20260602 03:16:39 @multi_agent_runner.py:85] Sampling 50000 steps by 50 slaves, spending 12.12 s.
[20260602 03:16:48 @multi_agent_runner.py:94] Policy update, spending: 9.09 s.
[20260602 03:16:50 @multi_agent_runner.py:99] Evaluation time: 1.54 s.
[20260602 03:16:50 @multi_agent_runner.py:105] Total time:     336.68 min
[20260602 03:16:50 @multi_agent_runner.py:120] Agent_0 gets eval reward: 0.00.
[20260602 03:16:50 @multi_agent_runner.py:121] Agent_0 gets win rate: 0.00.
[20260602 03:16:50 @multi_agent_runner.py:120] Agent_1 gets eval reward: 0.00.
[20260602 03:16:50 @multi_agent_runner.py:121] Agent_1 gets win rate: 0.00.
[20260602 03:16:50 @multi_agent_runner.py:79] #------------------------ Iteration 882 --------------------------#
[20260602 03:17:02 @multi_agent_runner.py:85] Sampling 50000 steps by 50 slaves, spending 12.08 s.
[20260602 03:17:11 @multi_agent_runner.py:94] Policy update, spending: 8.87 s.
[20260602 03:17:12 @multi_agent_runner.py:99] Evaluation time: 1.31 s.
[20260602 03:17:12 @multi_agent_runner.py:105] Total time:     337.05 min
[20260602 03:17:12 @multi_agent_runner.py:120] Agent_0 gets eval reward: 0.00.
[20260602 03:17:12 @multi_agent_runner.py:121] Agent_0 gets win rate: 0.00.
[20260602 03:17:12 @multi_agent_runner.py:120] Agent_1 gets eval reward: 0.00.
[20260602 03:17:12 @multi_agent_runner.py:121] Agent_1 gets win rate: 0.00.
[20260602 03:17:12 @multi_agent_runner.py:79] #------------------------ Iteration 883 --------------------------#
[20260602 03:17:24 @multi_agent_runner.py:85] Sampling 50000 steps by 50 slaves, spending 11.83 s.
[20260602 03:17:33 @multi_agent_runner.py:94] Policy update, spending: 8.82 s.
[20260602 03:17:35 @multi_agent_runner.py:99] Evaluation time: 1.58 s.
[20260602 03:17:35 @multi_agent_runner.py:105] Total time:     337.43 min
[20260602 03:17:35 @multi_agent_runner.py:120] Agent_0 gets eval reward: -250.00.
[20260602 03:17:35 @multi_agent_runner.py:121] Agent_0 gets win rate: 0.00.
[20260602 03:17:35 @multi_agent_runner.py:120] Agent_1 gets eval reward: 250.00.
[20260602 03:17:35 @multi_agent_runner.py:121] Agent_1 gets win rate: 0.25.
[20260602 03:17:35 @multi_agent_runner.py:79] #------------------------ Iteration 884 --------------------------#
[20260602 03:17:47 @multi_agent_runner.py:85] Sampling 50000 steps by 50 slaves, spending 11.99 s.
[20260602 03:17:55 @multi_agent_runner.py:94] Policy update, spending: 8.79 s.
[20260602 03:17:57 @multi_agent_runner.py:99] Evaluation time: 1.49 s.
[20260602 03:17:57 @multi_agent_runner.py:105] Total time:     337.80 min
[20260602 03:17:57 @multi_agent_runner.py:120] Agent_0 gets eval reward: -333.33.
[20260602 03:17:57 @multi_agent_runner.py:121] Agent_0 gets win rate: 0.00.
[20260602 03:17:57 @multi_agent_runner.py:120] Agent_1 gets eval reward: 333.33.
[20260602 03:17:57 @multi_agent_runner.py:121] Agent_1 gets win rate: 0.33.
[20260602 03:17:57 @multi_agent_runner.py:79] #------------------------ Iteration 885 --------------------------#
[20260602 03:18:09 @multi_agent_runner.py:85] Sampling 50000 steps by 50 slaves, spending 12.16 s.
[20260602 03:18:18 @multi_agent_runner.py:94] Policy update, spending: 9.18 s.
[20260602 03:18:20 @multi_agent_runner.py:99] Evaluation time: 1.40 s.
[20260602 03:18:20 @multi_agent_runner.py:105] Total time:     338.18 min
[20260602 03:18:20 @multi_agent_runner.py:120] Agent_0 gets eval reward: 0.00.
[20260602 03:18:20 @multi_agent_runner.py:121] Agent_0 gets win rate: 0.00.
[20260602 03:18:20 @multi_agent_runner.py:120] Agent_1 gets eval reward: 0.00.
[20260602 03:18:20 @multi_agent_runner.py:121] Agent_1 gets win rate: 0.00.
[20260602 03:18:20 @multi_agent_runner.py:79] #------------------------ Iteration 886 --------------------------#
[20260602 03:18:32 @multi_agent_runner.py:85] Sampling 50000 steps by 50 slaves, spending 11.62 s.
[20260602 03:18:40 @multi_agent_runner.py:94] Policy update, spending: 8.82 s.
[20260602 03:18:42 @multi_agent_runner.py:99] Evaluation time: 1.56 s.
[20260602 03:18:42 @multi_agent_runner.py:105] Total time:     338.55 min
[20260602 03:18:42 @multi_agent_runner.py:120] Agent_0 gets eval reward: 0.00.
[20260602 03:18:42 @multi_agent_runner.py:121] Agent_0 gets win rate: 0.00.
[20260602 03:18:42 @multi_agent_runner.py:120] Agent_1 gets eval reward: 0.00.
[20260602 03:18:42 @multi_agent_runner.py:121] Agent_1 gets win rate: 0.00.
[20260602 03:18:42 @multi_agent_runner.py:79] #------------------------ Iteration 887 --------------------------#
[20260602 03:18:55 @multi_agent_runner.py:85] Sampling 50000 steps by 50 slaves, spending 12.56 s.
[20260602 03:19:04 @multi_agent_runner.py:94] Policy update, spending: 9.33 s.
[20260602 03:19:06 @multi_agent_runner.py:99] Evaluation time: 1.56 s.
[20260602 03:19:06 @multi_agent_runner.py:105] Total time:     338.94 min
[20260602 03:19:06 @multi_agent_runner.py:120] Agent_0 gets eval reward: 0.00.
[20260602 03:19:06 @multi_agent_runner.py:121] Agent_0 gets win rate: 0.00.
[20260602 03:19:06 @multi_agent_runner.py:120] Agent_1 gets eval reward: 0.00.
[20260602 03:19:06 @multi_agent_runner.py:121] Agent_1 gets win rate: 0.00.
[20260602 03:19:06 @multi_agent_runner.py:79] #------------------------ Iteration 888 --------------------------#
[20260602 03:19:17 @multi_agent_runner.py:85] Sampling 50000 steps by 50 slaves, spending 11.54 s.
[20260602 03:19:26 @multi_agent_runner.py:94] Policy update, spending: 8.89 s.
[20260602 03:19:28 @multi_agent_runner.py:99] Evaluation time: 1.47 s.
[20260602 03:19:28 @multi_agent_runner.py:105] Total time:     339.31 min
[20260602 03:19:28 @multi_agent_runner.py:120] Agent_0 gets eval reward: 0.00.
[20260602 03:19:28 @multi_agent_runner.py:121] Agent_0 gets win rate: 0.00.
[20260602 03:19:28 @multi_agent_runner.py:120] Agent_1 gets eval reward: 0.00.
[20260602 03:19:28 @multi_agent_runner.py:121] Agent_1 gets win rate: 0.00.
[20260602 03:19:28 @multi_agent_runner.py:79] #------------------------ Iteration 889 --------------------------#
[20260602 03:19:40 @multi_agent_runner.py:85] Sampling 50000 steps by 50 slaves, spending 12.01 s.
[20260602 03:19:49 @multi_agent_runner.py:94] Policy update, spending: 9.34 s.
[20260602 03:19:51 @multi_agent_runner.py:99] Evaluation time: 1.51 s.
[20260602 03:19:51 @multi_agent_runner.py:105] Total time:     339.69 min
[20260602 03:19:51 @multi_agent_runner.py:120] Agent_0 gets eval reward: 0.00.
[20260602 03:19:51 @multi_agent_runner.py:121] Agent_0 gets win rate: 0.00.
[20260602 03:19:51 @multi_agent_runner.py:120] Agent_1 gets eval reward: 0.00.
[20260602 03:19:51 @multi_agent_runner.py:121] Agent_1 gets win rate: 0.00.
[20260602 03:19:51 @multi_agent_runner.py:79] #------------------------ Iteration 890 --------------------------#
[20260602 03:20:03 @multi_agent_runner.py:85] Sampling 50000 steps by 50 slaves, spending 11.99 s.
[20260602 03:20:12 @multi_agent_runner.py:94] Policy update, spending: 8.97 s.
[20260602 03:20:13 @multi_agent_runner.py:99] Evaluation time: 1.55 s.
[20260602 03:20:13 @multi_agent_runner.py:105] Total time:     340.07 min
[20260602 03:20:13 @multi_agent_runner.py:120] Agent_0 gets eval reward: 333.33.
[20260602 03:20:13 @multi_agent_runner.py:121] Agent_0 gets win rate: 0.33.
[20260602 03:20:13 @multi_agent_runner.py:120] Agent_1 gets eval reward: -333.33.
[20260602 03:20:13 @multi_agent_runner.py:121] Agent_1 gets win rate: 0.00.
[20260602 03:20:13 @multi_agent_runner.py:79] #------------------------ Iteration 891 --------------------------#
[20260602 03:20:25 @multi_agent_runner.py:85] Sampling 50000 steps by 50 slaves, spending 11.82 s.
[20260602 03:20:35 @multi_agent_runner.py:94] Policy update, spending: 9.48 s.
[20260602 03:20:36 @multi_agent_runner.py:99] Evaluation time: 1.40 s.
[20260602 03:20:36 @multi_agent_runner.py:105] Total time:     340.45 min
[20260602 03:20:36 @multi_agent_runner.py:120] Agent_0 gets eval reward: 0.00.
[20260602 03:20:36 @multi_agent_runner.py:121] Agent_0 gets win rate: 0.00.
[20260602 03:20:36 @multi_agent_runner.py:120] Agent_1 gets eval reward: 0.00.
[20260602 03:20:36 @multi_agent_runner.py:121] Agent_1 gets win rate: 0.00.
[20260602 03:20:36 @multi_agent_runner.py:79] #------------------------ Iteration 892 --------------------------#
[20260602 03:20:48 @multi_agent_runner.py:85] Sampling 50000 steps by 50 slaves, spending 11.55 s.
[20260602 03:20:57 @multi_agent_runner.py:94] Policy update, spending: 9.09 s.
[20260602 03:20:58 @multi_agent_runner.py:99] Evaluation time: 1.33 s.
[20260602 03:20:58 @multi_agent_runner.py:105] Total time:     340.82 min
[20260602 03:20:58 @multi_agent_runner.py:120] Agent_0 gets eval reward: 0.00.
[20260602 03:20:58 @multi_agent_runner.py:121] Agent_0 gets win rate: 0.00.
[20260602 03:20:58 @multi_agent_runner.py:120] Agent_1 gets eval reward: 0.00.
[20260602 03:20:58 @multi_agent_runner.py:121] Agent_1 gets win rate: 0.00.
[20260602 03:20:58 @multi_agent_runner.py:79] #------------------------ Iteration 893 --------------------------#
[20260602 03:21:10 @multi_agent_runner.py:85] Sampling 50000 steps by 50 slaves, spending 11.49 s.
[20260602 03:21:19 @multi_agent_runner.py:94] Policy update, spending: 9.03 s.
[20260602 03:21:20 @multi_agent_runner.py:99] Evaluation time: 1.51 s.
[20260602 03:21:20 @multi_agent_runner.py:105] Total time:     341.19 min
[20260602 03:21:20 @multi_agent_runner.py:120] Agent_0 gets eval reward: 0.00.
[20260602 03:21:20 @multi_agent_runner.py:121] Agent_0 gets win rate: 0.00.
[20260602 03:21:20 @multi_agent_runner.py:120] Agent_1 gets eval reward: 0.00.
[20260602 03:21:20 @multi_agent_runner.py:121] Agent_1 gets win rate: 0.00.
[20260602 03:21:21 @multi_agent_runner.py:79] #------------------------ Iteration 894 --------------------------#
[20260602 03:21:33 @multi_agent_runner.py:85] Sampling 50000 steps by 50 slaves, spending 11.98 s.
[20260602 03:21:42 @multi_agent_runner.py:94] Policy update, spending: 8.97 s.
[20260602 03:21:43 @multi_agent_runner.py:99] Evaluation time: 1.43 s.
[20260602 03:21:43 @multi_agent_runner.py:105] Total time:     341.57 min
[20260602 03:21:43 @multi_agent_runner.py:120] Agent_0 gets eval reward: -333.33.
[20260602 03:21:43 @multi_agent_runner.py:121] Agent_0 gets win rate: 0.00.
[20260602 03:21:43 @multi_agent_runner.py:120] Agent_1 gets eval reward: 333.33.
[20260602 03:21:43 @multi_agent_runner.py:121] Agent_1 gets win rate: 0.33.
[20260602 03:21:43 @multi_agent_runner.py:79] #------------------------ Iteration 895 --------------------------#
[20260602 03:21:55 @multi_agent_runner.py:85] Sampling 50000 steps by 50 slaves, spending 12.02 s.
[20260602 03:22:04 @multi_agent_runner.py:94] Policy update, spending: 8.78 s.
[20260602 03:22:06 @multi_agent_runner.py:99] Evaluation time: 1.73 s.
[20260602 03:22:06 @multi_agent_runner.py:105] Total time:     341.95 min
[20260602 03:22:06 @multi_agent_runner.py:120] Agent_0 gets eval reward: 200.00.
[20260602 03:22:06 @multi_agent_runner.py:121] Agent_0 gets win rate: 0.20.
[20260602 03:22:06 @multi_agent_runner.py:120] Agent_1 gets eval reward: -200.00.
[20260602 03:22:06 @multi_agent_runner.py:121] Agent_1 gets win rate: 0.00.
[20260602 03:22:06 @multi_agent_runner.py:79] #------------------------ Iteration 896 --------------------------#
[20260602 03:22:18 @multi_agent_runner.py:85] Sampling 50000 steps by 50 slaves, spending 12.25 s.
[20260602 03:22:27 @multi_agent_runner.py:94] Policy update, spending: 8.96 s.
[20260602 03:22:29 @multi_agent_runner.py:99] Evaluation time: 1.96 s.
[20260602 03:22:29 @multi_agent_runner.py:105] Total time:     342.33 min
[20260602 03:22:29 @multi_agent_runner.py:120] Agent_0 gets eval reward: 0.00.
[20260602 03:22:29 @multi_agent_runner.py:121] Agent_0 gets win rate: 0.00.
[20260602 03:22:29 @multi_agent_runner.py:120] Agent_1 gets eval reward: 0.00.
[20260602 03:22:29 @multi_agent_runner.py:121] Agent_1 gets win rate: 0.00.
[20260602 03:22:29 @multi_agent_runner.py:79] #------------------------ Iteration 897 --------------------------#
[20260602 03:22:41 @multi_agent_runner.py:85] Sampling 50000 steps by 50 slaves, spending 12.39 s.
[20260602 03:22:51 @multi_agent_runner.py:94] Policy update, spending: 9.15 s.
[20260602 03:22:52 @multi_agent_runner.py:99] Evaluation time: 1.39 s.
[20260602 03:22:52 @multi_agent_runner.py:105] Total time:     342.72 min
[20260602 03:22:52 @multi_agent_runner.py:120] Agent_0 gets eval reward: 0.00.
[20260602 03:22:52 @multi_agent_runner.py:121] Agent_0 gets win rate: 0.00.
[20260602 03:22:52 @multi_agent_runner.py:120] Agent_1 gets eval reward: 0.00.
[20260602 03:22:52 @multi_agent_runner.py:121] Agent_1 gets win rate: 0.00.
[20260602 03:22:52 @multi_agent_runner.py:79] #------------------------ Iteration 898 --------------------------#
[20260602 03:23:04 @multi_agent_runner.py:85] Sampling 50000 steps by 50 slaves, spending 12.04 s.
[20260602 03:23:13 @multi_agent_runner.py:94] Policy update, spending: 9.02 s.
[20260602 03:23:15 @multi_agent_runner.py:99] Evaluation time: 1.35 s.
[20260602 03:23:15 @multi_agent_runner.py:105] Total time:     343.09 min
[20260602 03:23:15 @multi_agent_runner.py:120] Agent_0 gets eval reward: 0.00.
[20260602 03:23:15 @multi_agent_runner.py:121] Agent_0 gets win rate: 0.00.
[20260602 03:23:15 @multi_agent_runner.py:120] Agent_1 gets eval reward: 0.00.
[20260602 03:23:15 @multi_agent_runner.py:121] Agent_1 gets win rate: 0.00.
[20260602 03:23:15 @multi_agent_runner.py:79] #------------------------ Iteration 899 --------------------------#
[20260602 03:23:27 @multi_agent_runner.py:85] Sampling 50000 steps by 50 slaves, spending 12.05 s.
[20260602 03:23:36 @multi_agent_runner.py:94] Policy update, spending: 9.04 s.
[20260602 03:23:37 @multi_agent_runner.py:99] Evaluation time: 1.40 s.
[20260602 03:23:37 @multi_agent_runner.py:105] Total time:     343.47 min
[20260602 03:23:37 @multi_agent_runner.py:120] Agent_0 gets eval reward: 0.00.
[20260602 03:23:37 @multi_agent_runner.py:121] Agent_0 gets win rate: 0.00.
[20260602 03:23:37 @multi_agent_runner.py:120] Agent_1 gets eval reward: 0.00.
[20260602 03:23:37 @multi_agent_runner.py:121] Agent_1 gets win rate: 0.00.
[20260602 03:23:37 @multi_agent_runner.py:79] #------------------------ Iteration 900 --------------------------#
[20260602 03:23:49 @multi_agent_runner.py:85] Sampling 50000 steps by 50 slaves, spending 12.08 s.
[20260602 03:23:59 @multi_agent_runner.py:94] Policy update, spending: 9.22 s.
[20260602 03:24:00 @multi_agent_runner.py:99] Evaluation time: 1.54 s.
[20260602 03:24:00 @multi_agent_runner.py:105] Total time:     343.86 min
[20260602 03:24:00 @multi_agent_runner.py:120] Agent_0 gets eval reward: 166.67.
[20260602 03:24:00 @multi_agent_runner.py:121] Agent_0 gets win rate: 0.17.
[20260602 03:24:00 @multi_agent_runner.py:120] Agent_1 gets eval reward: -166.67.
[20260602 03:24:00 @multi_agent_runner.py:121] Agent_1 gets win rate: 0.00.
[20260602 03:24:00 @multi_agent_runner.py:79] #------------------------ Iteration 901 --------------------------#
[20260602 03:24:12 @multi_agent_runner.py:85] Sampling 50000 steps by 50 slaves, spending 12.03 s.
[20260602 03:24:21 @multi_agent_runner.py:94] Policy update, spending: 9.04 s.
[20260602 03:24:23 @multi_agent_runner.py:99] Evaluation time: 1.66 s.
[20260602 03:24:23 @multi_agent_runner.py:105] Total time:     344.24 min
[20260602 03:24:23 @multi_agent_runner.py:120] Agent_0 gets eval reward: 333.33.
[20260602 03:24:23 @multi_agent_runner.py:121] Agent_0 gets win rate: 0.33.
[20260602 03:24:23 @multi_agent_runner.py:120] Agent_1 gets eval reward: -333.33.
[20260602 03:24:23 @multi_agent_runner.py:121] Agent_1 gets win rate: 0.00.
[20260602 03:24:23 @multi_agent_runner.py:79] #------------------------ Iteration 902 --------------------------#
[20260602 03:24:35 @multi_agent_runner.py:85] Sampling 50000 steps by 50 slaves, spending 11.90 s.
[20260602 03:24:44 @multi_agent_runner.py:94] Policy update, spending: 8.90 s.
[20260602 03:24:46 @multi_agent_runner.py:99] Evaluation time: 1.79 s.
[20260602 03:24:46 @multi_agent_runner.py:105] Total time:     344.62 min
[20260602 03:24:46 @multi_agent_runner.py:120] Agent_0 gets eval reward: 250.00.
[20260602 03:24:46 @multi_agent_runner.py:121] Agent_0 gets win rate: 0.25.
[20260602 03:24:46 @multi_agent_runner.py:120] Agent_1 gets eval reward: -250.00.
[20260602 03:24:46 @multi_agent_runner.py:121] Agent_1 gets win rate: 0.00.
[20260602 03:24:46 @multi_agent_runner.py:79] #------------------------ Iteration 903 --------------------------#
[20260602 03:24:58 @multi_agent_runner.py:85] Sampling 50000 steps by 50 slaves, spending 11.84 s.
[20260602 03:25:07 @multi_agent_runner.py:94] Policy update, spending: 9.15 s.
[20260602 03:25:09 @multi_agent_runner.py:99] Evaluation time: 1.98 s.
[20260602 03:25:09 @multi_agent_runner.py:105] Total time:     345.00 min
[20260602 03:25:09 @multi_agent_runner.py:120] Agent_0 gets eval reward: 0.00.
[20260602 03:25:09 @multi_agent_runner.py:121] Agent_0 gets win rate: 0.00.
[20260602 03:25:09 @multi_agent_runner.py:120] Agent_1 gets eval reward: 0.00.
[20260602 03:25:09 @multi_agent_runner.py:121] Agent_1 gets win rate: 0.00.
[20260602 03:25:09 @multi_agent_runner.py:79] #------------------------ Iteration 904 --------------------------#
[20260602 03:25:21 @multi_agent_runner.py:85] Sampling 50000 steps by 50 slaves, spending 11.92 s.
[20260602 03:25:31 @multi_agent_runner.py:94] Policy update, spending: 9.51 s.
[20260602 03:25:32 @multi_agent_runner.py:99] Evaluation time: 1.40 s.
[20260602 03:25:32 @multi_agent_runner.py:105] Total time:     345.38 min
[20260602 03:25:32 @multi_agent_runner.py:120] Agent_0 gets eval reward: 0.00.
[20260602 03:25:32 @multi_agent_runner.py:121] Agent_0 gets win rate: 0.00.
[20260602 03:25:32 @multi_agent_runner.py:120] Agent_1 gets eval reward: 0.00.
[20260602 03:25:32 @multi_agent_runner.py:121] Agent_1 gets win rate: 0.00.
[20260602 03:25:32 @multi_agent_runner.py:79] #------------------------ Iteration 905 --------------------------#
[20260602 03:25:44 @multi_agent_runner.py:85] Sampling 50000 steps by 50 slaves, spending 12.12 s.
[20260602 03:25:54 @multi_agent_runner.py:94] Policy update, spending: 9.50 s.
[20260602 03:25:55 @multi_agent_runner.py:99] Evaluation time: 1.44 s.
[20260602 03:25:55 @multi_agent_runner.py:105] Total time:     345.77 min
[20260602 03:25:55 @multi_agent_runner.py:120] Agent_0 gets eval reward: 0.00.
[20260602 03:25:55 @multi_agent_runner.py:121] Agent_0 gets win rate: 0.00.
[20260602 03:25:55 @multi_agent_runner.py:120] Agent_1 gets eval reward: 0.00.
[20260602 03:25:55 @multi_agent_runner.py:121] Agent_1 gets win rate: 0.00.
[20260602 03:25:55 @multi_agent_runner.py:79] #------------------------ Iteration 906 --------------------------#
[20260602 03:26:07 @multi_agent_runner.py:85] Sampling 50000 steps by 50 slaves, spending 11.91 s.
[20260602 03:26:17 @multi_agent_runner.py:94] Policy update, spending: 9.36 s.
[20260602 03:26:18 @multi_agent_runner.py:99] Evaluation time: 1.64 s.
[20260602 03:26:18 @multi_agent_runner.py:105] Total time:     346.16 min
[20260602 03:26:18 @multi_agent_runner.py:120] Agent_0 gets eval reward: 0.00.
[20260602 03:26:18 @multi_agent_runner.py:121] Agent_0 gets win rate: 0.00.
[20260602 03:26:18 @multi_agent_runner.py:120] Agent_1 gets eval reward: 0.00.
[20260602 03:26:18 @multi_agent_runner.py:121] Agent_1 gets win rate: 0.00.
[20260602 03:26:18 @multi_agent_runner.py:79] #------------------------ Iteration 907 --------------------------#
[20260602 03:26:30 @multi_agent_runner.py:85] Sampling 50000 steps by 50 slaves, spending 11.62 s.
[20260602 03:26:39 @multi_agent_runner.py:94] Policy update, spending: 9.02 s.
[20260602 03:26:41 @multi_agent_runner.py:99] Evaluation time: 1.51 s.
[20260602 03:26:41 @multi_agent_runner.py:105] Total time:     346.53 min
[20260602 03:26:41 @multi_agent_runner.py:120] Agent_0 gets eval reward: 0.00.
[20260602 03:26:41 @multi_agent_runner.py:121] Agent_0 gets win rate: 0.00.
[20260602 03:26:41 @multi_agent_runner.py:120] Agent_1 gets eval reward: 0.00.
[20260602 03:26:41 @multi_agent_runner.py:121] Agent_1 gets win rate: 0.00.
[20260602 03:26:41 @multi_agent_runner.py:79] #------------------------ Iteration 908 --------------------------#
[20260602 03:26:53 @multi_agent_runner.py:85] Sampling 50000 steps by 50 slaves, spending 12.02 s.
[20260602 03:27:02 @multi_agent_runner.py:94] Policy update, spending: 8.94 s.
[20260602 03:27:03 @multi_agent_runner.py:99] Evaluation time: 1.59 s.
[20260602 03:27:03 @multi_agent_runner.py:105] Total time:     346.91 min
[20260602 03:27:03 @multi_agent_runner.py:120] Agent_0 gets eval reward: 166.67.
[20260602 03:27:03 @multi_agent_runner.py:121] Agent_0 gets win rate: 0.17.
[20260602 03:27:03 @multi_agent_runner.py:120] Agent_1 gets eval reward: -166.67.
[20260602 03:27:03 @multi_agent_runner.py:121] Agent_1 gets win rate: 0.00.
[20260602 03:27:03 @multi_agent_runner.py:79] #------------------------ Iteration 909 --------------------------#
[20260602 03:27:15 @multi_agent_runner.py:85] Sampling 50000 steps by 50 slaves, spending 11.84 s.
[20260602 03:27:24 @multi_agent_runner.py:94] Policy update, spending: 9.17 s.
[20260602 03:27:26 @multi_agent_runner.py:99] Evaluation time: 1.93 s.
[20260602 03:27:26 @multi_agent_runner.py:105] Total time:     347.29 min
[20260602 03:27:26 @multi_agent_runner.py:120] Agent_0 gets eval reward: 0.00.
[20260602 03:27:26 @multi_agent_runner.py:121] Agent_0 gets win rate: 0.00.
[20260602 03:27:26 @multi_agent_runner.py:120] Agent_1 gets eval reward: 0.00.
[20260602 03:27:26 @multi_agent_runner.py:121] Agent_1 gets win rate: 0.00.
[20260602 03:27:26 @multi_agent_runner.py:79] #------------------------ Iteration 910 --------------------------#
[20260602 03:27:38 @multi_agent_runner.py:85] Sampling 50000 steps by 50 slaves, spending 11.39 s.
[20260602 03:27:47 @multi_agent_runner.py:94] Policy update, spending: 8.76 s.
[20260602 03:27:48 @multi_agent_runner.py:99] Evaluation time: 1.45 s.
[20260602 03:27:48 @multi_agent_runner.py:105] Total time:     347.65 min
[20260602 03:27:48 @multi_agent_runner.py:120] Agent_0 gets eval reward: -333.33.
[20260602 03:27:48 @multi_agent_runner.py:121] Agent_0 gets win rate: 0.00.
[20260602 03:27:48 @multi_agent_runner.py:120] Agent_1 gets eval reward: 333.33.
[20260602 03:27:48 @multi_agent_runner.py:121] Agent_1 gets win rate: 0.33.
[20260602 03:27:48 @multi_agent_runner.py:79] #------------------------ Iteration 911 --------------------------#
[20260602 03:28:00 @multi_agent_runner.py:85] Sampling 50000 steps by 50 slaves, spending 11.52 s.
[20260602 03:28:09 @multi_agent_runner.py:94] Policy update, spending: 8.91 s.
[20260602 03:28:11 @multi_agent_runner.py:99] Evaluation time: 2.18 s.
[20260602 03:28:11 @multi_agent_runner.py:105] Total time:     348.03 min
[20260602 03:28:11 @multi_agent_runner.py:120] Agent_0 gets eval reward: 0.00.
[20260602 03:28:11 @multi_agent_runner.py:121] Agent_0 gets win rate: 0.00.
[20260602 03:28:11 @multi_agent_runner.py:120] Agent_1 gets eval reward: 0.00.
[20260602 03:28:11 @multi_agent_runner.py:121] Agent_1 gets win rate: 0.00.
[20260602 03:28:11 @multi_agent_runner.py:79] #------------------------ Iteration 912 --------------------------#
[20260602 03:28:23 @multi_agent_runner.py:85] Sampling 50000 steps by 50 slaves, spending 12.14 s.
[20260602 03:28:32 @multi_agent_runner.py:94] Policy update, spending: 9.33 s.
[20260602 03:28:34 @multi_agent_runner.py:99] Evaluation time: 1.38 s.
[20260602 03:28:34 @multi_agent_runner.py:105] Total time:     348.42 min
[20260602 03:28:34 @multi_agent_runner.py:120] Agent_0 gets eval reward: 0.00.
[20260602 03:28:34 @multi_agent_runner.py:121] Agent_0 gets win rate: 0.00.
[20260602 03:28:34 @multi_agent_runner.py:120] Agent_1 gets eval reward: 0.00.
[20260602 03:28:34 @multi_agent_runner.py:121] Agent_1 gets win rate: 0.00.
[20260602 03:28:34 @multi_agent_runner.py:79] #------------------------ Iteration 913 --------------------------#
[20260602 03:28:46 @multi_agent_runner.py:85] Sampling 50000 steps by 50 slaves, spending 11.62 s.
[20260602 03:28:55 @multi_agent_runner.py:94] Policy update, spending: 9.28 s.
[20260602 03:28:56 @multi_agent_runner.py:99] Evaluation time: 1.39 s.
[20260602 03:28:56 @multi_agent_runner.py:105] Total time:     348.79 min
[20260602 03:28:56 @multi_agent_runner.py:120] Agent_0 gets eval reward: 0.00.
[20260602 03:28:56 @multi_agent_runner.py:121] Agent_0 gets win rate: 0.00.
[20260602 03:28:56 @multi_agent_runner.py:120] Agent_1 gets eval reward: 0.00.
[20260602 03:28:56 @multi_agent_runner.py:121] Agent_1 gets win rate: 0.00.
[20260602 03:28:56 @multi_agent_runner.py:79] #------------------------ Iteration 914 --------------------------#
[20260602 03:29:08 @multi_agent_runner.py:85] Sampling 50000 steps by 50 slaves, spending 11.68 s.
[20260602 03:29:17 @multi_agent_runner.py:94] Policy update, spending: 9.15 s.
[20260602 03:29:19 @multi_agent_runner.py:99] Evaluation time: 1.43 s.
[20260602 03:29:19 @multi_agent_runner.py:105] Total time:     349.16 min
[20260602 03:29:19 @multi_agent_runner.py:120] Agent_0 gets eval reward: -142.86.
[20260602 03:29:19 @multi_agent_runner.py:121] Agent_0 gets win rate: 0.00.
[20260602 03:29:19 @multi_agent_runner.py:120] Agent_1 gets eval reward: 142.86.
[20260602 03:29:19 @multi_agent_runner.py:121] Agent_1 gets win rate: 0.14.
[20260602 03:29:19 @multi_agent_runner.py:79] #------------------------ Iteration 915 --------------------------#
[20260602 03:29:31 @multi_agent_runner.py:85] Sampling 50000 steps by 50 slaves, spending 11.73 s.
[20260602 03:29:40 @multi_agent_runner.py:94] Policy update, spending: 9.10 s.
[20260602 03:29:41 @multi_agent_runner.py:99] Evaluation time: 1.34 s.
[20260602 03:29:41 @multi_agent_runner.py:105] Total time:     349.53 min
[20260602 03:29:41 @multi_agent_runner.py:120] Agent_0 gets eval reward: 0.00.
[20260602 03:29:41 @multi_agent_runner.py:121] Agent_0 gets win rate: 0.00.
[20260602 03:29:41 @multi_agent_runner.py:120] Agent_1 gets eval reward: 0.00.
[20260602 03:29:41 @multi_agent_runner.py:121] Agent_1 gets win rate: 0.00.
[20260602 03:29:41 @multi_agent_runner.py:79] #------------------------ Iteration 916 --------------------------#
[20260602 03:29:53 @multi_agent_runner.py:85] Sampling 50000 steps by 50 slaves, spending 11.72 s.
[20260602 03:30:02 @multi_agent_runner.py:94] Policy update, spending: 9.43 s.
[20260602 03:30:04 @multi_agent_runner.py:99] Evaluation time: 1.40 s.
[20260602 03:30:04 @multi_agent_runner.py:105] Total time:     349.91 min
[20260602 03:30:04 @multi_agent_runner.py:120] Agent_0 gets eval reward: 0.00.
[20260602 03:30:04 @multi_agent_runner.py:121] Agent_0 gets win rate: 0.00.
[20260602 03:30:04 @multi_agent_runner.py:120] Agent_1 gets eval reward: 0.00.
[20260602 03:30:04 @multi_agent_runner.py:121] Agent_1 gets win rate: 0.00.
[20260602 03:30:04 @multi_agent_runner.py:79] #------------------------ Iteration 917 --------------------------#
[20260602 03:30:16 @multi_agent_runner.py:85] Sampling 50000 steps by 50 slaves, spending 11.91 s.
[20260602 03:30:25 @multi_agent_runner.py:94] Policy update, spending: 9.33 s.
[20260602 03:30:27 @multi_agent_runner.py:99] Evaluation time: 1.83 s.
[20260602 03:30:27 @multi_agent_runner.py:105] Total time:     350.30 min
[20260602 03:30:27 @multi_agent_runner.py:120] Agent_0 gets eval reward: 0.00.
[20260602 03:30:27 @multi_agent_runner.py:121] Agent_0 gets win rate: 0.00.
[20260602 03:30:27 @multi_agent_runner.py:120] Agent_1 gets eval reward: 0.00.
[20260602 03:30:27 @multi_agent_runner.py:121] Agent_1 gets win rate: 0.00.
[20260602 03:30:27 @multi_agent_runner.py:79] #------------------------ Iteration 918 --------------------------#
[20260602 03:30:40 @multi_agent_runner.py:85] Sampling 50000 steps by 50 slaves, spending 12.51 s.
[20260602 03:30:49 @multi_agent_runner.py:94] Policy update, spending: 9.53 s.
[20260602 03:30:51 @multi_agent_runner.py:99] Evaluation time: 1.50 s.
[20260602 03:30:51 @multi_agent_runner.py:105] Total time:     350.69 min
[20260602 03:30:51 @multi_agent_runner.py:120] Agent_0 gets eval reward: 0.00.
[20260602 03:30:51 @multi_agent_runner.py:121] Agent_0 gets win rate: 0.00.
[20260602 03:30:51 @multi_agent_runner.py:120] Agent_1 gets eval reward: 0.00.
[20260602 03:30:51 @multi_agent_runner.py:121] Agent_1 gets win rate: 0.00.
[20260602 03:30:51 @multi_agent_runner.py:79] #------------------------ Iteration 919 --------------------------#
[20260602 03:31:02 @multi_agent_runner.py:85] Sampling 50000 steps by 50 slaves, spending 11.76 s.
[20260602 03:31:12 @multi_agent_runner.py:94] Policy update, spending: 9.16 s.
[20260602 03:31:14 @multi_agent_runner.py:99] Evaluation time: 1.85 s.
[20260602 03:31:14 @multi_agent_runner.py:105] Total time:     351.08 min
[20260602 03:31:14 @multi_agent_runner.py:120] Agent_0 gets eval reward: 0.00.
[20260602 03:31:14 @multi_agent_runner.py:121] Agent_0 gets win rate: 0.25.
[20260602 03:31:14 @multi_agent_runner.py:120] Agent_1 gets eval reward: 0.00.
[20260602 03:31:14 @multi_agent_runner.py:121] Agent_1 gets win rate: 0.25.
[20260602 03:31:14 @multi_agent_runner.py:79] #------------------------ Iteration 920 --------------------------#
[20260602 03:31:25 @multi_agent_runner.py:85] Sampling 50000 steps by 50 slaves, spending 11.60 s.
[20260602 03:31:34 @multi_agent_runner.py:94] Policy update, spending: 9.04 s.
[20260602 03:31:36 @multi_agent_runner.py:99] Evaluation time: 1.54 s.
[20260602 03:31:36 @multi_agent_runner.py:105] Total time:     351.45 min
[20260602 03:31:36 @multi_agent_runner.py:120] Agent_0 gets eval reward: 0.00.
[20260602 03:31:36 @multi_agent_runner.py:121] Agent_0 gets win rate: 0.00.
[20260602 03:31:36 @multi_agent_runner.py:120] Agent_1 gets eval reward: 0.00.
[20260602 03:31:36 @multi_agent_runner.py:121] Agent_1 gets win rate: 0.00.
[20260602 03:31:36 @multi_agent_runner.py:79] #------------------------ Iteration 921 --------------------------#
[20260602 03:31:48 @multi_agent_runner.py:85] Sampling 50000 steps by 50 slaves, spending 12.47 s.
[20260602 03:31:58 @multi_agent_runner.py:94] Policy update, spending: 9.37 s.
[20260602 03:32:00 @multi_agent_runner.py:99] Evaluation time: 1.68 s.
[20260602 03:32:00 @multi_agent_runner.py:105] Total time:     351.84 min
[20260602 03:32:00 @multi_agent_runner.py:120] Agent_0 gets eval reward: 0.00.
[20260602 03:32:00 @multi_agent_runner.py:121] Agent_0 gets win rate: 0.00.
[20260602 03:32:00 @multi_agent_runner.py:120] Agent_1 gets eval reward: 0.00.
[20260602 03:32:00 @multi_agent_runner.py:121] Agent_1 gets win rate: 0.00.
[20260602 03:32:00 @multi_agent_runner.py:79] #------------------------ Iteration 922 --------------------------#
[20260602 03:32:11 @multi_agent_runner.py:85] Sampling 50000 steps by 50 slaves, spending 11.72 s.
[20260602 03:32:20 @multi_agent_runner.py:94] Policy update, spending: 8.95 s.
[20260602 03:32:22 @multi_agent_runner.py:99] Evaluation time: 1.38 s.
[20260602 03:32:22 @multi_agent_runner.py:105] Total time:     352.21 min
[20260602 03:32:22 @multi_agent_runner.py:120] Agent_0 gets eval reward: 0.00.
[20260602 03:32:22 @multi_agent_runner.py:121] Agent_0 gets win rate: 0.00.
[20260602 03:32:22 @multi_agent_runner.py:120] Agent_1 gets eval reward: 0.00.
[20260602 03:32:22 @multi_agent_runner.py:121] Agent_1 gets win rate: 0.00.
[20260602 03:32:22 @multi_agent_runner.py:79] #------------------------ Iteration 923 --------------------------#
[20260602 03:32:34 @multi_agent_runner.py:85] Sampling 50000 steps by 50 slaves, spending 12.07 s.
[20260602 03:32:43 @multi_agent_runner.py:94] Policy update, spending: 9.08 s.
[20260602 03:32:45 @multi_agent_runner.py:99] Evaluation time: 1.62 s.
[20260602 03:32:45 @multi_agent_runner.py:105] Total time:     352.60 min
[20260602 03:32:45 @multi_agent_runner.py:120] Agent_0 gets eval reward: 0.00.
[20260602 03:32:45 @multi_agent_runner.py:121] Agent_0 gets win rate: 0.00.
[20260602 03:32:45 @multi_agent_runner.py:120] Agent_1 gets eval reward: 0.00.
[20260602 03:32:45 @multi_agent_runner.py:121] Agent_1 gets win rate: 0.00.
[20260602 03:32:45 @multi_agent_runner.py:79] #------------------------ Iteration 924 --------------------------#
[20260602 03:32:57 @multi_agent_runner.py:85] Sampling 50000 steps by 50 slaves, spending 11.85 s.
[20260602 03:33:06 @multi_agent_runner.py:94] Policy update, spending: 9.50 s.
[20260602 03:33:08 @multi_agent_runner.py:99] Evaluation time: 1.41 s.
[20260602 03:33:08 @multi_agent_runner.py:105] Total time:     352.98 min
[20260602 03:33:08 @multi_agent_runner.py:120] Agent_0 gets eval reward: 0.00.
[20260602 03:33:08 @multi_agent_runner.py:121] Agent_0 gets win rate: 0.00.
[20260602 03:33:08 @multi_agent_runner.py:120] Agent_1 gets eval reward: 0.00.
[20260602 03:33:08 @multi_agent_runner.py:121] Agent_1 gets win rate: 0.00.
[20260602 03:33:08 @multi_agent_runner.py:79] #------------------------ Iteration 925 --------------------------#
[20260602 03:33:20 @multi_agent_runner.py:85] Sampling 50000 steps by 50 slaves, spending 12.15 s.
[20260602 03:33:29 @multi_agent_runner.py:94] Policy update, spending: 9.14 s.
[20260602 03:33:31 @multi_agent_runner.py:99] Evaluation time: 1.65 s.
[20260602 03:33:31 @multi_agent_runner.py:105] Total time:     353.36 min
[20260602 03:33:31 @multi_agent_runner.py:120] Agent_0 gets eval reward: 0.00.
[20260602 03:33:31 @multi_agent_runner.py:121] Agent_0 gets win rate: 0.00.
[20260602 03:33:31 @multi_agent_runner.py:120] Agent_1 gets eval reward: 0.00.
[20260602 03:33:31 @multi_agent_runner.py:121] Agent_1 gets win rate: 0.00.
[20260602 03:33:31 @multi_agent_runner.py:79] #------------------------ Iteration 926 --------------------------#
[20260602 03:33:43 @multi_agent_runner.py:85] Sampling 50000 steps by 50 slaves, spending 12.23 s.
[20260602 03:33:52 @multi_agent_runner.py:94] Policy update, spending: 9.38 s.
[20260602 03:33:54 @multi_agent_runner.py:99] Evaluation time: 1.79 s.
[20260602 03:33:54 @multi_agent_runner.py:105] Total time:     353.75 min
[20260602 03:33:54 @multi_agent_runner.py:120] Agent_0 gets eval reward: 0.00.
[20260602 03:33:54 @multi_agent_runner.py:121] Agent_0 gets win rate: 0.00.
[20260602 03:33:54 @multi_agent_runner.py:120] Agent_1 gets eval reward: 0.00.
[20260602 03:33:54 @multi_agent_runner.py:121] Agent_1 gets win rate: 0.00.
[20260602 03:33:54 @multi_agent_runner.py:79] #------------------------ Iteration 927 --------------------------#
[20260602 03:34:06 @multi_agent_runner.py:85] Sampling 50000 steps by 50 slaves, spending 11.88 s.
[20260602 03:34:15 @multi_agent_runner.py:94] Policy update, spending: 9.20 s.
[20260602 03:34:17 @multi_agent_runner.py:99] Evaluation time: 1.52 s.
[20260602 03:34:17 @multi_agent_runner.py:105] Total time:     354.13 min
[20260602 03:34:17 @multi_agent_runner.py:120] Agent_0 gets eval reward: 0.00.
[20260602 03:34:17 @multi_agent_runner.py:121] Agent_0 gets win rate: 0.00.
[20260602 03:34:17 @multi_agent_runner.py:120] Agent_1 gets eval reward: 0.00.
[20260602 03:34:17 @multi_agent_runner.py:121] Agent_1 gets win rate: 0.00.
[20260602 03:34:17 @multi_agent_runner.py:79] #------------------------ Iteration 928 --------------------------#
[20260602 03:34:30 @multi_agent_runner.py:85] Sampling 50000 steps by 50 slaves, spending 12.50 s.
[20260602 03:34:39 @multi_agent_runner.py:94] Policy update, spending: 9.31 s.
[20260602 03:34:40 @multi_agent_runner.py:99] Evaluation time: 1.43 s.
[20260602 03:34:40 @multi_agent_runner.py:105] Total time:     354.52 min
[20260602 03:34:40 @multi_agent_runner.py:120] Agent_0 gets eval reward: 0.00.
[20260602 03:34:40 @multi_agent_runner.py:121] Agent_0 gets win rate: 0.00.
[20260602 03:34:40 @multi_agent_runner.py:120] Agent_1 gets eval reward: 0.00.
[20260602 03:34:40 @multi_agent_runner.py:121] Agent_1 gets win rate: 0.00.
[20260602 03:34:41 @multi_agent_runner.py:79] #------------------------ Iteration 929 --------------------------#
[20260602 03:34:53 @multi_agent_runner.py:85] Sampling 50000 steps by 50 slaves, spending 12.00 s.
[20260602 03:35:02 @multi_agent_runner.py:94] Policy update, spending: 9.46 s.
[20260602 03:35:04 @multi_agent_runner.py:99] Evaluation time: 1.64 s.
[20260602 03:35:04 @multi_agent_runner.py:105] Total time:     354.91 min
[20260602 03:35:04 @multi_agent_runner.py:120] Agent_0 gets eval reward: 500.00.
[20260602 03:35:04 @multi_agent_runner.py:121] Agent_0 gets win rate: 0.50.
[20260602 03:35:04 @multi_agent_runner.py:120] Agent_1 gets eval reward: -500.00.
[20260602 03:35:04 @multi_agent_runner.py:121] Agent_1 gets win rate: 0.00.
[20260602 03:35:04 @multi_agent_runner.py:79] #------------------------ Iteration 930 --------------------------#
[20260602 03:35:16 @multi_agent_runner.py:85] Sampling 50000 steps by 50 slaves, spending 11.74 s.
[20260602 03:35:25 @multi_agent_runner.py:94] Policy update, spending: 9.37 s.
[20260602 03:35:27 @multi_agent_runner.py:99] Evaluation time: 1.83 s.
[20260602 03:35:27 @multi_agent_runner.py:105] Total time:     355.30 min
[20260602 03:35:27 @multi_agent_runner.py:120] Agent_0 gets eval reward: 0.00.
[20260602 03:35:27 @multi_agent_runner.py:121] Agent_0 gets win rate: 0.00.
[20260602 03:35:27 @multi_agent_runner.py:120] Agent_1 gets eval reward: 0.00.
[20260602 03:35:27 @multi_agent_runner.py:121] Agent_1 gets win rate: 0.00.
[20260602 03:35:27 @multi_agent_runner.py:79] #------------------------ Iteration 931 --------------------------#
[20260602 03:35:39 @multi_agent_runner.py:85] Sampling 50000 steps by 50 slaves, spending 11.71 s.
[20260602 03:35:48 @multi_agent_runner.py:94] Policy update, spending: 9.32 s.
[20260602 03:35:49 @multi_agent_runner.py:99] Evaluation time: 1.39 s.
[20260602 03:35:49 @multi_agent_runner.py:105] Total time:     355.67 min
[20260602 03:35:49 @multi_agent_runner.py:120] Agent_0 gets eval reward: 0.00.
[20260602 03:35:49 @multi_agent_runner.py:121] Agent_0 gets win rate: 0.00.
[20260602 03:35:49 @multi_agent_runner.py:120] Agent_1 gets eval reward: 0.00.
[20260602 03:35:49 @multi_agent_runner.py:121] Agent_1 gets win rate: 0.00.
[20260602 03:35:49 @multi_agent_runner.py:79] #------------------------ Iteration 932 --------------------------#
[20260602 03:36:01 @multi_agent_runner.py:85] Sampling 50000 steps by 50 slaves, spending 11.83 s.
[20260602 03:36:11 @multi_agent_runner.py:94] Policy update, spending: 9.43 s.
[20260602 03:36:12 @multi_agent_runner.py:99] Evaluation time: 1.52 s.
[20260602 03:36:12 @multi_agent_runner.py:105] Total time:     356.05 min
[20260602 03:36:12 @multi_agent_runner.py:120] Agent_0 gets eval reward: 0.00.
[20260602 03:36:12 @multi_agent_runner.py:121] Agent_0 gets win rate: 0.00.
[20260602 03:36:12 @multi_agent_runner.py:120] Agent_1 gets eval reward: 0.00.
[20260602 03:36:12 @multi_agent_runner.py:121] Agent_1 gets win rate: 0.00.
[20260602 03:36:12 @multi_agent_runner.py:79] #------------------------ Iteration 933 --------------------------#
[20260602 03:36:24 @multi_agent_runner.py:85] Sampling 50000 steps by 50 slaves, spending 11.82 s.
[20260602 03:36:33 @multi_agent_runner.py:94] Policy update, spending: 8.86 s.
[20260602 03:36:35 @multi_agent_runner.py:99] Evaluation time: 1.85 s.
[20260602 03:36:35 @multi_agent_runner.py:105] Total time:     356.43 min
[20260602 03:36:35 @multi_agent_runner.py:120] Agent_0 gets eval reward: 0.00.
[20260602 03:36:35 @multi_agent_runner.py:121] Agent_0 gets win rate: 0.00.
[20260602 03:36:35 @multi_agent_runner.py:120] Agent_1 gets eval reward: 0.00.
[20260602 03:36:35 @multi_agent_runner.py:121] Agent_1 gets win rate: 0.00.
[20260602 03:36:35 @multi_agent_runner.py:79] #------------------------ Iteration 934 --------------------------#
[20260602 03:36:47 @multi_agent_runner.py:85] Sampling 50000 steps by 50 slaves, spending 11.82 s.
[20260602 03:36:55 @multi_agent_runner.py:94] Policy update, spending: 8.59 s.
[20260602 03:36:57 @multi_agent_runner.py:99] Evaluation time: 1.69 s.
[20260602 03:36:57 @multi_agent_runner.py:105] Total time:     356.80 min
[20260602 03:36:57 @multi_agent_runner.py:120] Agent_0 gets eval reward: 0.00.
[20260602 03:36:57 @multi_agent_runner.py:121] Agent_0 gets win rate: 0.00.
[20260602 03:36:57 @multi_agent_runner.py:120] Agent_1 gets eval reward: 0.00.
[20260602 03:36:57 @multi_agent_runner.py:121] Agent_1 gets win rate: 0.00.
[20260602 03:36:57 @multi_agent_runner.py:79] #------------------------ Iteration 935 --------------------------#
[20260602 03:37:10 @multi_agent_runner.py:85] Sampling 50000 steps by 50 slaves, spending 12.44 s.
[20260602 03:37:19 @multi_agent_runner.py:94] Policy update, spending: 9.08 s.
[20260602 03:37:21 @multi_agent_runner.py:99] Evaluation time: 1.72 s.
[20260602 03:37:21 @multi_agent_runner.py:105] Total time:     357.19 min
[20260602 03:37:21 @multi_agent_runner.py:120] Agent_0 gets eval reward: 0.00.
[20260602 03:37:21 @multi_agent_runner.py:121] Agent_0 gets win rate: 0.00.
[20260602 03:37:21 @multi_agent_runner.py:120] Agent_1 gets eval reward: 0.00.
[20260602 03:37:21 @multi_agent_runner.py:121] Agent_1 gets win rate: 0.00.
[20260602 03:37:21 @multi_agent_runner.py:79] #------------------------ Iteration 936 --------------------------#
[20260602 03:37:32 @multi_agent_runner.py:85] Sampling 50000 steps by 50 slaves, spending 11.71 s.
[20260602 03:37:41 @multi_agent_runner.py:94] Policy update, spending: 9.07 s.
[20260602 03:37:43 @multi_agent_runner.py:99] Evaluation time: 1.27 s.
[20260602 03:37:43 @multi_agent_runner.py:105] Total time:     357.56 min
[20260602 03:37:43 @multi_agent_runner.py:120] Agent_0 gets eval reward: -166.67.
[20260602 03:37:43 @multi_agent_runner.py:121] Agent_0 gets win rate: 0.00.
[20260602 03:37:43 @multi_agent_runner.py:120] Agent_1 gets eval reward: 166.67.
[20260602 03:37:43 @multi_agent_runner.py:121] Agent_1 gets win rate: 0.17.
[20260602 03:37:43 @multi_agent_runner.py:79] #------------------------ Iteration 937 --------------------------#
[20260602 03:37:55 @multi_agent_runner.py:85] Sampling 50000 steps by 50 slaves, spending 11.96 s.
[20260602 03:38:04 @multi_agent_runner.py:94] Policy update, spending: 8.97 s.
[20260602 03:38:06 @multi_agent_runner.py:99] Evaluation time: 1.73 s.
[20260602 03:38:06 @multi_agent_runner.py:105] Total time:     357.94 min
[20260602 03:38:06 @multi_agent_runner.py:120] Agent_0 gets eval reward: 0.00.
[20260602 03:38:06 @multi_agent_runner.py:121] Agent_0 gets win rate: 0.00.
[20260602 03:38:06 @multi_agent_runner.py:120] Agent_1 gets eval reward: 0.00.
[20260602 03:38:06 @multi_agent_runner.py:121] Agent_1 gets win rate: 0.00.
[20260602 03:38:06 @multi_agent_runner.py:79] #------------------------ Iteration 938 --------------------------#
[20260602 03:38:17 @multi_agent_runner.py:85] Sampling 50000 steps by 50 slaves, spending 11.53 s.
[20260602 03:38:26 @multi_agent_runner.py:94] Policy update, spending: 9.12 s.
[20260602 03:38:28 @multi_agent_runner.py:99] Evaluation time: 1.51 s.
[20260602 03:38:28 @multi_agent_runner.py:105] Total time:     358.32 min
[20260602 03:38:28 @multi_agent_runner.py:120] Agent_0 gets eval reward: 0.00.
[20260602 03:38:28 @multi_agent_runner.py:121] Agent_0 gets win rate: 0.00.
[20260602 03:38:28 @multi_agent_runner.py:120] Agent_1 gets eval reward: 0.00.
[20260602 03:38:28 @multi_agent_runner.py:121] Agent_1 gets win rate: 0.00.
[20260602 03:38:28 @multi_agent_runner.py:79] #------------------------ Iteration 939 --------------------------#
[20260602 03:38:40 @multi_agent_runner.py:85] Sampling 50000 steps by 50 slaves, spending 12.23 s.
[20260602 03:38:49 @multi_agent_runner.py:94] Policy update, spending: 8.92 s.
[20260602 03:38:51 @multi_agent_runner.py:99] Evaluation time: 1.45 s.
[20260602 03:38:51 @multi_agent_runner.py:105] Total time:     358.69 min
[20260602 03:38:51 @multi_agent_runner.py:120] Agent_0 gets eval reward: -166.67.
[20260602 03:38:51 @multi_agent_runner.py:121] Agent_0 gets win rate: 0.00.
[20260602 03:38:51 @multi_agent_runner.py:120] Agent_1 gets eval reward: 166.67.
[20260602 03:38:51 @multi_agent_runner.py:121] Agent_1 gets win rate: 0.17.
[20260602 03:38:51 @multi_agent_runner.py:79] #------------------------ Iteration 940 --------------------------#
[20260602 03:39:03 @multi_agent_runner.py:85] Sampling 50000 steps by 50 slaves, spending 11.99 s.
[20260602 03:39:12 @multi_agent_runner.py:94] Policy update, spending: 8.99 s.
[20260602 03:39:13 @multi_agent_runner.py:99] Evaluation time: 1.36 s.
[20260602 03:39:13 @multi_agent_runner.py:105] Total time:     359.07 min
[20260602 03:39:13 @multi_agent_runner.py:120] Agent_0 gets eval reward: 0.00.
[20260602 03:39:13 @multi_agent_runner.py:121] Agent_0 gets win rate: 0.00.
[20260602 03:39:13 @multi_agent_runner.py:120] Agent_1 gets eval reward: 0.00.
[20260602 03:39:13 @multi_agent_runner.py:121] Agent_1 gets win rate: 0.00.
[20260602 03:39:13 @multi_agent_runner.py:79] #------------------------ Iteration 941 --------------------------#
[20260602 03:39:25 @multi_agent_runner.py:85] Sampling 50000 steps by 50 slaves, spending 11.81 s.
[20260602 03:39:34 @multi_agent_runner.py:94] Policy update, spending: 9.07 s.
[20260602 03:39:36 @multi_agent_runner.py:99] Evaluation time: 1.72 s.
[20260602 03:39:36 @multi_agent_runner.py:105] Total time:     359.45 min
[20260602 03:39:36 @multi_agent_runner.py:120] Agent_0 gets eval reward: -200.00.
[20260602 03:39:36 @multi_agent_runner.py:121] Agent_0 gets win rate: 0.00.
[20260602 03:39:36 @multi_agent_runner.py:120] Agent_1 gets eval reward: 200.00.
[20260602 03:39:36 @multi_agent_runner.py:121] Agent_1 gets win rate: 0.20.
[20260602 03:39:36 @multi_agent_runner.py:79] #------------------------ Iteration 942 --------------------------#
[20260602 03:39:48 @multi_agent_runner.py:85] Sampling 50000 steps by 50 slaves, spending 11.95 s.
[20260602 03:39:57 @multi_agent_runner.py:94] Policy update, spending: 9.20 s.
[20260602 03:39:59 @multi_agent_runner.py:99] Evaluation time: 1.58 s.
[20260602 03:39:59 @multi_agent_runner.py:105] Total time:     359.83 min
[20260602 03:39:59 @multi_agent_runner.py:120] Agent_0 gets eval reward: 0.00.
[20260602 03:39:59 @multi_agent_runner.py:121] Agent_0 gets win rate: 0.00.
[20260602 03:39:59 @multi_agent_runner.py:120] Agent_1 gets eval reward: 0.00.
[20260602 03:39:59 @multi_agent_runner.py:121] Agent_1 gets win rate: 0.00.
[20260602 03:39:59 @multi_agent_runner.py:79] #------------------------ Iteration 943 --------------------------#
[20260602 03:40:11 @multi_agent_runner.py:85] Sampling 50000 steps by 50 slaves, spending 11.79 s.
[20260602 03:40:20 @multi_agent_runner.py:94] Policy update, spending: 9.29 s.
[20260602 03:40:21 @multi_agent_runner.py:99] Evaluation time: 1.40 s.
[20260602 03:40:21 @multi_agent_runner.py:105] Total time:     360.21 min
[20260602 03:40:21 @multi_agent_runner.py:120] Agent_0 gets eval reward: 0.00.
[20260602 03:40:21 @multi_agent_runner.py:121] Agent_0 gets win rate: 0.00.
[20260602 03:40:21 @multi_agent_runner.py:120] Agent_1 gets eval reward: 0.00.
[20260602 03:40:21 @multi_agent_runner.py:121] Agent_1 gets win rate: 0.00.
[20260602 03:40:22 @multi_agent_runner.py:79] #------------------------ Iteration 944 --------------------------#
[20260602 03:40:33 @multi_agent_runner.py:85] Sampling 50000 steps by 50 slaves, spending 11.39 s.
[20260602 03:40:42 @multi_agent_runner.py:94] Policy update, spending: 8.89 s.
[20260602 03:40:43 @multi_agent_runner.py:99] Evaluation time: 1.45 s.
[20260602 03:40:43 @multi_agent_runner.py:105] Total time:     360.57 min
[20260602 03:40:43 @multi_agent_runner.py:120] Agent_0 gets eval reward: 0.00.
[20260602 03:40:43 @multi_agent_runner.py:121] Agent_0 gets win rate: 0.00.
[20260602 03:40:43 @multi_agent_runner.py:120] Agent_1 gets eval reward: 0.00.
[20260602 03:40:43 @multi_agent_runner.py:121] Agent_1 gets win rate: 0.00.
[20260602 03:40:43 @multi_agent_runner.py:79] #------------------------ Iteration 945 --------------------------#
[20260602 03:40:55 @multi_agent_runner.py:85] Sampling 50000 steps by 50 slaves, spending 12.06 s.
[20260602 03:41:05 @multi_agent_runner.py:94] Policy update, spending: 9.36 s.
[20260602 03:41:06 @multi_agent_runner.py:99] Evaluation time: 1.29 s.
[20260602 03:41:06 @multi_agent_runner.py:105] Total time:     360.95 min
[20260602 03:41:06 @multi_agent_runner.py:120] Agent_0 gets eval reward: 0.00.
[20260602 03:41:06 @multi_agent_runner.py:121] Agent_0 gets win rate: 0.00.
[20260602 03:41:06 @multi_agent_runner.py:120] Agent_1 gets eval reward: 0.00.
[20260602 03:41:06 @multi_agent_runner.py:121] Agent_1 gets win rate: 0.00.
[20260602 03:41:06 @multi_agent_runner.py:79] #------------------------ Iteration 946 --------------------------#
[20260602 03:41:18 @multi_agent_runner.py:85] Sampling 50000 steps by 50 slaves, spending 12.21 s.
[20260602 03:41:28 @multi_agent_runner.py:94] Policy update, spending: 9.43 s.
[20260602 03:41:30 @multi_agent_runner.py:99] Evaluation time: 1.67 s.
[20260602 03:41:30 @multi_agent_runner.py:105] Total time:     361.34 min
[20260602 03:41:30 @multi_agent_runner.py:120] Agent_0 gets eval reward: 0.00.
[20260602 03:41:30 @multi_agent_runner.py:121] Agent_0 gets win rate: 0.00.
[20260602 03:41:30 @multi_agent_runner.py:120] Agent_1 gets eval reward: 0.00.
[20260602 03:41:30 @multi_agent_runner.py:121] Agent_1 gets win rate: 0.00.
[20260602 03:41:30 @multi_agent_runner.py:79] #------------------------ Iteration 947 --------------------------#
[20260602 03:41:41 @multi_agent_runner.py:85] Sampling 50000 steps by 50 slaves, spending 11.65 s.
[20260602 03:41:51 @multi_agent_runner.py:94] Policy update, spending: 9.32 s.
[20260602 03:41:52 @multi_agent_runner.py:99] Evaluation time: 1.50 s.
[20260602 03:41:52 @multi_agent_runner.py:105] Total time:     361.72 min
[20260602 03:41:52 @multi_agent_runner.py:120] Agent_0 gets eval reward: 166.67.
[20260602 03:41:52 @multi_agent_runner.py:121] Agent_0 gets win rate: 0.17.
[20260602 03:41:52 @multi_agent_runner.py:120] Agent_1 gets eval reward: -166.67.
[20260602 03:41:52 @multi_agent_runner.py:121] Agent_1 gets win rate: 0.00.
[20260602 03:41:52 @multi_agent_runner.py:79] #------------------------ Iteration 948 --------------------------#
[20260602 03:42:04 @multi_agent_runner.py:85] Sampling 50000 steps by 50 slaves, spending 11.22 s.
[20260602 03:42:13 @multi_agent_runner.py:94] Policy update, spending: 9.12 s.
[20260602 03:42:14 @multi_agent_runner.py:99] Evaluation time: 1.45 s.
[20260602 03:42:14 @multi_agent_runner.py:105] Total time:     362.09 min
[20260602 03:42:14 @multi_agent_runner.py:120] Agent_0 gets eval reward: 0.00.
[20260602 03:42:14 @multi_agent_runner.py:121] Agent_0 gets win rate: 0.00.
[20260602 03:42:14 @multi_agent_runner.py:120] Agent_1 gets eval reward: 0.00.
[20260602 03:42:14 @multi_agent_runner.py:121] Agent_1 gets win rate: 0.00.
[20260602 03:42:14 @multi_agent_runner.py:79] #------------------------ Iteration 949 --------------------------#
[20260602 03:42:26 @multi_agent_runner.py:85] Sampling 50000 steps by 50 slaves, spending 11.74 s.
[20260602 03:42:35 @multi_agent_runner.py:94] Policy update, spending: 8.96 s.
[20260602 03:42:37 @multi_agent_runner.py:99] Evaluation time: 1.72 s.
[20260602 03:42:37 @multi_agent_runner.py:105] Total time:     362.46 min
[20260602 03:42:37 @multi_agent_runner.py:120] Agent_0 gets eval reward: 166.67.
[20260602 03:42:37 @multi_agent_runner.py:121] Agent_0 gets win rate: 0.17.
[20260602 03:42:37 @multi_agent_runner.py:120] Agent_1 gets eval reward: -166.67.
[20260602 03:42:37 @multi_agent_runner.py:121] Agent_1 gets win rate: 0.00.
[20260602 03:42:37 @multi_agent_runner.py:79] #------------------------ Iteration 950 --------------------------#
[20260602 03:42:49 @multi_agent_runner.py:85] Sampling 50000 steps by 50 slaves, spending 12.07 s.
[20260602 03:42:58 @multi_agent_runner.py:94] Policy update, spending: 9.26 s.
[20260602 03:42:59 @multi_agent_runner.py:99] Evaluation time: 1.32 s.
[20260602 03:42:59 @multi_agent_runner.py:105] Total time:     362.84 min
[20260602 03:43:00 @multi_agent_runner.py:120] Agent_0 gets eval reward: 0.00.
[20260602 03:43:00 @multi_agent_runner.py:121] Agent_0 gets win rate: 0.00.
[20260602 03:43:00 @multi_agent_runner.py:120] Agent_1 gets eval reward: 0.00.
[20260602 03:43:00 @multi_agent_runner.py:121] Agent_1 gets win rate: 0.00.
[20260602 03:43:00 @multi_agent_runner.py:79] #------------------------ Iteration 951 --------------------------#
[20260602 03:43:11 @multi_agent_runner.py:85] Sampling 50000 steps by 50 slaves, spending 11.65 s.
[20260602 03:43:21 @multi_agent_runner.py:94] Policy update, spending: 9.22 s.
[20260602 03:43:22 @multi_agent_runner.py:99] Evaluation time: 1.44 s.
[20260602 03:43:22 @multi_agent_runner.py:105] Total time:     363.22 min
[20260602 03:43:22 @multi_agent_runner.py:120] Agent_0 gets eval reward: 0.00.
[20260602 03:43:22 @multi_agent_runner.py:121] Agent_0 gets win rate: 0.00.
[20260602 03:43:22 @multi_agent_runner.py:120] Agent_1 gets eval reward: 0.00.
[20260602 03:43:22 @multi_agent_runner.py:121] Agent_1 gets win rate: 0.00.
[20260602 03:43:22 @multi_agent_runner.py:79] #------------------------ Iteration 952 --------------------------#
[20260602 03:43:34 @multi_agent_runner.py:85] Sampling 50000 steps by 50 slaves, spending 12.24 s.
[20260602 03:43:44 @multi_agent_runner.py:94] Policy update, spending: 9.67 s.
[20260602 03:43:46 @multi_agent_runner.py:99] Evaluation time: 1.83 s.
[20260602 03:43:46 @multi_agent_runner.py:105] Total time:     363.62 min
[20260602 03:43:46 @multi_agent_runner.py:120] Agent_0 gets eval reward: 0.00.
[20260602 03:43:46 @multi_agent_runner.py:121] Agent_0 gets win rate: 0.00.
[20260602 03:43:46 @multi_agent_runner.py:120] Agent_1 gets eval reward: 0.00.
[20260602 03:43:46 @multi_agent_runner.py:121] Agent_1 gets win rate: 0.00.
[20260602 03:43:46 @multi_agent_runner.py:79] #------------------------ Iteration 953 --------------------------#
[20260602 03:43:58 @multi_agent_runner.py:85] Sampling 50000 steps by 50 slaves, spending 11.68 s.
[20260602 03:44:07 @multi_agent_runner.py:94] Policy update, spending: 9.25 s.
[20260602 03:44:08 @multi_agent_runner.py:99] Evaluation time: 1.48 s.
[20260602 03:44:08 @multi_agent_runner.py:105] Total time:     363.99 min
[20260602 03:44:08 @multi_agent_runner.py:120] Agent_0 gets eval reward: 0.00.
[20260602 03:44:08 @multi_agent_runner.py:121] Agent_0 gets win rate: 0.00.
[20260602 03:44:08 @multi_agent_runner.py:120] Agent_1 gets eval reward: 0.00.
[20260602 03:44:08 @multi_agent_runner.py:121] Agent_1 gets win rate: 0.00.
[20260602 03:44:09 @multi_agent_runner.py:79] #------------------------ Iteration 954 --------------------------#
[20260602 03:44:20 @multi_agent_runner.py:85] Sampling 50000 steps by 50 slaves, spending 11.88 s.
[20260602 03:44:29 @multi_agent_runner.py:94] Policy update, spending: 9.03 s.
[20260602 03:44:31 @multi_agent_runner.py:99] Evaluation time: 1.51 s.
[20260602 03:44:31 @multi_agent_runner.py:105] Total time:     364.37 min
[20260602 03:44:31 @multi_agent_runner.py:120] Agent_0 gets eval reward: 0.00.
[20260602 03:44:31 @multi_agent_runner.py:121] Agent_0 gets win rate: 0.00.
[20260602 03:44:31 @multi_agent_runner.py:120] Agent_1 gets eval reward: 0.00.
[20260602 03:44:31 @multi_agent_runner.py:121] Agent_1 gets win rate: 0.00.
[20260602 03:44:31 @multi_agent_runner.py:79] #------------------------ Iteration 955 --------------------------#
[20260602 03:44:43 @multi_agent_runner.py:85] Sampling 50000 steps by 50 slaves, spending 11.78 s.
[20260602 03:44:52 @multi_agent_runner.py:94] Policy update, spending: 9.52 s.
[20260602 03:44:54 @multi_agent_runner.py:99] Evaluation time: 1.71 s.
[20260602 03:44:54 @multi_agent_runner.py:105] Total time:     364.75 min
[20260602 03:44:54 @multi_agent_runner.py:120] Agent_0 gets eval reward: 0.00.
[20260602 03:44:54 @multi_agent_runner.py:121] Agent_0 gets win rate: 0.00.
[20260602 03:44:54 @multi_agent_runner.py:120] Agent_1 gets eval reward: 0.00.
[20260602 03:44:54 @multi_agent_runner.py:121] Agent_1 gets win rate: 0.00.
[20260602 03:44:54 @multi_agent_runner.py:79] #------------------------ Iteration 956 --------------------------#
[20260602 03:45:06 @multi_agent_runner.py:85] Sampling 50000 steps by 50 slaves, spending 11.62 s.
[20260602 03:45:15 @multi_agent_runner.py:94] Policy update, spending: 9.12 s.
[20260602 03:45:17 @multi_agent_runner.py:99] Evaluation time: 1.76 s.
[20260602 03:45:17 @multi_agent_runner.py:105] Total time:     365.13 min
[20260602 03:45:17 @multi_agent_runner.py:120] Agent_0 gets eval reward: 0.00.
[20260602 03:45:17 @multi_agent_runner.py:121] Agent_0 gets win rate: 0.00.
[20260602 03:45:17 @multi_agent_runner.py:120] Agent_1 gets eval reward: 0.00.
[20260602 03:45:17 @multi_agent_runner.py:121] Agent_1 gets win rate: 0.00.
[20260602 03:45:17 @multi_agent_runner.py:79] #------------------------ Iteration 957 --------------------------#
[20260602 03:45:28 @multi_agent_runner.py:85] Sampling 50000 steps by 50 slaves, spending 11.41 s.
[20260602 03:45:38 @multi_agent_runner.py:94] Policy update, spending: 9.16 s.
[20260602 03:45:39 @multi_agent_runner.py:99] Evaluation time: 1.55 s.
[20260602 03:45:39 @multi_agent_runner.py:105] Total time:     365.50 min
[20260602 03:45:39 @multi_agent_runner.py:120] Agent_0 gets eval reward: 0.00.
[20260602 03:45:39 @multi_agent_runner.py:121] Agent_0 gets win rate: 0.00.
[20260602 03:45:39 @multi_agent_runner.py:120] Agent_1 gets eval reward: 0.00.
[20260602 03:45:39 @multi_agent_runner.py:121] Agent_1 gets win rate: 0.00.
[20260602 03:45:39 @multi_agent_runner.py:79] #------------------------ Iteration 958 --------------------------#
[20260602 03:45:51 @multi_agent_runner.py:85] Sampling 50000 steps by 50 slaves, spending 11.64 s.
[20260602 03:46:00 @multi_agent_runner.py:94] Policy update, spending: 9.05 s.
[20260602 03:46:01 @multi_agent_runner.py:99] Evaluation time: 1.57 s.
[20260602 03:46:01 @multi_agent_runner.py:105] Total time:     365.88 min
[20260602 03:46:02 @multi_agent_runner.py:120] Agent_0 gets eval reward: 0.00.
[20260602 03:46:02 @multi_agent_runner.py:121] Agent_0 gets win rate: 0.00.
[20260602 03:46:02 @multi_agent_runner.py:120] Agent_1 gets eval reward: 0.00.
[20260602 03:46:02 @multi_agent_runner.py:121] Agent_1 gets win rate: 0.00.
[20260602 03:46:02 @multi_agent_runner.py:79] #------------------------ Iteration 959 --------------------------#
[20260602 03:46:13 @multi_agent_runner.py:85] Sampling 50000 steps by 50 slaves, spending 11.33 s.
[20260602 03:46:22 @multi_agent_runner.py:94] Policy update, spending: 9.24 s.
[20260602 03:46:24 @multi_agent_runner.py:99] Evaluation time: 1.45 s.
[20260602 03:46:24 @multi_agent_runner.py:105] Total time:     366.25 min
[20260602 03:46:24 @multi_agent_runner.py:120] Agent_0 gets eval reward: 0.00.
[20260602 03:46:24 @multi_agent_runner.py:121] Agent_0 gets win rate: 0.00.
[20260602 03:46:24 @multi_agent_runner.py:120] Agent_1 gets eval reward: 0.00.
[20260602 03:46:24 @multi_agent_runner.py:121] Agent_1 gets win rate: 0.00.
[20260602 03:46:24 @multi_agent_runner.py:79] #------------------------ Iteration 960 --------------------------#
[20260602 03:46:36 @multi_agent_runner.py:85] Sampling 50000 steps by 50 slaves, spending 11.71 s.
[20260602 03:46:45 @multi_agent_runner.py:94] Policy update, spending: 9.26 s.
[20260602 03:46:46 @multi_agent_runner.py:99] Evaluation time: 1.54 s.
[20260602 03:46:46 @multi_agent_runner.py:105] Total time:     366.62 min
[20260602 03:46:46 @multi_agent_runner.py:120] Agent_0 gets eval reward: 0.00.
[20260602 03:46:46 @multi_agent_runner.py:121] Agent_0 gets win rate: 0.00.
[20260602 03:46:46 @multi_agent_runner.py:120] Agent_1 gets eval reward: 0.00.
[20260602 03:46:46 @multi_agent_runner.py:121] Agent_1 gets win rate: 0.00.
[20260602 03:46:46 @multi_agent_runner.py:79] #------------------------ Iteration 961 --------------------------#
[20260602 03:46:58 @multi_agent_runner.py:85] Sampling 50000 steps by 50 slaves, spending 11.66 s.
[20260602 03:47:08 @multi_agent_runner.py:94] Policy update, spending: 9.43 s.
[20260602 03:47:09 @multi_agent_runner.py:99] Evaluation time: 1.34 s.
[20260602 03:47:09 @multi_agent_runner.py:105] Total time:     367.00 min
[20260602 03:47:09 @multi_agent_runner.py:120] Agent_0 gets eval reward: 333.33.
[20260602 03:47:09 @multi_agent_runner.py:121] Agent_0 gets win rate: 0.33.
[20260602 03:47:09 @multi_agent_runner.py:120] Agent_1 gets eval reward: -333.33.
[20260602 03:47:09 @multi_agent_runner.py:121] Agent_1 gets win rate: 0.00.
[20260602 03:47:09 @multi_agent_runner.py:79] #------------------------ Iteration 962 --------------------------#
[20260602 03:47:21 @multi_agent_runner.py:85] Sampling 50000 steps by 50 slaves, spending 11.72 s.
[20260602 03:47:30 @multi_agent_runner.py:94] Policy update, spending: 9.15 s.
[20260602 03:47:31 @multi_agent_runner.py:99] Evaluation time: 1.50 s.
[20260602 03:47:31 @multi_agent_runner.py:105] Total time:     367.37 min
[20260602 03:47:31 @multi_agent_runner.py:120] Agent_0 gets eval reward: 200.00.
[20260602 03:47:31 @multi_agent_runner.py:121] Agent_0 gets win rate: 0.20.
[20260602 03:47:31 @multi_agent_runner.py:120] Agent_1 gets eval reward: -200.00.
[20260602 03:47:31 @multi_agent_runner.py:121] Agent_1 gets win rate: 0.00.
[20260602 03:47:32 @multi_agent_runner.py:79] #------------------------ Iteration 963 --------------------------#
[20260602 03:47:44 @multi_agent_runner.py:85] Sampling 50000 steps by 50 slaves, spending 12.29 s.
[20260602 03:47:54 @multi_agent_runner.py:94] Policy update, spending: 9.65 s.
[20260602 03:47:55 @multi_agent_runner.py:99] Evaluation time: 1.58 s.
[20260602 03:47:55 @multi_agent_runner.py:105] Total time:     367.77 min
[20260602 03:47:55 @multi_agent_runner.py:120] Agent_0 gets eval reward: 0.00.
[20260602 03:47:55 @multi_agent_runner.py:121] Agent_0 gets win rate: 0.00.
[20260602 03:47:55 @multi_agent_runner.py:120] Agent_1 gets eval reward: 0.00.
[20260602 03:47:55 @multi_agent_runner.py:121] Agent_1 gets win rate: 0.00.
[20260602 03:47:55 @multi_agent_runner.py:79] #------------------------ Iteration 964 --------------------------#
[20260602 03:48:07 @multi_agent_runner.py:85] Sampling 50000 steps by 50 slaves, spending 11.31 s.
[20260602 03:48:16 @multi_agent_runner.py:94] Policy update, spending: 9.17 s.
[20260602 03:48:18 @multi_agent_runner.py:99] Evaluation time: 1.80 s.
[20260602 03:48:18 @multi_agent_runner.py:105] Total time:     368.14 min
[20260602 03:48:18 @multi_agent_runner.py:120] Agent_0 gets eval reward: 0.00.
[20260602 03:48:18 @multi_agent_runner.py:121] Agent_0 gets win rate: 0.00.
[20260602 03:48:18 @multi_agent_runner.py:120] Agent_1 gets eval reward: 0.00.
[20260602 03:48:18 @multi_agent_runner.py:121] Agent_1 gets win rate: 0.00.
[20260602 03:48:18 @multi_agent_runner.py:79] #------------------------ Iteration 965 --------------------------#
[20260602 03:48:29 @multi_agent_runner.py:85] Sampling 50000 steps by 50 slaves, spending 11.72 s.
[20260602 03:48:38 @multi_agent_runner.py:94] Policy update, spending: 9.10 s.
[20260602 03:48:40 @multi_agent_runner.py:99] Evaluation time: 1.53 s.
[20260602 03:48:40 @multi_agent_runner.py:105] Total time:     368.52 min
[20260602 03:48:40 @multi_agent_runner.py:120] Agent_0 gets eval reward: 0.00.
[20260602 03:48:40 @multi_agent_runner.py:121] Agent_0 gets win rate: 0.00.
[20260602 03:48:40 @multi_agent_runner.py:120] Agent_1 gets eval reward: 0.00.
[20260602 03:48:40 @multi_agent_runner.py:121] Agent_1 gets win rate: 0.00.
[20260602 03:48:40 @multi_agent_runner.py:79] #------------------------ Iteration 966 --------------------------#
[20260602 03:48:52 @multi_agent_runner.py:85] Sampling 50000 steps by 50 slaves, spending 11.55 s.
[20260602 03:49:01 @multi_agent_runner.py:94] Policy update, spending: 9.45 s.
[20260602 03:49:03 @multi_agent_runner.py:99] Evaluation time: 1.61 s.
[20260602 03:49:03 @multi_agent_runner.py:105] Total time:     368.90 min
[20260602 03:49:03 @multi_agent_runner.py:120] Agent_0 gets eval reward: 0.00.
[20260602 03:49:03 @multi_agent_runner.py:121] Agent_0 gets win rate: 0.00.
[20260602 03:49:03 @multi_agent_runner.py:120] Agent_1 gets eval reward: 0.00.
[20260602 03:49:03 @multi_agent_runner.py:121] Agent_1 gets win rate: 0.00.
[20260602 03:49:03 @multi_agent_runner.py:79] #------------------------ Iteration 967 --------------------------#
[20260602 03:49:15 @multi_agent_runner.py:85] Sampling 50000 steps by 50 slaves, spending 11.66 s.
[20260602 03:49:24 @multi_agent_runner.py:94] Policy update, spending: 9.28 s.
[20260602 03:49:25 @multi_agent_runner.py:99] Evaluation time: 1.36 s.
[20260602 03:49:25 @multi_agent_runner.py:105] Total time:     369.27 min
[20260602 03:49:25 @multi_agent_runner.py:120] Agent_0 gets eval reward: 0.00.
[20260602 03:49:25 @multi_agent_runner.py:121] Agent_0 gets win rate: 0.00.
[20260602 03:49:25 @multi_agent_runner.py:120] Agent_1 gets eval reward: 0.00.
[20260602 03:49:25 @multi_agent_runner.py:121] Agent_1 gets win rate: 0.00.
[20260602 03:49:25 @multi_agent_runner.py:79] #------------------------ Iteration 968 --------------------------#
[20260602 03:49:37 @multi_agent_runner.py:85] Sampling 50000 steps by 50 slaves, spending 11.37 s.
[20260602 03:49:46 @multi_agent_runner.py:94] Policy update, spending: 9.04 s.
[20260602 03:49:47 @multi_agent_runner.py:99] Evaluation time: 1.43 s.
[20260602 03:49:47 @multi_agent_runner.py:105] Total time:     369.64 min
[20260602 03:49:47 @multi_agent_runner.py:120] Agent_0 gets eval reward: 0.00.
[20260602 03:49:47 @multi_agent_runner.py:121] Agent_0 gets win rate: 0.00.
[20260602 03:49:47 @multi_agent_runner.py:120] Agent_1 gets eval reward: 0.00.
[20260602 03:49:47 @multi_agent_runner.py:121] Agent_1 gets win rate: 0.00.
[20260602 03:49:47 @multi_agent_runner.py:79] #------------------------ Iteration 969 --------------------------#
[20260602 03:49:59 @multi_agent_runner.py:85] Sampling 50000 steps by 50 slaves, spending 11.74 s.
[20260602 03:50:08 @multi_agent_runner.py:94] Policy update, spending: 9.18 s.
[20260602 03:50:10 @multi_agent_runner.py:99] Evaluation time: 1.32 s.
[20260602 03:50:10 @multi_agent_runner.py:105] Total time:     370.01 min
[20260602 03:50:10 @multi_agent_runner.py:120] Agent_0 gets eval reward: 0.00.
[20260602 03:50:10 @multi_agent_runner.py:121] Agent_0 gets win rate: 0.00.
[20260602 03:50:10 @multi_agent_runner.py:120] Agent_1 gets eval reward: 0.00.
[20260602 03:50:10 @multi_agent_runner.py:121] Agent_1 gets win rate: 0.00.
[20260602 03:50:10 @multi_agent_runner.py:79] #------------------------ Iteration 970 --------------------------#
[20260602 03:50:22 @multi_agent_runner.py:85] Sampling 50000 steps by 50 slaves, spending 12.05 s.
[20260602 03:50:31 @multi_agent_runner.py:94] Policy update, spending: 8.82 s.
[20260602 03:50:32 @multi_agent_runner.py:99] Evaluation time: 1.44 s.
[20260602 03:50:32 @multi_agent_runner.py:105] Total time:     370.39 min
[20260602 03:50:32 @multi_agent_runner.py:120] Agent_0 gets eval reward: -166.67.
[20260602 03:50:32 @multi_agent_runner.py:121] Agent_0 gets win rate: 0.00.
[20260602 03:50:32 @multi_agent_runner.py:120] Agent_1 gets eval reward: 166.67.
[20260602 03:50:32 @multi_agent_runner.py:121] Agent_1 gets win rate: 0.17.
[20260602 03:50:32 @multi_agent_runner.py:79] #------------------------ Iteration 971 --------------------------#
[20260602 03:50:45 @multi_agent_runner.py:85] Sampling 50000 steps by 50 slaves, spending 12.51 s.
[20260602 03:50:54 @multi_agent_runner.py:94] Policy update, spending: 9.44 s.
[20260602 03:50:56 @multi_agent_runner.py:99] Evaluation time: 1.40 s.
[20260602 03:50:56 @multi_agent_runner.py:105] Total time:     370.78 min
[20260602 03:50:56 @multi_agent_runner.py:120] Agent_0 gets eval reward: 0.00.
[20260602 03:50:56 @multi_agent_runner.py:121] Agent_0 gets win rate: 0.00.
[20260602 03:50:56 @multi_agent_runner.py:120] Agent_1 gets eval reward: 0.00.
[20260602 03:50:56 @multi_agent_runner.py:121] Agent_1 gets win rate: 0.00.
[20260602 03:50:56 @train.py:101] training done!
/home/sgh/Data/miniconda3/envs/EAI/lib/python3.11/site-packages/gymnasium/spaces/box.py:130: UserWarning: [33mWARN: Box bound precision lowered by casting to float32[0m
  gym.logger.warn(f"Box bound precision lowered by casting to {self.dtype}")
/home/sgh/Data/WorkSpace/CompetEvo/custom/learners/learner.py:250: UserWarning: `parameters` is an empty generator, no gradient clipping will occur.
  torch.nn.utils.clip_grad_norm_(params, max_norm)
